"BehaviorSpace results (NetLogo 7.0.3)","Table version 2.0"
"CVD_Risk_Behaviour.nlogox"
"Experiment_4B_Outmigration"
"07/28/2026 22:20:41:780 +0530"
"min-pxcor","max-pxcor","min-pycor","max-pycor"
"-16","16","-16","16"
"[run number]","annual_inflow","monthly-outmigration-prob","influence_weight_friend","gamma_net","relapse_friend_threshold","p_relapse","gamma_behavior","N_h","t_lag_years","theta_tol","omega_age","influence_weight_household","F_max","[step]","count turtles","mean [count link-neighbors] of turtles","mean [risk-score] of turtles"
"5","10","0.001","0.29","3","0.5","0.05","1","80","5","8","0","0.5","10","0","231","11.783549783549784","3.6796536796536796"
"1","10","0.001","0.29","3","0.5","0.05","1","80","5","8","0","0.5","10","0","240","11.85","4.066666666666666"
"2","10","0.001","0.29","3","0.5","0.05","1","80","5","8","0","0.5","10","0","244","11.926229508196721","3.7868852459016393"
"3","10","0.001","0.29","3","0.5","0.05","1","80","5","8","0","0.5","10","0","253","11.802371541501977","3.9367588932806323"
"6","10","0.001","0.29","3","0.5","0.05","1","80","5","8","0","0.5","10","0","238","11.789915966386555","4.088235294117647"
"4","10","0.001","0.29","3","0.5","0.05","1","80","5","8","0","0.5","10","0","238","11.907563025210084","4.07563025210084"
"5","10","0.001","0.29","3","0.5","0.05","1","80","5","8","0","0.5","10","1","230","11.956521739130435","3.9"
"5","10","0.001","0.29","3","0.5","0.05","1","80","5","8","0","0.5","10","2","229","11.88646288209607","3.8951965065502185"
"1","10","0.001","0.29","3","0.5","0.05","1","80","5","8","0","0.5","10","1","240","12.016666666666667","4.008333333333334"
"5","10","0.001","0.29","3","0.5","0.05","1","80","5","8","0","0.5","10","3","228","11.833333333333334","3.9078947368421053"
"1","10","0.001","0.29","3","0.5","0.05","1","80","5","8","0","0.5","10","2","239","11.9581589958159","3.99163179916318"
"6","10","0.001","0.29","3","0.5","0.05","1","80","5","8","0","0.5","10","1","237","11.9915611814346","3.9873417721518987"
"3","10","0.001","0.29","3","0.5","0.05","1","80","5","8","0","0.5","10","1","253","11.992094861660078","3.9130434782608696"
"1","10","0.001","0.29","3","0.5","0.05","1","80","5","8","0","0.5","10","3","239","11.9581589958159","4.01255230125523"
"4","10","0.001","0.29","3","0.5","0.05","1","80","5","8","0","0.5","10","1","237","12.016877637130802","4.113924050632911"
"6","10","0.001","0.29","3","0.5","0.05","1","80","5","8","0","0.5","10","2","237","11.9915611814346","3.970464135021097"
"2","10","0.001","0.29","3","0.5","0.05","1","80","5","8","0","0.5","10","1","243","12.123456790123457","3.9753086419753085"
"3","10","0.001","0.29","3","0.5","0.05","1","80","5","8","0","0.5","10","2","252","11.944444444444445","3.9206349206349205"
"6","10","0.001","0.29","3","0.5","0.05","1","80","5","8","0","0.5","10","3","237","11.9915611814346","3.978902953586498"
"3","10","0.001","0.29","3","0.5","0.05","1","80","5","8","0","0.5","10","3","252","11.944444444444445","3.9166666666666665"
"2","10","0.001","0.29","3","0.5","0.05","1","80","5","8","0","0.5","10","2","242","12.057851239669422","4.012396694214876"
"4","10","0.001","0.29","3","0.5","0.05","1","80","5","8","0","0.5","10","2","237","12.016877637130802","4.0886075949367084"
"1","10","0.001","0.29","3","0.5","0.05","1","80","5","8","0","0.5","10","4","237","12.067510548523206","4.012658227848101"
"2","10","0.001","0.29","3","0.5","0.05","1","80","5","8","0","0.5","10","3","241","11.991701244813278","4.016597510373444"
"1","10","0.001","0.29","3","0.5","0.05","1","80","5","8","0","0.5","10","5","236","12.016949152542374","4.012711864406779"
"3","10","0.001","0.29","3","0.5","0.05","1","80","5","8","0","0.5","10","4","251","12.0398406374502","3.9163346613545817"
"1","10","0.001","0.29","3","0.5","0.05","1","80","5","8","0","0.5","10","6","235","11.957446808510639","4.012765957446809"
"4","10","0.001","0.29","3","0.5","0.05","1","80","5","8","0","0.5","10","3","237","12.016877637130802","4.075949367088608"
"6","10","0.001","0.29","3","0.5","0.05","1","80","5","8","0","0.5","10","4","237","12.160337552742616","3.978902953586498"
"3","10","0.001","0.29","3","0.5","0.05","1","80","5","8","0","0.5","10","5","250","11.992","3.916"
"5","10","0.001","0.29","3","0.5","0.05","1","80","5","8","0","0.5","10","4","228","12.008771929824562","3.9078947368421053"
"6","10","0.001","0.29","3","0.5","0.05","1","80","5","8","0","0.5","10","5","236","12.152542372881356","3.9788135593220337"
"3","10","0.001","0.29","3","0.5","0.05","1","80","5","8","0","0.5","10","6","250","11.992","3.916"
"5","10","0.001","0.29","3","0.5","0.05","1","80","5","8","0","0.5","10","5","228","12.008771929824562","3.9078947368421053"
"6","10","0.001","0.29","3","0.5","0.05","1","80","5","8","0","0.5","10","6","236","12.152542372881356","3.9788135593220337"
"5","10","0.001","0.29","3","0.5","0.05","1","80","5","8","0","0.5","10","6","228","12.008771929824562","3.9078947368421053"
"2","10","0.001","0.29","3","0.5","0.05","1","80","5","8","0","0.5","10","4","241","12.232365145228215","4.012448132780083"
"1","10","0.001","0.29","3","0.5","0.05","1","80","5","8","0","0.5","10","7","235","12.127659574468085","4.012765957446809"
"1","10","0.001","0.29","3","0.5","0.05","1","80","5","8","0","0.5","10","8","234","12.068376068376068","4.012820512820513"
"2","10","0.001","0.29","3","0.5","0.05","1","80","5","8","0","0.5","10","5","241","12.232365145228215","4.012448132780083"
"3","10","0.001","0.29","3","0.5","0.05","1","80","5","8","0","0.5","10","7","248","12.024193548387096","3.9153225806451615"
"1","10","0.001","0.29","3","0.5","0.05","1","80","5","8","0","0.5","10","9","234","12.068376068376068","4.012820512820513"
"2","10","0.001","0.29","3","0.5","0.05","1","80","5","8","0","0.5","10","6","241","12.232365145228215","4.012448132780083"
"3","10","0.001","0.29","3","0.5","0.05","1","80","5","8","0","0.5","10","8","246","11.910569105691057","3.9146341463414633"
"3","10","0.001","0.29","3","0.5","0.05","1","80","5","8","0","0.5","10","9","243","11.728395061728396","3.9135802469135803"
"6","10","0.001","0.29","3","0.5","0.05","1","80","5","8","0","0.5","10","7","235","12.187234042553191","3.978723404255319"
"4","10","0.001","0.29","3","0.5","0.05","1","80","5","8","0","0.5","10","4","237","12.160337552742616","4.071729957805907"
"5","10","0.001","0.29","3","0.5","0.05","1","80","5","8","0","0.5","10","7","226","11.991150442477876","3.9070796460176993"
"6","10","0.001","0.29","3","0.5","0.05","1","80","5","8","0","0.5","10","8","234","12.145299145299145","3.9786324786324787"
"1","10","0.001","0.29","3","0.5","0.05","1","80","5","8","0","0.5","10","10","234","12.179487179487179","4.012820512820513"
"4","10","0.001","0.29","3","0.5","0.05","1","80","5","8","0","0.5","10","5","236","12.110169491525424","4.072033898305085"
"1","10","0.001","0.29","3","0.5","0.05","1","80","5","8","0","0.5","10","11","233","12.120171673819742","4.012875536480687"
"6","10","0.001","0.29","3","0.5","0.05","1","80","5","8","0","0.5","10","9","234","12.145299145299145","3.9786324786324787"
"5","10","0.001","0.29","3","0.5","0.05","1","80","5","8","0","0.5","10","8","225","11.92","3.9066666666666667"
"4","10","0.001","0.29","3","0.5","0.05","1","80","5","8","0","0.5","10","6","236","12.110169491525424","4.072033898305085"
"2","10","0.001","0.29","3","0.5","0.05","1","80","5","8","0","0.5","10","7","241","12.348547717842324","4.012448132780083"
"1","10","0.001","0.29","3","0.5","0.05","1","80","5","8","0","0.5","10","12","233","12.120171673819742","4.012875536480687"
"5","10","0.001","0.29","3","0.5","0.05","1","80","5","8","0","0.5","10","9","223","11.829596412556054","3.905829596412556"
"2","10","0.001","0.29","3","0.5","0.05","1","80","5","8","0","0.5","10","8","236","12.110169491525424","4.012711864406779"
"3","10","0.001","0.29","3","0.5","0.05","1","80","5","8","0","0.5","10","10","243","12.074074074074074","3.9135802469135803"
"2","10","0.001","0.29","3","0.5","0.05","1","80","5","8","0","0.5","10","9","236","12.110169491525424","4.012711864406779"
"3","10","0.001","0.29","3","0.5","0.05","1","80","5","8","0","0.5","10","11","241","11.950207468879668","3.912863070539419"
"3","10","0.001","0.29","3","0.5","0.05","1","80","5","8","0","0.5","10","12","240","11.891666666666667","3.9125"
"6","10","0.001","0.29","3","0.5","0.05","1","80","5","8","0","0.5","10","10","233","12.266094420600858","3.9785407725321886"
"5","10","0.001","0.29","3","0.5","0.05","1","80","5","8","0","0.5","10","10","223","12.044843049327355","3.905829596412556"
"6","10","0.001","0.29","3","0.5","0.05","1","80","5","8","0","0.5","10","11","230","12.104347826086956","3.973913043478261"
"1","10","0.001","0.29","3","0.5","0.05","1","80","5","8","0","0.5","10","13","247","11.96761133603239","3.785425101214575"
"5","10","0.001","0.29","3","0.5","0.05","1","80","5","8","0","0.5","10","11","222","12","3.9054054054054053"
"6","10","0.001","0.29","3","0.5","0.05","1","80","5","8","0","0.5","10","12","230","12.104347826086956","3.9695652173913043"
"1","10","0.001","0.29","3","0.5","0.05","1","80","5","8","0","0.5","10","14","246","11.926829268292684","3.975609756097561"
"5","10","0.001","0.29","3","0.5","0.05","1","80","5","8","0","0.5","10","12","221","11.963800904977376","3.909502262443439"
"2","10","0.001","0.29","3","0.5","0.05","1","80","5","8","0","0.5","10","10","236","12.279661016949152","4.012711864406779"
"1","10","0.001","0.29","3","0.5","0.05","1","80","5","8","0","0.5","10","15","246","11.926829268292684","3.9796747967479673"
"2","10","0.001","0.29","3","0.5","0.05","1","80","5","8","0","0.5","10","11","235","12.229787234042552","4.012765957446809"
"4","10","0.001","0.29","3","0.5","0.05","1","80","5","8","0","0.5","10","7","236","12.211864406779661","4.072033898305085"
"2","10","0.001","0.29","3","0.5","0.05","1","80","5","8","0","0.5","10","12","235","12.229787234042552","4.012765957446809"
"3","10","0.001","0.29","3","0.5","0.05","1","80","5","8","0","0.5","10","13","259","11.799227799227799","3.6254826254826256"
"4","10","0.001","0.29","3","0.5","0.05","1","80","5","8","0","0.5","10","8","235","12.170212765957446","4.072340425531915"
"3","10","0.001","0.29","3","0.5","0.05","1","80","5","8","0","0.5","10","14","258","11.744186046511627","3.895348837209302"
"4","10","0.001","0.29","3","0.5","0.05","1","80","5","8","0","0.5","10","9","235","12.170212765957446","4.072340425531915"
"1","10","0.001","0.29","3","0.5","0.05","1","80","5","8","0","0.5","10","16","246","12.008130081300813","3.9796747967479673"
"1","10","0.001","0.29","3","0.5","0.05","1","80","5","8","0","0.5","10","17","244","11.901639344262295","3.9836065573770494"
"3","10","0.001","0.29","3","0.5","0.05","1","80","5","8","0","0.5","10","15","258","11.744186046511627","3.895348837209302"
"1","10","0.001","0.29","3","0.5","0.05","1","80","5","8","0","0.5","10","18","243","11.851851851851851","3.9917695473251027"
"6","10","0.001","0.29","3","0.5","0.05","1","80","5","8","0","0.5","10","13","243","11.925925925925926","3.7242798353909463"
"6","10","0.001","0.29","3","0.5","0.05","1","80","5","8","0","0.5","10","14","241","11.817427385892117","3.991701244813278"
"2","10","0.001","0.29","3","0.5","0.05","1","80","5","8","0","0.5","10","13","253","11.873517786561266","3.7114624505928853"
"5","10","0.001","0.29","3","0.5","0.05","1","80","5","8","0","0.5","10","13","236","11.76271186440678","3.6610169491525424"
"4","10","0.001","0.29","3","0.5","0.05","1","80","5","8","0","0.5","10","10","234","12.205128205128204","4.072649572649572"
"2","10","0.001","0.29","3","0.5","0.05","1","80","5","8","0","0.5","10","14","253","11.873517786561266","4.0355731225296445"
"6","10","0.001","0.29","3","0.5","0.05","1","80","5","8","0","0.5","10","15","241","11.817427385892117","4.004149377593361"
"1","10","0.001","0.29","3","0.5","0.05","1","80","5","8","0","0.5","10","19","242","11.884297520661157","3.987603305785124"
"2","10","0.001","0.29","3","0.5","0.05","1","80","5","8","0","0.5","10","15","253","11.873517786561266","4.0395256916996045"
"3","10","0.001","0.29","3","0.5","0.05","1","80","5","8","0","0.5","10","16","258","11.782945736434108","3.895348837209302"
"5","10","0.001","0.29","3","0.5","0.05","1","80","5","8","0","0.5","10","14","235","11.71063829787234","3.9063829787234043"
"1","10","0.001","0.29","3","0.5","0.05","1","80","5","8","0","0.5","10","20","241","11.842323651452283","3.987551867219917"
"3","10","0.001","0.29","3","0.5","0.05","1","80","5","8","0","0.5","10","17","258","11.782945736434108","3.895348837209302"
"4","10","0.001","0.29","3","0.5","0.05","1","80","5","8","0","0.5","10","11","234","12.205128205128204","4.072649572649572"
"5","10","0.001","0.29","3","0.5","0.05","1","80","5","8","0","0.5","10","15","235","11.71063829787234","3.9191489361702128"
"1","10","0.001","0.29","3","0.5","0.05","1","80","5","8","0","0.5","10","21","241","11.842323651452283","3.987551867219917"
"2","10","0.001","0.29","3","0.5","0.05","1","80","5","8","0","0.5","10","16","251","11.840637450199203","4.047808764940239"
"4","10","0.001","0.29","3","0.5","0.05","1","80","5","8","0","0.5","10","12","234","12.205128205128204","4.072649572649572"
"3","10","0.001","0.29","3","0.5","0.05","1","80","5","8","0","0.5","10","18","257","11.743190661478598","3.894941634241245"
"6","10","0.001","0.29","3","0.5","0.05","1","80","5","8","0","0.5","10","16","241","11.87551867219917","4.004149377593361"
"2","10","0.001","0.29","3","0.5","0.05","1","80","5","8","0","0.5","10","17","251","11.840637450199203","4.047808764940239"
"6","10","0.001","0.29","3","0.5","0.05","1","80","5","8","0","0.5","10","17","240","11.825","4.004166666666666"
"2","10","0.001","0.29","3","0.5","0.05","1","80","5","8","0","0.5","10","18","251","11.840637450199203","4.051792828685259"
"6","10","0.001","0.29","3","0.5","0.05","1","80","5","8","0","0.5","10","18","238","11.731092436974789","4"
"1","10","0.001","0.29","3","0.5","0.05","1","80","5","8","0","0.5","10","22","240","11.858333333333333","3.9875"
"5","10","0.001","0.29","3","0.5","0.05","1","80","5","8","0","0.5","10","16","235","11.812765957446809","3.9148936170212765"
"1","10","0.001","0.29","3","0.5","0.05","1","80","5","8","0","0.5","10","23","239","11.790794979079498","3.98744769874477"
"5","10","0.001","0.29","3","0.5","0.05","1","80","5","8","0","0.5","10","17","234","11.743589743589743","3.9145299145299144"
"1","10","0.001","0.29","3","0.5","0.05","1","80","5","8","0","0.5","10","24","239","11.790794979079498","3.98744769874477"
"3","10","0.001","0.29","3","0.5","0.05","1","80","5","8","0","0.5","10","19","257","11.813229571984436","3.894941634241245"
"2","10","0.001","0.29","3","0.5","0.05","1","80","5","8","0","0.5","10","19","250","11.856","4.048"
"2","10","0.001","0.29","3","0.5","0.05","1","80","5","8","0","0.5","10","20","250","11.856","4.056"
"5","10","0.001","0.29","3","0.5","0.05","1","80","5","8","0","0.5","10","18","234","11.743589743589743","3.9145299145299144"
"3","10","0.001","0.29","3","0.5","0.05","1","80","5","8","0","0.5","10","20","256","11.765625","3.8984375"
"2","10","0.001","0.29","3","0.5","0.05","1","80","5","8","0","0.5","10","21","249","11.80722891566265","4.048192771084337"
"4","10","0.001","0.29","3","0.5","0.05","1","80","5","8","0","0.5","10","13","253","11.889328063241107","3.766798418972332"
"3","10","0.001","0.29","3","0.5","0.05","1","80","5","8","0","0.5","10","21","254","11.669291338582678","3.893700787401575"
"4","10","0.001","0.29","3","0.5","0.05","1","80","5","8","0","0.5","10","14","253","11.889328063241107","4.059288537549407"
"6","10","0.001","0.29","3","0.5","0.05","1","80","5","8","0","0.5","10","19","238","11.857142857142858","4.004201680672269"
"1","10","0.001","0.29","3","0.5","0.05","1","80","5","8","0","0.5","10","25","255","11.6","3.7215686274509805"
"4","10","0.001","0.29","3","0.5","0.05","1","80","5","8","0","0.5","10","15","252","11.833333333333334","4.063492063492063"
"6","10","0.001","0.29","3","0.5","0.05","1","80","5","8","0","0.5","10","20","237","11.789029535864978","4.0042194092827"
"5","10","0.001","0.29","3","0.5","0.05","1","80","5","8","0","0.5","10","19","232","11.689655172413794","3.913793103448276"
"6","10","0.001","0.29","3","0.5","0.05","1","80","5","8","0","0.5","10","21","237","11.789029535864978","4.0042194092827"
"5","10","0.001","0.29","3","0.5","0.05","1","80","5","8","0","0.5","10","20","232","11.689655172413794","3.913793103448276"
"1","10","0.001","0.29","3","0.5","0.05","1","80","5","8","0","0.5","10","26","251","11.346613545816734","4.027888446215139"
"2","10","0.001","0.29","3","0.5","0.05","1","80","5","8","0","0.5","10","22","247","11.781376518218623","4.052631578947368"
"1","10","0.001","0.29","3","0.5","0.05","1","80","5","8","0","0.5","10","27","251","11.346613545816734","4.0239043824701195"
"2","10","0.001","0.29","3","0.5","0.05","1","80","5","8","0","0.5","10","23","246","11.747967479674797","4.056910569105691"
"5","10","0.001","0.29","3","0.5","0.05","1","80","5","8","0","0.5","10","21","230","11.57391304347826","3.9043478260869566"
"2","10","0.001","0.29","3","0.5","0.05","1","80","5","8","0","0.5","10","24","245","11.714285714285714","4.048979591836734"
"6","10","0.001","0.29","3","0.5","0.05","1","80","5","8","0","0.5","10","22","237","11.890295358649789","4.0042194092827"
"3","10","0.001","0.29","3","0.5","0.05","1","80","5","8","0","0.5","10","22","253","11.762845849802371","3.8932806324110674"
"6","10","0.001","0.29","3","0.5","0.05","1","80","5","8","0","0.5","10","23","237","11.890295358649789","4.0042194092827"
"4","10","0.001","0.29","3","0.5","0.05","1","80","5","8","0","0.5","10","16","252","11.88888888888889","4.063492063492063"
"1","10","0.001","0.29","3","0.5","0.05","1","80","5","8","0","0.5","10","28","249","11.373493975903614","4.032128514056225"
"6","10","0.001","0.29","3","0.5","0.05","1","80","5","8","0","0.5","10","24","237","11.890295358649789","4.0042194092827"
"3","10","0.001","0.29","3","0.5","0.05","1","80","5","8","0","0.5","10","23","252","11.714285714285714","3.892857142857143"
"4","10","0.001","0.29","3","0.5","0.05","1","80","5","8","0","0.5","10","17","250","11.776","4.064"
"5","10","0.001","0.29","3","0.5","0.05","1","80","5","8","0","0.5","10","22","230","11.73913043478261","3.8956521739130436"
"3","10","0.001","0.29","3","0.5","0.05","1","80","5","8","0","0.5","10","24","250","11.6","3.892"
"4","10","0.001","0.29","3","0.5","0.05","1","80","5","8","0","0.5","10","18","249","11.783132530120483","4.06425702811245"
"1","10","0.001","0.29","3","0.5","0.05","1","80","5","8","0","0.5","10","29","249","11.373493975903614","4.040160642570281"
"5","10","0.001","0.29","3","0.5","0.05","1","80","5","8","0","0.5","10","23","228","11.68421052631579","3.8947368421052633"
"1","10","0.001","0.29","3","0.5","0.05","1","80","5","8","0","0.5","10","30","247","11.271255060728745","4.040485829959514"
"5","10","0.001","0.29","3","0.5","0.05","1","80","5","8","0","0.5","10","24","228","11.68421052631579","3.8947368421052633"
"2","10","0.001","0.29","3","0.5","0.05","1","80","5","8","0","0.5","10","25","261","11.693486590038313","3.8084291187739465"
"2","10","0.001","0.29","3","0.5","0.05","1","80","5","8","0","0.5","10","26","261","11.693486590038313","4.068965517241379"
"6","10","0.001","0.29","3","0.5","0.05","1","80","5","8","0","0.5","10","25","243","11.843621399176955","3.860082304526749"
"2","10","0.001","0.29","3","0.5","0.05","1","80","5","8","0","0.5","10","27","261","11.693486590038313","4.0727969348659006"
"6","10","0.001","0.29","3","0.5","0.05","1","80","5","8","0","0.5","10","26","242","11.809917355371901","4.024793388429752"
"4","10","0.001","0.29","3","0.5","0.05","1","80","5","8","0","0.5","10","19","249","11.919678714859439","4.06425702811245"
"1","10","0.001","0.29","3","0.5","0.05","1","80","5","8","0","0.5","10","31","246","11.43089430894309","4.044715447154472"
"4","10","0.001","0.29","3","0.5","0.05","1","80","5","8","0","0.5","10","20","249","11.919678714859439","4.06425702811245"
"1","10","0.001","0.29","3","0.5","0.05","1","80","5","8","0","0.5","10","32","246","11.43089430894309","4.040650406504065"
"6","10","0.001","0.29","3","0.5","0.05","1","80","5","8","0","0.5","10","27","242","11.809917355371901","4.012396694214876"
"4","10","0.001","0.29","3","0.5","0.05","1","80","5","8","0","0.5","10","21","247","11.805668016194332","4.064777327935222"
"1","10","0.001","0.29","3","0.5","0.05","1","80","5","8","0","0.5","10","33","245","11.387755102040817","4.040816326530612"
"2","10","0.001","0.29","3","0.5","0.05","1","80","5","8","0","0.5","10","28","261","11.770114942528735","4.0727969348659006"
"5","10","0.001","0.29","3","0.5","0.05","1","80","5","8","0","0.5","10","25","250","11.432","3.552"
"3","10","0.001","0.29","3","0.5","0.05","1","80","5","8","0","0.5","10","25","271","11.424354243542435","3.5756457564575648"
"2","10","0.001","0.29","3","0.5","0.05","1","80","5","8","0","0.5","10","29","259","11.652509652509652","4.073359073359073"
"3","10","0.001","0.29","3","0.5","0.05","1","80","5","8","0","0.5","10","26","270","11.37037037037037","3.9444444444444446"
"5","10","0.001","0.29","3","0.5","0.05","1","80","5","8","0","0.5","10","26","248","11.346774193548388","3.9879032258064515"
"2","10","0.001","0.29","3","0.5","0.05","1","80","5","8","0","0.5","10","30","258","11.5968992248062","4.073643410852713"
"6","10","0.001","0.29","3","0.5","0.05","1","80","5","8","0","0.5","10","28","241","11.809128630705395","4.012448132780083"
"3","10","0.001","0.29","3","0.5","0.05","1","80","5","8","0","0.5","10","27","269","11.315985130111525","3.936802973977695"
"5","10","0.001","0.29","3","0.5","0.05","1","80","5","8","0","0.5","10","27","248","11.346774193548388","3.9596774193548385"
"4","10","0.001","0.29","3","0.5","0.05","1","80","5","8","0","0.5","10","22","245","11.755102040816327","4.0653061224489795"
"1","10","0.001","0.29","3","0.5","0.05","1","80","5","8","0","0.5","10","34","243","11.440329218106996","4.045267489711934"
"6","10","0.001","0.29","3","0.5","0.05","1","80","5","8","0","0.5","10","29","241","11.809128630705395","4.008298755186722"
"4","10","0.001","0.29","3","0.5","0.05","1","80","5","8","0","0.5","10","23","245","11.755102040816327","4.0653061224489795"
"1","10","0.001","0.29","3","0.5","0.05","1","80","5","8","0","0.5","10","35","243","11.440329218106996","4.041152263374485"
"6","10","0.001","0.29","3","0.5","0.05","1","80","5","8","0","0.5","10","30","239","11.832635983263598","4"
"4","10","0.001","0.29","3","0.5","0.05","1","80","5","8","0","0.5","10","24","245","11.755102040816327","4.0653061224489795"
"1","10","0.001","0.29","3","0.5","0.05","1","80","5","8","0","0.5","10","36","241","11.336099585062241","4.045643153526971"
"2","10","0.001","0.29","3","0.5","0.05","1","80","5","8","0","0.5","10","31","254","11.488188976377952","4.074803149606299"
"3","10","0.001","0.29","3","0.5","0.05","1","80","5","8","0","0.5","10","28","267","11.393258426966293","3.943820224719101"
"5","10","0.001","0.29","3","0.5","0.05","1","80","5","8","0","0.5","10","28","247","11.433198380566802","3.9473684210526314"
"3","10","0.001","0.29","3","0.5","0.05","1","80","5","8","0","0.5","10","29","267","11.393258426966293","3.940074906367041"
"2","10","0.001","0.29","3","0.5","0.05","1","80","5","8","0","0.5","10","32","254","11.488188976377952","4.074803149606299"
"3","10","0.001","0.29","3","0.5","0.05","1","80","5","8","0","0.5","10","30","267","11.393258426966293","3.943820224719101"
"2","10","0.001","0.29","3","0.5","0.05","1","80","5","8","0","0.5","10","33","253","11.470355731225297","4.075098814229249"
"5","10","0.001","0.29","3","0.5","0.05","1","80","5","8","0","0.5","10","29","246","11.373983739837398","3.951219512195122"
"5","10","0.001","0.29","3","0.5","0.05","1","80","5","8","0","0.5","10","30","244","11.262295081967213","3.9549180327868854"
"6","10","0.001","0.29","3","0.5","0.05","1","80","5","8","0","0.5","10","31","239","11.882845188284518","3.98744769874477"
"6","10","0.001","0.29","3","0.5","0.05","1","80","5","8","0","0.5","10","32","239","11.882845188284518","3.99581589958159"
"4","10","0.001","0.29","3","0.5","0.05","1","80","5","8","0","0.5","10","25","264","11.742424242424242","3.772727272727273"
"1","10","0.001","0.29","3","0.5","0.05","1","80","5","8","0","0.5","10","37","265","11.479245283018868","3.667924528301887"
"6","10","0.001","0.29","3","0.5","0.05","1","80","5","8","0","0.5","10","33","238","11.831932773109244","3.995798319327731"
"4","10","0.001","0.29","3","0.5","0.05","1","80","5","8","0","0.5","10","26","262","11.633587786259541","4.099236641221374"
"4","10","0.001","0.29","3","0.5","0.05","1","80","5","8","0","0.5","10","27","262","11.633587786259541","4.129770992366412"
"1","10","0.001","0.29","3","0.5","0.05","1","80","5","8","0","0.5","10","38","264","11.454545454545455","4.049242424242424"
"3","10","0.001","0.29","3","0.5","0.05","1","80","5","8","0","0.5","10","31","267","11.50561797752809","3.9363295880149813"
"2","10","0.001","0.29","3","0.5","0.05","1","80","5","8","0","0.5","10","34","251","11.49800796812749","4.075697211155378"
"1","10","0.001","0.29","3","0.5","0.05","1","80","5","8","0","0.5","10","39","261","11.28735632183908","4.0344827586206895"
"3","10","0.001","0.29","3","0.5","0.05","1","80","5","8","0","0.5","10","32","267","11.50561797752809","3.940074906367041"
"5","10","0.001","0.29","3","0.5","0.05","1","80","5","8","0","0.5","10","31","243","11.45679012345679","3.954732510288066"
"2","10","0.001","0.29","3","0.5","0.05","1","80","5","8","0","0.5","10","35","250","11.448","4.076"
"3","10","0.001","0.29","3","0.5","0.05","1","80","5","8","0","0.5","10","33","265","11.456603773584906","3.9358490566037734"
"2","10","0.001","0.29","3","0.5","0.05","1","80","5","8","0","0.5","10","36","248","11.338709677419354","4.080645161290323"
"5","10","0.001","0.29","3","0.5","0.05","1","80","5","8","0","0.5","10","32","243","11.45679012345679","3.954732510288066"
"6","10","0.001","0.29","3","0.5","0.05","1","80","5","8","0","0.5","10","34","237","11.856540084388186","3.9957805907172994"
"4","10","0.001","0.29","3","0.5","0.05","1","80","5","8","0","0.5","10","28","262","11.725190839694656","4.133587786259542"
"5","10","0.001","0.29","3","0.5","0.05","1","80","5","8","0","0.5","10","33","242","11.396694214876034","3.9545454545454546"
"4","10","0.001","0.29","3","0.5","0.05","1","80","5","8","0","0.5","10","29","261","11.693486590038313","4.126436781609195"
"6","10","0.001","0.29","3","0.5","0.05","1","80","5","8","0","0.5","10","35","235","11.761702127659575","3.9957446808510637"
"6","10","0.001","0.29","3","0.5","0.05","1","80","5","8","0","0.5","10","36","234","11.726495726495726","4"
"1","10","0.001","0.29","3","0.5","0.05","1","80","5","8","0","0.5","10","40","260","11.392307692307693","4.0346153846153845"
"4","10","0.001","0.29","3","0.5","0.05","1","80","5","8","0","0.5","10","30","261","11.693486590038313","4.126436781609195"
"1","10","0.001","0.29","3","0.5","0.05","1","80","5","8","0","0.5","10","41","260","11.392307692307693","4.0346153846153845"
"3","10","0.001","0.29","3","0.5","0.05","1","80","5","8","0","0.5","10","34","265","11.562264150943395","3.939622641509434"
"1","10","0.001","0.29","3","0.5","0.05","1","80","5","8","0","0.5","10","42","260","11.392307692307693","4.038461538461538"
"5","10","0.001","0.29","3","0.5","0.05","1","80","5","8","0","0.5","10","34","241","11.54356846473029","3.95850622406639"
"3","10","0.001","0.29","3","0.5","0.05","1","80","5","8","0","0.5","10","35","265","11.562264150943395","3.939622641509434"
"5","10","0.001","0.29","3","0.5","0.05","1","80","5","8","0","0.5","10","35","241","11.54356846473029","3.962655601659751"
"5","10","0.001","0.29","3","0.5","0.05","1","80","5","8","0","0.5","10","36","240","11.483333333333333","3.9625"
"3","10","0.001","0.29","3","0.5","0.05","1","80","5","8","0","0.5","10","36","265","11.562264150943395","3.939622641509434"
"4","10","0.001","0.29","3","0.5","0.05","1","80","5","8","0","0.5","10","31","261","11.800766283524904","4.130268199233717"
"6","10","0.001","0.29","3","0.5","0.05","1","80","5","8","0","0.5","10","37","257","11.517509727626459","3.6459143968871595"
"2","10","0.001","0.29","3","0.5","0.05","1","80","5","8","0","0.5","10","37","265","11.547169811320755","3.8"
"2","10","0.001","0.29","3","0.5","0.05","1","80","5","8","0","0.5","10","38","264","11.507575757575758","4.09469696969697"
"6","10","0.001","0.29","3","0.5","0.05","1","80","5","8","0","0.5","10","38","256","11.453125","3.99609375"
"4","10","0.001","0.29","3","0.5","0.05","1","80","5","8","0","0.5","10","32","260","11.738461538461538","4.134615384615385"
"1","10","0.001","0.29","3","0.5","0.05","1","80","5","8","0","0.5","10","43","258","11.418604651162791","4.034883720930233"
"6","10","0.001","0.29","3","0.5","0.05","1","80","5","8","0","0.5","10","39","255","11.419607843137255","4.003921568627451"
"1","10","0.001","0.29","3","0.5","0.05","1","80","5","8","0","0.5","10","44","257","11.369649805447471","4.031128404669261"
"4","10","0.001","0.29","3","0.5","0.05","1","80","5","8","0","0.5","10","33","258","11.62015503875969","4.131782945736434"
"2","10","0.001","0.29","3","0.5","0.05","1","80","5","8","0","0.5","10","39","264","11.507575757575758","4.087121212121212"
"3","10","0.001","0.29","3","0.5","0.05","1","80","5","8","0","0.5","10","37","272","11.573529411764707","3.8198529411764706"
"1","10","0.001","0.29","3","0.5","0.05","1","80","5","8","0","0.5","10","45","256","11.3359375","4.03515625"
"3","10","0.001","0.29","3","0.5","0.05","1","80","5","8","0","0.5","10","38","271","11.601476014760147","3.92619926199262"
"5","10","0.001","0.29","3","0.5","0.05","1","80","5","8","0","0.5","10","37","251","11.56175298804781","3.7888446215139444"
"3","10","0.001","0.29","3","0.5","0.05","1","80","5","8","0","0.5","10","39","271","11.601476014760147","3.92619926199262"
"4","10","0.001","0.29","3","0.5","0.05","1","80","5","8","0","0.5","10","34","258","11.736434108527131","4.135658914728682"
"5","10","0.001","0.29","3","0.5","0.05","1","80","5","8","0","0.5","10","38","251","11.56175298804781","3.9840637450199203"
"6","10","0.001","0.29","3","0.5","0.05","1","80","5","8","0","0.5","10","40","252","11.357142857142858","4.015873015873016"
"4","10","0.001","0.29","3","0.5","0.05","1","80","5","8","0","0.5","10","35","256","11.6328125","4.1328125"
"5","10","0.001","0.29","3","0.5","0.05","1","80","5","8","0","0.5","10","39","251","11.56175298804781","3.9760956175298805"
"1","10","0.001","0.29","3","0.5","0.05","1","80","5","8","0","0.5","10","46","254","11.456692913385826","4.039370078740157"
"4","10","0.001","0.29","3","0.5","0.05","1","80","5","8","0","0.5","10","36","256","11.6328125","4.13671875"
"6","10","0.001","0.29","3","0.5","0.05","1","80","5","8","0","0.5","10","41","251","11.330677290836654","4.0199203187251"
"1","10","0.001","0.29","3","0.5","0.05","1","80","5","8","0","0.5","10","47","254","11.456692913385826","4.039370078740157"
"2","10","0.001","0.29","3","0.5","0.05","1","80","5","8","0","0.5","10","40","264","11.613636363636363","4.090909090909091"
"6","10","0.001","0.29","3","0.5","0.05","1","80","5","8","0","0.5","10","42","250","11.28","4.02"
"1","10","0.001","0.29","3","0.5","0.05","1","80","5","8","0","0.5","10","48","251","11.298804780876495","4.039840637450199"
"5","10","0.001","0.29","3","0.5","0.05","1","80","5","8","0","0.5","10","40","250","11.552","3.976"
"5","10","0.001","0.29","3","0.5","0.05","1","80","5","8","0","0.5","10","41","248","11.451612903225806","3.975806451612903"
"3","10","0.001","0.29","3","0.5","0.05","1","80","5","8","0","0.5","10","40","270","11.614814814814816","3.922222222222222"
"2","10","0.001","0.29","3","0.5","0.05","1","80","5","8","0","0.5","10","41","264","11.613636363636363","4.090909090909091"
"5","10","0.001","0.29","3","0.5","0.05","1","80","5","8","0","0.5","10","42","246","11.373983739837398","3.975609756097561"
"3","10","0.001","0.29","3","0.5","0.05","1","80","5","8","0","0.5","10","41","270","11.614814814814816","3.9185185185185185"
"2","10","0.001","0.29","3","0.5","0.05","1","80","5","8","0","0.5","10","42","263","11.574144486692015","4.083650190114068"
"3","10","0.001","0.29","3","0.5","0.05","1","80","5","8","0","0.5","10","42","268","11.537313432835822","3.921641791044776"
"6","10","0.001","0.29","3","0.5","0.05","1","80","5","8","0","0.5","10","43","250","11.48","4.02"
"4","10","0.001","0.29","3","0.5","0.05","1","80","5","8","0","0.5","10","37","276","11.543478260869565","3.8043478260869565"
"6","10","0.001","0.29","3","0.5","0.05","1","80","5","8","0","0.5","10","44","250","11.48","4.016"
"5","10","0.001","0.29","3","0.5","0.05","1","80","5","8","0","0.5","10","43","246","11.512195121951219","3.975609756097561"
"6","10","0.001","0.29","3","0.5","0.05","1","80","5","8","0","0.5","10","45","249","11.413654618473895","4.016064257028113"
"4","10","0.001","0.29","3","0.5","0.05","1","80","5","8","0","0.5","10","38","275","11.49090909090909","4.149090909090909"
"2","10","0.001","0.29","3","0.5","0.05","1","80","5","8","0","0.5","10","43","263","11.657794676806084","4.079847908745247"
"1","10","0.001","0.29","3","0.5","0.05","1","80","5","8","0","0.5","10","49","261","11.563218390804598","3.839080459770115"
"3","10","0.001","0.29","3","0.5","0.05","1","80","5","8","0","0.5","10","43","265","11.569811320754717","3.9245283018867925"
"4","10","0.001","0.29","3","0.5","0.05","1","80","5","8","0","0.5","10","39","275","11.49090909090909","4.16"
"2","10","0.001","0.29","3","0.5","0.05","1","80","5","8","0","0.5","10","44","262","11.65648854961832","4.080152671755725"
"1","10","0.001","0.29","3","0.5","0.05","1","80","5","8","0","0.5","10","50","261","11.563218390804598","4.007662835249042"
"3","10","0.001","0.29","3","0.5","0.05","1","80","5","8","0","0.5","10","44","265","11.569811320754717","3.9245283018867925"
"1","10","0.001","0.29","3","0.5","0.05","1","80","5","8","0","0.5","10","51","261","11.563218390804598","4.003831417624521"
"5","10","0.001","0.29","3","0.5","0.05","1","80","5","8","0","0.5","10","44","246","11.512195121951219","3.975609756097561"
"2","10","0.001","0.29","3","0.5","0.05","1","80","5","8","0","0.5","10","45","261","11.60919540229885","4.080459770114943"
"5","10","0.001","0.29","3","0.5","0.05","1","80","5","8","0","0.5","10","45","245","11.444897959183674","3.975510204081633"
"3","10","0.001","0.29","3","0.5","0.05","1","80","5","8","0","0.5","10","45","265","11.569811320754717","3.9245283018867925"
"6","10","0.001","0.29","3","0.5","0.05","1","80","5","8","0","0.5","10","46","244","11.30327868852459","4.004098360655738"
"6","10","0.001","0.29","3","0.5","0.05","1","80","5","8","0","0.5","10","47","244","11.30327868852459","4"
"6","10","0.001","0.29","3","0.5","0.05","1","80","5","8","0","0.5","10","48","242","11.264462809917354","3.9958677685950414"
"4","10","0.001","0.29","3","0.5","0.05","1","80","5","8","0","0.5","10","40","275","11.614545454545455","4.152727272727272"
"2","10","0.001","0.29","3","0.5","0.05","1","80","5","8","0","0.5","10","46","261","11.701149425287356","4.076628352490421"
"1","10","0.001","0.29","3","0.5","0.05","1","80","5","8","0","0.5","10","52","260","11.623076923076923","4.007692307692308"
"4","10","0.001","0.29","3","0.5","0.05","1","80","5","8","0","0.5","10","41","273","11.516483516483516","4.164835164835165"
"2","10","0.001","0.29","3","0.5","0.05","1","80","5","8","0","0.5","10","47","261","11.701149425287356","4.080459770114943"
"1","10","0.001","0.29","3","0.5","0.05","1","80","5","8","0","0.5","10","53","259","11.567567567567568","4.007722007722008"
"5","10","0.001","0.29","3","0.5","0.05","1","80","5","8","0","0.5","10","46","244","11.508196721311476","3.9754098360655736"
"2","10","0.001","0.29","3","0.5","0.05","1","80","5","8","0","0.5","10","48","261","11.701149425287356","4.076628352490421"
"5","10","0.001","0.29","3","0.5","0.05","1","80","5","8","0","0.5","10","47","243","11.465020576131687","3.9753086419753085"
"1","10","0.001","0.29","3","0.5","0.05","1","80","5","8","0","0.5","10","54","259","11.567567567567568","4.007722007722008"
"5","10","0.001","0.29","3","0.5","0.05","1","80","5","8","0","0.5","10","48","241","11.394190871369295","3.975103734439834"
"3","10","0.001","0.29","3","0.5","0.05","1","80","5","8","0","0.5","10","46","265","11.660377358490566","3.9245283018867925"
"4","10","0.001","0.29","3","0.5","0.05","1","80","5","8","0","0.5","10","42","271","11.409594095940959","4.1512915129151295"
"3","10","0.001","0.29","3","0.5","0.05","1","80","5","8","0","0.5","10","47","265","11.660377358490566","3.9245283018867925"
"3","10","0.001","0.29","3","0.5","0.05","1","80","5","8","0","0.5","10","48","264","11.606060606060606","3.9242424242424243"
"1","10","0.001","0.29","3","0.5","0.05","1","80","5","8","0","0.5","10","55","258","11.581395348837209","4.007751937984496"
"1","10","0.001","0.29","3","0.5","0.05","1","80","5","8","0","0.5","10","56","258","11.581395348837209","4.007751937984496"
"6","10","0.001","0.29","3","0.5","0.05","1","80","5","8","0","0.5","10","49","258","11.511627906976743","3.751937984496124"
"1","10","0.001","0.29","3","0.5","0.05","1","80","5","8","0","0.5","10","57","257","11.525291828793774","4.003891050583658"
"5","10","0.001","0.29","3","0.5","0.05","1","80","5","8","0","0.5","10","49","257","11.32295719844358","3.727626459143969"
"2","10","0.001","0.29","3","0.5","0.05","1","80","5","8","0","0.5","10","49","280","11.592857142857143","3.8035714285714284"
"6","10","0.001","0.29","3","0.5","0.05","1","80","5","8","0","0.5","10","50","256","11.40625","3.984375"
"5","10","0.001","0.29","3","0.5","0.05","1","80","5","8","0","0.5","10","50","253","11.201581027667984","4"
"6","10","0.001","0.29","3","0.5","0.05","1","80","5","8","0","0.5","10","51","254","11.32283464566929","3.984251968503937"
"2","10","0.001","0.29","3","0.5","0.05","1","80","5","8","0","0.5","10","50","279","11.53405017921147","4.082437275985663"
"4","10","0.001","0.29","3","0.5","0.05","1","80","5","8","0","0.5","10","43","269","11.53903345724907","4.152416356877324"
"2","10","0.001","0.29","3","0.5","0.05","1","80","5","8","0","0.5","10","51","279","11.53405017921147","4.093189964157706"
"5","10","0.001","0.29","3","0.5","0.05","1","80","5","8","0","0.5","10","51","251","11.107569721115539","4.00796812749004"
"4","10","0.001","0.29","3","0.5","0.05","1","80","5","8","0","0.5","10","44","268","11.5","4.145522388059701"
"1","10","0.001","0.29","3","0.5","0.05","1","80","5","8","0","0.5","10","58","256","11.5859375","4.00390625"
"3","10","0.001","0.29","3","0.5","0.05","1","80","5","8","0","0.5","10","49","271","11.660516605166052","3.8081180811808117"
"1","10","0.001","0.29","3","0.5","0.05","1","80","5","8","0","0.5","10","59","256","11.5859375","4.00390625"
"3","10","0.001","0.29","3","0.5","0.05","1","80","5","8","0","0.5","10","50","267","11.47565543071161","3.9176029962546814"
"1","10","0.001","0.29","3","0.5","0.05","1","80","5","8","0","0.5","10","60","255","11.537254901960784","4.003921568627451"
"4","10","0.001","0.29","3","0.5","0.05","1","80","5","8","0","0.5","10","45","266","11.413533834586467","4.142857142857143"
"3","10","0.001","0.29","3","0.5","0.05","1","80","5","8","0","0.5","10","51","264","11.340909090909092","3.9166666666666665"
"2","10","0.001","0.29","3","0.5","0.05","1","80","5","8","0","0.5","10","52","279","11.605734767025089","4.093189964157706"
"6","10","0.001","0.29","3","0.5","0.05","1","80","5","8","0","0.5","10","52","253","11.478260869565217","3.984189723320158"
"5","10","0.001","0.29","3","0.5","0.05","1","80","5","8","0","0.5","10","52","251","11.282868525896415","4.00796812749004"
"2","10","0.001","0.29","3","0.5","0.05","1","80","5","8","0","0.5","10","53","277","11.509025270758123","4.097472924187725"
"6","10","0.001","0.29","3","0.5","0.05","1","80","5","8","0","0.5","10","53","253","11.478260869565217","3.984189723320158"
"5","10","0.001","0.29","3","0.5","0.05","1","80","5","8","0","0.5","10","53","249","11.180722891566266","4.0120481927710845"
"2","10","0.001","0.29","3","0.5","0.05","1","80","5","8","0","0.5","10","54","277","11.509025270758123","4.093862815884476"
"6","10","0.001","0.29","3","0.5","0.05","1","80","5","8","0","0.5","10","54","250","11.304","3.984"
"5","10","0.001","0.29","3","0.5","0.05","1","80","5","8","0","0.5","10","54","248","11.129032258064516","4.008064516129032"
"3","10","0.001","0.29","3","0.5","0.05","1","80","5","8","0","0.5","10","52","264","11.583333333333334","3.9166666666666665"
"4","10","0.001","0.29","3","0.5","0.05","1","80","5","8","0","0.5","10","46","266","11.61654135338346","4.142857142857143"
"3","10","0.001","0.29","3","0.5","0.05","1","80","5","8","0","0.5","10","53","262","11.564885496183207","3.9160305343511452"
"2","10","0.001","0.29","3","0.5","0.05","1","80","5","8","0","0.5","10","55","277","11.559566787003611","4.097472924187725"
"5","10","0.001","0.29","3","0.5","0.05","1","80","5","8","0","0.5","10","55","247","11.23076923076923","4.012145748987854"
"3","10","0.001","0.29","3","0.5","0.05","1","80","5","8","0","0.5","10","54","262","11.564885496183207","3.9160305343511452"
"4","10","0.001","0.29","3","0.5","0.05","1","80","5","8","0","0.5","10","47","266","11.61654135338346","4.142857142857143"
"2","10","0.001","0.29","3","0.5","0.05","1","80","5","8","0","0.5","10","56","277","11.559566787003611","4.097472924187725"
"5","10","0.001","0.29","3","0.5","0.05","1","80","5","8","0","0.5","10","56","247","11.23076923076923","4.016194331983805"
"1","10","0.001","0.29","3","0.5","0.05","1","80","5","8","0","0.5","10","61","269","11.390334572490707","3.7657992565055762"
"2","10","0.001","0.29","3","0.5","0.05","1","80","5","8","0","0.5","10","57","277","11.559566787003611","4.101083032490974"
"5","10","0.001","0.29","3","0.5","0.05","1","80","5","8","0","0.5","10","57","246","11.252032520325203","4.012195121951219"
"6","10","0.001","0.29","3","0.5","0.05","1","80","5","8","0","0.5","10","55","248","11.379032258064516","3.9879032258064515"
"1","10","0.001","0.29","3","0.5","0.05","1","80","5","8","0","0.5","10","62","269","11.390334572490707","4.044609665427509"
"6","10","0.001","0.29","3","0.5","0.05","1","80","5","8","0","0.5","10","56","248","11.379032258064516","3.9919354838709675"
"1","10","0.001","0.29","3","0.5","0.05","1","80","5","8","0","0.5","10","63","268","11.35820895522388","4.059701492537314"
"4","10","0.001","0.29","3","0.5","0.05","1","80","5","8","0","0.5","10","48","265","11.577358490566038","4.1471698113207545"
"6","10","0.001","0.29","3","0.5","0.05","1","80","5","8","0","0.5","10","57","247","11.327935222672064","3.9919028340080973"
"3","10","0.001","0.29","3","0.5","0.05","1","80","5","8","0","0.5","10","55","261","11.593869731800766","3.9157088122605366"
"2","10","0.001","0.29","3","0.5","0.05","1","80","5","8","0","0.5","10","58","277","11.610108303249097","4.1046931407942235"
"3","10","0.001","0.29","3","0.5","0.05","1","80","5","8","0","0.5","10","56","260","11.546153846153846","3.9153846153846152"
"5","10","0.001","0.29","3","0.5","0.05","1","80","5","8","0","0.5","10","58","246","11.34959349593496","4.012195121951219"
"2","10","0.001","0.29","3","0.5","0.05","1","80","5","8","0","0.5","10","59","277","11.610108303249097","4.1046931407942235"
"3","10","0.001","0.29","3","0.5","0.05","1","80","5","8","0","0.5","10","57","257","11.369649805447471","3.914396887159533"
"5","10","0.001","0.29","3","0.5","0.05","1","80","5","8","0","0.5","10","59","244","11.221311475409836","4.012295081967213"
"2","10","0.001","0.29","3","0.5","0.05","1","80","5","8","0","0.5","10","60","277","11.610108303249097","4.108303249097473"
"1","10","0.001","0.29","3","0.5","0.05","1","80","5","8","0","0.5","10","64","268","11.395522388059701","4.059701492537314"
"5","10","0.001","0.29","3","0.5","0.05","1","80","5","8","0","0.5","10","60","244","11.221311475409836","4.012295081967213"
"1","10","0.001","0.29","3","0.5","0.05","1","80","5","8","0","0.5","10","65","266","11.308270676691729","4.056390977443609"
"1","10","0.001","0.29","3","0.5","0.05","1","80","5","8","0","0.5","10","66","266","11.308270676691729","4.052631578947368"
"6","10","0.001","0.29","3","0.5","0.05","1","80","5","8","0","0.5","10","58","247","11.465587044534413","3.9919028340080973"
"2","10","0.001","0.29","3","0.5","0.05","1","80","5","8","0","0.5","10","61","293","11.535836177474403","3.8805460750853245"
"6","10","0.001","0.29","3","0.5","0.05","1","80","5","8","0","0.5","10","59","247","11.465587044534413","3.9919028340080973"
"4","10","0.001","0.29","3","0.5","0.05","1","80","5","8","0","0.5","10","49","281","11.466192170818506","3.903914590747331"
"6","10","0.001","0.29","3","0.5","0.05","1","80","5","8","0","0.5","10","60","247","11.465587044534413","3.9919028340080973"
"1","10","0.001","0.29","3","0.5","0.05","1","80","5","8","0","0.5","10","67","264","11.325757575757576","4.045454545454546"
"4","10","0.001","0.29","3","0.5","0.05","1","80","5","8","0","0.5","10","50","281","11.466192170818506","4.156583629893238"
"2","10","0.001","0.29","3","0.5","0.05","1","80","5","8","0","0.5","10","62","293","11.535836177474403","4.092150170648464"
"5","10","0.001","0.29","3","0.5","0.05","1","80","5","8","0","0.5","10","61","268","10.992537313432836","3.6417910447761193"
"3","10","0.001","0.29","3","0.5","0.05","1","80","5","8","0","0.5","10","58","255","11.466666666666667","3.9137254901960783"
"1","10","0.001","0.29","3","0.5","0.05","1","80","5","8","0","0.5","10","68","262","11.206106870229007","4.038167938931298"
"2","10","0.001","0.29","3","0.5","0.05","1","80","5","8","0","0.5","10","63","293","11.535836177474403","4.102389078498294"
"3","10","0.001","0.29","3","0.5","0.05","1","80","5","8","0","0.5","10","59","252","11.325396825396826","3.9246031746031744"
"4","10","0.001","0.29","3","0.5","0.05","1","80","5","8","0","0.5","10","51","280","11.435714285714285","4.15"
"5","10","0.001","0.29","3","0.5","0.05","1","80","5","8","0","0.5","10","62","265","10.837735849056603","4.041509433962264"
"1","10","0.001","0.29","3","0.5","0.05","1","80","5","8","0","0.5","10","69","261","11.157088122605364","4.038314176245211"
"5","10","0.001","0.29","3","0.5","0.05","1","80","5","8","0","0.5","10","63","263","10.737642585551331","4.038022813688213"
"3","10","0.001","0.29","3","0.5","0.05","1","80","5","8","0","0.5","10","60","249","11.17269076305221","3.931726907630522"
"2","10","0.001","0.29","3","0.5","0.05","1","80","5","8","0","0.5","10","64","292","11.520547945205479","4.095890410958904"
"2","10","0.001","0.29","3","0.5","0.05","1","80","5","8","0","0.5","10","65","292","11.520547945205479","4.0993150684931505"
"1","10","0.001","0.29","3","0.5","0.05","1","80","5","8","0","0.5","10","70","261","11.340996168582375","4.038314176245211"
"4","10","0.001","0.29","3","0.5","0.05","1","80","5","8","0","0.5","10","52","280","11.564285714285715","4.1571428571428575"
"6","10","0.001","0.29","3","0.5","0.05","1","80","5","8","0","0.5","10","61","269","11.345724907063197","3.6654275092936803"
"1","10","0.001","0.29","3","0.5","0.05","1","80","5","8","0","0.5","10","71","261","11.340996168582375","4.042145593869732"
"4","10","0.001","0.29","3","0.5","0.05","1","80","5","8","0","0.5","10","53","278","11.467625899280575","4.158273381294964"
"2","10","0.001","0.29","3","0.5","0.05","1","80","5","8","0","0.5","10","66","289","11.42560553633218","4.096885813148789"
"4","10","0.001","0.29","3","0.5","0.05","1","80","5","8","0","0.5","10","54","277","11.436823104693142","4.162454873646209"
"1","10","0.001","0.29","3","0.5","0.05","1","80","5","8","0","0.5","10","72","259","11.243243243243244","4.038610038610039"
"6","10","0.001","0.29","3","0.5","0.05","1","80","5","8","0","0.5","10","62","268","11.298507462686567","3.9813432835820897"
"6","10","0.001","0.29","3","0.5","0.05","1","80","5","8","0","0.5","10","63","267","11.265917602996256","3.9737827715355807"
"5","10","0.001","0.29","3","0.5","0.05","1","80","5","8","0","0.5","10","64","263","10.950570342205323","4.0418250950570345"
"3","10","0.001","0.29","3","0.5","0.05","1","80","5","8","0","0.5","10","61","272","11.272058823529411","3.5845588235294117"
"5","10","0.001","0.29","3","0.5","0.05","1","80","5","8","0","0.5","10","65","262","10.908396946564885","4.041984732824427"
"3","10","0.001","0.29","3","0.5","0.05","1","80","5","8","0","0.5","10","62","272","11.272058823529411","3.9816176470588234"
"4","10","0.001","0.29","3","0.5","0.05","1","80","5","8","0","0.5","10","55","275","11.512727272727274","4.152727272727272"
"5","10","0.001","0.29","3","0.5","0.05","1","80","5","8","0","0.5","10","66","262","10.908396946564885","4.0458015267175576"
"2","10","0.001","0.29","3","0.5","0.05","1","80","5","8","0","0.5","10","67","286","11.377622377622378","4.101398601398602"
"3","10","0.001","0.29","3","0.5","0.05","1","80","5","8","0","0.5","10","63","271","11.22509225092251","3.977859778597786"
"2","10","0.001","0.29","3","0.5","0.05","1","80","5","8","0","0.5","10","68","285","11.333333333333334","4.101754385964912"
"4","10","0.001","0.29","3","0.5","0.05","1","80","5","8","0","0.5","10","56","275","11.512727272727274","4.152727272727272"
"6","10","0.001","0.29","3","0.5","0.05","1","80","5","8","0","0.5","10","64","266","11.360902255639099","3.9774436090225564"
"1","10","0.001","0.29","3","0.5","0.05","1","80","5","8","0","0.5","10","73","270","11.437037037037037","3.8407407407407406"
"4","10","0.001","0.29","3","0.5","0.05","1","80","5","8","0","0.5","10","57","275","11.512727272727274","4.149090909090909"
"6","10","0.001","0.29","3","0.5","0.05","1","80","5","8","0","0.5","10","65","265","11.29811320754717","3.969811320754717"
"2","10","0.001","0.29","3","0.5","0.05","1","80","5","8","0","0.5","10","69","284","11.295774647887324","4.109154929577465"
"5","10","0.001","0.29","3","0.5","0.05","1","80","5","8","0","0.5","10","67","261","10.942528735632184","4.026819923371647"
"1","10","0.001","0.29","3","0.5","0.05","1","80","5","8","0","0.5","10","74","270","11.437037037037037","4.022222222222222"
"6","10","0.001","0.29","3","0.5","0.05","1","80","5","8","0","0.5","10","66","264","11.242424242424242","3.9696969696969697"
"3","10","0.001","0.29","3","0.5","0.05","1","80","5","8","0","0.5","10","64","270","11.251851851851852","3.9814814814814814"
"1","10","0.001","0.29","3","0.5","0.05","1","80","5","8","0","0.5","10","75","268","11.343283582089553","4.022388059701493"
"5","10","0.001","0.29","3","0.5","0.05","1","80","5","8","0","0.5","10","68","261","10.942528735632184","4.0344827586206895"
"3","10","0.001","0.29","3","0.5","0.05","1","80","5","8","0","0.5","10","65","269","11.189591078066915","3.973977695167286"
"5","10","0.001","0.29","3","0.5","0.05","1","80","5","8","0","0.5","10","69","261","10.942528735632184","4.0344827586206895"
"3","10","0.001","0.29","3","0.5","0.05","1","80","5","8","0","0.5","10","66","269","11.189591078066915","3.973977695167286"
"4","10","0.001","0.29","3","0.5","0.05","1","80","5","8","0","0.5","10","58","274","11.576642335766424","4.153284671532846"
"2","10","0.001","0.29","3","0.5","0.05","1","80","5","8","0","0.5","10","70","284","11.485915492957746","4.109154929577465"
"4","10","0.001","0.29","3","0.5","0.05","1","80","5","8","0","0.5","10","59","272","11.477941176470589","4.150735294117647"
"2","10","0.001","0.29","3","0.5","0.05","1","80","5","8","0","0.5","10","71","284","11.485915492957746","4.112676056338028"
"4","10","0.001","0.29","3","0.5","0.05","1","80","5","8","0","0.5","10","60","270","11.42962962962963","4.155555555555556"
"2","10","0.001","0.29","3","0.5","0.05","1","80","5","8","0","0.5","10","72","283","11.441696113074205","4.109540636042403"
"6","10","0.001","0.29","3","0.5","0.05","1","80","5","8","0","0.5","10","67","263","11.29277566539924","3.96958174904943"
"5","10","0.001","0.29","3","0.5","0.05","1","80","5","8","0","0.5","10","70","260","10.992307692307692","4.0346153846153845"
"6","10","0.001","0.29","3","0.5","0.05","1","80","5","8","0","0.5","10","68","262","11.251908396946565","3.969465648854962"
"5","10","0.001","0.29","3","0.5","0.05","1","80","5","8","0","0.5","10","71","260","10.992307692307692","4.0346153846153845"
"5","10","0.001","0.29","3","0.5","0.05","1","80","5","8","0","0.5","10","72","259","10.942084942084943","4.0347490347490345"
"1","10","0.001","0.29","3","0.5","0.05","1","80","5","8","0","0.5","10","76","262","11.13740458015267","4.022900763358779"
"6","10","0.001","0.29","3","0.5","0.05","1","80","5","8","0","0.5","10","69","259","11.166023166023166","3.969111969111969"
"1","10","0.001","0.29","3","0.5","0.05","1","80","5","8","0","0.5","10","77","262","11.13740458015267","4.022900763358779"
"3","10","0.001","0.29","3","0.5","0.05","1","80","5","8","0","0.5","10","67","266","11.210526315789474","3.973684210526316"
"1","10","0.001","0.29","3","0.5","0.05","1","80","5","8","0","0.5","10","78","260","11.023076923076923","4.023076923076923"
"3","10","0.001","0.29","3","0.5","0.05","1","80","5","8","0","0.5","10","68","265","11.162264150943397","3.969811320754717"
"3","10","0.001","0.29","3","0.5","0.05","1","80","5","8","0","0.5","10","69","265","11.162264150943397","3.969811320754717"
"4","10","0.001","0.29","3","0.5","0.05","1","80","5","8","0","0.5","10","61","298","11.268456375838927","3.7583892617449663"
"2","10","0.001","0.29","3","0.5","0.05","1","80","5","8","0","0.5","10","73","302","11.450331125827814","3.8543046357615895"
"6","10","0.001","0.29","3","0.5","0.05","1","80","5","8","0","0.5","10","70","256","11.140625","3.96875"
"4","10","0.001","0.29","3","0.5","0.05","1","80","5","8","0","0.5","10","62","298","11.268456375838927","4.1644295302013425"
"2","10","0.001","0.29","3","0.5","0.05","1","80","5","8","0","0.5","10","74","302","11.450331125827814","4.155629139072848"
"6","10","0.001","0.29","3","0.5","0.05","1","80","5","8","0","0.5","10","71","256","11.140625","3.96875"
"1","10","0.001","0.29","3","0.5","0.05","1","80","5","8","0","0.5","10","79","258","11.224806201550388","4.023255813953488"
"5","10","0.001","0.29","3","0.5","0.05","1","80","5","8","0","0.5","10","73","279","11.075268817204302","3.7311827956989245"
"2","10","0.001","0.29","3","0.5","0.05","1","80","5","8","0","0.5","10","75","301","11.401993355481727","4.156146179401993"
"6","10","0.001","0.29","3","0.5","0.05","1","80","5","8","0","0.5","10","72","255","11.098039215686274","3.9647058823529413"
"4","10","0.001","0.29","3","0.5","0.05","1","80","5","8","0","0.5","10","63","297","11.225589225589225","4.181818181818182"
"1","10","0.001","0.29","3","0.5","0.05","1","80","5","8","0","0.5","10","80","258","11.224806201550388","4.023255813953488"
"5","10","0.001","0.29","3","0.5","0.05","1","80","5","8","0","0.5","10","74","279","11.075268817204302","4.053763440860215"
"1","10","0.001","0.29","3","0.5","0.05","1","80","5","8","0","0.5","10","81","257","11.190661478599221","4.023346303501945"
"5","10","0.001","0.29","3","0.5","0.05","1","80","5","8","0","0.5","10","75","276","10.920289855072463","4.072463768115942"
"3","10","0.001","0.29","3","0.5","0.05","1","80","5","8","0","0.5","10","70","265","11.328301886792453","3.969811320754717"
"3","10","0.001","0.29","3","0.5","0.05","1","80","5","8","0","0.5","10","71","262","11.19083969465649","3.969465648854962"
"3","10","0.001","0.29","3","0.5","0.05","1","80","5","8","0","0.5","10","72","261","11.149425287356323","3.9693486590038316"
"2","10","0.001","0.29","3","0.5","0.05","1","80","5","8","0","0.5","10","76","301","11.49501661129568","4.159468438538206"
"4","10","0.001","0.29","3","0.5","0.05","1","80","5","8","0","0.5","10","64","295","11.240677966101694","4.203389830508475"
"1","10","0.001","0.29","3","0.5","0.05","1","80","5","8","0","0.5","10","82","256","11.25","4.0234375"
"2","10","0.001","0.29","3","0.5","0.05","1","80","5","8","0","0.5","10","77","300","11.46","4.156666666666666"
"4","10","0.001","0.29","3","0.5","0.05","1","80","5","8","0","0.5","10","65","295","11.240677966101694","4.2101694915254235"
"5","10","0.001","0.29","3","0.5","0.05","1","80","5","8","0","0.5","10","76","273","10.989010989010989","4.069597069597069"
"2","10","0.001","0.29","3","0.5","0.05","1","80","5","8","0","0.5","10","78","298","11.369127516778523","4.157718120805369"
"1","10","0.001","0.29","3","0.5","0.05","1","80","5","8","0","0.5","10","83","255","11.2","4.027450980392157"
"5","10","0.001","0.29","3","0.5","0.05","1","80","5","8","0","0.5","10","77","270","10.85925925925926","4.074074074074074"
"4","10","0.001","0.29","3","0.5","0.05","1","80","5","8","0","0.5","10","66","294","11.204081632653061","4.204081632653061"
"1","10","0.001","0.29","3","0.5","0.05","1","80","5","8","0","0.5","10","84","252","11.063492063492063","4.031746031746032"
"5","10","0.001","0.29","3","0.5","0.05","1","80","5","8","0","0.5","10","78","269","10.83271375464684","4.078066914498141"
"6","10","0.001","0.29","3","0.5","0.05","1","80","5","8","0","0.5","10","73","268","11.343283582089553","3.753731343283582"
"6","10","0.001","0.29","3","0.5","0.05","1","80","5","8","0","0.5","10","74","266","11.285714285714286","3.9511278195488724"
"2","10","0.001","0.29","3","0.5","0.05","1","80","5","8","0","0.5","10","79","296","11.425675675675675","4.152027027027027"
"6","10","0.001","0.29","3","0.5","0.05","1","80","5","8","0","0.5","10","75","265","11.230188679245282","3.939622641509434"
"2","10","0.001","0.29","3","0.5","0.05","1","80","5","8","0","0.5","10","80","294","11.360544217687075","4.14625850340136"
"3","10","0.001","0.29","3","0.5","0.05","1","80","5","8","0","0.5","10","73","284","11.028169014084508","3.619718309859155"
"2","10","0.001","0.29","3","0.5","0.05","1","80","5","8","0","0.5","10","81","290","11.23448275862069","4.158620689655172"
"4","10","0.001","0.29","3","0.5","0.05","1","80","5","8","0","0.5","10","67","294","11.374149659863946","4.197278911564626"
"3","10","0.001","0.29","3","0.5","0.05","1","80","5","8","0","0.5","10","74","283","10.968197879858657","3.9717314487632507"
"5","10","0.001","0.29","3","0.5","0.05","1","80","5","8","0","0.5","10","79","269","11.100371747211897","4.0817843866171"
"1","10","0.001","0.29","3","0.5","0.05","1","80","5","8","0","0.5","10","85","270","11.177777777777777","3.762962962962963"
"3","10","0.001","0.29","3","0.5","0.05","1","80","5","8","0","0.5","10","75","282","10.914893617021276","3.978723404255319"
"5","10","0.001","0.29","3","0.5","0.05","1","80","5","8","0","0.5","10","80","267","11.03370786516854","4.078651685393258"
"4","10","0.001","0.29","3","0.5","0.05","1","80","5","8","0","0.5","10","68","292","11.294520547945206","4.2020547945205475"
"1","10","0.001","0.29","3","0.5","0.05","1","80","5","8","0","0.5","10","86","270","11.177777777777777","4.018518518518518"
"4","10","0.001","0.29","3","0.5","0.05","1","80","5","8","0","0.5","10","69","291","11.237113402061855","4.1993127147766325"
"5","10","0.001","0.29","3","0.5","0.05","1","80","5","8","0","0.5","10","81","266","10.977443609022556","4.082706766917293"
"1","10","0.001","0.29","3","0.5","0.05","1","80","5","8","0","0.5","10","87","270","11.177777777777777","4.037037037037037"
"6","10","0.001","0.29","3","0.5","0.05","1","80","5","8","0","0.5","10","76","264","11.287878787878787","3.9393939393939394"
"6","10","0.001","0.29","3","0.5","0.05","1","80","5","8","0","0.5","10","77","263","11.247148288973383","3.9429657794676807"
"6","10","0.001","0.29","3","0.5","0.05","1","80","5","8","0","0.5","10","78","262","11.198473282442748","3.9389312977099236"
"1","10","0.001","0.29","3","0.5","0.05","1","80","5","8","0","0.5","10","88","266","11.082706766917294","4.030075187969925"
"3","10","0.001","0.29","3","0.5","0.05","1","80","5","8","0","0.5","10","76","279","10.939068100358423","3.971326164874552"
"2","10","0.001","0.29","3","0.5","0.05","1","80","5","8","0","0.5","10","82","289","11.40484429065744","4.159169550173011"
"1","10","0.001","0.29","3","0.5","0.05","1","80","5","8","0","0.5","10","89","265","11.041509433962265","4.037735849056604"
"4","10","0.001","0.29","3","0.5","0.05","1","80","5","8","0","0.5","10","70","290","11.337931034482759","4.206896551724138"
"2","10","0.001","0.29","3","0.5","0.05","1","80","5","8","0","0.5","10","83","289","11.40484429065744","4.159169550173011"
"3","10","0.001","0.29","3","0.5","0.05","1","80","5","8","0","0.5","10","77","277","10.830324909747292","3.967509025270758"
"1","10","0.001","0.29","3","0.5","0.05","1","80","5","8","0","0.5","10","90","264","10.992424242424242","4.03030303030303"
"2","10","0.001","0.29","3","0.5","0.05","1","80","5","8","0","0.5","10","84","289","11.40484429065744","4.159169550173011"
"4","10","0.001","0.29","3","0.5","0.05","1","80","5","8","0","0.5","10","71","288","11.23611111111111","4.211805555555555"
"3","10","0.001","0.29","3","0.5","0.05","1","80","5","8","0","0.5","10","78","277","10.830324909747292","3.96028880866426"
"5","10","0.001","0.29","3","0.5","0.05","1","80","5","8","0","0.5","10","82","264","11.098484848484848","4.090909090909091"
"5","10","0.001","0.29","3","0.5","0.05","1","80","5","8","0","0.5","10","83","263","11.041825095057034","4.091254752851711"
"4","10","0.001","0.29","3","0.5","0.05","1","80","5","8","0","0.5","10","72","285","11.073684210526316","4.2140350877192985"
"6","10","0.001","0.29","3","0.5","0.05","1","80","5","8","0","0.5","10","79","261","11.302681992337165","3.942528735632184"
"5","10","0.001","0.29","3","0.5","0.05","1","80","5","8","0","0.5","10","84","262","11.038167938931299","4.091603053435114"
"6","10","0.001","0.29","3","0.5","0.05","1","80","5","8","0","0.5","10","80","260","11.3","3.9461538461538463"
"6","10","0.001","0.29","3","0.5","0.05","1","80","5","8","0","0.5","10","81","258","11.193798449612403","3.9573643410852712"
"1","10","0.001","0.29","3","0.5","0.05","1","80","5","8","0","0.5","10","91","263","11.087452471482889","4.038022813688213"
"1","10","0.001","0.29","3","0.5","0.05","1","80","5","8","0","0.5","10","92","261","11.011494252873563","4.030651340996169"
"3","10","0.001","0.29","3","0.5","0.05","1","80","5","8","0","0.5","10","79","276","10.96376811594203","3.960144927536232"
"1","10","0.001","0.29","3","0.5","0.05","1","80","5","8","0","0.5","10","93","260","10.953846153846154","4.038461538461538"
"3","10","0.001","0.29","3","0.5","0.05","1","80","5","8","0","0.5","10","80","274","10.883211678832117","3.95985401459854"
"2","10","0.001","0.29","3","0.5","0.05","1","80","5","8","0","0.5","10","85","308","11.415584415584416","3.8766233766233764"
"3","10","0.001","0.29","3","0.5","0.05","1","80","5","8","0","0.5","10","81","273","10.835164835164836","3.95970695970696"
"5","10","0.001","0.29","3","0.5","0.05","1","80","5","8","0","0.5","10","85","272","11.176470588235293","3.9154411764705883"
"6","10","0.001","0.29","3","0.5","0.05","1","80","5","8","0","0.5","10","82","257","11.354085603112841","3.953307392996109"
"2","10","0.001","0.29","3","0.5","0.05","1","80","5","8","0","0.5","10","86","307","11.368078175895766","4.127035830618892"
"6","10","0.001","0.29","3","0.5","0.05","1","80","5","8","0","0.5","10","83","257","11.354085603112841","3.9571984435797667"
"5","10","0.001","0.29","3","0.5","0.05","1","80","5","8","0","0.5","10","86","272","11.176470588235293","4.102941176470588"
"4","10","0.001","0.29","3","0.5","0.05","1","80","5","8","0","0.5","10","73","295","11.335593220338984","4.04406779661017"
"6","10","0.001","0.29","3","0.5","0.05","1","80","5","8","0","0.5","10","84","256","11.296875","3.95703125"
"2","10","0.001","0.29","3","0.5","0.05","1","80","5","8","0","0.5","10","87","306","11.320261437908497","4.120915032679738"
"5","10","0.001","0.29","3","0.5","0.05","1","80","5","8","0","0.5","10","87","272","11.176470588235293","4.113970588235294"
"1","10","0.001","0.29","3","0.5","0.05","1","80","5","8","0","0.5","10","94","258","11.131782945736434","4.034883720930233"
"4","10","0.001","0.29","3","0.5","0.05","1","80","5","8","0","0.5","10","74","295","11.335593220338984","4.223728813559322"
"1","10","0.001","0.29","3","0.5","0.05","1","80","5","8","0","0.5","10","95","255","11.027450980392157","4.031372549019608"
"4","10","0.001","0.29","3","0.5","0.05","1","80","5","8","0","0.5","10","75","294","11.319727891156463","4.2312925170068025"
"1","10","0.001","0.29","3","0.5","0.05","1","80","5","8","0","0.5","10","96","254","10.968503937007874","4.02755905511811"
"3","10","0.001","0.29","3","0.5","0.05","1","80","5","8","0","0.5","10","82","272","11.044117647058824","3.9558823529411766"
"5","10","0.001","0.29","3","0.5","0.05","1","80","5","8","0","0.5","10","88","272","11.227941176470589","4.113970588235294"
"3","10","0.001","0.29","3","0.5","0.05","1","80","5","8","0","0.5","10","83","271","11.011070110701107","3.955719557195572"
"5","10","0.001","0.29","3","0.5","0.05","1","80","5","8","0","0.5","10","89","271","11.173431734317344","4.114391143911439"
"2","10","0.001","0.29","3","0.5","0.05","1","80","5","8","0","0.5","10","88","305","11.37704918032787","4.1245901639344265"
"6","10","0.001","0.29","3","0.5","0.05","1","80","5","8","0","0.5","10","85","262","11.259541984732824","3.8206106870229006"
"5","10","0.001","0.29","3","0.5","0.05","1","80","5","8","0","0.5","10","90","271","11.173431734317344","4.114391143911439"
"3","10","0.001","0.29","3","0.5","0.05","1","80","5","8","0","0.5","10","84","270","10.977777777777778","3.9555555555555557"
"2","10","0.001","0.29","3","0.5","0.05","1","80","5","8","0","0.5","10","89","305","11.37704918032787","4.121311475409836"
"6","10","0.001","0.29","3","0.5","0.05","1","80","5","8","0","0.5","10","86","261","11.203065134099617","3.9272030651340994"
"4","10","0.001","0.29","3","0.5","0.05","1","80","5","8","0","0.5","10","76","292","11.287671232876713","4.239726027397261"
"6","10","0.001","0.29","3","0.5","0.05","1","80","5","8","0","0.5","10","87","260","11.138461538461538","3.923076923076923"
"2","10","0.001","0.29","3","0.5","0.05","1","80","5","8","0","0.5","10","90","305","11.37704918032787","4.127868852459017"
"4","10","0.001","0.29","3","0.5","0.05","1","80","5","8","0","0.5","10","77","291","11.237113402061855","4.230240549828179"
"4","10","0.001","0.29","3","0.5","0.05","1","80","5","8","0","0.5","10","78","291","11.237113402061855","4.237113402061856"
"1","10","0.001","0.29","3","0.5","0.05","1","80","5","8","0","0.5","10","97","274","11.02919708029197","3.7335766423357666"
"5","10","0.001","0.29","3","0.5","0.05","1","80","5","8","0","0.5","10","91","270","11.177777777777777","4.114814814814815"
"1","10","0.001","0.29","3","0.5","0.05","1","80","5","8","0","0.5","10","98","273","10.989010989010989","4.021978021978022"
"5","10","0.001","0.29","3","0.5","0.05","1","80","5","8","0","0.5","10","92","270","11.177777777777777","4.114814814814815"
"6","10","0.001","0.29","3","0.5","0.05","1","80","5","8","0","0.5","10","88","260","11.2","3.923076923076923"
"1","10","0.001","0.29","3","0.5","0.05","1","80","5","8","0","0.5","10","99","273","10.989010989010989","4.021978021978022"
"5","10","0.001","0.29","3","0.5","0.05","1","80","5","8","0","0.5","10","93","268","11.097014925373134","4.115671641791045"
"6","10","0.001","0.29","3","0.5","0.05","1","80","5","8","0","0.5","10","89","260","11.2","3.923076923076923"
"2","10","0.001","0.29","3","0.5","0.05","1","80","5","8","0","0.5","10","91","304","11.421052631578947","4.121710526315789"
"3","10","0.001","0.29","3","0.5","0.05","1","80","5","8","0","0.5","10","85","285","11.094736842105263","3.719298245614035"
"6","10","0.001","0.29","3","0.5","0.05","1","80","5","8","0","0.5","10","90","258","11.124031007751938","3.9224806201550386"
"2","10","0.001","0.29","3","0.5","0.05","1","80","5","8","0","0.5","10","92","304","11.421052631578947","4.125"
"4","10","0.001","0.29","3","0.5","0.05","1","80","5","8","0","0.5","10","79","288","11.256944444444445","4.232638888888889"
"3","10","0.001","0.29","3","0.5","0.05","1","80","5","8","0","0.5","10","86","284","11.06338028169014","3.9507042253521125"
"2","10","0.001","0.29","3","0.5","0.05","1","80","5","8","0","0.5","10","93","304","11.421052631578947","4.121710526315789"
"4","10","0.001","0.29","3","0.5","0.05","1","80","5","8","0","0.5","10","80","286","11.153846153846153","4.230769230769231"
"3","10","0.001","0.29","3","0.5","0.05","1","80","5","8","0","0.5","10","87","282","11.01418439716312","3.9432624113475176"
"1","10","0.001","0.29","3","0.5","0.05","1","80","5","8","0","0.5","10","100","271","11.025830258302584","4.014760147601476"
"5","10","0.001","0.29","3","0.5","0.05","1","80","5","8","0","0.5","10","94","266","11.135338345864662","4.116541353383458"
"4","10","0.001","0.29","3","0.5","0.05","1","80","5","8","0","0.5","10","81","285","11.101754385964913","4.224561403508772"
"5","10","0.001","0.29","3","0.5","0.05","1","80","5","8","0","0.5","10","95","266","11.135338345864662","4.116541353383458"
"1","10","0.001","0.29","3","0.5","0.05","1","80","5","8","0","0.5","10","101","271","11.025830258302584","4.025830258302583"
"6","10","0.001","0.29","3","0.5","0.05","1","80","5","8","0","0.5","10","91","257","11.206225680933851","3.922178988326848"
"5","10","0.001","0.29","3","0.5","0.05","1","80","5","8","0","0.5","10","96","266","11.135338345864662","4.116541353383458"
"1","10","0.001","0.29","3","0.5","0.05","1","80","5","8","0","0.5","10","102","270","10.992592592592592","4.022222222222222"
"6","10","0.001","0.29","3","0.5","0.05","1","80","5","8","0","0.5","10","92","256","11.1640625","3.921875"
"2","10","0.001","0.29","3","0.5","0.05","1","80","5","8","0","0.5","10","94","304","11.506578947368421","4.125"
"6","10","0.001","0.29","3","0.5","0.05","1","80","5","8","0","0.5","10","93","255","11.098039215686274","3.9215686274509802"
"3","10","0.001","0.29","3","0.5","0.05","1","80","5","8","0","0.5","10","88","281","11.103202846975089","3.9430604982206408"
"2","10","0.001","0.29","3","0.5","0.05","1","80","5","8","0","0.5","10","95","304","11.506578947368421","4.121710526315789"
"4","10","0.001","0.29","3","0.5","0.05","1","80","5","8","0","0.5","10","82","285","11.249122807017544","4.231578947368421"
"3","10","0.001","0.29","3","0.5","0.05","1","80","5","8","0","0.5","10","89","280","11.05","3.95"
"2","10","0.001","0.29","3","0.5","0.05","1","80","5","8","0","0.5","10","96","303","11.458745874587459","4.125412541254126"
"1","10","0.001","0.29","3","0.5","0.05","1","80","5","8","0","0.5","10","103","270","11.08148148148148","4.025925925925926"
"4","10","0.001","0.29","3","0.5","0.05","1","80","5","8","0","0.5","10","83","285","11.249122807017544","4.228070175438597"
"3","10","0.001","0.29","3","0.5","0.05","1","80","5","8","0","0.5","10","90","279","11.00358422939068","3.946236559139785"
"1","10","0.001","0.29","3","0.5","0.05","1","80","5","8","0","0.5","10","104","268","10.992537313432836","4.018656716417911"
"4","10","0.001","0.29","3","0.5","0.05","1","80","5","8","0","0.5","10","84","284","11.232394366197184","4.22887323943662"
"6","10","0.001","0.29","3","0.5","0.05","1","80","5","8","0","0.5","10","94","255","11.192156862745097","3.9215686274509802"
"5","10","0.001","0.29","3","0.5","0.05","1","80","5","8","0","0.5","10","97","290","10.958620689655172","3.7275862068965515"
"1","10","0.001","0.29","3","0.5","0.05","1","80","5","8","0","0.5","10","105","267","10.936329588014981","4.0187265917602994"
"6","10","0.001","0.29","3","0.5","0.05","1","80","5","8","0","0.5","10","95","254","11.149606299212598","3.921259842519685"
"5","10","0.001","0.29","3","0.5","0.05","1","80","5","8","0","0.5","10","98","290","10.958620689655172","4.0793103448275865"
"6","10","0.001","0.29","3","0.5","0.05","1","80","5","8","0","0.5","10","96","252","11.047619047619047","3.9206349206349205"
"5","10","0.001","0.29","3","0.5","0.05","1","80","5","8","0","0.5","10","99","289","10.913494809688581","4.0899653979238755"
"3","10","0.001","0.29","3","0.5","0.05","1","80","5","8","0","0.5","10","91","279","11.132616487455197","3.949820788530466"
"3","10","0.001","0.29","3","0.5","0.05","1","80","5","8","0","0.5","10","92","279","11.132616487455197","3.946236559139785"
"3","10","0.001","0.29","3","0.5","0.05","1","80","5","8","0","0.5","10","93","278","11.086330935251798","3.949640287769784"
"4","10","0.001","0.29","3","0.5","0.05","1","80","5","8","0","0.5","10","85","291","11.285223367697595","4.096219931271477"
"1","10","0.001","0.29","3","0.5","0.05","1","80","5","8","0","0.5","10","106","266","11.037593984962406","4.015037593984962"
"2","10","0.001","0.29","3","0.5","0.05","1","80","5","8","0","0.5","10","97","313","11.424920127795527","3.977635782747604"
"5","10","0.001","0.29","3","0.5","0.05","1","80","5","8","0","0.5","10","100","288","10.972222222222221","4.083333333333333"
"1","10","0.001","0.29","3","0.5","0.05","1","80","5","8","0","0.5","10","107","264","10.969696969696969","4.018939393939394"
"4","10","0.001","0.29","3","0.5","0.05","1","80","5","8","0","0.5","10","86","291","11.285223367697595","4.219931271477663"
"2","10","0.001","0.29","3","0.5","0.05","1","80","5","8","0","0.5","10","98","313","11.424920127795527","4.111821086261981"
"6","10","0.001","0.29","3","0.5","0.05","1","80","5","8","0","0.5","10","97","266","11.105263157894736","3.699248120300752"
"5","10","0.001","0.29","3","0.5","0.05","1","80","5","8","0","0.5","10","101","288","10.972222222222221","4.083333333333333"
"4","10","0.001","0.29","3","0.5","0.05","1","80","5","8","0","0.5","10","87","290","11.227586206896552","4.213793103448276"
"1","10","0.001","0.29","3","0.5","0.05","1","80","5","8","0","0.5","10","108","264","10.969696969696969","4.015151515151516"
"6","10","0.001","0.29","3","0.5","0.05","1","80","5","8","0","0.5","10","98","266","11.105263157894736","3.9135338345864663"
"2","10","0.001","0.29","3","0.5","0.05","1","80","5","8","0","0.5","10","99","312","11.384615384615385","4.112179487179487"
"5","10","0.001","0.29","3","0.5","0.05","1","80","5","8","0","0.5","10","102","286","10.881118881118882","4.080419580419581"
"3","10","0.001","0.29","3","0.5","0.05","1","80","5","8","0","0.5","10","94","278","11.179856115107913","3.946043165467626"
"6","10","0.001","0.29","3","0.5","0.05","1","80","5","8","0","0.5","10","99","265","11.139622641509433","3.9169811320754717"
"3","10","0.001","0.29","3","0.5","0.05","1","80","5","8","0","0.5","10","95","278","11.179856115107913","3.9532374100719423"
"3","10","0.001","0.29","3","0.5","0.05","1","80","5","8","0","0.5","10","96","277","11.11913357400722","3.953068592057762"
"4","10","0.001","0.29","3","0.5","0.05","1","80","5","8","0","0.5","10","88","290","11.310344827586206","4.2172413793103445"
"6","10","0.001","0.29","3","0.5","0.05","1","80","5","8","0","0.5","10","100","264","11.128787878787879","3.909090909090909"
"4","10","0.001","0.29","3","0.5","0.05","1","80","5","8","0","0.5","10","89","289","11.26643598615917","4.211072664359862"
"2","10","0.001","0.29","3","0.5","0.05","1","80","5","8","0","0.5","10","100","309","11.307443365695793","4.11326860841424"
"6","10","0.001","0.29","3","0.5","0.05","1","80","5","8","0","0.5","10","101","262","11.030534351145038","3.9122137404580153"
"5","10","0.001","0.29","3","0.5","0.05","1","80","5","8","0","0.5","10","103","286","11.048951048951048","4.080419580419581"
"6","10","0.001","0.29","3","0.5","0.05","1","80","5","8","0","0.5","10","102","260","10.915384615384616","3.9076923076923076"
"4","10","0.001","0.29","3","0.5","0.05","1","80","5","8","0","0.5","10","90","287","11.170731707317072","4.209059233449477"
"2","10","0.001","0.29","3","0.5","0.05","1","80","5","8","0","0.5","10","101","307","11.231270358306189","4.11400651465798"
"5","10","0.001","0.29","3","0.5","0.05","1","80","5","8","0","0.5","10","104","286","11.048951048951048","4.080419580419581"
"1","10","0.001","0.29","3","0.5","0.05","1","80","5","8","0","0.5","10","109","287","10.961672473867596","3.6794425087108014"
"2","10","0.001","0.29","3","0.5","0.05","1","80","5","8","0","0.5","10","102","305","11.154098360655738","4.118032786885246"
"5","10","0.001","0.29","3","0.5","0.05","1","80","5","8","0","0.5","10","105","286","11.048951048951048","4.080419580419581"
"1","10","0.001","0.29","3","0.5","0.05","1","80","5","8","0","0.5","10","110","287","10.961672473867596","4.048780487804878"
"3","10","0.001","0.29","3","0.5","0.05","1","80","5","8","0","0.5","10","97","287","11.233449477351916","3.818815331010453"
"1","10","0.001","0.29","3","0.5","0.05","1","80","5","8","0","0.5","10","111","287","10.961672473867596","4.031358885017422"
"6","10","0.001","0.29","3","0.5","0.05","1","80","5","8","0","0.5","10","103","260","11.076923076923077","3.9115384615384614"
"3","10","0.001","0.29","3","0.5","0.05","1","80","5","8","0","0.5","10","98","286","11.195804195804195","3.93006993006993"
"3","10","0.001","0.29","3","0.5","0.05","1","80","5","8","0","0.5","10","99","285","11.143859649122806","3.9263157894736844"
"4","10","0.001","0.29","3","0.5","0.05","1","80","5","8","0","0.5","10","91","284","11.161971830985916","4.214788732394366"
"6","10","0.001","0.29","3","0.5","0.05","1","80","5","8","0","0.5","10","104","259","11.019305019305019","3.9073359073359075"
"5","10","0.001","0.29","3","0.5","0.05","1","80","5","8","0","0.5","10","106","284","10.992957746478874","4.080985915492958"
"6","10","0.001","0.29","3","0.5","0.05","1","80","5","8","0","0.5","10","105","258","10.984496124031008","3.9108527131782944"
"4","10","0.001","0.29","3","0.5","0.05","1","80","5","8","0","0.5","10","92","283","11.116607773851591","4.222614840989399"
"5","10","0.001","0.29","3","0.5","0.05","1","80","5","8","0","0.5","10","107","282","10.929078014184396","4.085106382978723"
"4","10","0.001","0.29","3","0.5","0.05","1","80","5","8","0","0.5","10","93","280","10.985714285714286","4.2214285714285715"
"1","10","0.001","0.29","3","0.5","0.05","1","80","5","8","0","0.5","10","112","285","10.919298245614035","4.031578947368421"
"5","10","0.001","0.29","3","0.5","0.05","1","80","5","8","0","0.5","10","108","280","10.842857142857143","4.082142857142857"
"2","10","0.001","0.29","3","0.5","0.05","1","80","5","8","0","0.5","10","103","304","11.31578947368421","4.121710526315789"
"3","10","0.001","0.29","3","0.5","0.05","1","80","5","8","0","0.5","10","100","284","11.190140845070422","3.926056338028169"
"1","10","0.001","0.29","3","0.5","0.05","1","80","5","8","0","0.5","10","113","285","10.919298245614035","4.024561403508772"
"2","10","0.001","0.29","3","0.5","0.05","1","80","5","8","0","0.5","10","104","302","11.23841059602649","4.122516556291391"
"6","10","0.001","0.29","3","0.5","0.05","1","80","5","8","0","0.5","10","106","258","11.085271317829458","3.9069767441860463"
"1","10","0.001","0.29","3","0.5","0.05","1","80","5","8","0","0.5","10","114","284","10.866197183098592","4.028169014084507"
"3","10","0.001","0.29","3","0.5","0.05","1","80","5","8","0","0.5","10","101","283","11.144876325088338","3.9257950530035335"
"2","10","0.001","0.29","3","0.5","0.05","1","80","5","8","0","0.5","10","105","301","11.22923588039867","4.116279069767442"
"6","10","0.001","0.29","3","0.5","0.05","1","80","5","8","0","0.5","10","107","258","11.085271317829458","3.9069767441860463"
"3","10","0.001","0.29","3","0.5","0.05","1","80","5","8","0","0.5","10","102","283","11.144876325088338","3.929328621908127"
"6","10","0.001","0.29","3","0.5","0.05","1","80","5","8","0","0.5","10","108","257","11.050583657587548","3.906614785992218"
"4","10","0.001","0.29","3","0.5","0.05","1","80","5","8","0","0.5","10","94","280","11.214285714285714","4.2214285714285715"
"4","10","0.001","0.29","3","0.5","0.05","1","80","5","8","0","0.5","10","95","278","11.115107913669064","4.226618705035971"
"4","10","0.001","0.29","3","0.5","0.05","1","80","5","8","0","0.5","10","96","277","11.097472924187725","4.2202166064981945"
"1","10","0.001","0.29","3","0.5","0.05","1","80","5","8","0","0.5","10","115","284","11.014084507042254","4.024647887323944"
"5","10","0.001","0.29","3","0.5","0.05","1","80","5","8","0","0.5","10","109","285","11.178947368421053","3.9964912280701754"
"3","10","0.001","0.29","3","0.5","0.05","1","80","5","8","0","0.5","10","103","282","11.184397163120567","3.9326241134751774"
"1","10","0.001","0.29","3","0.5","0.05","1","80","5","8","0","0.5","10","116","284","11.014084507042254","4.028169014084507"
"5","10","0.001","0.29","3","0.5","0.05","1","80","5","8","0","0.5","10","110","284","11.147887323943662","4.102112676056338"
"6","10","0.001","0.29","3","0.5","0.05","1","80","5","8","0","0.5","10","109","276","10.826086956521738","3.6231884057971016"
"2","10","0.001","0.29","3","0.5","0.05","1","80","5","8","0","0.5","10","106","301","11.3421926910299","4.119601328903655"
"3","10","0.001","0.29","3","0.5","0.05","1","80","5","8","0","0.5","10","104","282","11.184397163120567","3.9326241134751774"
"1","10","0.001","0.29","3","0.5","0.05","1","80","5","8","0","0.5","10","117","283","10.975265017667844","4.021201413427562"
"5","10","0.001","0.29","3","0.5","0.05","1","80","5","8","0","0.5","10","111","283","11.116607773851591","4.098939929328622"
"6","10","0.001","0.29","3","0.5","0.05","1","80","5","8","0","0.5","10","110","276","10.826086956521738","3.9565217391304346"
"3","10","0.001","0.29","3","0.5","0.05","1","80","5","8","0","0.5","10","105","280","11.07857142857143","3.932142857142857"
"2","10","0.001","0.29","3","0.5","0.05","1","80","5","8","0","0.5","10","107","301","11.3421926910299","4.116279069767442"
"6","10","0.001","0.29","3","0.5","0.05","1","80","5","8","0","0.5","10","111","276","10.826086956521738","3.9456521739130435"
"2","10","0.001","0.29","3","0.5","0.05","1","80","5","8","0","0.5","10","108","301","11.3421926910299","4.119601328903655"
"1","10","0.001","0.29","3","0.5","0.05","1","80","5","8","0","0.5","10","118","282","11.02127659574468","4.0177304964539005"
"5","10","0.001","0.29","3","0.5","0.05","1","80","5","8","0","0.5","10","112","282","11.205673758865249","4.099290780141844"
"3","10","0.001","0.29","3","0.5","0.05","1","80","5","8","0","0.5","10","106","276","11.007246376811594","3.931159420289855"
"6","10","0.001","0.29","3","0.5","0.05","1","80","5","8","0","0.5","10","112","276","10.891304347826088","3.949275362318841"
"1","10","0.001","0.29","3","0.5","0.05","1","80","5","8","0","0.5","10","119","281","10.96797153024911","4.01423487544484"
"4","10","0.001","0.29","3","0.5","0.05","1","80","5","8","0","0.5","10","97","300","10.946666666666667","3.8833333333333333"
"5","10","0.001","0.29","3","0.5","0.05","1","80","5","8","0","0.5","10","113","282","11.205673758865249","4.099290780141844"
"3","10","0.001","0.29","3","0.5","0.05","1","80","5","8","0","0.5","10","107","275","10.945454545454545","3.930909090909091"
"6","10","0.001","0.29","3","0.5","0.05","1","80","5","8","0","0.5","10","113","274","10.81021897810219","3.948905109489051"
"5","10","0.001","0.29","3","0.5","0.05","1","80","5","8","0","0.5","10","114","280","11.114285714285714","4.1"
"6","10","0.001","0.29","3","0.5","0.05","1","80","5","8","0","0.5","10","114","274","10.81021897810219","3.948905109489051"
"4","10","0.001","0.29","3","0.5","0.05","1","80","5","8","0","0.5","10","98","300","10.946666666666667","4.216666666666667"
"3","10","0.001","0.29","3","0.5","0.05","1","80","5","8","0","0.5","10","108","273","10.857142857142858","3.93040293040293"
"1","10","0.001","0.29","3","0.5","0.05","1","80","5","8","0","0.5","10","120","281","10.96797153024911","4.01779359430605"
"4","10","0.001","0.29","3","0.5","0.05","1","80","5","8","0","0.5","10","99","298","10.87248322147651","4.218120805369128"
"2","10","0.001","0.29","3","0.5","0.05","1","80","5","8","0","0.5","10","109","312","11.378205128205128","3.9583333333333335"
"6","10","0.001","0.29","3","0.5","0.05","1","80","5","8","0","0.5","10","115","271","10.804428044280442","3.940959409594096"
"5","10","0.001","0.29","3","0.5","0.05","1","80","5","8","0","0.5","10","115","279","11.21146953405018","4.100358422939068"
"2","10","0.001","0.29","3","0.5","0.05","1","80","5","8","0","0.5","10","110","311","11.331189710610932","4.115755627009646"
"6","10","0.001","0.29","3","0.5","0.05","1","80","5","8","0","0.5","10","116","271","10.804428044280442","3.940959409594096"
"5","10","0.001","0.29","3","0.5","0.05","1","80","5","8","0","0.5","10","116","279","11.21146953405018","4.100358422939068"
"4","10","0.001","0.29","3","0.5","0.05","1","80","5","8","0","0.5","10","100","297","10.942760942760943","4.2087542087542085"
"6","10","0.001","0.29","3","0.5","0.05","1","80","5","8","0","0.5","10","117","271","10.804428044280442","3.937269372693727"
"2","10","0.001","0.29","3","0.5","0.05","1","80","5","8","0","0.5","10","111","310","11.296774193548387","4.112903225806452"
"5","10","0.001","0.29","3","0.5","0.05","1","80","5","8","0","0.5","10","117","277","11.126353790613718","4.101083032490974"
"4","10","0.001","0.29","3","0.5","0.05","1","80","5","8","0","0.5","10","101","297","10.942760942760943","4.212121212121212"
"3","10","0.001","0.29","3","0.5","0.05","1","80","5","8","0","0.5","10","109","279","11.154121863799283","3.845878136200717"
"7","10","0.001","0.29","3","0.5","0.05","1","80","5","8","0","0.5","10","0","242","12.057851239669422","4.078512396694215"
"4","10","0.001","0.29","3","0.5","0.05","1","80","5","8","0","0.5","10","102","296","10.891891891891891","4.206081081081081"
"3","10","0.001","0.29","3","0.5","0.05","1","80","5","8","0","0.5","10","110","278","11.107913669064748","3.9280575539568345"
"3","10","0.001","0.29","3","0.5","0.05","1","80","5","8","0","0.5","10","111","277","11.07581227436823","3.935018050541516"
"6","10","0.001","0.29","3","0.5","0.05","1","80","5","8","0","0.5","10","118","271","10.952029520295204","3.944649446494465"
"5","10","0.001","0.29","3","0.5","0.05","1","80","5","8","0","0.5","10","118","275","11.149090909090908","4.101818181818182"
"2","10","0.001","0.29","3","0.5","0.05","1","80","5","8","0","0.5","10","112","310","11.36774193548387","4.119354838709677"
"6","10","0.001","0.29","3","0.5","0.05","1","80","5","8","0","0.5","10","119","266","10.736842105263158","3.93609022556391"
"5","10","0.001","0.29","3","0.5","0.05","1","80","5","8","0","0.5","10","119","275","11.149090909090908","4.101818181818182"
"2","10","0.001","0.29","3","0.5","0.05","1","80","5","8","0","0.5","10","113","309","11.333333333333334","4.110032362459547"
"6","10","0.001","0.29","3","0.5","0.05","1","80","5","8","0","0.5","10","120","266","10.736842105263158","3.943609022556391"
"4","10","0.001","0.29","3","0.5","0.05","1","80","5","8","0","0.5","10","103","294","10.863945578231293","4.207482993197279"
"7","10","0.001","0.29","3","0.5","0.05","1","80","5","8","0","0.5","10","1","242","12.322314049586776","3.9710743801652892"
"2","10","0.001","0.29","3","0.5","0.05","1","80","5","8","0","0.5","10","114","309","11.333333333333334","4.11326860841424"
"5","10","0.001","0.29","3","0.5","0.05","1","80","5","8","0","0.5","10","120","275","11.149090909090908","4.1054545454545455"
"3","10","0.001","0.29","3","0.5","0.05","1","80","5","8","0","0.5","10","112","274","11.058394160583942","3.934306569343066"
"4","10","0.001","0.29","3","0.5","0.05","1","80","5","8","0","0.5","10","104","294","10.863945578231293","4.207482993197279"
"7","10","0.001","0.29","3","0.5","0.05","1","80","5","8","0","0.5","10","2","242","12.322314049586776","3.9834710743801653"
"3","10","0.001","0.29","3","0.5","0.05","1","80","5","8","0","0.5","10","113","271","10.966789667896679","3.940959409594096"
"4","10","0.001","0.29","3","0.5","0.05","1","80","5","8","0","0.5","10","105","293","10.832764505119455","4.208191126279863"
"7","10","0.001","0.29","3","0.5","0.05","1","80","5","8","0","0.5","10","3","241","12.282157676348548","3.983402489626556"
"3","10","0.001","0.29","3","0.5","0.05","1","80","5","8","0","0.5","10","114","270","10.933333333333334","3.948148148148148"
"2","10","0.001","0.29","3","0.5","0.05","1","80","5","8","0","0.5","10","115","307","11.32899022801303","4.1107491856677525"
"8","10","0.001","0.29","3","0.5","0.05","1","80","5","8","0","0.5","10","0","240","11.858333333333333","3.8"
"2","10","0.001","0.29","3","0.5","0.05","1","80","5","8","0","0.5","10","116","306","11.294117647058824","4.11437908496732"
"7","10","0.001","0.29","3","0.5","0.05","1","80","5","8","0","0.5","10","4","240","12.35","3.975"
"2","10","0.001","0.29","3","0.5","0.05","1","80","5","8","0","0.5","10","117","304","11.203947368421053","4.1118421052631575"
"3","10","0.001","0.29","3","0.5","0.05","1","80","5","8","0","0.5","10","115","266","10.924812030075188","3.9473684210526314"
"7","10","0.001","0.29","3","0.5","0.05","1","80","5","8","0","0.5","10","5","239","12.301255230125523","3.9748953974895396"
"4","10","0.001","0.29","3","0.5","0.05","1","80","5","8","0","0.5","10","106","293","10.982935153583618","4.21160409556314"
"3","10","0.001","0.29","3","0.5","0.05","1","80","5","8","0","0.5","10","116","266","10.924812030075188","3.9473684210526314"
"7","10","0.001","0.29","3","0.5","0.05","1","80","5","8","0","0.5","10","6","238","12.260504201680673","3.9747899159663866"
"4","10","0.001","0.29","3","0.5","0.05","1","80","5","8","0","0.5","10","107","292","10.938356164383562","4.212328767123288"
"3","10","0.001","0.29","3","0.5","0.05","1","80","5","8","0","0.5","10","117","266","10.924812030075188","3.9473684210526314"
"9","10","0.001","0.29","3","0.5","0.05","1","80","5","8","0","0.5","10","0","249","11.927710843373495","4.044176706827309"
"8","10","0.001","0.29","3","0.5","0.05","1","80","5","8","0","0.5","10","1","239","12.01673640167364","3.899581589958159"
"4","10","0.001","0.29","3","0.5","0.05","1","80","5","8","0","0.5","10","108","291","10.893470790378007","4.213058419243986"
"8","10","0.001","0.29","3","0.5","0.05","1","80","5","8","0","0.5","10","2","238","11.949579831932773","3.8949579831932772"
"8","10","0.001","0.29","3","0.5","0.05","1","80","5","8","0","0.5","10","3","237","11.890295358649789","3.8987341772151898"
"2","10","0.001","0.29","3","0.5","0.05","1","80","5","8","0","0.5","10","118","303","11.3003300330033","4.108910891089109"
"7","10","0.001","0.29","3","0.5","0.05","1","80","5","8","0","0.5","10","7","237","12.337552742616033","3.9746835443037973"
"3","10","0.001","0.29","3","0.5","0.05","1","80","5","8","0","0.5","10","118","263","10.94296577946768","3.946768060836502"
"2","10","0.001","0.29","3","0.5","0.05","1","80","5","8","0","0.5","10","119","303","11.3003300330033","4.112211221122112"
"7","10","0.001","0.29","3","0.5","0.05","1","80","5","8","0","0.5","10","8","236","12.279661016949152","3.9745762711864407"
"9","10","0.001","0.29","3","0.5","0.05","1","80","5","8","0","0.5","10","1","246","11.983739837398375","4.073170731707317"
"3","10","0.001","0.29","3","0.5","0.05","1","80","5","8","0","0.5","10","119","263","10.94296577946768","3.946768060836502"
"2","10","0.001","0.29","3","0.5","0.05","1","80","5","8","0","0.5","10","120","302","11.251655629139073","4.1092715231788075"
"7","10","0.001","0.29","3","0.5","0.05","1","80","5","8","0","0.5","10","9","235","12.212765957446809","3.974468085106383"
"3","10","0.001","0.29","3","0.5","0.05","1","80","5","8","0","0.5","10","120","262","10.916030534351146","3.946564885496183"
"8","10","0.001","0.29","3","0.5","0.05","1","80","5","8","0","0.5","10","4","237","12.092827004219409","3.8987341772151898"
"9","10","0.001","0.29","3","0.5","0.05","1","80","5","8","0","0.5","10","2","245","11.942857142857143","4.057142857142857"
"8","10","0.001","0.29","3","0.5","0.05","1","80","5","8","0","0.5","10","5","237","12.092827004219409","3.8987341772151898"
"8","10","0.001","0.29","3","0.5","0.05","1","80","5","8","0","0.5","10","6","237","12.092827004219409","3.8987341772151898"
"9","10","0.001","0.29","3","0.5","0.05","1","80","5","8","0","0.5","10","3","245","11.942857142857143","4.081632653061225"
"4","10","0.001","0.29","3","0.5","0.05","1","80","5","8","0","0.5","10","109","309","10.88673139158576","3.9644012944983817"
"7","10","0.001","0.29","3","0.5","0.05","1","80","5","8","0","0.5","10","10","235","12.36595744680851","3.974468085106383"
"4","10","0.001","0.29","3","0.5","0.05","1","80","5","8","0","0.5","10","110","308","10.837662337662337","4.191558441558442"
"7","10","0.001","0.29","3","0.5","0.05","1","80","5","8","0","0.5","10","11","234","12.2991452991453","3.9743589743589745"
"4","10","0.001","0.29","3","0.5","0.05","1","80","5","8","0","0.5","10","111","308","10.837662337662337","4.185064935064935"
"7","10","0.001","0.29","3","0.5","0.05","1","80","5","8","0","0.5","10","12","230","12.08695652173913","3.973913043478261"
"8","10","0.001","0.29","3","0.5","0.05","1","80","5","8","0","0.5","10","7","237","12.19409282700422","3.8987341772151898"
"8","10","0.001","0.29","3","0.5","0.05","1","80","5","8","0","0.5","10","8","236","12.135593220338983","3.8983050847457625"
"10","10","0.001","0.29","3","0.5","0.05","1","80","5","8","0","0.5","10","0","229","11.615720524017467","3.9912663755458517"
"8","10","0.001","0.29","3","0.5","0.05","1","80","5","8","0","0.5","10","9","235","12.085106382978724","3.8978723404255318"
"9","10","0.001","0.29","3","0.5","0.05","1","80","5","8","0","0.5","10","4","245","12.17142857142857","4.081632653061225"
"11","10","0.0025","0.29","3","0.5","0.05","1","80","5","8","0","0.5","10","0","252","11.912698412698413","4.01984126984127"
"9","10","0.001","0.29","3","0.5","0.05","1","80","5","8","0","0.5","10","5","243","12.049382716049383","4.082304526748971"
"4","10","0.001","0.29","3","0.5","0.05","1","80","5","8","0","0.5","10","112","308","10.941558441558442","4.185064935064935"
"9","10","0.001","0.29","3","0.5","0.05","1","80","5","8","0","0.5","10","6","243","12.049382716049383","4.082304526748971"
"4","10","0.001","0.29","3","0.5","0.05","1","80","5","8","0","0.5","10","113","308","10.941558441558442","4.1980519480519485"
"7","10","0.001","0.29","3","0.5","0.05","1","80","5","8","0","0.5","10","13","243","12.11522633744856","3.7613168724279835"
"8","10","0.001","0.29","3","0.5","0.05","1","80","5","8","0","0.5","10","10","235","12.187234042553191","3.8978723404255318"
"10","10","0.001","0.29","3","0.5","0.05","1","80","5","8","0","0.5","10","1","229","11.83406113537118","4.122270742358078"
"7","10","0.001","0.29","3","0.5","0.05","1","80","5","8","0","0.5","10","14","241","12.024896265560166","4.008298755186722"
"8","10","0.001","0.29","3","0.5","0.05","1","80","5","8","0","0.5","10","11","235","12.187234042553191","3.8978723404255318"
"4","10","0.001","0.29","3","0.5","0.05","1","80","5","8","0","0.5","10","114","308","10.941558441558442","4.191558441558442"
"8","10","0.001","0.29","3","0.5","0.05","1","80","5","8","0","0.5","10","12","235","12.187234042553191","3.8978723404255318"
"7","10","0.001","0.29","3","0.5","0.05","1","80","5","8","0","0.5","10","15","239","11.97489539748954","4.00836820083682"
"10","10","0.001","0.29","3","0.5","0.05","1","80","5","8","0","0.5","10","2","229","11.83406113537118","4.104803493449782"
"11","10","0.0025","0.29","3","0.5","0.05","1","80","5","8","0","0.5","10","1","249","12","3.931726907630522"
"9","10","0.001","0.29","3","0.5","0.05","1","80","5","8","0","0.5","10","7","243","12.197530864197532","4.082304526748971"
"10","10","0.001","0.29","3","0.5","0.05","1","80","5","8","0","0.5","10","3","228","11.789473684210526","4.105263157894737"
"9","10","0.001","0.29","3","0.5","0.05","1","80","5","8","0","0.5","10","8","241","12.091286307053942","4.08298755186722"
"11","10","0.0025","0.29","3","0.5","0.05","1","80","5","8","0","0.5","10","2","249","12","3.9076305220883536"
"9","10","0.001","0.29","3","0.5","0.05","1","80","5","8","0","0.5","10","9","241","12.091286307053942","4.08298755186722"
"11","10","0.0025","0.29","3","0.5","0.05","1","80","5","8","0","0.5","10","3","249","12","3.895582329317269"
"7","10","0.001","0.29","3","0.5","0.05","1","80","5","8","0","0.5","10","16","239","12.07531380753138","4.00836820083682"
"4","10","0.001","0.29","3","0.5","0.05","1","80","5","8","0","0.5","10","115","308","10.987012987012987","4.1980519480519485"
"7","10","0.001","0.29","3","0.5","0.05","1","80","5","8","0","0.5","10","17","234","11.786324786324787","4.0085470085470085"
"4","10","0.001","0.29","3","0.5","0.05","1","80","5","8","0","0.5","10","116","306","10.92156862745098","4.19281045751634"
"8","10","0.001","0.29","3","0.5","0.05","1","80","5","8","0","0.5","10","13","254","11.881889763779528","3.606299212598425"
"10","10","0.001","0.29","3","0.5","0.05","1","80","5","8","0","0.5","10","4","228","11.956140350877194","4.105263157894737"
"7","10","0.001","0.29","3","0.5","0.05","1","80","5","8","0","0.5","10","18","234","11.786324786324787","4.0085470085470085"
"8","10","0.001","0.29","3","0.5","0.05","1","80","5","8","0","0.5","10","14","253","11.826086956521738","3.91699604743083"
"10","10","0.001","0.29","3","0.5","0.05","1","80","5","8","0","0.5","10","5","225","11.804444444444444","4.102222222222222"
"4","10","0.001","0.29","3","0.5","0.05","1","80","5","8","0","0.5","10","117","305","10.872131147540983","4.213114754098361"
"9","10","0.001","0.29","3","0.5","0.05","1","80","5","8","0","0.5","10","10","239","12.117154811715482","4.079497907949791"
"10","10","0.001","0.29","3","0.5","0.05","1","80","5","8","0","0.5","10","6","224","11.732142857142858","4.098214285714286"
"8","10","0.001","0.29","3","0.5","0.05","1","80","5","8","0","0.5","10","15","253","11.826086956521738","3.91699604743083"
"9","10","0.001","0.29","3","0.5","0.05","1","80","5","8","0","0.5","10","11","238","12.067226890756302","4.07563025210084"
"11","10","0.0025","0.29","3","0.5","0.05","1","80","5","8","0","0.5","10","4","249","12.168674698795181","3.895582329317269"
"9","10","0.001","0.29","3","0.5","0.05","1","80","5","8","0","0.5","10","12","238","12.067226890756302","4.07563025210084"
"11","10","0.0025","0.29","3","0.5","0.05","1","80","5","8","0","0.5","10","5","249","12.168674698795181","3.895582329317269"
"7","10","0.001","0.29","3","0.5","0.05","1","80","5","8","0","0.5","10","19","234","11.94017094017094","4.0085470085470085"
"11","10","0.0025","0.29","3","0.5","0.05","1","80","5","8","0","0.5","10","6","248","12.112903225806452","3.8951612903225805"
"8","10","0.001","0.29","3","0.5","0.05","1","80","5","8","0","0.5","10","16","252","11.825396825396826","3.9166666666666665"
"7","10","0.001","0.29","3","0.5","0.05","1","80","5","8","0","0.5","10","20","234","11.94017094017094","4.0085470085470085"
"8","10","0.001","0.29","3","0.5","0.05","1","80","5","8","0","0.5","10","17","252","11.825396825396826","3.9166666666666665"
"10","10","0.001","0.29","3","0.5","0.05","1","80","5","8","0","0.5","10","7","224","11.919642857142858","4.098214285714286"
"4","10","0.001","0.29","3","0.5","0.05","1","80","5","8","0","0.5","10","118","302","10.933774834437086","4.201986754966887"
"7","10","0.001","0.29","3","0.5","0.05","1","80","5","8","0","0.5","10","21","233","11.888412017167383","4.008583690987124"
"10","10","0.001","0.29","3","0.5","0.05","1","80","5","8","0","0.5","10","8","224","11.919642857142858","4.098214285714286"
"8","10","0.001","0.29","3","0.5","0.05","1","80","5","8","0","0.5","10","18","251","11.776892430278885","3.9203187250996017"
"4","10","0.001","0.29","3","0.5","0.05","1","80","5","8","0","0.5","10","119","301","10.897009966777409","4.205980066445183"
"10","10","0.001","0.29","3","0.5","0.05","1","80","5","8","0","0.5","10","9","224","11.919642857142858","4.098214285714286"
"11","10","0.0025","0.29","3","0.5","0.05","1","80","5","8","0","0.5","10","7","248","12.233870967741936","3.8951612903225805"
"4","10","0.001","0.29","3","0.5","0.05","1","80","5","8","0","0.5","10","120","300","10.86","4.203333333333333"
"11","10","0.0025","0.29","3","0.5","0.05","1","80","5","8","0","0.5","10","8","247","12.194331983805668","3.8947368421052633"
"9","10","0.001","0.29","3","0.5","0.05","1","80","5","8","0","0.5","10","13","257","11.867704280155642","3.77431906614786"
"11","10","0.0025","0.29","3","0.5","0.05","1","80","5","8","0","0.5","10","9","246","12.138211382113822","3.894308943089431"
"7","10","0.001","0.29","3","0.5","0.05","1","80","5","8","0","0.5","10","22","231","11.87012987012987","4.004329004329004"
"8","10","0.001","0.29","3","0.5","0.05","1","80","5","8","0","0.5","10","19","251","11.848605577689243","3.9163346613545817"
"9","10","0.001","0.29","3","0.5","0.05","1","80","5","8","0","0.5","10","14","257","11.867704280155642","4.01556420233463"
"8","10","0.001","0.29","3","0.5","0.05","1","80","5","8","0","0.5","10","20","251","11.848605577689243","3.9163346613545817"
"7","10","0.001","0.29","3","0.5","0.05","1","80","5","8","0","0.5","10","23","231","11.87012987012987","4"
"10","10","0.001","0.29","3","0.5","0.05","1","80","5","8","0","0.5","10","10","224","12.035714285714286","4.098214285714286"
"9","10","0.001","0.29","3","0.5","0.05","1","80","5","8","0","0.5","10","15","255","11.75686274509804","4.019607843137255"
"8","10","0.001","0.29","3","0.5","0.05","1","80","5","8","0","0.5","10","21","251","11.848605577689243","3.9163346613545817"
"7","10","0.001","0.29","3","0.5","0.05","1","80","5","8","0","0.5","10","24","230","11.817391304347826","4"
"10","10","0.001","0.29","3","0.5","0.05","1","80","5","8","0","0.5","10","11","224","12.035714285714286","4.098214285714286"
"10","10","0.001","0.29","3","0.5","0.05","1","80","5","8","0","0.5","10","12","224","12.035714285714286","4.098214285714286"
"11","10","0.0025","0.29","3","0.5","0.05","1","80","5","8","0","0.5","10","10","245","12.187755102040816","3.8938775510204082"
"8","10","0.001","0.29","3","0.5","0.05","1","80","5","8","0","0.5","10","22","250","11.872","3.916"
"11","10","0.0025","0.29","3","0.5","0.05","1","80","5","8","0","0.5","10","11","244","12.131147540983607","3.8934426229508197"
"9","10","0.001","0.29","3","0.5","0.05","1","80","5","8","0","0.5","10","16","254","11.858267716535433","4.0236220472440944"
"12","10","0.0025","0.29","3","0.5","0.05","1","80","5","8","0","0.5","10","0","243","11.654320987654321","4.148148148148148"
"11","10","0.0025","0.29","3","0.5","0.05","1","80","5","8","0","0.5","10","12","244","12.131147540983607","3.8934426229508197"
"8","10","0.001","0.29","3","0.5","0.05","1","80","5","8","0","0.5","10","23","249","11.80722891566265","3.9156626506024095"
"9","10","0.001","0.29","3","0.5","0.05","1","80","5","8","0","0.5","10","17","254","11.858267716535433","4.0236220472440944"
"8","10","0.001","0.29","3","0.5","0.05","1","80","5","8","0","0.5","10","24","248","11.75","3.9153225806451615"
"9","10","0.001","0.29","3","0.5","0.05","1","80","5","8","0","0.5","10","18","251","11.705179282868526","4.0199203187251"
"7","10","0.001","0.29","3","0.5","0.05","1","80","5","8","0","0.5","10","25","252","11.722222222222221","3.6507936507936507"
"10","10","0.001","0.29","3","0.5","0.05","1","80","5","8","0","0.5","10","13","239","11.723849372384937","3.8242677824267783"
"7","10","0.001","0.29","3","0.5","0.05","1","80","5","8","0","0.5","10","26","250","11.632","4.084"
"10","10","0.001","0.29","3","0.5","0.05","1","80","5","8","0","0.5","10","14","237","11.628691983122362","4.075949367088608"
"7","10","0.001","0.29","3","0.5","0.05","1","80","5","8","0","0.5","10","27","248","11.540322580645162","4.108870967741935"
"10","10","0.001","0.29","3","0.5","0.05","1","80","5","8","0","0.5","10","15","236","11.559322033898304","4.084745762711864"
"12","10","0.0025","0.29","3","0.5","0.05","1","80","5","8","0","0.5","10","1","243","11.94238683127572","4.230452674897119"
"9","10","0.001","0.29","3","0.5","0.05","1","80","5","8","0","0.5","10","19","251","11.824701195219124","4.0199203187251"
"11","10","0.0025","0.29","3","0.5","0.05","1","80","5","8","0","0.5","10","13","266","11.75187969924812","3.556390977443609"
"12","10","0.0025","0.29","3","0.5","0.05","1","80","5","8","0","0.5","10","2","242","11.87603305785124","4.2272727272727275"
"8","10","0.001","0.29","3","0.5","0.05","1","80","5","8","0","0.5","10","25","261","11.670498084291188","3.7049808429118776"
"9","10","0.001","0.29","3","0.5","0.05","1","80","5","8","0","0.5","10","20","250","11.776","4.02"
"11","10","0.0025","0.29","3","0.5","0.05","1","80","5","8","0","0.5","10","14","266","11.75187969924812","3.93609022556391"
"12","10","0.0025","0.29","3","0.5","0.05","1","80","5","8","0","0.5","10","3","241","11.817427385892117","4.236514522821577"
"9","10","0.001","0.29","3","0.5","0.05","1","80","5","8","0","0.5","10","21","250","11.776","4.02"
"10","10","0.001","0.29","3","0.5","0.05","1","80","5","8","0","0.5","10","16","236","11.677966101694915","4.101694915254237"
"8","10","0.001","0.29","3","0.5","0.05","1","80","5","8","0","0.5","10","26","259","11.55984555984556","3.945945945945946"
"11","10","0.0025","0.29","3","0.5","0.05","1","80","5","8","0","0.5","10","15","266","11.75187969924812","3.9285714285714284"
"10","10","0.001","0.29","3","0.5","0.05","1","80","5","8","0","0.5","10","17","235","11.617021276595745","4.097872340425532"
"7","10","0.001","0.29","3","0.5","0.05","1","80","5","8","0","0.5","10","28","247","11.676113360323887","4.109311740890688"
"8","10","0.001","0.29","3","0.5","0.05","1","80","5","8","0","0.5","10","27","258","11.51937984496124","3.945736434108527"
"10","10","0.001","0.29","3","0.5","0.05","1","80","5","8","0","0.5","10","18","235","11.617021276595745","4.102127659574468"
"7","10","0.001","0.29","3","0.5","0.05","1","80","5","8","0","0.5","10","29","246","11.609756097560975","4.1138211382113825"
"7","10","0.001","0.29","3","0.5","0.05","1","80","5","8","0","0.5","10","30","246","11.609756097560975","4.109756097560975"
"11","10","0.0025","0.29","3","0.5","0.05","1","80","5","8","0","0.5","10","16","265","11.743396226415094","3.943396226415094"
"12","10","0.0025","0.29","3","0.5","0.05","1","80","5","8","0","0.5","10","4","240","12.066666666666666","4.241666666666666"
"9","10","0.001","0.29","3","0.5","0.05","1","80","5","8","0","0.5","10","22","250","11.936","4.02"
"11","10","0.0025","0.29","3","0.5","0.05","1","80","5","8","0","0.5","10","17","263","11.642585551330798","3.9429657794676807"
"12","10","0.0025","0.29","3","0.5","0.05","1","80","5","8","0","0.5","10","5","239","12.02510460251046","4.2426778242677825"
"10","10","0.001","0.29","3","0.5","0.05","1","80","5","8","0","0.5","10","19","235","11.719148936170212","4.102127659574468"
"9","10","0.001","0.29","3","0.5","0.05","1","80","5","8","0","0.5","10","23","250","11.936","4.02"
"8","10","0.001","0.29","3","0.5","0.05","1","80","5","8","0","0.5","10","28","257","11.571984435797665","3.945525291828794"
"11","10","0.0025","0.29","3","0.5","0.05","1","80","5","8","0","0.5","10","18","262","11.595419847328245","3.9427480916030535"
"12","10","0.0025","0.29","3","0.5","0.05","1","80","5","8","0","0.5","10","6","239","12.02510460251046","4.2426778242677825"
"10","10","0.001","0.29","3","0.5","0.05","1","80","5","8","0","0.5","10","20","234","11.649572649572649","4.098290598290598"
"8","10","0.001","0.29","3","0.5","0.05","1","80","5","8","0","0.5","10","29","257","11.571984435797665","3.9494163424124515"
"9","10","0.001","0.29","3","0.5","0.05","1","80","5","8","0","0.5","10","24","250","11.936","4.02"
"7","10","0.001","0.29","3","0.5","0.05","1","80","5","8","0","0.5","10","31","246","11.747967479674797","4.1138211382113825"
"10","10","0.001","0.29","3","0.5","0.05","1","80","5","8","0","0.5","10","21","233","11.587982832618026","4.098712446351931"
"8","10","0.001","0.29","3","0.5","0.05","1","80","5","8","0","0.5","10","30","257","11.571984435797665","3.945525291828794"
"7","10","0.001","0.29","3","0.5","0.05","1","80","5","8","0","0.5","10","32","246","11.747967479674797","4.1138211382113825"
"7","10","0.001","0.29","3","0.5","0.05","1","80","5","8","0","0.5","10","33","245","11.681632653061225","4.114285714285714"
"12","10","0.0025","0.29","3","0.5","0.05","1","80","5","8","0","0.5","10","7","239","12.150627615062762","4.2426778242677825"
"10","10","0.001","0.29","3","0.5","0.05","1","80","5","8","0","0.5","10","22","233","11.67381974248927","4.098712446351931"
"11","10","0.0025","0.29","3","0.5","0.05","1","80","5","8","0","0.5","10","19","260","11.646153846153846","3.9423076923076925"
"12","10","0.0025","0.29","3","0.5","0.05","1","80","5","8","0","0.5","10","8","238","12.109243697478991","4.243697478991597"
"8","10","0.001","0.29","3","0.5","0.05","1","80","5","8","0","0.5","10","31","256","11.6015625","3.94921875"
"9","10","0.001","0.29","3","0.5","0.05","1","80","5","8","0","0.5","10","25","256","11.921875","3.89453125"
"12","10","0.0025","0.29","3","0.5","0.05","1","80","5","8","0","0.5","10","9","237","12.075949367088608","4.244725738396625"
"10","10","0.001","0.29","3","0.5","0.05","1","80","5","8","0","0.5","10","23","232","11.629310344827585","4.099137931034483"
"11","10","0.0025","0.29","3","0.5","0.05","1","80","5","8","0","0.5","10","20","259","11.675675675675675","3.942084942084942"
"8","10","0.001","0.29","3","0.5","0.05","1","80","5","8","0","0.5","10","32","256","11.6015625","3.95703125"
"9","10","0.001","0.29","3","0.5","0.05","1","80","5","8","0","0.5","10","26","256","11.921875","4.015625"
"11","10","0.0025","0.29","3","0.5","0.05","1","80","5","8","0","0.5","10","21","259","11.675675675675675","3.945945945945946"
"10","10","0.001","0.29","3","0.5","0.05","1","80","5","8","0","0.5","10","24","231","11.575757575757576","4.0995670995671"
"8","10","0.001","0.29","3","0.5","0.05","1","80","5","8","0","0.5","10","33","256","11.6015625","3.95703125"
"7","10","0.001","0.29","3","0.5","0.05","1","80","5","8","0","0.5","10","34","245","11.787755102040816","4.114285714285714"
"9","10","0.001","0.29","3","0.5","0.05","1","80","5","8","0","0.5","10","27","255","11.858823529411765","4.015686274509804"
"7","10","0.001","0.29","3","0.5","0.05","1","80","5","8","0","0.5","10","35","243","11.670781893004115","4.11522633744856"
"12","10","0.0025","0.29","3","0.5","0.05","1","80","5","8","0","0.5","10","10","237","12.19409282700422","4.244725738396625"
"7","10","0.001","0.29","3","0.5","0.05","1","80","5","8","0","0.5","10","36","242","11.603305785123966","4.115702479338843"
"12","10","0.0025","0.29","3","0.5","0.05","1","80","5","8","0","0.5","10","11","236","12.127118644067796","4.245762711864407"
"9","10","0.001","0.29","3","0.5","0.05","1","80","5","8","0","0.5","10","28","255","11.929411764705883","4.015686274509804"
"8","10","0.001","0.29","3","0.5","0.05","1","80","5","8","0","0.5","10","34","256","11.6796875","3.95703125"
"11","10","0.0025","0.29","3","0.5","0.05","1","80","5","8","0","0.5","10","22","259","11.799227799227799","3.942084942084942"
"12","10","0.0025","0.29","3","0.5","0.05","1","80","5","8","0","0.5","10","12","235","12.068085106382979","4.246808510638298"
"11","10","0.0025","0.29","3","0.5","0.05","1","80","5","8","0","0.5","10","23","257","11.704280155642023","3.945525291828794"
"9","10","0.001","0.29","3","0.5","0.05","1","80","5","8","0","0.5","10","29","255","11.929411764705883","4.015686274509804"
"8","10","0.001","0.29","3","0.5","0.05","1","80","5","8","0","0.5","10","35","255","11.615686274509804","3.9568627450980394"
"10","10","0.001","0.29","3","0.5","0.05","1","80","5","8","0","0.5","10","25","252","11.452380952380953","3.7261904761904763"
"9","10","0.001","0.29","3","0.5","0.05","1","80","5","8","0","0.5","10","30","252","11.76984126984127","4.015873015873016"
"11","10","0.0025","0.29","3","0.5","0.05","1","80","5","8","0","0.5","10","24","256","11.6484375","3.94140625"
"8","10","0.001","0.29","3","0.5","0.05","1","80","5","8","0","0.5","10","36","255","11.615686274509804","3.9568627450980394"
"10","10","0.001","0.29","3","0.5","0.05","1","80","5","8","0","0.5","10","26","251","11.418326693227092","4.1195219123505975"
"10","10","0.001","0.29","3","0.5","0.05","1","80","5","8","0","0.5","10","27","251","11.418326693227092","4.115537848605578"
"7","10","0.001","0.29","3","0.5","0.05","1","80","5","8","0","0.5","10","37","243","11.88477366255144","4.065843621399177"
"7","10","0.001","0.29","3","0.5","0.05","1","80","5","8","0","0.5","10","38","242","11.818181818181818","4.119834710743802"
"12","10","0.0025","0.29","3","0.5","0.05","1","80","5","8","0","0.5","10","13","253","11.802371541501977","3.9288537549407114"
"9","10","0.001","0.29","3","0.5","0.05","1","80","5","8","0","0.5","10","31","252","11.873015873015873","4.015873015873016"
"7","10","0.001","0.29","3","0.5","0.05","1","80","5","8","0","0.5","10","39","241","11.767634854771785","4.124481327800829"
"12","10","0.0025","0.29","3","0.5","0.05","1","80","5","8","0","0.5","10","14","253","11.802371541501977","4.1936758893280635"
"9","10","0.001","0.29","3","0.5","0.05","1","80","5","8","0","0.5","10","32","251","11.808764940239044","4.01593625498008"
"10","10","0.001","0.29","3","0.5","0.05","1","80","5","8","0","0.5","10","28","251","11.50597609561753","4.139442231075697"
"8","10","0.001","0.29","3","0.5","0.05","1","80","5","8","0","0.5","10","37","268","11.597014925373134","3.735074626865672"
"12","10","0.0025","0.29","3","0.5","0.05","1","80","5","8","0","0.5","10","15","252","11.793650793650794","4.182539682539683"
"10","10","0.001","0.29","3","0.5","0.05","1","80","5","8","0","0.5","10","29","251","11.50597609561753","4.143426294820717"
"9","10","0.001","0.29","3","0.5","0.05","1","80","5","8","0","0.5","10","33","250","11.832","4.012"
"11","10","0.0025","0.29","3","0.5","0.05","1","80","5","8","0","0.5","10","25","281","11.516014234875446","3.5765124555160144"
"8","10","0.001","0.29","3","0.5","0.05","1","80","5","8","0","0.5","10","38","267","11.602996254681647","3.9737827715355807"
"10","10","0.001","0.29","3","0.5","0.05","1","80","5","8","0","0.5","10","30","251","11.50597609561753","4.143426294820717"
"11","10","0.0025","0.29","3","0.5","0.05","1","80","5","8","0","0.5","10","26","281","11.516014234875446","3.9715302491103204"
"8","10","0.001","0.29","3","0.5","0.05","1","80","5","8","0","0.5","10","39","267","11.602996254681647","3.9812734082397006"
"7","10","0.001","0.29","3","0.5","0.05","1","80","5","8","0","0.5","10","40","238","11.6890756302521","4.121848739495798"
"11","10","0.0025","0.29","3","0.5","0.05","1","80","5","8","0","0.5","10","27","278","11.366906474820144","3.960431654676259"
"7","10","0.001","0.29","3","0.5","0.05","1","80","5","8","0","0.5","10","41","235","11.557446808510639","4.123404255319149"
"12","10","0.0025","0.29","3","0.5","0.05","1","80","5","8","0","0.5","10","16","252","11.841269841269842","4.182539682539683"
"9","10","0.001","0.29","3","0.5","0.05","1","80","5","8","0","0.5","10","34","249","11.863453815261044","4.0120481927710845"
"7","10","0.001","0.29","3","0.5","0.05","1","80","5","8","0","0.5","10","42","235","11.557446808510639","4.127659574468085"
"12","10","0.0025","0.29","3","0.5","0.05","1","80","5","8","0","0.5","10","17","250","11.736","4.18"
"10","10","0.001","0.29","3","0.5","0.05","1","80","5","8","0","0.5","10","31","250","11.536","4.148"
"9","10","0.001","0.29","3","0.5","0.05","1","80","5","8","0","0.5","10","35","248","11.814516129032258","4.012096774193548"
"8","10","0.001","0.29","3","0.5","0.05","1","80","5","8","0","0.5","10","40","267","11.655430711610487","3.9812734082397006"
"12","10","0.0025","0.29","3","0.5","0.05","1","80","5","8","0","0.5","10","18","249","11.670682730923694","4.180722891566265"
"10","10","0.001","0.29","3","0.5","0.05","1","80","5","8","0","0.5","10","32","248","11.475806451612904","4.145161290322581"
"9","10","0.001","0.29","3","0.5","0.05","1","80","5","8","0","0.5","10","36","241","11.41908713692946","4.012448132780083"
"8","10","0.001","0.29","3","0.5","0.05","1","80","5","8","0","0.5","10","41","265","11.554716981132076","3.9773584905660377"
"10","10","0.001","0.29","3","0.5","0.05","1","80","5","8","0","0.5","10","33","246","11.341463414634147","4.146341463414634"
"8","10","0.001","0.29","3","0.5","0.05","1","80","5","8","0","0.5","10","42","265","11.554716981132076","3.9849056603773585"
"11","10","0.0025","0.29","3","0.5","0.05","1","80","5","8","0","0.5","10","28","275","11.432727272727274","3.9709090909090907"
"7","10","0.001","0.29","3","0.5","0.05","1","80","5","8","0","0.5","10","43","235","11.787234042553191","4.123404255319149"
"12","10","0.0025","0.29","3","0.5","0.05","1","80","5","8","0","0.5","10","19","248","11.709677419354838","4.181451612903226"
"11","10","0.0025","0.29","3","0.5","0.05","1","80","5","8","0","0.5","10","29","274","11.379562043795621","3.9671532846715327"
"7","10","0.001","0.29","3","0.5","0.05","1","80","5","8","0","0.5","10","44","234","11.735042735042734","4.1239316239316235"
"12","10","0.0025","0.29","3","0.5","0.05","1","80","5","8","0","0.5","10","20","247","11.65991902834008","4.182186234817814"
"11","10","0.0025","0.29","3","0.5","0.05","1","80","5","8","0","0.5","10","30","274","11.379562043795621","3.9708029197080292"
"7","10","0.001","0.29","3","0.5","0.05","1","80","5","8","0","0.5","10","45","234","11.735042735042734","4.1239316239316235"
"12","10","0.0025","0.29","3","0.5","0.05","1","80","5","8","0","0.5","10","21","246","11.59349593495935","4.182926829268292"
"10","10","0.001","0.29","3","0.5","0.05","1","80","5","8","0","0.5","10","34","246","11.495934959349594","4.146341463414634"
"8","10","0.001","0.29","3","0.5","0.05","1","80","5","8","0","0.5","10","43","265","11.645283018867925","3.9773584905660377"
"10","10","0.001","0.29","3","0.5","0.05","1","80","5","8","0","0.5","10","35","246","11.495934959349594","4.146341463414634"
"8","10","0.001","0.29","3","0.5","0.05","1","80","5","8","0","0.5","10","44","265","11.645283018867925","3.973584905660377"
"9","10","0.001","0.29","3","0.5","0.05","1","80","5","8","0","0.5","10","37","266","11.488721804511279","3.6353383458646618"
"10","10","0.001","0.29","3","0.5","0.05","1","80","5","8","0","0.5","10","36","244","11.39344262295082","4.147540983606557"
"7","10","0.001","0.29","3","0.5","0.05","1","80","5","8","0","0.5","10","46","234","11.820512820512821","4.1239316239316235"
"8","10","0.001","0.29","3","0.5","0.05","1","80","5","8","0","0.5","10","45","265","11.645283018867925","3.973584905660377"
"12","10","0.0025","0.29","3","0.5","0.05","1","80","5","8","0","0.5","10","22","244","11.663934426229508","4.184426229508197"
"7","10","0.001","0.29","3","0.5","0.05","1","80","5","8","0","0.5","10","47","233","11.776824034334764","4.128755364806867"
"9","10","0.001","0.29","3","0.5","0.05","1","80","5","8","0","0.5","10","38","264","11.386363636363637","3.977272727272727"
"7","10","0.001","0.29","3","0.5","0.05","1","80","5","8","0","0.5","10","48","233","11.776824034334764","4.128755364806867"
"11","10","0.0025","0.29","3","0.5","0.05","1","80","5","8","0","0.5","10","31","274","11.627737226277372","3.9671532846715327"
"9","10","0.001","0.29","3","0.5","0.05","1","80","5","8","0","0.5","10","39","263","11.32319391634981","3.988593155893536"
"12","10","0.0025","0.29","3","0.5","0.05","1","80","5","8","0","0.5","10","23","242","11.537190082644628","4.181818181818182"
"11","10","0.0025","0.29","3","0.5","0.05","1","80","5","8","0","0.5","10","32","273","11.58974358974359","3.967032967032967"
"12","10","0.0025","0.29","3","0.5","0.05","1","80","5","8","0","0.5","10","24","242","11.537190082644628","4.181818181818182"
"11","10","0.0025","0.29","3","0.5","0.05","1","80","5","8","0","0.5","10","33","271","11.498154981549815","3.9667896678966788"
"8","10","0.001","0.29","3","0.5","0.05","1","80","5","8","0","0.5","10","46","265","11.69811320754717","3.9773584905660377"
"8","10","0.001","0.29","3","0.5","0.05","1","80","5","8","0","0.5","10","47","264","11.636363636363637","3.977272727272727"
"10","10","0.001","0.29","3","0.5","0.05","1","80","5","8","0","0.5","10","37","269","11.28624535315985","3.7620817843866172"
"8","10","0.001","0.29","3","0.5","0.05","1","80","5","8","0","0.5","10","48","263","11.5893536121673","3.973384030418251"
"9","10","0.001","0.29","3","0.5","0.05","1","80","5","8","0","0.5","10","40","261","11.340996168582375","3.9885057471264367"
"10","10","0.001","0.29","3","0.5","0.05","1","80","5","8","0","0.5","10","38","268","11.223880597014926","4.145522388059701"
"7","10","0.001","0.29","3","0.5","0.05","1","80","5","8","0","0.5","10","49","254","11.511811023622048","3.767716535433071"
"9","10","0.001","0.29","3","0.5","0.05","1","80","5","8","0","0.5","10","41","259","11.235521235521235","3.988416988416988"
"10","10","0.001","0.29","3","0.5","0.05","1","80","5","8","0","0.5","10","39","267","11.161048689138577","4.149812734082397"
"7","10","0.001","0.29","3","0.5","0.05","1","80","5","8","0","0.5","10","50","254","11.511811023622048","4.094488188976378"
"11","10","0.0025","0.29","3","0.5","0.05","1","80","5","8","0","0.5","10","34","268","11.507462686567164","3.966417910447761"
"9","10","0.001","0.29","3","0.5","0.05","1","80","5","8","0","0.5","10","42","257","11.198443579766536","3.9883268482490273"
"12","10","0.0025","0.29","3","0.5","0.05","1","80","5","8","0","0.5","10","25","266","11.421052631578947","3.8045112781954886"
"7","10","0.001","0.29","3","0.5","0.05","1","80","5","8","0","0.5","10","51","253","11.446640316205533","4.098814229249012"
"11","10","0.0025","0.29","3","0.5","0.05","1","80","5","8","0","0.5","10","35","268","11.507462686567164","3.966417910447761"
"12","10","0.0025","0.29","3","0.5","0.05","1","80","5","8","0","0.5","10","26","265","11.433962264150944","4.169811320754717"
"11","10","0.0025","0.29","3","0.5","0.05","1","80","5","8","0","0.5","10","36","268","11.507462686567164","3.966417910447761"
"12","10","0.0025","0.29","3","0.5","0.05","1","80","5","8","0","0.5","10","27","261","11.218390804597702","4.164750957854406"
"10","10","0.001","0.29","3","0.5","0.05","1","80","5","8","0","0.5","10","40","265","11.184905660377359","4.1471698113207545"
"10","10","0.001","0.29","3","0.5","0.05","1","80","5","8","0","0.5","10","41","264","11.143939393939394","4.140151515151516"
"7","10","0.001","0.29","3","0.5","0.05","1","80","5","8","0","0.5","10","52","250","11.36","4.108"
"8","10","0.001","0.29","3","0.5","0.05","1","80","5","8","0","0.5","10","49","279","11.598566308243727","3.7311827956989245"
"9","10","0.001","0.29","3","0.5","0.05","1","80","5","8","0","0.5","10","43","255","11.301960784313726","3.988235294117647"
"10","10","0.001","0.29","3","0.5","0.05","1","80","5","8","0","0.5","10","42","263","11.102661596958175","4.136882129277566"
"7","10","0.001","0.29","3","0.5","0.05","1","80","5","8","0","0.5","10","53","249","11.293172690763052","4.108433734939759"
"8","10","0.001","0.29","3","0.5","0.05","1","80","5","8","0","0.5","10","50","278","11.546762589928058","4.003597122302159"
"9","10","0.001","0.29","3","0.5","0.05","1","80","5","8","0","0.5","10","44","252","11.166666666666666","3.988095238095238"
"7","10","0.001","0.29","3","0.5","0.05","1","80","5","8","0","0.5","10","54","247","11.190283400809717","4.105263157894737"
"8","10","0.001","0.29","3","0.5","0.05","1","80","5","8","0","0.5","10","51","278","11.546762589928058","3.9964028776978417"
"12","10","0.0025","0.29","3","0.5","0.05","1","80","5","8","0","0.5","10","28","261","11.35632183908046","4.168582375478927"
"9","10","0.001","0.29","3","0.5","0.05","1","80","5","8","0","0.5","10","45","250","11.056","3.988"
"12","10","0.0025","0.29","3","0.5","0.05","1","80","5","8","0","0.5","10","29","260","11.292307692307693","4.165384615384616"
"12","10","0.0025","0.29","3","0.5","0.05","1","80","5","8","0","0.5","10","30","260","11.292307692307693","4.1692307692307695"
"11","10","0.0025","0.29","3","0.5","0.05","1","80","5","8","0","0.5","10","37","295","11.423728813559322","3.593220338983051"
"10","10","0.001","0.29","3","0.5","0.05","1","80","5","8","0","0.5","10","43","262","11.229007633587786","4.141221374045801"
"8","10","0.001","0.29","3","0.5","0.05","1","80","5","8","0","0.5","10","52","275","11.52","3.9890909090909092"
"7","10","0.001","0.29","3","0.5","0.05","1","80","5","8","0","0.5","10","55","247","11.352226720647772","4.109311740890688"
"11","10","0.0025","0.29","3","0.5","0.05","1","80","5","8","0","0.5","10","38","293","11.358361774744028","3.986348122866894"
"10","10","0.001","0.29","3","0.5","0.05","1","80","5","8","0","0.5","10","44","262","11.229007633587786","4.148854961832061"
"8","10","0.001","0.29","3","0.5","0.05","1","80","5","8","0","0.5","10","53","275","11.52","3.9854545454545454"
"7","10","0.001","0.29","3","0.5","0.05","1","80","5","8","0","0.5","10","56","246","11.317073170731707","4.09349593495935"
"10","10","0.001","0.29","3","0.5","0.05","1","80","5","8","0","0.5","10","45","261","11.18007662835249","4.149425287356322"
"11","10","0.0025","0.29","3","0.5","0.05","1","80","5","8","0","0.5","10","39","292","11.301369863013699","3.9794520547945207"
"9","10","0.001","0.29","3","0.5","0.05","1","80","5","8","0","0.5","10","46","250","11.336","3.988"
"8","10","0.001","0.29","3","0.5","0.05","1","80","5","8","0","0.5","10","54","273","11.421245421245422","3.9816849816849818"
"12","10","0.0025","0.29","3","0.5","0.05","1","80","5","8","0","0.5","10","31","259","11.35907335907336","4.166023166023166"
"7","10","0.001","0.29","3","0.5","0.05","1","80","5","8","0","0.5","10","57","245","11.257142857142858","4.085714285714285"
"9","10","0.001","0.29","3","0.5","0.05","1","80","5","8","0","0.5","10","47","250","11.336","3.988"
"12","10","0.0025","0.29","3","0.5","0.05","1","80","5","8","0","0.5","10","32","258","11.30232558139535","4.166666666666667"
"9","10","0.001","0.29","3","0.5","0.05","1","80","5","8","0","0.5","10","48","248","11.258064516129032","3.9879032258064515"
"12","10","0.0025","0.29","3","0.5","0.05","1","80","5","8","0","0.5","10","33","258","11.30232558139535","4.166666666666667"
"10","10","0.001","0.29","3","0.5","0.05","1","80","5","8","0","0.5","10","46","259","11.227799227799228","4.154440154440154"
"11","10","0.0025","0.29","3","0.5","0.05","1","80","5","8","0","0.5","10","40","292","11.404109589041095","3.9726027397260273"
"7","10","0.001","0.29","3","0.5","0.05","1","80","5","8","0","0.5","10","58","245","11.395918367346939","4.085714285714285"
"10","10","0.001","0.29","3","0.5","0.05","1","80","5","8","0","0.5","10","47","257","11.09727626459144","4.151750972762646"
"8","10","0.001","0.29","3","0.5","0.05","1","80","5","8","0","0.5","10","55","272","11.5","3.9816176470588234"
"11","10","0.0025","0.29","3","0.5","0.05","1","80","5","8","0","0.5","10","41","291","11.360824742268042","3.9759450171821307"
"7","10","0.001","0.29","3","0.5","0.05","1","80","5","8","0","0.5","10","59","244","11.360655737704919","4.090163934426229"
"8","10","0.001","0.29","3","0.5","0.05","1","80","5","8","0","0.5","10","56","270","11.4","3.9814814814814814"
"10","10","0.001","0.29","3","0.5","0.05","1","80","5","8","0","0.5","10","48","255","11.003921568627451","4.149019607843138"
"11","10","0.0025","0.29","3","0.5","0.05","1","80","5","8","0","0.5","10","42","291","11.360824742268042","3.9759450171821307"
"7","10","0.001","0.29","3","0.5","0.05","1","80","5","8","0","0.5","10","60","244","11.360655737704919","4.086065573770492"
"12","10","0.0025","0.29","3","0.5","0.05","1","80","5","8","0","0.5","10","34","257","11.400778210116732","4.167315175097277"
"8","10","0.001","0.29","3","0.5","0.05","1","80","5","8","0","0.5","10","57","269","11.345724907063197","3.9814126394052045"
"12","10","0.0025","0.29","3","0.5","0.05","1","80","5","8","0","0.5","10","35","256","11.3359375","4.16796875"
"12","10","0.0025","0.29","3","0.5","0.05","1","80","5","8","0","0.5","10","36","255","11.286274509803922","4.1686274509803924"
"9","10","0.001","0.29","3","0.5","0.05","1","80","5","8","0","0.5","10","49","277","11.176895306859207","3.555956678700361"
"9","10","0.001","0.29","3","0.5","0.05","1","80","5","8","0","0.5","10","50","277","11.176895306859207","4.003610108303249"
"11","10","0.0025","0.29","3","0.5","0.05","1","80","5","8","0","0.5","10","43","291","11.484536082474227","3.9759450171821307"
"9","10","0.001","0.29","3","0.5","0.05","1","80","5","8","0","0.5","10","51","273","11.025641025641026","4"
"11","10","0.0025","0.29","3","0.5","0.05","1","80","5","8","0","0.5","10","44","287","11.317073170731707","3.975609756097561"
"7","10","0.001","0.29","3","0.5","0.05","1","80","5","8","0","0.5","10","61","256","11.375","3.90234375"
"8","10","0.001","0.29","3","0.5","0.05","1","80","5","8","0","0.5","10","58","269","11.58364312267658","3.9814126394052045"
"11","10","0.0025","0.29","3","0.5","0.05","1","80","5","8","0","0.5","10","45","286","11.27972027972028","3.9685314685314683"
"10","10","0.001","0.29","3","0.5","0.05","1","80","5","8","0","0.5","10","49","265","11.283018867924529","3.973584905660377"
"7","10","0.001","0.29","3","0.5","0.05","1","80","5","8","0","0.5","10","62","256","11.375","4.0703125"
"8","10","0.001","0.29","3","0.5","0.05","1","80","5","8","0","0.5","10","59","266","11.443609022556391","3.9849624060150375"
"10","10","0.001","0.29","3","0.5","0.05","1","80","5","8","0","0.5","10","50","262","11.19083969465649","4.145038167938932"
"7","10","0.001","0.29","3","0.5","0.05","1","80","5","8","0","0.5","10","63","254","11.251968503937007","4.094488188976378"
"8","10","0.001","0.29","3","0.5","0.05","1","80","5","8","0","0.5","10","60","264","11.356060606060606","3.992424242424242"
"12","10","0.0025","0.29","3","0.5","0.05","1","80","5","8","0","0.5","10","37","280","11.271428571428572","3.7964285714285713"
"10","10","0.001","0.29","3","0.5","0.05","1","80","5","8","0","0.5","10","51","261","11.126436781609195","4.137931034482759"
"9","10","0.001","0.29","3","0.5","0.05","1","80","5","8","0","0.5","10","52","273","11.2014652014652","3.989010989010989"
"12","10","0.0025","0.29","3","0.5","0.05","1","80","5","8","0","0.5","10","38","277","11.104693140794224","4.11913357400722"
"9","10","0.001","0.29","3","0.5","0.05","1","80","5","8","0","0.5","10","53","273","11.2014652014652","3.9816849816849818"
"12","10","0.0025","0.29","3","0.5","0.05","1","80","5","8","0","0.5","10","39","277","11.104693140794224","4.108303249097473"
"7","10","0.001","0.29","3","0.5","0.05","1","80","5","8","0","0.5","10","64","253","11.288537549407115","4.086956521739131"
"9","10","0.001","0.29","3","0.5","0.05","1","80","5","8","0","0.5","10","54","273","11.2014652014652","3.9853479853479854"
"11","10","0.0025","0.29","3","0.5","0.05","1","80","5","8","0","0.5","10","46","286","11.433566433566433","3.9615384615384617"
"7","10","0.001","0.29","3","0.5","0.05","1","80","5","8","0","0.5","10","65","252","11.253968253968255","4.087301587301587"
"11","10","0.0025","0.29","3","0.5","0.05","1","80","5","8","0","0.5","10","47","284","11.359154929577464","3.964788732394366"
"10","10","0.001","0.29","3","0.5","0.05","1","80","5","8","0","0.5","10","52","260","11.223076923076922","4.138461538461539"
"7","10","0.001","0.29","3","0.5","0.05","1","80","5","8","0","0.5","10","66","251","11.203187250996017","4.087649402390438"
"11","10","0.0025","0.29","3","0.5","0.05","1","80","5","8","0","0.5","10","48","283","11.321554770318022","3.96113074204947"
"10","10","0.001","0.29","3","0.5","0.05","1","80","5","8","0","0.5","10","53","260","11.223076923076922","4.138461538461539"
"8","10","0.001","0.29","3","0.5","0.05","1","80","5","8","0","0.5","10","61","288","11.333333333333334","3.6666666666666665"
"10","10","0.001","0.29","3","0.5","0.05","1","80","5","8","0","0.5","10","54","259","11.173745173745173","4.142857142857143"
"12","10","0.0025","0.29","3","0.5","0.05","1","80","5","8","0","0.5","10","40","276","11.217391304347826","4.11231884057971"
"9","10","0.001","0.29","3","0.5","0.05","1","80","5","8","0","0.5","10","55","272","11.257352941176471","3.9816176470588234"
"8","10","0.001","0.29","3","0.5","0.05","1","80","5","8","0","0.5","10","62","286","11.244755244755245","3.9545454545454546"
"9","10","0.001","0.29","3","0.5","0.05","1","80","5","8","0","0.5","10","56","272","11.257352941176471","3.985294117647059"
"7","10","0.001","0.29","3","0.5","0.05","1","80","5","8","0","0.5","10","67","249","11.21285140562249","4.088353413654619"
"12","10","0.0025","0.29","3","0.5","0.05","1","80","5","8","0","0.5","10","41","274","11.182481751824817","4.109489051094891"
"8","10","0.001","0.29","3","0.5","0.05","1","80","5","8","0","0.5","10","63","286","11.244755244755245","3.9615384615384617"
"9","10","0.001","0.29","3","0.5","0.05","1","80","5","8","0","0.5","10","57","271","11.202952029520295","3.981549815498155"
"7","10","0.001","0.29","3","0.5","0.05","1","80","5","8","0","0.5","10","68","249","11.21285140562249","4.088353413654619"
"12","10","0.0025","0.29","3","0.5","0.05","1","80","5","8","0","0.5","10","42","274","11.182481751824817","4.109489051094891"
"7","10","0.001","0.29","3","0.5","0.05","1","80","5","8","0","0.5","10","69","249","11.21285140562249","4.088353413654619"
"10","10","0.001","0.29","3","0.5","0.05","1","80","5","8","0","0.5","10","55","258","11.30232558139535","4.1395348837209305"
"10","10","0.001","0.29","3","0.5","0.05","1","80","5","8","0","0.5","10","56","256","11.21875","4.140625"
"10","10","0.001","0.29","3","0.5","0.05","1","80","5","8","0","0.5","10","57","253","11.08300395256917","4.138339920948616"
"11","10","0.0025","0.29","3","0.5","0.05","1","80","5","8","0","0.5","10","49","295","11.491525423728813","3.7898305084745765"
"7","10","0.001","0.29","3","0.5","0.05","1","80","5","8","0","0.5","10","70","247","11.214574898785425","4.089068825910931"
"9","10","0.001","0.29","3","0.5","0.05","1","80","5","8","0","0.5","10","58","269","11.219330855018587","3.9851301115241635"
"8","10","0.001","0.29","3","0.5","0.05","1","80","5","8","0","0.5","10","64","285","11.263157894736842","3.9543859649122806"
"11","10","0.0025","0.29","3","0.5","0.05","1","80","5","8","0","0.5","10","50","295","11.491525423728813","3.986440677966102"
"12","10","0.0025","0.29","3","0.5","0.05","1","80","5","8","0","0.5","10","43","273","11.31868131868132","4.113553113553113"
"9","10","0.001","0.29","3","0.5","0.05","1","80","5","8","0","0.5","10","59","267","11.168539325842696","3.9850187265917603"
"7","10","0.001","0.29","3","0.5","0.05","1","80","5","8","0","0.5","10","71","244","11.09016393442623","4.090163934426229"
"8","10","0.001","0.29","3","0.5","0.05","1","80","5","8","0","0.5","10","65","284","11.211267605633802","3.9577464788732395"
"12","10","0.0025","0.29","3","0.5","0.05","1","80","5","8","0","0.5","10","44","273","11.31868131868132","4.117216117216117"
"11","10","0.0025","0.29","3","0.5","0.05","1","80","5","8","0","0.5","10","51","291","11.305841924398626","3.986254295532646"
"7","10","0.001","0.29","3","0.5","0.05","1","80","5","8","0","0.5","10","72","243","11.053497942386832","4.090534979423868"
"9","10","0.001","0.29","3","0.5","0.05","1","80","5","8","0","0.5","10","60","262","11.045801526717558","3.984732824427481"
"8","10","0.001","0.29","3","0.5","0.05","1","80","5","8","0","0.5","10","66","283","11.173144876325088","3.9575971731448765"
"12","10","0.0025","0.29","3","0.5","0.05","1","80","5","8","0","0.5","10","45","272","11.279411764705882","4.117647058823529"
"10","10","0.001","0.29","3","0.5","0.05","1","80","5","8","0","0.5","10","58","252","11.301587301587302","4.134920634920635"
"10","10","0.001","0.29","3","0.5","0.05","1","80","5","8","0","0.5","10","59","252","11.301587301587302","4.134920634920635"
"10","10","0.001","0.29","3","0.5","0.05","1","80","5","8","0","0.5","10","60","251","11.266932270916335","4.135458167330677"
"12","10","0.0025","0.29","3","0.5","0.05","1","80","5","8","0","0.5","10","46","270","11.392592592592592","4.118518518518519"
"11","10","0.0025","0.29","3","0.5","0.05","1","80","5","8","0","0.5","10","52","289","11.356401384083044","3.986159169550173"
"12","10","0.0025","0.29","3","0.5","0.05","1","80","5","8","0","0.5","10","47","270","11.392592592592592","4.114814814814815"
"8","10","0.001","0.29","3","0.5","0.05","1","80","5","8","0","0.5","10","67","282","11.304964539007091","3.9645390070921986"
"11","10","0.0025","0.29","3","0.5","0.05","1","80","5","8","0","0.5","10","53","289","11.356401384083044","3.986159169550173"
"12","10","0.0025","0.29","3","0.5","0.05","1","80","5","8","0","0.5","10","48","270","11.392592592592592","4.118518518518519"
"8","10","0.001","0.29","3","0.5","0.05","1","80","5","8","0","0.5","10","68","281","11.266903914590747","3.9644128113879002"
"7","10","0.001","0.29","3","0.5","0.05","1","80","5","8","0","0.5","10","73","275","10.930909090909092","3.6"
"11","10","0.0025","0.29","3","0.5","0.05","1","80","5","8","0","0.5","10","54","288","11.305555555555555","3.9895833333333335"
"8","10","0.001","0.29","3","0.5","0.05","1","80","5","8","0","0.5","10","69","280","11.207142857142857","3.9642857142857144"
"7","10","0.001","0.29","3","0.5","0.05","1","80","5","8","0","0.5","10","74","273","10.835164835164836","4.124542124542124"
"9","10","0.001","0.29","3","0.5","0.05","1","80","5","8","0","0.5","10","61","282","11.22695035460993","3.6879432624113475"
"7","10","0.001","0.29","3","0.5","0.05","1","80","5","8","0","0.5","10","75","272","10.794117647058824","4.113970588235294"
"9","10","0.001","0.29","3","0.5","0.05","1","80","5","8","0","0.5","10","62","281","11.174377224199288","3.98576512455516"
"10","10","0.001","0.29","3","0.5","0.05","1","80","5","8","0","0.5","10","61","257","11.361867704280156","3.992217898832685"
"9","10","0.001","0.29","3","0.5","0.05","1","80","5","8","0","0.5","10","63","280","11.135714285714286","3.9892857142857143"
"10","10","0.001","0.29","3","0.5","0.05","1","80","5","8","0","0.5","10","62","255","11.286274509803922","4.145098039215687"
"10","10","0.001","0.29","3","0.5","0.05","1","80","5","8","0","0.5","10","63","253","11.201581027667984","4.130434782608695"
"11","10","0.0025","0.29","3","0.5","0.05","1","80","5","8","0","0.5","10","55","288","11.416666666666666","3.9895833333333335"
"8","10","0.001","0.29","3","0.5","0.05","1","80","5","8","0","0.5","10","70","280","11.414285714285715","3.9642857142857144"
"11","10","0.0025","0.29","3","0.5","0.05","1","80","5","8","0","0.5","10","56","288","11.416666666666666","3.986111111111111"
"12","10","0.0025","0.29","3","0.5","0.05","1","80","5","8","0","0.5","10","49","292","11.472602739726028","3.8047945205479454"
"7","10","0.001","0.29","3","0.5","0.05","1","80","5","8","0","0.5","10","76","270","10.925925925925926","4.114814814814815"
"8","10","0.001","0.29","3","0.5","0.05","1","80","5","8","0","0.5","10","71","280","11.414285714285715","3.9642857142857144"
"11","10","0.0025","0.29","3","0.5","0.05","1","80","5","8","0","0.5","10","57","288","11.416666666666666","3.9930555555555554"
"12","10","0.0025","0.29","3","0.5","0.05","1","80","5","8","0","0.5","10","50","291","11.443298969072165","4.0893470790378"
"7","10","0.001","0.29","3","0.5","0.05","1","80","5","8","0","0.5","10","77","269","10.884758364312267","4.115241635687732"
"8","10","0.001","0.29","3","0.5","0.05","1","80","5","8","0","0.5","10","72","279","11.383512544802867","3.96415770609319"
"9","10","0.001","0.29","3","0.5","0.05","1","80","5","8","0","0.5","10","64","279","11.204301075268818","3.985663082437276"
"12","10","0.0025","0.29","3","0.5","0.05","1","80","5","8","0","0.5","10","51","291","11.443298969072165","4.092783505154639"
"10","10","0.001","0.29","3","0.5","0.05","1","80","5","8","0","0.5","10","64","253","11.351778656126482","4.118577075098814"
"7","10","0.001","0.29","3","0.5","0.05","1","80","5","8","0","0.5","10","78","267","10.786516853932584","4.119850187265918"
"9","10","0.001","0.29","3","0.5","0.05","1","80","5","8","0","0.5","10","65","279","11.204301075268818","3.982078853046595"
"10","10","0.001","0.29","3","0.5","0.05","1","80","5","8","0","0.5","10","65","252","11.34920634920635","4.119047619047619"
"9","10","0.001","0.29","3","0.5","0.05","1","80","5","8","0","0.5","10","66","279","11.204301075268818","3.982078853046595"
"10","10","0.001","0.29","3","0.5","0.05","1","80","5","8","0","0.5","10","66","250","11.248","4.124"
"11","10","0.0025","0.29","3","0.5","0.05","1","80","5","8","0","0.5","10","58","287","11.428571428571429","3.9825783972125435"
"12","10","0.0025","0.29","3","0.5","0.05","1","80","5","8","0","0.5","10","52","290","11.50344827586207","4.089655172413793"
"11","10","0.0025","0.29","3","0.5","0.05","1","80","5","8","0","0.5","10","59","286","11.391608391608392","3.9895104895104896"
"8","10","0.001","0.29","3","0.5","0.05","1","80","5","8","0","0.5","10","73","284","11.514084507042254","3.8556338028169015"
"12","10","0.0025","0.29","3","0.5","0.05","1","80","5","8","0","0.5","10","53","289","11.460207612456747","4.093425605536332"
"7","10","0.001","0.29","3","0.5","0.05","1","80","5","8","0","0.5","10","79","267","11.03370786516854","4.127340823970037"
"11","10","0.0025","0.29","3","0.5","0.05","1","80","5","8","0","0.5","10","60","283","11.236749116607774","3.989399293286219"
"10","10","0.001","0.29","3","0.5","0.05","1","80","5","8","0","0.5","10","67","248","11.298387096774194","4.125"
"9","10","0.001","0.29","3","0.5","0.05","1","80","5","8","0","0.5","10","67","278","11.23021582733813","3.9784172661870505"
"8","10","0.001","0.29","3","0.5","0.05","1","80","5","8","0","0.5","10","74","283","11.469964664310954","4.003533568904594"
"7","10","0.001","0.29","3","0.5","0.05","1","80","5","8","0","0.5","10","80","267","11.03370786516854","4.127340823970037"
"12","10","0.0025","0.29","3","0.5","0.05","1","80","5","8","0","0.5","10","54","289","11.460207612456747","4.0899653979238755"
"10","10","0.001","0.29","3","0.5","0.05","1","80","5","8","0","0.5","10","68","247","11.238866396761134","4.129554655870446"
"9","10","0.001","0.29","3","0.5","0.05","1","80","5","8","0","0.5","10","68","275","11.127272727272727","3.978181818181818"
"8","10","0.001","0.29","3","0.5","0.05","1","80","5","8","0","0.5","10","75","282","11.411347517730496","4.00709219858156"
"7","10","0.001","0.29","3","0.5","0.05","1","80","5","8","0","0.5","10","81","265","10.943396226415095","4.124528301886793"
"10","10","0.001","0.29","3","0.5","0.05","1","80","5","8","0","0.5","10","69","246","11.178861788617887","4.130081300813008"
"9","10","0.001","0.29","3","0.5","0.05","1","80","5","8","0","0.5","10","69","274","11.08029197080292","3.978102189781022"
"12","10","0.0025","0.29","3","0.5","0.05","1","80","5","8","0","0.5","10","55","288","11.506944444444445","4.09375"
"10","10","0.001","0.29","3","0.5","0.05","1","80","5","8","0","0.5","10","70","246","11.382113821138212","4.130081300813008"
"8","10","0.001","0.29","3","0.5","0.05","1","80","5","8","0","0.5","10","76","282","11.47517730496454","4.00709219858156"
"7","10","0.001","0.29","3","0.5","0.05","1","80","5","8","0","0.5","10","82","264","11.075757575757576","4.121212121212121"
"12","10","0.0025","0.29","3","0.5","0.05","1","80","5","8","0","0.5","10","56","287","11.470383275261325","4.090592334494773"
"10","10","0.001","0.29","3","0.5","0.05","1","80","5","8","0","0.5","10","71","245","11.338775510204082","4.130612244897959"
"8","10","0.001","0.29","3","0.5","0.05","1","80","5","8","0","0.5","10","77","282","11.47517730496454","4.01418439716312"
"7","10","0.001","0.29","3","0.5","0.05","1","80","5","8","0","0.5","10","83","263","11.011406844106464","4.1216730038022815"
"9","10","0.001","0.29","3","0.5","0.05","1","80","5","8","0","0.5","10","70","273","11.2014652014652","3.978021978021978"
"12","10","0.0025","0.29","3","0.5","0.05","1","80","5","8","0","0.5","10","57","286","11.412587412587413","4.0874125874125875"
"10","10","0.001","0.29","3","0.5","0.05","1","80","5","8","0","0.5","10","72","244","11.295081967213115","4.131147540983607"
"11","10","0.0025","0.29","3","0.5","0.05","1","80","5","8","0","0.5","10","61","296","11.222972972972974","3.777027027027027"
"8","10","0.001","0.29","3","0.5","0.05","1","80","5","8","0","0.5","10","78","280","11.435714285714285","4.014285714285714"
"7","10","0.001","0.29","3","0.5","0.05","1","80","5","8","0","0.5","10","84","261","10.89655172413793","4.118773946360153"
"9","10","0.001","0.29","3","0.5","0.05","1","80","5","8","0","0.5","10","71","273","11.2014652014652","3.978021978021978"
"11","10","0.0025","0.29","3","0.5","0.05","1","80","5","8","0","0.5","10","62","293","11.15358361774744","4.027303754266212"
"9","10","0.001","0.29","3","0.5","0.05","1","80","5","8","0","0.5","10","72","272","11.147058823529411","3.9779411764705883"
"11","10","0.0025","0.29","3","0.5","0.05","1","80","5","8","0","0.5","10","63","292","11.123287671232877","4.010273972602739"
"8","10","0.001","0.29","3","0.5","0.05","1","80","5","8","0","0.5","10","79","279","11.491039426523297","4.010752688172043"
"12","10","0.0025","0.29","3","0.5","0.05","1","80","5","8","0","0.5","10","58","286","11.531468531468532","4.0874125874125875"
"8","10","0.001","0.29","3","0.5","0.05","1","80","5","8","0","0.5","10","80","276","11.326086956521738","4.010869565217392"
"12","10","0.0025","0.29","3","0.5","0.05","1","80","5","8","0","0.5","10","59","285","11.487719298245613","4.087719298245614"
"10","10","0.001","0.29","3","0.5","0.05","1","80","5","8","0","0.5","10","73","263","11.087452471482889","3.817490494296578"
"8","10","0.001","0.29","3","0.5","0.05","1","80","5","8","0","0.5","10","81","275","11.287272727272727","4.007272727272727"
"10","10","0.001","0.29","3","0.5","0.05","1","80","5","8","0","0.5","10","74","262","11.022900763358779","4.106870229007634"
"12","10","0.0025","0.29","3","0.5","0.05","1","80","5","8","0","0.5","10","60","284","11.43661971830986","4.088028169014085"
"11","10","0.0025","0.29","3","0.5","0.05","1","80","5","8","0","0.5","10","64","290","11.241379310344827","4.006896551724138"
"10","10","0.001","0.29","3","0.5","0.05","1","80","5","8","0","0.5","10","75","261","10.973180076628353","4.111111111111111"
"7","10","0.001","0.29","3","0.5","0.05","1","80","5","8","0","0.5","10","85","280","11.114285714285714","3.825"
"11","10","0.0025","0.29","3","0.5","0.05","1","80","5","8","0","0.5","10","65","289","11.197231833910035","4.013840830449827"
"9","10","0.001","0.29","3","0.5","0.05","1","80","5","8","0","0.5","10","73","285","11.228070175438596","3.7649122807017545"
"7","10","0.001","0.29","3","0.5","0.05","1","80","5","8","0","0.5","10","86","279","11.060931899641577","4.118279569892473"
"11","10","0.0025","0.29","3","0.5","0.05","1","80","5","8","0","0.5","10","66","289","11.197231833910035","4.013840830449827"
"9","10","0.001","0.29","3","0.5","0.05","1","80","5","8","0","0.5","10","74","281","11.145907473309608","3.98220640569395"
"7","10","0.001","0.29","3","0.5","0.05","1","80","5","8","0","0.5","10","87","278","11.02158273381295","4.118705035971223"
"9","10","0.001","0.29","3","0.5","0.05","1","80","5","8","0","0.5","10","75","281","11.145907473309608","3.98576512455516"
"10","10","0.001","0.29","3","0.5","0.05","1","80","5","8","0","0.5","10","76","259","11.003861003861005","4.100386100386101"
"8","10","0.001","0.29","3","0.5","0.05","1","80","5","8","0","0.5","10","82","275","11.44","4.010909090909091"
"10","10","0.001","0.29","3","0.5","0.05","1","80","5","8","0","0.5","10","77","259","11.003861003861005","4.104247104247104"
"8","10","0.001","0.29","3","0.5","0.05","1","80","5","8","0","0.5","10","83","273","11.355311355311356","4.007326007326007"
"10","10","0.001","0.29","3","0.5","0.05","1","80","5","8","0","0.5","10","78","257","10.8715953307393","4.101167315175097"
"11","10","0.0025","0.29","3","0.5","0.05","1","80","5","8","0","0.5","10","67","287","11.254355400696864","4.010452961672474"
"8","10","0.001","0.29","3","0.5","0.05","1","80","5","8","0","0.5","10","84","272","11.308823529411764","4.011029411764706"
"7","10","0.001","0.29","3","0.5","0.05","1","80","5","8","0","0.5","10","88","278","11.136690647482014","4.122302158273381"
"12","10","0.0025","0.29","3","0.5","0.05","1","80","5","8","0","0.5","10","61","295","11.640677966101695","3.922033898305085"
"11","10","0.0025","0.29","3","0.5","0.05","1","80","5","8","0","0.5","10","68","287","11.254355400696864","4.003484320557491"
"12","10","0.0025","0.29","3","0.5","0.05","1","80","5","8","0","0.5","10","62","294","11.591836734693878","4.081632653061225"
"7","10","0.001","0.29","3","0.5","0.05","1","80","5","8","0","0.5","10","89","278","11.136690647482014","4.122302158273381"
"9","10","0.001","0.29","3","0.5","0.05","1","80","5","8","0","0.5","10","76","281","11.266903914590747","3.9893238434163703"
"11","10","0.0025","0.29","3","0.5","0.05","1","80","5","8","0","0.5","10","69","284","11.133802816901408","4.01056338028169"
"12","10","0.0025","0.29","3","0.5","0.05","1","80","5","8","0","0.5","10","63","294","11.591836734693878","4.08843537414966"
"7","10","0.001","0.29","3","0.5","0.05","1","80","5","8","0","0.5","10","90","275","11.047272727272727","4.12"
"9","10","0.001","0.29","3","0.5","0.05","1","80","5","8","0","0.5","10","77","279","11.175627240143369","3.989247311827957"
"9","10","0.001","0.29","3","0.5","0.05","1","80","5","8","0","0.5","10","78","279","11.175627240143369","3.989247311827957"
"10","10","0.001","0.29","3","0.5","0.05","1","80","5","8","0","0.5","10","79","257","11.105058365758754","4.1050583657587545"
"10","10","0.001","0.29","3","0.5","0.05","1","80","5","8","0","0.5","10","80","255","11.003921568627451","4.098039215686274"
"10","10","0.001","0.29","3","0.5","0.05","1","80","5","8","0","0.5","10","81","253","10.924901185770752","4.102766798418973"
"12","10","0.0025","0.29","3","0.5","0.05","1","80","5","8","0","0.5","10","64","292","11.561643835616438","4.085616438356165"
"11","10","0.0025","0.29","3","0.5","0.05","1","80","5","8","0","0.5","10","70","283","11.286219081272085","4.021201413427562"
"8","10","0.001","0.29","3","0.5","0.05","1","80","5","8","0","0.5","10","85","302","11.172185430463577","3.609271523178808"
"7","10","0.001","0.29","3","0.5","0.05","1","80","5","8","0","0.5","10","91","275","11.170909090909092","4.12"
"12","10","0.0025","0.29","3","0.5","0.05","1","80","5","8","0","0.5","10","65","291","11.518900343642612","4.0893470790378"
"9","10","0.001","0.29","3","0.5","0.05","1","80","5","8","0","0.5","10","79","279","11.32616487455197","3.989247311827957"
"11","10","0.0025","0.29","3","0.5","0.05","1","80","5","8","0","0.5","10","71","283","11.286219081272085","4.017667844522968"
"7","10","0.001","0.29","3","0.5","0.05","1","80","5","8","0","0.5","10","92","273","11.084249084249084","4.124542124542124"
"8","10","0.001","0.29","3","0.5","0.05","1","80","5","8","0","0.5","10","86","299","11.023411371237458","4.046822742474917"
"11","10","0.0025","0.29","3","0.5","0.05","1","80","5","8","0","0.5","10","72","283","11.286219081272085","4.021201413427562"
"12","10","0.0025","0.29","3","0.5","0.05","1","80","5","8","0","0.5","10","66","290","11.482758620689655","4.086206896551724"
"9","10","0.001","0.29","3","0.5","0.05","1","80","5","8","0","0.5","10","80","279","11.32616487455197","3.989247311827957"
"8","10","0.001","0.29","3","0.5","0.05","1","80","5","8","0","0.5","10","87","299","11.023411371237458","4.046822742474917"
"7","10","0.001","0.29","3","0.5","0.05","1","80","5","8","0","0.5","10","93","271","11.00369003690037","4.132841328413284"
"10","10","0.001","0.29","3","0.5","0.05","1","80","5","8","0","0.5","10","82","250","11","4.096"
"9","10","0.001","0.29","3","0.5","0.05","1","80","5","8","0","0.5","10","81","279","11.32616487455197","3.989247311827957"
"10","10","0.001","0.29","3","0.5","0.05","1","80","5","8","0","0.5","10","83","249","10.939759036144578","4.100401606425703"
"10","10","0.001","0.29","3","0.5","0.05","1","80","5","8","0","0.5","10","84","248","10.89516129032258","4.096774193548387"
"9","10","0.001","0.29","3","0.5","0.05","1","80","5","8","0","0.5","10","82","277","11.306859205776174","3.9891696750902526"
"8","10","0.001","0.29","3","0.5","0.05","1","80","5","8","0","0.5","10","88","298","11.114093959731544","4.046979865771812"
"12","10","0.0025","0.29","3","0.5","0.05","1","80","5","8","0","0.5","10","67","290","11.606896551724137","4.089655172413793"
"7","10","0.001","0.29","3","0.5","0.05","1","80","5","8","0","0.5","10","94","271","11.173431734317344","4.125461254612546"
"9","10","0.001","0.29","3","0.5","0.05","1","80","5","8","0","0.5","10","83","276","11.26086956521739","3.989130434782609"
"8","10","0.001","0.29","3","0.5","0.05","1","80","5","8","0","0.5","10","89","298","11.114093959731544","4.046979865771812"
"7","10","0.001","0.29","3","0.5","0.05","1","80","5","8","0","0.5","10","95","271","11.173431734317344","4.125461254612546"
"12","10","0.0025","0.29","3","0.5","0.05","1","80","5","8","0","0.5","10","68","290","11.606896551724137","4.086206896551724"
"11","10","0.0025","0.29","3","0.5","0.05","1","80","5","8","0","0.5","10","73","304","11.19078947368421","3.7401315789473686"
"9","10","0.001","0.29","3","0.5","0.05","1","80","5","8","0","0.5","10","84","275","11.207272727272727","3.9890909090909092"
"7","10","0.001","0.29","3","0.5","0.05","1","80","5","8","0","0.5","10","96","270","11.125925925925927","4.122222222222222"
"8","10","0.001","0.29","3","0.5","0.05","1","80","5","8","0","0.5","10","90","298","11.114093959731544","4.050335570469799"
"12","10","0.0025","0.29","3","0.5","0.05","1","80","5","8","0","0.5","10","69","287","11.533101045296167","4.090592334494773"
"11","10","0.0025","0.29","3","0.5","0.05","1","80","5","8","0","0.5","10","74","303","11.155115511551156","4.03960396039604"
"10","10","0.001","0.29","3","0.5","0.05","1","80","5","8","0","0.5","10","85","270","10.933333333333334","3.7666666666666666"
"11","10","0.0025","0.29","3","0.5","0.05","1","80","5","8","0","0.5","10","75","303","11.155115511551156","4.042904290429043"
"10","10","0.001","0.29","3","0.5","0.05","1","80","5","8","0","0.5","10","86","269","10.884758364312267","4.115241635687732"
"10","10","0.001","0.29","3","0.5","0.05","1","80","5","8","0","0.5","10","87","268","10.835820895522389","4.119402985074627"
"8","10","0.001","0.29","3","0.5","0.05","1","80","5","8","0","0.5","10","91","298","11.21476510067114","4.053691275167785"
"12","10","0.0025","0.29","3","0.5","0.05","1","80","5","8","0","0.5","10","70","286","11.62937062937063","4.0874125874125875"
"8","10","0.001","0.29","3","0.5","0.05","1","80","5","8","0","0.5","10","92","297","11.164983164983164","4.047138047138047"
"12","10","0.0025","0.29","3","0.5","0.05","1","80","5","8","0","0.5","10","71","284","11.556338028169014","4.091549295774648"
"11","10","0.0025","0.29","3","0.5","0.05","1","80","5","8","0","0.5","10","76","301","11.22923588039867","4.0365448504983386"
"7","10","0.001","0.29","3","0.5","0.05","1","80","5","8","0","0.5","10","97","286","11.006993006993007","3.8776223776223775"
"9","10","0.001","0.29","3","0.5","0.05","1","80","5","8","0","0.5","10","85","289","11.22491349480969","3.782006920415225"
"8","10","0.001","0.29","3","0.5","0.05","1","80","5","8","0","0.5","10","93","297","11.164983164983164","4.047138047138047"
"12","10","0.0025","0.29","3","0.5","0.05","1","80","5","8","0","0.5","10","72","283","11.512367491166078","4.088339222614841"
"11","10","0.0025","0.29","3","0.5","0.05","1","80","5","8","0","0.5","10","77","299","11.150501672240802","4.010033444816053"
"10","10","0.001","0.29","3","0.5","0.05","1","80","5","8","0","0.5","10","88","268","10.955223880597014","4.115671641791045"
"9","10","0.001","0.29","3","0.5","0.05","1","80","5","8","0","0.5","10","86","289","11.22491349480969","4.003460207612457"
"7","10","0.001","0.29","3","0.5","0.05","1","80","5","8","0","0.5","10","98","283","10.918727915194346","4.134275618374558"
"10","10","0.001","0.29","3","0.5","0.05","1","80","5","8","0","0.5","10","89","267","10.906367041198502","4.119850187265918"
"11","10","0.0025","0.29","3","0.5","0.05","1","80","5","8","0","0.5","10","78","299","11.150501672240802","4.010033444816053"
"9","10","0.001","0.29","3","0.5","0.05","1","80","5","8","0","0.5","10","87","289","11.22491349480969","3.9930795847750864"
"7","10","0.001","0.29","3","0.5","0.05","1","80","5","8","0","0.5","10","99","282","10.872340425531915","4.120567375886525"
"10","10","0.001","0.29","3","0.5","0.05","1","80","5","8","0","0.5","10","90","266","10.857142857142858","4.116541353383458"
"8","10","0.001","0.29","3","0.5","0.05","1","80","5","8","0","0.5","10","94","297","11.225589225589225","4.047138047138047"
"8","10","0.001","0.29","3","0.5","0.05","1","80","5","8","0","0.5","10","95","296","11.18918918918919","4.050675675675675"
"9","10","0.001","0.29","3","0.5","0.05","1","80","5","8","0","0.5","10","88","288","11.194444444444445","3.9930555555555554"
"11","10","0.0025","0.29","3","0.5","0.05","1","80","5","8","0","0.5","10","79","298","11.208053691275168","4.006711409395973"
"10","10","0.001","0.29","3","0.5","0.05","1","80","5","8","0","0.5","10","91","266","11.015037593984962","4.120300751879699"
"8","10","0.001","0.29","3","0.5","0.05","1","80","5","8","0","0.5","10","96","295","11.145762711864407","4.054237288135593"
"9","10","0.001","0.29","3","0.5","0.05","1","80","5","8","0","0.5","10","89","285","11.059649122807018","3.9859649122807017"
"7","10","0.001","0.29","3","0.5","0.05","1","80","5","8","0","0.5","10","100","281","11.00355871886121","4.124555160142349"
"11","10","0.0025","0.29","3","0.5","0.05","1","80","5","8","0","0.5","10","80","298","11.208053691275168","4.0134228187919465"
"10","10","0.001","0.29","3","0.5","0.05","1","80","5","8","0","0.5","10","92","265","10.981132075471699","4.1169811320754715"
"7","10","0.001","0.29","3","0.5","0.05","1","80","5","8","0","0.5","10","101","281","11.00355871886121","4.128113879003559"
"9","10","0.001","0.29","3","0.5","0.05","1","80","5","8","0","0.5","10","90","284","11.028169014084508","3.98943661971831"
"12","10","0.0025","0.29","3","0.5","0.05","1","80","5","8","0","0.5","10","73","298","11.442953020134228","3.8456375838926173"
"11","10","0.0025","0.29","3","0.5","0.05","1","80","5","8","0","0.5","10","81","297","11.171717171717171","4.013468013468014"
"10","10","0.001","0.29","3","0.5","0.05","1","80","5","8","0","0.5","10","93","265","10.981132075471699","4.120754716981132"
"7","10","0.001","0.29","3","0.5","0.05","1","80","5","8","0","0.5","10","102","279","10.924731182795698","4.136200716845878"
"12","10","0.0025","0.29","3","0.5","0.05","1","80","5","8","0","0.5","10","74","296","11.358108108108109","4.081081081081081"
"12","10","0.0025","0.29","3","0.5","0.05","1","80","5","8","0","0.5","10","75","295","11.322033898305085","4.077966101694916"
"9","10","0.001","0.29","3","0.5","0.05","1","80","5","8","0","0.5","10","91","283","11.109540636042404","3.9858657243816253"
"10","10","0.001","0.29","3","0.5","0.05","1","80","5","8","0","0.5","10","94","265","11.064150943396227","4.1169811320754715"
"11","10","0.0025","0.29","3","0.5","0.05","1","80","5","8","0","0.5","10","82","296","11.20945945945946","4.016891891891892"
"11","10","0.0025","0.29","3","0.5","0.05","1","80","5","8","0","0.5","10","83","295","11.166101694915254","4.013559322033898"
"10","10","0.001","0.29","3","0.5","0.05","1","80","5","8","0","0.5","10","95","262","10.916030534351146","4.122137404580153"
"9","10","0.001","0.29","3","0.5","0.05","1","80","5","8","0","0.5","10","92","283","11.109540636042404","3.9858657243816253"
"7","10","0.001","0.29","3","0.5","0.05","1","80","5","8","0","0.5","10","103","278","11.007194244604317","4.133093525179856"
"11","10","0.0025","0.29","3","0.5","0.05","1","80","5","8","0","0.5","10","84","293","11.098976109215018","4.017064846416382"
"7","10","0.001","0.29","3","0.5","0.05","1","80","5","8","0","0.5","10","104","276","10.898550724637682","4.130434782608695"
"9","10","0.001","0.29","3","0.5","0.05","1","80","5","8","0","0.5","10","93","283","11.109540636042404","3.9858657243816253"
"10","10","0.001","0.29","3","0.5","0.05","1","80","5","8","0","0.5","10","96","261","10.865900383141762","4.118773946360153"
"8","10","0.001","0.29","3","0.5","0.05","1","80","5","8","0","0.5","10","97","311","11.07395498392283","3.7942122186495175"
"12","10","0.0025","0.29","3","0.5","0.05","1","80","5","8","0","0.5","10","76","294","11.387755102040817","4.068027210884353"
"7","10","0.001","0.29","3","0.5","0.05","1","80","5","8","0","0.5","10","105","276","10.898550724637682","4.13768115942029"
"8","10","0.001","0.29","3","0.5","0.05","1","80","5","8","0","0.5","10","98","310","11.019354838709678","4.061290322580645"
"12","10","0.0025","0.29","3","0.5","0.05","1","80","5","8","0","0.5","10","77","292","11.294520547945206","4.071917808219178"
"8","10","0.001","0.29","3","0.5","0.05","1","80","5","8","0","0.5","10","99","310","11.019354838709678","4.051612903225807"
"12","10","0.0025","0.29","3","0.5","0.05","1","80","5","8","0","0.5","10","78","290","11.248275862068965","4.068965517241379"
"9","10","0.001","0.29","3","0.5","0.05","1","80","5","8","0","0.5","10","94","282","11.141843971631205","3.9858156028368796"
"9","10","0.001","0.29","3","0.5","0.05","1","80","5","8","0","0.5","10","95","282","11.141843971631205","3.9858156028368796"
"9","10","0.001","0.29","3","0.5","0.05","1","80","5","8","0","0.5","10","96","281","11.11032028469751","3.9893238434163703"
"7","10","0.001","0.29","3","0.5","0.05","1","80","5","8","0","0.5","10","106","274","11.007299270072993","4.127737226277373"
"10","10","0.001","0.29","3","0.5","0.05","1","80","5","8","0","0.5","10","97","281","10.811387900355871","3.814946619217082"
"7","10","0.001","0.29","3","0.5","0.05","1","80","5","8","0","0.5","10","107","273","10.952380952380953","4.131868131868132"
"8","10","0.001","0.29","3","0.5","0.05","1","80","5","8","0","0.5","10","100","309","11.080906148867314","4.048543689320389"
"10","10","0.001","0.29","3","0.5","0.05","1","80","5","8","0","0.5","10","98","280","10.75","4.128571428571429"
"11","10","0.0025","0.29","3","0.5","0.05","1","80","5","8","0","0.5","10","85","308","11.220779220779221","3.8181818181818183"
"12","10","0.0025","0.29","3","0.5","0.05","1","80","5","8","0","0.5","10","79","288","11.291666666666666","4.072916666666667"
"7","10","0.001","0.29","3","0.5","0.05","1","80","5","8","0","0.5","10","108","273","10.952380952380953","4.128205128205129"
"8","10","0.001","0.29","3","0.5","0.05","1","80","5","8","0","0.5","10","101","308","11.045454545454545","4.045454545454546"
"10","10","0.001","0.29","3","0.5","0.05","1","80","5","8","0","0.5","10","99","279","10.695340501792115","4.136200716845878"
"12","10","0.0025","0.29","3","0.5","0.05","1","80","5","8","0","0.5","10","80","288","11.291666666666666","4.069444444444445"
"11","10","0.0025","0.29","3","0.5","0.05","1","80","5","8","0","0.5","10","86","307","11.185667752442997","4.022801302931596"
"8","10","0.001","0.29","3","0.5","0.05","1","80","5","8","0","0.5","10","102","307","11.009771986970684","4.045602605863192"
"12","10","0.0025","0.29","3","0.5","0.05","1","80","5","8","0","0.5","10","81","286","11.202797202797203","4.073426573426573"
"11","10","0.0025","0.29","3","0.5","0.05","1","80","5","8","0","0.5","10","87","306","11.156862745098039","4.016339869281046"
"9","10","0.001","0.29","3","0.5","0.05","1","80","5","8","0","0.5","10","97","294","11.183673469387756","3.7823129251700682"
"10","10","0.001","0.29","3","0.5","0.05","1","80","5","8","0","0.5","10","100","278","10.820143884892087","4.129496402877698"
"9","10","0.001","0.29","3","0.5","0.05","1","80","5","8","0","0.5","10","98","292","11.102739726027398","3.9863013698630136"
"10","10","0.001","0.29","3","0.5","0.05","1","80","5","8","0","0.5","10","101","277","10.772563176895307","4.126353790613718"
"9","10","0.001","0.29","3","0.5","0.05","1","80","5","8","0","0.5","10","99","291","11.072164948453608","3.986254295532646"
"8","10","0.001","0.29","3","0.5","0.05","1","80","5","8","0","0.5","10","103","303","10.970297029702971","4.042904290429043"
"11","10","0.0025","0.29","3","0.5","0.05","1","80","5","8","0","0.5","10","88","306","11.254901960784315","4.029411764705882"
"12","10","0.0025","0.29","3","0.5","0.05","1","80","5","8","0","0.5","10","82","286","11.426573426573427","4.06993006993007"
"7","10","0.001","0.29","3","0.5","0.05","1","80","5","8","0","0.5","10","109","292","11.013698630136986","3.835616438356164"
"10","10","0.001","0.29","3","0.5","0.05","1","80","5","8","0","0.5","10","102","277","10.772563176895307","4.122743682310469"
"8","10","0.001","0.29","3","0.5","0.05","1","80","5","8","0","0.5","10","104","303","10.970297029702971","4.03960396039604"
"11","10","0.0025","0.29","3","0.5","0.05","1","80","5","8","0","0.5","10","89","306","11.254901960784315","4.019607843137255"
"12","10","0.0025","0.29","3","0.5","0.05","1","80","5","8","0","0.5","10","83","283","11.293286219081272","4.067137809187279"
"7","10","0.001","0.29","3","0.5","0.05","1","80","5","8","0","0.5","10","110","291","10.97594501718213","4.106529209621993"
"8","10","0.001","0.29","3","0.5","0.05","1","80","5","8","0","0.5","10","105","300","10.853333333333333","4.043333333333333"
"12","10","0.0025","0.29","3","0.5","0.05","1","80","5","8","0","0.5","10","84","283","11.293286219081272","4.063604240282685"
"11","10","0.0025","0.29","3","0.5","0.05","1","80","5","8","0","0.5","10","90","306","11.254901960784315","4.029411764705882"
"7","10","0.001","0.29","3","0.5","0.05","1","80","5","8","0","0.5","10","111","290","10.931034482758621","4.13448275862069"
"9","10","0.001","0.29","3","0.5","0.05","1","80","5","8","0","0.5","10","100","291","11.161512027491408","3.986254295532646"
"10","10","0.001","0.29","3","0.5","0.05","1","80","5","8","0","0.5","10","103","276","10.869565217391305","4.1268115942028984"
"9","10","0.001","0.29","3","0.5","0.05","1","80","5","8","0","0.5","10","101","291","11.161512027491408","3.9828178694158076"
"10","10","0.001","0.29","3","0.5","0.05","1","80","5","8","0","0.5","10","104","276","10.869565217391305","4.1268115942028984"
"9","10","0.001","0.29","3","0.5","0.05","1","80","5","8","0","0.5","10","102","290","11.117241379310345","3.986206896551724"
"11","10","0.0025","0.29","3","0.5","0.05","1","80","5","8","0","0.5","10","91","303","11.188118811881187","4.01980198019802"
"7","10","0.001","0.29","3","0.5","0.05","1","80","5","8","0","0.5","10","112","289","11.017301038062284","4.1211072664359865"
"10","10","0.001","0.29","3","0.5","0.05","1","80","5","8","0","0.5","10","105","274","10.802919708029197","4.131386861313868"
"11","10","0.0025","0.29","3","0.5","0.05","1","80","5","8","0","0.5","10","92","303","11.188118811881187","4.02970297029703"
"7","10","0.001","0.29","3","0.5","0.05","1","80","5","8","0","0.5","10","113","286","10.867132867132867","4.129370629370629"
"11","10","0.0025","0.29","3","0.5","0.05","1","80","5","8","0","0.5","10","93","302","11.152317880794701","4.0198675496688745"
"8","10","0.001","0.29","3","0.5","0.05","1","80","5","8","0","0.5","10","106","299","11.043478260869565","4.043478260869565"
"12","10","0.0025","0.29","3","0.5","0.05","1","80","5","8","0","0.5","10","85","298","11.395973154362416","3.8624161073825505"
"7","10","0.001","0.29","3","0.5","0.05","1","80","5","8","0","0.5","10","114","286","10.867132867132867","4.115384615384615"
"8","10","0.001","0.29","3","0.5","0.05","1","80","5","8","0","0.5","10","107","297","10.956228956228957","4.040404040404041"
"9","10","0.001","0.29","3","0.5","0.05","1","80","5","8","0","0.5","10","103","290","11.206896551724139","3.9827586206896552"
"12","10","0.0025","0.29","3","0.5","0.05","1","80","5","8","0","0.5","10","86","298","11.395973154362416","4.057046979865772"
"8","10","0.001","0.29","3","0.5","0.05","1","80","5","8","0","0.5","10","108","296","10.966216216216216","4.043918918918919"
"12","10","0.0025","0.29","3","0.5","0.05","1","80","5","8","0","0.5","10","87","297","11.34006734006734","4.0606060606060606"
"10","10","0.001","0.29","3","0.5","0.05","1","80","5","8","0","0.5","10","106","273","10.893772893772894","4.13919413919414"
"9","10","0.001","0.29","3","0.5","0.05","1","80","5","8","0","0.5","10","104","287","11.114982578397212","3.9825783972125435"
"11","10","0.0025","0.29","3","0.5","0.05","1","80","5","8","0","0.5","10","94","302","11.245033112582782","4.029801324503311"
"9","10","0.001","0.29","3","0.5","0.05","1","80","5","8","0","0.5","10","105","285","11.059649122807018","3.982456140350877"
"10","10","0.001","0.29","3","0.5","0.05","1","80","5","8","0","0.5","10","107","273","10.893772893772894","4.135531135531136"
"10","10","0.001","0.29","3","0.5","0.05","1","80","5","8","0","0.5","10","108","271","10.804428044280442","4.136531365313653"
"11","10","0.0025","0.29","3","0.5","0.05","1","80","5","8","0","0.5","10","95","300","11.16","4.023333333333333"
"7","10","0.001","0.29","3","0.5","0.05","1","80","5","8","0","0.5","10","115","285","11.017543859649123","4.133333333333334"
"11","10","0.0025","0.29","3","0.5","0.05","1","80","5","8","0","0.5","10","96","299","11.117056856187292","4.043478260869565"
"7","10","0.001","0.29","3","0.5","0.05","1","80","5","8","0","0.5","10","116","285","11.017543859649123","4.12280701754386"
"12","10","0.0025","0.29","3","0.5","0.05","1","80","5","8","0","0.5","10","88","296","11.35135135135135","4.054054054054054"
"7","10","0.001","0.29","3","0.5","0.05","1","80","5","8","0","0.5","10","117","283","10.925795053003533","4.130742049469965"
"12","10","0.0025","0.29","3","0.5","0.05","1","80","5","8","0","0.5","10","89","295","11.301694915254238","4.047457627118644"
"9","10","0.001","0.29","3","0.5","0.05","1","80","5","8","0","0.5","10","106","284","11.154929577464788","3.982394366197183"
"12","10","0.0025","0.29","3","0.5","0.05","1","80","5","8","0","0.5","10","90","294","11.251700680272108","4.040816326530612"
"9","10","0.001","0.29","3","0.5","0.05","1","80","5","8","0","0.5","10","107","284","11.154929577464788","3.982394366197183"
"8","10","0.001","0.29","3","0.5","0.05","1","80","5","8","0","0.5","10","109","312","11.01923076923077","3.8141025641025643"
"9","10","0.001","0.29","3","0.5","0.05","1","80","5","8","0","0.5","10","108","282","11.063829787234043","3.982269503546099"
"10","10","0.001","0.29","3","0.5","0.05","1","80","5","8","0","0.5","10","109","280","11.014285714285714","4.003571428571429"
"8","10","0.001","0.29","3","0.5","0.05","1","80","5","8","0","0.5","10","110","311","10.983922829581994","4.032154340836013"
"10","10","0.001","0.29","3","0.5","0.05","1","80","5","8","0","0.5","10","110","278","10.971223021582734","4.129496402877698"
"7","10","0.001","0.29","3","0.5","0.05","1","80","5","8","0","0.5","10","118","282","11.049645390070921","4.120567375886525"
"10","10","0.001","0.29","3","0.5","0.05","1","80","5","8","0","0.5","10","111","278","10.971223021582734","4.118705035971223"
"8","10","0.001","0.29","3","0.5","0.05","1","80","5","8","0","0.5","10","111","308","10.88961038961039","4.0227272727272725"
"11","10","0.0025","0.29","3","0.5","0.05","1","80","5","8","0","0.5","10","97","310","11.212903225806452","3.8741935483870966"
"7","10","0.001","0.29","3","0.5","0.05","1","80","5","8","0","0.5","10","119","282","11.049645390070921","4.131205673758865"
"12","10","0.0025","0.29","3","0.5","0.05","1","80","5","8","0","0.5","10","91","293","11.296928327645052","4.044368600682594"
"11","10","0.0025","0.29","3","0.5","0.05","1","80","5","8","0","0.5","10","98","309","11.16504854368932","4.080906148867314"
"7","10","0.001","0.29","3","0.5","0.05","1","80","5","8","0","0.5","10","120","281","11.00355871886121","4.120996441281139"
"12","10","0.0025","0.29","3","0.5","0.05","1","80","5","8","0","0.5","10","92","290","11.186206896551724","4.041379310344827"
"11","10","0.0025","0.29","3","0.5","0.05","1","80","5","8","0","0.5","10","99","307","11.094462540716613","4.071661237785016"
"12","10","0.0025","0.29","3","0.5","0.05","1","80","5","8","0","0.5","10","93","289","11.14878892733564","4.044982698961937"
"10","10","0.001","0.29","3","0.5","0.05","1","80","5","8","0","0.5","10","112","277","11.03971119133574","4.11913357400722"
"10","10","0.001","0.29","3","0.5","0.05","1","80","5","8","0","0.5","10","113","277","11.03971119133574","4.11913357400722"
"8","10","0.001","0.29","3","0.5","0.05","1","80","5","8","0","0.5","10","112","307","10.970684039087947","4.026058631921824"
"10","10","0.001","0.29","3","0.5","0.05","1","80","5","8","0","0.5","10","114","276","11","4.115942028985507"
"9","10","0.001","0.29","3","0.5","0.05","1","80","5","8","0","0.5","10","109","299","11.130434782608695","3.729096989966555"
"8","10","0.001","0.29","3","0.5","0.05","1","80","5","8","0","0.5","10","113","305","10.885245901639344","4.019672131147541"
"9","10","0.001","0.29","3","0.5","0.05","1","80","5","8","0","0.5","10","110","297","11.05050505050505","3.9764309764309766"
"11","10","0.0025","0.29","3","0.5","0.05","1","80","5","8","0","0.5","10","100","306","11.156862745098039","4.0816993464052285"
"8","10","0.001","0.29","3","0.5","0.05","1","80","5","8","0","0.5","10","114","304","10.848684210526315","4.026315789473684"
"9","10","0.001","0.29","3","0.5","0.05","1","80","5","8","0","0.5","10","111","296","11.02027027027027","3.972972972972973"
"11","10","0.0025","0.29","3","0.5","0.05","1","80","5","8","0","0.5","10","101","303","11.023102310231023","4.079207920792079"
"10","10","0.001","0.29","3","0.5","0.05","1","80","5","8","0","0.5","10","115","275","11.032727272727273","4.116363636363636"
"12","10","0.0025","0.29","3","0.5","0.05","1","80","5","8","0","0.5","10","94","287","11.268292682926829","4.041811846689895"
"11","10","0.0025","0.29","3","0.5","0.05","1","80","5","8","0","0.5","10","102","302","10.980132450331126","4.089403973509934"
"13","10","0.0025","0.29","3","0.5","0.05","1","80","5","8","0","0.5","10","0","254","11.913385826771654","4.074803149606299"
"12","10","0.0025","0.29","3","0.5","0.05","1","80","5","8","0","0.5","10","95","286","11.237762237762238","4.041958041958042"
"10","10","0.001","0.29","3","0.5","0.05","1","80","5","8","0","0.5","10","116","275","11.032727272727273","4.116363636363636"
"12","10","0.0025","0.29","3","0.5","0.05","1","80","5","8","0","0.5","10","96","285","11.2","4.042105263157895"
"10","10","0.001","0.29","3","0.5","0.05","1","80","5","8","0","0.5","10","117","274","10.992700729927007","4.116788321167883"
"8","10","0.001","0.29","3","0.5","0.05","1","80","5","8","0","0.5","10","115","302","10.973509933774835","4.0198675496688745"
"9","10","0.001","0.29","3","0.5","0.05","1","80","5","8","0","0.5","10","112","293","11.017064846416382","3.9761092150170647"
"8","10","0.001","0.29","3","0.5","0.05","1","80","5","8","0","0.5","10","116","302","10.973509933774835","4.02317880794702"
"11","10","0.0025","0.29","3","0.5","0.05","1","80","5","8","0","0.5","10","103","302","11.14569536423841","4.079470198675497"
"13","10","0.0025","0.29","3","0.5","0.05","1","80","5","8","0","0.5","10","1","254","12.141732283464567","4.062992125984252"
"9","10","0.001","0.29","3","0.5","0.05","1","80","5","8","0","0.5","10","113","292","11.013698630136986","3.9794520547945207"
"10","10","0.001","0.29","3","0.5","0.05","1","80","5","8","0","0.5","10","118","274","11.10948905109489","4.116788321167883"
"11","10","0.0025","0.29","3","0.5","0.05","1","80","5","8","0","0.5","10","104","300","11.053333333333333","4.093333333333334"
"8","10","0.001","0.29","3","0.5","0.05","1","80","5","8","0","0.5","10","117","302","10.973509933774835","4.0198675496688745"
"13","10","0.0025","0.29","3","0.5","0.05","1","80","5","8","0","0.5","10","2","253","12.102766798418973","4.043478260869565"
"9","10","0.001","0.29","3","0.5","0.05","1","80","5","8","0","0.5","10","114","290","10.951724137931034","3.9793103448275864"
"10","10","0.001","0.29","3","0.5","0.05","1","80","5","8","0","0.5","10","119","272","11.022058823529411","4.113970588235294"
"11","10","0.0025","0.29","3","0.5","0.05","1","80","5","8","0","0.5","10","105","299","11.003344481605351","4.086956521739131"
"13","10","0.0025","0.29","3","0.5","0.05","1","80","5","8","0","0.5","10","3","251","12.00796812749004","4.039840637450199"
"10","10","0.001","0.29","3","0.5","0.05","1","80","5","8","0","0.5","10","120","268","10.873134328358208","4.115671641791045"
"12","10","0.0025","0.29","3","0.5","0.05","1","80","5","8","0","0.5","10","97","300","11.26","3.84"
"12","10","0.0025","0.29","3","0.5","0.05","1","80","5","8","0","0.5","10","98","299","11.210702341137123","4.05685618729097"
"8","10","0.001","0.29","3","0.5","0.05","1","80","5","8","0","0.5","10","118","301","11.06312292358804","4.019933554817276"
"12","10","0.0025","0.29","3","0.5","0.05","1","80","5","8","0","0.5","10","99","299","11.210702341137123","4.053511705685619"
"8","10","0.001","0.29","3","0.5","0.05","1","80","5","8","0","0.5","10","119","300","11.006666666666666","4.02"
"9","10","0.001","0.29","3","0.5","0.05","1","80","5","8","0","0.5","10","115","290","11.117241379310345","3.9793103448275864"
"11","10","0.0025","0.29","3","0.5","0.05","1","80","5","8","0","0.5","10","106","296","11.04054054054054","4.094594594594595"
"13","10","0.0025","0.29","3","0.5","0.05","1","80","5","8","0","0.5","10","4","247","12","4.036437246963563"
"8","10","0.001","0.29","3","0.5","0.05","1","80","5","8","0","0.5","10","120","300","11.006666666666666","4.02"
"14","10","0.0025","0.29","3","0.5","0.05","1","80","5","8","0","0.5","10","0","226","11.787610619469026","4.0265486725663715"
"9","10","0.001","0.29","3","0.5","0.05","1","80","5","8","0","0.5","10","116","290","11.117241379310345","3.9793103448275864"
"11","10","0.0025","0.29","3","0.5","0.05","1","80","5","8","0","0.5","10","107","295","10.996610169491525","4.088135593220339"
"11","10","0.0025","0.29","3","0.5","0.05","1","80","5","8","0","0.5","10","108","294","10.97278911564626","4.095238095238095"
"9","10","0.001","0.29","3","0.5","0.05","1","80","5","8","0","0.5","10","117","289","11.07266435986159","3.9792387543252596"
"13","10","0.0025","0.29","3","0.5","0.05","1","80","5","8","0","0.5","10","5","247","12","4.036437246963563"
"13","10","0.0025","0.29","3","0.5","0.05","1","80","5","8","0","0.5","10","6","247","12","4.036437246963563"
"12","10","0.0025","0.29","3","0.5","0.05","1","80","5","8","0","0.5","10","100","299","11.304347826086957","4.053511705685619"
"14","10","0.0025","0.29","3","0.5","0.05","1","80","5","8","0","0.5","10","1","224","11.928571428571429","4.102678571428571"
"12","10","0.0025","0.29","3","0.5","0.05","1","80","5","8","0","0.5","10","101","297","11.218855218855218","4.053872053872054"
"14","10","0.0025","0.29","3","0.5","0.05","1","80","5","8","0","0.5","10","2","223","11.856502242152466","4.089686098654709"
"12","10","0.0025","0.29","3","0.5","0.05","1","80","5","8","0","0.5","10","102","295","11.132203389830508","4.054237288135593"
"14","10","0.0025","0.29","3","0.5","0.05","1","80","5","8","0","0.5","10","3","223","11.856502242152466","4.085201793721973"
"9","10","0.001","0.29","3","0.5","0.05","1","80","5","8","0","0.5","10","118","289","11.197231833910035","3.9792387543252596"
"15","10","0.0025","0.29","3","0.5","0.05","1","80","5","8","0","0.5","10","0","242","11.87603305785124","4.181818181818182"
"9","10","0.001","0.29","3","0.5","0.05","1","80","5","8","0","0.5","10","119","288","11.180555555555555","3.9791666666666665"
"13","10","0.0025","0.29","3","0.5","0.05","1","80","5","8","0","0.5","10","7","247","12.210526315789474","4.036437246963563"
"13","10","0.0025","0.29","3","0.5","0.05","1","80","5","8","0","0.5","10","8","247","12.210526315789474","4.036437246963563"
"9","10","0.001","0.29","3","0.5","0.05","1","80","5","8","0","0.5","10","120","286","11.104895104895105","3.979020979020979"
"13","10","0.0025","0.29","3","0.5","0.05","1","80","5","8","0","0.5","10","9","247","12.210526315789474","4.036437246963563"
"14","10","0.0025","0.29","3","0.5","0.05","1","80","5","8","0","0.5","10","4","222","12.054054054054054","4.09009009009009"
"11","10","0.0025","0.29","3","0.5","0.05","1","80","5","8","0","0.5","10","109","321","10.822429906542055","3.7320872274143304"
"12","10","0.0025","0.29","3","0.5","0.05","1","80","5","8","0","0.5","10","103","294","11.197278911564625","4.054421768707483"
"14","10","0.0025","0.29","3","0.5","0.05","1","80","5","8","0","0.5","10","5","222","12.054054054054054","4.085585585585585"
"11","10","0.0025","0.29","3","0.5","0.05","1","80","5","8","0","0.5","10","110","318","10.70440251572327","4.084905660377358"
"14","10","0.0025","0.29","3","0.5","0.05","1","80","5","8","0","0.5","10","6","221","12","4.076923076923077"
"12","10","0.0025","0.29","3","0.5","0.05","1","80","5","8","0","0.5","10","104","292","11.10958904109589","4.054794520547945"
"15","10","0.0025","0.29","3","0.5","0.05","1","80","5","8","0","0.5","10","1","242","12.074380165289256","4.024793388429752"
"12","10","0.0025","0.29","3","0.5","0.05","1","80","5","8","0","0.5","10","105","290","11.020689655172413","4.055172413793104"
"11","10","0.0025","0.29","3","0.5","0.05","1","80","5","8","0","0.5","10","111","314","10.535031847133759","4.092356687898089"
"13","10","0.0025","0.29","3","0.5","0.05","1","80","5","8","0","0.5","10","10","247","12.2834008097166","4.036437246963563"
"15","10","0.0025","0.29","3","0.5","0.05","1","80","5","8","0","0.5","10","2","242","12.074380165289256","4.024793388429752"
"15","10","0.0025","0.29","3","0.5","0.05","1","80","5","8","0","0.5","10","3","240","11.941666666666666","4.016666666666667"
"13","10","0.0025","0.29","3","0.5","0.05","1","80","5","8","0","0.5","10","11","246","12.227642276422765","4.036585365853658"
"14","10","0.0025","0.29","3","0.5","0.05","1","80","5","8","0","0.5","10","7","221","12.16289592760181","4.076923076923077"
"13","10","0.0025","0.29","3","0.5","0.05","1","80","5","8","0","0.5","10","12","246","12.227642276422765","4.036585365853658"
"14","10","0.0025","0.29","3","0.5","0.05","1","80","5","8","0","0.5","10","8","220","12.118181818181819","4.077272727272727"
"16","10","0.0025","0.29","3","0.5","0.05","1","80","5","8","0","0.5","10","0","239","11.815899581589958","3.9707112970711296"
"14","10","0.0025","0.29","3","0.5","0.05","1","80","5","8","0","0.5","10","9","219","12.073059360730594","4.073059360730594"
"15","10","0.0025","0.29","3","0.5","0.05","1","80","5","8","0","0.5","10","4","238","12.084033613445378","4.004201680672269"
"12","10","0.0025","0.29","3","0.5","0.05","1","80","5","8","0","0.5","10","106","288","11.083333333333334","4.055555555555555"
"15","10","0.0025","0.29","3","0.5","0.05","1","80","5","8","0","0.5","10","5","238","12.084033613445378","4.004201680672269"
"11","10","0.0025","0.29","3","0.5","0.05","1","80","5","8","0","0.5","10","112","314","10.789808917197453","4.098726114649682"
"12","10","0.0025","0.29","3","0.5","0.05","1","80","5","8","0","0.5","10","107","286","11","4.048951048951049"
"14","10","0.0025","0.29","3","0.5","0.05","1","80","5","8","0","0.5","10","10","217","12.101382488479263","4.0691244239631335"
"15","10","0.0025","0.29","3","0.5","0.05","1","80","5","8","0","0.5","10","6","237","12.016877637130802","4.0042194092827"
"11","10","0.0025","0.29","3","0.5","0.05","1","80","5","8","0","0.5","10","113","314","10.789808917197453","4.092356687898089"
"12","10","0.0025","0.29","3","0.5","0.05","1","80","5","8","0","0.5","10","108","285","10.95438596491228","4.052631578947368"
"14","10","0.0025","0.29","3","0.5","0.05","1","80","5","8","0","0.5","10","11","216","12.055555555555555","4.069444444444445"
"16","10","0.0025","0.29","3","0.5","0.05","1","80","5","8","0","0.5","10","1","239","12.07531380753138","3.937238493723849"
"13","10","0.0025","0.29","3","0.5","0.05","1","80","5","8","0","0.5","10","13","270","11.8","3.6481481481481484"
"11","10","0.0025","0.29","3","0.5","0.05","1","80","5","8","0","0.5","10","114","312","10.756410256410257","4.0993589743589745"
"14","10","0.0025","0.29","3","0.5","0.05","1","80","5","8","0","0.5","10","12","216","12.055555555555555","4.069444444444445"
"16","10","0.0025","0.29","3","0.5","0.05","1","80","5","8","0","0.5","10","2","237","11.966244725738397","3.940928270042194"
"13","10","0.0025","0.29","3","0.5","0.05","1","80","5","8","0","0.5","10","14","270","11.8","4.059259259259259"
"16","10","0.0025","0.29","3","0.5","0.05","1","80","5","8","0","0.5","10","3","237","11.966244725738397","3.932489451476793"
"13","10","0.0025","0.29","3","0.5","0.05","1","80","5","8","0","0.5","10","15","269","11.754646840148698","4.070631970260223"
"15","10","0.0025","0.29","3","0.5","0.05","1","80","5","8","0","0.5","10","7","236","12.152542372881356","4.004237288135593"
"15","10","0.0025","0.29","3","0.5","0.05","1","80","5","8","0","0.5","10","8","235","12.102127659574467","4.004255319148936"
"15","10","0.0025","0.29","3","0.5","0.05","1","80","5","8","0","0.5","10","9","234","12.042735042735043","4.004273504273504"
"11","10","0.0025","0.29","3","0.5","0.05","1","80","5","8","0","0.5","10","115","312","10.852564102564102","4.0993589743589745"
"14","10","0.0025","0.29","3","0.5","0.05","1","80","5","8","0","0.5","10","13","228","11.824561403508772","3.8201754385964914"
"16","10","0.0025","0.29","3","0.5","0.05","1","80","5","8","0","0.5","10","4","236","12.084745762711865","3.9279661016949152"
"16","10","0.0025","0.29","3","0.5","0.05","1","80","5","8","0","0.5","10","5","233","11.974248927038627","3.927038626609442"
"13","10","0.0025","0.29","3","0.5","0.05","1","80","5","8","0","0.5","10","16","269","11.806691449814126","4.066914498141264"
"14","10","0.0025","0.29","3","0.5","0.05","1","80","5","8","0","0.5","10","14","228","11.824561403508772","4.026315789473684"
"11","10","0.0025","0.29","3","0.5","0.05","1","80","5","8","0","0.5","10","116","311","10.816720257234726","4.09967845659164"
"14","10","0.0025","0.29","3","0.5","0.05","1","80","5","8","0","0.5","10","15","228","11.824561403508772","4.043859649122807"
"16","10","0.0025","0.29","3","0.5","0.05","1","80","5","8","0","0.5","10","6","233","11.974248927038627","3.927038626609442"
"13","10","0.0025","0.29","3","0.5","0.05","1","80","5","8","0","0.5","10","17","266","11.646616541353383","4.067669172932331"
"11","10","0.0025","0.29","3","0.5","0.05","1","80","5","8","0","0.5","10","117","310","10.774193548387096","4.093548387096774"
"15","10","0.0025","0.29","3","0.5","0.05","1","80","5","8","0","0.5","10","10","232","12.137931034482758","4.004310344827586"
"12","10","0.0025","0.29","3","0.5","0.05","1","80","5","8","0","0.5","10","109","301","11.069767441860465","3.777408637873754"
"13","10","0.0025","0.29","3","0.5","0.05","1","80","5","8","0","0.5","10","18","264","11.530303030303031","4.068181818181818"
"15","10","0.0025","0.29","3","0.5","0.05","1","80","5","8","0","0.5","10","11","230","12.034782608695652","4.004347826086956"
"12","10","0.0025","0.29","3","0.5","0.05","1","80","5","8","0","0.5","10","110","298","10.93288590604027","4.057046979865772"
"15","10","0.0025","0.29","3","0.5","0.05","1","80","5","8","0","0.5","10","12","228","11.929824561403509","4.004385964912281"
"14","10","0.0025","0.29","3","0.5","0.05","1","80","5","8","0","0.5","10","16","228","11.87719298245614","4.043859649122807"
"12","10","0.0025","0.29","3","0.5","0.05","1","80","5","8","0","0.5","10","111","298","10.93288590604027","4.053691275167785"
"14","10","0.0025","0.29","3","0.5","0.05","1","80","5","8","0","0.5","10","17","226","11.79646017699115","4.030973451327434"
"16","10","0.0025","0.29","3","0.5","0.05","1","80","5","8","0","0.5","10","7","232","12.155172413793103","3.9267241379310347"
"16","10","0.0025","0.29","3","0.5","0.05","1","80","5","8","0","0.5","10","8","229","12.008733624454148","3.925764192139738"
"14","10","0.0025","0.29","3","0.5","0.05","1","80","5","8","0","0.5","10","18","225","11.822222222222223","4.017777777777778"
"11","10","0.0025","0.29","3","0.5","0.05","1","80","5","8","0","0.5","10","118","309","10.83495145631068","4.097087378640777"
"16","10","0.0025","0.29","3","0.5","0.05","1","80","5","8","0","0.5","10","9","227","11.894273127753303","3.933920704845815"
"11","10","0.0025","0.29","3","0.5","0.05","1","80","5","8","0","0.5","10","119","308","10.7987012987013","4.084415584415584"
"13","10","0.0025","0.29","3","0.5","0.05","1","80","5","8","0","0.5","10","19","263","11.665399239543726","4.068441064638783"
"11","10","0.0025","0.29","3","0.5","0.05","1","80","5","8","0","0.5","10","120","306","10.72549019607843","4.091503267973856"
"15","10","0.0025","0.29","3","0.5","0.05","1","80","5","8","0","0.5","10","13","250","11.76","3.652"
"14","10","0.0025","0.29","3","0.5","0.05","1","80","5","8","0","0.5","10","19","225","11.946666666666667","4.017777777777778"
"13","10","0.0025","0.29","3","0.5","0.05","1","80","5","8","0","0.5","10","20","263","11.665399239543726","4.068441064638783"
"15","10","0.0025","0.29","3","0.5","0.05","1","80","5","8","0","0.5","10","14","249","11.726907630522089","4.032128514056225"
"14","10","0.0025","0.29","3","0.5","0.05","1","80","5","8","0","0.5","10","20","225","11.946666666666667","4.017777777777778"
"12","10","0.0025","0.29","3","0.5","0.05","1","80","5","8","0","0.5","10","112","298","11.073825503355705","4.053691275167785"
"13","10","0.0025","0.29","3","0.5","0.05","1","80","5","8","0","0.5","10","21","263","11.665399239543726","4.068441064638783"
"15","10","0.0025","0.29","3","0.5","0.05","1","80","5","8","0","0.5","10","15","248","11.67741935483871","4.028225806451613"
"14","10","0.0025","0.29","3","0.5","0.05","1","80","5","8","0","0.5","10","21","224","11.883928571428571","4.017857142857143"
"16","10","0.0025","0.29","3","0.5","0.05","1","80","5","8","0","0.5","10","10","226","12.08849557522124","3.933628318584071"
"12","10","0.0025","0.29","3","0.5","0.05","1","80","5","8","0","0.5","10","113","296","11.006756756756756","4.050675675675675"
"16","10","0.0025","0.29","3","0.5","0.05","1","80","5","8","0","0.5","10","11","224","12.017857142857142","3.9330357142857144"
"12","10","0.0025","0.29","3","0.5","0.05","1","80","5","8","0","0.5","10","114","294","10.938775510204081","4.051020408163265"
"15","10","0.0025","0.29","3","0.5","0.05","1","80","5","8","0","0.5","10","16","248","11.774193548387096","4.032258064516129"
"16","10","0.0025","0.29","3","0.5","0.05","1","80","5","8","0","0.5","10","12","224","12.017857142857142","3.9330357142857144"
"14","10","0.0025","0.29","3","0.5","0.05","1","80","5","8","0","0.5","10","22","222","11.855855855855856","4.0225225225225225"
"15","10","0.0025","0.29","3","0.5","0.05","1","80","5","8","0","0.5","10","17","245","11.648979591836735","4.036734693877551"
"17","10","0.0025","0.29","3","0.5","0.05","1","80","5","8","0","0.5","10","0","245","11.795918367346939","3.8938775510204082"
"14","10","0.0025","0.29","3","0.5","0.05","1","80","5","8","0","0.5","10","23","221","11.819004524886878","4.027149321266968"
"15","10","0.0025","0.29","3","0.5","0.05","1","80","5","8","0","0.5","10","18","245","11.648979591836735","4.044897959183674"
"13","10","0.0025","0.29","3","0.5","0.05","1","80","5","8","0","0.5","10","22","263","11.779467680608365","4.068441064638783"
"14","10","0.0025","0.29","3","0.5","0.05","1","80","5","8","0","0.5","10","24","221","11.819004524886878","4.02262443438914"
"13","10","0.0025","0.29","3","0.5","0.05","1","80","5","8","0","0.5","10","23","261","11.670498084291188","4.068965517241379"
"13","10","0.0025","0.29","3","0.5","0.05","1","80","5","8","0","0.5","10","24","261","11.670498084291188","4.068965517241379"
"17","10","0.0025","0.29","3","0.5","0.05","1","80","5","8","0","0.5","10","1","243","11.88477366255144","4.045267489711934"
"15","10","0.0025","0.29","3","0.5","0.05","1","80","5","8","0","0.5","10","19","244","11.762295081967213","4.040983606557377"
"12","10","0.0025","0.29","3","0.5","0.05","1","80","5","8","0","0.5","10","115","291","11.017182130584192","4.0446735395189"
"17","10","0.0025","0.29","3","0.5","0.05","1","80","5","8","0","0.5","10","2","240","11.716666666666667","4.091666666666667"
"15","10","0.0025","0.29","3","0.5","0.05","1","80","5","8","0","0.5","10","20","243","11.74485596707819","4.037037037037037"
"12","10","0.0025","0.29","3","0.5","0.05","1","80","5","8","0","0.5","10","116","289","10.92733564013841","4.048442906574395"
"17","10","0.0025","0.29","3","0.5","0.05","1","80","5","8","0","0.5","10","3","239","11.673640167364017","4.071129707112971"
"15","10","0.0025","0.29","3","0.5","0.05","1","80","5","8","0","0.5","10","21","243","11.74485596707819","4.032921810699588"
"12","10","0.0025","0.29","3","0.5","0.05","1","80","5","8","0","0.5","10","117","287","10.885017421602788","4.034843205574913"
"16","10","0.0025","0.29","3","0.5","0.05","1","80","5","8","0","0.5","10","13","243","11.91769547325103","3.625514403292181"
"16","10","0.0025","0.29","3","0.5","0.05","1","80","5","8","0","0.5","10","14","243","11.91769547325103","3.9300411522633745"
"14","10","0.0025","0.29","3","0.5","0.05","1","80","5","8","0","0.5","10","25","241","11.634854771784232","3.676348547717842"
"16","10","0.0025","0.29","3","0.5","0.05","1","80","5","8","0","0.5","10","15","243","11.91769547325103","3.9382716049382718"
"14","10","0.0025","0.29","3","0.5","0.05","1","80","5","8","0","0.5","10","26","241","11.634854771784232","4.029045643153527"
"15","10","0.0025","0.29","3","0.5","0.05","1","80","5","8","0","0.5","10","22","241","11.70954356846473","4.033195020746888"
"14","10","0.0025","0.29","3","0.5","0.05","1","80","5","8","0","0.5","10","27","241","11.634854771784232","4.033195020746888"
"13","10","0.0025","0.29","3","0.5","0.05","1","80","5","8","0","0.5","10","25","274","11.671532846715328","3.8613138686131387"
"15","10","0.0025","0.29","3","0.5","0.05","1","80","5","8","0","0.5","10","23","241","11.70954356846473","4.029045643153527"
"17","10","0.0025","0.29","3","0.5","0.05","1","80","5","8","0","0.5","10","4","237","11.864978902953586","4.084388185654008"
"15","10","0.0025","0.29","3","0.5","0.05","1","80","5","8","0","0.5","10","24","240","11.65","4.029166666666667"
"13","10","0.0025","0.29","3","0.5","0.05","1","80","5","8","0","0.5","10","26","273","11.626373626373626","4.062271062271062"
"17","10","0.0025","0.29","3","0.5","0.05","1","80","5","8","0","0.5","10","5","236","11.805084745762711","4.084745762711864"
"13","10","0.0025","0.29","3","0.5","0.05","1","80","5","8","0","0.5","10","27","271","11.535055350553506","4.062730627306273"
"16","10","0.0025","0.29","3","0.5","0.05","1","80","5","8","0","0.5","10","16","243","11.950617283950617","3.9382716049382718"
"17","10","0.0025","0.29","3","0.5","0.05","1","80","5","8","0","0.5","10","6","236","11.805084745762711","4.084745762711864"
"12","10","0.0025","0.29","3","0.5","0.05","1","80","5","8","0","0.5","10","118","287","11.045296167247386","4.031358885017422"
"16","10","0.0025","0.29","3","0.5","0.05","1","80","5","8","0","0.5","10","17","243","11.950617283950617","3.9382716049382718"
"16","10","0.0025","0.29","3","0.5","0.05","1","80","5","8","0","0.5","10","18","243","11.950617283950617","3.9382716049382718"
"12","10","0.0025","0.29","3","0.5","0.05","1","80","5","8","0","0.5","10","119","287","11.045296167247386","4.02787456445993"
"14","10","0.0025","0.29","3","0.5","0.05","1","80","5","8","0","0.5","10","28","239","11.589958158995817","4.046025104602511"
"14","10","0.0025","0.29","3","0.5","0.05","1","80","5","8","0","0.5","10","29","238","11.529411764705882","4.050420168067227"
"12","10","0.0025","0.29","3","0.5","0.05","1","80","5","8","0","0.5","10","120","286","10.993006993006993","4.031468531468532"
"14","10","0.0025","0.29","3","0.5","0.05","1","80","5","8","0","0.5","10","30","238","11.529411764705882","4.050420168067227"
"15","10","0.0025","0.29","3","0.5","0.05","1","80","5","8","0","0.5","10","25","260","11.592307692307692","3.703846153846154"
"17","10","0.0025","0.29","3","0.5","0.05","1","80","5","8","0","0.5","10","7","234","11.803418803418804","4.085470085470085"
"13","10","0.0025","0.29","3","0.5","0.05","1","80","5","8","0","0.5","10","28","270","11.57037037037037","4.07037037037037"
"15","10","0.0025","0.29","3","0.5","0.05","1","80","5","8","0","0.5","10","26","257","11.431906614785992","4.058365758754864"
"17","10","0.0025","0.29","3","0.5","0.05","1","80","5","8","0","0.5","10","8","233","11.742489270386265","4.085836909871245"
"16","10","0.0025","0.29","3","0.5","0.05","1","80","5","8","0","0.5","10","19","240","11.816666666666666","3.9375"
"13","10","0.0025","0.29","3","0.5","0.05","1","80","5","8","0","0.5","10","29","268","11.462686567164178","4.067164179104478"
"17","10","0.0025","0.29","3","0.5","0.05","1","80","5","8","0","0.5","10","9","233","11.742489270386265","4.085836909871245"
"15","10","0.0025","0.29","3","0.5","0.05","1","80","5","8","0","0.5","10","27","257","11.431906614785992","4.058365758754864"
"16","10","0.0025","0.29","3","0.5","0.05","1","80","5","8","0","0.5","10","20","240","11.816666666666666","3.9375"
"13","10","0.0025","0.29","3","0.5","0.05","1","80","5","8","0","0.5","10","30","268","11.462686567164178","4.067164179104478"
"16","10","0.0025","0.29","3","0.5","0.05","1","80","5","8","0","0.5","10","21","238","11.705882352941176","3.936974789915966"
"14","10","0.0025","0.29","3","0.5","0.05","1","80","5","8","0","0.5","10","31","238","11.680672268907562","4.050420168067227"
"14","10","0.0025","0.29","3","0.5","0.05","1","80","5","8","0","0.5","10","32","235","11.497872340425532","4.046808510638298"
"17","10","0.0025","0.29","3","0.5","0.05","1","80","5","8","0","0.5","10","10","232","11.939655172413794","4.086206896551724"
"15","10","0.0025","0.29","3","0.5","0.05","1","80","5","8","0","0.5","10","28","257","11.587548638132295","4.054474708171206"
"14","10","0.0025","0.29","3","0.5","0.05","1","80","5","8","0","0.5","10","33","234","11.495726495726496","4.051282051282051"
"17","10","0.0025","0.29","3","0.5","0.05","1","80","5","8","0","0.5","10","11","230","11.817391304347826","4.086956521739131"
"15","10","0.0025","0.29","3","0.5","0.05","1","80","5","8","0","0.5","10","29","257","11.587548638132295","4.062256809338521"
"18","10","0.0025","0.29","3","0.5","0.05","1","80","5","8","0","0.5","10","0","249","11.887550200803213","4.100401606425703"
"17","10","0.0025","0.29","3","0.5","0.05","1","80","5","8","0","0.5","10","12","230","11.817391304347826","4.086956521739131"
"16","10","0.0025","0.29","3","0.5","0.05","1","80","5","8","0","0.5","10","22","238","11.823529411764707","3.936974789915966"
"13","10","0.0025","0.29","3","0.5","0.05","1","80","5","8","0","0.5","10","31","268","11.597014925373134","4.067164179104478"
"15","10","0.0025","0.29","3","0.5","0.05","1","80","5","8","0","0.5","10","30","255","11.48235294117647","4.0588235294117645"
"16","10","0.0025","0.29","3","0.5","0.05","1","80","5","8","0","0.5","10","23","238","11.823529411764707","3.936974789915966"
"13","10","0.0025","0.29","3","0.5","0.05","1","80","5","8","0","0.5","10","32","267","11.543071161048688","4.067415730337078"
"16","10","0.0025","0.29","3","0.5","0.05","1","80","5","8","0","0.5","10","24","237","11.780590717299578","3.9367088607594938"
"13","10","0.0025","0.29","3","0.5","0.05","1","80","5","8","0","0.5","10","33","267","11.543071161048688","4.067415730337078"
"14","10","0.0025","0.29","3","0.5","0.05","1","80","5","8","0","0.5","10","34","233","11.59656652360515","4.051502145922747"
"14","10","0.0025","0.29","3","0.5","0.05","1","80","5","8","0","0.5","10","35","232","11.525862068965518","4.051724137931035"
"15","10","0.0025","0.29","3","0.5","0.05","1","80","5","8","0","0.5","10","31","254","11.559055118110237","4.074803149606299"
"18","10","0.0025","0.29","3","0.5","0.05","1","80","5","8","0","0.5","10","1","249","12.112449799196787","4.096385542168675"
"14","10","0.0025","0.29","3","0.5","0.05","1","80","5","8","0","0.5","10","36","232","11.525862068965518","4.051724137931035"
"15","10","0.0025","0.29","3","0.5","0.05","1","80","5","8","0","0.5","10","32","253","11.5098814229249","4.071146245059288"
"18","10","0.0025","0.29","3","0.5","0.05","1","80","5","8","0","0.5","10","2","248","12.07258064516129","4.068548387096774"
"17","10","0.0025","0.29","3","0.5","0.05","1","80","5","8","0","0.5","10","13","251","11.776892430278885","3.745019920318725"
"15","10","0.0025","0.29","3","0.5","0.05","1","80","5","8","0","0.5","10","33","253","11.5098814229249","4.075098814229249"
"18","10","0.0025","0.29","3","0.5","0.05","1","80","5","8","0","0.5","10","3","248","12.07258064516129","4.060483870967742"
"16","10","0.0025","0.29","3","0.5","0.05","1","80","5","8","0","0.5","10","25","247","11.79757085020243","3.7611336032388665"
"17","10","0.0025","0.29","3","0.5","0.05","1","80","5","8","0","0.5","10","14","250","11.744","4.06"
"13","10","0.0025","0.29","3","0.5","0.05","1","80","5","8","0","0.5","10","34","267","11.640449438202246","4.067415730337078"
"17","10","0.0025","0.29","3","0.5","0.05","1","80","5","8","0","0.5","10","15","249","11.694779116465863","4.068273092369478"
"16","10","0.0025","0.29","3","0.5","0.05","1","80","5","8","0","0.5","10","26","247","11.79757085020243","3.931174089068826"
"13","10","0.0025","0.29","3","0.5","0.05","1","80","5","8","0","0.5","10","35","267","11.640449438202246","4.067415730337078"
"16","10","0.0025","0.29","3","0.5","0.05","1","80","5","8","0","0.5","10","27","244","11.672131147540984","3.930327868852459"
"13","10","0.0025","0.29","3","0.5","0.05","1","80","5","8","0","0.5","10","36","266","11.609022556390977","4.067669172932331"
"15","10","0.0025","0.29","3","0.5","0.05","1","80","5","8","0","0.5","10","34","252","11.571428571428571","4.071428571428571"
"14","10","0.0025","0.29","3","0.5","0.05","1","80","5","8","0","0.5","10","37","252","11.412698412698413","3.7142857142857144"
"18","10","0.0025","0.29","3","0.5","0.05","1","80","5","8","0","0.5","10","4","246","12.146341463414634","4.048780487804878"
"15","10","0.0025","0.29","3","0.5","0.05","1","80","5","8","0","0.5","10","35","251","11.50597609561753","4.075697211155378"
"17","10","0.0025","0.29","3","0.5","0.05","1","80","5","8","0","0.5","10","16","248","11.758064516129032","4.068548387096774"
"18","10","0.0025","0.29","3","0.5","0.05","1","80","5","8","0","0.5","10","5","246","12.146341463414634","4.044715447154472"
"14","10","0.0025","0.29","3","0.5","0.05","1","80","5","8","0","0.5","10","38","251","11.354581673306773","4.051792828685259"
"15","10","0.0025","0.29","3","0.5","0.05","1","80","5","8","0","0.5","10","36","249","11.397590361445783","4.072289156626506"
"17","10","0.0025","0.29","3","0.5","0.05","1","80","5","8","0","0.5","10","17","248","11.758064516129032","4.068548387096774"
"16","10","0.0025","0.29","3","0.5","0.05","1","80","5","8","0","0.5","10","28","244","11.811475409836065","3.918032786885246"
"18","10","0.0025","0.29","3","0.5","0.05","1","80","5","8","0","0.5","10","6","246","12.146341463414634","4.044715447154472"
"14","10","0.0025","0.29","3","0.5","0.05","1","80","5","8","0","0.5","10","39","250","11.304","4.072"
"17","10","0.0025","0.29","3","0.5","0.05","1","80","5","8","0","0.5","10","18","246","11.65040650406504","4.065040650406504"
"16","10","0.0025","0.29","3","0.5","0.05","1","80","5","8","0","0.5","10","29","243","11.786008230452675","3.921810699588477"
"16","10","0.0025","0.29","3","0.5","0.05","1","80","5","8","0","0.5","10","30","242","11.71900826446281","3.9173553719008263"
"13","10","0.0025","0.29","3","0.5","0.05","1","80","5","8","0","0.5","10","37","278","11.654676258992806","3.8920863309352516"
"13","10","0.0025","0.29","3","0.5","0.05","1","80","5","8","0","0.5","10","38","277","11.653429602888087","4.086642599277979"
"18","10","0.0025","0.29","3","0.5","0.05","1","80","5","8","0","0.5","10","7","246","12.308943089430894","4.044715447154472"
"13","10","0.0025","0.29","3","0.5","0.05","1","80","5","8","0","0.5","10","39","276","11.615942028985508","4.090579710144928"
"14","10","0.0025","0.29","3","0.5","0.05","1","80","5","8","0","0.5","10","40","250","11.432","4.088"
"17","10","0.0025","0.29","3","0.5","0.05","1","80","5","8","0","0.5","10","19","245","11.763265306122449","4.0653061224489795"
"18","10","0.0025","0.29","3","0.5","0.05","1","80","5","8","0","0.5","10","8","246","12.308943089430894","4.044715447154472"
"14","10","0.0025","0.29","3","0.5","0.05","1","80","5","8","0","0.5","10","41","250","11.432","4.084"
"17","10","0.0025","0.29","3","0.5","0.05","1","80","5","8","0","0.5","10","20","244","11.71311475409836","4.065573770491803"
"16","10","0.0025","0.29","3","0.5","0.05","1","80","5","8","0","0.5","10","31","242","11.809917355371901","3.9214876033057853"
"15","10","0.0025","0.29","3","0.5","0.05","1","80","5","8","0","0.5","10","37","265","11.50943396226415","3.8"
"18","10","0.0025","0.29","3","0.5","0.05","1","80","5","8","0","0.5","10","9","246","12.308943089430894","4.044715447154472"
"14","10","0.0025","0.29","3","0.5","0.05","1","80","5","8","0","0.5","10","42","250","11.432","4.084"
"17","10","0.0025","0.29","3","0.5","0.05","1","80","5","8","0","0.5","10","21","244","11.71311475409836","4.065573770491803"
"15","10","0.0025","0.29","3","0.5","0.05","1","80","5","8","0","0.5","10","38","263","11.422053231939163","4.098859315589354"
"16","10","0.0025","0.29","3","0.5","0.05","1","80","5","8","0","0.5","10","32","240","11.683333333333334","3.9208333333333334"
"15","10","0.0025","0.29","3","0.5","0.05","1","80","5","8","0","0.5","10","39","261","11.302681992337165","4.099616858237548"
"16","10","0.0025","0.29","3","0.5","0.05","1","80","5","8","0","0.5","10","33","239","11.640167364016737","3.920502092050209"
"13","10","0.0025","0.29","3","0.5","0.05","1","80","5","8","0","0.5","10","40","275","11.636363636363637","4.076363636363636"
"18","10","0.0025","0.29","3","0.5","0.05","1","80","5","8","0","0.5","10","10","245","12.359183673469389","4.044897959183674"
"13","10","0.0025","0.29","3","0.5","0.05","1","80","5","8","0","0.5","10","41","273","11.575091575091575","4.069597069597069"
"17","10","0.0025","0.29","3","0.5","0.05","1","80","5","8","0","0.5","10","22","244","11.811475409836065","4.065573770491803"
"14","10","0.0025","0.29","3","0.5","0.05","1","80","5","8","0","0.5","10","43","250","11.552","4.084"
"18","10","0.0025","0.29","3","0.5","0.05","1","80","5","8","0","0.5","10","11","245","12.359183673469389","4.044897959183674"
"17","10","0.0025","0.29","3","0.5","0.05","1","80","5","8","0","0.5","10","23","242","11.694214876033058","4.066115702479339"
"13","10","0.0025","0.29","3","0.5","0.05","1","80","5","8","0","0.5","10","42","272","11.573529411764707","4.0625"
"14","10","0.0025","0.29","3","0.5","0.05","1","80","5","8","0","0.5","10","44","250","11.552","4.084"
"16","10","0.0025","0.29","3","0.5","0.05","1","80","5","8","0","0.5","10","34","238","11.77310924369748","3.9201680672268906"
"15","10","0.0025","0.29","3","0.5","0.05","1","80","5","8","0","0.5","10","40","259","11.397683397683398","4.115830115830116"
"18","10","0.0025","0.29","3","0.5","0.05","1","80","5","8","0","0.5","10","12","245","12.359183673469389","4.044897959183674"
"14","10","0.0025","0.29","3","0.5","0.05","1","80","5","8","0","0.5","10","45","248","11.46774193548387","4.092741935483871"
"17","10","0.0025","0.29","3","0.5","0.05","1","80","5","8","0","0.5","10","24","241","11.62655601659751","4.066390041493776"
"16","10","0.0025","0.29","3","0.5","0.05","1","80","5","8","0","0.5","10","35","238","11.77310924369748","3.9201680672268906"
"15","10","0.0025","0.29","3","0.5","0.05","1","80","5","8","0","0.5","10","41","258","11.348837209302326","4.112403100775194"
"16","10","0.0025","0.29","3","0.5","0.05","1","80","5","8","0","0.5","10","36","237","11.713080168776372","3.919831223628692"
"15","10","0.0025","0.29","3","0.5","0.05","1","80","5","8","0","0.5","10","42","258","11.348837209302326","4.12015503875969"
"13","10","0.0025","0.29","3","0.5","0.05","1","80","5","8","0","0.5","10","43","272","11.647058823529411","4.0625"
"14","10","0.0025","0.29","3","0.5","0.05","1","80","5","8","0","0.5","10","46","245","11.453061224489796","4.093877551020408"
"18","10","0.0025","0.29","3","0.5","0.05","1","80","5","8","0","0.5","10","13","263","12.068441064638783","3.752851711026616"
"13","10","0.0025","0.29","3","0.5","0.05","1","80","5","8","0","0.5","10","44","271","11.608856088560886","4.062730627306273"
"14","10","0.0025","0.29","3","0.5","0.05","1","80","5","8","0","0.5","10","47","244","11.39344262295082","4.094262295081967"
"18","10","0.0025","0.29","3","0.5","0.05","1","80","5","8","0","0.5","10","14","263","12.068441064638783","4.0456273764258555"
"14","10","0.0025","0.29","3","0.5","0.05","1","80","5","8","0","0.5","10","48","244","11.39344262295082","4.094262295081967"
"13","10","0.0025","0.29","3","0.5","0.05","1","80","5","8","0","0.5","10","45","271","11.608856088560886","4.062730627306273"
"17","10","0.0025","0.29","3","0.5","0.05","1","80","5","8","0","0.5","10","25","265","11.50943396226415","3.69811320754717"
"18","10","0.0025","0.29","3","0.5","0.05","1","80","5","8","0","0.5","10","15","262","12.007633587786259","4.034351145038168"
"17","10","0.0025","0.29","3","0.5","0.05","1","80","5","8","0","0.5","10","26","265","11.50943396226415","4.109433962264151"
"15","10","0.0025","0.29","3","0.5","0.05","1","80","5","8","0","0.5","10","43","257","11.486381322957198","4.124513618677042"
"16","10","0.0025","0.29","3","0.5","0.05","1","80","5","8","0","0.5","10","37","249","11.694779116465863","3.714859437751004"
"17","10","0.0025","0.29","3","0.5","0.05","1","80","5","8","0","0.5","10","27","265","11.50943396226415","4.1169811320754715"
"15","10","0.0025","0.29","3","0.5","0.05","1","80","5","8","0","0.5","10","44","256","11.421875","4.12890625"
"16","10","0.0025","0.29","3","0.5","0.05","1","80","5","8","0","0.5","10","38","248","11.637096774193548","3.931451612903226"
"15","10","0.0025","0.29","3","0.5","0.05","1","80","5","8","0","0.5","10","45","254","11.32283464566929","4.1141732283464565"
"16","10","0.0025","0.29","3","0.5","0.05","1","80","5","8","0","0.5","10","39","248","11.637096774193548","3.907258064516129"
"13","10","0.0025","0.29","3","0.5","0.05","1","80","5","8","0","0.5","10","46","268","11.544776119402986","4.063432835820896"
"18","10","0.0025","0.29","3","0.5","0.05","1","80","5","8","0","0.5","10","16","261","12.053639846743295","4.038314176245211"
"13","10","0.0025","0.29","3","0.5","0.05","1","80","5","8","0","0.5","10","47","268","11.544776119402986","4.063432835820896"
"17","10","0.0025","0.29","3","0.5","0.05","1","80","5","8","0","0.5","10","28","265","11.577358490566038","4.1169811320754715"
"18","10","0.0025","0.29","3","0.5","0.05","1","80","5","8","0","0.5","10","17","261","12.053639846743295","4.038314176245211"
"13","10","0.0025","0.29","3","0.5","0.05","1","80","5","8","0","0.5","10","48","268","11.544776119402986","4.063432835820896"
"17","10","0.0025","0.29","3","0.5","0.05","1","80","5","8","0","0.5","10","29","265","11.577358490566038","4.120754716981132"
"18","10","0.0025","0.29","3","0.5","0.05","1","80","5","8","0","0.5","10","18","260","12.023076923076923","4.038461538461538"
"16","10","0.0025","0.29","3","0.5","0.05","1","80","5","8","0","0.5","10","40","247","11.68421052631579","3.91497975708502"
"14","10","0.0025","0.29","3","0.5","0.05","1","80","5","8","0","0.5","10","49","260","11.446153846153846","3.8076923076923075"
"17","10","0.0025","0.29","3","0.5","0.05","1","80","5","8","0","0.5","10","30","265","11.577358490566038","4.120754716981132"
"15","10","0.0025","0.29","3","0.5","0.05","1","80","5","8","0","0.5","10","46","253","11.470355731225297","4.1146245059288535"
"16","10","0.0025","0.29","3","0.5","0.05","1","80","5","8","0","0.5","10","41","246","11.626016260162602","3.910569105691057"
"14","10","0.0025","0.29","3","0.5","0.05","1","80","5","8","0","0.5","10","50","259","11.413127413127413","4.061776061776062"
"16","10","0.0025","0.29","3","0.5","0.05","1","80","5","8","0","0.5","10","42","245","11.56734693877551","3.914285714285714"
"15","10","0.0025","0.29","3","0.5","0.05","1","80","5","8","0","0.5","10","47","253","11.470355731225297","4.1106719367588935"
"14","10","0.0025","0.29","3","0.5","0.05","1","80","5","8","0","0.5","10","51","259","11.413127413127413","4.061776061776062"
"15","10","0.0025","0.29","3","0.5","0.05","1","80","5","8","0","0.5","10","48","252","11.412698412698413","4.107142857142857"
"18","10","0.0025","0.29","3","0.5","0.05","1","80","5","8","0","0.5","10","19","259","12.054054054054054","4.038610038610039"
"17","10","0.0025","0.29","3","0.5","0.05","1","80","5","8","0","0.5","10","31","265","11.637735849056604","4.1169811320754715"
"18","10","0.0025","0.29","3","0.5","0.05","1","80","5","8","0","0.5","10","20","259","12.054054054054054","4.038610038610039"
"17","10","0.0025","0.29","3","0.5","0.05","1","80","5","8","0","0.5","10","32","264","11.575757575757576","4.117424242424242"
"18","10","0.0025","0.29","3","0.5","0.05","1","80","5","8","0","0.5","10","21","257","11.95330739299611","4.038910505836576"
"17","10","0.0025","0.29","3","0.5","0.05","1","80","5","8","0","0.5","10","33","264","11.575757575757576","4.117424242424242"
"14","10","0.0025","0.29","3","0.5","0.05","1","80","5","8","0","0.5","10","52","259","11.451737451737452","4.073359073359073"
"13","10","0.0025","0.29","3","0.5","0.05","1","80","5","8","0","0.5","10","49","286","11.55944055944056","3.7797202797202796"
"16","10","0.0025","0.29","3","0.5","0.05","1","80","5","8","0","0.5","10","43","244","11.614754098360656","3.9098360655737703"
"16","10","0.0025","0.29","3","0.5","0.05","1","80","5","8","0","0.5","10","44","243","11.563786008230453","3.9135802469135803"
"14","10","0.0025","0.29","3","0.5","0.05","1","80","5","8","0","0.5","10","53","259","11.451737451737452","4.073359073359073"
"13","10","0.0025","0.29","3","0.5","0.05","1","80","5","8","0","0.5","10","50","284","11.450704225352112","4.038732394366197"
"16","10","0.0025","0.29","3","0.5","0.05","1","80","5","8","0","0.5","10","45","243","11.563786008230453","3.909465020576132"
"14","10","0.0025","0.29","3","0.5","0.05","1","80","5","8","0","0.5","10","54","258","11.472868217054264","4.0813953488372094"
"13","10","0.0025","0.29","3","0.5","0.05","1","80","5","8","0","0.5","10","51","281","11.316725978647687","4.0462633451957295"
"17","10","0.0025","0.29","3","0.5","0.05","1","80","5","8","0","0.5","10","34","264","11.636363636363637","4.121212121212121"
"18","10","0.0025","0.29","3","0.5","0.05","1","80","5","8","0","0.5","10","22","257","12.062256809338521","4.038910505836576"
"15","10","0.0025","0.29","3","0.5","0.05","1","80","5","8","0","0.5","10","49","271","11.424354243542435","3.822878228782288"
"17","10","0.0025","0.29","3","0.5","0.05","1","80","5","8","0","0.5","10","35","263","11.5893536121673","4.1216730038022815"
"18","10","0.0025","0.29","3","0.5","0.05","1","80","5","8","0","0.5","10","23","256","12.0234375","4.0390625"
"15","10","0.0025","0.29","3","0.5","0.05","1","80","5","8","0","0.5","10","50","269","11.360594795539033","4.096654275092937"
"17","10","0.0025","0.29","3","0.5","0.05","1","80","5","8","0","0.5","10","36","262","11.541984732824428","4.1183206106870225"
"14","10","0.0025","0.29","3","0.5","0.05","1","80","5","8","0","0.5","10","55","255","11.35686274509804","4.08235294117647"
"16","10","0.0025","0.29","3","0.5","0.05","1","80","5","8","0","0.5","10","46","241","11.62655601659751","3.91701244813278"
"18","10","0.0025","0.29","3","0.5","0.05","1","80","5","8","0","0.5","10","24","254","11.929133858267717","4.039370078740157"
"15","10","0.0025","0.29","3","0.5","0.05","1","80","5","8","0","0.5","10","51","269","11.360594795539033","4.092936802973978"
"14","10","0.0025","0.29","3","0.5","0.05","1","80","5","8","0","0.5","10","56","254","11.299212598425196","4.082677165354331"
"14","10","0.0025","0.29","3","0.5","0.05","1","80","5","8","0","0.5","10","57","253","11.24110671936759","4.090909090909091"
"16","10","0.0025","0.29","3","0.5","0.05","1","80","5","8","0","0.5","10","47","241","11.62655601659751","3.908713692946058"
"13","10","0.0025","0.29","3","0.5","0.05","1","80","5","8","0","0.5","10","52","279","11.42652329749104","4.046594982078853"
"16","10","0.0025","0.29","3","0.5","0.05","1","80","5","8","0","0.5","10","48","239","11.531380753138075","3.907949790794979"
"15","10","0.0025","0.29","3","0.5","0.05","1","80","5","8","0","0.5","10","52","266","11.338345864661655","4.093984962406015"
"13","10","0.0025","0.29","3","0.5","0.05","1","80","5","8","0","0.5","10","53","278","11.381294964028777","4.046762589928058"
"17","10","0.0025","0.29","3","0.5","0.05","1","80","5","8","0","0.5","10","37","280","11.55","3.8535714285714286"
"15","10","0.0025","0.29","3","0.5","0.05","1","80","5","8","0","0.5","10","53","265","11.290566037735848","4.09433962264151"
"17","10","0.0025","0.29","3","0.5","0.05","1","80","5","8","0","0.5","10","38","279","11.505376344086022","4.121863799283154"
"15","10","0.0025","0.29","3","0.5","0.05","1","80","5","8","0","0.5","10","54","264","11.25","4.1022727272727275"
"14","10","0.0025","0.29","3","0.5","0.05","1","80","5","8","0","0.5","10","58","253","11.438735177865613","4.07905138339921"
"13","10","0.0025","0.29","3","0.5","0.05","1","80","5","8","0","0.5","10","54","278","11.381294964028777","4.046762589928058"
"18","10","0.0025","0.29","3","0.5","0.05","1","80","5","8","0","0.5","10","25","276","11.804347826086957","3.717391304347826"
"17","10","0.0025","0.29","3","0.5","0.05","1","80","5","8","0","0.5","10","39","279","11.505376344086022","4.121863799283154"
"14","10","0.0025","0.29","3","0.5","0.05","1","80","5","8","0","0.5","10","59","249","11.244979919678714","4.080321285140562"
"18","10","0.0025","0.29","3","0.5","0.05","1","80","5","8","0","0.5","10","26","275","11.752727272727272","4.0618181818181816"
"14","10","0.0025","0.29","3","0.5","0.05","1","80","5","8","0","0.5","10","60","249","11.244979919678714","4.096385542168675"
"16","10","0.0025","0.29","3","0.5","0.05","1","80","5","8","0","0.5","10","49","255","11.48235294117647","3.6627450980392156"
"18","10","0.0025","0.29","3","0.5","0.05","1","80","5","8","0","0.5","10","27","275","11.752727272727272","4.058181818181819"
"16","10","0.0025","0.29","3","0.5","0.05","1","80","5","8","0","0.5","10","50","255","11.48235294117647","3.8666666666666667"
"17","10","0.0025","0.29","3","0.5","0.05","1","80","5","8","0","0.5","10","40","279","11.584229390681003","4.121863799283154"
"15","10","0.0025","0.29","3","0.5","0.05","1","80","5","8","0","0.5","10","55","264","11.431818181818182","4.106060606060606"
"16","10","0.0025","0.29","3","0.5","0.05","1","80","5","8","0","0.5","10","51","255","11.48235294117647","3.8627450980392157"
"17","10","0.0025","0.29","3","0.5","0.05","1","80","5","8","0","0.5","10","41","276","11.442028985507246","4.1231884057971016"
"15","10","0.0025","0.29","3","0.5","0.05","1","80","5","8","0","0.5","10","56","263","11.384030418250951","4.102661596958175"
"13","10","0.0025","0.29","3","0.5","0.05","1","80","5","8","0","0.5","10","55","278","11.53956834532374","4.046762589928058"
"17","10","0.0025","0.29","3","0.5","0.05","1","80","5","8","0","0.5","10","42","276","11.442028985507246","4.1231884057971016"
"15","10","0.0025","0.29","3","0.5","0.05","1","80","5","8","0","0.5","10","57","263","11.384030418250951","4.106463878326996"
"13","10","0.0025","0.29","3","0.5","0.05","1","80","5","8","0","0.5","10","56","278","11.53956834532374","4.046762589928058"
"18","10","0.0025","0.29","3","0.5","0.05","1","80","5","8","0","0.5","10","28","273","11.780219780219781","4.062271062271062"
"13","10","0.0025","0.29","3","0.5","0.05","1","80","5","8","0","0.5","10","57","277","11.487364620938628","4.046931407942238"
"18","10","0.0025","0.29","3","0.5","0.05","1","80","5","8","0","0.5","10","29","273","11.780219780219781","4.062271062271062"
"16","10","0.0025","0.29","3","0.5","0.05","1","80","5","8","0","0.5","10","52","254","11.551181102362206","3.8622047244094486"
"18","10","0.0025","0.29","3","0.5","0.05","1","80","5","8","0","0.5","10","30","272","11.735294117647058","4.077205882352941"
"16","10","0.0025","0.29","3","0.5","0.05","1","80","5","8","0","0.5","10","53","251","11.386454183266933","3.864541832669323"
"15","10","0.0025","0.29","3","0.5","0.05","1","80","5","8","0","0.5","10","58","261","11.425287356321839","4.103448275862069"
"17","10","0.0025","0.29","3","0.5","0.05","1","80","5","8","0","0.5","10","43","275","11.556363636363637","4.127272727272727"
"14","10","0.0025","0.29","3","0.5","0.05","1","80","5","8","0","0.5","10","61","261","11.39463601532567","3.89272030651341"
"15","10","0.0025","0.29","3","0.5","0.05","1","80","5","8","0","0.5","10","59","261","11.425287356321839","4.10727969348659"
"14","10","0.0025","0.29","3","0.5","0.05","1","80","5","8","0","0.5","10","62","259","11.28957528957529","4.0926640926640925"
"17","10","0.0025","0.29","3","0.5","0.05","1","80","5","8","0","0.5","10","44","271","11.357933579335793","4.136531365313653"
"16","10","0.0025","0.29","3","0.5","0.05","1","80","5","8","0","0.5","10","54","250","11.336","3.864"
"17","10","0.0025","0.29","3","0.5","0.05","1","80","5","8","0","0.5","10","45","269","11.256505576208179","4.133828996282528"
"15","10","0.0025","0.29","3","0.5","0.05","1","80","5","8","0","0.5","10","60","261","11.425287356321839","4.103448275862069"
"13","10","0.0025","0.29","3","0.5","0.05","1","80","5","8","0","0.5","10","58","277","11.581227436823104","4.046931407942238"
"14","10","0.0025","0.29","3","0.5","0.05","1","80","5","8","0","0.5","10","63","256","11.140625","4.0546875"
"13","10","0.0025","0.29","3","0.5","0.05","1","80","5","8","0","0.5","10","59","277","11.581227436823104","4.046931407942238"
"13","10","0.0025","0.29","3","0.5","0.05","1","80","5","8","0","0.5","10","60","277","11.581227436823104","4.046931407942238"
"17","10","0.0025","0.29","3","0.5","0.05","1","80","5","8","0","0.5","10","46","266","11.458646616541353","4.131578947368421"
"15","10","0.0025","0.29","3","0.5","0.05","1","80","5","8","0","0.5","10","61","277","11.342960288808664","3.8700361010830324"
"17","10","0.0025","0.29","3","0.5","0.05","1","80","5","8","0","0.5","10","47","266","11.458646616541353","4.131578947368421"
"15","10","0.0025","0.29","3","0.5","0.05","1","80","5","8","0","0.5","10","62","275","11.229090909090909","4.090909090909091"
"18","10","0.0025","0.29","3","0.5","0.05","1","80","5","8","0","0.5","10","31","272","11.852941176470589","4.080882352941177"
"17","10","0.0025","0.29","3","0.5","0.05","1","80","5","8","0","0.5","10","48","265","11.39622641509434","4.132075471698113"
"15","10","0.0025","0.29","3","0.5","0.05","1","80","5","8","0","0.5","10","63","273","11.135531135531135","4.076923076923077"
"14","10","0.0025","0.29","3","0.5","0.05","1","80","5","8","0","0.5","10","64","256","11.3203125","4.08203125"
"16","10","0.0025","0.29","3","0.5","0.05","1","80","5","8","0","0.5","10","55","249","11.44578313253012","3.8634538152610443"
"18","10","0.0025","0.29","3","0.5","0.05","1","80","5","8","0","0.5","10","32","272","11.852941176470589","4.088235294117647"
"16","10","0.0025","0.29","3","0.5","0.05","1","80","5","8","0","0.5","10","56","249","11.44578313253012","3.8634538152610443"
"18","10","0.0025","0.29","3","0.5","0.05","1","80","5","8","0","0.5","10","33","272","11.852941176470589","4.091911764705882"
"14","10","0.0025","0.29","3","0.5","0.05","1","80","5","8","0","0.5","10","65","254","11.21259842519685","4.074803149606299"
"16","10","0.0025","0.29","3","0.5","0.05","1","80","5","8","0","0.5","10","57","248","11.39516129032258","3.8669354838709675"
"15","10","0.0025","0.29","3","0.5","0.05","1","80","5","8","0","0.5","10","64","272","11.257352941176471","4.088235294117647"
"15","10","0.0025","0.29","3","0.5","0.05","1","80","5","8","0","0.5","10","65","270","11.2","4.0851851851851855"
"14","10","0.0025","0.29","3","0.5","0.05","1","80","5","8","0","0.5","10","66","253","11.154150197628459","4.08300395256917"
"15","10","0.0025","0.29","3","0.5","0.05","1","80","5","8","0","0.5","10","66","270","11.2","4.0851851851851855"
"17","10","0.0025","0.29","3","0.5","0.05","1","80","5","8","0","0.5","10","49","277","11.617328519855596","3.9097472924187726"
"18","10","0.0025","0.29","3","0.5","0.05","1","80","5","8","0","0.5","10","34","271","11.859778597785978","4.092250922509225"
"13","10","0.0025","0.29","3","0.5","0.05","1","80","5","8","0","0.5","10","61","295","11.44406779661017","3.7864406779661017"
"17","10","0.0025","0.29","3","0.5","0.05","1","80","5","8","0","0.5","10","50","277","11.617328519855596","4.126353790613718"
"18","10","0.0025","0.29","3","0.5","0.05","1","80","5","8","0","0.5","10","35","269","11.754646840148698","4.089219330855019"
"16","10","0.0025","0.29","3","0.5","0.05","1","80","5","8","0","0.5","10","58","246","11.43089430894309","3.869918699186992"
"17","10","0.0025","0.29","3","0.5","0.05","1","80","5","8","0","0.5","10","51","276","11.579710144927537","4.119565217391305"
"13","10","0.0025","0.29","3","0.5","0.05","1","80","5","8","0","0.5","10","62","294","11.394557823129253","4.037414965986395"
"18","10","0.0025","0.29","3","0.5","0.05","1","80","5","8","0","0.5","10","36","269","11.754646840148698","4.092936802973978"
"15","10","0.0025","0.29","3","0.5","0.05","1","80","5","8","0","0.5","10","67","270","11.355555555555556","4.0851851851851855"
"16","10","0.0025","0.29","3","0.5","0.05","1","80","5","8","0","0.5","10","59","245","11.371428571428572","3.869387755102041"
"13","10","0.0025","0.29","3","0.5","0.05","1","80","5","8","0","0.5","10","63","294","11.394557823129253","4.040816326530612"
"15","10","0.0025","0.29","3","0.5","0.05","1","80","5","8","0","0.5","10","68","269","11.308550185873607","4.08550185873606"
"16","10","0.0025","0.29","3","0.5","0.05","1","80","5","8","0","0.5","10","60","244","11.319672131147541","3.8647540983606556"
"15","10","0.0025","0.29","3","0.5","0.05","1","80","5","8","0","0.5","10","69","269","11.308550185873607","4.08550185873606"
"17","10","0.0025","0.29","3","0.5","0.05","1","80","5","8","0","0.5","10","52","276","11.652173913043478","4.11231884057971"
"17","10","0.0025","0.29","3","0.5","0.05","1","80","5","8","0","0.5","10","53","275","11.6","4.112727272727272"
"14","10","0.0025","0.29","3","0.5","0.05","1","80","5","8","0","0.5","10","67","253","11.359683794466402","4.075098814229249"
"17","10","0.0025","0.29","3","0.5","0.05","1","80","5","8","0","0.5","10","54","275","11.6","4.112727272727272"
"14","10","0.0025","0.29","3","0.5","0.05","1","80","5","8","0","0.5","10","68","251","11.258964143426295","4.079681274900398"
"15","10","0.0025","0.29","3","0.5","0.05","1","80","5","8","0","0.5","10","70","267","11.273408239700375","4.086142322097379"
"14","10","0.0025","0.29","3","0.5","0.05","1","80","5","8","0","0.5","10","69","250","11.192","4.072"
"15","10","0.0025","0.29","3","0.5","0.05","1","80","5","8","0","0.5","10","71","266","11.233082706766917","4.090225563909774"
"13","10","0.0025","0.29","3","0.5","0.05","1","80","5","8","0","0.5","10","64","293","11.474402730375427","4.034129692832765"
"15","10","0.0025","0.29","3","0.5","0.05","1","80","5","8","0","0.5","10","72","265","11.184905660377359","4.09433962264151"
"13","10","0.0025","0.29","3","0.5","0.05","1","80","5","8","0","0.5","10","65","292","11.431506849315069","4.030821917808219"
"18","10","0.0025","0.29","3","0.5","0.05","1","80","5","8","0","0.5","10","37","288","11.57638888888889","3.7604166666666665"
"17","10","0.0025","0.29","3","0.5","0.05","1","80","5","8","0","0.5","10","55","271","11.542435424354244","4.107011070110701"
"16","10","0.0025","0.29","3","0.5","0.05","1","80","5","8","0","0.5","10","61","254","11.433070866141732","3.716535433070866"
"18","10","0.0025","0.29","3","0.5","0.05","1","80","5","8","0","0.5","10","38","286","11.531468531468532","4.041958041958042"
"13","10","0.0025","0.29","3","0.5","0.05","1","80","5","8","0","0.5","10","66","292","11.431506849315069","4.034246575342466"
"17","10","0.0025","0.29","3","0.5","0.05","1","80","5","8","0","0.5","10","56","268","11.41044776119403","4.108208955223881"
"16","10","0.0025","0.29","3","0.5","0.05","1","80","5","8","0","0.5","10","62","253","11.383399209486166","3.8656126482213438"
"17","10","0.0025","0.29","3","0.5","0.05","1","80","5","8","0","0.5","10","57","267","11.370786516853933","4.108614232209738"
"14","10","0.0025","0.29","3","0.5","0.05","1","80","5","8","0","0.5","10","70","248","11.233870967741936","4.076612903225806"
"16","10","0.0025","0.29","3","0.5","0.05","1","80","5","8","0","0.5","10","63","252","11.333333333333334","3.880952380952381"
"14","10","0.0025","0.29","3","0.5","0.05","1","80","5","8","0","0.5","10","71","247","11.182186234817813","4.0728744939271255"
"18","10","0.0025","0.29","3","0.5","0.05","1","80","5","8","0","0.5","10","39","285","11.51578947368421","4.052631578947368"
"14","10","0.0025","0.29","3","0.5","0.05","1","80","5","8","0","0.5","10","72","247","11.182186234817813","4.076923076923077"
"15","10","0.0025","0.29","3","0.5","0.05","1","80","5","8","0","0.5","10","73","277","11.306859205776174","3.9061371841155235"
"13","10","0.0025","0.29","3","0.5","0.05","1","80","5","8","0","0.5","10","67","290","11.441379310344828","4.0344827586206895"
"15","10","0.0025","0.29","3","0.5","0.05","1","80","5","8","0","0.5","10","74","276","11.26086956521739","4.141304347826087"
"16","10","0.0025","0.29","3","0.5","0.05","1","80","5","8","0","0.5","10","64","251","11.394422310756973","3.8764940239043826"
"13","10","0.0025","0.29","3","0.5","0.05","1","80","5","8","0","0.5","10","68","290","11.441379310344828","4.0344827586206895"
"17","10","0.0025","0.29","3","0.5","0.05","1","80","5","8","0","0.5","10","58","265","11.426415094339623","4.109433962264151"
"15","10","0.0025","0.29","3","0.5","0.05","1","80","5","8","0","0.5","10","75","272","11.066176470588236","4.139705882352941"
"16","10","0.0025","0.29","3","0.5","0.05","1","80","5","8","0","0.5","10","65","251","11.394422310756973","3.8804780876494025"
"13","10","0.0025","0.29","3","0.5","0.05","1","80","5","8","0","0.5","10","69","289","11.411764705882353","4.038062283737024"
"17","10","0.0025","0.29","3","0.5","0.05","1","80","5","8","0","0.5","10","59","262","11.282442748091603","4.1106870229007635"
"18","10","0.0025","0.29","3","0.5","0.05","1","80","5","8","0","0.5","10","40","283","11.53356890459364","4.045936395759718"
"16","10","0.0025","0.29","3","0.5","0.05","1","80","5","8","0","0.5","10","66","248","11.258064516129032","3.879032258064516"
"17","10","0.0025","0.29","3","0.5","0.05","1","80","5","8","0","0.5","10","60","262","11.282442748091603","4.1106870229007635"
"18","10","0.0025","0.29","3","0.5","0.05","1","80","5","8","0","0.5","10","41","281","11.480427046263346","4.049822064056939"
"14","10","0.0025","0.29","3","0.5","0.05","1","80","5","8","0","0.5","10","73","273","11.047619047619047","3.6849816849816848"
"18","10","0.0025","0.29","3","0.5","0.05","1","80","5","8","0","0.5","10","42","281","11.480427046263346","4.049822064056939"
"14","10","0.0025","0.29","3","0.5","0.05","1","80","5","8","0","0.5","10","74","272","11.073529411764707","4.051470588235294"
"15","10","0.0025","0.29","3","0.5","0.05","1","80","5","8","0","0.5","10","76","272","11.205882352941176","4.1286764705882355"
"14","10","0.0025","0.29","3","0.5","0.05","1","80","5","8","0","0.5","10","75","271","11.033210332103321","4.059040590405904"
"16","10","0.0025","0.29","3","0.5","0.05","1","80","5","8","0","0.5","10","67","247","11.34412955465587","3.88663967611336"
"15","10","0.0025","0.29","3","0.5","0.05","1","80","5","8","0","0.5","10","77","272","11.205882352941176","4.139705882352941"
"13","10","0.0025","0.29","3","0.5","0.05","1","80","5","8","0","0.5","10","70","288","11.5","4.041666666666667"
"16","10","0.0025","0.29","3","0.5","0.05","1","80","5","8","0","0.5","10","68","246","11.276422764227643","3.886178861788618"
"15","10","0.0025","0.29","3","0.5","0.05","1","80","5","8","0","0.5","10","78","271","11.158671586715867","4.136531365313653"
"16","10","0.0025","0.29","3","0.5","0.05","1","80","5","8","0","0.5","10","69","246","11.276422764227643","3.886178861788618"
"13","10","0.0025","0.29","3","0.5","0.05","1","80","5","8","0","0.5","10","71","286","11.461538461538462","4.048951048951049"
"13","10","0.0025","0.29","3","0.5","0.05","1","80","5","8","0","0.5","10","72","284","11.366197183098592","4.056338028169014"
"17","10","0.0025","0.29","3","0.5","0.05","1","80","5","8","0","0.5","10","61","273","11.45054945054945","3.9157509157509156"
"14","10","0.0025","0.29","3","0.5","0.05","1","80","5","8","0","0.5","10","76","269","10.966542750929367","4.059479553903346"
"18","10","0.0025","0.29","3","0.5","0.05","1","80","5","8","0","0.5","10","43","278","11.503597122302159","4.0503597122302155"
"14","10","0.0025","0.29","3","0.5","0.05","1","80","5","8","0","0.5","10","77","266","10.827067669172932","4.056390977443609"
"17","10","0.0025","0.29","3","0.5","0.05","1","80","5","8","0","0.5","10","62","271","11.350553505535055","4.121771217712177"
"18","10","0.0025","0.29","3","0.5","0.05","1","80","5","8","0","0.5","10","44","277","11.465703971119133","4.054151624548736"
"15","10","0.0025","0.29","3","0.5","0.05","1","80","5","8","0","0.5","10","79","269","11.182156133828997","4.141263940520446"
"14","10","0.0025","0.29","3","0.5","0.05","1","80","5","8","0","0.5","10","78","266","10.827067669172932","4.06015037593985"
"17","10","0.0025","0.29","3","0.5","0.05","1","80","5","8","0","0.5","10","63","269","11.263940520446097","4.122676579925651"
"18","10","0.0025","0.29","3","0.5","0.05","1","80","5","8","0","0.5","10","45","275","11.41090909090909","4.0618181818181816"
"16","10","0.0025","0.29","3","0.5","0.05","1","80","5","8","0","0.5","10","70","245","11.379591836734694","3.8857142857142857"
"15","10","0.0025","0.29","3","0.5","0.05","1","80","5","8","0","0.5","10","80","268","11.119402985074627","4.145522388059701"
"16","10","0.0025","0.29","3","0.5","0.05","1","80","5","8","0","0.5","10","71","244","11.336065573770492","3.889344262295082"
"15","10","0.0025","0.29","3","0.5","0.05","1","80","5","8","0","0.5","10","81","268","11.119402985074627","4.149253731343284"
"16","10","0.0025","0.29","3","0.5","0.05","1","80","5","8","0","0.5","10","72","244","11.336065573770492","3.8934426229508197"
"14","10","0.0025","0.29","3","0.5","0.05","1","80","5","8","0","0.5","10","79","265","11.018867924528301","4.056603773584905"
"17","10","0.0025","0.29","3","0.5","0.05","1","80","5","8","0","0.5","10","64","268","11.350746268656716","4.119402985074627"
"14","10","0.0025","0.29","3","0.5","0.05","1","80","5","8","0","0.5","10","80","265","11.018867924528301","4.060377358490566"
"17","10","0.0025","0.29","3","0.5","0.05","1","80","5","8","0","0.5","10","65","268","11.350746268656716","4.123134328358209"
"13","10","0.0025","0.29","3","0.5","0.05","1","80","5","8","0","0.5","10","73","288","11.57638888888889","3.986111111111111"
"18","10","0.0025","0.29","3","0.5","0.05","1","80","5","8","0","0.5","10","46","273","11.538461538461538","4.062271062271062"
"14","10","0.0025","0.29","3","0.5","0.05","1","80","5","8","0","0.5","10","81","265","11.018867924528301","4.056603773584905"
"17","10","0.0025","0.29","3","0.5","0.05","1","80","5","8","0","0.5","10","66","268","11.350746268656716","4.119402985074627"
"13","10","0.0025","0.29","3","0.5","0.05","1","80","5","8","0","0.5","10","74","288","11.57638888888889","4.059027777777778"
"15","10","0.0025","0.29","3","0.5","0.05","1","80","5","8","0","0.5","10","82","266","11.263157894736842","4.146616541353383"
"18","10","0.0025","0.29","3","0.5","0.05","1","80","5","8","0","0.5","10","47","272","11.485294117647058","4.0625"
"15","10","0.0025","0.29","3","0.5","0.05","1","80","5","8","0","0.5","10","83","265","11.215094339622642","4.150943396226415"
"13","10","0.0025","0.29","3","0.5","0.05","1","80","5","8","0","0.5","10","75","287","11.526132404181185","4.055749128919861"
"16","10","0.0025","0.29","3","0.5","0.05","1","80","5","8","0","0.5","10","73","268","11.104477611940299","3.544776119402985"
"18","10","0.0025","0.29","3","0.5","0.05","1","80","5","8","0","0.5","10","48","271","11.439114391143912","4.062730627306273"
"15","10","0.0025","0.29","3","0.5","0.05","1","80","5","8","0","0.5","10","84","264","11.174242424242424","4.1477272727272725"
"16","10","0.0025","0.29","3","0.5","0.05","1","80","5","8","0","0.5","10","74","267","11.063670411985019","3.9101123595505616"
"16","10","0.0025","0.29","3","0.5","0.05","1","80","5","8","0","0.5","10","75","265","10.950943396226416","3.9056603773584904"
"17","10","0.0025","0.29","3","0.5","0.05","1","80","5","8","0","0.5","10","67","267","11.400749063670412","4.119850187265918"
"14","10","0.0025","0.29","3","0.5","0.05","1","80","5","8","0","0.5","10","82","262","10.992366412213741","4.061068702290076"
"17","10","0.0025","0.29","3","0.5","0.05","1","80","5","8","0","0.5","10","68","266","11.360902255639099","4.112781954887218"
"14","10","0.0025","0.29","3","0.5","0.05","1","80","5","8","0","0.5","10","83","261","10.942528735632184","4.057471264367816"
"13","10","0.0025","0.29","3","0.5","0.05","1","80","5","8","0","0.5","10","76","282","11.382978723404255","4.060283687943262"
"17","10","0.0025","0.29","3","0.5","0.05","1","80","5","8","0","0.5","10","69","265","11.320754716981131","4.120754716981132"
"14","10","0.0025","0.29","3","0.5","0.05","1","80","5","8","0","0.5","10","84","261","10.942528735632184","4.061302681992337"
"13","10","0.0025","0.29","3","0.5","0.05","1","80","5","8","0","0.5","10","77","282","11.382978723404255","4.056737588652482"
"13","10","0.0025","0.29","3","0.5","0.05","1","80","5","8","0","0.5","10","78","280","11.292857142857143","4.060714285714286"
"16","10","0.0025","0.29","3","0.5","0.05","1","80","5","8","0","0.5","10","76","264","11.037878787878787","3.9166666666666665"
"15","10","0.0025","0.29","3","0.5","0.05","1","80","5","8","0","0.5","10","85","280","11.271428571428572","3.914285714285714"
"16","10","0.0025","0.29","3","0.5","0.05","1","80","5","8","0","0.5","10","77","263","11.003802281368822","3.9163498098859315"
"15","10","0.0025","0.29","3","0.5","0.05","1","80","5","8","0","0.5","10","86","280","11.271428571428572","4.182142857142857"
"17","10","0.0025","0.29","3","0.5","0.05","1","80","5","8","0","0.5","10","70","265","11.456603773584906","4.120754716981132"
"15","10","0.0025","0.29","3","0.5","0.05","1","80","5","8","0","0.5","10","87","280","11.271428571428572","4.185714285714286"
"18","10","0.0025","0.29","3","0.5","0.05","1","80","5","8","0","0.5","10","49","287","11.665505226480835","3.822299651567944"
"16","10","0.0025","0.29","3","0.5","0.05","1","80","5","8","0","0.5","10","78","262","10.954198473282442","3.9198473282442747"
"17","10","0.0025","0.29","3","0.5","0.05","1","80","5","8","0","0.5","10","71","262","11.297709923664122","4.129770992366412"
"18","10","0.0025","0.29","3","0.5","0.05","1","80","5","8","0","0.5","10","50","286","11.65034965034965","4.06993006993007"
"17","10","0.0025","0.29","3","0.5","0.05","1","80","5","8","0","0.5","10","72","261","11.233716475095786","4.126436781609195"
"15","10","0.0025","0.29","3","0.5","0.05","1","80","5","8","0","0.5","10","88","280","11.342857142857143","4.182142857142857"
"18","10","0.0025","0.29","3","0.5","0.05","1","80","5","8","0","0.5","10","51","286","11.65034965034965","4.06993006993007"
"13","10","0.0025","0.29","3","0.5","0.05","1","80","5","8","0","0.5","10","79","280","11.435714285714285","4.057142857142857"
"15","10","0.0025","0.29","3","0.5","0.05","1","80","5","8","0","0.5","10","89","279","11.290322580645162","4.182795698924731"
"13","10","0.0025","0.29","3","0.5","0.05","1","80","5","8","0","0.5","10","80","278","11.338129496402878","4.061151079136691"
"16","10","0.0025","0.29","3","0.5","0.05","1","80","5","8","0","0.5","10","79","261","11.080459770114942","3.9195402298850577"
"15","10","0.0025","0.29","3","0.5","0.05","1","80","5","8","0","0.5","10","90","278","11.244604316546763","4.183453237410072"
"13","10","0.0025","0.29","3","0.5","0.05","1","80","5","8","0","0.5","10","81","276","11.23913043478261","4.057971014492754"
"14","10","0.0025","0.29","3","0.5","0.05","1","80","5","8","0","0.5","10","85","279","11.00358422939068","3.781362007168459"
"16","10","0.0025","0.29","3","0.5","0.05","1","80","5","8","0","0.5","10","80","259","10.988416988416988","3.9266409266409266"
"16","10","0.0025","0.29","3","0.5","0.05","1","80","5","8","0","0.5","10","81","257","10.949416342412452","3.9299610894941632"
"14","10","0.0025","0.29","3","0.5","0.05","1","80","5","8","0","0.5","10","86","278","10.97841726618705","4.0215827338129495"
"18","10","0.0025","0.29","3","0.5","0.05","1","80","5","8","0","0.5","10","52","285","11.719298245614034","4.066666666666666"
"17","10","0.0025","0.29","3","0.5","0.05","1","80","5","8","0","0.5","10","73","273","11.267399267399268","3.923076923076923"
"14","10","0.0025","0.29","3","0.5","0.05","1","80","5","8","0","0.5","10","87","278","10.97841726618705","4.014388489208633"
"18","10","0.0025","0.29","3","0.5","0.05","1","80","5","8","0","0.5","10","53","284","11.669014084507042","4.070422535211268"
"17","10","0.0025","0.29","3","0.5","0.05","1","80","5","8","0","0.5","10","74","272","11.227941176470589","4.099264705882353"
"15","10","0.0025","0.29","3","0.5","0.05","1","80","5","8","0","0.5","10","91","278","11.309352517985612","4.183453237410072"
"18","10","0.0025","0.29","3","0.5","0.05","1","80","5","8","0","0.5","10","54","284","11.669014084507042","4.070422535211268"
"17","10","0.0025","0.29","3","0.5","0.05","1","80","5","8","0","0.5","10","75","271","11.180811808118081","4.092250922509225"
"15","10","0.0025","0.29","3","0.5","0.05","1","80","5","8","0","0.5","10","92","277","11.277978339350181","4.184115523465704"
"13","10","0.0025","0.29","3","0.5","0.05","1","80","5","8","0","0.5","10","82","274","11.364963503649635","4.0583941605839415"
"15","10","0.0025","0.29","3","0.5","0.05","1","80","5","8","0","0.5","10","93","277","11.277978339350181","4.187725631768953"
"16","10","0.0025","0.29","3","0.5","0.05","1","80","5","8","0","0.5","10","82","255","11.08235294117647","3.937254901960784"
"14","10","0.0025","0.29","3","0.5","0.05","1","80","5","8","0","0.5","10","88","275","10.967272727272727","4.029090909090909"
"13","10","0.0025","0.29","3","0.5","0.05","1","80","5","8","0","0.5","10","83","272","11.279411764705882","4.0588235294117645"
"16","10","0.0025","0.29","3","0.5","0.05","1","80","5","8","0","0.5","10","83","254","11.031496062992126","3.937007874015748"
"14","10","0.0025","0.29","3","0.5","0.05","1","80","5","8","0","0.5","10","89","274","10.91970802919708","4.018248175182482"
"13","10","0.0025","0.29","3","0.5","0.05","1","80","5","8","0","0.5","10","84","272","11.279411764705882","4.0588235294117645"
"16","10","0.0025","0.29","3","0.5","0.05","1","80","5","8","0","0.5","10","84","254","11.031496062992126","3.937007874015748"
"14","10","0.0025","0.29","3","0.5","0.05","1","80","5","8","0","0.5","10","90","274","10.91970802919708","4.029197080291971"
"17","10","0.0025","0.29","3","0.5","0.05","1","80","5","8","0","0.5","10","76","270","11.281481481481482","4.0962962962962965"
"18","10","0.0025","0.29","3","0.5","0.05","1","80","5","8","0","0.5","10","55","282","11.645390070921986","4.0638297872340425"
"17","10","0.0025","0.29","3","0.5","0.05","1","80","5","8","0","0.5","10","77","269","11.241635687732343","4.092936802973978"
"15","10","0.0025","0.29","3","0.5","0.05","1","80","5","8","0","0.5","10","94","276","11.297101449275363","4.192028985507246"
"18","10","0.0025","0.29","3","0.5","0.05","1","80","5","8","0","0.5","10","56","282","11.645390070921986","4.056737588652482"
"17","10","0.0025","0.29","3","0.5","0.05","1","80","5","8","0","0.5","10","78","266","11.082706766917294","4.093984962406015"
"15","10","0.0025","0.29","3","0.5","0.05","1","80","5","8","0","0.5","10","95","275","11.294545454545455","4.189090909090909"
"18","10","0.0025","0.29","3","0.5","0.05","1","80","5","8","0","0.5","10","57","279","11.519713261648745","4.053763440860215"
"15","10","0.0025","0.29","3","0.5","0.05","1","80","5","8","0","0.5","10","96","274","11.248175182481752","4.186131386861314"
"14","10","0.0025","0.29","3","0.5","0.05","1","80","5","8","0","0.5","10","91","272","10.963235294117647","4.014705882352941"
"14","10","0.0025","0.29","3","0.5","0.05","1","80","5","8","0","0.5","10","92","272","10.963235294117647","4.018382352941177"
"17","10","0.0025","0.29","3","0.5","0.05","1","80","5","8","0","0.5","10","79","264","11.219696969696969","4.087121212121212"
"16","10","0.0025","0.29","3","0.5","0.05","1","80","5","8","0","0.5","10","85","270","11.207407407407407","3.688888888888889"
"14","10","0.0025","0.29","3","0.5","0.05","1","80","5","8","0","0.5","10","93","271","10.92988929889299","4.014760147601476"
"17","10","0.0025","0.29","3","0.5","0.05","1","80","5","8","0","0.5","10","80","264","11.219696969696969","4.083333333333333"
"16","10","0.0025","0.29","3","0.5","0.05","1","80","5","8","0","0.5","10","86","270","11.207407407407407","3.988888888888889"
"13","10","0.0025","0.29","3","0.5","0.05","1","80","5","8","0","0.5","10","85","303","11.089108910891088","3.617161716171617"
"18","10","0.0025","0.29","3","0.5","0.05","1","80","5","8","0","0.5","10","58","277","11.653429602888087","4.050541516245487"
"17","10","0.0025","0.29","3","0.5","0.05","1","80","5","8","0","0.5","10","81","262","11.145038167938932","4.083969465648855"
"16","10","0.0025","0.29","3","0.5","0.05","1","80","5","8","0","0.5","10","87","269","11.174721189591079","3.962825278810409"
"13","10","0.0025","0.29","3","0.5","0.05","1","80","5","8","0","0.5","10","86","303","11.089108910891088","4.0495049504950495"
"18","10","0.0025","0.29","3","0.5","0.05","1","80","5","8","0","0.5","10","59","274","11.525547445255475","4.0510948905109485"
"15","10","0.0025","0.29","3","0.5","0.05","1","80","5","8","0","0.5","10","97","285","11.36140350877193","4.028070175438597"
"13","10","0.0025","0.29","3","0.5","0.05","1","80","5","8","0","0.5","10","87","303","11.089108910891088","4.052805280528053"
"18","10","0.0025","0.29","3","0.5","0.05","1","80","5","8","0","0.5","10","60","272","11.411764705882353","4.047794117647059"
"15","10","0.0025","0.29","3","0.5","0.05","1","80","5","8","0","0.5","10","98","285","11.36140350877193","4.2105263157894735"
"15","10","0.0025","0.29","3","0.5","0.05","1","80","5","8","0","0.5","10","99","284","11.316901408450704","4.211267605633803"
"14","10","0.0025","0.29","3","0.5","0.05","1","80","5","8","0","0.5","10","94","270","11.059259259259258","4.018518518518518"
"17","10","0.0025","0.29","3","0.5","0.05","1","80","5","8","0","0.5","10","82","261","11.279693486590038","4.084291187739463"
"16","10","0.0025","0.29","3","0.5","0.05","1","80","5","8","0","0.5","10","88","269","11.301115241635689","3.95910780669145"
"14","10","0.0025","0.29","3","0.5","0.05","1","80","5","8","0","0.5","10","95","270","11.059259259259258","4.014814814814815"
"17","10","0.0025","0.29","3","0.5","0.05","1","80","5","8","0","0.5","10","83","259","11.173745173745173","4.084942084942085"
"14","10","0.0025","0.29","3","0.5","0.05","1","80","5","8","0","0.5","10","96","267","10.898876404494382","4.0187265917602994"
"16","10","0.0025","0.29","3","0.5","0.05","1","80","5","8","0","0.5","10","89","267","11.176029962546817","3.958801498127341"
"17","10","0.0025","0.29","3","0.5","0.05","1","80","5","8","0","0.5","10","84","256","11.0703125","4.078125"
"16","10","0.0025","0.29","3","0.5","0.05","1","80","5","8","0","0.5","10","90","267","11.176029962546817","3.958801498127341"
"15","10","0.0025","0.29","3","0.5","0.05","1","80","5","8","0","0.5","10","100","282","11.326241134751774","4.205673758865248"
"13","10","0.0025","0.29","3","0.5","0.05","1","80","5","8","0","0.5","10","88","301","11.129568106312293","4.056478405315614"
"15","10","0.0025","0.29","3","0.5","0.05","1","80","5","8","0","0.5","10","101","281","11.295373665480428","4.202846975088968"
"13","10","0.0025","0.29","3","0.5","0.05","1","80","5","8","0","0.5","10","89","299","11.063545150501673","4.053511705685619"
"15","10","0.0025","0.29","3","0.5","0.05","1","80","5","8","0","0.5","10","102","279","11.240143369175627","4.186379928315413"
"13","10","0.0025","0.29","3","0.5","0.05","1","80","5","8","0","0.5","10","90","299","11.063545150501673","4.053511705685619"
"18","10","0.0025","0.29","3","0.5","0.05","1","80","5","8","0","0.5","10","61","285","11.614035087719298","3.8526315789473684"
"16","10","0.0025","0.29","3","0.5","0.05","1","80","5","8","0","0.5","10","91","266","11.263157894736842","3.9586466165413534"
"18","10","0.0025","0.29","3","0.5","0.05","1","80","5","8","0","0.5","10","62","284","11.556338028169014","4.088028169014085"
"16","10","0.0025","0.29","3","0.5","0.05","1","80","5","8","0","0.5","10","92","265","11.20754716981132","3.9622641509433962"
"17","10","0.0025","0.29","3","0.5","0.05","1","80","5","8","0","0.5","10","85","276","11.101449275362318","3.7644927536231885"
"18","10","0.0025","0.29","3","0.5","0.05","1","80","5","8","0","0.5","10","63","281","11.487544483985765","4.088967971530249"
"15","10","0.0025","0.29","3","0.5","0.05","1","80","5","8","0","0.5","10","103","278","11.258992805755396","4.18705035971223"
"16","10","0.0025","0.29","3","0.5","0.05","1","80","5","8","0","0.5","10","93","263","11.133079847908744","3.9657794676806084"
"17","10","0.0025","0.29","3","0.5","0.05","1","80","5","8","0","0.5","10","86","276","11.101449275362318","4.072463768115942"
"14","10","0.0025","0.29","3","0.5","0.05","1","80","5","8","0","0.5","10","97","286","10.93006993006993","3.7482517482517483"
"15","10","0.0025","0.29","3","0.5","0.05","1","80","5","8","0","0.5","10","104","278","11.258992805755396","4.183453237410072"
"17","10","0.0025","0.29","3","0.5","0.05","1","80","5","8","0","0.5","10","87","274","10.992700729927007","4.072992700729927"
"15","10","0.0025","0.29","3","0.5","0.05","1","80","5","8","0","0.5","10","105","278","11.258992805755396","4.179856115107913"
"14","10","0.0025","0.29","3","0.5","0.05","1","80","5","8","0","0.5","10","98","284","10.852112676056338","4.038732394366197"
"13","10","0.0025","0.29","3","0.5","0.05","1","80","5","8","0","0.5","10","91","299","11.19732441471572","4.053511705685619"
"14","10","0.0025","0.29","3","0.5","0.05","1","80","5","8","0","0.5","10","99","281","10.690391459074734","4.039145907473309"
"13","10","0.0025","0.29","3","0.5","0.05","1","80","5","8","0","0.5","10","92","299","11.19732441471572","4.053511705685619"
"18","10","0.0025","0.29","3","0.5","0.05","1","80","5","8","0","0.5","10","64","281","11.651245551601424","4.06049822064057"
"16","10","0.0025","0.29","3","0.5","0.05","1","80","5","8","0","0.5","10","94","263","11.254752851711027","3.958174904942966"
"13","10","0.0025","0.29","3","0.5","0.05","1","80","5","8","0","0.5","10","93","298","11.14765100671141","4.057046979865772"
"16","10","0.0025","0.29","3","0.5","0.05","1","80","5","8","0","0.5","10","95","263","11.254752851711027","3.958174904942966"
"18","10","0.0025","0.29","3","0.5","0.05","1","80","5","8","0","0.5","10","65","279","11.562724014336917","4.060931899641577"
"17","10","0.0025","0.29","3","0.5","0.05","1","80","5","8","0","0.5","10","88","273","11.062271062271062","4.076923076923077"
"15","10","0.0025","0.29","3","0.5","0.05","1","80","5","8","0","0.5","10","106","275","11.221818181818183","4.1854545454545455"
"16","10","0.0025","0.29","3","0.5","0.05","1","80","5","8","0","0.5","10","96","263","11.254752851711027","3.958174904942966"
"17","10","0.0025","0.29","3","0.5","0.05","1","80","5","8","0","0.5","10","89","273","11.062271062271062","4.08058608058608"
"18","10","0.0025","0.29","3","0.5","0.05","1","80","5","8","0","0.5","10","66","277","11.494584837545126","4.061371841155235"
"15","10","0.0025","0.29","3","0.5","0.05","1","80","5","8","0","0.5","10","107","275","11.221818181818183","4.181818181818182"
"17","10","0.0025","0.29","3","0.5","0.05","1","80","5","8","0","0.5","10","90","272","11.036764705882353","4.080882352941177"
"15","10","0.0025","0.29","3","0.5","0.05","1","80","5","8","0","0.5","10","108","275","11.221818181818183","4.189090909090909"
"14","10","0.0025","0.29","3","0.5","0.05","1","80","5","8","0","0.5","10","100","280","10.835714285714285","4.0321428571428575"
"14","10","0.0025","0.29","3","0.5","0.05","1","80","5","8","0","0.5","10","101","280","10.835714285714285","4.0285714285714285"
"14","10","0.0025","0.29","3","0.5","0.05","1","80","5","8","0","0.5","10","102","278","10.755395683453237","4.039568345323741"
"13","10","0.0025","0.29","3","0.5","0.05","1","80","5","8","0","0.5","10","94","295","11.179661016949153","4.054237288135593"
"18","10","0.0025","0.29","3","0.5","0.05","1","80","5","8","0","0.5","10","67","276","11.594202898550725","4.061594202898551"
"17","10","0.0025","0.29","3","0.5","0.05","1","80","5","8","0","0.5","10","91","272","11.169117647058824","4.080882352941177"
"13","10","0.0025","0.29","3","0.5","0.05","1","80","5","8","0","0.5","10","95","294","11.19047619047619","4.054421768707483"
"16","10","0.0025","0.29","3","0.5","0.05","1","80","5","8","0","0.5","10","97","281","11.13167259786477","3.6725978647686834"
"18","10","0.0025","0.29","3","0.5","0.05","1","80","5","8","0","0.5","10","68","276","11.594202898550725","4.061594202898551"
"17","10","0.0025","0.29","3","0.5","0.05","1","80","5","8","0","0.5","10","92","271","11.136531365313653","4.081180811808118"
"13","10","0.0025","0.29","3","0.5","0.05","1","80","5","8","0","0.5","10","96","294","11.19047619047619","4.054421768707483"
"16","10","0.0025","0.29","3","0.5","0.05","1","80","5","8","0","0.5","10","98","281","11.13167259786477","3.9395017793594307"
"17","10","0.0025","0.29","3","0.5","0.05","1","80","5","8","0","0.5","10","93","270","11.088888888888889","4.0814814814814815"
"18","10","0.0025","0.29","3","0.5","0.05","1","80","5","8","0","0.5","10","69","274","11.510948905109489","4.065693430656935"
"15","10","0.0025","0.29","3","0.5","0.05","1","80","5","8","0","0.5","10","109","274","11.408759124087592","4.149635036496351"
"16","10","0.0025","0.29","3","0.5","0.05","1","80","5","8","0","0.5","10","99","279","11.046594982078853","3.935483870967742"
"15","10","0.0025","0.29","3","0.5","0.05","1","80","5","8","0","0.5","10","110","273","11.355311355311356","4.172161172161172"
"14","10","0.0025","0.29","3","0.5","0.05","1","80","5","8","0","0.5","10","103","277","10.916967509025271","4.036101083032491"
"15","10","0.0025","0.29","3","0.5","0.05","1","80","5","8","0","0.5","10","111","273","11.355311355311356","4.175824175824176"
"14","10","0.0025","0.29","3","0.5","0.05","1","80","5","8","0","0.5","10","104","276","10.884057971014492","4.0398550724637685"
"14","10","0.0025","0.29","3","0.5","0.05","1","80","5","8","0","0.5","10","105","275","10.843636363636364","4.032727272727273"
"17","10","0.0025","0.29","3","0.5","0.05","1","80","5","8","0","0.5","10","94","269","11.12267657992565","4.078066914498141"
"18","10","0.0025","0.29","3","0.5","0.05","1","80","5","8","0","0.5","10","70","273","11.604395604395604","4.065934065934066"
"17","10","0.0025","0.29","3","0.5","0.05","1","80","5","8","0","0.5","10","95","268","11.067164179104477","4.0783582089552235"
"16","10","0.0025","0.29","3","0.5","0.05","1","80","5","8","0","0.5","10","100","279","11.146953405017921","3.931899641577061"
"18","10","0.0025","0.29","3","0.5","0.05","1","80","5","8","0","0.5","10","71","271","11.512915129151292","4.0664206642066425"
"17","10","0.0025","0.29","3","0.5","0.05","1","80","5","8","0","0.5","10","96","267","11.0187265917603","4.082397003745318"
"15","10","0.0025","0.29","3","0.5","0.05","1","80","5","8","0","0.5","10","112","270","11.28888888888889","4.174074074074074"
"16","10","0.0025","0.29","3","0.5","0.05","1","80","5","8","0","0.5","10","101","278","11.093525179856115","3.935251798561151"
"18","10","0.0025","0.29","3","0.5","0.05","1","80","5","8","0","0.5","10","72","271","11.512915129151292","4.0664206642066425"
"15","10","0.0025","0.29","3","0.5","0.05","1","80","5","8","0","0.5","10","113","270","11.28888888888889","4.181481481481481"
"16","10","0.0025","0.29","3","0.5","0.05","1","80","5","8","0","0.5","10","102","277","11.032490974729242","3.935018050541516"
"13","10","0.0025","0.29","3","0.5","0.05","1","80","5","8","0","0.5","10","97","313","11.226837060702875","3.7955271565495208"
"15","10","0.0025","0.29","3","0.5","0.05","1","80","5","8","0","0.5","10","114","269","11.24907063197026","4.189591078066915"
"13","10","0.0025","0.29","3","0.5","0.05","1","80","5","8","0","0.5","10","98","313","11.226837060702875","4.041533546325879"
"14","10","0.0025","0.29","3","0.5","0.05","1","80","5","8","0","0.5","10","106","273","10.945054945054945","4.029304029304029"
"13","10","0.0025","0.29","3","0.5","0.05","1","80","5","8","0","0.5","10","99","313","11.226837060702875","4.035143769968051"
"14","10","0.0025","0.29","3","0.5","0.05","1","80","5","8","0","0.5","10","107","272","10.904411764705882","4.029411764705882"
"14","10","0.0025","0.29","3","0.5","0.05","1","80","5","8","0","0.5","10","108","271","10.863468634686347","4.029520295202952"
"16","10","0.0025","0.29","3","0.5","0.05","1","80","5","8","0","0.5","10","103","276","11.115942028985508","3.9347826086956523"
"15","10","0.0025","0.29","3","0.5","0.05","1","80","5","8","0","0.5","10","115","269","11.308550185873607","4.189591078066915"
"17","10","0.0025","0.29","3","0.5","0.05","1","80","5","8","0","0.5","10","97","273","11.31868131868132","3.956043956043956"
"15","10","0.0025","0.29","3","0.5","0.05","1","80","5","8","0","0.5","10","116","268","11.276119402985074","4.190298507462686"
"16","10","0.0025","0.29","3","0.5","0.05","1","80","5","8","0","0.5","10","104","276","11.115942028985508","3.931159420289855"
"18","10","0.0025","0.29","3","0.5","0.05","1","80","5","8","0","0.5","10","73","288","11.416666666666666","3.798611111111111"
"17","10","0.0025","0.29","3","0.5","0.05","1","80","5","8","0","0.5","10","98","272","11.264705882352942","4.084558823529412"
"15","10","0.0025","0.29","3","0.5","0.05","1","80","5","8","0","0.5","10","117","268","11.276119402985074","4.190298507462686"
"16","10","0.0025","0.29","3","0.5","0.05","1","80","5","8","0","0.5","10","105","276","11.115942028985508","3.9347826086956523"
"13","10","0.0025","0.29","3","0.5","0.05","1","80","5","8","0","0.5","10","100","312","11.256410256410257","4.035256410256411"
"18","10","0.0025","0.29","3","0.5","0.05","1","80","5","8","0","0.5","10","74","288","11.416666666666666","4.041666666666667"
"17","10","0.0025","0.29","3","0.5","0.05","1","80","5","8","0","0.5","10","99","271","11.22509225092251","4.081180811808118"
"13","10","0.0025","0.29","3","0.5","0.05","1","80","5","8","0","0.5","10","101","311","11.215434083601286","4.035369774919614"
"18","10","0.0025","0.29","3","0.5","0.05","1","80","5","8","0","0.5","10","75","288","11.416666666666666","4.041666666666667"
"13","10","0.0025","0.29","3","0.5","0.05","1","80","5","8","0","0.5","10","102","310","11.180645161290322","4.032258064516129"
"14","10","0.0025","0.29","3","0.5","0.05","1","80","5","8","0","0.5","10","109","286","11.013986013986013","3.8181818181818183"
"15","10","0.0025","0.29","3","0.5","0.05","1","80","5","8","0","0.5","10","118","267","11.325842696629213","4.191011235955056"
"16","10","0.0025","0.29","3","0.5","0.05","1","80","5","8","0","0.5","10","106","275","11.12","3.930909090909091"
"14","10","0.0025","0.29","3","0.5","0.05","1","80","5","8","0","0.5","10","110","284","10.929577464788732","4.03169014084507"
"15","10","0.0025","0.29","3","0.5","0.05","1","80","5","8","0","0.5","10","119","265","11.237735849056603","4.192452830188679"
"17","10","0.0025","0.29","3","0.5","0.05","1","80","5","8","0","0.5","10","100","269","11.20446096654275","4.074349442379182"
"18","10","0.0025","0.29","3","0.5","0.05","1","80","5","8","0","0.5","10","76","286","11.391608391608392","4.034965034965035"
"16","10","0.0025","0.29","3","0.5","0.05","1","80","5","8","0","0.5","10","107","274","11.065693430656934","3.9306569343065694"
"14","10","0.0025","0.29","3","0.5","0.05","1","80","5","8","0","0.5","10","111","283","10.883392226148409","4.035335689045937"
"15","10","0.0025","0.29","3","0.5","0.05","1","80","5","8","0","0.5","10","120","263","11.140684410646388","4.190114068441065"
"17","10","0.0025","0.29","3","0.5","0.05","1","80","5","8","0","0.5","10","101","269","11.20446096654275","4.070631970260223"
"18","10","0.0025","0.29","3","0.5","0.05","1","80","5","8","0","0.5","10","77","286","11.391608391608392","4.038461538461538"
"16","10","0.0025","0.29","3","0.5","0.05","1","80","5","8","0","0.5","10","108","271","10.92988929889299","3.937269372693727"
"17","10","0.0025","0.29","3","0.5","0.05","1","80","5","8","0","0.5","10","102","269","11.20446096654275","4.070631970260223"
"18","10","0.0025","0.29","3","0.5","0.05","1","80","5","8","0","0.5","10","78","285","11.35438596491228","4.03859649122807"
"13","10","0.0025","0.29","3","0.5","0.05","1","80","5","8","0","0.5","10","103","310","11.30967741935484","4.029032258064516"
"13","10","0.0025","0.29","3","0.5","0.05","1","80","5","8","0","0.5","10","104","309","11.281553398058252","4.029126213592233"
"14","10","0.0025","0.29","3","0.5","0.05","1","80","5","8","0","0.5","10","112","283","11.017667844522968","4.035335689045937"
"13","10","0.0025","0.29","3","0.5","0.05","1","80","5","8","0","0.5","10","105","308","11.25974025974026","4.032467532467533"
"17","10","0.0025","0.29","3","0.5","0.05","1","80","5","8","0","0.5","10","103","266","11.150375939849624","4.071428571428571"
"14","10","0.0025","0.29","3","0.5","0.05","1","80","5","8","0","0.5","10","113","283","11.017667844522968","4.035335689045937"
"18","10","0.0025","0.29","3","0.5","0.05","1","80","5","8","0","0.5","10","79","285","11.417543859649124","4.045614035087719"
"17","10","0.0025","0.29","3","0.5","0.05","1","80","5","8","0","0.5","10","104","265","11.10188679245283","4.071698113207547"
"14","10","0.0025","0.29","3","0.5","0.05","1","80","5","8","0","0.5","10","114","281","10.93950177935943","4.0355871886121"
"19","10","0.0025","0.29","3","0.5","0.05","1","80","5","8","0","0.5","10","0","244","11.631147540983607","4.012295081967213"
"18","10","0.0025","0.29","3","0.5","0.05","1","80","5","8","0","0.5","10","80","285","11.417543859649124","4.049122807017544"
"17","10","0.0025","0.29","3","0.5","0.05","1","80","5","8","0","0.5","10","105","264","11.068181818181818","4.071969696969697"
"18","10","0.0025","0.29","3","0.5","0.05","1","80","5","8","0","0.5","10","81","285","11.417543859649124","4.045614035087719"
"16","10","0.0025","0.29","3","0.5","0.05","1","80","5","8","0","0.5","10","109","286","11.055944055944057","3.730769230769231"
"16","10","0.0025","0.29","3","0.5","0.05","1","80","5","8","0","0.5","10","110","285","11.017543859649123","3.9263157894736844"
"13","10","0.0025","0.29","3","0.5","0.05","1","80","5","8","0","0.5","10","106","308","11.337662337662337","4.032467532467533"
"16","10","0.0025","0.29","3","0.5","0.05","1","80","5","8","0","0.5","10","111","283","10.93286219081272","3.911660777385159"
"14","10","0.0025","0.29","3","0.5","0.05","1","80","5","8","0","0.5","10","115","281","11.03914590747331","4.0355871886121"
"13","10","0.0025","0.29","3","0.5","0.05","1","80","5","8","0","0.5","10","107","307","11.309446254071661","4.03257328990228"
"19","10","0.0025","0.29","3","0.5","0.05","1","80","5","8","0","0.5","10","1","239","11.589958158995817","4.050209205020921"
"18","10","0.0025","0.29","3","0.5","0.05","1","80","5","8","0","0.5","10","82","284","11.464788732394366","4.045774647887324"
"14","10","0.0025","0.29","3","0.5","0.05","1","80","5","8","0","0.5","10","116","279","11.039426523297491","4.039426523297491"
"17","10","0.0025","0.29","3","0.5","0.05","1","80","5","8","0","0.5","10","106","263","11.193916349809886","4.072243346007604"
"13","10","0.0025","0.29","3","0.5","0.05","1","80","5","8","0","0.5","10","108","305","11.239344262295083","4.032786885245901"
"18","10","0.0025","0.29","3","0.5","0.05","1","80","5","8","0","0.5","10","83","284","11.464788732394366","4.045774647887324"
"19","10","0.0025","0.29","3","0.5","0.05","1","80","5","8","0","0.5","10","2","238","11.53781512605042","4.092436974789916"
"14","10","0.0025","0.29","3","0.5","0.05","1","80","5","8","0","0.5","10","117","278","11","4.043165467625899"
"17","10","0.0025","0.29","3","0.5","0.05","1","80","5","8","0","0.5","10","107","262","11.15267175572519","4.072519083969466"
"19","10","0.0025","0.29","3","0.5","0.05","1","80","5","8","0","0.5","10","3","237","11.49367088607595","4.10126582278481"
"17","10","0.0025","0.29","3","0.5","0.05","1","80","5","8","0","0.5","10","108","260","11.046153846153846","4.073076923076923"
"18","10","0.0025","0.29","3","0.5","0.05","1","80","5","8","0","0.5","10","84","283","11.42756183745583","4.045936395759718"
"16","10","0.0025","0.29","3","0.5","0.05","1","80","5","8","0","0.5","10","112","281","10.932384341637011","3.9145907473309607"
"16","10","0.0025","0.29","3","0.5","0.05","1","80","5","8","0","0.5","10","113","281","10.932384341637011","3.925266903914591"
"16","10","0.0025","0.29","3","0.5","0.05","1","80","5","8","0","0.5","10","114","281","10.932384341637011","3.925266903914591"
"14","10","0.0025","0.29","3","0.5","0.05","1","80","5","8","0","0.5","10","118","277","11.046931407942239","4.03971119133574"
"14","10","0.0025","0.29","3","0.5","0.05","1","80","5","8","0","0.5","10","119","276","11","4.0398550724637685"
"19","10","0.0025","0.29","3","0.5","0.05","1","80","5","8","0","0.5","10","4","237","11.789029535864978","4.0886075949367084"
"14","10","0.0025","0.29","3","0.5","0.05","1","80","5","8","0","0.5","10","120","276","11","4.036231884057971"
"19","10","0.0025","0.29","3","0.5","0.05","1","80","5","8","0","0.5","10","5","237","11.789029535864978","4.0928270042194095"
"18","10","0.0025","0.29","3","0.5","0.05","1","80","5","8","0","0.5","10","85","293","11.378839590443686","3.8976109215017063"
"17","10","0.0025","0.29","3","0.5","0.05","1","80","5","8","0","0.5","10","109","270","11.237037037037037","3.9074074074074074"
"19","10","0.0025","0.29","3","0.5","0.05","1","80","5","8","0","0.5","10","6","237","11.789029535864978","4.09704641350211"
"13","10","0.0025","0.29","3","0.5","0.05","1","80","5","8","0","0.5","10","109","308","11.454545454545455","3.9675324675324677"
"18","10","0.0025","0.29","3","0.5","0.05","1","80","5","8","0","0.5","10","86","293","11.378839590443686","4.047781569965871"
"16","10","0.0025","0.29","3","0.5","0.05","1","80","5","8","0","0.5","10","115","280","10.992857142857142","3.925"
"17","10","0.0025","0.29","3","0.5","0.05","1","80","5","8","0","0.5","10","110","270","11.237037037037037","4.059259259259259"
"18","10","0.0025","0.29","3","0.5","0.05","1","80","5","8","0","0.5","10","87","292","11.383561643835616","4.051369863013699"
"16","10","0.0025","0.29","3","0.5","0.05","1","80","5","8","0","0.5","10","116","280","10.992857142857142","3.9214285714285713"
"13","10","0.0025","0.29","3","0.5","0.05","1","80","5","8","0","0.5","10","110","305","11.331147540983606","4.0131147540983605"
"17","10","0.0025","0.29","3","0.5","0.05","1","80","5","8","0","0.5","10","111","269","11.197026022304833","4.063197026022305"
"16","10","0.0025","0.29","3","0.5","0.05","1","80","5","8","0","0.5","10","117","279","10.960573476702509","3.921146953405018"
"13","10","0.0025","0.29","3","0.5","0.05","1","80","5","8","0","0.5","10","111","305","11.331147540983606","4.022950819672131"
"19","10","0.0025","0.29","3","0.5","0.05","1","80","5","8","0","0.5","10","7","236","11.889830508474576","4.0974576271186445"
"19","10","0.0025","0.29","3","0.5","0.05","1","80","5","8","0","0.5","10","8","235","11.846808510638297","4.097872340425532"
"20","10","0.0025","0.29","3","0.5","0.05","1","80","5","8","0","0.5","10","0","245","11.983673469387755","4.024489795918368"
"18","10","0.0025","0.29","3","0.5","0.05","1","80","5","8","0","0.5","10","88","292","11.417808219178083","4.051369863013699"
"19","10","0.0025","0.29","3","0.5","0.05","1","80","5","8","0","0.5","10","9","233","11.759656652360515","4.098712446351931"
"17","10","0.0025","0.29","3","0.5","0.05","1","80","5","8","0","0.5","10","112","268","11.208955223880597","4.063432835820896"
"18","10","0.0025","0.29","3","0.5","0.05","1","80","5","8","0","0.5","10","89","291","11.415807560137457","4.051546391752577"
"17","10","0.0025","0.29","3","0.5","0.05","1","80","5","8","0","0.5","10","113","267","11.153558052434457","4.067415730337078"
"16","10","0.0025","0.29","3","0.5","0.05","1","80","5","8","0","0.5","10","118","279","11.060931899641577","3.917562724014337"
"18","10","0.0025","0.29","3","0.5","0.05","1","80","5","8","0","0.5","10","90","287","11.254355400696864","4.045296167247387"
"16","10","0.0025","0.29","3","0.5","0.05","1","80","5","8","0","0.5","10","119","279","11.060931899641577","3.921146953405018"
"17","10","0.0025","0.29","3","0.5","0.05","1","80","5","8","0","0.5","10","114","265","11.116981132075471","4.064150943396227"
"13","10","0.0025","0.29","3","0.5","0.05","1","80","5","8","0","0.5","10","112","300","11.326666666666666","4.023333333333333"
"16","10","0.0025","0.29","3","0.5","0.05","1","80","5","8","0","0.5","10","120","277","10.974729241877256","3.916967509025271"
"13","10","0.0025","0.29","3","0.5","0.05","1","80","5","8","0","0.5","10","113","299","11.290969899665551","4.0200668896321075"
"20","10","0.0025","0.29","3","0.5","0.05","1","80","5","8","0","0.5","10","1","245","12.17142857142857","4.0081632653061225"
"19","10","0.0025","0.29","3","0.5","0.05","1","80","5","8","0","0.5","10","10","233","11.948497854077253","4.098712446351931"
"13","10","0.0025","0.29","3","0.5","0.05","1","80","5","8","0","0.5","10","114","299","11.290969899665551","4.023411371237458"
"19","10","0.0025","0.29","3","0.5","0.05","1","80","5","8","0","0.5","10","11","230","11.747826086956522","4.1"
"20","10","0.0025","0.29","3","0.5","0.05","1","80","5","8","0","0.5","10","2","245","12.17142857142857","4.012244897959183"
"19","10","0.0025","0.29","3","0.5","0.05","1","80","5","8","0","0.5","10","12","228","11.631578947368421","4.100877192982456"
"20","10","0.0025","0.29","3","0.5","0.05","1","80","5","8","0","0.5","10","3","244","12.139344262295081","4.012295081967213"
"17","10","0.0025","0.29","3","0.5","0.05","1","80","5","8","0","0.5","10","115","264","11.219696969696969","4.0643939393939394"
"18","10","0.0025","0.29","3","0.5","0.05","1","80","5","8","0","0.5","10","91","286","11.34965034965035","4.038461538461538"
"17","10","0.0025","0.29","3","0.5","0.05","1","80","5","8","0","0.5","10","116","262","11.15267175572519","4.064885496183206"
"18","10","0.0025","0.29","3","0.5","0.05","1","80","5","8","0","0.5","10","92","285","11.319298245614036","4.03859649122807"
"17","10","0.0025","0.29","3","0.5","0.05","1","80","5","8","0","0.5","10","117","261","11.149425287356323","4.065134099616858"
"21","10","0.005","0.29","3","0.5","0.05","1","80","5","8","0","0.5","10","0","232","11.60344827586207","3.7543103448275863"
"18","10","0.0025","0.29","3","0.5","0.05","1","80","5","8","0","0.5","10","93","284","11.288732394366198","4.038732394366197"
"20","10","0.0025","0.29","3","0.5","0.05","1","80","5","8","0","0.5","10","4","242","12.173553719008265","4.012396694214876"
"13","10","0.0025","0.29","3","0.5","0.05","1","80","5","8","0","0.5","10","115","299","11.444816053511706","4.0200668896321075"
"20","10","0.0025","0.29","3","0.5","0.05","1","80","5","8","0","0.5","10","5","242","12.173553719008265","4.012396694214876"
"19","10","0.0025","0.29","3","0.5","0.05","1","80","5","8","0","0.5","10","13","250","11.576","3.724"
"20","10","0.0025","0.29","3","0.5","0.05","1","80","5","8","0","0.5","10","6","240","12.058333333333334","4.016666666666667"
"17","10","0.0025","0.29","3","0.5","0.05","1","80","5","8","0","0.5","10","118","258","11.108527131782946","4.065891472868217"
"13","10","0.0025","0.29","3","0.5","0.05","1","80","5","8","0","0.5","10","116","294","11.244897959183673","4.020408163265306"
"19","10","0.0025","0.29","3","0.5","0.05","1","80","5","8","0","0.5","10","14","248","11.556451612903226","4.108870967741935"
"17","10","0.0025","0.29","3","0.5","0.05","1","80","5","8","0","0.5","10","119","258","11.108527131782946","4.069767441860465"
"21","10","0.005","0.29","3","0.5","0.05","1","80","5","8","0","0.5","10","1","232","11.810344827586206","3.8922413793103448"
"13","10","0.0025","0.29","3","0.5","0.05","1","80","5","8","0","0.5","10","117","294","11.244897959183673","4.020408163265306"
"18","10","0.0025","0.29","3","0.5","0.05","1","80","5","8","0","0.5","10","94","284","11.401408450704226","4.038732394366197"
"19","10","0.0025","0.29","3","0.5","0.05","1","80","5","8","0","0.5","10","15","247","11.51417004048583","4.097165991902834"
"17","10","0.0025","0.29","3","0.5","0.05","1","80","5","8","0","0.5","10","120","257","11.081712062256809","4.073929961089494"
"21","10","0.005","0.29","3","0.5","0.05","1","80","5","8","0","0.5","10","2","231","11.74025974025974","3.9393939393939394"
"18","10","0.0025","0.29","3","0.5","0.05","1","80","5","8","0","0.5","10","95","282","11.333333333333334","4.042553191489362"
"21","10","0.005","0.29","3","0.5","0.05","1","80","5","8","0","0.5","10","3","231","11.74025974025974","3.9567099567099566"
"18","10","0.0025","0.29","3","0.5","0.05","1","80","5","8","0","0.5","10","96","281","11.288256227758007","4.04270462633452"
"20","10","0.0025","0.29","3","0.5","0.05","1","80","5","8","0","0.5","10","7","240","12.25","4.016666666666667"
"19","10","0.0025","0.29","3","0.5","0.05","1","80","5","8","0","0.5","10","16","246","11.609756097560975","4.085365853658536"
"20","10","0.0025","0.29","3","0.5","0.05","1","80","5","8","0","0.5","10","8","239","12.200836820083682","4.01673640167364"
"21","10","0.005","0.29","3","0.5","0.05","1","80","5","8","0","0.5","10","4","231","11.904761904761905","3.9567099567099566"
"19","10","0.0025","0.29","3","0.5","0.05","1","80","5","8","0","0.5","10","17","246","11.609756097560975","4.08130081300813"
"22","10","0.005","0.29","3","0.5","0.05","1","80","5","8","0","0.5","10","0","215","11.590697674418605","4.097674418604651"
"20","10","0.0025","0.29","3","0.5","0.05","1","80","5","8","0","0.5","10","9","238","12.15126050420168","4.016806722689076"
"21","10","0.005","0.29","3","0.5","0.05","1","80","5","8","0","0.5","10","5","231","11.904761904761905","3.9567099567099566"
"19","10","0.0025","0.29","3","0.5","0.05","1","80","5","8","0","0.5","10","18","246","11.609756097560975","4.08130081300813"
"13","10","0.0025","0.29","3","0.5","0.05","1","80","5","8","0","0.5","10","118","294","11.45578231292517","4.020408163265306"
"21","10","0.005","0.29","3","0.5","0.05","1","80","5","8","0","0.5","10","6","231","11.904761904761905","3.9567099567099566"
"13","10","0.0025","0.29","3","0.5","0.05","1","80","5","8","0","0.5","10","119","291","11.326460481099657","4.020618556701031"
"19","10","0.0025","0.29","3","0.5","0.05","1","80","5","8","0","0.5","10","19","246","11.707317073170731","4.085365853658536"
"20","10","0.0025","0.29","3","0.5","0.05","1","80","5","8","0","0.5","10","10","238","12.302521008403362","4.016806722689076"
"13","10","0.0025","0.29","3","0.5","0.05","1","80","5","8","0","0.5","10","120","290","11.296551724137931","4.017241379310345"
"22","10","0.005","0.29","3","0.5","0.05","1","80","5","8","0","0.5","10","1","215","11.86046511627907","4.037209302325581"
"21","10","0.005","0.29","3","0.5","0.05","1","80","5","8","0","0.5","10","7","231","12.043290043290042","3.9567099567099566"
"19","10","0.0025","0.29","3","0.5","0.05","1","80","5","8","0","0.5","10","20","244","11.598360655737705","4.081967213114754"
"22","10","0.005","0.29","3","0.5","0.05","1","80","5","8","0","0.5","10","2","212","11.69811320754717","4.061320754716981"
"20","10","0.0025","0.29","3","0.5","0.05","1","80","5","8","0","0.5","10","11","238","12.302521008403362","4.016806722689076"
"18","10","0.0025","0.29","3","0.5","0.05","1","80","5","8","0","0.5","10","97","293","11.290102389078498","3.83617747440273"
"21","10","0.005","0.29","3","0.5","0.05","1","80","5","8","0","0.5","10","8","231","12.043290043290042","3.9567099567099566"
"20","10","0.0025","0.29","3","0.5","0.05","1","80","5","8","0","0.5","10","12","238","12.302521008403362","4.016806722689076"
"22","10","0.005","0.29","3","0.5","0.05","1","80","5","8","0","0.5","10","3","211","11.649289099526067","4.0663507109004735"
"19","10","0.0025","0.29","3","0.5","0.05","1","80","5","8","0","0.5","10","21","244","11.598360655737705","4.081967213114754"
"18","10","0.0025","0.29","3","0.5","0.05","1","80","5","8","0","0.5","10","98","293","11.290102389078498","4.047781569965871"
"21","10","0.005","0.29","3","0.5","0.05","1","80","5","8","0","0.5","10","9","231","12.043290043290042","3.9567099567099566"
"18","10","0.0025","0.29","3","0.5","0.05","1","80","5","8","0","0.5","10","99","290","11.144827586206896","4.048275862068966"
"19","10","0.0025","0.29","3","0.5","0.05","1","80","5","8","0","0.5","10","22","244","11.672131147540984","4.081967213114754"
"21","10","0.005","0.29","3","0.5","0.05","1","80","5","8","0","0.5","10","10","231","12.103896103896103","3.9567099567099566"
"22","10","0.005","0.29","3","0.5","0.05","1","80","5","8","0","0.5","10","4","211","11.876777251184834","4.071090047393365"
"19","10","0.0025","0.29","3","0.5","0.05","1","80","5","8","0","0.5","10","23","241","11.493775933609959","4.08298755186722"
"20","10","0.0025","0.29","3","0.5","0.05","1","80","5","8","0","0.5","10","13","254","12","3.763779527559055"
"21","10","0.005","0.29","3","0.5","0.05","1","80","5","8","0","0.5","10","11","231","12.103896103896103","3.9567099567099566"
"22","10","0.005","0.29","3","0.5","0.05","1","80","5","8","0","0.5","10","5","211","11.876777251184834","4.075829383886256"
"19","10","0.0025","0.29","3","0.5","0.05","1","80","5","8","0","0.5","10","24","239","11.380753138075313","4.079497907949791"
"20","10","0.0025","0.29","3","0.5","0.05","1","80","5","8","0","0.5","10","14","250","11.8","3.996"
"23","10","0.005","0.29","3","0.5","0.05","1","80","5","8","0","0.5","10","0","244","11.680327868852459","4.081967213114754"
"22","10","0.005","0.29","3","0.5","0.05","1","80","5","8","0","0.5","10","6","211","11.876777251184834","4.075829383886256"
"21","10","0.005","0.29","3","0.5","0.05","1","80","5","8","0","0.5","10","12","231","12.103896103896103","3.9567099567099566"
"20","10","0.0025","0.29","3","0.5","0.05","1","80","5","8","0","0.5","10","15","250","11.8","3.996"
"18","10","0.0025","0.29","3","0.5","0.05","1","80","5","8","0","0.5","10","100","290","11.255172413793103","4.048275862068966"
"18","10","0.0025","0.29","3","0.5","0.05","1","80","5","8","0","0.5","10","101","287","11.13588850174216","4.045296167247387"
"22","10","0.005","0.29","3","0.5","0.05","1","80","5","8","0","0.5","10","7","211","12.04739336492891","4.075829383886256"
"22","10","0.005","0.29","3","0.5","0.05","1","80","5","8","0","0.5","10","8","209","11.952153110047847","4.076555023923445"
"18","10","0.0025","0.29","3","0.5","0.05","1","80","5","8","0","0.5","10","102","287","11.13588850174216","4.045296167247387"
"21","10","0.005","0.29","3","0.5","0.05","1","80","5","8","0","0.5","10","13","244","11.87704918032787","3.7459016393442623"
"22","10","0.005","0.29","3","0.5","0.05","1","80","5","8","0","0.5","10","9","208","11.884615384615385","4.072115384615385"
"23","10","0.005","0.29","3","0.5","0.05","1","80","5","8","0","0.5","10","1","244","11.901639344262295","4.127049180327869"
"20","10","0.0025","0.29","3","0.5","0.05","1","80","5","8","0","0.5","10","16","250","11.96","3.996"
"21","10","0.005","0.29","3","0.5","0.05","1","80","5","8","0","0.5","10","14","243","11.843621399176955","3.9794238683127574"
"23","10","0.005","0.29","3","0.5","0.05","1","80","5","8","0","0.5","10","2","244","11.901639344262295","4.086065573770492"
"20","10","0.0025","0.29","3","0.5","0.05","1","80","5","8","0","0.5","10","17","248","11.870967741935484","3.9919354838709675"
"21","10","0.005","0.29","3","0.5","0.05","1","80","5","8","0","0.5","10","15","243","11.843621399176955","3.9794238683127574"
"23","10","0.005","0.29","3","0.5","0.05","1","80","5","8","0","0.5","10","3","244","11.901639344262295","4.086065573770492"
"19","10","0.0025","0.29","3","0.5","0.05","1","80","5","8","0","0.5","10","25","269","11.271375464684015","3.6059479553903344"
"20","10","0.0025","0.29","3","0.5","0.05","1","80","5","8","0","0.5","10","18","246","11.788617886178862","3.9878048780487805"
"22","10","0.005","0.29","3","0.5","0.05","1","80","5","8","0","0.5","10","10","208","12.048076923076923","4.072115384615385"
"19","10","0.0025","0.29","3","0.5","0.05","1","80","5","8","0","0.5","10","26","268","11.223880597014926","4.085820895522388"
"22","10","0.005","0.29","3","0.5","0.05","1","80","5","8","0","0.5","10","11","208","12.048076923076923","4.072115384615385"
"21","10","0.005","0.29","3","0.5","0.05","1","80","5","8","0","0.5","10","16","243","11.88477366255144","3.9753086419753085"
"18","10","0.0025","0.29","3","0.5","0.05","1","80","5","8","0","0.5","10","103","285","11.185964912280701","4.045614035087719"
"22","10","0.005","0.29","3","0.5","0.05","1","80","5","8","0","0.5","10","12","207","11.980676328502415","4.072463768115942"
"19","10","0.0025","0.29","3","0.5","0.05","1","80","5","8","0","0.5","10","27","266","11.12781954887218","4.078947368421052"
"18","10","0.0025","0.29","3","0.5","0.05","1","80","5","8","0","0.5","10","104","285","11.185964912280701","4.045614035087719"
"21","10","0.005","0.29","3","0.5","0.05","1","80","5","8","0","0.5","10","17","242","11.84297520661157","3.975206611570248"
"23","10","0.005","0.29","3","0.5","0.05","1","80","5","8","0","0.5","10","4","243","11.934156378600823","4.094650205761317"
"21","10","0.005","0.29","3","0.5","0.05","1","80","5","8","0","0.5","10","18","242","11.84297520661157","3.975206611570248"
"18","10","0.0025","0.29","3","0.5","0.05","1","80","5","8","0","0.5","10","105","283","11.102473498233216","4.045936395759718"
"20","10","0.0025","0.29","3","0.5","0.05","1","80","5","8","0","0.5","10","19","245","11.951020408163265","3.987755102040816"
"23","10","0.005","0.29","3","0.5","0.05","1","80","5","8","0","0.5","10","5","243","11.934156378600823","4.094650205761317"
"20","10","0.0025","0.29","3","0.5","0.05","1","80","5","8","0","0.5","10","20","245","11.951020408163265","3.987755102040816"
"23","10","0.005","0.29","3","0.5","0.05","1","80","5","8","0","0.5","10","6","242","11.884297520661157","4.095041322314049"
"22","10","0.005","0.29","3","0.5","0.05","1","80","5","8","0","0.5","10","13","229","11.580786026200874","3.650655021834061"
"19","10","0.0025","0.29","3","0.5","0.05","1","80","5","8","0","0.5","10","28","266","11.31578947368421","4.075187969924812"
"20","10","0.0025","0.29","3","0.5","0.05","1","80","5","8","0","0.5","10","21","244","11.89344262295082","3.987704918032787"
"21","10","0.005","0.29","3","0.5","0.05","1","80","5","8","0","0.5","10","19","241","11.858921161825727","3.975103734439834"
"22","10","0.005","0.29","3","0.5","0.05","1","80","5","8","0","0.5","10","14","229","11.580786026200874","4.100436681222708"
"21","10","0.005","0.29","3","0.5","0.05","1","80","5","8","0","0.5","10","20","240","11.808333333333334","3.975"
"19","10","0.0025","0.29","3","0.5","0.05","1","80","5","8","0","0.5","10","29","264","11.212121212121213","4.079545454545454"
"22","10","0.005","0.29","3","0.5","0.05","1","80","5","8","0","0.5","10","15","229","11.580786026200874","4.100436681222708"
"21","10","0.005","0.29","3","0.5","0.05","1","80","5","8","0","0.5","10","21","239","11.740585774058577","3.9748953974895396"
"19","10","0.0025","0.29","3","0.5","0.05","1","80","5","8","0","0.5","10","30","259","10.996138996138995","4.077220077220077"
"18","10","0.0025","0.29","3","0.5","0.05","1","80","5","8","0","0.5","10","106","283","11.222614840989399","4.045936395759718"
"20","10","0.0025","0.29","3","0.5","0.05","1","80","5","8","0","0.5","10","22","244","11.975409836065573","3.987704918032787"
"23","10","0.005","0.29","3","0.5","0.05","1","80","5","8","0","0.5","10","7","241","12.058091286307054","4.095435684647303"
"18","10","0.0025","0.29","3","0.5","0.05","1","80","5","8","0","0.5","10","107","278","11.014388489208633","4.046762589928058"
"22","10","0.005","0.29","3","0.5","0.05","1","80","5","8","0","0.5","10","16","229","11.615720524017467","4.100436681222708"
"20","10","0.0025","0.29","3","0.5","0.05","1","80","5","8","0","0.5","10","23","243","11.934156378600823","3.9917695473251027"
"23","10","0.005","0.29","3","0.5","0.05","1","80","5","8","0","0.5","10","8","239","11.97489539748954","4.087866108786611"
"22","10","0.005","0.29","3","0.5","0.05","1","80","5","8","0","0.5","10","17","228","11.543859649122806","4.100877192982456"
"18","10","0.0025","0.29","3","0.5","0.05","1","80","5","8","0","0.5","10","108","278","11.014388489208633","4.046762589928058"
"23","10","0.005","0.29","3","0.5","0.05","1","80","5","8","0","0.5","10","9","239","11.97489539748954","4.083682008368201"
"21","10","0.005","0.29","3","0.5","0.05","1","80","5","8","0","0.5","10","22","239","11.882845188284518","3.9748953974895396"
"20","10","0.0025","0.29","3","0.5","0.05","1","80","5","8","0","0.5","10","24","241","11.817427385892117","3.995850622406639"
"22","10","0.005","0.29","3","0.5","0.05","1","80","5","8","0","0.5","10","18","227","11.506607929515418","4.101321585903084"
"21","10","0.005","0.29","3","0.5","0.05","1","80","5","8","0","0.5","10","23","239","11.882845188284518","3.9748953974895396"
"19","10","0.0025","0.29","3","0.5","0.05","1","80","5","8","0","0.5","10","31","259","11.305019305019306","4.077220077220077"
"21","10","0.005","0.29","3","0.5","0.05","1","80","5","8","0","0.5","10","24","237","11.755274261603375","3.9746835443037973"
"19","10","0.0025","0.29","3","0.5","0.05","1","80","5","8","0","0.5","10","32","257","11.190661478599221","4.0778210116731515"
"19","10","0.0025","0.29","3","0.5","0.05","1","80","5","8","0","0.5","10","33","256","11.125","4.078125"
"23","10","0.005","0.29","3","0.5","0.05","1","80","5","8","0","0.5","10","10","239","12.092050209205022","4.083682008368201"
"22","10","0.005","0.29","3","0.5","0.05","1","80","5","8","0","0.5","10","19","227","11.638766519823788","4.110132158590308"
"22","10","0.005","0.29","3","0.5","0.05","1","80","5","8","0","0.5","10","20","226","11.5929203539823","4.097345132743363"
"23","10","0.005","0.29","3","0.5","0.05","1","80","5","8","0","0.5","10","11","239","12.092050209205022","4.083682008368201"
"22","10","0.005","0.29","3","0.5","0.05","1","80","5","8","0","0.5","10","21","224","11.473214285714286","4.09375"
"20","10","0.0025","0.29","3","0.5","0.05","1","80","5","8","0","0.5","10","25","247","12.064777327935223","3.8987854251012144"
"23","10","0.005","0.29","3","0.5","0.05","1","80","5","8","0","0.5","10","12","239","12.092050209205022","4.083682008368201"
"20","10","0.0025","0.29","3","0.5","0.05","1","80","5","8","0","0.5","10","26","245","11.951020408163265","3.983673469387755"
"18","10","0.0025","0.29","3","0.5","0.05","1","80","5","8","0","0.5","10","109","289","11.252595155709342","3.878892733564014"
"21","10","0.005","0.29","3","0.5","0.05","1","80","5","8","0","0.5","10","25","246","11.682926829268293","3.796747967479675"
"20","10","0.0025","0.29","3","0.5","0.05","1","80","5","8","0","0.5","10","27","245","11.951020408163265","3.979591836734694"
"19","10","0.0025","0.29","3","0.5","0.05","1","80","5","8","0","0.5","10","34","256","11.3515625","4.078125"
"18","10","0.0025","0.29","3","0.5","0.05","1","80","5","8","0","0.5","10","110","288","11.222222222222221","4.072916666666667"
"21","10","0.005","0.29","3","0.5","0.05","1","80","5","8","0","0.5","10","26","243","11.547325102880658","3.9794238683127574"
"22","10","0.005","0.29","3","0.5","0.05","1","80","5","8","0","0.5","10","22","221","11.538461538461538","4.090497737556561"
"19","10","0.0025","0.29","3","0.5","0.05","1","80","5","8","0","0.5","10","35","253","11.17786561264822","4.07905138339921"
"18","10","0.0025","0.29","3","0.5","0.05","1","80","5","8","0","0.5","10","111","288","11.222222222222221","4.069444444444445"
"21","10","0.005","0.29","3","0.5","0.05","1","80","5","8","0","0.5","10","27","242","11.512396694214877","3.987603305785124"
"22","10","0.005","0.29","3","0.5","0.05","1","80","5","8","0","0.5","10","23","221","11.538461538461538","4.090497737556561"
"19","10","0.0025","0.29","3","0.5","0.05","1","80","5","8","0","0.5","10","36","253","11.17786561264822","4.07905138339921"
"22","10","0.005","0.29","3","0.5","0.05","1","80","5","8","0","0.5","10","24","221","11.538461538461538","4.090497737556561"
"23","10","0.005","0.29","3","0.5","0.05","1","80","5","8","0","0.5","10","13","245","12.016326530612245","3.951020408163265"
"20","10","0.0025","0.29","3","0.5","0.05","1","80","5","8","0","0.5","10","28","243","11.925925925925926","3.9876543209876543"
"23","10","0.005","0.29","3","0.5","0.05","1","80","5","8","0","0.5","10","14","244","11.959016393442623","4.077868852459017"
"20","10","0.0025","0.29","3","0.5","0.05","1","80","5","8","0","0.5","10","29","242","11.859504132231406","3.9834710743801653"
"18","10","0.0025","0.29","3","0.5","0.05","1","80","5","8","0","0.5","10","112","288","11.270833333333334","4.069444444444445"
"23","10","0.005","0.29","3","0.5","0.05","1","80","5","8","0","0.5","10","15","241","11.800829875518673","4.074688796680498"
"20","10","0.0025","0.29","3","0.5","0.05","1","80","5","8","0","0.5","10","30","241","11.800829875518673","3.983402489626556"
"21","10","0.005","0.29","3","0.5","0.05","1","80","5","8","0","0.5","10","28","240","11.525","3.975"
"18","10","0.0025","0.29","3","0.5","0.05","1","80","5","8","0","0.5","10","113","288","11.270833333333334","4.069444444444445"
"21","10","0.005","0.29","3","0.5","0.05","1","80","5","8","0","0.5","10","29","240","11.525","3.9791666666666665"
"18","10","0.0025","0.29","3","0.5","0.05","1","80","5","8","0","0.5","10","114","287","11.21951219512195","4.069686411149826"
"21","10","0.005","0.29","3","0.5","0.05","1","80","5","8","0","0.5","10","30","240","11.525","3.9791666666666665"
"22","10","0.005","0.29","3","0.5","0.05","1","80","5","8","0","0.5","10","25","237","11.49367088607595","3.7974683544303796"
"22","10","0.005","0.29","3","0.5","0.05","1","80","5","8","0","0.5","10","26","237","11.49367088607595","4.067510548523207"
"19","10","0.0025","0.29","3","0.5","0.05","1","80","5","8","0","0.5","10","37","269","11.28624535315985","3.836431226765799"
"22","10","0.005","0.29","3","0.5","0.05","1","80","5","8","0","0.5","10","27","235","11.38723404255319","4.072340425531915"
"23","10","0.005","0.29","3","0.5","0.05","1","80","5","8","0","0.5","10","16","241","11.95850622406639","4.074688796680498"
"20","10","0.0025","0.29","3","0.5","0.05","1","80","5","8","0","0.5","10","31","240","11.841666666666667","3.9833333333333334"
"19","10","0.0025","0.29","3","0.5","0.05","1","80","5","8","0","0.5","10","38","268","11.23134328358209","4.074626865671642"
"20","10","0.0025","0.29","3","0.5","0.05","1","80","5","8","0","0.5","10","32","240","11.841666666666667","3.9833333333333334"
"23","10","0.005","0.29","3","0.5","0.05","1","80","5","8","0","0.5","10","17","240","11.908333333333333","4.075"
"19","10","0.0025","0.29","3","0.5","0.05","1","80","5","8","0","0.5","10","39","267","11.191011235955056","4.078651685393258"
"18","10","0.0025","0.29","3","0.5","0.05","1","80","5","8","0","0.5","10","115","286","11.223776223776223","4.06993006993007"
"21","10","0.005","0.29","3","0.5","0.05","1","80","5","8","0","0.5","10","31","239","11.589958158995817","3.9790794979079496"
"23","10","0.005","0.29","3","0.5","0.05","1","80","5","8","0","0.5","10","18","240","11.908333333333333","4.075"
"20","10","0.0025","0.29","3","0.5","0.05","1","80","5","8","0","0.5","10","33","239","11.782426778242678","3.98326359832636"
"21","10","0.005","0.29","3","0.5","0.05","1","80","5","8","0","0.5","10","32","239","11.589958158995817","3.9790794979079496"
"22","10","0.005","0.29","3","0.5","0.05","1","80","5","8","0","0.5","10","28","235","11.48936170212766","4.05531914893617"
"18","10","0.0025","0.29","3","0.5","0.05","1","80","5","8","0","0.5","10","116","285","11.164912280701754","4.0701754385964914"
"21","10","0.005","0.29","3","0.5","0.05","1","80","5","8","0","0.5","10","33","239","11.589958158995817","3.9790794979079496"
"22","10","0.005","0.29","3","0.5","0.05","1","80","5","8","0","0.5","10","29","233","11.416309012875537","4.055793991416309"
"18","10","0.0025","0.29","3","0.5","0.05","1","80","5","8","0","0.5","10","117","285","11.164912280701754","4.0701754385964914"
"22","10","0.005","0.29","3","0.5","0.05","1","80","5","8","0","0.5","10","30","232","11.362068965517242","4.056034482758621"
"23","10","0.005","0.29","3","0.5","0.05","1","80","5","8","0","0.5","10","19","239","11.9581589958159","4.075313807531381"
"19","10","0.0025","0.29","3","0.5","0.05","1","80","5","8","0","0.5","10","40","266","11.19548872180451","4.078947368421052"
"20","10","0.0025","0.29","3","0.5","0.05","1","80","5","8","0","0.5","10","34","238","11.92436974789916","3.9831932773109244"
"23","10","0.005","0.29","3","0.5","0.05","1","80","5","8","0","0.5","10","20","239","11.9581589958159","4.075313807531381"
"19","10","0.0025","0.29","3","0.5","0.05","1","80","5","8","0","0.5","10","41","265","11.147169811320754","4.079245283018868"
"20","10","0.0025","0.29","3","0.5","0.05","1","80","5","8","0","0.5","10","35","236","11.813559322033898","3.983050847457627"
"23","10","0.005","0.29","3","0.5","0.05","1","80","5","8","0","0.5","10","21","235","11.846808510638297","4.076595744680851"
"19","10","0.0025","0.29","3","0.5","0.05","1","80","5","8","0","0.5","10","42","265","11.147169811320754","4.079245283018868"
"21","10","0.005","0.29","3","0.5","0.05","1","80","5","8","0","0.5","10","34","239","11.698744769874477","3.9790794979079496"
"20","10","0.0025","0.29","3","0.5","0.05","1","80","5","8","0","0.5","10","36","236","11.813559322033898","3.983050847457627"
"22","10","0.005","0.29","3","0.5","0.05","1","80","5","8","0","0.5","10","31","230","11.434782608695652","4.052173913043478"
"18","10","0.0025","0.29","3","0.5","0.05","1","80","5","8","0","0.5","10","118","285","11.256140350877192","4.0701754385964914"
"21","10","0.005","0.29","3","0.5","0.05","1","80","5","8","0","0.5","10","35","238","11.663865546218487","3.9747899159663866"
"22","10","0.005","0.29","3","0.5","0.05","1","80","5","8","0","0.5","10","32","229","11.37117903930131","4.0524017467248905"
"18","10","0.0025","0.29","3","0.5","0.05","1","80","5","8","0","0.5","10","119","285","11.256140350877192","4.073684210526316"
"21","10","0.005","0.29","3","0.5","0.05","1","80","5","8","0","0.5","10","36","238","11.663865546218487","3.9705882352941178"
"22","10","0.005","0.29","3","0.5","0.05","1","80","5","8","0","0.5","10","33","227","11.3568281938326","4.057268722466961"
"18","10","0.0025","0.29","3","0.5","0.05","1","80","5","8","0","0.5","10","120","284","11.232394366197184","4.073943661971831"
"23","10","0.005","0.29","3","0.5","0.05","1","80","5","8","0","0.5","10","22","233","11.84549356223176","4.072961373390558"
"19","10","0.0025","0.29","3","0.5","0.05","1","80","5","8","0","0.5","10","43","265","11.260377358490565","4.079245283018868"
"23","10","0.005","0.29","3","0.5","0.05","1","80","5","8","0","0.5","10","23","233","11.84549356223176","4.072961373390558"
"19","10","0.0025","0.29","3","0.5","0.05","1","80","5","8","0","0.5","10","44","264","11.219696969696969","4.079545454545454"
"23","10","0.005","0.29","3","0.5","0.05","1","80","5","8","0","0.5","10","24","233","11.84549356223176","4.072961373390558"
"19","10","0.0025","0.29","3","0.5","0.05","1","80","5","8","0","0.5","10","45","262","11.145038167938932","4.080152671755725"
"22","10","0.005","0.29","3","0.5","0.05","1","80","5","8","0","0.5","10","34","227","11.550660792951541","4.057268722466961"
"20","10","0.0025","0.29","3","0.5","0.05","1","80","5","8","0","0.5","10","37","257","11.587548638132295","3.642023346303502"
"22","10","0.005","0.29","3","0.5","0.05","1","80","5","8","0","0.5","10","35","224","11.401785714285714","4.058035714285714"
"20","10","0.0025","0.29","3","0.5","0.05","1","80","5","8","0","0.5","10","38","257","11.587548638132295","4.01556420233463"
"21","10","0.005","0.29","3","0.5","0.05","1","80","5","8","0","0.5","10","37","256","11.5","3.6796875"
"22","10","0.005","0.29","3","0.5","0.05","1","80","5","8","0","0.5","10","36","223","11.336322869955158","4.053811659192825"
"20","10","0.0025","0.29","3","0.5","0.05","1","80","5","8","0","0.5","10","39","256","11.53125","4.01953125"
"21","10","0.005","0.29","3","0.5","0.05","1","80","5","8","0","0.5","10","38","256","11.5","3.9609375"
"24","10","0.005","0.29","3","0.5","0.05","1","80","5","8","0","0.5","10","0","234","11.837606837606838","3.9401709401709404"
"21","10","0.005","0.29","3","0.5","0.05","1","80","5","8","0","0.5","10","39","256","11.5","3.95703125"
"19","10","0.0025","0.29","3","0.5","0.05","1","80","5","8","0","0.5","10","46","260","11.176923076923076","4.0807692307692305"
"23","10","0.005","0.29","3","0.5","0.05","1","80","5","8","0","0.5","10","25","253","11.57312252964427","3.7351778656126484"
"19","10","0.0025","0.29","3","0.5","0.05","1","80","5","8","0","0.5","10","47","260","11.176923076923076","4.0807692307692305"
"20","10","0.0025","0.29","3","0.5","0.05","1","80","5","8","0","0.5","10","40","256","11.625","4.01953125"
"23","10","0.005","0.29","3","0.5","0.05","1","80","5","8","0","0.5","10","26","253","11.57312252964427","4.07905138339921"
"19","10","0.0025","0.29","3","0.5","0.05","1","80","5","8","0","0.5","10","48","257","11.042801556420233","4.085603112840467"
"21","10","0.005","0.29","3","0.5","0.05","1","80","5","8","0","0.5","10","40","253","11.40711462450593","3.964426877470356"
"20","10","0.0025","0.29","3","0.5","0.05","1","80","5","8","0","0.5","10","41","255","11.584313725490196","4.027450980392157"
"23","10","0.005","0.29","3","0.5","0.05","1","80","5","8","0","0.5","10","27","252","11.523809523809524","4.079365079365079"
"21","10","0.005","0.29","3","0.5","0.05","1","80","5","8","0","0.5","10","41","251","11.290836653386455","3.960159362549801"
"22","10","0.005","0.29","3","0.5","0.05","1","80","5","8","0","0.5","10","37","235","11.497872340425532","3.8297872340425534"
"20","10","0.0025","0.29","3","0.5","0.05","1","80","5","8","0","0.5","10","42","251","11.450199203187251","4.027888446215139"
"24","10","0.005","0.29","3","0.5","0.05","1","80","5","8","0","0.5","10","1","234","12.051282051282051","3.97008547008547"
"21","10","0.005","0.29","3","0.5","0.05","1","80","5","8","0","0.5","10","42","250","11.232","3.964"
"22","10","0.005","0.29","3","0.5","0.05","1","80","5","8","0","0.5","10","38","235","11.497872340425532","4.059574468085106"
"24","10","0.005","0.29","3","0.5","0.05","1","80","5","8","0","0.5","10","2","233","12","3.9914163090128754"
"22","10","0.005","0.29","3","0.5","0.05","1","80","5","8","0","0.5","10","39","234","11.452991452991453","4.042735042735043"
"23","10","0.005","0.29","3","0.5","0.05","1","80","5","8","0","0.5","10","28","252","11.595238095238095","4.079365079365079"
"24","10","0.005","0.29","3","0.5","0.05","1","80","5","8","0","0.5","10","3","233","12","4.0042918454935625"
"23","10","0.005","0.29","3","0.5","0.05","1","80","5","8","0","0.5","10","29","251","11.55378486055777","4.083665338645418"
"20","10","0.0025","0.29","3","0.5","0.05","1","80","5","8","0","0.5","10","43","250","11.568","4.028"
"23","10","0.005","0.29","3","0.5","0.05","1","80","5","8","0","0.5","10","30","250","11.488","4.084"
"22","10","0.005","0.29","3","0.5","0.05","1","80","5","8","0","0.5","10","40","233","11.459227467811159","4.042918454935623"
"21","10","0.005","0.29","3","0.5","0.05","1","80","5","8","0","0.5","10","43","249","11.373493975903614","3.959839357429719"
"20","10","0.0025","0.29","3","0.5","0.05","1","80","5","8","0","0.5","10","44","247","11.433198380566802","4.02834008097166"
"22","10","0.005","0.29","3","0.5","0.05","1","80","5","8","0","0.5","10","41","233","11.459227467811159","4.042918454935623"
"19","10","0.0025","0.29","3","0.5","0.05","1","80","5","8","0","0.5","10","49","277","11.104693140794224","3.740072202166065"
"22","10","0.005","0.29","3","0.5","0.05","1","80","5","8","0","0.5","10","42","232","11.422413793103448","4.043103448275862"
"20","10","0.0025","0.29","3","0.5","0.05","1","80","5","8","0","0.5","10","45","245","11.346938775510203","4.0285714285714285"
"21","10","0.005","0.29","3","0.5","0.05","1","80","5","8","0","0.5","10","44","247","11.279352226720647","3.9595141700404857"
"24","10","0.005","0.29","3","0.5","0.05","1","80","5","8","0","0.5","10","4","231","12.086580086580087","4.004329004329004"
"19","10","0.0025","0.29","3","0.5","0.05","1","80","5","8","0","0.5","10","50","277","11.104693140794224","4.068592057761733"
"21","10","0.005","0.29","3","0.5","0.05","1","80","5","8","0","0.5","10","45","246","11.252032520325203","3.959349593495935"
"24","10","0.005","0.29","3","0.5","0.05","1","80","5","8","0","0.5","10","5","228","11.921052631578947","4.008771929824562"
"23","10","0.005","0.29","3","0.5","0.05","1","80","5","8","0","0.5","10","31","248","11.475806451612904","4.088709677419355"
"19","10","0.0025","0.29","3","0.5","0.05","1","80","5","8","0","0.5","10","51","277","11.104693140794224","4.075812274368231"
"24","10","0.005","0.29","3","0.5","0.05","1","80","5","8","0","0.5","10","6","228","11.921052631578947","4.008771929824562"
"23","10","0.005","0.29","3","0.5","0.05","1","80","5","8","0","0.5","10","32","248","11.475806451612904","4.092741935483871"
"23","10","0.005","0.29","3","0.5","0.05","1","80","5","8","0","0.5","10","33","248","11.475806451612904","4.092741935483871"
"22","10","0.005","0.29","3","0.5","0.05","1","80","5","8","0","0.5","10","43","231","11.515151515151516","4.0476190476190474"
"22","10","0.005","0.29","3","0.5","0.05","1","80","5","8","0","0.5","10","44","231","11.515151515151516","4.0519480519480515"
"20","10","0.0025","0.29","3","0.5","0.05","1","80","5","8","0","0.5","10","46","245","11.583673469387755","4.0285714285714285"
"21","10","0.005","0.29","3","0.5","0.05","1","80","5","8","0","0.5","10","46","246","11.487804878048781","3.959349593495935"
"19","10","0.0025","0.29","3","0.5","0.05","1","80","5","8","0","0.5","10","52","276","11.159420289855072","4.072463768115942"
"22","10","0.005","0.29","3","0.5","0.05","1","80","5","8","0","0.5","10","45","229","11.406113537117903","4.0524017467248905"
"20","10","0.0025","0.29","3","0.5","0.05","1","80","5","8","0","0.5","10","47","245","11.583673469387755","4.0285714285714285"
"24","10","0.005","0.29","3","0.5","0.05","1","80","5","8","0","0.5","10","7","226","12.053097345132743","4.013274336283186"
"21","10","0.005","0.29","3","0.5","0.05","1","80","5","8","0","0.5","10","47","246","11.487804878048781","3.959349593495935"
"19","10","0.0025","0.29","3","0.5","0.05","1","80","5","8","0","0.5","10","53","274","11.094890510948906","4.08029197080292"
"23","10","0.005","0.29","3","0.5","0.05","1","80","5","8","0","0.5","10","34","247","11.530364372469636","4.093117408906883"
"20","10","0.0025","0.29","3","0.5","0.05","1","80","5","8","0","0.5","10","48","244","11.540983606557377","4.028688524590164"
"24","10","0.005","0.29","3","0.5","0.05","1","80","5","8","0","0.5","10","8","226","12.053097345132743","4.017699115044247"
"21","10","0.005","0.29","3","0.5","0.05","1","80","5","8","0","0.5","10","48","246","11.487804878048781","3.959349593495935"
"23","10","0.005","0.29","3","0.5","0.05","1","80","5","8","0","0.5","10","35","247","11.530364372469636","4.093117408906883"
"19","10","0.0025","0.29","3","0.5","0.05","1","80","5","8","0","0.5","10","54","273","11.032967032967033","4.076923076923077"
"24","10","0.005","0.29","3","0.5","0.05","1","80","5","8","0","0.5","10","9","225","12","4.017777777777778"
"23","10","0.005","0.29","3","0.5","0.05","1","80","5","8","0","0.5","10","36","247","11.530364372469636","4.093117408906883"
"22","10","0.005","0.29","3","0.5","0.05","1","80","5","8","0","0.5","10","46","228","11.482456140350877","4.052631578947368"
"22","10","0.005","0.29","3","0.5","0.05","1","80","5","8","0","0.5","10","47","225","11.342222222222222","4.053333333333334"
"22","10","0.005","0.29","3","0.5","0.05","1","80","5","8","0","0.5","10","48","225","11.342222222222222","4.053333333333334"
"19","10","0.0025","0.29","3","0.5","0.05","1","80","5","8","0","0.5","10","55","273","11.098901098901099","4.08058608058608"
"21","10","0.005","0.29","3","0.5","0.05","1","80","5","8","0","0.5","10","49","253","11.596837944664031","3.849802371541502"
"24","10","0.005","0.29","3","0.5","0.05","1","80","5","8","0","0.5","10","10","225","12.24","4.017777777777778"
"20","10","0.0025","0.29","3","0.5","0.05","1","80","5","8","0","0.5","10","49","266","11.496240601503759","3.6654135338345863"
"19","10","0.0025","0.29","3","0.5","0.05","1","80","5","8","0","0.5","10","56","272","11.051470588235293","4.077205882352941"
"24","10","0.005","0.29","3","0.5","0.05","1","80","5","8","0","0.5","10","11","224","12.196428571428571","4.017857142857143"
"21","10","0.005","0.29","3","0.5","0.05","1","80","5","8","0","0.5","10","50","252","11.547619047619047","3.9484126984126986"
"19","10","0.0025","0.29","3","0.5","0.05","1","80","5","8","0","0.5","10","57","272","11.051470588235293","4.080882352941177"
"20","10","0.0025","0.29","3","0.5","0.05","1","80","5","8","0","0.5","10","50","266","11.496240601503759","4.041353383458647"
"24","10","0.005","0.29","3","0.5","0.05","1","80","5","8","0","0.5","10","12","224","12.196428571428571","4.017857142857143"
"21","10","0.005","0.29","3","0.5","0.05","1","80","5","8","0","0.5","10","51","251","11.49003984063745","3.960159362549801"
"23","10","0.005","0.29","3","0.5","0.05","1","80","5","8","0","0.5","10","37","264","11.431818181818182","3.8143939393939394"
"20","10","0.0025","0.29","3","0.5","0.05","1","80","5","8","0","0.5","10","51","266","11.496240601503759","4.033834586466165"
"23","10","0.005","0.29","3","0.5","0.05","1","80","5","8","0","0.5","10","38","263","11.376425855513308","4.102661596958175"
"23","10","0.005","0.29","3","0.5","0.05","1","80","5","8","0","0.5","10","39","262","11.335877862595419","4.099236641221374"
"22","10","0.005","0.29","3","0.5","0.05","1","80","5","8","0","0.5","10","49","250","11.12","3.628"
"22","10","0.005","0.29","3","0.5","0.05","1","80","5","8","0","0.5","10","50","249","11.08433734939759","4.0843373493975905"
"21","10","0.005","0.29","3","0.5","0.05","1","80","5","8","0","0.5","10","52","251","11.585657370517929","3.9681274900398407"
"19","10","0.0025","0.29","3","0.5","0.05","1","80","5","8","0","0.5","10","58","271","11.099630996309964","4.077490774907749"
"24","10","0.005","0.29","3","0.5","0.05","1","80","5","8","0","0.5","10","13","242","11.884297520661157","3.7024793388429753"
"20","10","0.0025","0.29","3","0.5","0.05","1","80","5","8","0","0.5","10","52","265","11.50188679245283","4.037735849056604"
"22","10","0.005","0.29","3","0.5","0.05","1","80","5","8","0","0.5","10","51","249","11.08433734939759","4.092369477911647"
"21","10","0.005","0.29","3","0.5","0.05","1","80","5","8","0","0.5","10","53","251","11.585657370517929","3.9681274900398407"
"19","10","0.0025","0.29","3","0.5","0.05","1","80","5","8","0","0.5","10","59","270","11.096296296296297","4.0814814814814815"
"24","10","0.005","0.29","3","0.5","0.05","1","80","5","8","0","0.5","10","14","241","11.83402489626556","4.049792531120332"
"20","10","0.0025","0.29","3","0.5","0.05","1","80","5","8","0","0.5","10","53","265","11.50188679245283","4.033962264150944"
"21","10","0.005","0.29","3","0.5","0.05","1","80","5","8","0","0.5","10","54","249","11.542168674698795","3.967871485943775"
"23","10","0.005","0.29","3","0.5","0.05","1","80","5","8","0","0.5","10","40","259","11.35135135135135","4.100386100386101"
"19","10","0.0025","0.29","3","0.5","0.05","1","80","5","8","0","0.5","10","60","270","11.096296296296297","4.0777777777777775"
"24","10","0.005","0.29","3","0.5","0.05","1","80","5","8","0","0.5","10","15","240","11.766666666666667","4.05"
"20","10","0.0025","0.29","3","0.5","0.05","1","80","5","8","0","0.5","10","54","263","11.422053231939163","4.038022813688213"
"23","10","0.005","0.29","3","0.5","0.05","1","80","5","8","0","0.5","10","41","258","11.286821705426357","4.10077519379845"
"23","10","0.005","0.29","3","0.5","0.05","1","80","5","8","0","0.5","10","42","255","11.239215686274509","4.090196078431372"
"22","10","0.005","0.29","3","0.5","0.05","1","80","5","8","0","0.5","10","52","247","11.1417004048583","4.08502024291498"
"21","10","0.005","0.29","3","0.5","0.05","1","80","5","8","0","0.5","10","55","246","11.471544715447154","3.967479674796748"
"22","10","0.005","0.29","3","0.5","0.05","1","80","5","8","0","0.5","10","53","246","11.08130081300813","4.08130081300813"
"21","10","0.005","0.29","3","0.5","0.05","1","80","5","8","0","0.5","10","56","246","11.471544715447154","3.967479674796748"
"24","10","0.005","0.29","3","0.5","0.05","1","80","5","8","0","0.5","10","16","240","11.816666666666666","4.05"
"22","10","0.005","0.29","3","0.5","0.05","1","80","5","8","0","0.5","10","54","245","11.028571428571428","4.081632653061225"
"21","10","0.005","0.29","3","0.5","0.05","1","80","5","8","0","0.5","10","57","243","11.333333333333334","3.9670781893004117"
"24","10","0.005","0.29","3","0.5","0.05","1","80","5","8","0","0.5","10","17","240","11.816666666666666","4.05"
"20","10","0.0025","0.29","3","0.5","0.05","1","80","5","8","0","0.5","10","55","263","11.566539923954373","4.034220532319392"
"24","10","0.005","0.29","3","0.5","0.05","1","80","5","8","0","0.5","10","18","240","11.816666666666666","4.054166666666666"
"20","10","0.0025","0.29","3","0.5","0.05","1","80","5","8","0","0.5","10","56","261","11.486590038314176","4.038314176245211"
"20","10","0.0025","0.29","3","0.5","0.05","1","80","5","8","0","0.5","10","57","260","11.438461538461539","4.0346153846153845"
"19","10","0.0025","0.29","3","0.5","0.05","1","80","5","8","0","0.5","10","61","286","11.188811188811188","3.8286713286713288"
"23","10","0.005","0.29","3","0.5","0.05","1","80","5","8","0","0.5","10","43","255","11.450980392156863","4.090196078431372"
"22","10","0.005","0.29","3","0.5","0.05","1","80","5","8","0","0.5","10","55","245","11.175510204081633","4.081632653061225"
"19","10","0.0025","0.29","3","0.5","0.05","1","80","5","8","0","0.5","10","62","286","11.188811188811188","4.073426573426573"
"23","10","0.005","0.29","3","0.5","0.05","1","80","5","8","0","0.5","10","44","253","11.375494071146244","4.090909090909091"
"22","10","0.005","0.29","3","0.5","0.05","1","80","5","8","0","0.5","10","56","245","11.175510204081633","4.081632653061225"
"23","10","0.005","0.29","3","0.5","0.05","1","80","5","8","0","0.5","10","45","251","11.298804780876495","4.091633466135458"
"21","10","0.005","0.29","3","0.5","0.05","1","80","5","8","0","0.5","10","58","243","11.448559670781894","3.9670781893004117"
"24","10","0.005","0.29","3","0.5","0.05","1","80","5","8","0","0.5","10","19","240","11.866666666666667","4.054166666666666"
"19","10","0.0025","0.29","3","0.5","0.05","1","80","5","8","0","0.5","10","63","285","11.143859649122806","4.066666666666666"
"22","10","0.005","0.29","3","0.5","0.05","1","80","5","8","0","0.5","10","57","244","11.12295081967213","4.081967213114754"
"21","10","0.005","0.29","3","0.5","0.05","1","80","5","8","0","0.5","10","59","240","11.283333333333333","3.970833333333333"
"24","10","0.005","0.29","3","0.5","0.05","1","80","5","8","0","0.5","10","20","238","11.781512605042018","4.050420168067227"
"21","10","0.005","0.29","3","0.5","0.05","1","80","5","8","0","0.5","10","60","238","11.184873949579831","3.9747899159663866"
"24","10","0.005","0.29","3","0.5","0.05","1","80","5","8","0","0.5","10","21","238","11.781512605042018","4.050420168067227"
"20","10","0.0025","0.29","3","0.5","0.05","1","80","5","8","0","0.5","10","58","258","11.472868217054264","4.0310077519379846"
"20","10","0.0025","0.29","3","0.5","0.05","1","80","5","8","0","0.5","10","59","258","11.472868217054264","4.01937984496124"
"23","10","0.005","0.29","3","0.5","0.05","1","80","5","8","0","0.5","10","46","251","11.50597609561753","4.091633466135458"
"19","10","0.0025","0.29","3","0.5","0.05","1","80","5","8","0","0.5","10","64","285","11.249122807017544","4.073684210526316"
"20","10","0.0025","0.29","3","0.5","0.05","1","80","5","8","0","0.5","10","60","257","11.439688715953308","4.023346303501945"
"22","10","0.005","0.29","3","0.5","0.05","1","80","5","8","0","0.5","10","58","244","11.21311475409836","4.081967213114754"
"19","10","0.0025","0.29","3","0.5","0.05","1","80","5","8","0","0.5","10","65","285","11.249122807017544","4.0701754385964914"
"24","10","0.005","0.29","3","0.5","0.05","1","80","5","8","0","0.5","10","22","237","11.789029535864978","4.050632911392405"
"22","10","0.005","0.29","3","0.5","0.05","1","80","5","8","0","0.5","10","59","241","11.053941908713693","4.08298755186722"
"23","10","0.005","0.29","3","0.5","0.05","1","80","5","8","0","0.5","10","47","251","11.50597609561753","4.091633466135458"
"19","10","0.0025","0.29","3","0.5","0.05","1","80","5","8","0","0.5","10","66","284","11.204225352112676","4.073943661971831"
"22","10","0.005","0.29","3","0.5","0.05","1","80","5","8","0","0.5","10","60","241","11.053941908713693","4.08298755186722"
"24","10","0.005","0.29","3","0.5","0.05","1","80","5","8","0","0.5","10","23","234","11.658119658119658","4.055555555555555"
"23","10","0.005","0.29","3","0.5","0.05","1","80","5","8","0","0.5","10","48","251","11.50597609561753","4.091633466135458"
"24","10","0.005","0.29","3","0.5","0.05","1","80","5","8","0","0.5","10","24","232","11.577586206896552","4.051724137931035"
"21","10","0.005","0.29","3","0.5","0.05","1","80","5","8","0","0.5","10","61","253","11.391304347826088","3.7233201581027666"
"21","10","0.005","0.29","3","0.5","0.05","1","80","5","8","0","0.5","10","62","253","11.391304347826088","4.027667984189724"
"21","10","0.005","0.29","3","0.5","0.05","1","80","5","8","0","0.5","10","63","251","11.282868525896415","4.031872509960159"
"19","10","0.0025","0.29","3","0.5","0.05","1","80","5","8","0","0.5","10","67","284","11.253521126760564","4.070422535211268"
"20","10","0.0025","0.29","3","0.5","0.05","1","80","5","8","0","0.5","10","61","271","11.535055350553506","3.7970479704797047"
"19","10","0.0025","0.29","3","0.5","0.05","1","80","5","8","0","0.5","10","68","282","11.191489361702128","4.070921985815603"
"20","10","0.0025","0.29","3","0.5","0.05","1","80","5","8","0","0.5","10","62","269","11.420074349442379","4.011152416356877"
"19","10","0.0025","0.29","3","0.5","0.05","1","80","5","8","0","0.5","10","69","282","11.191489361702128","4.070921985815603"
"23","10","0.005","0.29","3","0.5","0.05","1","80","5","8","0","0.5","10","49","257","11.665369649805447","3.980544747081712"
"22","10","0.005","0.29","3","0.5","0.05","1","80","5","8","0","0.5","10","61","260","11.138461538461538","3.7846153846153845"
"24","10","0.005","0.29","3","0.5","0.05","1","80","5","8","0","0.5","10","25","246","11.626016260162602","3.8252032520325203"
"20","10","0.0025","0.29","3","0.5","0.05","1","80","5","8","0","0.5","10","63","268","11.365671641791044","4.022388059701493"
"23","10","0.005","0.29","3","0.5","0.05","1","80","5","8","0","0.5","10","50","255","11.56078431372549","4.098039215686274"
"22","10","0.005","0.29","3","0.5","0.05","1","80","5","8","0","0.5","10","62","259","11.088803088803088","4.096525096525096"
"21","10","0.005","0.29","3","0.5","0.05","1","80","5","8","0","0.5","10","64","249","11.293172690763052","4.036144578313253"
"24","10","0.005","0.29","3","0.5","0.05","1","80","5","8","0","0.5","10","26","244","11.524590163934427","4.065573770491803"
"23","10","0.005","0.29","3","0.5","0.05","1","80","5","8","0","0.5","10","51","254","11.511811023622048","4.094488188976378"
"22","10","0.005","0.29","3","0.5","0.05","1","80","5","8","0","0.5","10","63","258","11.046511627906977","4.0852713178294575"
"21","10","0.005","0.29","3","0.5","0.05","1","80","5","8","0","0.5","10","65","249","11.293172690763052","4.036144578313253"
"24","10","0.005","0.29","3","0.5","0.05","1","80","5","8","0","0.5","10","27","244","11.524590163934427","4.073770491803279"
"21","10","0.005","0.29","3","0.5","0.05","1","80","5","8","0","0.5","10","66","248","11.233870967741936","4.036290322580645"
"19","10","0.0025","0.29","3","0.5","0.05","1","80","5","8","0","0.5","10","70","282","11.26950354609929","4.070921985815603"
"19","10","0.0025","0.29","3","0.5","0.05","1","80","5","8","0","0.5","10","71","281","11.217081850533807","4.0711743772241995"
"22","10","0.005","0.29","3","0.5","0.05","1","80","5","8","0","0.5","10","64","256","11.1796875","4.0859375"
"20","10","0.0025","0.29","3","0.5","0.05","1","80","5","8","0","0.5","10","64","267","11.430711610486892","4.02621722846442"
"23","10","0.005","0.29","3","0.5","0.05","1","80","5","8","0","0.5","10","52","254","11.582677165354331","4.094488188976378"
"24","10","0.005","0.29","3","0.5","0.05","1","80","5","8","0","0.5","10","28","243","11.662551440329219","4.065843621399177"
"22","10","0.005","0.29","3","0.5","0.05","1","80","5","8","0","0.5","10","65","256","11.1796875","4.08984375"
"19","10","0.0025","0.29","3","0.5","0.05","1","80","5","8","0","0.5","10","72","280","11.185714285714285","4.071428571428571"
"20","10","0.0025","0.29","3","0.5","0.05","1","80","5","8","0","0.5","10","65","266","11.390977443609023","4.030075187969925"
"23","10","0.005","0.29","3","0.5","0.05","1","80","5","8","0","0.5","10","53","252","11.492063492063492","4.095238095238095"
"21","10","0.005","0.29","3","0.5","0.05","1","80","5","8","0","0.5","10","67","246","11.24390243902439","4.028455284552845"
"24","10","0.005","0.29","3","0.5","0.05","1","80","5","8","0","0.5","10","29","243","11.662551440329219","4.05761316872428"
"22","10","0.005","0.29","3","0.5","0.05","1","80","5","8","0","0.5","10","66","255","11.12156862745098","4.094117647058823"
"20","10","0.0025","0.29","3","0.5","0.05","1","80","5","8","0","0.5","10","66","266","11.390977443609023","4.033834586466165"
"21","10","0.005","0.29","3","0.5","0.05","1","80","5","8","0","0.5","10","68","245","11.2","4.020408163265306"
"24","10","0.005","0.29","3","0.5","0.05","1","80","5","8","0","0.5","10","30","242","11.59504132231405","4.0578512396694215"
"23","10","0.005","0.29","3","0.5","0.05","1","80","5","8","0","0.5","10","54","251","11.458167330677291","4.099601593625498"
"21","10","0.005","0.29","3","0.5","0.05","1","80","5","8","0","0.5","10","69","244","11.155737704918034","4.020491803278689"
"22","10","0.005","0.29","3","0.5","0.05","1","80","5","8","0","0.5","10","67","255","11.24705882352941","4.094117647058823"
"24","10","0.005","0.29","3","0.5","0.05","1","80","5","8","0","0.5","10","31","241","11.659751037344398","4.058091286307054"
"20","10","0.0025","0.29","3","0.5","0.05","1","80","5","8","0","0.5","10","67","265","11.50188679245283","4.033962264150944"
"23","10","0.005","0.29","3","0.5","0.05","1","80","5","8","0","0.5","10","55","250","11.536","4.104"
"22","10","0.005","0.29","3","0.5","0.05","1","80","5","8","0","0.5","10","68","254","11.188976377952756","4.0984251968503935"
"24","10","0.005","0.29","3","0.5","0.05","1","80","5","8","0","0.5","10","32","241","11.659751037344398","4.058091286307054"
"22","10","0.005","0.29","3","0.5","0.05","1","80","5","8","0","0.5","10","69","251","11.05179282868526","4.083665338645418"
"20","10","0.0025","0.29","3","0.5","0.05","1","80","5","8","0","0.5","10","68","264","11.454545454545455","4.03030303030303"
"23","10","0.005","0.29","3","0.5","0.05","1","80","5","8","0","0.5","10","56","249","11.477911646586346","4.104417670682731"
"21","10","0.005","0.29","3","0.5","0.05","1","80","5","8","0","0.5","10","70","242","11.297520661157025","4.020661157024794"
"19","10","0.0025","0.29","3","0.5","0.05","1","80","5","8","0","0.5","10","73","296","11.18918918918919","3.8074324324324325"
"24","10","0.005","0.29","3","0.5","0.05","1","80","5","8","0","0.5","10","33","241","11.659751037344398","4.058091286307054"
"20","10","0.0025","0.29","3","0.5","0.05","1","80","5","8","0","0.5","10","69","263","11.414448669201521","4.034220532319392"
"23","10","0.005","0.29","3","0.5","0.05","1","80","5","8","0","0.5","10","57","248","11.42741935483871","4.096774193548387"
"21","10","0.005","0.29","3","0.5","0.05","1","80","5","8","0","0.5","10","71","240","11.258333333333333","4.020833333333333"
"19","10","0.0025","0.29","3","0.5","0.05","1","80","5","8","0","0.5","10","74","292","11.020547945205479","4.075342465753424"
"21","10","0.005","0.29","3","0.5","0.05","1","80","5","8","0","0.5","10","72","239","11.238493723849372","4.02092050209205"
"19","10","0.0025","0.29","3","0.5","0.05","1","80","5","8","0","0.5","10","75","291","10.97594501718213","4.0687285223367695"
"24","10","0.005","0.29","3","0.5","0.05","1","80","5","8","0","0.5","10","34","240","11.683333333333334","4.058333333333334"
"22","10","0.005","0.29","3","0.5","0.05","1","80","5","8","0","0.5","10","70","250","11.136","4.092"
"24","10","0.005","0.29","3","0.5","0.05","1","80","5","8","0","0.5","10","35","239","11.615062761506277","4.058577405857741"
"22","10","0.005","0.29","3","0.5","0.05","1","80","5","8","0","0.5","10","71","250","11.136","4.084"
"24","10","0.005","0.29","3","0.5","0.05","1","80","5","8","0","0.5","10","36","237","11.51054852320675","4.059071729957806"
"22","10","0.005","0.29","3","0.5","0.05","1","80","5","8","0","0.5","10","72","249","11.076305220883533","4.0843373493975905"
"20","10","0.0025","0.29","3","0.5","0.05","1","80","5","8","0","0.5","10","70","262","11.526717557251908","4.030534351145038"
"23","10","0.005","0.29","3","0.5","0.05","1","80","5","8","0","0.5","10","58","247","11.481781376518219","4.097165991902834"
"20","10","0.0025","0.29","3","0.5","0.05","1","80","5","8","0","0.5","10","71","262","11.526717557251908","4.034351145038168"
"23","10","0.005","0.29","3","0.5","0.05","1","80","5","8","0","0.5","10","59","247","11.481781376518219","4.097165991902834"
"23","10","0.005","0.29","3","0.5","0.05","1","80","5","8","0","0.5","10","60","246","11.422764227642276","4.097560975609756"
"20","10","0.0025","0.29","3","0.5","0.05","1","80","5","8","0","0.5","10","72","260","11.430769230769231","4.030769230769231"
"21","10","0.005","0.29","3","0.5","0.05","1","80","5","8","0","0.5","10","73","252","11.373015873015873","3.8134920634920637"
"19","10","0.0025","0.29","3","0.5","0.05","1","80","5","8","0","0.5","10","76","291","11.1340206185567","4.0756013745704465"
"21","10","0.005","0.29","3","0.5","0.05","1","80","5","8","0","0.5","10","74","250","11.296","4.052"
"21","10","0.005","0.29","3","0.5","0.05","1","80","5","8","0","0.5","10","75","249","11.25301204819277","4.048192771084337"
"19","10","0.0025","0.29","3","0.5","0.05","1","80","5","8","0","0.5","10","77","290","11.096551724137932","4.072413793103448"
"19","10","0.0025","0.29","3","0.5","0.05","1","80","5","8","0","0.5","10","78","287","10.961672473867596","4.076655052264808"
"24","10","0.005","0.29","3","0.5","0.05","1","80","5","8","0","0.5","10","37","259","11.513513513513514","3.698841698841699"
"22","10","0.005","0.29","3","0.5","0.05","1","80","5","8","0","0.5","10","73","270","11.237037037037037","3.7666666666666666"
"22","10","0.005","0.29","3","0.5","0.05","1","80","5","8","0","0.5","10","74","269","11.174721189591079","4.052044609665428"
"24","10","0.005","0.29","3","0.5","0.05","1","80","5","8","0","0.5","10","38","259","11.513513513513514","4.065637065637065"
"24","10","0.005","0.29","3","0.5","0.05","1","80","5","8","0","0.5","10","39","258","11.457364341085272","4.050387596899225"
"22","10","0.005","0.29","3","0.5","0.05","1","80","5","8","0","0.5","10","75","269","11.174721189591079","4.074349442379182"
"21","10","0.005","0.29","3","0.5","0.05","1","80","5","8","0","0.5","10","76","249","11.38152610441767","4.052208835341365"
"23","10","0.005","0.29","3","0.5","0.05","1","80","5","8","0","0.5","10","61","264","11.280303030303031","3.803030303030303"
"20","10","0.0025","0.29","3","0.5","0.05","1","80","5","8","0","0.5","10","73","280","11.521428571428572","3.7464285714285714"
"21","10","0.005","0.29","3","0.5","0.05","1","80","5","8","0","0.5","10","77","249","11.38152610441767","4.052208835341365"
"23","10","0.005","0.29","3","0.5","0.05","1","80","5","8","0","0.5","10","62","264","11.280303030303031","4.151515151515151"
"20","10","0.0025","0.29","3","0.5","0.05","1","80","5","8","0","0.5","10","74","279","11.491039426523297","4.053763440860215"
"21","10","0.005","0.29","3","0.5","0.05","1","80","5","8","0","0.5","10","78","248","11.35483870967742","4.056451612903226"
"23","10","0.005","0.29","3","0.5","0.05","1","80","5","8","0","0.5","10","63","263","11.2319391634981","4.171102661596958"
"20","10","0.0025","0.29","3","0.5","0.05","1","80","5","8","0","0.5","10","75","278","11.431654676258994","4.0503597122302155"
"24","10","0.005","0.29","3","0.5","0.05","1","80","5","8","0","0.5","10","40","254","11.393700787401574","4.059055118110236"
"19","10","0.0025","0.29","3","0.5","0.05","1","80","5","8","0","0.5","10","79","285","11.066666666666666","4.073684210526316"
"22","10","0.005","0.29","3","0.5","0.05","1","80","5","8","0","0.5","10","76","268","11.23134328358209","4.074626865671642"
"24","10","0.005","0.29","3","0.5","0.05","1","80","5","8","0","0.5","10","41","252","11.357142857142858","4.059523809523809"
"22","10","0.005","0.29","3","0.5","0.05","1","80","5","8","0","0.5","10","77","268","11.23134328358209","4.063432835820896"
"19","10","0.0025","0.29","3","0.5","0.05","1","80","5","8","0","0.5","10","80","285","11.066666666666666","4.080701754385965"
"24","10","0.005","0.29","3","0.5","0.05","1","80","5","8","0","0.5","10","42","250","11.288","4.06"
"21","10","0.005","0.29","3","0.5","0.05","1","80","5","8","0","0.5","10","79","248","11.419354838709678","4.05241935483871"
"23","10","0.005","0.29","3","0.5","0.05","1","80","5","8","0","0.5","10","64","262","11.290076335877863","4.1679389312977095"
"22","10","0.005","0.29","3","0.5","0.05","1","80","5","8","0","0.5","10","78","267","11.191011235955056","4.067415730337078"
"19","10","0.0025","0.29","3","0.5","0.05","1","80","5","8","0","0.5","10","81","284","11.02112676056338","4.073943661971831"
"21","10","0.005","0.29","3","0.5","0.05","1","80","5","8","0","0.5","10","80","248","11.419354838709678","4.056451612903226"
"23","10","0.005","0.29","3","0.5","0.05","1","80","5","8","0","0.5","10","65","262","11.290076335877863","4.183206106870229"
"20","10","0.0025","0.29","3","0.5","0.05","1","80","5","8","0","0.5","10","76","277","11.566787003610107","4.050541516245487"
"21","10","0.005","0.29","3","0.5","0.05","1","80","5","8","0","0.5","10","81","247","11.392712550607287","4.048582995951417"
"23","10","0.005","0.29","3","0.5","0.05","1","80","5","8","0","0.5","10","66","261","11.241379310344827","4.183908045977011"
"20","10","0.0025","0.29","3","0.5","0.05","1","80","5","8","0","0.5","10","77","276","11.514492753623188","4.057971014492754"
"24","10","0.005","0.29","3","0.5","0.05","1","80","5","8","0","0.5","10","43","249","11.405622489959839","4.06425702811245"
"20","10","0.0025","0.29","3","0.5","0.05","1","80","5","8","0","0.5","10","78","274","11.445255474452555","4.0510948905109485"
"22","10","0.005","0.29","3","0.5","0.05","1","80","5","8","0","0.5","10","79","267","11.280898876404494","4.067415730337078"
"24","10","0.005","0.29","3","0.5","0.05","1","80","5","8","0","0.5","10","44","249","11.405622489959839","4.06425702811245"
"21","10","0.005","0.29","3","0.5","0.05","1","80","5","8","0","0.5","10","82","246","11.414634146341463","4.056910569105691"
"22","10","0.005","0.29","3","0.5","0.05","1","80","5","8","0","0.5","10","80","266","11.24812030075188","4.067669172932331"
"23","10","0.005","0.29","3","0.5","0.05","1","80","5","8","0","0.5","10","67","261","11.32567049808429","4.183908045977011"
"24","10","0.005","0.29","3","0.5","0.05","1","80","5","8","0","0.5","10","45","248","11.362903225806452","4.064516129032258"
"21","10","0.005","0.29","3","0.5","0.05","1","80","5","8","0","0.5","10","83","245","11.387755102040817","4.053061224489796"
"19","10","0.0025","0.29","3","0.5","0.05","1","80","5","8","0","0.5","10","82","283","11.130742049469964","4.074204946996466"
"22","10","0.005","0.29","3","0.5","0.05","1","80","5","8","0","0.5","10","81","265","11.20754716981132","4.071698113207547"
"23","10","0.005","0.29","3","0.5","0.05","1","80","5","8","0","0.5","10","68","260","11.276923076923078","4.184615384615385"
"19","10","0.0025","0.29","3","0.5","0.05","1","80","5","8","0","0.5","10","83","282","11.099290780141844","4.067375886524823"
"21","10","0.005","0.29","3","0.5","0.05","1","80","5","8","0","0.5","10","84","243","11.275720164609053","4.05761316872428"
"23","10","0.005","0.29","3","0.5","0.05","1","80","5","8","0","0.5","10","69","259","11.212355212355213","4.185328185328185"
"19","10","0.0025","0.29","3","0.5","0.05","1","80","5","8","0","0.5","10","84","282","11.099290780141844","4.078014184397163"
"20","10","0.0025","0.29","3","0.5","0.05","1","80","5","8","0","0.5","10","79","274","11.591240875912408","4.054744525547445"
"24","10","0.005","0.29","3","0.5","0.05","1","80","5","8","0","0.5","10","46","247","11.506072874493928","4.064777327935222"
"20","10","0.0025","0.29","3","0.5","0.05","1","80","5","8","0","0.5","10","80","273","11.531135531135531","4.051282051282051"
"24","10","0.005","0.29","3","0.5","0.05","1","80","5","8","0","0.5","10","47","247","11.506072874493928","4.064777327935222"
"20","10","0.0025","0.29","3","0.5","0.05","1","80","5","8","0","0.5","10","81","273","11.531135531135531","4.054945054945055"
"22","10","0.005","0.29","3","0.5","0.05","1","80","5","8","0","0.5","10","82","263","11.216730038022813","4.083650190114068"
"24","10","0.005","0.29","3","0.5","0.05","1","80","5","8","0","0.5","10","48","245","11.428571428571429","4.0653061224489795"
"23","10","0.005","0.29","3","0.5","0.05","1","80","5","8","0","0.5","10","70","258","11.271317829457365","4.186046511627907"
"22","10","0.005","0.29","3","0.5","0.05","1","80","5","8","0","0.5","10","83","263","11.216730038022813","4.079847908745247"
"21","10","0.005","0.29","3","0.5","0.05","1","80","5","8","0","0.5","10","85","256","11.3515625","3.83203125"
"23","10","0.005","0.29","3","0.5","0.05","1","80","5","8","0","0.5","10","71","256","11.171875","4.18359375"
"22","10","0.005","0.29","3","0.5","0.05","1","80","5","8","0","0.5","10","84","263","11.216730038022813","4.083650190114068"
"21","10","0.005","0.29","3","0.5","0.05","1","80","5","8","0","0.5","10","86","255","11.301960784313726","4.070588235294117"
"23","10","0.005","0.29","3","0.5","0.05","1","80","5","8","0","0.5","10","72","255","11.12156862745098","4.184313725490196"
"21","10","0.005","0.29","3","0.5","0.05","1","80","5","8","0","0.5","10","87","250","11.12","4.064"
"20","10","0.0025","0.29","3","0.5","0.05","1","80","5","8","0","0.5","10","82","273","11.64102564102564","4.051282051282051"
"19","10","0.0025","0.29","3","0.5","0.05","1","80","5","8","0","0.5","10","85","308","10.980519480519481","3.7240259740259742"
"20","10","0.0025","0.29","3","0.5","0.05","1","80","5","8","0","0.5","10","83","273","11.64102564102564","4.054945054945055"
"24","10","0.005","0.29","3","0.5","0.05","1","80","5","8","0","0.5","10","49","274","11.182481751824817","3.6204379562043796"
"20","10","0.0025","0.29","3","0.5","0.05","1","80","5","8","0","0.5","10","84","272","11.588235294117647","4.051470588235294"
"19","10","0.0025","0.29","3","0.5","0.05","1","80","5","8","0","0.5","10","86","307","10.944625407166123","4.068403908794788"
"24","10","0.005","0.29","3","0.5","0.05","1","80","5","8","0","0.5","10","50","272","11.088235294117647","4.040441176470588"
"21","10","0.005","0.29","3","0.5","0.05","1","80","5","8","0","0.5","10","88","249","11.21285140562249","4.06425702811245"
"19","10","0.0025","0.29","3","0.5","0.05","1","80","5","8","0","0.5","10","87","306","10.901960784313726","4.03921568627451"
"24","10","0.005","0.29","3","0.5","0.05","1","80","5","8","0","0.5","10","51","272","11.088235294117647","4.033088235294118"
"21","10","0.005","0.29","3","0.5","0.05","1","80","5","8","0","0.5","10","89","248","11.161290322580646","4.056451612903226"
"22","10","0.005","0.29","3","0.5","0.05","1","80","5","8","0","0.5","10","85","267","11.325842696629213","3.9887640449438204"
"22","10","0.005","0.29","3","0.5","0.05","1","80","5","8","0","0.5","10","86","266","11.293233082706767","4.097744360902255"
"21","10","0.005","0.29","3","0.5","0.05","1","80","5","8","0","0.5","10","90","248","11.161290322580646","4.060483870967742"
"23","10","0.005","0.29","3","0.5","0.05","1","80","5","8","0","0.5","10","73","277","11.104693140794224","3.8411552346570397"
"22","10","0.005","0.29","3","0.5","0.05","1","80","5","8","0","0.5","10","87","264","11.18939393939394","4.09469696969697"
"23","10","0.005","0.29","3","0.5","0.05","1","80","5","8","0","0.5","10","74","275","11.032727272727273","4.196363636363636"
"23","10","0.005","0.29","3","0.5","0.05","1","80","5","8","0","0.5","10","75","274","10.97080291970803","4.182481751824818"
"20","10","0.0025","0.29","3","0.5","0.05","1","80","5","8","0","0.5","10","85","285","11.459649122807017","3.831578947368421"
"19","10","0.0025","0.29","3","0.5","0.05","1","80","5","8","0","0.5","10","88","306","11","4.052287581699346"
"24","10","0.005","0.29","3","0.5","0.05","1","80","5","8","0","0.5","10","52","272","11.183823529411764","4.040441176470588"
"19","10","0.0025","0.29","3","0.5","0.05","1","80","5","8","0","0.5","10","89","305","10.957377049180328","4.045901639344263"
"20","10","0.0025","0.29","3","0.5","0.05","1","80","5","8","0","0.5","10","86","285","11.459649122807017","4.056140350877193"
"21","10","0.005","0.29","3","0.5","0.05","1","80","5","8","0","0.5","10","91","247","11.255060728744938","4.052631578947368"
"24","10","0.005","0.29","3","0.5","0.05","1","80","5","8","0","0.5","10","53","271","11.129151291512915","4.040590405904059"
"22","10","0.005","0.29","3","0.5","0.05","1","80","5","8","0","0.5","10","88","262","11.221374045801527","4.095419847328245"
"20","10","0.0025","0.29","3","0.5","0.05","1","80","5","8","0","0.5","10","87","285","11.459649122807017","4.049122807017544"
"19","10","0.0025","0.29","3","0.5","0.05","1","80","5","8","0","0.5","10","90","304","10.914473684210526","4.055921052631579"
"21","10","0.005","0.29","3","0.5","0.05","1","80","5","8","0","0.5","10","92","246","11.252032520325203","4.060975609756097"
"24","10","0.005","0.29","3","0.5","0.05","1","80","5","8","0","0.5","10","54","269","11.033457249070633","4.04089219330855"
"22","10","0.005","0.29","3","0.5","0.05","1","80","5","8","0","0.5","10","89","261","11.195402298850574","4.088122605363985"
"21","10","0.005","0.29","3","0.5","0.05","1","80","5","8","0","0.5","10","93","246","11.252032520325203","4.0528455284552845"
"22","10","0.005","0.29","3","0.5","0.05","1","80","5","8","0","0.5","10","90","261","11.195402298850574","4.088122605363985"
"23","10","0.005","0.29","3","0.5","0.05","1","80","5","8","0","0.5","10","76","272","11.058823529411764","4.194852941176471"
"23","10","0.005","0.29","3","0.5","0.05","1","80","5","8","0","0.5","10","77","271","11.011070110701107","4.210332103321033"
"20","10","0.0025","0.29","3","0.5","0.05","1","80","5","8","0","0.5","10","88","283","11.441696113074205","4.045936395759718"
"23","10","0.005","0.29","3","0.5","0.05","1","80","5","8","0","0.5","10","78","271","11.011070110701107","4.202952029520295"
"21","10","0.005","0.29","3","0.5","0.05","1","80","5","8","0","0.5","10","94","246","11.341463414634147","4.060975609756097"
"20","10","0.0025","0.29","3","0.5","0.05","1","80","5","8","0","0.5","10","89","283","11.441696113074205","4.049469964664311"
"24","10","0.005","0.29","3","0.5","0.05","1","80","5","8","0","0.5","10","55","268","11.194029850746269","4.041044776119403"
"22","10","0.005","0.29","3","0.5","0.05","1","80","5","8","0","0.5","10","91","261","11.333333333333334","4.084291187739463"
"19","10","0.0025","0.29","3","0.5","0.05","1","80","5","8","0","0.5","10","91","302","10.986754966887418","4.046357615894039"
"21","10","0.005","0.29","3","0.5","0.05","1","80","5","8","0","0.5","10","95","245","11.314285714285715","4.053061224489796"
"24","10","0.005","0.29","3","0.5","0.05","1","80","5","8","0","0.5","10","56","267","11.153558052434457","4.0411985018726595"
"20","10","0.0025","0.29","3","0.5","0.05","1","80","5","8","0","0.5","10","90","282","11.397163120567376","4.046099290780142"
"19","10","0.0025","0.29","3","0.5","0.05","1","80","5","8","0","0.5","10","92","301","10.930232558139535","4.059800664451827"
"22","10","0.005","0.29","3","0.5","0.05","1","80","5","8","0","0.5","10","92","261","11.333333333333334","4.088122605363985"
"21","10","0.005","0.29","3","0.5","0.05","1","80","5","8","0","0.5","10","96","243","11.209876543209877","4.061728395061729"
"24","10","0.005","0.29","3","0.5","0.05","1","80","5","8","0","0.5","10","57","266","11.097744360902256","4.041353383458647"
"19","10","0.0025","0.29","3","0.5","0.05","1","80","5","8","0","0.5","10","93","300","10.893333333333333","4.046666666666667"
"22","10","0.005","0.29","3","0.5","0.05","1","80","5","8","0","0.5","10","93","260","11.284615384615385","4.084615384615384"
"23","10","0.005","0.29","3","0.5","0.05","1","80","5","8","0","0.5","10","79","268","11.052238805970148","4.2164179104477615"
"23","10","0.005","0.29","3","0.5","0.05","1","80","5","8","0","0.5","10","80","265","10.920754716981133","4.211320754716981"
"20","10","0.0025","0.29","3","0.5","0.05","1","80","5","8","0","0.5","10","91","280","11.435714285714285","4.057142857142857"
"22","10","0.005","0.29","3","0.5","0.05","1","80","5","8","0","0.5","10","94","260","11.346153846153847","4.088461538461538"
"23","10","0.005","0.29","3","0.5","0.05","1","80","5","8","0","0.5","10","81","265","10.920754716981133","4.2075471698113205"
"20","10","0.0025","0.29","3","0.5","0.05","1","80","5","8","0","0.5","10","92","279","11.405017921146953","4.050179211469534"
"22","10","0.005","0.29","3","0.5","0.05","1","80","5","8","0","0.5","10","95","260","11.346153846153847","4.084615384615384"
"24","10","0.005","0.29","3","0.5","0.05","1","80","5","8","0","0.5","10","58","266","11.24812030075188","4.041353383458647"
"21","10","0.005","0.29","3","0.5","0.05","1","80","5","8","0","0.5","10","97","261","11.157088122605364","3.7624521072796937"
"20","10","0.0025","0.29","3","0.5","0.05","1","80","5","8","0","0.5","10","93","277","11.364620938628159","4.054151624548736"
"22","10","0.005","0.29","3","0.5","0.05","1","80","5","8","0","0.5","10","96","260","11.346153846153847","4.088461538461538"
"19","10","0.0025","0.29","3","0.5","0.05","1","80","5","8","0","0.5","10","94","298","10.926174496644295","4.057046979865772"
"24","10","0.005","0.29","3","0.5","0.05","1","80","5","8","0","0.5","10","59","266","11.24812030075188","4.041353383458647"
"21","10","0.005","0.29","3","0.5","0.05","1","80","5","8","0","0.5","10","98","260","11.115384615384615","4.065384615384615"
"19","10","0.0025","0.29","3","0.5","0.05","1","80","5","8","0","0.5","10","95","297","10.875420875420875","4.047138047138047"
"24","10","0.005","0.29","3","0.5","0.05","1","80","5","8","0","0.5","10","60","266","11.24812030075188","4.041353383458647"
"21","10","0.005","0.29","3","0.5","0.05","1","80","5","8","0","0.5","10","99","257","10.933852140077821","4.0778210116731515"
"19","10","0.0025","0.29","3","0.5","0.05","1","80","5","8","0","0.5","10","96","296","10.837837837837839","4.0574324324324325"
"23","10","0.005","0.29","3","0.5","0.05","1","80","5","8","0","0.5","10","82","264","11.166666666666666","4.204545454545454"
"23","10","0.005","0.29","3","0.5","0.05","1","80","5","8","0","0.5","10","83","263","11.125475285171103","4.197718631178708"
"22","10","0.005","0.29","3","0.5","0.05","1","80","5","8","0","0.5","10","97","278","11.086330935251798","3.820143884892086"
"20","10","0.0025","0.29","3","0.5","0.05","1","80","5","8","0","0.5","10","94","276","11.471014492753623","4.047101449275362"
"23","10","0.005","0.29","3","0.5","0.05","1","80","5","8","0","0.5","10","84","262","11.068702290076336","4.194656488549619"
"22","10","0.005","0.29","3","0.5","0.05","1","80","5","8","0","0.5","10","98","278","11.086330935251798","4.100719424460432"
"21","10","0.005","0.29","3","0.5","0.05","1","80","5","8","0","0.5","10","100","257","11.066147859922179","4.0778210116731515"
"20","10","0.0025","0.29","3","0.5","0.05","1","80","5","8","0","0.5","10","95","274","11.372262773722628","4.0510948905109485"
"22","10","0.005","0.29","3","0.5","0.05","1","80","5","8","0","0.5","10","99","277","11.03971119133574","4.097472924187725"
"21","10","0.005","0.29","3","0.5","0.05","1","80","5","8","0","0.5","10","101","255","10.964705882352941","4.078431372549019"
"20","10","0.0025","0.29","3","0.5","0.05","1","80","5","8","0","0.5","10","96","274","11.372262773722628","4.047445255474453"
"24","10","0.005","0.29","3","0.5","0.05","1","80","5","8","0","0.5","10","61","275","11.396363636363636","3.909090909090909"
"21","10","0.005","0.29","3","0.5","0.05","1","80","5","8","0","0.5","10","102","254","10.913385826771654","4.078740157480315"
"24","10","0.005","0.29","3","0.5","0.05","1","80","5","8","0","0.5","10","62","275","11.396363636363636","4.04"
"24","10","0.005","0.29","3","0.5","0.05","1","80","5","8","0","0.5","10","63","274","11.343065693430656","4.04014598540146"
"22","10","0.005","0.29","3","0.5","0.05","1","80","5","8","0","0.5","10","100","275","10.989090909090908","4.101818181818182"
"22","10","0.005","0.29","3","0.5","0.05","1","80","5","8","0","0.5","10","101","273","10.93040293040293","4.102564102564102"
"19","10","0.0025","0.29","3","0.5","0.05","1","80","5","8","0","0.5","10","97","304","11.118421052631579","3.924342105263158"
"22","10","0.005","0.29","3","0.5","0.05","1","80","5","8","0","0.5","10","102","273","10.93040293040293","4.1098901098901095"
"21","10","0.005","0.29","3","0.5","0.05","1","80","5","8","0","0.5","10","103","253","11.019762845849803","4.071146245059288"
"19","10","0.0025","0.29","3","0.5","0.05","1","80","5","8","0","0.5","10","98","303","11.069306930693068","4.02970297029703"
"23","10","0.005","0.29","3","0.5","0.05","1","80","5","8","0","0.5","10","85","283","11.03886925795053","3.8869257950530036"
"21","10","0.005","0.29","3","0.5","0.05","1","80","5","8","0","0.5","10","104","253","11.019762845849803","4.067193675889328"
"24","10","0.005","0.29","3","0.5","0.05","1","80","5","8","0","0.5","10","64","272","11.367647058823529","4.040441176470588"
"19","10","0.0025","0.29","3","0.5","0.05","1","80","5","8","0","0.5","10","99","303","11.069306930693068","4.023102310231023"
"23","10","0.005","0.29","3","0.5","0.05","1","80","5","8","0","0.5","10","86","282","10.98581560283688","4.156028368794326"
"21","10","0.005","0.29","3","0.5","0.05","1","80","5","8","0","0.5","10","105","252","10.952380952380953","4.067460317460317"
"24","10","0.005","0.29","3","0.5","0.05","1","80","5","8","0","0.5","10","65","272","11.367647058823529","4.040441176470588"
"20","10","0.0025","0.29","3","0.5","0.05","1","80","5","8","0","0.5","10","97","303","11.201320132013201","3.65016501650165"
"23","10","0.005","0.29","3","0.5","0.05","1","80","5","8","0","0.5","10","87","281","10.93950177935943","4.181494661921708"
"24","10","0.005","0.29","3","0.5","0.05","1","80","5","8","0","0.5","10","66","270","11.281481481481482","4.044444444444444"
"20","10","0.0025","0.29","3","0.5","0.05","1","80","5","8","0","0.5","10","98","303","11.201320132013201","4.066006600660066"
"22","10","0.005","0.29","3","0.5","0.05","1","80","5","8","0","0.5","10","103","273","11.054945054945055","4.106227106227106"
"20","10","0.0025","0.29","3","0.5","0.05","1","80","5","8","0","0.5","10","99","302","11.165562913907285","4.076158940397351"
"22","10","0.005","0.29","3","0.5","0.05","1","80","5","8","0","0.5","10","104","273","11.054945054945055","4.106227106227106"
"21","10","0.005","0.29","3","0.5","0.05","1","80","5","8","0","0.5","10","106","252","11.087301587301587","4.071428571428571"
"22","10","0.005","0.29","3","0.5","0.05","1","80","5","8","0","0.5","10","105","271","10.959409594095941","4.1033210332103325"
"19","10","0.0025","0.29","3","0.5","0.05","1","80","5","8","0","0.5","10","100","302","11.105960264900663","4.029801324503311"
"21","10","0.005","0.29","3","0.5","0.05","1","80","5","8","0","0.5","10","107","252","11.087301587301587","4.067460317460317"
"23","10","0.005","0.29","3","0.5","0.05","1","80","5","8","0","0.5","10","88","281","11.04626334519573","4.174377224199288"
"19","10","0.0025","0.29","3","0.5","0.05","1","80","5","8","0","0.5","10","101","302","11.105960264900663","4.02317880794702"
"21","10","0.005","0.29","3","0.5","0.05","1","80","5","8","0","0.5","10","108","252","11.087301587301587","4.067460317460317"
"24","10","0.005","0.29","3","0.5","0.05","1","80","5","8","0","0.5","10","67","270","11.414814814814815","4.048148148148148"
"19","10","0.0025","0.29","3","0.5","0.05","1","80","5","8","0","0.5","10","102","301","11.069767441860465","4.026578073089701"
"20","10","0.0025","0.29","3","0.5","0.05","1","80","5","8","0","0.5","10","100","300","11.253333333333334","4.073333333333333"
"23","10","0.005","0.29","3","0.5","0.05","1","80","5","8","0","0.5","10","89","280","11.007142857142858","4.178571428571429"
"24","10","0.005","0.29","3","0.5","0.05","1","80","5","8","0","0.5","10","68","268","11.32089552238806","4.048507462686567"
"23","10","0.005","0.29","3","0.5","0.05","1","80","5","8","0","0.5","10","90","280","11.007142857142858","4.175"
"20","10","0.0025","0.29","3","0.5","0.05","1","80","5","8","0","0.5","10","101","300","11.253333333333334","4.07"
"24","10","0.005","0.29","3","0.5","0.05","1","80","5","8","0","0.5","10","69","268","11.32089552238806","4.048507462686567"
"22","10","0.005","0.29","3","0.5","0.05","1","80","5","8","0","0.5","10","106","270","11","4.107407407407408"
"20","10","0.0025","0.29","3","0.5","0.05","1","80","5","8","0","0.5","10","102","300","11.253333333333334","4.0633333333333335"
"22","10","0.005","0.29","3","0.5","0.05","1","80","5","8","0","0.5","10","107","269","10.95910780669145","4.104089219330855"
"22","10","0.005","0.29","3","0.5","0.05","1","80","5","8","0","0.5","10","108","269","10.95910780669145","4.107806691449814"
"21","10","0.005","0.29","3","0.5","0.05","1","80","5","8","0","0.5","10","109","258","11.217054263565892","3.9573643410852712"
"19","10","0.0025","0.29","3","0.5","0.05","1","80","5","8","0","0.5","10","103","300","11.106666666666667","4.016666666666667"
"21","10","0.005","0.29","3","0.5","0.05","1","80","5","8","0","0.5","10","110","258","11.217054263565892","4.058139534883721"
"23","10","0.005","0.29","3","0.5","0.05","1","80","5","8","0","0.5","10","91","280","11.1","4.185714285714286"
"19","10","0.0025","0.29","3","0.5","0.05","1","80","5","8","0","0.5","10","104","300","11.106666666666667","4.023333333333333"
"21","10","0.005","0.29","3","0.5","0.05","1","80","5","8","0","0.5","10","111","255","11.074509803921568","4.0549019607843135"
"23","10","0.005","0.29","3","0.5","0.05","1","80","5","8","0","0.5","10","92","279","11.039426523297491","4.182795698924731"
"24","10","0.005","0.29","3","0.5","0.05","1","80","5","8","0","0.5","10","70","268","11.440298507462687","4.048507462686567"
"20","10","0.0025","0.29","3","0.5","0.05","1","80","5","8","0","0.5","10","103","299","11.357859531772576","4.076923076923077"
"19","10","0.0025","0.29","3","0.5","0.05","1","80","5","8","0","0.5","10","105","299","11.090301003344482","4.016722408026756"
"23","10","0.005","0.29","3","0.5","0.05","1","80","5","8","0","0.5","10","93","279","11.039426523297491","4.186379928315413"
"24","10","0.005","0.29","3","0.5","0.05","1","80","5","8","0","0.5","10","71","266","11.413533834586467","4.048872180451128"
"20","10","0.0025","0.29","3","0.5","0.05","1","80","5","8","0","0.5","10","104","298","11.315436241610739","4.083892617449664"
"24","10","0.005","0.29","3","0.5","0.05","1","80","5","8","0","0.5","10","72","266","11.413533834586467","4.048872180451128"
"20","10","0.0025","0.29","3","0.5","0.05","1","80","5","8","0","0.5","10","105","295","11.186440677966102","4.074576271186441"
"21","10","0.005","0.29","3","0.5","0.05","1","80","5","8","0","0.5","10","112","254","11.149606299212598","4.062992125984252"
"22","10","0.005","0.29","3","0.5","0.05","1","80","5","8","0","0.5","10","109","287","10.940766550522648","3.846689895470383"
"21","10","0.005","0.29","3","0.5","0.05","1","80","5","8","0","0.5","10","113","252","11.095238095238095","4.063492063492063"
"19","10","0.0025","0.29","3","0.5","0.05","1","80","5","8","0","0.5","10","106","298","11.10738255033557","4.023489932885906"
"23","10","0.005","0.29","3","0.5","0.05","1","80","5","8","0","0.5","10","94","276","10.985507246376812","4.184782608695652"
"22","10","0.005","0.29","3","0.5","0.05","1","80","5","8","0","0.5","10","110","287","10.940766550522648","4.104529616724738"
"21","10","0.005","0.29","3","0.5","0.05","1","80","5","8","0","0.5","10","114","252","11.095238095238095","4.063492063492063"
"22","10","0.005","0.29","3","0.5","0.05","1","80","5","8","0","0.5","10","111","286","10.888111888111888","4.076923076923077"
"23","10","0.005","0.29","3","0.5","0.05","1","80","5","8","0","0.5","10","95","276","10.985507246376812","4.188405797101449"
"19","10","0.0025","0.29","3","0.5","0.05","1","80","5","8","0","0.5","10","107","297","11.057239057239057","4.016835016835016"
"23","10","0.005","0.29","3","0.5","0.05","1","80","5","8","0","0.5","10","96","276","10.985507246376812","4.184782608695652"
"19","10","0.0025","0.29","3","0.5","0.05","1","80","5","8","0","0.5","10","108","297","11.057239057239057","4.023569023569023"
"20","10","0.0025","0.29","3","0.5","0.05","1","80","5","8","0","0.5","10","106","293","11.242320819112628","4.071672354948806"
"24","10","0.005","0.29","3","0.5","0.05","1","80","5","8","0","0.5","10","73","289","11.211072664359861","3.698961937716263"
"20","10","0.0025","0.29","3","0.5","0.05","1","80","5","8","0","0.5","10","107","292","11.184931506849315","4.068493150684931"
"21","10","0.005","0.29","3","0.5","0.05","1","80","5","8","0","0.5","10","115","252","11.214285714285714","4.063492063492063"
"22","10","0.005","0.29","3","0.5","0.05","1","80","5","8","0","0.5","10","112","286","10.965034965034965","4.090909090909091"
"24","10","0.005","0.29","3","0.5","0.05","1","80","5","8","0","0.5","10","74","289","11.211072664359861","4.062283737024221"
"20","10","0.0025","0.29","3","0.5","0.05","1","80","5","8","0","0.5","10","108","292","11.184931506849315","4.065068493150685"
"21","10","0.005","0.29","3","0.5","0.05","1","80","5","8","0","0.5","10","116","252","11.214285714285714","4.063492063492063"
"24","10","0.005","0.29","3","0.5","0.05","1","80","5","8","0","0.5","10","75","288","11.166666666666666","4.055555555555555"
"22","10","0.005","0.29","3","0.5","0.05","1","80","5","8","0","0.5","10","113","286","10.965034965034965","4.083916083916084"
"21","10","0.005","0.29","3","0.5","0.05","1","80","5","8","0","0.5","10","117","252","11.214285714285714","4.063492063492063"
"22","10","0.005","0.29","3","0.5","0.05","1","80","5","8","0","0.5","10","114","283","10.890459363957596","4.095406360424028"
"23","10","0.005","0.29","3","0.5","0.05","1","80","5","8","0","0.5","10","97","285","11.03859649122807","4.021052631578947"
"21","10","0.005","0.29","3","0.5","0.05","1","80","5","8","0","0.5","10","118","251","11.227091633466136","4.063745019920319"
"19","10","0.0025","0.29","3","0.5","0.05","1","80","5","8","0","0.5","10","109","316","10.962025316455696","3.75"
"24","10","0.005","0.29","3","0.5","0.05","1","80","5","8","0","0.5","10","76","286","11.244755244755245","4.06993006993007"
"21","10","0.005","0.29","3","0.5","0.05","1","80","5","8","0","0.5","10","119","251","11.227091633466136","4.063745019920319"
"23","10","0.005","0.29","3","0.5","0.05","1","80","5","8","0","0.5","10","98","284","10.985915492957746","4.172535211267606"
"22","10","0.005","0.29","3","0.5","0.05","1","80","5","8","0","0.5","10","115","281","10.88967971530249","4.088967971530249"
"19","10","0.0025","0.29","3","0.5","0.05","1","80","5","8","0","0.5","10","110","315","10.920634920634921","4.050793650793651"
"21","10","0.005","0.29","3","0.5","0.05","1","80","5","8","0","0.5","10","120","250","11.184","4.064"
"24","10","0.005","0.29","3","0.5","0.05","1","80","5","8","0","0.5","10","77","285","11.192982456140351","4.073684210526316"
"23","10","0.005","0.29","3","0.5","0.05","1","80","5","8","0","0.5","10","99","281","10.846975088967971","4.160142348754448"
"22","10","0.005","0.29","3","0.5","0.05","1","80","5","8","0","0.5","10","116","280","10.857142857142858","4.0928571428571425"
"19","10","0.0025","0.29","3","0.5","0.05","1","80","5","8","0","0.5","10","111","314","10.89171974522293","4.04140127388535"
"24","10","0.005","0.29","3","0.5","0.05","1","80","5","8","0","0.5","10","78","284","11.140845070422536","4.070422535211268"
"22","10","0.005","0.29","3","0.5","0.05","1","80","5","8","0","0.5","10","117","279","10.810035842293907","4.093189964157706"
"20","10","0.0025","0.29","3","0.5","0.05","1","80","5","8","0","0.5","10","109","302","11.463576158940397","3.9072847682119205"
"20","10","0.0025","0.29","3","0.5","0.05","1","80","5","8","0","0.5","10","110","301","11.428571428571429","4.059800664451827"
"20","10","0.0025","0.29","3","0.5","0.05","1","80","5","8","0","0.5","10","111","301","11.428571428571429","4.059800664451827"
"19","10","0.0025","0.29","3","0.5","0.05","1","80","5","8","0","0.5","10","112","312","10.929487179487179","4.048076923076923"
"24","10","0.005","0.29","3","0.5","0.05","1","80","5","8","0","0.5","10","79","283","11.257950530035336","4.07773851590106"
"23","10","0.005","0.29","3","0.5","0.05","1","80","5","8","0","0.5","10","100","281","10.98932384341637","4.142348754448399"
"22","10","0.005","0.29","3","0.5","0.05","1","80","5","8","0","0.5","10","118","278","10.884892086330936","4.097122302158273"
"25","10","0.005","0.29","3","0.5","0.05","1","80","5","8","0","0.5","10","0","237","11.9915611814346","4.10126582278481"
"19","10","0.0025","0.29","3","0.5","0.05","1","80","5","8","0","0.5","10","113","310","10.858064516129032","4.041935483870968"
"24","10","0.005","0.29","3","0.5","0.05","1","80","5","8","0","0.5","10","80","283","11.257950530035336","4.07773851590106"
"22","10","0.005","0.29","3","0.5","0.05","1","80","5","8","0","0.5","10","119","277","10.83754512635379","4.097472924187725"
"23","10","0.005","0.29","3","0.5","0.05","1","80","5","8","0","0.5","10","101","280","10.928571428571429","4.146428571428571"
"22","10","0.005","0.29","3","0.5","0.05","1","80","5","8","0","0.5","10","120","275","10.756363636363636","4.098181818181819"
"19","10","0.0025","0.29","3","0.5","0.05","1","80","5","8","0","0.5","10","114","308","10.779220779220779","4.048701298701299"
"24","10","0.005","0.29","3","0.5","0.05","1","80","5","8","0","0.5","10","81","283","11.257950530035336","4.07773851590106"
"23","10","0.005","0.29","3","0.5","0.05","1","80","5","8","0","0.5","10","102","280","10.928571428571429","4.146428571428571"
"20","10","0.0025","0.29","3","0.5","0.05","1","80","5","8","0","0.5","10","112","301","11.49501661129568","4.056478405315614"
"25","10","0.005","0.29","3","0.5","0.05","1","80","5","8","0","0.5","10","1","237","12.19409282700422","3.940928270042194"
"20","10","0.0025","0.29","3","0.5","0.05","1","80","5","8","0","0.5","10","113","299","11.411371237458194","4.063545150501672"
"25","10","0.005","0.29","3","0.5","0.05","1","80","5","8","0","0.5","10","2","236","12.161016949152541","3.9322033898305087"
"20","10","0.0025","0.29","3","0.5","0.05","1","80","5","8","0","0.5","10","114","299","11.411371237458194","4.066889632107023"
"25","10","0.005","0.29","3","0.5","0.05","1","80","5","8","0","0.5","10","3","236","12.161016949152541","3.940677966101695"
"24","10","0.005","0.29","3","0.5","0.05","1","80","5","8","0","0.5","10","82","282","11.304964539007091","4.078014184397163"
"23","10","0.005","0.29","3","0.5","0.05","1","80","5","8","0","0.5","10","103","279","10.99641577060932","4.157706093189964"
"24","10","0.005","0.29","3","0.5","0.05","1","80","5","8","0","0.5","10","83","282","11.304964539007091","4.078014184397163"
"19","10","0.0025","0.29","3","0.5","0.05","1","80","5","8","0","0.5","10","115","308","10.915584415584416","4.042207792207792"
"26","10","0.005","0.29","3","0.5","0.05","1","80","5","8","0","0.5","10","0","240","11.866666666666667","4.054166666666666"
"23","10","0.005","0.29","3","0.5","0.05","1","80","5","8","0","0.5","10","104","278","10.949640287769784","4.154676258992806"
"19","10","0.0025","0.29","3","0.5","0.05","1","80","5","8","0","0.5","10","116","307","10.872964169381108","4.04885993485342"
"24","10","0.005","0.29","3","0.5","0.05","1","80","5","8","0","0.5","10","84","280","11.235714285714286","4.078571428571428"
"23","10","0.005","0.29","3","0.5","0.05","1","80","5","8","0","0.5","10","105","277","10.916967509025271","4.15884476534296"
"19","10","0.0025","0.29","3","0.5","0.05","1","80","5","8","0","0.5","10","117","304","10.763157894736842","4.042763157894737"
"25","10","0.005","0.29","3","0.5","0.05","1","80","5","8","0","0.5","10","4","236","12.245762711864407","3.940677966101695"
"20","10","0.0025","0.29","3","0.5","0.05","1","80","5","8","0","0.5","10","115","298","11.449664429530202","4.060402684563758"
"25","10","0.005","0.29","3","0.5","0.05","1","80","5","8","0","0.5","10","5","236","12.245762711864407","3.940677966101695"
"20","10","0.0025","0.29","3","0.5","0.05","1","80","5","8","0","0.5","10","116","298","11.449664429530202","4.057046979865772"
"25","10","0.005","0.29","3","0.5","0.05","1","80","5","8","0","0.5","10","6","235","12.212765957446809","3.9404255319148938"
"26","10","0.005","0.29","3","0.5","0.05","1","80","5","8","0","0.5","10","1","240","12.108333333333333","4.1"
"20","10","0.0025","0.29","3","0.5","0.05","1","80","5","8","0","0.5","10","117","297","11.414141414141413","4.0606060606060606"
"26","10","0.005","0.29","3","0.5","0.05","1","80","5","8","0","0.5","10","2","238","11.974789915966387","4.088235294117647"
"23","10","0.005","0.29","3","0.5","0.05","1","80","5","8","0","0.5","10","106","274","10.905109489051094","4.156934306569343"
"26","10","0.005","0.29","3","0.5","0.05","1","80","5","8","0","0.5","10","3","238","11.974789915966387","4.084033613445378"
"24","10","0.005","0.29","3","0.5","0.05","1","80","5","8","0","0.5","10","85","292","11.267123287671232","3.910958904109589"
"23","10","0.005","0.29","3","0.5","0.05","1","80","5","8","0","0.5","10","107","273","10.842490842490843","4.1611721611721615"
"25","10","0.005","0.29","3","0.5","0.05","1","80","5","8","0","0.5","10","7","235","12.314893617021276","3.9404255319148938"
"19","10","0.0025","0.29","3","0.5","0.05","1","80","5","8","0","0.5","10","118","302","10.860927152317881","4.046357615894039"
"24","10","0.005","0.29","3","0.5","0.05","1","80","5","8","0","0.5","10","86","290","11.179310344827586","4.089655172413793"
"19","10","0.0025","0.29","3","0.5","0.05","1","80","5","8","0","0.5","10","119","301","10.817275747508306","4.039867109634551"
"25","10","0.005","0.29","3","0.5","0.05","1","80","5","8","0","0.5","10","8","235","12.314893617021276","3.9404255319148938"
"23","10","0.005","0.29","3","0.5","0.05","1","80","5","8","0","0.5","10","108","272","10.808823529411764","4.154411764705882"
"24","10","0.005","0.29","3","0.5","0.05","1","80","5","8","0","0.5","10","87","290","11.179310344827586","4.086206896551724"
"20","10","0.0025","0.29","3","0.5","0.05","1","80","5","8","0","0.5","10","118","295","11.477966101694916","4.064406779661017"
"25","10","0.005","0.29","3","0.5","0.05","1","80","5","8","0","0.5","10","9","235","12.314893617021276","3.9404255319148938"
"19","10","0.0025","0.29","3","0.5","0.05","1","80","5","8","0","0.5","10","120","300","10.773333333333333","4.046666666666667"
"20","10","0.0025","0.29","3","0.5","0.05","1","80","5","8","0","0.5","10","119","294","11.428571428571429","4.068027210884353"
"26","10","0.005","0.29","3","0.5","0.05","1","80","5","8","0","0.5","10","4","237","12.067510548523206","4.0928270042194095"
"20","10","0.0025","0.29","3","0.5","0.05","1","80","5","8","0","0.5","10","120","293","11.399317406143345","4.068259385665529"
"26","10","0.005","0.29","3","0.5","0.05","1","80","5","8","0","0.5","10","5","237","12.067510548523206","4.0928270042194095"
"25","10","0.005","0.29","3","0.5","0.05","1","80","5","8","0","0.5","10","10","234","12.376068376068377","3.9401709401709404"
"26","10","0.005","0.29","3","0.5","0.05","1","80","5","8","0","0.5","10","6","236","12.042372881355933","4.0974576271186445"
"24","10","0.005","0.29","3","0.5","0.05","1","80","5","8","0","0.5","10","88","287","11.177700348432056","4.083623693379791"
"25","10","0.005","0.29","3","0.5","0.05","1","80","5","8","0","0.5","10","11","234","12.376068376068377","3.9401709401709404"
"25","10","0.005","0.29","3","0.5","0.05","1","80","5","8","0","0.5","10","12","233","12.343347639484978","3.939914163090129"
"24","10","0.005","0.29","3","0.5","0.05","1","80","5","8","0","0.5","10","89","287","11.177700348432056","4.080139372822299"
"24","10","0.005","0.29","3","0.5","0.05","1","80","5","8","0","0.5","10","90","286","11.125874125874127","4.080419580419581"
"23","10","0.005","0.29","3","0.5","0.05","1","80","5","8","0","0.5","10","109","277","11.083032490974729","4.068592057761733"
"26","10","0.005","0.29","3","0.5","0.05","1","80","5","8","0","0.5","10","7","234","12.068376068376068","4.098290598290598"
"27","10","0.005","0.29","3","0.5","0.05","1","80","5","8","0","0.5","10","0","238","11.840336134453782","3.8445378151260505"
"23","10","0.005","0.29","3","0.5","0.05","1","80","5","8","0","0.5","10","110","276","11.043478260869565","4.134057971014493"
"26","10","0.005","0.29","3","0.5","0.05","1","80","5","8","0","0.5","10","8","233","12.034334763948499","4.094420600858369"
"28","10","0.005","0.29","3","0.5","0.05","1","80","5","8","0","0.5","10","0","236","11.872881355932204","3.830508474576271"
"26","10","0.005","0.29","3","0.5","0.05","1","80","5","8","0","0.5","10","9","232","11.974137931034482","4.094827586206897"
"23","10","0.005","0.29","3","0.5","0.05","1","80","5","8","0","0.5","10","111","274","10.992700729927007","4.135036496350365"
"25","10","0.005","0.29","3","0.5","0.05","1","80","5","8","0","0.5","10","13","261","11.74712643678161","3.5172413793103448"
"25","10","0.005","0.29","3","0.5","0.05","1","80","5","8","0","0.5","10","14","261","11.74712643678161","3.9118773946360155"
"24","10","0.005","0.29","3","0.5","0.05","1","80","5","8","0","0.5","10","91","283","11.144876325088338","4.07773851590106"
"27","10","0.005","0.29","3","0.5","0.05","1","80","5","8","0","0.5","10","1","237","11.9915611814346","4.0168776371308015"
"25","10","0.005","0.29","3","0.5","0.05","1","80","5","8","0","0.5","10","15","259","11.637065637065637","3.9150579150579152"
"27","10","0.005","0.29","3","0.5","0.05","1","80","5","8","0","0.5","10","2","237","11.9915611814346","4.0210970464135025"
"24","10","0.005","0.29","3","0.5","0.05","1","80","5","8","0","0.5","10","92","281","11.088967971530248","4.07829181494662"
"26","10","0.005","0.29","3","0.5","0.05","1","80","5","8","0","0.5","10","10","232","12.181034482758621","4.094827586206897"
"28","10","0.005","0.29","3","0.5","0.05","1","80","5","8","0","0.5","10","1","233","11.982832618025752","4.068669527896995"
"23","10","0.005","0.29","3","0.5","0.05","1","80","5","8","0","0.5","10","112","273","11.062271062271062","4.131868131868132"
"27","10","0.005","0.29","3","0.5","0.05","1","80","5","8","0","0.5","10","3","237","11.9915611814346","4.0168776371308015"
"26","10","0.005","0.29","3","0.5","0.05","1","80","5","8","0","0.5","10","11","232","12.181034482758621","4.094827586206897"
"24","10","0.005","0.29","3","0.5","0.05","1","80","5","8","0","0.5","10","93","279","11.010752688172044","4.078853046594982"
"28","10","0.005","0.29","3","0.5","0.05","1","80","5","8","0","0.5","10","2","231","11.86147186147186","4.034632034632034"
"23","10","0.005","0.29","3","0.5","0.05","1","80","5","8","0","0.5","10","113","273","11.062271062271062","4.135531135531136"
"26","10","0.005","0.29","3","0.5","0.05","1","80","5","8","0","0.5","10","12","231","12.147186147186147","4.095238095238095"
"28","10","0.005","0.29","3","0.5","0.05","1","80","5","8","0","0.5","10","3","230","11.8","4.039130434782609"
"23","10","0.005","0.29","3","0.5","0.05","1","80","5","8","0","0.5","10","114","272","11.014705882352942","4.1286764705882355"
"25","10","0.005","0.29","3","0.5","0.05","1","80","5","8","0","0.5","10","16","257","11.626459143968871","3.914396887159533"
"25","10","0.005","0.29","3","0.5","0.05","1","80","5","8","0","0.5","10","17","257","11.626459143968871","3.914396887159533"
"25","10","0.005","0.29","3","0.5","0.05","1","80","5","8","0","0.5","10","18","257","11.626459143968871","3.914396887159533"
"27","10","0.005","0.29","3","0.5","0.05","1","80","5","8","0","0.5","10","4","237","12.151898734177216","4.0168776371308015"
"27","10","0.005","0.29","3","0.5","0.05","1","80","5","8","0","0.5","10","5","236","12.11864406779661","4.016949152542373"
"24","10","0.005","0.29","3","0.5","0.05","1","80","5","8","0","0.5","10","94","278","11.194244604316546","4.079136690647482"
"26","10","0.005","0.29","3","0.5","0.05","1","80","5","8","0","0.5","10","13","245","12.073469387755102","3.8285714285714287"
"23","10","0.005","0.29","3","0.5","0.05","1","80","5","8","0","0.5","10","115","272","11.125","4.1286764705882355"
"27","10","0.005","0.29","3","0.5","0.05","1","80","5","8","0","0.5","10","6","235","12.059574468085106","4.012765957446809"
"28","10","0.005","0.29","3","0.5","0.05","1","80","5","8","0","0.5","10","4","229","12.017467248908297","4.039301310043668"
"24","10","0.005","0.29","3","0.5","0.05","1","80","5","8","0","0.5","10","95","276","11.108695652173912","4.079710144927536"
"26","10","0.005","0.29","3","0.5","0.05","1","80","5","8","0","0.5","10","14","245","12.073469387755102","4.077551020408163"
"23","10","0.005","0.29","3","0.5","0.05","1","80","5","8","0","0.5","10","116","271","11.07011070110701","4.125461254612546"
"28","10","0.005","0.29","3","0.5","0.05","1","80","5","8","0","0.5","10","5","229","12.017467248908297","4.039301310043668"
"26","10","0.005","0.29","3","0.5","0.05","1","80","5","8","0","0.5","10","15","244","12.01639344262295","4.073770491803279"
"24","10","0.005","0.29","3","0.5","0.05","1","80","5","8","0","0.5","10","96","275","11.069090909090908","4.08"
"23","10","0.005","0.29","3","0.5","0.05","1","80","5","8","0","0.5","10","117","269","10.996282527881041","4.12639405204461"
"28","10","0.005","0.29","3","0.5","0.05","1","80","5","8","0","0.5","10","6","229","12.017467248908297","4.039301310043668"
"25","10","0.005","0.29","3","0.5","0.05","1","80","5","8","0","0.5","10","19","257","11.727626459143968","3.914396887159533"
"25","10","0.005","0.29","3","0.5","0.05","1","80","5","8","0","0.5","10","20","257","11.727626459143968","3.914396887159533"
"27","10","0.005","0.29","3","0.5","0.05","1","80","5","8","0","0.5","10","7","235","12.204255319148936","4.012765957446809"
"25","10","0.005","0.29","3","0.5","0.05","1","80","5","8","0","0.5","10","21","256","11.6796875","3.9140625"
"26","10","0.005","0.29","3","0.5","0.05","1","80","5","8","0","0.5","10","16","242","11.975206611570249","4.082644628099174"
"27","10","0.005","0.29","3","0.5","0.05","1","80","5","8","0","0.5","10","8","233","12.128755364806867","4.017167381974249"
"26","10","0.005","0.29","3","0.5","0.05","1","80","5","8","0","0.5","10","17","242","11.975206611570249","4.086776859504132"
"27","10","0.005","0.29","3","0.5","0.05","1","80","5","8","0","0.5","10","9","233","12.128755364806867","4.021459227467811"
"28","10","0.005","0.29","3","0.5","0.05","1","80","5","8","0","0.5","10","7","229","12.139737991266376","4.039301310043668"
"26","10","0.005","0.29","3","0.5","0.05","1","80","5","8","0","0.5","10","18","242","11.975206611570249","4.086776859504132"
"23","10","0.005","0.29","3","0.5","0.05","1","80","5","8","0","0.5","10","118","268","11.044776119402986","4.126865671641791"
"28","10","0.005","0.29","3","0.5","0.05","1","80","5","8","0","0.5","10","8","229","12.139737991266376","4.039301310043668"
"23","10","0.005","0.29","3","0.5","0.05","1","80","5","8","0","0.5","10","119","268","11.044776119402986","4.126865671641791"
"25","10","0.005","0.29","3","0.5","0.05","1","80","5","8","0","0.5","10","22","256","11.7734375","3.9140625"
"28","10","0.005","0.29","3","0.5","0.05","1","80","5","8","0","0.5","10","9","228","12.105263157894736","4.0394736842105265"
"23","10","0.005","0.29","3","0.5","0.05","1","80","5","8","0","0.5","10","120","268","11.044776119402986","4.126865671641791"
"24","10","0.005","0.29","3","0.5","0.05","1","80","5","8","0","0.5","10","97","289","11.176470588235293","3.8823529411764706"
"25","10","0.005","0.29","3","0.5","0.05","1","80","5","8","0","0.5","10","23","255","11.709803921568627","3.9137254901960783"
"27","10","0.005","0.29","3","0.5","0.05","1","80","5","8","0","0.5","10","10","232","12.189655172413794","4.021551724137931"
"26","10","0.005","0.29","3","0.5","0.05","1","80","5","8","0","0.5","10","19","240","12","4.083333333333333"
"25","10","0.005","0.29","3","0.5","0.05","1","80","5","8","0","0.5","10","24","253","11.604743083003953","3.909090909090909"
"24","10","0.005","0.29","3","0.5","0.05","1","80","5","8","0","0.5","10","98","288","11.131944444444445","4.059027777777778"
"27","10","0.005","0.29","3","0.5","0.05","1","80","5","8","0","0.5","10","11","232","12.189655172413794","4.021551724137931"
"26","10","0.005","0.29","3","0.5","0.05","1","80","5","8","0","0.5","10","20","240","12","4.079166666666667"
"28","10","0.005","0.29","3","0.5","0.05","1","80","5","8","0","0.5","10","10","228","12.236842105263158","4.0394736842105265"
"24","10","0.005","0.29","3","0.5","0.05","1","80","5","8","0","0.5","10","99","286","11.083916083916083","4.0524475524475525"
"27","10","0.005","0.29","3","0.5","0.05","1","80","5","8","0","0.5","10","12","232","12.189655172413794","4.021551724137931"
"26","10","0.005","0.29","3","0.5","0.05","1","80","5","8","0","0.5","10","21","239","11.93305439330544","4.079497907949791"
"28","10","0.005","0.29","3","0.5","0.05","1","80","5","8","0","0.5","10","11","227","12.185022026431717","4.039647577092511"
"28","10","0.005","0.29","3","0.5","0.05","1","80","5","8","0","0.5","10","12","226","12.132743362831858","4.039823008849558"
"26","10","0.005","0.29","3","0.5","0.05","1","80","5","8","0","0.5","10","22","239","12.083682008368202","4.079497907949791"
"24","10","0.005","0.29","3","0.5","0.05","1","80","5","8","0","0.5","10","100","286","11.167832167832168","4.055944055944056"
"27","10","0.005","0.29","3","0.5","0.05","1","80","5","8","0","0.5","10","13","248","11.935483870967742","3.7298387096774195"
"25","10","0.005","0.29","3","0.5","0.05","1","80","5","8","0","0.5","10","25","260","11.861538461538462","3.7846153846153845"
"26","10","0.005","0.29","3","0.5","0.05","1","80","5","8","0","0.5","10","23","237","12","4.080168776371308"
"29","10","0.005","0.29","3","0.5","0.05","1","80","5","8","0","0.5","10","0","253","11.936758893280633","3.932806324110672"
"24","10","0.005","0.29","3","0.5","0.05","1","80","5","8","0","0.5","10","101","285","11.115789473684211","4.063157894736842"
"27","10","0.005","0.29","3","0.5","0.05","1","80","5","8","0","0.5","10","14","248","11.935483870967742","4.008064516129032"
"28","10","0.005","0.29","3","0.5","0.05","1","80","5","8","0","0.5","10","13","243","11.925925925925926","3.757201646090535"
"26","10","0.005","0.29","3","0.5","0.05","1","80","5","8","0","0.5","10","24","235","11.914893617021276","4.080851063829787"
"25","10","0.005","0.29","3","0.5","0.05","1","80","5","8","0","0.5","10","26","260","11.861538461538462","3.9076923076923076"
"24","10","0.005","0.29","3","0.5","0.05","1","80","5","8","0","0.5","10","102","284","11.084507042253522","4.070422535211268"
"28","10","0.005","0.29","3","0.5","0.05","1","80","5","8","0","0.5","10","14","241","11.892116182572614","4.078838174273859"
"27","10","0.005","0.29","3","0.5","0.05","1","80","5","8","0","0.5","10","15","247","11.870445344129555","3.9919028340080973"
"25","10","0.005","0.29","3","0.5","0.05","1","80","5","8","0","0.5","10","27","260","11.861538461538462","3.9076923076923076"
"28","10","0.005","0.29","3","0.5","0.05","1","80","5","8","0","0.5","10","15","241","11.892116182572614","4.087136929460581"
"27","10","0.005","0.29","3","0.5","0.05","1","80","5","8","0","0.5","10","16","247","11.910931174089068","4.004048582995951"
"25","10","0.005","0.29","3","0.5","0.05","1","80","5","8","0","0.5","10","28","256","11.71875","3.91015625"
"29","10","0.005","0.29","3","0.5","0.05","1","80","5","8","0","0.5","10","1","253","12.08695652173913","3.9683794466403164"
"24","10","0.005","0.29","3","0.5","0.05","1","80","5","8","0","0.5","10","103","281","11.017793594306049","4.067615658362989"
"27","10","0.005","0.29","3","0.5","0.05","1","80","5","8","0","0.5","10","17","245","11.787755102040816","3.9918367346938775"
"28","10","0.005","0.29","3","0.5","0.05","1","80","5","8","0","0.5","10","16","239","11.849372384937238","4.087866108786611"
"25","10","0.005","0.29","3","0.5","0.05","1","80","5","8","0","0.5","10","29","255","11.670588235294117","3.9176470588235293"
"29","10","0.005","0.29","3","0.5","0.05","1","80","5","8","0","0.5","10","2","251","12","3.9163346613545817"
"26","10","0.005","0.29","3","0.5","0.05","1","80","5","8","0","0.5","10","25","252","11.738095238095237","3.7896825396825395"
"27","10","0.005","0.29","3","0.5","0.05","1","80","5","8","0","0.5","10","18","244","11.729508196721312","4.004098360655738"
"24","10","0.005","0.29","3","0.5","0.05","1","80","5","8","0","0.5","10","104","279","10.931899641577061","4.07168458781362"
"28","10","0.005","0.29","3","0.5","0.05","1","80","5","8","0","0.5","10","17","238","11.789915966386555","4.088235294117647"
"25","10","0.005","0.29","3","0.5","0.05","1","80","5","8","0","0.5","10","30","253","11.549407114624506","3.91699604743083"
"29","10","0.005","0.29","3","0.5","0.05","1","80","5","8","0","0.5","10","3","250","11.96","3.94"
"26","10","0.005","0.29","3","0.5","0.05","1","80","5","8","0","0.5","10","26","250","11.648","4.084"
"28","10","0.005","0.29","3","0.5","0.05","1","80","5","8","0","0.5","10","18","238","11.789915966386555","4.088235294117647"
"24","10","0.005","0.29","3","0.5","0.05","1","80","5","8","0","0.5","10","105","277","10.830324909747292","4.068592057761733"
"26","10","0.005","0.29","3","0.5","0.05","1","80","5","8","0","0.5","10","27","250","11.648","4.072"
"27","10","0.005","0.29","3","0.5","0.05","1","80","5","8","0","0.5","10","19","241","11.701244813278008","3.991701244813278"
"27","10","0.005","0.29","3","0.5","0.05","1","80","5","8","0","0.5","10","20","240","11.666666666666666","4.004166666666666"
"25","10","0.005","0.29","3","0.5","0.05","1","80","5","8","0","0.5","10","31","253","11.73913043478261","3.91699604743083"
"28","10","0.005","0.29","3","0.5","0.05","1","80","5","8","0","0.5","10","19","238","11.915966386554622","4.088235294117647"
"26","10","0.005","0.29","3","0.5","0.05","1","80","5","8","0","0.5","10","28","249","11.686746987951807","4.076305220883534"
"27","10","0.005","0.29","3","0.5","0.05","1","80","5","8","0","0.5","10","21","239","11.631799163179917","3.99163179916318"
"26","10","0.005","0.29","3","0.5","0.05","1","80","5","8","0","0.5","10","29","248","11.637096774193548","4.07258064516129"
"29","10","0.005","0.29","3","0.5","0.05","1","80","5","8","0","0.5","10","4","249","12.10441767068273","3.9437751004016066"
"25","10","0.005","0.29","3","0.5","0.05","1","80","5","8","0","0.5","10","32","253","11.73913043478261","3.91699604743083"
"28","10","0.005","0.29","3","0.5","0.05","1","80","5","8","0","0.5","10","20","238","11.915966386554622","4.088235294117647"
"26","10","0.005","0.29","3","0.5","0.05","1","80","5","8","0","0.5","10","30","247","11.587044534412955","4.0728744939271255"
"29","10","0.005","0.29","3","0.5","0.05","1","80","5","8","0","0.5","10","5","247","12.016194331983806","3.9433198380566803"
"24","10","0.005","0.29","3","0.5","0.05","1","80","5","8","0","0.5","10","106","276","10.927536231884059","4.072463768115942"
"28","10","0.005","0.29","3","0.5","0.05","1","80","5","8","0","0.5","10","21","238","11.915966386554622","4.088235294117647"
"25","10","0.005","0.29","3","0.5","0.05","1","80","5","8","0","0.5","10","33","251","11.649402390438247","3.9163346613545817"
"24","10","0.005","0.29","3","0.5","0.05","1","80","5","8","0","0.5","10","107","274","10.83941605839416","4.069343065693431"
"29","10","0.005","0.29","3","0.5","0.05","1","80","5","8","0","0.5","10","6","246","11.951219512195122","3.9430894308943087"
"24","10","0.005","0.29","3","0.5","0.05","1","80","5","8","0","0.5","10","108","274","10.83941605839416","4.072992700729927"
"27","10","0.005","0.29","3","0.5","0.05","1","80","5","8","0","0.5","10","22","238","11.789915966386555","4.004201680672269"
"28","10","0.005","0.29","3","0.5","0.05","1","80","5","8","0","0.5","10","22","237","11.932489451476794","4.0886075949367084"
"26","10","0.005","0.29","3","0.5","0.05","1","80","5","8","0","0.5","10","31","247","11.732793522267206","4.0728744939271255"
"28","10","0.005","0.29","3","0.5","0.05","1","80","5","8","0","0.5","10","23","237","11.932489451476794","4.0886075949367084"
"26","10","0.005","0.29","3","0.5","0.05","1","80","5","8","0","0.5","10","32","245","11.608163265306123","4.073469387755102"
"27","10","0.005","0.29","3","0.5","0.05","1","80","5","8","0","0.5","10","23","236","11.694915254237289","4"
"25","10","0.005","0.29","3","0.5","0.05","1","80","5","8","0","0.5","10","34","251","11.776892430278885","3.9163346613545817"
"28","10","0.005","0.29","3","0.5","0.05","1","80","5","8","0","0.5","10","24","237","11.932489451476794","4.0886075949367084"
"26","10","0.005","0.29","3","0.5","0.05","1","80","5","8","0","0.5","10","33","245","11.608163265306123","4.073469387755102"
"27","10","0.005","0.29","3","0.5","0.05","1","80","5","8","0","0.5","10","24","236","11.694915254237289","4.004237288135593"
"25","10","0.005","0.29","3","0.5","0.05","1","80","5","8","0","0.5","10","35","251","11.776892430278885","3.9163346613545817"
"29","10","0.005","0.29","3","0.5","0.05","1","80","5","8","0","0.5","10","7","244","12.131147540983607","3.942622950819672"
"25","10","0.005","0.29","3","0.5","0.05","1","80","5","8","0","0.5","10","36","251","11.776892430278885","3.9163346613545817"
"29","10","0.005","0.29","3","0.5","0.05","1","80","5","8","0","0.5","10","8","243","12.08230452674897","3.94238683127572"
"29","10","0.005","0.29","3","0.5","0.05","1","80","5","8","0","0.5","10","9","241","11.966804979253112","3.9419087136929463"
"26","10","0.005","0.29","3","0.5","0.05","1","80","5","8","0","0.5","10","34","245","11.738775510204082","4.073469387755102"
"28","10","0.005","0.29","3","0.5","0.05","1","80","5","8","0","0.5","10","25","258","11.635658914728682","3.74031007751938"
"24","10","0.005","0.29","3","0.5","0.05","1","80","5","8","0","0.5","10","109","297","10.787878787878787","3.740740740740741"
"26","10","0.005","0.29","3","0.5","0.05","1","80","5","8","0","0.5","10","35","244","11.680327868852459","4.073770491803279"
"27","10","0.005","0.29","3","0.5","0.05","1","80","5","8","0","0.5","10","25","255","11.662745098039215","3.7019607843137257"
"28","10","0.005","0.29","3","0.5","0.05","1","80","5","8","0","0.5","10","26","258","11.635658914728682","4.0852713178294575"
"26","10","0.005","0.29","3","0.5","0.05","1","80","5","8","0","0.5","10","36","244","11.680327868852459","4.073770491803279"
"24","10","0.005","0.29","3","0.5","0.05","1","80","5","8","0","0.5","10","110","296","10.743243243243244","4.094594594594595"
"27","10","0.005","0.29","3","0.5","0.05","1","80","5","8","0","0.5","10","26","254","11.622047244094489","3.9881889763779528"
"28","10","0.005","0.29","3","0.5","0.05","1","80","5","8","0","0.5","10","27","258","11.635658914728682","4.089147286821706"
"25","10","0.005","0.29","3","0.5","0.05","1","80","5","8","0","0.5","10","37","260","11.815384615384616","3.7846153846153845"
"24","10","0.005","0.29","3","0.5","0.05","1","80","5","8","0","0.5","10","111","296","10.743243243243244","4.087837837837838"
"27","10","0.005","0.29","3","0.5","0.05","1","80","5","8","0","0.5","10","27","254","11.622047244094489","3.9803149606299213"
"25","10","0.005","0.29","3","0.5","0.05","1","80","5","8","0","0.5","10","38","257","11.680933852140077","3.9416342412451364"
"29","10","0.005","0.29","3","0.5","0.05","1","80","5","8","0","0.5","10","10","239","12.05857740585774","3.9456066945606696"
"25","10","0.005","0.29","3","0.5","0.05","1","80","5","8","0","0.5","10","39","255","11.576470588235294","3.933333333333333"
"29","10","0.005","0.29","3","0.5","0.05","1","80","5","8","0","0.5","10","11","235","11.838297872340426","3.9446808510638296"
"29","10","0.005","0.29","3","0.5","0.05","1","80","5","8","0","0.5","10","12","234","11.786324786324787","3.9444444444444446"
"28","10","0.005","0.29","3","0.5","0.05","1","80","5","8","0","0.5","10","28","257","11.688715953307392","4.081712062256809"
"27","10","0.005","0.29","3","0.5","0.05","1","80","5","8","0","0.5","10","28","253","11.644268774703557","3.992094861660079"
"26","10","0.005","0.29","3","0.5","0.05","1","80","5","8","0","0.5","10","37","264","11.545454545454545","3.765151515151515"
"28","10","0.005","0.29","3","0.5","0.05","1","80","5","8","0","0.5","10","29","254","11.559055118110237","4.082677165354331"
"24","10","0.005","0.29","3","0.5","0.05","1","80","5","8","0","0.5","10","112","294","10.727891156462585","4.085034013605442"
"27","10","0.005","0.29","3","0.5","0.05","1","80","5","8","0","0.5","10","29","252","11.595238095238095","3.9801587301587302"
"28","10","0.005","0.29","3","0.5","0.05","1","80","5","8","0","0.5","10","30","253","11.517786561264822","4.07905138339921"
"26","10","0.005","0.29","3","0.5","0.05","1","80","5","8","0","0.5","10","38","264","11.545454545454545","4.1022727272727275"
"24","10","0.005","0.29","3","0.5","0.05","1","80","5","8","0","0.5","10","113","294","10.727891156462585","4.081632653061225"
"27","10","0.005","0.29","3","0.5","0.05","1","80","5","8","0","0.5","10","30","251","11.54581673306773","3.9880478087649402"
"26","10","0.005","0.29","3","0.5","0.05","1","80","5","8","0","0.5","10","39","264","11.545454545454545","4.1022727272727275"
"25","10","0.005","0.29","3","0.5","0.05","1","80","5","8","0","0.5","10","40","255","11.749019607843136","3.933333333333333"
"24","10","0.005","0.29","3","0.5","0.05","1","80","5","8","0","0.5","10","114","293","10.737201365187714","4.085324232081911"
"25","10","0.005","0.29","3","0.5","0.05","1","80","5","8","0","0.5","10","41","254","11.68503937007874","3.9330708661417324"
"25","10","0.005","0.29","3","0.5","0.05","1","80","5","8","0","0.5","10","42","254","11.68503937007874","3.9330708661417324"
"27","10","0.005","0.29","3","0.5","0.05","1","80","5","8","0","0.5","10","31","249","11.566265060240964","3.9799196787148596"
"26","10","0.005","0.29","3","0.5","0.05","1","80","5","8","0","0.5","10","40","264","11.583333333333334","4.1022727272727275"
"29","10","0.005","0.29","3","0.5","0.05","1","80","5","8","0","0.5","10","13","252","11.753968253968255","3.6468253968253967"
"28","10","0.005","0.29","3","0.5","0.05","1","80","5","8","0","0.5","10","31","251","11.585657370517929","4.075697211155378"
"27","10","0.005","0.29","3","0.5","0.05","1","80","5","8","0","0.5","10","32","248","11.508064516129032","3.9838709677419355"
"26","10","0.005","0.29","3","0.5","0.05","1","80","5","8","0","0.5","10","41","264","11.583333333333334","4.1022727272727275"
"29","10","0.005","0.29","3","0.5","0.05","1","80","5","8","0","0.5","10","14","252","11.753968253968255","3.9682539682539684"
"24","10","0.005","0.29","3","0.5","0.05","1","80","5","8","0","0.5","10","115","291","10.742268041237113","4.082474226804123"
"27","10","0.005","0.29","3","0.5","0.05","1","80","5","8","0","0.5","10","33","248","11.508064516129032","3.9798387096774195"
"28","10","0.005","0.29","3","0.5","0.05","1","80","5","8","0","0.5","10","32","250","11.544","4.076"
"26","10","0.005","0.29","3","0.5","0.05","1","80","5","8","0","0.5","10","42","262","11.458015267175572","4.103053435114504"
"29","10","0.005","0.29","3","0.5","0.05","1","80","5","8","0","0.5","10","15","251","11.752988047808765","3.9721115537848606"
"24","10","0.005","0.29","3","0.5","0.05","1","80","5","8","0","0.5","10","116","289","10.719723183391004","4.083044982698962"
"25","10","0.005","0.29","3","0.5","0.05","1","80","5","8","0","0.5","10","43","251","11.633466135458168","3.9322709163346614"
"28","10","0.005","0.29","3","0.5","0.05","1","80","5","8","0","0.5","10","33","250","11.544","4.076"
"24","10","0.005","0.29","3","0.5","0.05","1","80","5","8","0","0.5","10","117","285","10.554385964912282","4.080701754385965"
"25","10","0.005","0.29","3","0.5","0.05","1","80","5","8","0","0.5","10","44","250","11.584","3.932"
"25","10","0.005","0.29","3","0.5","0.05","1","80","5","8","0","0.5","10","45","250","11.584","3.932"
"27","10","0.005","0.29","3","0.5","0.05","1","80","5","8","0","0.5","10","34","247","11.619433198380566","3.983805668016194"
"29","10","0.005","0.29","3","0.5","0.05","1","80","5","8","0","0.5","10","16","250","11.768","3.976"
"26","10","0.005","0.29","3","0.5","0.05","1","80","5","8","0","0.5","10","43","260","11.446153846153846","4.1038461538461535"
"27","10","0.005","0.29","3","0.5","0.05","1","80","5","8","0","0.5","10","35","246","11.577235772357724","3.9796747967479673"
"29","10","0.005","0.29","3","0.5","0.05","1","80","5","8","0","0.5","10","17","248","11.725806451612904","3.967741935483871"
"26","10","0.005","0.29","3","0.5","0.05","1","80","5","8","0","0.5","10","44","260","11.446153846153846","4.1"
"28","10","0.005","0.29","3","0.5","0.05","1","80","5","8","0","0.5","10","34","249","11.646586345381525","4.076305220883534"
"27","10","0.005","0.29","3","0.5","0.05","1","80","5","8","0","0.5","10","36","245","11.510204081632653","3.983673469387755"
"29","10","0.005","0.29","3","0.5","0.05","1","80","5","8","0","0.5","10","18","248","11.725806451612904","3.963709677419355"
"26","10","0.005","0.29","3","0.5","0.05","1","80","5","8","0","0.5","10","45","260","11.446153846153846","4.1038461538461535"
"28","10","0.005","0.29","3","0.5","0.05","1","80","5","8","0","0.5","10","35","248","11.60483870967742","4.076612903225806"
"28","10","0.005","0.29","3","0.5","0.05","1","80","5","8","0","0.5","10","36","248","11.60483870967742","4.076612903225806"
"24","10","0.005","0.29","3","0.5","0.05","1","80","5","8","0","0.5","10","118","284","10.704225352112676","4.084507042253521"
"25","10","0.005","0.29","3","0.5","0.05","1","80","5","8","0","0.5","10","46","248","11.64516129032258","3.931451612903226"
"24","10","0.005","0.29","3","0.5","0.05","1","80","5","8","0","0.5","10","119","282","10.638297872340425","4.081560283687943"
"25","10","0.005","0.29","3","0.5","0.05","1","80","5","8","0","0.5","10","47","248","11.64516129032258","3.931451612903226"
"29","10","0.005","0.29","3","0.5","0.05","1","80","5","8","0","0.5","10","19","247","11.805668016194332","3.9635627530364372"
"24","10","0.005","0.29","3","0.5","0.05","1","80","5","8","0","0.5","10","120","280","10.535714285714286","4.082142857142857"
"25","10","0.005","0.29","3","0.5","0.05","1","80","5","8","0","0.5","10","48","246","11.544715447154472","3.930894308943089"
"26","10","0.005","0.29","3","0.5","0.05","1","80","5","8","0","0.5","10","46","260","11.569230769230769","4.1"
"29","10","0.005","0.29","3","0.5","0.05","1","80","5","8","0","0.5","10","20","247","11.805668016194332","3.9635627530364372"
"26","10","0.005","0.29","3","0.5","0.05","1","80","5","8","0","0.5","10","47","259","11.513513513513514","4.100386100386101"
"29","10","0.005","0.29","3","0.5","0.05","1","80","5","8","0","0.5","10","21","243","11.604938271604938","3.962962962962963"
"27","10","0.005","0.29","3","0.5","0.05","1","80","5","8","0","0.5","10","37","257","11.673151750972762","3.7782101167315174"
"26","10","0.005","0.29","3","0.5","0.05","1","80","5","8","0","0.5","10","48","257","11.392996108949417","4.101167315175097"
"27","10","0.005","0.29","3","0.5","0.05","1","80","5","8","0","0.5","10","38","256","11.6171875","3.98046875"
"27","10","0.005","0.29","3","0.5","0.05","1","80","5","8","0","0.5","10","39","256","11.6171875","3.97265625"
"28","10","0.005","0.29","3","0.5","0.05","1","80","5","8","0","0.5","10","37","256","11.7265625","3.93359375"
"28","10","0.005","0.29","3","0.5","0.05","1","80","5","8","0","0.5","10","38","256","11.7265625","4.09375"
"29","10","0.005","0.29","3","0.5","0.05","1","80","5","8","0","0.5","10","22","242","11.661157024793388","3.9628099173553717"
"28","10","0.005","0.29","3","0.5","0.05","1","80","5","8","0","0.5","10","39","255","11.701960784313725","4.090196078431372"
"29","10","0.005","0.29","3","0.5","0.05","1","80","5","8","0","0.5","10","23","242","11.661157024793388","3.9628099173553717"
"30","10","0.005","0.29","3","0.5","0.05","1","80","5","8","0","0.5","10","0","245","11.893877551020408","3.877551020408163"
"27","10","0.005","0.29","3","0.5","0.05","1","80","5","8","0","0.5","10","40","255","11.694117647058823","3.9607843137254903"
"25","10","0.005","0.29","3","0.5","0.05","1","80","5","8","0","0.5","10","49","258","11.65891472868217","3.748062015503876"
"29","10","0.005","0.29","3","0.5","0.05","1","80","5","8","0","0.5","10","24","241","11.601659751037344","3.962655601659751"
"27","10","0.005","0.29","3","0.5","0.05","1","80","5","8","0","0.5","10","41","255","11.694117647058823","3.9568627450980394"
"25","10","0.005","0.29","3","0.5","0.05","1","80","5","8","0","0.5","10","50","257","11.59533073929961","3.922178988326848"
"26","10","0.005","0.29","3","0.5","0.05","1","80","5","8","0","0.5","10","49","263","11.627376425855513","3.988593155893536"
"25","10","0.005","0.29","3","0.5","0.05","1","80","5","8","0","0.5","10","51","255","11.505882352941176","3.925490196078431"
"27","10","0.005","0.29","3","0.5","0.05","1","80","5","8","0","0.5","10","42","255","11.694117647058823","3.9568627450980394"
"28","10","0.005","0.29","3","0.5","0.05","1","80","5","8","0","0.5","10","40","255","11.780392156862746","4.090196078431372"
"26","10","0.005","0.29","3","0.5","0.05","1","80","5","8","0","0.5","10","50","262","11.580152671755725","4.068702290076335"
"26","10","0.005","0.29","3","0.5","0.05","1","80","5","8","0","0.5","10","51","261","11.563218390804598","4.0727969348659006"
"28","10","0.005","0.29","3","0.5","0.05","1","80","5","8","0","0.5","10","41","255","11.780392156862746","4.090196078431372"
"30","10","0.005","0.29","3","0.5","0.05","1","80","5","8","0","0.5","10","1","243","12.024691358024691","4.053497942386831"
"28","10","0.005","0.29","3","0.5","0.05","1","80","5","8","0","0.5","10","42","253","11.683794466403162","4.090909090909091"
"27","10","0.005","0.29","3","0.5","0.05","1","80","5","8","0","0.5","10","43","254","11.68503937007874","3.956692913385827"
"30","10","0.005","0.29","3","0.5","0.05","1","80","5","8","0","0.5","10","2","243","12.024691358024691","4.049382716049383"
"25","10","0.005","0.29","3","0.5","0.05","1","80","5","8","0","0.5","10","52","255","11.615686274509804","3.929411764705882"
"27","10","0.005","0.29","3","0.5","0.05","1","80","5","8","0","0.5","10","44","254","11.68503937007874","3.956692913385827"
"30","10","0.005","0.29","3","0.5","0.05","1","80","5","8","0","0.5","10","3","243","12.024691358024691","4.045267489711934"
"25","10","0.005","0.29","3","0.5","0.05","1","80","5","8","0","0.5","10","53","255","11.615686274509804","3.929411764705882"
"29","10","0.005","0.29","3","0.5","0.05","1","80","5","8","0","0.5","10","25","262","11.442748091603054","3.645038167938931"
"27","10","0.005","0.29","3","0.5","0.05","1","80","5","8","0","0.5","10","45","252","11.571428571428571","3.9563492063492065"
"26","10","0.005","0.29","3","0.5","0.05","1","80","5","8","0","0.5","10","52","260","11.6","4.061538461538461"
"29","10","0.005","0.29","3","0.5","0.05","1","80","5","8","0","0.5","10","26","262","11.442748091603054","3.935114503816794"
"25","10","0.005","0.29","3","0.5","0.05","1","80","5","8","0","0.5","10","54","254","11.5748031496063","3.9291338582677167"
"28","10","0.005","0.29","3","0.5","0.05","1","80","5","8","0","0.5","10","43","251","11.641434262948207","4.091633466135458"
"26","10","0.005","0.29","3","0.5","0.05","1","80","5","8","0","0.5","10","53","259","11.583011583011583","4.061776061776062"
"29","10","0.005","0.29","3","0.5","0.05","1","80","5","8","0","0.5","10","27","261","11.39463601532567","3.942528735632184"
"28","10","0.005","0.29","3","0.5","0.05","1","80","5","8","0","0.5","10","44","250","11.576","4.092"
"26","10","0.005","0.29","3","0.5","0.05","1","80","5","8","0","0.5","10","54","258","11.534883720930232","4.065891472868217"
"28","10","0.005","0.29","3","0.5","0.05","1","80","5","8","0","0.5","10","45","248","11.46774193548387","4.084677419354839"
"27","10","0.005","0.29","3","0.5","0.05","1","80","5","8","0","0.5","10","46","252","11.666666666666666","3.9563492063492065"
"30","10","0.005","0.29","3","0.5","0.05","1","80","5","8","0","0.5","10","4","243","12.222222222222221","4.049382716049383"
"25","10","0.005","0.29","3","0.5","0.05","1","80","5","8","0","0.5","10","55","253","11.596837944664031","3.9288537549407114"
"27","10","0.005","0.29","3","0.5","0.05","1","80","5","8","0","0.5","10","47","251","11.609561752988048","3.956175298804781"
"29","10","0.005","0.29","3","0.5","0.05","1","80","5","8","0","0.5","10","28","258","11.348837209302326","3.934108527131783"
"30","10","0.005","0.29","3","0.5","0.05","1","80","5","8","0","0.5","10","5","242","12.15702479338843","4.045454545454546"
"25","10","0.005","0.29","3","0.5","0.05","1","80","5","8","0","0.5","10","56","253","11.596837944664031","3.9288537549407114"
"27","10","0.005","0.29","3","0.5","0.05","1","80","5","8","0","0.5","10","48","250","11.552","3.96"
"30","10","0.005","0.29","3","0.5","0.05","1","80","5","8","0","0.5","10","6","241","12.099585062240664","4.045643153526971"
"26","10","0.005","0.29","3","0.5","0.05","1","80","5","8","0","0.5","10","55","258","11.635658914728682","4.065891472868217"
"29","10","0.005","0.29","3","0.5","0.05","1","80","5","8","0","0.5","10","29","258","11.348837209302326","3.9302325581395348"
"25","10","0.005","0.29","3","0.5","0.05","1","80","5","8","0","0.5","10","57","251","11.52191235059761","3.9322709163346614"
"26","10","0.005","0.29","3","0.5","0.05","1","80","5","8","0","0.5","10","56","257","11.59533073929961","4.0778210116731515"
"29","10","0.005","0.29","3","0.5","0.05","1","80","5","8","0","0.5","10","30","258","11.348837209302326","3.9302325581395348"
"28","10","0.005","0.29","3","0.5","0.05","1","80","5","8","0","0.5","10","46","248","11.685483870967742","4.076612903225806"
"26","10","0.005","0.29","3","0.5","0.05","1","80","5","8","0","0.5","10","57","257","11.59533073929961","4.0778210116731515"
"28","10","0.005","0.29","3","0.5","0.05","1","80","5","8","0","0.5","10","47","247","11.635627530364372","4.0728744939271255"
"28","10","0.005","0.29","3","0.5","0.05","1","80","5","8","0","0.5","10","48","247","11.635627530364372","4.0728744939271255"
"30","10","0.005","0.29","3","0.5","0.05","1","80","5","8","0","0.5","10","7","241","12.240663900414937","4.045643153526971"
"30","10","0.005","0.29","3","0.5","0.05","1","80","5","8","0","0.5","10","8","239","12.150627615062762","4.041841004184101"
"25","10","0.005","0.29","3","0.5","0.05","1","80","5","8","0","0.5","10","58","249","11.542168674698795","3.9357429718875503"
"29","10","0.005","0.29","3","0.5","0.05","1","80","5","8","0","0.5","10","31","257","11.447470817120623","3.9299610894941632"
"27","10","0.005","0.29","3","0.5","0.05","1","80","5","8","0","0.5","10","49","269","11.293680297397769","3.6356877323420074"
"26","10","0.005","0.29","3","0.5","0.05","1","80","5","8","0","0.5","10","58","256","11.6328125","4.0859375"
"30","10","0.005","0.29","3","0.5","0.05","1","80","5","8","0","0.5","10","9","239","12.150627615062762","4.041841004184101"
"25","10","0.005","0.29","3","0.5","0.05","1","80","5","8","0","0.5","10","59","248","11.524193548387096","3.939516129032258"
"29","10","0.005","0.29","3","0.5","0.05","1","80","5","8","0","0.5","10","32","256","11.4375","3.9296875"
"26","10","0.005","0.29","3","0.5","0.05","1","80","5","8","0","0.5","10","59","256","11.6328125","4.08203125"
"27","10","0.005","0.29","3","0.5","0.05","1","80","5","8","0","0.5","10","50","268","11.313432835820896","3.9738805970149254"
"25","10","0.005","0.29","3","0.5","0.05","1","80","5","8","0","0.5","10","60","248","11.524193548387096","3.939516129032258"
"26","10","0.005","0.29","3","0.5","0.05","1","80","5","8","0","0.5","10","60","256","11.6328125","4.08203125"
"29","10","0.005","0.29","3","0.5","0.05","1","80","5","8","0","0.5","10","33","256","11.4375","3.9296875"
"27","10","0.005","0.29","3","0.5","0.05","1","80","5","8","0","0.5","10","51","266","11.225563909774436","3.9586466165413534"
"28","10","0.005","0.29","3","0.5","0.05","1","80","5","8","0","0.5","10","49","269","11.41263940520446","3.7397769516728623"
"30","10","0.005","0.29","3","0.5","0.05","1","80","5","8","0","0.5","10","10","239","12.267782426778243","4.041841004184101"
"28","10","0.005","0.29","3","0.5","0.05","1","80","5","8","0","0.5","10","50","269","11.41263940520446","4.0817843866171"
"30","10","0.005","0.29","3","0.5","0.05","1","80","5","8","0","0.5","10","11","235","12.034042553191489","4.042553191489362"
"29","10","0.005","0.29","3","0.5","0.05","1","80","5","8","0","0.5","10","34","254","11.417322834645669","3.9291338582677167"
"27","10","0.005","0.29","3","0.5","0.05","1","80","5","8","0","0.5","10","52","266","11.368421052631579","3.9586466165413534"
"30","10","0.005","0.29","3","0.5","0.05","1","80","5","8","0","0.5","10","12","235","12.034042553191489","4.042553191489362"
"28","10","0.005","0.29","3","0.5","0.05","1","80","5","8","0","0.5","10","51","269","11.41263940520446","4.089219330855019"
"29","10","0.005","0.29","3","0.5","0.05","1","80","5","8","0","0.5","10","35","253","11.375494071146244","3.9288537549407114"
"27","10","0.005","0.29","3","0.5","0.05","1","80","5","8","0","0.5","10","53","264","11.318181818181818","3.9696969696969697"
"26","10","0.005","0.29","3","0.5","0.05","1","80","5","8","0","0.5","10","61","266","11.556390977443609","3.9097744360902253"
"25","10","0.005","0.29","3","0.5","0.05","1","80","5","8","0","0.5","10","61","259","11.613899613899614","3.7606177606177607"
"29","10","0.005","0.29","3","0.5","0.05","1","80","5","8","0","0.5","10","36","253","11.375494071146244","3.9288537549407114"
"27","10","0.005","0.29","3","0.5","0.05","1","80","5","8","0","0.5","10","54","263","11.269961977186313","3.9771863117870723"
"26","10","0.005","0.29","3","0.5","0.05","1","80","5","8","0","0.5","10","62","265","11.49433962264151","4.1056603773584905"
"25","10","0.005","0.29","3","0.5","0.05","1","80","5","8","0","0.5","10","62","258","11.550387596899224","4.003875968992248"
"28","10","0.005","0.29","3","0.5","0.05","1","80","5","8","0","0.5","10","52","269","11.509293680297398","4.08550185873606"
"26","10","0.005","0.29","3","0.5","0.05","1","80","5","8","0","0.5","10","63","262","11.34351145038168","4.122137404580153"
"25","10","0.005","0.29","3","0.5","0.05","1","80","5","8","0","0.5","10","63","256","11.4375","3.99609375"
"28","10","0.005","0.29","3","0.5","0.05","1","80","5","8","0","0.5","10","53","269","11.509293680297398","4.08550185873606"
"28","10","0.005","0.29","3","0.5","0.05","1","80","5","8","0","0.5","10","54","269","11.509293680297398","4.08550185873606"
"30","10","0.005","0.29","3","0.5","0.05","1","80","5","8","0","0.5","10","13","263","11.642585551330798","3.612167300380228"
"27","10","0.005","0.29","3","0.5","0.05","1","80","5","8","0","0.5","10","55","263","11.376425855513308","3.9771863117870723"
"26","10","0.005","0.29","3","0.5","0.05","1","80","5","8","0","0.5","10","64","262","11.511450381679388","4.122137404580153"
"27","10","0.005","0.29","3","0.5","0.05","1","80","5","8","0","0.5","10","56","262","11.320610687022901","3.9770992366412212"
"30","10","0.005","0.29","3","0.5","0.05","1","80","5","8","0","0.5","10","14","263","11.642585551330798","3.9847908745247147"
"28","10","0.005","0.29","3","0.5","0.05","1","80","5","8","0","0.5","10","55","269","11.605947955390334","4.089219330855019"
"25","10","0.005","0.29","3","0.5","0.05","1","80","5","8","0","0.5","10","64","255","11.56078431372549","4"
"26","10","0.005","0.29","3","0.5","0.05","1","80","5","8","0","0.5","10","65","259","11.366795366795367","4.127413127413128"
"27","10","0.005","0.29","3","0.5","0.05","1","80","5","8","0","0.5","10","57","262","11.320610687022901","3.9770992366412212"
"30","10","0.005","0.29","3","0.5","0.05","1","80","5","8","0","0.5","10","15","262","11.587786259541986","3.9885496183206106"
"29","10","0.005","0.29","3","0.5","0.05","1","80","5","8","0","0.5","10","37","264","11.583333333333334","3.75"
"28","10","0.005","0.29","3","0.5","0.05","1","80","5","8","0","0.5","10","56","268","11.574626865671641","4.085820895522388"
"26","10","0.005","0.29","3","0.5","0.05","1","80","5","8","0","0.5","10","66","257","11.268482490272374","4.128404669260701"
"25","10","0.005","0.29","3","0.5","0.05","1","80","5","8","0","0.5","10","65","255","11.56078431372549","3.996078431372549"
"29","10","0.005","0.29","3","0.5","0.05","1","80","5","8","0","0.5","10","38","264","11.583333333333334","3.9166666666666665"
"28","10","0.005","0.29","3","0.5","0.05","1","80","5","8","0","0.5","10","57","264","11.356060606060606","4.087121212121212"
"25","10","0.005","0.29","3","0.5","0.05","1","80","5","8","0","0.5","10","66","253","11.438735177865613","4"
"29","10","0.005","0.29","3","0.5","0.05","1","80","5","8","0","0.5","10","39","264","11.583333333333334","3.9166666666666665"
"30","10","0.005","0.29","3","0.5","0.05","1","80","5","8","0","0.5","10","16","261","11.632183908045977","3.9885057471264367"
"27","10","0.005","0.29","3","0.5","0.05","1","80","5","8","0","0.5","10","58","261","11.348659003831418","3.9731800766283527"
"30","10","0.005","0.29","3","0.5","0.05","1","80","5","8","0","0.5","10","17","261","11.632183908045977","3.9885057471264367"
"27","10","0.005","0.29","3","0.5","0.05","1","80","5","8","0","0.5","10","59","260","11.307692307692308","3.9653846153846155"
"26","10","0.005","0.29","3","0.5","0.05","1","80","5","8","0","0.5","10","67","255","11.372549019607844","4.12156862745098"
"27","10","0.005","0.29","3","0.5","0.05","1","80","5","8","0","0.5","10","60","260","11.307692307692308","3.9615384615384617"
"30","10","0.005","0.29","3","0.5","0.05","1","80","5","8","0","0.5","10","18","261","11.632183908045977","3.9885057471264367"
"29","10","0.005","0.29","3","0.5","0.05","1","80","5","8","0","0.5","10","40","261","11.46360153256705","3.9195402298850577"
"28","10","0.005","0.29","3","0.5","0.05","1","80","5","8","0","0.5","10","58","264","11.484848484848484","4.087121212121212"
"25","10","0.005","0.29","3","0.5","0.05","1","80","5","8","0","0.5","10","67","252","11.507936507936508","3.996031746031746"
"26","10","0.005","0.29","3","0.5","0.05","1","80","5","8","0","0.5","10","68","255","11.372549019607844","4.129411764705883"
"29","10","0.005","0.29","3","0.5","0.05","1","80","5","8","0","0.5","10","41","259","11.38996138996139","3.922779922779923"
"28","10","0.005","0.29","3","0.5","0.05","1","80","5","8","0","0.5","10","59","264","11.484848484848484","4.087121212121212"
"25","10","0.005","0.29","3","0.5","0.05","1","80","5","8","0","0.5","10","68","251","11.474103585657371","3.99601593625498"
"26","10","0.005","0.29","3","0.5","0.05","1","80","5","8","0","0.5","10","69","254","11.307086614173228","4.125984251968504"
"25","10","0.005","0.29","3","0.5","0.05","1","80","5","8","0","0.5","10","69","251","11.474103585657371","3.99601593625498"
"28","10","0.005","0.29","3","0.5","0.05","1","80","5","8","0","0.5","10","60","264","11.484848484848484","4.087121212121212"
"29","10","0.005","0.29","3","0.5","0.05","1","80","5","8","0","0.5","10","42","259","11.38996138996139","3.922779922779923"
"30","10","0.005","0.29","3","0.5","0.05","1","80","5","8","0","0.5","10","19","261","11.739463601532567","3.9885057471264367"
"30","10","0.005","0.29","3","0.5","0.05","1","80","5","8","0","0.5","10","20","260","11.684615384615384","3.9884615384615385"
"30","10","0.005","0.29","3","0.5","0.05","1","80","5","8","0","0.5","10","21","260","11.684615384615384","3.9884615384615385"
"26","10","0.005","0.29","3","0.5","0.05","1","80","5","8","0","0.5","10","70","253","11.40711462450593","4.134387351778656"
"27","10","0.005","0.29","3","0.5","0.05","1","80","5","8","0","0.5","10","61","276","11.369565217391305","3.7355072463768115"
"25","10","0.005","0.29","3","0.5","0.05","1","80","5","8","0","0.5","10","70","250","11.528","4"
"26","10","0.005","0.29","3","0.5","0.05","1","80","5","8","0","0.5","10","71","253","11.40711462450593","4.122529644268774"
"29","10","0.005","0.29","3","0.5","0.05","1","80","5","8","0","0.5","10","43","259","11.467181467181467","3.922779922779923"
"25","10","0.005","0.29","3","0.5","0.05","1","80","5","8","0","0.5","10","71","250","11.528","3.996"
"27","10","0.005","0.29","3","0.5","0.05","1","80","5","8","0","0.5","10","62","274","11.284671532846716","3.989051094890511"
"26","10","0.005","0.29","3","0.5","0.05","1","80","5","8","0","0.5","10","72","253","11.40711462450593","4.130434782608695"
"28","10","0.005","0.29","3","0.5","0.05","1","80","5","8","0","0.5","10","61","275","11.512727272727274","3.923636363636364"
"27","10","0.005","0.29","3","0.5","0.05","1","80","5","8","0","0.5","10","63","272","11.198529411764707","4"
"25","10","0.005","0.29","3","0.5","0.05","1","80","5","8","0","0.5","10","72","249","11.46987951807229","3.995983935742972"
"29","10","0.005","0.29","3","0.5","0.05","1","80","5","8","0","0.5","10","44","259","11.467181467181467","3.922779922779923"
"30","10","0.005","0.29","3","0.5","0.05","1","80","5","8","0","0.5","10","22","259","11.737451737451737","3.988416988416988"
"28","10","0.005","0.29","3","0.5","0.05","1","80","5","8","0","0.5","10","62","273","11.428571428571429","4.1098901098901095"
"29","10","0.005","0.29","3","0.5","0.05","1","80","5","8","0","0.5","10","45","259","11.467181467181467","3.922779922779923"
"28","10","0.005","0.29","3","0.5","0.05","1","80","5","8","0","0.5","10","63","273","11.428571428571429","4.113553113553113"
"30","10","0.005","0.29","3","0.5","0.05","1","80","5","8","0","0.5","10","23","259","11.737451737451737","3.988416988416988"
"30","10","0.005","0.29","3","0.5","0.05","1","80","5","8","0","0.5","10","24","258","11.674418604651162","3.988372093023256"
"26","10","0.005","0.29","3","0.5","0.05","1","80","5","8","0","0.5","10","73","271","11.350553505535055","3.848708487084871"
"27","10","0.005","0.29","3","0.5","0.05","1","80","5","8","0","0.5","10","64","272","11.367647058823529","4"
"28","10","0.005","0.29","3","0.5","0.05","1","80","5","8","0","0.5","10","64","272","11.477941176470589","4.110294117647059"
"29","10","0.005","0.29","3","0.5","0.05","1","80","5","8","0","0.5","10","46","259","11.567567567567568","3.922779922779923"
"26","10","0.005","0.29","3","0.5","0.05","1","80","5","8","0","0.5","10","74","270","11.28888888888889","4.0777777777777775"
"27","10","0.005","0.29","3","0.5","0.05","1","80","5","8","0","0.5","10","65","271","11.313653136531366","4"
"25","10","0.005","0.29","3","0.5","0.05","1","80","5","8","0","0.5","10","73","264","11.393939393939394","3.768939393939394"
"28","10","0.005","0.29","3","0.5","0.05","1","80","5","8","0","0.5","10","65","271","11.476014760147601","4.11070110701107"
"29","10","0.005","0.29","3","0.5","0.05","1","80","5","8","0","0.5","10","47","258","11.51937984496124","3.9263565891472867"
"27","10","0.005","0.29","3","0.5","0.05","1","80","5","8","0","0.5","10","66","270","11.25925925925926","4"
"26","10","0.005","0.29","3","0.5","0.05","1","80","5","8","0","0.5","10","75","268","11.194029850746269","4.082089552238806"
"25","10","0.005","0.29","3","0.5","0.05","1","80","5","8","0","0.5","10","74","262","11.282442748091603","4.034351145038168"
"25","10","0.005","0.29","3","0.5","0.05","1","80","5","8","0","0.5","10","75","259","11.135135135135135","4.046332046332046"
"28","10","0.005","0.29","3","0.5","0.05","1","80","5","8","0","0.5","10","66","270","11.414814814814815","4.111111111111111"
"29","10","0.005","0.29","3","0.5","0.05","1","80","5","8","0","0.5","10","48","256","11.421875","3.9296875"
"30","10","0.005","0.29","3","0.5","0.05","1","80","5","8","0","0.5","10","25","275","11.621818181818181","3.7418181818181817"
"30","10","0.005","0.29","3","0.5","0.05","1","80","5","8","0","0.5","10","26","275","11.621818181818181","3.9927272727272727"
"30","10","0.005","0.29","3","0.5","0.05","1","80","5","8","0","0.5","10","27","275","11.621818181818181","3.9890909090909092"
"26","10","0.005","0.29","3","0.5","0.05","1","80","5","8","0","0.5","10","76","267","11.220973782771535","4.086142322097379"
"27","10","0.005","0.29","3","0.5","0.05","1","80","5","8","0","0.5","10","67","266","11.218045112781954","4"
"26","10","0.005","0.29","3","0.5","0.05","1","80","5","8","0","0.5","10","77","266","11.172932330827068","4.082706766917293"
"25","10","0.005","0.29","3","0.5","0.05","1","80","5","8","0","0.5","10","76","258","11.232558139534884","4.034883720930233"
"27","10","0.005","0.29","3","0.5","0.05","1","80","5","8","0","0.5","10","68","264","11.143939393939394","4"
"26","10","0.005","0.29","3","0.5","0.05","1","80","5","8","0","0.5","10","78","266","11.172932330827068","4.082706766917293"
"25","10","0.005","0.29","3","0.5","0.05","1","80","5","8","0","0.5","10","77","256","11.140625","4.03515625"
"27","10","0.005","0.29","3","0.5","0.05","1","80","5","8","0","0.5","10","69","264","11.143939393939394","4"
"30","10","0.005","0.29","3","0.5","0.05","1","80","5","8","0","0.5","10","28","274","11.613138686131387","3.989051094890511"
"29","10","0.005","0.29","3","0.5","0.05","1","80","5","8","0","0.5","10","49","274","11.554744525547445","3.6715328467153285"
"25","10","0.005","0.29","3","0.5","0.05","1","80","5","8","0","0.5","10","78","256","11.140625","4.03515625"
"30","10","0.005","0.29","3","0.5","0.05","1","80","5","8","0","0.5","10","29","272","11.514705882352942","3.985294117647059"
"28","10","0.005","0.29","3","0.5","0.05","1","80","5","8","0","0.5","10","67","270","11.533333333333333","4.111111111111111"
"29","10","0.005","0.29","3","0.5","0.05","1","80","5","8","0","0.5","10","50","273","11.523809523809524","3.9853479853479854"
"30","10","0.005","0.29","3","0.5","0.05","1","80","5","8","0","0.5","10","30","271","11.453874538745387","3.985239852398524"
"28","10","0.005","0.29","3","0.5","0.05","1","80","5","8","0","0.5","10","68","268","11.455223880597014","4.119402985074627"
"29","10","0.005","0.29","3","0.5","0.05","1","80","5","8","0","0.5","10","51","272","11.477941176470589","3.9816176470588234"
"28","10","0.005","0.29","3","0.5","0.05","1","80","5","8","0","0.5","10","69","267","11.423220973782772","4.116104868913857"
"26","10","0.005","0.29","3","0.5","0.05","1","80","5","8","0","0.5","10","79","265","11.320754716981131","4.083018867924529"
"25","10","0.005","0.29","3","0.5","0.05","1","80","5","8","0","0.5","10","79","255","11.223529411764705","4.035294117647059"
"27","10","0.005","0.29","3","0.5","0.05","1","80","5","8","0","0.5","10","70","263","11.338403041825096","4"
"26","10","0.005","0.29","3","0.5","0.05","1","80","5","8","0","0.5","10","80","263","11.209125475285171","4.079847908745247"
"25","10","0.005","0.29","3","0.5","0.05","1","80","5","8","0","0.5","10","80","255","11.223529411764705","4.035294117647059"
"27","10","0.005","0.29","3","0.5","0.05","1","80","5","8","0","0.5","10","71","263","11.338403041825096","3.9961977186311786"
"26","10","0.005","0.29","3","0.5","0.05","1","80","5","8","0","0.5","10","81","263","11.209125475285171","4.091254752851711"
"25","10","0.005","0.29","3","0.5","0.05","1","80","5","8","0","0.5","10","81","254","11.173228346456693","4.039370078740157"
"30","10","0.005","0.29","3","0.5","0.05","1","80","5","8","0","0.5","10","31","271","11.564575645756458","3.985239852398524"
"27","10","0.005","0.29","3","0.5","0.05","1","80","5","8","0","0.5","10","72","261","11.256704980842912","4"
"29","10","0.005","0.29","3","0.5","0.05","1","80","5","8","0","0.5","10","52","271","11.505535055350553","3.985239852398524"
"30","10","0.005","0.29","3","0.5","0.05","1","80","5","8","0","0.5","10","32","270","11.518518518518519","3.9814814814814814"
"28","10","0.005","0.29","3","0.5","0.05","1","80","5","8","0","0.5","10","70","267","11.52808988764045","4.116104868913857"
"29","10","0.005","0.29","3","0.5","0.05","1","80","5","8","0","0.5","10","53","270","11.459259259259259","3.988888888888889"
"28","10","0.005","0.29","3","0.5","0.05","1","80","5","8","0","0.5","10","71","266","11.481203007518797","4.109022556390977"
"30","10","0.005","0.29","3","0.5","0.05","1","80","5","8","0","0.5","10","33","270","11.518518518518519","3.9814814814814814"
"29","10","0.005","0.29","3","0.5","0.05","1","80","5","8","0","0.5","10","54","270","11.459259259259259","3.9851851851851854"
"28","10","0.005","0.29","3","0.5","0.05","1","80","5","8","0","0.5","10","72","265","11.441509433962263","4.1169811320754715"
"26","10","0.005","0.29","3","0.5","0.05","1","80","5","8","0","0.5","10","82","260","11.176923076923076","4.088461538461538"
"25","10","0.005","0.29","3","0.5","0.05","1","80","5","8","0","0.5","10","82","253","11.233201581027668","4.0395256916996045"
"26","10","0.005","0.29","3","0.5","0.05","1","80","5","8","0","0.5","10","83","260","11.176923076923076","4.092307692307692"
"25","10","0.005","0.29","3","0.5","0.05","1","80","5","8","0","0.5","10","83","252","11.166666666666666","4.0436507936507935"
"26","10","0.005","0.29","3","0.5","0.05","1","80","5","8","0","0.5","10","84","258","11.124031007751938","4.089147286821706"
"27","10","0.005","0.29","3","0.5","0.05","1","80","5","8","0","0.5","10","73","269","11.442379182156134","3.8773234200743496"
"25","10","0.005","0.29","3","0.5","0.05","1","80","5","8","0","0.5","10","84","250","11.088","4.044"
"29","10","0.005","0.29","3","0.5","0.05","1","80","5","8","0","0.5","10","55","270","11.555555555555555","3.9851851851851854"
"30","10","0.005","0.29","3","0.5","0.05","1","80","5","8","0","0.5","10","34","269","11.643122676579926","3.9814126394052045"
"27","10","0.005","0.29","3","0.5","0.05","1","80","5","8","0","0.5","10","74","268","11.395522388059701","4.003731343283582"
"30","10","0.005","0.29","3","0.5","0.05","1","80","5","8","0","0.5","10","35","268","11.58955223880597","3.9813432835820897"
"29","10","0.005","0.29","3","0.5","0.05","1","80","5","8","0","0.5","10","56","269","11.553903345724907","3.9888475836431225"
"27","10","0.005","0.29","3","0.5","0.05","1","80","5","8","0","0.5","10","75","268","11.395522388059701","4"
"28","10","0.005","0.29","3","0.5","0.05","1","80","5","8","0","0.5","10","73","271","11.579335793357934","4.018450184501845"
"30","10","0.005","0.29","3","0.5","0.05","1","80","5","8","0","0.5","10","36","266","11.526315789473685","3.9774436090225564"
"29","10","0.005","0.29","3","0.5","0.05","1","80","5","8","0","0.5","10","57","268","11.5","3.985074626865672"
"28","10","0.005","0.29","3","0.5","0.05","1","80","5","8","0","0.5","10","74","270","11.525925925925925","4.107407407407408"
"28","10","0.005","0.29","3","0.5","0.05","1","80","5","8","0","0.5","10","75","269","11.472118959107807","4.107806691449814"
"26","10","0.005","0.29","3","0.5","0.05","1","80","5","8","0","0.5","10","85","269","11.368029739776953","3.925650557620818"
"27","10","0.005","0.29","3","0.5","0.05","1","80","5","8","0","0.5","10","76","267","11.393258426966293","4.00374531835206"
"25","10","0.005","0.29","3","0.5","0.05","1","80","5","8","0","0.5","10","85","267","11.213483146067416","3.7715355805243447"
"29","10","0.005","0.29","3","0.5","0.05","1","80","5","8","0","0.5","10","58","267","11.573033707865168","3.9887640449438204"
"26","10","0.005","0.29","3","0.5","0.05","1","80","5","8","0","0.5","10","86","269","11.368029739776953","4.096654275092937"
"27","10","0.005","0.29","3","0.5","0.05","1","80","5","8","0","0.5","10","77","267","11.393258426966293","4"
"25","10","0.005","0.29","3","0.5","0.05","1","80","5","8","0","0.5","10","86","266","11.180451127819548","4.052631578947368"
"26","10","0.005","0.29","3","0.5","0.05","1","80","5","8","0","0.5","10","87","268","11.313432835820896","4.097014925373134"
"27","10","0.005","0.29","3","0.5","0.05","1","80","5","8","0","0.5","10","78","267","11.393258426966293","4.00374531835206"
"28","10","0.005","0.29","3","0.5","0.05","1","80","5","8","0","0.5","10","76","266","11.406015037593985","4.109022556390977"
"25","10","0.005","0.29","3","0.5","0.05","1","80","5","8","0","0.5","10","87","266","11.180451127819548","4.033834586466165"
"30","10","0.005","0.29","3","0.5","0.05","1","80","5","8","0","0.5","10","37","293","11.351535836177474","3.6075085324232083"
"28","10","0.005","0.29","3","0.5","0.05","1","80","5","8","0","0.5","10","77","264","11.303030303030303","4.109848484848484"
"30","10","0.005","0.29","3","0.5","0.05","1","80","5","8","0","0.5","10","38","293","11.351535836177474","3.9590443686006824"
"28","10","0.005","0.29","3","0.5","0.05","1","80","5","8","0","0.5","10","78","264","11.303030303030303","4.109848484848484"
"30","10","0.005","0.29","3","0.5","0.05","1","80","5","8","0","0.5","10","39","293","11.351535836177474","3.948805460750853"
"26","10","0.005","0.29","3","0.5","0.05","1","80","5","8","0","0.5","10","88","268","11.388059701492537","4.093283582089552"
"27","10","0.005","0.29","3","0.5","0.05","1","80","5","8","0","0.5","10","79","267","11.44569288389513","4"
"25","10","0.005","0.29","3","0.5","0.05","1","80","5","8","0","0.5","10","88","266","11.270676691729323","4.033834586466165"
"27","10","0.005","0.29","3","0.5","0.05","1","80","5","8","0","0.5","10","80","266","11.428571428571429","4"
"26","10","0.005","0.29","3","0.5","0.05","1","80","5","8","0","0.5","10","89","266","11.300751879699249","4.097744360902255"
"25","10","0.005","0.29","3","0.5","0.05","1","80","5","8","0","0.5","10","89","265","11.230188679245282","4.030188679245283"
"26","10","0.005","0.29","3","0.5","0.05","1","80","5","8","0","0.5","10","90","264","11.212121212121213","4.09469696969697"
"27","10","0.005","0.29","3","0.5","0.05","1","80","5","8","0","0.5","10","81","263","11.285171102661597","3.9923954372623576"
"25","10","0.005","0.29","3","0.5","0.05","1","80","5","8","0","0.5","10","90","264","11.18939393939394","4.026515151515151"
"29","10","0.005","0.29","3","0.5","0.05","1","80","5","8","0","0.5","10","59","266","11.511278195488721","3.988721804511278"
"28","10","0.005","0.29","3","0.5","0.05","1","80","5","8","0","0.5","10","79","263","11.422053231939163","4.110266159695818"
"30","10","0.005","0.29","3","0.5","0.05","1","80","5","8","0","0.5","10","40","291","11.333333333333334","3.948453608247423"
"29","10","0.005","0.29","3","0.5","0.05","1","80","5","8","0","0.5","10","60","266","11.511278195488721","3.988721804511278"
"30","10","0.005","0.29","3","0.5","0.05","1","80","5","8","0","0.5","10","41","291","11.333333333333334","3.948453608247423"
"28","10","0.005","0.29","3","0.5","0.05","1","80","5","8","0","0.5","10","80","262","11.381679389312977","4.1106870229007635"
"28","10","0.005","0.29","3","0.5","0.05","1","80","5","8","0","0.5","10","81","262","11.381679389312977","4.1106870229007635"
"30","10","0.005","0.29","3","0.5","0.05","1","80","5","8","0","0.5","10","42","289","11.245674740484429","3.9480968858131487"
"27","10","0.005","0.29","3","0.5","0.05","1","80","5","8","0","0.5","10","82","261","11.340996168582375","4.003831417624521"
"26","10","0.005","0.29","3","0.5","0.05","1","80","5","8","0","0.5","10","91","264","11.340909090909092","4.098484848484849"
"25","10","0.005","0.29","3","0.5","0.05","1","80","5","8","0","0.5","10","91","262","11.206106870229007","4.026717557251908"
"27","10","0.005","0.29","3","0.5","0.05","1","80","5","8","0","0.5","10","83","258","11.24031007751938","4"
"26","10","0.005","0.29","3","0.5","0.05","1","80","5","8","0","0.5","10","92","263","11.29277566539924","4.095057034220532"
"27","10","0.005","0.29","3","0.5","0.05","1","80","5","8","0","0.5","10","84","257","11.198443579766536","4"
"25","10","0.005","0.29","3","0.5","0.05","1","80","5","8","0","0.5","10","92","262","11.206106870229007","4.026717557251908"
"26","10","0.005","0.29","3","0.5","0.05","1","80","5","8","0","0.5","10","93","263","11.29277566539924","4.098859315589354"
"25","10","0.005","0.29","3","0.5","0.05","1","80","5","8","0","0.5","10","93","262","11.206106870229007","4.026717557251908"
"28","10","0.005","0.29","3","0.5","0.05","1","80","5","8","0","0.5","10","82","262","11.442748091603054","4.1106870229007635"
"28","10","0.005","0.29","3","0.5","0.05","1","80","5","8","0","0.5","10","83","261","11.39463601532567","4.111111111111111"
"30","10","0.005","0.29","3","0.5","0.05","1","80","5","8","0","0.5","10","43","288","11.284722222222221","3.9479166666666665"
"28","10","0.005","0.29","3","0.5","0.05","1","80","5","8","0","0.5","10","84","260","11.346153846153847","4.111538461538461"
"30","10","0.005","0.29","3","0.5","0.05","1","80","5","8","0","0.5","10","44","286","11.23076923076923","3.9510489510489513"
"25","10","0.005","0.29","3","0.5","0.05","1","80","5","8","0","0.5","10","94","262","11.305343511450381","4.026717557251908"
"29","10","0.005","0.29","3","0.5","0.05","1","80","5","8","0","0.5","10","61","290","11.337931034482759","3.6448275862068966"
"26","10","0.005","0.29","3","0.5","0.05","1","80","5","8","0","0.5","10","94","262","11.32824427480916","4.091603053435114"
"25","10","0.005","0.29","3","0.5","0.05","1","80","5","8","0","0.5","10","95","261","11.24904214559387","4.026819923371647"
"30","10","0.005","0.29","3","0.5","0.05","1","80","5","8","0","0.5","10","45","284","11.126760563380282","3.9507042253521125"
"26","10","0.005","0.29","3","0.5","0.05","1","80","5","8","0","0.5","10","95","262","11.32824427480916","4.095419847328245"
"29","10","0.005","0.29","3","0.5","0.05","1","80","5","8","0","0.5","10","62","289","11.28719723183391","3.9965397923875434"
"27","10","0.005","0.29","3","0.5","0.05","1","80","5","8","0","0.5","10","85","263","11.482889733840304","3.893536121673004"
"25","10","0.005","0.29","3","0.5","0.05","1","80","5","8","0","0.5","10","96","260","11.215384615384615","4.026923076923077"
"26","10","0.005","0.29","3","0.5","0.05","1","80","5","8","0","0.5","10","96","262","11.32824427480916","4.091603053435114"
"29","10","0.005","0.29","3","0.5","0.05","1","80","5","8","0","0.5","10","63","289","11.28719723183391","4.006920415224913"
"27","10","0.005","0.29","3","0.5","0.05","1","80","5","8","0","0.5","10","86","263","11.482889733840304","3.9923954372623576"
"27","10","0.005","0.29","3","0.5","0.05","1","80","5","8","0","0.5","10","87","263","11.482889733840304","3.9847908745247147"
"28","10","0.005","0.29","3","0.5","0.05","1","80","5","8","0","0.5","10","85","269","11.360594795539033","3.95910780669145"
"28","10","0.005","0.29","3","0.5","0.05","1","80","5","8","0","0.5","10","86","267","11.273408239700375","4.127340823970037"
"27","10","0.005","0.29","3","0.5","0.05","1","80","5","8","0","0.5","10","88","263","11.505703422053232","3.988593155893536"
"28","10","0.005","0.29","3","0.5","0.05","1","80","5","8","0","0.5","10","87","267","11.273408239700375","4.134831460674158"
"29","10","0.005","0.29","3","0.5","0.05","1","80","5","8","0","0.5","10","64","289","11.384083044982699","4.006920415224913"
"25","10","0.005","0.29","3","0.5","0.05","1","80","5","8","0","0.5","10","97","266","11.300751879699249","3.9210526315789473"
"27","10","0.005","0.29","3","0.5","0.05","1","80","5","8","0","0.5","10","89","262","11.458015267175572","3.984732824427481"
"26","10","0.005","0.29","3","0.5","0.05","1","80","5","8","0","0.5","10","97","281","11.209964412811388","3.804270462633452"
"30","10","0.005","0.29","3","0.5","0.05","1","80","5","8","0","0.5","10","46","282","11.163120567375886","3.950354609929078"
"29","10","0.005","0.29","3","0.5","0.05","1","80","5","8","0","0.5","10","65","289","11.384083044982699","4.006920415224913"
"27","10","0.005","0.29","3","0.5","0.05","1","80","5","8","0","0.5","10","90","261","11.425287356321839","3.9885057471264367"
"26","10","0.005","0.29","3","0.5","0.05","1","80","5","8","0","0.5","10","98","279","11.118279569892474","4.093189964157706"
"30","10","0.005","0.29","3","0.5","0.05","1","80","5","8","0","0.5","10","47","279","11.046594982078853","3.946236559139785"
"25","10","0.005","0.29","3","0.5","0.05","1","80","5","8","0","0.5","10","98","265","11.245283018867925","4.033962264150944"
"29","10","0.005","0.29","3","0.5","0.05","1","80","5","8","0","0.5","10","66","287","11.296167247386759","4.006968641114983"
"30","10","0.005","0.29","3","0.5","0.05","1","80","5","8","0","0.5","10","48","278","11.007194244604317","3.946043165467626"
"25","10","0.005","0.29","3","0.5","0.05","1","80","5","8","0","0.5","10","99","265","11.245283018867925","4.037735849056604"
"26","10","0.005","0.29","3","0.5","0.05","1","80","5","8","0","0.5","10","99","278","11.06474820143885","4.100719424460432"
"28","10","0.005","0.29","3","0.5","0.05","1","80","5","8","0","0.5","10","88","267","11.378277153558052","4.134831460674158"
"28","10","0.005","0.29","3","0.5","0.05","1","80","5","8","0","0.5","10","89","265","11.260377358490565","4.139622641509434"
"27","10","0.005","0.29","3","0.5","0.05","1","80","5","8","0","0.5","10","91","261","11.471264367816092","3.9846743295019156"
"28","10","0.005","0.29","3","0.5","0.05","1","80","5","8","0","0.5","10","90","265","11.260377358490565","4.143396226415095"
"27","10","0.005","0.29","3","0.5","0.05","1","80","5","8","0","0.5","10","92","261","11.471264367816092","3.9885057471264367"
"25","10","0.005","0.29","3","0.5","0.05","1","80","5","8","0","0.5","10","100","264","11.265151515151516","4.034090909090909"
"27","10","0.005","0.29","3","0.5","0.05","1","80","5","8","0","0.5","10","93","258","11.333333333333334","3.988372093023256"
"25","10","0.005","0.29","3","0.5","0.05","1","80","5","8","0","0.5","10","101","263","11.216730038022813","4.038022813688213"
"26","10","0.005","0.29","3","0.5","0.05","1","80","5","8","0","0.5","10","100","278","11.151079136690647","4.097122302158273"
"29","10","0.005","0.29","3","0.5","0.05","1","80","5","8","0","0.5","10","67","287","11.435540069686411","4.006968641114983"
"25","10","0.005","0.29","3","0.5","0.05","1","80","5","8","0","0.5","10","102","260","11.069230769230769","4.0346153846153845"
"26","10","0.005","0.29","3","0.5","0.05","1","80","5","8","0","0.5","10","101","277","11.133574007220217","4.101083032490974"
"29","10","0.005","0.29","3","0.5","0.05","1","80","5","8","0","0.5","10","68","284","11.28169014084507","4.01056338028169"
"28","10","0.005","0.29","3","0.5","0.05","1","80","5","8","0","0.5","10","91","265","11.290566037735848","4.143396226415095"
"26","10","0.005","0.29","3","0.5","0.05","1","80","5","8","0","0.5","10","102","276","11.094202898550725","4.101449275362318"
"29","10","0.005","0.29","3","0.5","0.05","1","80","5","8","0","0.5","10","69","283","11.279151943462898","4.014134275618375"
"27","10","0.005","0.29","3","0.5","0.05","1","80","5","8","0","0.5","10","94","258","11.44186046511628","3.996124031007752"
"28","10","0.005","0.29","3","0.5","0.05","1","80","5","8","0","0.5","10","92","264","11.242424242424242","4.143939393939394"
"28","10","0.005","0.29","3","0.5","0.05","1","80","5","8","0","0.5","10","93","264","11.242424242424242","4.143939393939394"
"27","10","0.005","0.29","3","0.5","0.05","1","80","5","8","0","0.5","10","95","257","11.377431906614786","3.9883268482490273"
"30","10","0.005","0.29","3","0.5","0.05","1","80","5","8","0","0.5","10","49","300","11.366666666666667","3.65"
"27","10","0.005","0.29","3","0.5","0.05","1","80","5","8","0","0.5","10","96","257","11.377431906614786","3.9961089494163424"
"25","10","0.005","0.29","3","0.5","0.05","1","80","5","8","0","0.5","10","103","260","11.238461538461538","4.042307692307692"
"30","10","0.005","0.29","3","0.5","0.05","1","80","5","8","0","0.5","10","50","300","11.366666666666667","3.9633333333333334"
"26","10","0.005","0.29","3","0.5","0.05","1","80","5","8","0","0.5","10","103","273","11.032967032967033","4.0989010989010985"
"25","10","0.005","0.29","3","0.5","0.05","1","80","5","8","0","0.5","10","104","259","11.204633204633204","4.030888030888031"
"30","10","0.005","0.29","3","0.5","0.05","1","80","5","8","0","0.5","10","51","299","11.324414715719064","3.959866220735786"
"25","10","0.005","0.29","3","0.5","0.05","1","80","5","8","0","0.5","10","105","256","11.0703125","4.03515625"
"28","10","0.005","0.29","3","0.5","0.05","1","80","5","8","0","0.5","10","94","264","11.318181818181818","4.143939393939394"
"26","10","0.005","0.29","3","0.5","0.05","1","80","5","8","0","0.5","10","104","271","10.92250922509225","4.107011070110701"
"29","10","0.005","0.29","3","0.5","0.05","1","80","5","8","0","0.5","10","70","281","11.409252669039146","4.00711743772242"
"26","10","0.005","0.29","3","0.5","0.05","1","80","5","8","0","0.5","10","105","269","10.83271375464684","4.100371747211896"
"28","10","0.005","0.29","3","0.5","0.05","1","80","5","8","0","0.5","10","95","262","11.213740458015268","4.145038167938932"
"29","10","0.005","0.29","3","0.5","0.05","1","80","5","8","0","0.5","10","71","281","11.409252669039146","4.00355871886121"
"28","10","0.005","0.29","3","0.5","0.05","1","80","5","8","0","0.5","10","96","260","11.1","4.1461538461538465"
"27","10","0.005","0.29","3","0.5","0.05","1","80","5","8","0","0.5","10","97","276","11.22463768115942","3.713768115942029"
"29","10","0.005","0.29","3","0.5","0.05","1","80","5","8","0","0.5","10","72","280","11.371428571428572","4.003571428571429"
"27","10","0.005","0.29","3","0.5","0.05","1","80","5","8","0","0.5","10","98","275","11.185454545454546","3.9927272727272727"
"30","10","0.005","0.29","3","0.5","0.05","1","80","5","8","0","0.5","10","52","298","11.348993288590604","3.9630872483221475"
"27","10","0.005","0.29","3","0.5","0.05","1","80","5","8","0","0.5","10","99","274","11.145985401459853","4"
"25","10","0.005","0.29","3","0.5","0.05","1","80","5","8","0","0.5","10","106","255","11.192156862745097","4.03921568627451"
"30","10","0.005","0.29","3","0.5","0.05","1","80","5","8","0","0.5","10","53","295","11.233898305084745","3.9627118644067796"
"25","10","0.005","0.29","3","0.5","0.05","1","80","5","8","0","0.5","10","107","255","11.192156862745097","4.03921568627451"
"30","10","0.005","0.29","3","0.5","0.05","1","80","5","8","0","0.5","10","54","293","11.160409556313994","3.9590443686006824"
"25","10","0.005","0.29","3","0.5","0.05","1","80","5","8","0","0.5","10","108","255","11.192156862745097","4.03921568627451"
"26","10","0.005","0.29","3","0.5","0.05","1","80","5","8","0","0.5","10","106","268","10.932835820895523","4.108208955223881"
"26","10","0.005","0.29","3","0.5","0.05","1","80","5","8","0","0.5","10","107","268","10.932835820895523","4.100746268656716"
"27","10","0.005","0.29","3","0.5","0.05","1","80","5","8","0","0.5","10","100","274","11.226277372262773","4.014598540145985"
"26","10","0.005","0.29","3","0.5","0.05","1","80","5","8","0","0.5","10","108","267","10.891385767790263","4.104868913857678"
"28","10","0.005","0.29","3","0.5","0.05","1","80","5","8","0","0.5","10","97","279","11.10394265232975","3.8637992831541217"
"27","10","0.005","0.29","3","0.5","0.05","1","80","5","8","0","0.5","10","101","271","11.07749077490775","4"
"28","10","0.005","0.29","3","0.5","0.05","1","80","5","8","0","0.5","10","98","278","11.050359712230216","4.169064748201439"
"27","10","0.005","0.29","3","0.5","0.05","1","80","5","8","0","0.5","10","102","271","11.07749077490775","4.011070110701107"
"29","10","0.005","0.29","3","0.5","0.05","1","80","5","8","0","0.5","10","73","297","11.427609427609427","3.760942760942761"
"28","10","0.005","0.29","3","0.5","0.05","1","80","5","8","0","0.5","10","99","278","11.050359712230216","4.169064748201439"
"29","10","0.005","0.29","3","0.5","0.05","1","80","5","8","0","0.5","10","74","296","11.371621621621621","4.010135135135135"
"25","10","0.005","0.29","3","0.5","0.05","1","80","5","8","0","0.5","10","109","271","11.062730627306273","3.800738007380074"
"30","10","0.005","0.29","3","0.5","0.05","1","80","5","8","0","0.5","10","55","293","11.372013651877133","3.962457337883959"
"29","10","0.005","0.29","3","0.5","0.05","1","80","5","8","0","0.5","10","75","295","11.315254237288135","4.027118644067796"
"25","10","0.005","0.29","3","0.5","0.05","1","80","5","8","0","0.5","10","110","270","11.014814814814814","4.037037037037037"
"30","10","0.005","0.29","3","0.5","0.05","1","80","5","8","0","0.5","10","56","291","11.271477663230241","3.9553264604811"
"25","10","0.005","0.29","3","0.5","0.05","1","80","5","8","0","0.5","10","111","269","10.95910780669145","4.037174721189591"
"28","10","0.005","0.29","3","0.5","0.05","1","80","5","8","0","0.5","10","100","272","10.897058823529411","4.169117647058823"
"27","10","0.005","0.29","3","0.5","0.05","1","80","5","8","0","0.5","10","103","270","11.125925925925927","4"
"30","10","0.005","0.29","3","0.5","0.05","1","80","5","8","0","0.5","10","57","290","11.23448275862069","3.9586206896551723"
"28","10","0.005","0.29","3","0.5","0.05","1","80","5","8","0","0.5","10","101","271","10.84870848708487","4.162361623616236"
"27","10","0.005","0.29","3","0.5","0.05","1","80","5","8","0","0.5","10","104","267","10.98876404494382","4.01123595505618"
"26","10","0.005","0.29","3","0.5","0.05","1","80","5","8","0","0.5","10","109","283","11.06713780918728","3.862190812720848"
"28","10","0.005","0.29","3","0.5","0.05","1","80","5","8","0","0.5","10","102","269","10.765799256505575","4.159851301115242"
"26","10","0.005","0.29","3","0.5","0.05","1","80","5","8","0","0.5","10","110","282","11.02127659574468","4.085106382978723"
"27","10","0.005","0.29","3","0.5","0.05","1","80","5","8","0","0.5","10","105","265","10.89811320754717","4.007547169811321"
"25","10","0.005","0.29","3","0.5","0.05","1","80","5","8","0","0.5","10","112","268","11.052238805970148","4.041044776119403"
"26","10","0.005","0.29","3","0.5","0.05","1","80","5","8","0","0.5","10","111","280","10.95","4.071428571428571"
"29","10","0.005","0.29","3","0.5","0.05","1","80","5","8","0","0.5","10","76","295","11.396610169491526","4.013559322033898"
"25","10","0.005","0.29","3","0.5","0.05","1","80","5","8","0","0.5","10","113","267","11.01123595505618","4.033707865168539"
"29","10","0.005","0.29","3","0.5","0.05","1","80","5","8","0","0.5","10","77","294","11.360544217687075","4.017006802721088"
"25","10","0.005","0.29","3","0.5","0.05","1","80","5","8","0","0.5","10","114","267","11.01123595505618","4.033707865168539"
"30","10","0.005","0.29","3","0.5","0.05","1","80","5","8","0","0.5","10","58","288","11.319444444444445","3.9583333333333335"
"29","10","0.005","0.29","3","0.5","0.05","1","80","5","8","0","0.5","10","78","294","11.360544217687075","4.01360544217687"
"30","10","0.005","0.29","3","0.5","0.05","1","80","5","8","0","0.5","10","59","287","11.282229965156795","3.9581881533101044"
"26","10","0.005","0.29","3","0.5","0.05","1","80","5","8","0","0.5","10","112","279","10.99641577060932","4.078853046594982"
"28","10","0.005","0.29","3","0.5","0.05","1","80","5","8","0","0.5","10","103","269","10.988847583643123","4.156133828996283"
"30","10","0.005","0.29","3","0.5","0.05","1","80","5","8","0","0.5","10","60","286","11.258741258741258","3.958041958041958"
"27","10","0.005","0.29","3","0.5","0.05","1","80","5","8","0","0.5","10","106","265","11.10943396226415","4.011320754716981"
"26","10","0.005","0.29","3","0.5","0.05","1","80","5","8","0","0.5","10","113","278","10.964028776978417","4.068345323741007"
"25","10","0.005","0.29","3","0.5","0.05","1","80","5","8","0","0.5","10","115","267","11.116104868913858","4.033707865168539"
"28","10","0.005","0.29","3","0.5","0.05","1","80","5","8","0","0.5","10","104","268","10.940298507462687","4.16044776119403"
"27","10","0.005","0.29","3","0.5","0.05","1","80","5","8","0","0.5","10","107","265","11.10943396226415","4.003773584905661"
"26","10","0.005","0.29","3","0.5","0.05","1","80","5","8","0","0.5","10","114","278","10.964028776978417","4.079136690647482"
"28","10","0.005","0.29","3","0.5","0.05","1","80","5","8","0","0.5","10","105","268","10.940298507462687","4.156716417910448"
"25","10","0.005","0.29","3","0.5","0.05","1","80","5","8","0","0.5","10","116","267","11.116104868913858","4.033707865168539"
"27","10","0.005","0.29","3","0.5","0.05","1","80","5","8","0","0.5","10","108","265","11.10943396226415","4.011320754716981"
"29","10","0.005","0.29","3","0.5","0.05","1","80","5","8","0","0.5","10","79","293","11.440273037542662","4.013651877133106"
"25","10","0.005","0.29","3","0.5","0.05","1","80","5","8","0","0.5","10","117","266","11.090225563909774","4.033834586466165"
"29","10","0.005","0.29","3","0.5","0.05","1","80","5","8","0","0.5","10","80","292","11.397260273972602","4.010273972602739"
"29","10","0.005","0.29","3","0.5","0.05","1","80","5","8","0","0.5","10","81","291","11.360824742268042","4.010309278350515"
"26","10","0.005","0.29","3","0.5","0.05","1","80","5","8","0","0.5","10","115","278","11.050359712230216","4.068345323741007"
"25","10","0.005","0.29","3","0.5","0.05","1","80","5","8","0","0.5","10","118","266","11.165413533834586","4.033834586466165"
"28","10","0.005","0.29","3","0.5","0.05","1","80","5","8","0","0.5","10","106","268","11.097014925373134","4.16044776119403"
"26","10","0.005","0.29","3","0.5","0.05","1","80","5","8","0","0.5","10","116","277","11.00361010830325","4.075812274368231"
"27","10","0.005","0.29","3","0.5","0.05","1","80","5","8","0","0.5","10","109","272","11.286764705882353","3.900735294117647"
"25","10","0.005","0.29","3","0.5","0.05","1","80","5","8","0","0.5","10","119","266","11.165413533834586","4.033834586466165"
"28","10","0.005","0.29","3","0.5","0.05","1","80","5","8","0","0.5","10","107","267","11.04868913857678","4.157303370786517"
"26","10","0.005","0.29","3","0.5","0.05","1","80","5","8","0","0.5","10","117","276","10.942028985507246","4.068840579710145"
"30","10","0.005","0.29","3","0.5","0.05","1","80","5","8","0","0.5","10","61","302","11.304635761589404","3.7317880794701987"
"25","10","0.005","0.29","3","0.5","0.05","1","80","5","8","0","0.5","10","120","266","11.165413533834586","4.033834586466165"
"27","10","0.005","0.29","3","0.5","0.05","1","80","5","8","0","0.5","10","110","272","11.286764705882353","4.022058823529412"
"28","10","0.005","0.29","3","0.5","0.05","1","80","5","8","0","0.5","10","108","267","11.04868913857678","4.1610486891385765"
"30","10","0.005","0.29","3","0.5","0.05","1","80","5","8","0","0.5","10","62","302","11.304635761589404","3.9701986754966887"
"27","10","0.005","0.29","3","0.5","0.05","1","80","5","8","0","0.5","10","111","270","11.207407407407407","4.011111111111111"
"29","10","0.005","0.29","3","0.5","0.05","1","80","5","8","0","0.5","10","82","290","11.448275862068966","4.010344827586207"
"30","10","0.005","0.29","3","0.5","0.05","1","80","5","8","0","0.5","10","63","302","11.304635761589404","3.9635761589403975"
"29","10","0.005","0.29","3","0.5","0.05","1","80","5","8","0","0.5","10","83","289","11.411764705882353","4.006920415224913"
"26","10","0.005","0.29","3","0.5","0.05","1","80","5","8","0","0.5","10","118","276","11.065217391304348","4.076086956521739"
"27","10","0.005","0.29","3","0.5","0.05","1","80","5","8","0","0.5","10","112","269","11.24907063197026","4.014869888475836"
"29","10","0.005","0.29","3","0.5","0.05","1","80","5","8","0","0.5","10","84","288","11.36111111111111","4.003472222222222"
"26","10","0.005","0.29","3","0.5","0.05","1","80","5","8","0","0.5","10","119","274","10.985401459854014","4.069343065693431"
"27","10","0.005","0.29","3","0.5","0.05","1","80","5","8","0","0.5","10","113","268","11.201492537313433","4.007462686567164"
"26","10","0.005","0.29","3","0.5","0.05","1","80","5","8","0","0.5","10","120","274","10.985401459854014","4.076642335766423"
"28","10","0.005","0.29","3","0.5","0.05","1","80","5","8","0","0.5","10","109","282","10.97163120567376","3.9078014184397163"
"27","10","0.005","0.29","3","0.5","0.05","1","80","5","8","0","0.5","10","114","267","11.153558052434457","4.01498127340824"
"30","10","0.005","0.29","3","0.5","0.05","1","80","5","8","0","0.5","10","64","302","11.3841059602649","3.9635761589403975"
"28","10","0.005","0.29","3","0.5","0.05","1","80","5","8","0","0.5","10","110","277","10.750902527075812","4.1516245487364625"
"30","10","0.005","0.29","3","0.5","0.05","1","80","5","8","0","0.5","10","65","301","11.3421926910299","3.963455149501661"
"28","10","0.005","0.29","3","0.5","0.05","1","80","5","8","0","0.5","10","111","276","10.702898550724637","4.163043478260869"
"30","10","0.005","0.29","3","0.5","0.05","1","80","5","8","0","0.5","10","66","301","11.3421926910299","3.963455149501661"
"31","10","0.01","0.29","3","0.5","0.05","1","80","5","8","0","0.5","10","0","272","12.051470588235293","4.022058823529412"
"27","10","0.005","0.29","3","0.5","0.05","1","80","5","8","0","0.5","10","115","267","11.265917602996256","4.007490636704119"
"27","10","0.005","0.29","3","0.5","0.05","1","80","5","8","0","0.5","10","116","267","11.265917602996256","4.01498127340824"
"29","10","0.005","0.29","3","0.5","0.05","1","80","5","8","0","0.5","10","85","293","11.631399317406144","3.9215017064846416"
"27","10","0.005","0.29","3","0.5","0.05","1","80","5","8","0","0.5","10","117","267","11.265917602996256","4.007490636704119"
"32","10","0.01","0.29","3","0.5","0.05","1","80","5","8","0","0.5","10","0","246","11.934959349593496","4.0772357723577235"
"29","10","0.005","0.29","3","0.5","0.05","1","80","5","8","0","0.5","10","86","291","11.56701030927835","3.9828178694158076"
"28","10","0.005","0.29","3","0.5","0.05","1","80","5","8","0","0.5","10","112","276","10.942028985507246","4.177536231884058"
"30","10","0.005","0.29","3","0.5","0.05","1","80","5","8","0","0.5","10","67","299","11.331103678929766","3.963210702341137"
"29","10","0.005","0.29","3","0.5","0.05","1","80","5","8","0","0.5","10","87","291","11.56701030927835","3.9828178694158076"
"28","10","0.005","0.29","3","0.5","0.05","1","80","5","8","0","0.5","10","113","275","10.894545454545455","4.163636363636364"
"30","10","0.005","0.29","3","0.5","0.05","1","80","5","8","0","0.5","10","68","299","11.331103678929766","3.9665551839464883"
"28","10","0.005","0.29","3","0.5","0.05","1","80","5","8","0","0.5","10","114","275","10.894545454545455","4.170909090909091"
"27","10","0.005","0.29","3","0.5","0.05","1","80","5","8","0","0.5","10","118","266","11.293233082706767","4.015037593984962"
"30","10","0.005","0.29","3","0.5","0.05","1","80","5","8","0","0.5","10","69","298","11.288590604026846","3.966442953020134"
"31","10","0.01","0.29","3","0.5","0.05","1","80","5","8","0","0.5","10","1","272","12.301470588235293","4.0625"
"27","10","0.005","0.29","3","0.5","0.05","1","80","5","8","0","0.5","10","119","266","11.293233082706767","4.011278195488722"
"32","10","0.01","0.29","3","0.5","0.05","1","80","5","8","0","0.5","10","1","246","12.146341463414634","4.008130081300813"
"31","10","0.01","0.29","3","0.5","0.05","1","80","5","8","0","0.5","10","2","270","12.22962962962963","4.029629629629629"
"32","10","0.01","0.29","3","0.5","0.05","1","80","5","8","0","0.5","10","2","244","12.040983606557377","3.9959016393442623"
"27","10","0.005","0.29","3","0.5","0.05","1","80","5","8","0","0.5","10","120","264","11.204545454545455","4.011363636363637"
"31","10","0.01","0.29","3","0.5","0.05","1","80","5","8","0","0.5","10","3","270","12.22962962962963","4.029629629629629"
"32","10","0.01","0.29","3","0.5","0.05","1","80","5","8","0","0.5","10","3","243","12","3.9794238683127574"
