"BehaviorSpace results (NetLogo 7.0.3)","Table version 2.0"
"CVD_Risk_Behaviour.nlogox"
"Experiment_4C_Growth_Homophily"
"07/28/2026 22:23:22:464 +0530"
"min-pxcor","max-pxcor","min-pycor","max-pycor"
"-16","16","-16","16"
"[run number]","annual_inflow","monthly-outmigration-prob","influence_weight_friend","gamma_net","relapse_friend_threshold","p_relapse","gamma_behavior","N_h","t_lag_years","theta_tol","omega_age","influence_weight_household","F_max","[step]","count turtles","mean [risk-score] of turtles"
"1","10","0.0025","0.29","3","0.5","0.05","1","80","5","2","0","0.5","10","0","227","4.039647577092511"
"4","10","0.0025","0.29","3","0.5","0.05","1","80","5","2","0","0.5","10","0","236","4"
"3","10","0.0025","0.29","3","0.5","0.05","1","80","5","2","0","0.5","10","0","226","3.9690265486725664"
"6","10","0.0025","0.29","3","0.5","0.05","1","80","5","2","0","0.5","10","0","248","4.092741935483871"
"2","10","0.0025","0.29","3","0.5","0.05","1","80","5","2","0","0.5","10","0","256","4.02734375"
"5","10","0.0025","0.29","3","0.5","0.05","1","80","5","2","0","0.5","10","0","255","4.180392156862745"
"3","10","0.0025","0.29","3","0.5","0.05","1","80","5","2","0","0.5","10","1","225","4.0488888888888885"
"1","10","0.0025","0.29","3","0.5","0.05","1","80","5","2","0","0.5","10","1","227","4.048458149779735"
"2","10","0.0025","0.29","3","0.5","0.05","1","80","5","2","0","0.5","10","1","256","4.05078125"
"6","10","0.0025","0.29","3","0.5","0.05","1","80","5","2","0","0.5","10","1","246","4.097560975609756"
"3","10","0.0025","0.29","3","0.5","0.05","1","80","5","2","0","0.5","10","2","225","4.053333333333334"
"1","10","0.0025","0.29","3","0.5","0.05","1","80","5","2","0","0.5","10","2","227","4.039647577092511"
"2","10","0.0025","0.29","3","0.5","0.05","1","80","5","2","0","0.5","10","2","255","4.086274509803921"
"3","10","0.0025","0.29","3","0.5","0.05","1","80","5","2","0","0.5","10","3","224","4.026785714285714"
"6","10","0.0025","0.29","3","0.5","0.05","1","80","5","2","0","0.5","10","2","245","4.061224489795919"
"1","10","0.0025","0.29","3","0.5","0.05","1","80","5","2","0","0.5","10","3","226","4.039823008849558"
"2","10","0.0025","0.29","3","0.5","0.05","1","80","5","2","0","0.5","10","3","255","4.094117647058823"
"6","10","0.0025","0.29","3","0.5","0.05","1","80","5","2","0","0.5","10","3","244","4.090163934426229"
"3","10","0.0025","0.29","3","0.5","0.05","1","80","5","2","0","0.5","10","4","224","4.03125"
"4","10","0.0025","0.29","3","0.5","0.05","1","80","5","2","0","0.5","10","1","236","4.038135593220339"
"3","10","0.0025","0.29","3","0.5","0.05","1","80","5","2","0","0.5","10","5","224","4.03125"
"3","10","0.0025","0.29","3","0.5","0.05","1","80","5","2","0","0.5","10","6","223","4.0358744394618835"
"4","10","0.0025","0.29","3","0.5","0.05","1","80","5","2","0","0.5","10","2","236","4.021186440677966"
"5","10","0.0025","0.29","3","0.5","0.05","1","80","5","2","0","0.5","10","1","254","4.051181102362205"
"2","10","0.0025","0.29","3","0.5","0.05","1","80","5","2","0","0.5","10","4","254","4.090551181102362"
"6","10","0.0025","0.29","3","0.5","0.05","1","80","5","2","0","0.5","10","4","243","4.08641975308642"
"2","10","0.0025","0.29","3","0.5","0.05","1","80","5","2","0","0.5","10","5","251","4.087649402390438"
"1","10","0.0025","0.29","3","0.5","0.05","1","80","5","2","0","0.5","10","4","225","4.04"
"6","10","0.0025","0.29","3","0.5","0.05","1","80","5","2","0","0.5","10","5","242","4.082644628099174"
"4","10","0.0025","0.29","3","0.5","0.05","1","80","5","2","0","0.5","10","3","235","4.012765957446809"
"2","10","0.0025","0.29","3","0.5","0.05","1","80","5","2","0","0.5","10","6","251","4.087649402390438"
"3","10","0.0025","0.29","3","0.5","0.05","1","80","5","2","0","0.5","10","7","223","4.040358744394619"
"6","10","0.0025","0.29","3","0.5","0.05","1","80","5","2","0","0.5","10","6","242","4.082644628099174"
"5","10","0.0025","0.29","3","0.5","0.05","1","80","5","2","0","0.5","10","2","253","4.011857707509882"
"6","10","0.0025","0.29","3","0.5","0.05","1","80","5","2","0","0.5","10","7","242","4.082644628099174"
"1","10","0.0025","0.29","3","0.5","0.05","1","80","5","2","0","0.5","10","5","225","4.04"
"3","10","0.0025","0.29","3","0.5","0.05","1","80","5","2","0","0.5","10","8","223","4.04932735426009"
"5","10","0.0025","0.29","3","0.5","0.05","1","80","5","2","0","0.5","10","3","252","4.015873015873016"
"2","10","0.0025","0.29","3","0.5","0.05","1","80","5","2","0","0.5","10","7","251","4.087649402390438"
"6","10","0.0025","0.29","3","0.5","0.05","1","80","5","2","0","0.5","10","8","242","4.082644628099174"
"3","10","0.0025","0.29","3","0.5","0.05","1","80","5","2","0","0.5","10","9","223","4.04932735426009"
"2","10","0.0025","0.29","3","0.5","0.05","1","80","5","2","0","0.5","10","8","251","4.087649402390438"
"1","10","0.0025","0.29","3","0.5","0.05","1","80","5","2","0","0.5","10","6","225","4.04"
"6","10","0.0025","0.29","3","0.5","0.05","1","80","5","2","0","0.5","10","9","241","4.08298755186722"
"2","10","0.0025","0.29","3","0.5","0.05","1","80","5","2","0","0.5","10","9","250","4.088"
"3","10","0.0025","0.29","3","0.5","0.05","1","80","5","2","0","0.5","10","10","223","4.04932735426009"
"3","10","0.0025","0.29","3","0.5","0.05","1","80","5","2","0","0.5","10","11","223","4.04932735426009"
"3","10","0.0025","0.29","3","0.5","0.05","1","80","5","2","0","0.5","10","12","222","4.04954954954955"
"6","10","0.0025","0.29","3","0.5","0.05","1","80","5","2","0","0.5","10","10","240","4.083333333333333"
"2","10","0.0025","0.29","3","0.5","0.05","1","80","5","2","0","0.5","10","10","250","4.088"
"6","10","0.0025","0.29","3","0.5","0.05","1","80","5","2","0","0.5","10","11","238","4.079831932773109"
"2","10","0.0025","0.29","3","0.5","0.05","1","80","5","2","0","0.5","10","11","248","4.092741935483871"
"6","10","0.0025","0.29","3","0.5","0.05","1","80","5","2","0","0.5","10","12","236","4.080508474576271"
"2","10","0.0025","0.29","3","0.5","0.05","1","80","5","2","0","0.5","10","12","246","4.09349593495935"
"1","10","0.0025","0.29","3","0.5","0.05","1","80","5","2","0","0.5","10","7","225","4.04"
"3","10","0.0025","0.29","3","0.5","0.05","1","80","5","2","0","0.5","10","13","234","3.824786324786325"
"5","10","0.0025","0.29","3","0.5","0.05","1","80","5","2","0","0.5","10","4","252","4.011904761904762"
"3","10","0.0025","0.29","3","0.5","0.05","1","80","5","2","0","0.5","10","14","234","4.051282051282051"
"4","10","0.0025","0.29","3","0.5","0.05","1","80","5","2","0","0.5","10","4","233","4.0042918454935625"
"3","10","0.0025","0.29","3","0.5","0.05","1","80","5","2","0","0.5","10","15","234","4.051282051282051"
"1","10","0.0025","0.29","3","0.5","0.05","1","80","5","2","0","0.5","10","8","225","4.04"
"4","10","0.0025","0.29","3","0.5","0.05","1","80","5","2","0","0.5","10","5","232","4"
"3","10","0.0025","0.29","3","0.5","0.05","1","80","5","2","0","0.5","10","16","234","4.051282051282051"
"4","10","0.0025","0.29","3","0.5","0.05","1","80","5","2","0","0.5","10","6","230","4"
"6","10","0.0025","0.29","3","0.5","0.05","1","80","5","2","0","0.5","10","13","250","3.836"
"2","10","0.0025","0.29","3","0.5","0.05","1","80","5","2","0","0.5","10","13","266","3.7857142857142856"
"3","10","0.0025","0.29","3","0.5","0.05","1","80","5","2","0","0.5","10","17","234","4.051282051282051"
"5","10","0.0025","0.29","3","0.5","0.05","1","80","5","2","0","0.5","10","5","251","4.01195219123506"
"1","10","0.0025","0.29","3","0.5","0.05","1","80","5","2","0","0.5","10","9","225","4.04"
"6","10","0.0025","0.29","3","0.5","0.05","1","80","5","2","0","0.5","10","14","250","4.08"
"3","10","0.0025","0.29","3","0.5","0.05","1","80","5","2","0","0.5","10","18","233","4.051502145922747"
"2","10","0.0025","0.29","3","0.5","0.05","1","80","5","2","0","0.5","10","14","266","4.06390977443609"
"6","10","0.0025","0.29","3","0.5","0.05","1","80","5","2","0","0.5","10","15","250","4.096"
"2","10","0.0025","0.29","3","0.5","0.05","1","80","5","2","0","0.5","10","15","264","4.053030303030303"
"5","10","0.0025","0.29","3","0.5","0.05","1","80","5","2","0","0.5","10","6","251","4.01195219123506"
"3","10","0.0025","0.29","3","0.5","0.05","1","80","5","2","0","0.5","10","19","231","4.0519480519480515"
"6","10","0.0025","0.29","3","0.5","0.05","1","80","5","2","0","0.5","10","16","250","4.092"
"3","10","0.0025","0.29","3","0.5","0.05","1","80","5","2","0","0.5","10","20","230","4.056521739130435"
"6","10","0.0025","0.29","3","0.5","0.05","1","80","5","2","0","0.5","10","17","248","4.092741935483871"
"1","10","0.0025","0.29","3","0.5","0.05","1","80","5","2","0","0.5","10","10","225","4.04"
"2","10","0.0025","0.29","3","0.5","0.05","1","80","5","2","0","0.5","10","16","264","4.056818181818182"
"3","10","0.0025","0.29","3","0.5","0.05","1","80","5","2","0","0.5","10","21","230","4.060869565217391"
"6","10","0.0025","0.29","3","0.5","0.05","1","80","5","2","0","0.5","10","18","248","4.092741935483871"
"2","10","0.0025","0.29","3","0.5","0.05","1","80","5","2","0","0.5","10","17","264","4.056818181818182"
"4","10","0.0025","0.29","3","0.5","0.05","1","80","5","2","0","0.5","10","7","229","4"
"1","10","0.0025","0.29","3","0.5","0.05","1","80","5","2","0","0.5","10","11","224","4.040178571428571"
"2","10","0.0025","0.29","3","0.5","0.05","1","80","5","2","0","0.5","10","18","261","4.057471264367816"
"3","10","0.0025","0.29","3","0.5","0.05","1","80","5","2","0","0.5","10","22","230","4.060869565217391"
"3","10","0.0025","0.29","3","0.5","0.05","1","80","5","2","0","0.5","10","23","228","4.065789473684211"
"1","10","0.0025","0.29","3","0.5","0.05","1","80","5","2","0","0.5","10","12","224","4.040178571428571"
"6","10","0.0025","0.29","3","0.5","0.05","1","80","5","2","0","0.5","10","19","245","4.093877551020408"
"5","10","0.0025","0.29","3","0.5","0.05","1","80","5","2","0","0.5","10","7","251","4.01195219123506"
"3","10","0.0025","0.29","3","0.5","0.05","1","80","5","2","0","0.5","10","24","225","4.066666666666666"
"4","10","0.0025","0.29","3","0.5","0.05","1","80","5","2","0","0.5","10","8","228","3.995614035087719"
"6","10","0.0025","0.29","3","0.5","0.05","1","80","5","2","0","0.5","10","20","245","4.093877551020408"
"2","10","0.0025","0.29","3","0.5","0.05","1","80","5","2","0","0.5","10","19","261","4.057471264367816"
"4","10","0.0025","0.29","3","0.5","0.05","1","80","5","2","0","0.5","10","9","228","3.991228070175439"
"6","10","0.0025","0.29","3","0.5","0.05","1","80","5","2","0","0.5","10","21","245","4.093877551020408"
"5","10","0.0025","0.29","3","0.5","0.05","1","80","5","2","0","0.5","10","8","249","4.016064257028113"
"2","10","0.0025","0.29","3","0.5","0.05","1","80","5","2","0","0.5","10","20","261","4.053639846743295"
"2","10","0.0025","0.29","3","0.5","0.05","1","80","5","2","0","0.5","10","21","259","4.057915057915058"
"5","10","0.0025","0.29","3","0.5","0.05","1","80","5","2","0","0.5","10","9","248","4.016129032258065"
"6","10","0.0025","0.29","3","0.5","0.05","1","80","5","2","0","0.5","10","22","244","4.094262295081967"
"3","10","0.0025","0.29","3","0.5","0.05","1","80","5","2","0","0.5","10","25","232","3.9439655172413794"
"6","10","0.0025","0.29","3","0.5","0.05","1","80","5","2","0","0.5","10","23","242","4.095041322314049"
"3","10","0.0025","0.29","3","0.5","0.05","1","80","5","2","0","0.5","10","26","230","4.039130434782609"
"2","10","0.0025","0.29","3","0.5","0.05","1","80","5","2","0","0.5","10","22","258","4.054263565891473"
"6","10","0.0025","0.29","3","0.5","0.05","1","80","5","2","0","0.5","10","24","241","4.095435684647303"
"3","10","0.0025","0.29","3","0.5","0.05","1","80","5","2","0","0.5","10","27","228","4.030701754385965"
"4","10","0.0025","0.29","3","0.5","0.05","1","80","5","2","0","0.5","10","10","227","3.9911894273127753"
"2","10","0.0025","0.29","3","0.5","0.05","1","80","5","2","0","0.5","10","23","258","4.054263565891473"
"2","10","0.0025","0.29","3","0.5","0.05","1","80","5","2","0","0.5","10","24","258","4.054263565891473"
"4","10","0.0025","0.29","3","0.5","0.05","1","80","5","2","0","0.5","10","11","224","3.9910714285714284"
"1","10","0.0025","0.29","3","0.5","0.05","1","80","5","2","0","0.5","10","13","245","3.693877551020408"
"1","10","0.0025","0.29","3","0.5","0.05","1","80","5","2","0","0.5","10","14","245","4.057142857142857"
"3","10","0.0025","0.29","3","0.5","0.05","1","80","5","2","0","0.5","10","28","228","4.026315789473684"
"5","10","0.0025","0.29","3","0.5","0.05","1","80","5","2","0","0.5","10","10","247","4.016194331983805"
"3","10","0.0025","0.29","3","0.5","0.05","1","80","5","2","0","0.5","10","29","227","4.0176211453744495"
"4","10","0.0025","0.29","3","0.5","0.05","1","80","5","2","0","0.5","10","12","222","3.990990990990991"
"6","10","0.0025","0.29","3","0.5","0.05","1","80","5","2","0","0.5","10","25","256","3.8359375"
"3","10","0.0025","0.29","3","0.5","0.05","1","80","5","2","0","0.5","10","30","227","4.022026431718062"
"5","10","0.0025","0.29","3","0.5","0.05","1","80","5","2","0","0.5","10","11","246","4.016260162601626"
"1","10","0.0025","0.29","3","0.5","0.05","1","80","5","2","0","0.5","10","15","243","4.053497942386831"
"2","10","0.0025","0.29","3","0.5","0.05","1","80","5","2","0","0.5","10","25","268","3.888059701492537"
"5","10","0.0025","0.29","3","0.5","0.05","1","80","5","2","0","0.5","10","12","244","4.012295081967213"
"6","10","0.0025","0.29","3","0.5","0.05","1","80","5","2","0","0.5","10","26","254","4.062992125984252"
"2","10","0.0025","0.29","3","0.5","0.05","1","80","5","2","0","0.5","10","26","268","4.041044776119403"
"6","10","0.0025","0.29","3","0.5","0.05","1","80","5","2","0","0.5","10","27","253","4.075098814229249"
"2","10","0.0025","0.29","3","0.5","0.05","1","80","5","2","0","0.5","10","27","268","4.037313432835821"
"3","10","0.0025","0.29","3","0.5","0.05","1","80","5","2","0","0.5","10","31","227","4.013215859030837"
"3","10","0.0025","0.29","3","0.5","0.05","1","80","5","2","0","0.5","10","32","225","4.017777777777778"
"3","10","0.0025","0.29","3","0.5","0.05","1","80","5","2","0","0.5","10","33","225","4.013333333333334"
"2","10","0.0025","0.29","3","0.5","0.05","1","80","5","2","0","0.5","10","28","268","4.037313432835821"
"6","10","0.0025","0.29","3","0.5","0.05","1","80","5","2","0","0.5","10","28","252","4.075396825396825"
"1","10","0.0025","0.29","3","0.5","0.05","1","80","5","2","0","0.5","10","16","241","4.04149377593361"
"2","10","0.0025","0.29","3","0.5","0.05","1","80","5","2","0","0.5","10","29","267","4.037453183520599"
"6","10","0.0025","0.29","3","0.5","0.05","1","80","5","2","0","0.5","10","29","252","4.067460317460317"
"2","10","0.0025","0.29","3","0.5","0.05","1","80","5","2","0","0.5","10","30","267","4.037453183520599"
"3","10","0.0025","0.29","3","0.5","0.05","1","80","5","2","0","0.5","10","34","225","4.017777777777778"
"6","10","0.0025","0.29","3","0.5","0.05","1","80","5","2","0","0.5","10","30","250","4.068"
"1","10","0.0025","0.29","3","0.5","0.05","1","80","5","2","0","0.5","10","17","240","4.041666666666667"
"5","10","0.0025","0.29","3","0.5","0.05","1","80","5","2","0","0.5","10","13","261","3.7509578544061304"
"3","10","0.0025","0.29","3","0.5","0.05","1","80","5","2","0","0.5","10","35","225","4.017777777777778"
"1","10","0.0025","0.29","3","0.5","0.05","1","80","5","2","0","0.5","10","18","240","4.05"
"3","10","0.0025","0.29","3","0.5","0.05","1","80","5","2","0","0.5","10","36","223","4.013452914798206"
"2","10","0.0025","0.29","3","0.5","0.05","1","80","5","2","0","0.5","10","31","267","4.037453183520599"
"5","10","0.0025","0.29","3","0.5","0.05","1","80","5","2","0","0.5","10","14","261","3.9846743295019156"
"6","10","0.0025","0.29","3","0.5","0.05","1","80","5","2","0","0.5","10","31","250","4.064"
"4","10","0.0025","0.29","3","0.5","0.05","1","80","5","2","0","0.5","10","13","242","3.6611570247933884"
"2","10","0.0025","0.29","3","0.5","0.05","1","80","5","2","0","0.5","10","32","266","4.037593984962406"
"6","10","0.0025","0.29","3","0.5","0.05","1","80","5","2","0","0.5","10","32","250","4.064"
"2","10","0.0025","0.29","3","0.5","0.05","1","80","5","2","0","0.5","10","33","265","4.037735849056604"
"5","10","0.0025","0.29","3","0.5","0.05","1","80","5","2","0","0.5","10","15","260","3.996153846153846"
"4","10","0.0025","0.29","3","0.5","0.05","1","80","5","2","0","0.5","10","14","242","4.020661157024794"
"6","10","0.0025","0.29","3","0.5","0.05","1","80","5","2","0","0.5","10","33","246","4.065040650406504"
"3","10","0.0025","0.29","3","0.5","0.05","1","80","5","2","0","0.5","10","37","245","3.6489795918367345"
"4","10","0.0025","0.29","3","0.5","0.05","1","80","5","2","0","0.5","10","15","241","4.008298755186722"
"3","10","0.0025","0.29","3","0.5","0.05","1","80","5","2","0","0.5","10","38","244","4.061475409836065"
"1","10","0.0025","0.29","3","0.5","0.05","1","80","5","2","0","0.5","10","19","240","4.041666666666667"
"3","10","0.0025","0.29","3","0.5","0.05","1","80","5","2","0","0.5","10","39","244","4.061475409836065"
"1","10","0.0025","0.29","3","0.5","0.05","1","80","5","2","0","0.5","10","20","237","4.037974683544304"
"2","10","0.0025","0.29","3","0.5","0.05","1","80","5","2","0","0.5","10","34","263","4.038022813688213"
"2","10","0.0025","0.29","3","0.5","0.05","1","80","5","2","0","0.5","10","35","263","4.038022813688213"
"6","10","0.0025","0.29","3","0.5","0.05","1","80","5","2","0","0.5","10","34","245","4.073469387755102"
"1","10","0.0025","0.29","3","0.5","0.05","1","80","5","2","0","0.5","10","21","237","4.037974683544304"
"2","10","0.0025","0.29","3","0.5","0.05","1","80","5","2","0","0.5","10","36","263","4.038022813688213"
"6","10","0.0025","0.29","3","0.5","0.05","1","80","5","2","0","0.5","10","35","245","4.081632653061225"
"3","10","0.0025","0.29","3","0.5","0.05","1","80","5","2","0","0.5","10","40","243","4.065843621399177"
"4","10","0.0025","0.29","3","0.5","0.05","1","80","5","2","0","0.5","10","16","240","3.995833333333333"
"6","10","0.0025","0.29","3","0.5","0.05","1","80","5","2","0","0.5","10","36","245","4.081632653061225"
"3","10","0.0025","0.29","3","0.5","0.05","1","80","5","2","0","0.5","10","41","243","4.061728395061729"
"5","10","0.0025","0.29","3","0.5","0.05","1","80","5","2","0","0.5","10","16","259","3.996138996138996"
"4","10","0.0025","0.29","3","0.5","0.05","1","80","5","2","0","0.5","10","17","240","3.9875"
"3","10","0.0025","0.29","3","0.5","0.05","1","80","5","2","0","0.5","10","42","243","4.065843621399177"
"4","10","0.0025","0.29","3","0.5","0.05","1","80","5","2","0","0.5","10","18","237","3.9873417721518987"
"5","10","0.0025","0.29","3","0.5","0.05","1","80","5","2","0","0.5","10","17","259","3.9922779922779923"
"5","10","0.0025","0.29","3","0.5","0.05","1","80","5","2","0","0.5","10","18","258","3.996124031007752"
"1","10","0.0025","0.29","3","0.5","0.05","1","80","5","2","0","0.5","10","22","236","4.038135593220339"
"3","10","0.0025","0.29","3","0.5","0.05","1","80","5","2","0","0.5","10","43","241","4.058091286307054"
"1","10","0.0025","0.29","3","0.5","0.05","1","80","5","2","0","0.5","10","23","236","4.038135593220339"
"6","10","0.0025","0.29","3","0.5","0.05","1","80","5","2","0","0.5","10","37","252","3.9523809523809526"
"2","10","0.0025","0.29","3","0.5","0.05","1","80","5","2","0","0.5","10","37","272","3.886029411764706"
"4","10","0.0025","0.29","3","0.5","0.05","1","80","5","2","0","0.5","10","19","237","3.9873417721518987"
"3","10","0.0025","0.29","3","0.5","0.05","1","80","5","2","0","0.5","10","44","241","4.062240663900415"
"1","10","0.0025","0.29","3","0.5","0.05","1","80","5","2","0","0.5","10","24","236","4.038135593220339"
"6","10","0.0025","0.29","3","0.5","0.05","1","80","5","2","0","0.5","10","38","250","4.084"
"2","10","0.0025","0.29","3","0.5","0.05","1","80","5","2","0","0.5","10","38","272","4.033088235294118"
"3","10","0.0025","0.29","3","0.5","0.05","1","80","5","2","0","0.5","10","45","239","4.058577405857741"
"4","10","0.0025","0.29","3","0.5","0.05","1","80","5","2","0","0.5","10","20","236","3.98728813559322"
"6","10","0.0025","0.29","3","0.5","0.05","1","80","5","2","0","0.5","10","39","249","4.080321285140562"
"2","10","0.0025","0.29","3","0.5","0.05","1","80","5","2","0","0.5","10","39","270","4.033333333333333"
"4","10","0.0025","0.29","3","0.5","0.05","1","80","5","2","0","0.5","10","21","235","3.9872340425531916"
"5","10","0.0025","0.29","3","0.5","0.05","1","80","5","2","0","0.5","10","19","257","3.9961089494163424"
"3","10","0.0025","0.29","3","0.5","0.05","1","80","5","2","0","0.5","10","46","239","4.062761506276151"
"5","10","0.0025","0.29","3","0.5","0.05","1","80","5","2","0","0.5","10","20","257","4.003891050583658"
"3","10","0.0025","0.29","3","0.5","0.05","1","80","5","2","0","0.5","10","47","238","4.0588235294117645"
"6","10","0.0025","0.29","3","0.5","0.05","1","80","5","2","0","0.5","10","40","248","4.080645161290323"
"3","10","0.0025","0.29","3","0.5","0.05","1","80","5","2","0","0.5","10","48","238","4.063025210084033"
"5","10","0.0025","0.29","3","0.5","0.05","1","80","5","2","0","0.5","10","21","257","4.003891050583658"
"2","10","0.0025","0.29","3","0.5","0.05","1","80","5","2","0","0.5","10","40","269","4.022304832713755"
"6","10","0.0025","0.29","3","0.5","0.05","1","80","5","2","0","0.5","10","41","246","4.08130081300813"
"2","10","0.0025","0.29","3","0.5","0.05","1","80","5","2","0","0.5","10","41","269","4.022304832713755"
"6","10","0.0025","0.29","3","0.5","0.05","1","80","5","2","0","0.5","10","42","244","4.081967213114754"
"1","10","0.0025","0.29","3","0.5","0.05","1","80","5","2","0","0.5","10","25","258","3.693798449612403"
"2","10","0.0025","0.29","3","0.5","0.05","1","80","5","2","0","0.5","10","42","269","4.022304832713755"
"4","10","0.0025","0.29","3","0.5","0.05","1","80","5","2","0","0.5","10","22","235","3.9872340425531916"
"1","10","0.0025","0.29","3","0.5","0.05","1","80","5","2","0","0.5","10","26","258","4.034883720930233"
"4","10","0.0025","0.29","3","0.5","0.05","1","80","5","2","0","0.5","10","23","235","3.9872340425531916"
"1","10","0.0025","0.29","3","0.5","0.05","1","80","5","2","0","0.5","10","27","258","4.0271317829457365"
"4","10","0.0025","0.29","3","0.5","0.05","1","80","5","2","0","0.5","10","24","233","3.9871244635193133"
"3","10","0.0025","0.29","3","0.5","0.05","1","80","5","2","0","0.5","10","49","254","3.7874015748031495"
"2","10","0.0025","0.29","3","0.5","0.05","1","80","5","2","0","0.5","10","43","268","4.022388059701493"
"5","10","0.0025","0.29","3","0.5","0.05","1","80","5","2","0","0.5","10","22","257","4.003891050583658"
"6","10","0.0025","0.29","3","0.5","0.05","1","80","5","2","0","0.5","10","43","244","4.081967213114754"
"3","10","0.0025","0.29","3","0.5","0.05","1","80","5","2","0","0.5","10","50","253","4.019762845849803"
"2","10","0.0025","0.29","3","0.5","0.05","1","80","5","2","0","0.5","10","44","268","4.022388059701493"
"6","10","0.0025","0.29","3","0.5","0.05","1","80","5","2","0","0.5","10","44","244","4.081967213114754"
"3","10","0.0025","0.29","3","0.5","0.05","1","80","5","2","0","0.5","10","51","253","4.007905138339921"
"2","10","0.0025","0.29","3","0.5","0.05","1","80","5","2","0","0.5","10","45","267","4.022471910112359"
"1","10","0.0025","0.29","3","0.5","0.05","1","80","5","2","0","0.5","10","28","258","4.01937984496124"
"5","10","0.0025","0.29","3","0.5","0.05","1","80","5","2","0","0.5","10","23","255","4.007843137254902"
"6","10","0.0025","0.29","3","0.5","0.05","1","80","5","2","0","0.5","10","45","243","4.082304526748971"
"1","10","0.0025","0.29","3","0.5","0.05","1","80","5","2","0","0.5","10","29","256","4.0234375"
"5","10","0.0025","0.29","3","0.5","0.05","1","80","5","2","0","0.5","10","24","255","4.007843137254902"
"1","10","0.0025","0.29","3","0.5","0.05","1","80","5","2","0","0.5","10","30","253","4.015810276679842"
"3","10","0.0025","0.29","3","0.5","0.05","1","80","5","2","0","0.5","10","52","252","4.007936507936508"
"2","10","0.0025","0.29","3","0.5","0.05","1","80","5","2","0","0.5","10","46","267","4.022471910112359"
"3","10","0.0025","0.29","3","0.5","0.05","1","80","5","2","0","0.5","10","53","252","4.007936507936508"
"6","10","0.0025","0.29","3","0.5","0.05","1","80","5","2","0","0.5","10","46","240","4.083333333333333"
"4","10","0.0025","0.29","3","0.5","0.05","1","80","5","2","0","0.5","10","25","248","3.7016129032258065"
"3","10","0.0025","0.29","3","0.5","0.05","1","80","5","2","0","0.5","10","54","252","4.011904761904762"
"2","10","0.0025","0.29","3","0.5","0.05","1","80","5","2","0","0.5","10","47","265","4.018867924528302"
"6","10","0.0025","0.29","3","0.5","0.05","1","80","5","2","0","0.5","10","47","240","4.083333333333333"
"4","10","0.0025","0.29","3","0.5","0.05","1","80","5","2","0","0.5","10","26","248","3.935483870967742"
"2","10","0.0025","0.29","3","0.5","0.05","1","80","5","2","0","0.5","10","48","265","4.0150943396226415"
"4","10","0.0025","0.29","3","0.5","0.05","1","80","5","2","0","0.5","10","27","248","3.931451612903226"
"6","10","0.0025","0.29","3","0.5","0.05","1","80","5","2","0","0.5","10","48","240","4.083333333333333"
"1","10","0.0025","0.29","3","0.5","0.05","1","80","5","2","0","0.5","10","31","251","4.0199203187251"
"3","10","0.0025","0.29","3","0.5","0.05","1","80","5","2","0","0.5","10","55","251","4.01593625498008"
"1","10","0.0025","0.29","3","0.5","0.05","1","80","5","2","0","0.5","10","32","249","4.024096385542169"
"3","10","0.0025","0.29","3","0.5","0.05","1","80","5","2","0","0.5","10","56","251","4.01195219123506"
"1","10","0.0025","0.29","3","0.5","0.05","1","80","5","2","0","0.5","10","33","248","4.028225806451613"
"3","10","0.0025","0.29","3","0.5","0.05","1","80","5","2","0","0.5","10","57","251","4.01593625498008"
"4","10","0.0025","0.29","3","0.5","0.05","1","80","5","2","0","0.5","10","28","247","3.931174089068826"
"5","10","0.0025","0.29","3","0.5","0.05","1","80","5","2","0","0.5","10","25","274","3.7153284671532845"
"2","10","0.0025","0.29","3","0.5","0.05","1","80","5","2","0","0.5","10","49","283","3.7597173144876326"
"4","10","0.0025","0.29","3","0.5","0.05","1","80","5","2","0","0.5","10","29","247","3.931174089068826"
"6","10","0.0025","0.29","3","0.5","0.05","1","80","5","2","0","0.5","10","49","256","3.78515625"
"2","10","0.0025","0.29","3","0.5","0.05","1","80","5","2","0","0.5","10","50","282","3.9893617021276597"
"4","10","0.0025","0.29","3","0.5","0.05","1","80","5","2","0","0.5","10","30","245","3.9306122448979592"
"5","10","0.0025","0.29","3","0.5","0.05","1","80","5","2","0","0.5","10","26","273","3.978021978021978"
"6","10","0.0025","0.29","3","0.5","0.05","1","80","5","2","0","0.5","10","50","254","4.039370078740157"
"2","10","0.0025","0.29","3","0.5","0.05","1","80","5","2","0","0.5","10","51","281","3.99288256227758"
"3","10","0.0025","0.29","3","0.5","0.05","1","80","5","2","0","0.5","10","58","249","4.0120481927710845"
"6","10","0.0025","0.29","3","0.5","0.05","1","80","5","2","0","0.5","10","51","254","4.035433070866142"
"5","10","0.0025","0.29","3","0.5","0.05","1","80","5","2","0","0.5","10","27","273","3.970695970695971"
"3","10","0.0025","0.29","3","0.5","0.05","1","80","5","2","0","0.5","10","59","247","4.012145748987854"
"3","10","0.0025","0.29","3","0.5","0.05","1","80","5","2","0","0.5","10","60","247","4.004048582995951"
"1","10","0.0025","0.29","3","0.5","0.05","1","80","5","2","0","0.5","10","34","247","4.02834008097166"
"4","10","0.0025","0.29","3","0.5","0.05","1","80","5","2","0","0.5","10","31","244","3.930327868852459"
"6","10","0.0025","0.29","3","0.5","0.05","1","80","5","2","0","0.5","10","52","254","4.035433070866142"
"1","10","0.0025","0.29","3","0.5","0.05","1","80","5","2","0","0.5","10","35","246","4.028455284552845"
"2","10","0.0025","0.29","3","0.5","0.05","1","80","5","2","0","0.5","10","52","278","3.9928057553956835"
"4","10","0.0025","0.29","3","0.5","0.05","1","80","5","2","0","0.5","10","32","244","3.930327868852459"
"6","10","0.0025","0.29","3","0.5","0.05","1","80","5","2","0","0.5","10","53","253","4.047430830039525"
"1","10","0.0025","0.29","3","0.5","0.05","1","80","5","2","0","0.5","10","36","246","4.028455284552845"
"2","10","0.0025","0.29","3","0.5","0.05","1","80","5","2","0","0.5","10","53","277","3.996389891696751"
"6","10","0.0025","0.29","3","0.5","0.05","1","80","5","2","0","0.5","10","54","252","4.0436507936507935"
"4","10","0.0025","0.29","3","0.5","0.05","1","80","5","2","0","0.5","10","33","243","3.934156378600823"
"2","10","0.0025","0.29","3","0.5","0.05","1","80","5","2","0","0.5","10","54","275","3.9963636363636366"
"5","10","0.0025","0.29","3","0.5","0.05","1","80","5","2","0","0.5","10","28","273","3.9853479853479854"
"3","10","0.0025","0.29","3","0.5","0.05","1","80","5","2","0","0.5","10","61","258","3.806201550387597"
"5","10","0.0025","0.29","3","0.5","0.05","1","80","5","2","0","0.5","10","29","272","3.9926470588235294"
"3","10","0.0025","0.29","3","0.5","0.05","1","80","5","2","0","0.5","10","62","258","4.007751937984496"
"5","10","0.0025","0.29","3","0.5","0.05","1","80","5","2","0","0.5","10","30","270","3.988888888888889"
"6","10","0.0025","0.29","3","0.5","0.05","1","80","5","2","0","0.5","10","55","251","4.043824701195219"
"3","10","0.0025","0.29","3","0.5","0.05","1","80","5","2","0","0.5","10","63","257","4.023346303501945"
"6","10","0.0025","0.29","3","0.5","0.05","1","80","5","2","0","0.5","10","56","250","4.044"
"2","10","0.0025","0.29","3","0.5","0.05","1","80","5","2","0","0.5","10","55","273","3.9963369963369964"
"6","10","0.0025","0.29","3","0.5","0.05","1","80","5","2","0","0.5","10","57","250","4.044"
"4","10","0.0025","0.29","3","0.5","0.05","1","80","5","2","0","0.5","10","34","241","3.929460580912863"
"1","10","0.0025","0.29","3","0.5","0.05","1","80","5","2","0","0.5","10","37","257","3.8443579766536966"
"2","10","0.0025","0.29","3","0.5","0.05","1","80","5","2","0","0.5","10","56","271","3.996309963099631"
"3","10","0.0025","0.29","3","0.5","0.05","1","80","5","2","0","0.5","10","64","255","4.007843137254902"
"2","10","0.0025","0.29","3","0.5","0.05","1","80","5","2","0","0.5","10","57","270","3.9925925925925925"
"1","10","0.0025","0.29","3","0.5","0.05","1","80","5","2","0","0.5","10","38","257","4.0505836575875485"
"3","10","0.0025","0.29","3","0.5","0.05","1","80","5","2","0","0.5","10","65","254","4.015748031496063"
"1","10","0.0025","0.29","3","0.5","0.05","1","80","5","2","0","0.5","10","39","257","4.042801556420233"
"4","10","0.0025","0.29","3","0.5","0.05","1","80","5","2","0","0.5","10","35","241","3.929460580912863"
"3","10","0.0025","0.29","3","0.5","0.05","1","80","5","2","0","0.5","10","66","253","4.011857707509882"
"6","10","0.0025","0.29","3","0.5","0.05","1","80","5","2","0","0.5","10","58","249","4.044176706827309"
"5","10","0.0025","0.29","3","0.5","0.05","1","80","5","2","0","0.5","10","31","269","3.9851301115241635"
"4","10","0.0025","0.29","3","0.5","0.05","1","80","5","2","0","0.5","10","36","241","3.929460580912863"
"6","10","0.0025","0.29","3","0.5","0.05","1","80","5","2","0","0.5","10","59","249","4.044176706827309"
"5","10","0.0025","0.29","3","0.5","0.05","1","80","5","2","0","0.5","10","32","269","3.9814126394052045"
"6","10","0.0025","0.29","3","0.5","0.05","1","80","5","2","0","0.5","10","60","247","4.044534412955466"
"5","10","0.0025","0.29","3","0.5","0.05","1","80","5","2","0","0.5","10","33","269","3.9814126394052045"
"2","10","0.0025","0.29","3","0.5","0.05","1","80","5","2","0","0.5","10","58","268","3.9925373134328357"
"3","10","0.0025","0.29","3","0.5","0.05","1","80","5","2","0","0.5","10","67","253","4.019762845849803"
"1","10","0.0025","0.29","3","0.5","0.05","1","80","5","2","0","0.5","10","40","256","4.04296875"
"2","10","0.0025","0.29","3","0.5","0.05","1","80","5","2","0","0.5","10","59","268","3.9925373134328357"
"1","10","0.0025","0.29","3","0.5","0.05","1","80","5","2","0","0.5","10","41","254","4.043307086614173"
"2","10","0.0025","0.29","3","0.5","0.05","1","80","5","2","0","0.5","10","60","267","3.9887640449438204"
"3","10","0.0025","0.29","3","0.5","0.05","1","80","5","2","0","0.5","10","68","253","4.007905138339921"
"3","10","0.0025","0.29","3","0.5","0.05","1","80","5","2","0","0.5","10","69","251","4.01593625498008"
"1","10","0.0025","0.29","3","0.5","0.05","1","80","5","2","0","0.5","10","42","254","4.043307086614173"
"4","10","0.0025","0.29","3","0.5","0.05","1","80","5","2","0","0.5","10","37","256","3.66796875"
"5","10","0.0025","0.29","3","0.5","0.05","1","80","5","2","0","0.5","10","34","267","3.9812734082397006"
"4","10","0.0025","0.29","3","0.5","0.05","1","80","5","2","0","0.5","10","38","255","3.8862745098039215"
"4","10","0.0025","0.29","3","0.5","0.05","1","80","5","2","0","0.5","10","39","255","3.8901960784313725"
"6","10","0.0025","0.29","3","0.5","0.05","1","80","5","2","0","0.5","10","61","277","3.55956678700361"
"3","10","0.0025","0.29","3","0.5","0.05","1","80","5","2","0","0.5","10","70","250","4.008"
"1","10","0.0025","0.29","3","0.5","0.05","1","80","5","2","0","0.5","10","43","254","4.043307086614173"
"3","10","0.0025","0.29","3","0.5","0.05","1","80","5","2","0","0.5","10","71","249","4.0120481927710845"
"6","10","0.0025","0.29","3","0.5","0.05","1","80","5","2","0","0.5","10","62","275","4.069090909090909"
"1","10","0.0025","0.29","3","0.5","0.05","1","80","5","2","0","0.5","10","44","254","4.043307086614173"
"3","10","0.0025","0.29","3","0.5","0.05","1","80","5","2","0","0.5","10","72","249","4.008032128514056"
"6","10","0.0025","0.29","3","0.5","0.05","1","80","5","2","0","0.5","10","63","275","4.058181818181819"
"1","10","0.0025","0.29","3","0.5","0.05","1","80","5","2","0","0.5","10","45","254","4.043307086614173"
"4","10","0.0025","0.29","3","0.5","0.05","1","80","5","2","0","0.5","10","40","255","3.8862745098039215"
"5","10","0.0025","0.29","3","0.5","0.05","1","80","5","2","0","0.5","10","35","266","3.981203007518797"
"2","10","0.0025","0.29","3","0.5","0.05","1","80","5","2","0","0.5","10","61","283","3.7314487632508833"
"4","10","0.0025","0.29","3","0.5","0.05","1","80","5","2","0","0.5","10","41","255","3.8862745098039215"
"2","10","0.0025","0.29","3","0.5","0.05","1","80","5","2","0","0.5","10","62","282","4"
"5","10","0.0025","0.29","3","0.5","0.05","1","80","5","2","0","0.5","10","36","266","3.981203007518797"
"2","10","0.0025","0.29","3","0.5","0.05","1","80","5","2","0","0.5","10","63","282","4"
"6","10","0.0025","0.29","3","0.5","0.05","1","80","5","2","0","0.5","10","64","275","4.076363636363636"
"4","10","0.0025","0.29","3","0.5","0.05","1","80","5","2","0","0.5","10","42","255","3.8862745098039215"
"6","10","0.0025","0.29","3","0.5","0.05","1","80","5","2","0","0.5","10","65","274","4.069343065693431"
"1","10","0.0025","0.29","3","0.5","0.05","1","80","5","2","0","0.5","10","46","252","4.0436507936507935"
"6","10","0.0025","0.29","3","0.5","0.05","1","80","5","2","0","0.5","10","66","272","4.080882352941177"
"1","10","0.0025","0.29","3","0.5","0.05","1","80","5","2","0","0.5","10","47","252","4.0436507936507935"
"3","10","0.0025","0.29","3","0.5","0.05","1","80","5","2","0","0.5","10","73","262","3.782442748091603"
"4","10","0.0025","0.29","3","0.5","0.05","1","80","5","2","0","0.5","10","43","253","3.889328063241107"
"3","10","0.0025","0.29","3","0.5","0.05","1","80","5","2","0","0.5","10","74","261","3.9885057471264367"
"1","10","0.0025","0.29","3","0.5","0.05","1","80","5","2","0","0.5","10","48","250","4.048"
"3","10","0.0025","0.29","3","0.5","0.05","1","80","5","2","0","0.5","10","75","260","4.003846153846154"
"4","10","0.0025","0.29","3","0.5","0.05","1","80","5","2","0","0.5","10","44","252","3.888888888888889"
"2","10","0.0025","0.29","3","0.5","0.05","1","80","5","2","0","0.5","10","64","282","4"
"2","10","0.0025","0.29","3","0.5","0.05","1","80","5","2","0","0.5","10","65","282","4"
"4","10","0.0025","0.29","3","0.5","0.05","1","80","5","2","0","0.5","10","45","252","3.888888888888889"
"6","10","0.0025","0.29","3","0.5","0.05","1","80","5","2","0","0.5","10","67","272","4.077205882352941"
"2","10","0.0025","0.29","3","0.5","0.05","1","80","5","2","0","0.5","10","66","281","4"
"6","10","0.0025","0.29","3","0.5","0.05","1","80","5","2","0","0.5","10","68","270","4.0777777777777775"
"3","10","0.0025","0.29","3","0.5","0.05","1","80","5","2","0","0.5","10","76","260","4"
"6","10","0.0025","0.29","3","0.5","0.05","1","80","5","2","0","0.5","10","69","268","4.063432835820896"
"3","10","0.0025","0.29","3","0.5","0.05","1","80","5","2","0","0.5","10","77","259","4.003861003861004"
"2","10","0.0025","0.29","3","0.5","0.05","1","80","5","2","0","0.5","10","67","280","4"
"5","10","0.0025","0.29","3","0.5","0.05","1","80","5","2","0","0.5","10","37","282","3.7588652482269502"
"4","10","0.0025","0.29","3","0.5","0.05","1","80","5","2","0","0.5","10","46","250","3.888"
"3","10","0.0025","0.29","3","0.5","0.05","1","80","5","2","0","0.5","10","78","259","4.003861003861004"
"2","10","0.0025","0.29","3","0.5","0.05","1","80","5","2","0","0.5","10","68","278","4.003597122302159"
"4","10","0.0025","0.29","3","0.5","0.05","1","80","5","2","0","0.5","10","47","250","3.888"
"1","10","0.0025","0.29","3","0.5","0.05","1","80","5","2","0","0.5","10","49","265","3.8"
"2","10","0.0025","0.29","3","0.5","0.05","1","80","5","2","0","0.5","10","69","277","4.003610108303249"
"4","10","0.0025","0.29","3","0.5","0.05","1","80","5","2","0","0.5","10","48","248","3.8870967741935485"
"5","10","0.0025","0.29","3","0.5","0.05","1","80","5","2","0","0.5","10","38","282","4.00354609929078"
"6","10","0.0025","0.29","3","0.5","0.05","1","80","5","2","0","0.5","10","70","267","4.071161048689139"
"1","10","0.0025","0.29","3","0.5","0.05","1","80","5","2","0","0.5","10","50","264","4.037878787878788"
"3","10","0.0025","0.29","3","0.5","0.05","1","80","5","2","0","0.5","10","79","259","4.003861003861004"
"6","10","0.0025","0.29","3","0.5","0.05","1","80","5","2","0","0.5","10","71","264","4.0643939393939394"
"1","10","0.0025","0.29","3","0.5","0.05","1","80","5","2","0","0.5","10","51","264","4.037878787878788"
"3","10","0.0025","0.29","3","0.5","0.05","1","80","5","2","0","0.5","10","80","258","4"
"6","10","0.0025","0.29","3","0.5","0.05","1","80","5","2","0","0.5","10","72","264","4.071969696969697"
"5","10","0.0025","0.29","3","0.5","0.05","1","80","5","2","0","0.5","10","39","282","4.01063829787234"
"3","10","0.0025","0.29","3","0.5","0.05","1","80","5","2","0","0.5","10","81","258","4.003875968992248"
"2","10","0.0025","0.29","3","0.5","0.05","1","80","5","2","0","0.5","10","70","276","4"
"1","10","0.0025","0.29","3","0.5","0.05","1","80","5","2","0","0.5","10","52","262","4.038167938931298"
"2","10","0.0025","0.29","3","0.5","0.05","1","80","5","2","0","0.5","10","71","275","4.003636363636364"
"1","10","0.0025","0.29","3","0.5","0.05","1","80","5","2","0","0.5","10","53","261","4.042145593869732"
"2","10","0.0025","0.29","3","0.5","0.05","1","80","5","2","0","0.5","10","72","275","4.003636363636364"
"1","10","0.0025","0.29","3","0.5","0.05","1","80","5","2","0","0.5","10","54","259","4.038610038610039"
"3","10","0.0025","0.29","3","0.5","0.05","1","80","5","2","0","0.5","10","82","255","4"
"5","10","0.0025","0.29","3","0.5","0.05","1","80","5","2","0","0.5","10","40","282","4.00709219858156"
"3","10","0.0025","0.29","3","0.5","0.05","1","80","5","2","0","0.5","10","83","254","4.003937007874016"
"5","10","0.0025","0.29","3","0.5","0.05","1","80","5","2","0","0.5","10","41","282","4.00709219858156"
"4","10","0.0025","0.29","3","0.5","0.05","1","80","5","2","0","0.5","10","49","257","3.7509727626459144"
"3","10","0.0025","0.29","3","0.5","0.05","1","80","5","2","0","0.5","10","84","254","4"
"6","10","0.0025","0.29","3","0.5","0.05","1","80","5","2","0","0.5","10","73","276","3.858695652173913"
"4","10","0.0025","0.29","3","0.5","0.05","1","80","5","2","0","0.5","10","50","255","3.8980392156862744"
"5","10","0.0025","0.29","3","0.5","0.05","1","80","5","2","0","0.5","10","42","281","4.01067615658363"
"6","10","0.0025","0.29","3","0.5","0.05","1","80","5","2","0","0.5","10","74","276","4.065217391304348"
"4","10","0.0025","0.29","3","0.5","0.05","1","80","5","2","0","0.5","10","51","254","3.8976377952755907"
"6","10","0.0025","0.29","3","0.5","0.05","1","80","5","2","0","0.5","10","75","273","4.08058608058608"
"2","10","0.0025","0.29","3","0.5","0.05","1","80","5","2","0","0.5","10","73","284","3.8485915492957745"
"1","10","0.0025","0.29","3","0.5","0.05","1","80","5","2","0","0.5","10","55","258","4.042635658914729"
"2","10","0.0025","0.29","3","0.5","0.05","1","80","5","2","0","0.5","10","74","282","4.0212765957446805"
"1","10","0.0025","0.29","3","0.5","0.05","1","80","5","2","0","0.5","10","56","257","4.038910505836576"
"2","10","0.0025","0.29","3","0.5","0.05","1","80","5","2","0","0.5","10","75","281","4.02491103202847"
"1","10","0.0025","0.29","3","0.5","0.05","1","80","5","2","0","0.5","10","57","257","4.038910505836576"
"3","10","0.0025","0.29","3","0.5","0.05","1","80","5","2","0","0.5","10","85","276","3.61231884057971"
"5","10","0.0025","0.29","3","0.5","0.05","1","80","5","2","0","0.5","10","43","279","4.017921146953405"
"3","10","0.0025","0.29","3","0.5","0.05","1","80","5","2","0","0.5","10","86","275","3.9963636363636366"
"6","10","0.0025","0.29","3","0.5","0.05","1","80","5","2","0","0.5","10","76","272","4.0625"
"4","10","0.0025","0.29","3","0.5","0.05","1","80","5","2","0","0.5","10","52","253","3.897233201581028"
"5","10","0.0025","0.29","3","0.5","0.05","1","80","5","2","0","0.5","10","44","279","4.010752688172043"
"3","10","0.0025","0.29","3","0.5","0.05","1","80","5","2","0","0.5","10","87","275","4.003636363636364"
"6","10","0.0025","0.29","3","0.5","0.05","1","80","5","2","0","0.5","10","77","270","4.059259259259259"
"4","10","0.0025","0.29","3","0.5","0.05","1","80","5","2","0","0.5","10","53","252","3.8968253968253967"
"5","10","0.0025","0.29","3","0.5","0.05","1","80","5","2","0","0.5","10","45","278","4.010791366906475"
"6","10","0.0025","0.29","3","0.5","0.05","1","80","5","2","0","0.5","10","78","270","4.051851851851852"
"2","10","0.0025","0.29","3","0.5","0.05","1","80","5","2","0","0.5","10","76","279","4.025089605734767"
"4","10","0.0025","0.29","3","0.5","0.05","1","80","5","2","0","0.5","10","54","252","3.8968253968253967"
"2","10","0.0025","0.29","3","0.5","0.05","1","80","5","2","0","0.5","10","77","279","4.025089605734767"
"2","10","0.0025","0.29","3","0.5","0.05","1","80","5","2","0","0.5","10","78","278","4.025179856115108"
"1","10","0.0025","0.29","3","0.5","0.05","1","80","5","2","0","0.5","10","58","256","4.04296875"
"3","10","0.0025","0.29","3","0.5","0.05","1","80","5","2","0","0.5","10","88","273","4.007326007326007"
"1","10","0.0025","0.29","3","0.5","0.05","1","80","5","2","0","0.5","10","59","256","4.04296875"
"1","10","0.0025","0.29","3","0.5","0.05","1","80","5","2","0","0.5","10","60","254","4.047244094488189"
"3","10","0.0025","0.29","3","0.5","0.05","1","80","5","2","0","0.5","10","89","273","4.014652014652015"
"5","10","0.0025","0.29","3","0.5","0.05","1","80","5","2","0","0.5","10","46","278","4.017985611510792"
"6","10","0.0025","0.29","3","0.5","0.05","1","80","5","2","0","0.5","10","79","269","4.052044609665428"
"3","10","0.0025","0.29","3","0.5","0.05","1","80","5","2","0","0.5","10","90","272","4.0036764705882355"
"5","10","0.0025","0.29","3","0.5","0.05","1","80","5","2","0","0.5","10","47","276","4.018115942028985"
"6","10","0.0025","0.29","3","0.5","0.05","1","80","5","2","0","0.5","10","80","268","4.048507462686567"
"2","10","0.0025","0.29","3","0.5","0.05","1","80","5","2","0","0.5","10","79","276","4.021739130434782"
"5","10","0.0025","0.29","3","0.5","0.05","1","80","5","2","0","0.5","10","48","274","4.018248175182482"
"6","10","0.0025","0.29","3","0.5","0.05","1","80","5","2","0","0.5","10","81","266","4.052631578947368"
"4","10","0.0025","0.29","3","0.5","0.05","1","80","5","2","0","0.5","10","55","249","3.891566265060241"
"2","10","0.0025","0.29","3","0.5","0.05","1","80","5","2","0","0.5","10","80","275","4.0181818181818185"
"4","10","0.0025","0.29","3","0.5","0.05","1","80","5","2","0","0.5","10","56","249","3.887550200803213"
"2","10","0.0025","0.29","3","0.5","0.05","1","80","5","2","0","0.5","10","81","274","4.018248175182482"
"3","10","0.0025","0.29","3","0.5","0.05","1","80","5","2","0","0.5","10","91","271","4.007380073800738"
"4","10","0.0025","0.29","3","0.5","0.05","1","80","5","2","0","0.5","10","57","248","3.8870967741935485"
"3","10","0.0025","0.29","3","0.5","0.05","1","80","5","2","0","0.5","10","92","269","4.007434944237918"
"1","10","0.0025","0.29","3","0.5","0.05","1","80","5","2","0","0.5","10","61","268","3.8171641791044775"
"3","10","0.0025","0.29","3","0.5","0.05","1","80","5","2","0","0.5","10","93","268","4.014925373134329"
"6","10","0.0025","0.29","3","0.5","0.05","1","80","5","2","0","0.5","10","82","263","4.0494296577946765"
"1","10","0.0025","0.29","3","0.5","0.05","1","80","5","2","0","0.5","10","62","268","4.048507462686567"
"6","10","0.0025","0.29","3","0.5","0.05","1","80","5","2","0","0.5","10","83","261","4.053639846743295"
"1","10","0.0025","0.29","3","0.5","0.05","1","80","5","2","0","0.5","10","63","268","4.063432835820896"
"6","10","0.0025","0.29","3","0.5","0.05","1","80","5","2","0","0.5","10","84","260","4.05"
"2","10","0.0025","0.29","3","0.5","0.05","1","80","5","2","0","0.5","10","82","272","4.014705882352941"
"4","10","0.0025","0.29","3","0.5","0.05","1","80","5","2","0","0.5","10","58","244","3.8852459016393444"
"2","10","0.0025","0.29","3","0.5","0.05","1","80","5","2","0","0.5","10","83","271","4.011070110701107"
"4","10","0.0025","0.29","3","0.5","0.05","1","80","5","2","0","0.5","10","59","243","3.880658436213992"
"3","10","0.0025","0.29","3","0.5","0.05","1","80","5","2","0","0.5","10","94","267","4.01123595505618"
"2","10","0.0025","0.29","3","0.5","0.05","1","80","5","2","0","0.5","10","84","270","4.014814814814815"
"4","10","0.0025","0.29","3","0.5","0.05","1","80","5","2","0","0.5","10","60","242","3.884297520661157"
"3","10","0.0025","0.29","3","0.5","0.05","1","80","5","2","0","0.5","10","95","265","4.011320754716981"
"1","10","0.0025","0.29","3","0.5","0.05","1","80","5","2","0","0.5","10","64","266","4.06390977443609"
"5","10","0.0025","0.29","3","0.5","0.05","1","80","5","2","0","0.5","10","49","294","3.7448979591836733"
"3","10","0.0025","0.29","3","0.5","0.05","1","80","5","2","0","0.5","10","96","263","4.007604562737643"
"1","10","0.0025","0.29","3","0.5","0.05","1","80","5","2","0","0.5","10","65","264","4.0643939393939394"
"1","10","0.0025","0.29","3","0.5","0.05","1","80","5","2","0","0.5","10","66","264","4.0643939393939394"
"5","10","0.0025","0.29","3","0.5","0.05","1","80","5","2","0","0.5","10","50","293","4.023890784982935"
"5","10","0.0025","0.29","3","0.5","0.05","1","80","5","2","0","0.5","10","51","292","4.02054794520548"
"6","10","0.0025","0.29","3","0.5","0.05","1","80","5","2","0","0.5","10","85","278","3.79136690647482"
"4","10","0.0025","0.29","3","0.5","0.05","1","80","5","2","0","0.5","10","61","260","3.6115384615384616"
"6","10","0.0025","0.29","3","0.5","0.05","1","80","5","2","0","0.5","10","86","278","4.057553956834532"
"2","10","0.0025","0.29","3","0.5","0.05","1","80","5","2","0","0.5","10","85","289","3.737024221453287"
"4","10","0.0025","0.29","3","0.5","0.05","1","80","5","2","0","0.5","10","62","260","3.876923076923077"
"6","10","0.0025","0.29","3","0.5","0.05","1","80","5","2","0","0.5","10","87","277","4.064981949458484"
"3","10","0.0025","0.29","3","0.5","0.05","1","80","5","2","0","0.5","10","97","281","3.7402135231316724"
"4","10","0.0025","0.29","3","0.5","0.05","1","80","5","2","0","0.5","10","63","258","3.87984496124031"
"5","10","0.0025","0.29","3","0.5","0.05","1","80","5","2","0","0.5","10","52","292","4.013698630136986"
"2","10","0.0025","0.29","3","0.5","0.05","1","80","5","2","0","0.5","10","86","289","3.986159169550173"
"3","10","0.0025","0.29","3","0.5","0.05","1","80","5","2","0","0.5","10","98","281","4.07829181494662"
"1","10","0.0025","0.29","3","0.5","0.05","1","80","5","2","0","0.5","10","67","263","4.064638783269962"
"5","10","0.0025","0.29","3","0.5","0.05","1","80","5","2","0","0.5","10","53","291","4.020618556701031"
"3","10","0.0025","0.29","3","0.5","0.05","1","80","5","2","0","0.5","10","99","280","4.067857142857143"
"1","10","0.0025","0.29","3","0.5","0.05","1","80","5","2","0","0.5","10","68","263","4.068441064638783"
"2","10","0.0025","0.29","3","0.5","0.05","1","80","5","2","0","0.5","10","87","289","3.986159169550173"
"5","10","0.0025","0.29","3","0.5","0.05","1","80","5","2","0","0.5","10","54","290","4.0137931034482754"
"1","10","0.0025","0.29","3","0.5","0.05","1","80","5","2","0","0.5","10","69","262","4.057251908396947"
"6","10","0.0025","0.29","3","0.5","0.05","1","80","5","2","0","0.5","10","88","277","4.0577617328519855"
"4","10","0.0025","0.29","3","0.5","0.05","1","80","5","2","0","0.5","10","64","255","3.8862745098039215"
"2","10","0.0025","0.29","3","0.5","0.05","1","80","5","2","0","0.5","10","88","288","3.986111111111111"
"6","10","0.0025","0.29","3","0.5","0.05","1","80","5","2","0","0.5","10","89","276","4.065217391304348"
"4","10","0.0025","0.29","3","0.5","0.05","1","80","5","2","0","0.5","10","65","255","3.8823529411764706"
"3","10","0.0025","0.29","3","0.5","0.05","1","80","5","2","0","0.5","10","100","279","4.060931899641577"
"6","10","0.0025","0.29","3","0.5","0.05","1","80","5","2","0","0.5","10","90","276","4.057971014492754"
"4","10","0.0025","0.29","3","0.5","0.05","1","80","5","2","0","0.5","10","66","253","3.8814229249011856"
"3","10","0.0025","0.29","3","0.5","0.05","1","80","5","2","0","0.5","10","101","278","4.0647482014388485"
"1","10","0.0025","0.29","3","0.5","0.05","1","80","5","2","0","0.5","10","70","261","4.053639846743295"
"2","10","0.0025","0.29","3","0.5","0.05","1","80","5","2","0","0.5","10","89","287","3.986062717770035"
"5","10","0.0025","0.29","3","0.5","0.05","1","80","5","2","0","0.5","10","55","289","4.02076124567474"
"3","10","0.0025","0.29","3","0.5","0.05","1","80","5","2","0","0.5","10","102","277","4.061371841155235"
"1","10","0.0025","0.29","3","0.5","0.05","1","80","5","2","0","0.5","10","71","259","4.054054054054054"
"2","10","0.0025","0.29","3","0.5","0.05","1","80","5","2","0","0.5","10","90","287","3.986062717770035"
"5","10","0.0025","0.29","3","0.5","0.05","1","80","5","2","0","0.5","10","56","289","4.017301038062284"
"1","10","0.0025","0.29","3","0.5","0.05","1","80","5","2","0","0.5","10","72","259","4.054054054054054"
"5","10","0.0025","0.29","3","0.5","0.05","1","80","5","2","0","0.5","10","57","286","4.024475524475524"
"6","10","0.0025","0.29","3","0.5","0.05","1","80","5","2","0","0.5","10","91","276","4.061594202898551"
"4","10","0.0025","0.29","3","0.5","0.05","1","80","5","2","0","0.5","10","67","252","3.884920634920635"
"6","10","0.0025","0.29","3","0.5","0.05","1","80","5","2","0","0.5","10","92","276","4.057971014492754"
"4","10","0.0025","0.29","3","0.5","0.05","1","80","5","2","0","0.5","10","68","250","3.888"
"6","10","0.0025","0.29","3","0.5","0.05","1","80","5","2","0","0.5","10","93","274","4.062043795620438"
"3","10","0.0025","0.29","3","0.5","0.05","1","80","5","2","0","0.5","10","103","277","4.0577617328519855"
"2","10","0.0025","0.29","3","0.5","0.05","1","80","5","2","0","0.5","10","91","287","3.986062717770035"
"4","10","0.0025","0.29","3","0.5","0.05","1","80","5","2","0","0.5","10","69","249","3.8835341365461846"
"3","10","0.0025","0.29","3","0.5","0.05","1","80","5","2","0","0.5","10","104","276","4.057971014492754"
"2","10","0.0025","0.29","3","0.5","0.05","1","80","5","2","0","0.5","10","92","286","3.986013986013986"
"3","10","0.0025","0.29","3","0.5","0.05","1","80","5","2","0","0.5","10","105","276","4.057971014492754"
"2","10","0.0025","0.29","3","0.5","0.05","1","80","5","2","0","0.5","10","93","285","3.982456140350877"
"5","10","0.0025","0.29","3","0.5","0.05","1","80","5","2","0","0.5","10","58","286","4.020979020979021"
"1","10","0.0025","0.29","3","0.5","0.05","1","80","5","2","0","0.5","10","73","270","3.8740740740740742"
"5","10","0.0025","0.29","3","0.5","0.05","1","80","5","2","0","0.5","10","59","286","4.024475524475524"
"6","10","0.0025","0.29","3","0.5","0.05","1","80","5","2","0","0.5","10","94","271","4.062730627306273"
"5","10","0.0025","0.29","3","0.5","0.05","1","80","5","2","0","0.5","10","60","286","4.020979020979021"
"1","10","0.0025","0.29","3","0.5","0.05","1","80","5","2","0","0.5","10","74","270","4.07037037037037"
"6","10","0.0025","0.29","3","0.5","0.05","1","80","5","2","0","0.5","10","95","271","4.0664206642066425"
"3","10","0.0025","0.29","3","0.5","0.05","1","80","5","2","0","0.5","10","106","275","4.058181818181819"
"4","10","0.0025","0.29","3","0.5","0.05","1","80","5","2","0","0.5","10","70","249","3.887550200803213"
"1","10","0.0025","0.29","3","0.5","0.05","1","80","5","2","0","0.5","10","75","269","4.070631970260223"
"6","10","0.0025","0.29","3","0.5","0.05","1","80","5","2","0","0.5","10","96","269","4.063197026022305"
"2","10","0.0025","0.29","3","0.5","0.05","1","80","5","2","0","0.5","10","94","285","3.9789473684210526"
"3","10","0.0025","0.29","3","0.5","0.05","1","80","5","2","0","0.5","10","107","274","4.0583941605839415"
"4","10","0.0025","0.29","3","0.5","0.05","1","80","5","2","0","0.5","10","71","246","3.8821138211382116"
"2","10","0.0025","0.29","3","0.5","0.05","1","80","5","2","0","0.5","10","95","285","3.9789473684210526"
"4","10","0.0025","0.29","3","0.5","0.05","1","80","5","2","0","0.5","10","72","245","3.8857142857142857"
"3","10","0.0025","0.29","3","0.5","0.05","1","80","5","2","0","0.5","10","108","273","4.058608058608058"
"2","10","0.0025","0.29","3","0.5","0.05","1","80","5","2","0","0.5","10","96","285","3.9789473684210526"
"1","10","0.0025","0.29","3","0.5","0.05","1","80","5","2","0","0.5","10","76","268","4.07089552238806"
"1","10","0.0025","0.29","3","0.5","0.05","1","80","5","2","0","0.5","10","77","267","4.059925093632959"
"1","10","0.0025","0.29","3","0.5","0.05","1","80","5","2","0","0.5","10","78","267","4.063670411985019"
"5","10","0.0025","0.29","3","0.5","0.05","1","80","5","2","0","0.5","10","61","294","3.9149659863945576"
"3","10","0.0025","0.29","3","0.5","0.05","1","80","5","2","0","0.5","10","109","296","3.7432432432432434"
"4","10","0.0025","0.29","3","0.5","0.05","1","80","5","2","0","0.5","10","73","269","3.520446096654275"
"6","10","0.0025","0.29","3","0.5","0.05","1","80","5","2","0","0.5","10","97","283","3.8303886925795054"
"1","10","0.0025","0.29","3","0.5","0.05","1","80","5","2","0","0.5","10","79","267","4.059925093632959"
"5","10","0.0025","0.29","3","0.5","0.05","1","80","5","2","0","0.5","10","62","293","4.013651877133106"
"2","10","0.0025","0.29","3","0.5","0.05","1","80","5","2","0","0.5","10","97","302","3.7417218543046356"
"3","10","0.0025","0.29","3","0.5","0.05","1","80","5","2","0","0.5","10","110","295","4.1084745762711865"
"6","10","0.0025","0.29","3","0.5","0.05","1","80","5","2","0","0.5","10","98","283","4.024734982332156"
"4","10","0.0025","0.29","3","0.5","0.05","1","80","5","2","0","0.5","10","74","266","3.943609022556391"
"1","10","0.0025","0.29","3","0.5","0.05","1","80","5","2","0","0.5","10","80","266","4.06390977443609"
"5","10","0.0025","0.29","3","0.5","0.05","1","80","5","2","0","0.5","10","63","293","4.010238907849829"
"3","10","0.0025","0.29","3","0.5","0.05","1","80","5","2","0","0.5","10","111","295","4.094915254237288"
"6","10","0.0025","0.29","3","0.5","0.05","1","80","5","2","0","0.5","10","99","283","4.028268551236749"
"4","10","0.0025","0.29","3","0.5","0.05","1","80","5","2","0","0.5","10","75","264","3.9204545454545454"
"2","10","0.0025","0.29","3","0.5","0.05","1","80","5","2","0","0.5","10","98","302","3.9602649006622515"
"1","10","0.0025","0.29","3","0.5","0.05","1","80","5","2","0","0.5","10","81","263","4.06083650190114"
"2","10","0.0025","0.29","3","0.5","0.05","1","80","5","2","0","0.5","10","99","301","3.953488372093023"
"3","10","0.0025","0.29","3","0.5","0.05","1","80","5","2","0","0.5","10","112","295","4.094915254237288"
"6","10","0.0025","0.29","3","0.5","0.05","1","80","5","2","0","0.5","10","100","283","4.024734982332156"
"5","10","0.0025","0.29","3","0.5","0.05","1","80","5","2","0","0.5","10","64","293","4.006825938566553"
"3","10","0.0025","0.29","3","0.5","0.05","1","80","5","2","0","0.5","10","113","294","4.095238095238095"
"6","10","0.0025","0.29","3","0.5","0.05","1","80","5","2","0","0.5","10","101","281","4.02846975088968"
"4","10","0.0025","0.29","3","0.5","0.05","1","80","5","2","0","0.5","10","76","263","3.923954372623574"
"5","10","0.0025","0.29","3","0.5","0.05","1","80","5","2","0","0.5","10","65","293","4.010238907849829"
"1","10","0.0025","0.29","3","0.5","0.05","1","80","5","2","0","0.5","10","82","262","4.076335877862595"
"3","10","0.0025","0.29","3","0.5","0.05","1","80","5","2","0","0.5","10","114","291","4.099656357388316"
"6","10","0.0025","0.29","3","0.5","0.05","1","80","5","2","0","0.5","10","102","279","4.028673835125448"
"1","10","0.0025","0.29","3","0.5","0.05","1","80","5","2","0","0.5","10","83","262","4.072519083969466"
"2","10","0.0025","0.29","3","0.5","0.05","1","80","5","2","0","0.5","10","100","299","3.959866220735786"
"5","10","0.0025","0.29","3","0.5","0.05","1","80","5","2","0","0.5","10","66","293","4.010238907849829"
"4","10","0.0025","0.29","3","0.5","0.05","1","80","5","2","0","0.5","10","77","260","3.919230769230769"
"2","10","0.0025","0.29","3","0.5","0.05","1","80","5","2","0","0.5","10","101","298","3.953020134228188"
"1","10","0.0025","0.29","3","0.5","0.05","1","80","5","2","0","0.5","10","84","261","4.068965517241379"
"4","10","0.0025","0.29","3","0.5","0.05","1","80","5","2","0","0.5","10","78","257","3.9299610894941632"
"2","10","0.0025","0.29","3","0.5","0.05","1","80","5","2","0","0.5","10","102","297","3.9562289562289563"
"5","10","0.0025","0.29","3","0.5","0.05","1","80","5","2","0","0.5","10","67","292","4.010273972602739"
"6","10","0.0025","0.29","3","0.5","0.05","1","80","5","2","0","0.5","10","103","278","4.032374100719425"
"3","10","0.0025","0.29","3","0.5","0.05","1","80","5","2","0","0.5","10","115","291","4.099656357388316"
"3","10","0.0025","0.29","3","0.5","0.05","1","80","5","2","0","0.5","10","116","289","4.100346020761246"
"5","10","0.0025","0.29","3","0.5","0.05","1","80","5","2","0","0.5","10","68","288","4.006944444444445"
"6","10","0.0025","0.29","3","0.5","0.05","1","80","5","2","0","0.5","10","104","276","4.028985507246377"
"2","10","0.0025","0.29","3","0.5","0.05","1","80","5","2","0","0.5","10","103","295","3.952542372881356"
"5","10","0.0025","0.29","3","0.5","0.05","1","80","5","2","0","0.5","10","69","285","4.010526315789473"
"3","10","0.0025","0.29","3","0.5","0.05","1","80","5","2","0","0.5","10","117","289","4.100346020761246"
"4","10","0.0025","0.29","3","0.5","0.05","1","80","5","2","0","0.5","10","79","257","3.9182879377431905"
"6","10","0.0025","0.29","3","0.5","0.05","1","80","5","2","0","0.5","10","105","274","4.036496350364963"
"1","10","0.0025","0.29","3","0.5","0.05","1","80","5","2","0","0.5","10","85","279","3.795698924731183"
"2","10","0.0025","0.29","3","0.5","0.05","1","80","5","2","0","0.5","10","104","292","3.9554794520547945"
"4","10","0.0025","0.29","3","0.5","0.05","1","80","5","2","0","0.5","10","80","256","3.92578125"
"4","10","0.0025","0.29","3","0.5","0.05","1","80","5","2","0","0.5","10","81","255","3.9176470588235293"
"2","10","0.0025","0.29","3","0.5","0.05","1","80","5","2","0","0.5","10","105","292","3.952054794520548"
"1","10","0.0025","0.29","3","0.5","0.05","1","80","5","2","0","0.5","10","86","276","4.079710144927536"
"1","10","0.0025","0.29","3","0.5","0.05","1","80","5","2","0","0.5","10","87","276","4.083333333333333"
"6","10","0.0025","0.29","3","0.5","0.05","1","80","5","2","0","0.5","10","106","274","4.032846715328467"
"3","10","0.0025","0.29","3","0.5","0.05","1","80","5","2","0","0.5","10","118","285","4.098245614035088"
"6","10","0.0025","0.29","3","0.5","0.05","1","80","5","2","0","0.5","10","107","271","4.03690036900369"
"5","10","0.0025","0.29","3","0.5","0.05","1","80","5","2","0","0.5","10","70","282","4"
"4","10","0.0025","0.29","3","0.5","0.05","1","80","5","2","0","0.5","10","82","254","3.925196850393701"
"3","10","0.0025","0.29","3","0.5","0.05","1","80","5","2","0","0.5","10","119","284","4.102112676056338"
"6","10","0.0025","0.29","3","0.5","0.05","1","80","5","2","0","0.5","10","108","271","4.033210332103321"
"4","10","0.0025","0.29","3","0.5","0.05","1","80","5","2","0","0.5","10","83","253","3.91699604743083"
"5","10","0.0025","0.29","3","0.5","0.05","1","80","5","2","0","0.5","10","71","280","4"
"1","10","0.0025","0.29","3","0.5","0.05","1","80","5","2","0","0.5","10","88","274","4.072992700729927"
"3","10","0.0025","0.29","3","0.5","0.05","1","80","5","2","0","0.5","10","120","283","4.098939929328622"
"2","10","0.0025","0.29","3","0.5","0.05","1","80","5","2","0","0.5","10","106","291","3.9553264604811"
"4","10","0.0025","0.29","3","0.5","0.05","1","80","5","2","0","0.5","10","84","251","3.9243027888446216"
"5","10","0.0025","0.29","3","0.5","0.05","1","80","5","2","0","0.5","10","72","278","4"
"1","10","0.0025","0.29","3","0.5","0.05","1","80","5","2","0","0.5","10","89","271","4.077490774907749"
"2","10","0.0025","0.29","3","0.5","0.05","1","80","5","2","0","0.5","10","107","290","3.9551724137931035"
"1","10","0.0025","0.29","3","0.5","0.05","1","80","5","2","0","0.5","10","90","271","4.077490774907749"
"2","10","0.0025","0.29","3","0.5","0.05","1","80","5","2","0","0.5","10","108","289","3.9550173010380623"
"7","10","0.0025","0.29","3","0.5","0.05","1","80","5","2","0","0.5","10","0","236","4.067796610169491"
"6","10","0.0025","0.29","3","0.5","0.05","1","80","5","2","0","0.5","10","109","291","3.745704467353952"
"4","10","0.0025","0.29","3","0.5","0.05","1","80","5","2","0","0.5","10","85","265","3.7132075471698114"
"6","10","0.0025","0.29","3","0.5","0.05","1","80","5","2","0","0.5","10","110","291","4.013745704467354"
"4","10","0.0025","0.29","3","0.5","0.05","1","80","5","2","0","0.5","10","86","263","3.935361216730038"
"6","10","0.0025","0.29","3","0.5","0.05","1","80","5","2","0","0.5","10","111","289","4.010380622837371"
"4","10","0.0025","0.29","3","0.5","0.05","1","80","5","2","0","0.5","10","87","260","3.9384615384615387"
"5","10","0.0025","0.29","3","0.5","0.05","1","80","5","2","0","0.5","10","73","296","3.72972972972973"
"5","10","0.0025","0.29","3","0.5","0.05","1","80","5","2","0","0.5","10","74","295","4.027118644067796"
"2","10","0.0025","0.29","3","0.5","0.05","1","80","5","2","0","0.5","10","109","308","3.711038961038961"
"7","10","0.0025","0.29","3","0.5","0.05","1","80","5","2","0","0.5","10","1","236","4.038135593220339"
"5","10","0.0025","0.29","3","0.5","0.05","1","80","5","2","0","0.5","10","75","294","4.034013605442177"
"2","10","0.0025","0.29","3","0.5","0.05","1","80","5","2","0","0.5","10","110","307","3.9446254071661238"
"7","10","0.0025","0.29","3","0.5","0.05","1","80","5","2","0","0.5","10","2","235","4.008510638297873"
"1","10","0.0025","0.29","3","0.5","0.05","1","80","5","2","0","0.5","10","91","271","4.081180811808118"
"7","10","0.0025","0.29","3","0.5","0.05","1","80","5","2","0","0.5","10","3","234","4.0085470085470085"
"6","10","0.0025","0.29","3","0.5","0.05","1","80","5","2","0","0.5","10","112","288","4.006944444444445"
"1","10","0.0025","0.29","3","0.5","0.05","1","80","5","2","0","0.5","10","92","268","4.07089552238806"
"2","10","0.0025","0.29","3","0.5","0.05","1","80","5","2","0","0.5","10","111","307","3.954397394136808"
"4","10","0.0025","0.29","3","0.5","0.05","1","80","5","2","0","0.5","10","88","260","3.9346153846153844"
"6","10","0.0025","0.29","3","0.5","0.05","1","80","5","2","0","0.5","10","113","285","3.9964912280701754"
"1","10","0.0025","0.29","3","0.5","0.05","1","80","5","2","0","0.5","10","93","267","4.074906367041199"
"4","10","0.0025","0.29","3","0.5","0.05","1","80","5","2","0","0.5","10","89","259","3.9305019305019306"
"6","10","0.0025","0.29","3","0.5","0.05","1","80","5","2","0","0.5","10","114","285","4.003508771929824"
"4","10","0.0025","0.29","3","0.5","0.05","1","80","5","2","0","0.5","10","90","259","3.9305019305019306"
"5","10","0.0025","0.29","3","0.5","0.05","1","80","5","2","0","0.5","10","76","293","4.030716723549488"
"5","10","0.0025","0.29","3","0.5","0.05","1","80","5","2","0","0.5","10","77","292","4.034246575342466"
"5","10","0.0025","0.29","3","0.5","0.05","1","80","5","2","0","0.5","10","78","291","4.030927835051546"
"2","10","0.0025","0.29","3","0.5","0.05","1","80","5","2","0","0.5","10","112","307","3.95114006514658"
"7","10","0.0025","0.29","3","0.5","0.05","1","80","5","2","0","0.5","10","4","233","4.008583690987124"
"7","10","0.0025","0.29","3","0.5","0.05","1","80","5","2","0","0.5","10","5","232","4.008620689655173"
"1","10","0.0025","0.29","3","0.5","0.05","1","80","5","2","0","0.5","10","94","267","4.063670411985019"
"2","10","0.0025","0.29","3","0.5","0.05","1","80","5","2","0","0.5","10","113","305","3.954098360655738"
"7","10","0.0025","0.29","3","0.5","0.05","1","80","5","2","0","0.5","10","6","232","4.008620689655173"
"4","10","0.0025","0.29","3","0.5","0.05","1","80","5","2","0","0.5","10","91","256","3.9296875"
"1","10","0.0025","0.29","3","0.5","0.05","1","80","5","2","0","0.5","10","95","267","4.071161048689139"
"6","10","0.0025","0.29","3","0.5","0.05","1","80","5","2","0","0.5","10","115","285","3.9964912280701754"
"2","10","0.0025","0.29","3","0.5","0.05","1","80","5","2","0","0.5","10","114","304","3.950657894736842"
"4","10","0.0025","0.29","3","0.5","0.05","1","80","5","2","0","0.5","10","92","256","3.9296875"
"1","10","0.0025","0.29","3","0.5","0.05","1","80","5","2","0","0.5","10","96","267","4.063670411985019"
"6","10","0.0025","0.29","3","0.5","0.05","1","80","5","2","0","0.5","10","116","285","4.003508771929824"
"4","10","0.0025","0.29","3","0.5","0.05","1","80","5","2","0","0.5","10","93","255","3.929411764705882"
"6","10","0.0025","0.29","3","0.5","0.05","1","80","5","2","0","0.5","10","117","285","3.9964912280701754"
"5","10","0.0025","0.29","3","0.5","0.05","1","80","5","2","0","0.5","10","79","290","4.027586206896552"
"7","10","0.0025","0.29","3","0.5","0.05","1","80","5","2","0","0.5","10","7","232","4.008620689655173"
"5","10","0.0025","0.29","3","0.5","0.05","1","80","5","2","0","0.5","10","80","288","4.034722222222222"
"7","10","0.0025","0.29","3","0.5","0.05","1","80","5","2","0","0.5","10","8","231","4.008658008658009"
"2","10","0.0025","0.29","3","0.5","0.05","1","80","5","2","0","0.5","10","115","303","3.953795379537954"
"5","10","0.0025","0.29","3","0.5","0.05","1","80","5","2","0","0.5","10","81","288","4.034722222222222"
"7","10","0.0025","0.29","3","0.5","0.05","1","80","5","2","0","0.5","10","9","231","4.008658008658009"
"2","10","0.0025","0.29","3","0.5","0.05","1","80","5","2","0","0.5","10","116","302","3.956953642384106"
"6","10","0.0025","0.29","3","0.5","0.05","1","80","5","2","0","0.5","10","118","284","4.007042253521127"
"4","10","0.0025","0.29","3","0.5","0.05","1","80","5","2","0","0.5","10","94","253","3.932806324110672"
"1","10","0.0025","0.29","3","0.5","0.05","1","80","5","2","0","0.5","10","97","287","3.7874564459930316"
"2","10","0.0025","0.29","3","0.5","0.05","1","80","5","2","0","0.5","10","117","299","3.9565217391304346"
"6","10","0.0025","0.29","3","0.5","0.05","1","80","5","2","0","0.5","10","119","283","3.9964664310954063"
"4","10","0.0025","0.29","3","0.5","0.05","1","80","5","2","0","0.5","10","95","253","3.9367588932806323"
"1","10","0.0025","0.29","3","0.5","0.05","1","80","5","2","0","0.5","10","98","287","4.059233449477352"
"4","10","0.0025","0.29","3","0.5","0.05","1","80","5","2","0","0.5","10","96","253","3.9367588932806323"
"6","10","0.0025","0.29","3","0.5","0.05","1","80","5","2","0","0.5","10","120","280","4"
"7","10","0.0025","0.29","3","0.5","0.05","1","80","5","2","0","0.5","10","10","230","4.008695652173913"
"5","10","0.0025","0.29","3","0.5","0.05","1","80","5","2","0","0.5","10","82","285","4.028070175438597"
"1","10","0.0025","0.29","3","0.5","0.05","1","80","5","2","0","0.5","10","99","286","4.06993006993007"
"7","10","0.0025","0.29","3","0.5","0.05","1","80","5","2","0","0.5","10","11","230","4.008695652173913"
"5","10","0.0025","0.29","3","0.5","0.05","1","80","5","2","0","0.5","10","83","285","4.028070175438597"
"7","10","0.0025","0.29","3","0.5","0.05","1","80","5","2","0","0.5","10","12","227","4.008810572687224"
"5","10","0.0025","0.29","3","0.5","0.05","1","80","5","2","0","0.5","10","84","284","4.028169014084507"
"1","10","0.0025","0.29","3","0.5","0.05","1","80","5","2","0","0.5","10","100","286","4.06993006993007"
"2","10","0.0025","0.29","3","0.5","0.05","1","80","5","2","0","0.5","10","118","298","3.9563758389261743"
"4","10","0.0025","0.29","3","0.5","0.05","1","80","5","2","0","0.5","10","97","270","3.674074074074074"
"1","10","0.0025","0.29","3","0.5","0.05","1","80","5","2","0","0.5","10","101","285","4.077192982456141"
"8","10","0.0025","0.29","3","0.5","0.05","1","80","5","2","0","0.5","10","0","238","4.016806722689076"
"2","10","0.0025","0.29","3","0.5","0.05","1","80","5","2","0","0.5","10","119","295","3.9593220338983053"
"4","10","0.0025","0.29","3","0.5","0.05","1","80","5","2","0","0.5","10","98","270","3.9296296296296296"
"1","10","0.0025","0.29","3","0.5","0.05","1","80","5","2","0","0.5","10","102","284","4.084507042253521"
"7","10","0.0025","0.29","3","0.5","0.05","1","80","5","2","0","0.5","10","13","245","3.7142857142857144"
"4","10","0.0025","0.29","3","0.5","0.05","1","80","5","2","0","0.5","10","99","269","3.9144981412639406"
"2","10","0.0025","0.29","3","0.5","0.05","1","80","5","2","0","0.5","10","120","294","3.9625850340136055"
"7","10","0.0025","0.29","3","0.5","0.05","1","80","5","2","0","0.5","10","14","244","3.9754098360655736"
"7","10","0.0025","0.29","3","0.5","0.05","1","80","5","2","0","0.5","10","15","244","3.9795081967213113"
"1","10","0.0025","0.29","3","0.5","0.05","1","80","5","2","0","0.5","10","103","284","4.084507042253521"
"5","10","0.0025","0.29","3","0.5","0.05","1","80","5","2","0","0.5","10","85","302","3.76158940397351"
"1","10","0.0025","0.29","3","0.5","0.05","1","80","5","2","0","0.5","10","104","283","4.088339222614841"
"8","10","0.0025","0.29","3","0.5","0.05","1","80","5","2","0","0.5","10","1","238","4.0210084033613445"
"5","10","0.0025","0.29","3","0.5","0.05","1","80","5","2","0","0.5","10","86","299","3.9933110367892977"
"4","10","0.0025","0.29","3","0.5","0.05","1","80","5","2","0","0.5","10","100","268","3.9291044776119404"
"1","10","0.0025","0.29","3","0.5","0.05","1","80","5","2","0","0.5","10","105","282","4.081560283687943"
"5","10","0.0025","0.29","3","0.5","0.05","1","80","5","2","0","0.5","10","87","299","4.010033444816053"
"8","10","0.0025","0.29","3","0.5","0.05","1","80","5","2","0","0.5","10","2","238","3.9705882352941178"
"4","10","0.0025","0.29","3","0.5","0.05","1","80","5","2","0","0.5","10","101","267","3.932584269662921"
"7","10","0.0025","0.29","3","0.5","0.05","1","80","5","2","0","0.5","10","16","242","3.979338842975207"
"8","10","0.0025","0.29","3","0.5","0.05","1","80","5","2","0","0.5","10","3","238","3.9705882352941178"
"4","10","0.0025","0.29","3","0.5","0.05","1","80","5","2","0","0.5","10","102","265","3.9358490566037734"
"7","10","0.0025","0.29","3","0.5","0.05","1","80","5","2","0","0.5","10","17","241","3.970954356846473"
"9","10","0.0025","0.29","3","0.5","0.05","1","80","5","2","0","0.5","10","0","243","3.9012345679012346"
"7","10","0.0025","0.29","3","0.5","0.05","1","80","5","2","0","0.5","10","18","239","3.9707112970711296"
"1","10","0.0025","0.29","3","0.5","0.05","1","80","5","2","0","0.5","10","106","280","4.075"
"5","10","0.0025","0.29","3","0.5","0.05","1","80","5","2","0","0.5","10","88","296","4.006756756756757"
"8","10","0.0025","0.29","3","0.5","0.05","1","80","5","2","0","0.5","10","4","238","3.9705882352941178"
"4","10","0.0025","0.29","3","0.5","0.05","1","80","5","2","0","0.5","10","103","264","3.9393939393939394"
"1","10","0.0025","0.29","3","0.5","0.05","1","80","5","2","0","0.5","10","107","280","4.082142857142857"
"8","10","0.0025","0.29","3","0.5","0.05","1","80","5","2","0","0.5","10","5","237","3.970464135021097"
"5","10","0.0025","0.29","3","0.5","0.05","1","80","5","2","0","0.5","10","89","294","4.003401360544218"
"1","10","0.0025","0.29","3","0.5","0.05","1","80","5","2","0","0.5","10","108","279","4.086021505376344"
"4","10","0.0025","0.29","3","0.5","0.05","1","80","5","2","0","0.5","10","104","263","3.9391634980988592"
"8","10","0.0025","0.29","3","0.5","0.05","1","80","5","2","0","0.5","10","6","235","3.970212765957447"
"9","10","0.0025","0.29","3","0.5","0.05","1","80","5","2","0","0.5","10","1","243","3.9300411522633745"
"4","10","0.0025","0.29","3","0.5","0.05","1","80","5","2","0","0.5","10","105","263","3.9391634980988592"
"7","10","0.0025","0.29","3","0.5","0.05","1","80","5","2","0","0.5","10","19","239","3.9665271966527196"
"5","10","0.0025","0.29","3","0.5","0.05","1","80","5","2","0","0.5","10","90","294","4.003401360544218"
"9","10","0.0025","0.29","3","0.5","0.05","1","80","5","2","0","0.5","10","2","242","3.9297520661157024"
"7","10","0.0025","0.29","3","0.5","0.05","1","80","5","2","0","0.5","10","20","239","3.9665271966527196"
"7","10","0.0025","0.29","3","0.5","0.05","1","80","5","2","0","0.5","10","21","239","3.9665271966527196"
"9","10","0.0025","0.29","3","0.5","0.05","1","80","5","2","0","0.5","10","3","242","3.950413223140496"
"8","10","0.0025","0.29","3","0.5","0.05","1","80","5","2","0","0.5","10","7","234","3.97008547008547"
"4","10","0.0025","0.29","3","0.5","0.05","1","80","5","2","0","0.5","10","106","262","3.9389312977099236"
"8","10","0.0025","0.29","3","0.5","0.05","1","80","5","2","0","0.5","10","8","234","3.97008547008547"
"4","10","0.0025","0.29","3","0.5","0.05","1","80","5","2","0","0.5","10","107","262","3.9389312977099236"
"7","10","0.0025","0.29","3","0.5","0.05","1","80","5","2","0","0.5","10","22","238","3.96218487394958"
"1","10","0.0025","0.29","3","0.5","0.05","1","80","5","2","0","0.5","10","109","305","3.7114754098360656"
"8","10","0.0025","0.29","3","0.5","0.05","1","80","5","2","0","0.5","10","9","234","3.97008547008547"
"5","10","0.0025","0.29","3","0.5","0.05","1","80","5","2","0","0.5","10","91","294","4.003401360544218"
"7","10","0.0025","0.29","3","0.5","0.05","1","80","5","2","0","0.5","10","23","238","3.96218487394958"
"4","10","0.0025","0.29","3","0.5","0.05","1","80","5","2","0","0.5","10","108","261","3.942528735632184"
"9","10","0.0025","0.29","3","0.5","0.05","1","80","5","2","0","0.5","10","4","241","3.954356846473029"
"1","10","0.0025","0.29","3","0.5","0.05","1","80","5","2","0","0.5","10","110","302","4.152317880794702"
"7","10","0.0025","0.29","3","0.5","0.05","1","80","5","2","0","0.5","10","24","238","3.96218487394958"
"5","10","0.0025","0.29","3","0.5","0.05","1","80","5","2","0","0.5","10","92","294","4.003401360544218"
"9","10","0.0025","0.29","3","0.5","0.05","1","80","5","2","0","0.5","10","5","239","3.9539748953974896"
"1","10","0.0025","0.29","3","0.5","0.05","1","80","5","2","0","0.5","10","111","302","4.158940397350993"
"9","10","0.0025","0.29","3","0.5","0.05","1","80","5","2","0","0.5","10","6","239","3.9539748953974896"
"5","10","0.0025","0.29","3","0.5","0.05","1","80","5","2","0","0.5","10","93","293","4.003412969283277"
"8","10","0.0025","0.29","3","0.5","0.05","1","80","5","2","0","0.5","10","10","234","3.97008547008547"
"8","10","0.0025","0.29","3","0.5","0.05","1","80","5","2","0","0.5","10","11","234","3.97008547008547"
"8","10","0.0025","0.29","3","0.5","0.05","1","80","5","2","0","0.5","10","12","234","3.97008547008547"
"4","10","0.0025","0.29","3","0.5","0.05","1","80","5","2","0","0.5","10","109","276","3.713768115942029"
"9","10","0.0025","0.29","3","0.5","0.05","1","80","5","2","0","0.5","10","7","239","3.9539748953974896"
"7","10","0.0025","0.29","3","0.5","0.05","1","80","5","2","0","0.5","10","25","261","3.6130268199233715"
"4","10","0.0025","0.29","3","0.5","0.05","1","80","5","2","0","0.5","10","110","276","3.927536231884058"
"9","10","0.0025","0.29","3","0.5","0.05","1","80","5","2","0","0.5","10","8","237","3.9535864978902953"
"5","10","0.0025","0.29","3","0.5","0.05","1","80","5","2","0","0.5","10","94","292","4.010273972602739"
"7","10","0.0025","0.29","3","0.5","0.05","1","80","5","2","0","0.5","10","26","261","4.007662835249042"
"1","10","0.0025","0.29","3","0.5","0.05","1","80","5","2","0","0.5","10","112","300","4.1466666666666665"
"9","10","0.0025","0.29","3","0.5","0.05","1","80","5","2","0","0.5","10","9","236","3.957627118644068"
"4","10","0.0025","0.29","3","0.5","0.05","1","80","5","2","0","0.5","10","111","275","3.930909090909091"
"5","10","0.0025","0.29","3","0.5","0.05","1","80","5","2","0","0.5","10","95","291","4.0034364261168385"
"7","10","0.0025","0.29","3","0.5","0.05","1","80","5","2","0","0.5","10","27","259","4.011583011583012"
"8","10","0.0025","0.29","3","0.5","0.05","1","80","5","2","0","0.5","10","13","249","3.7309236947791167"
"1","10","0.0025","0.29","3","0.5","0.05","1","80","5","2","0","0.5","10","113","299","4.157190635451505"
"8","10","0.0025","0.29","3","0.5","0.05","1","80","5","2","0","0.5","10","14","246","3.959349593495935"
"5","10","0.0025","0.29","3","0.5","0.05","1","80","5","2","0","0.5","10","96","289","4.003460207612457"
"1","10","0.0025","0.29","3","0.5","0.05","1","80","5","2","0","0.5","10","114","299","4.147157190635451"
"8","10","0.0025","0.29","3","0.5","0.05","1","80","5","2","0","0.5","10","15","246","3.9552845528455283"
"9","10","0.0025","0.29","3","0.5","0.05","1","80","5","2","0","0.5","10","10","235","3.9659574468085106"
"4","10","0.0025","0.29","3","0.5","0.05","1","80","5","2","0","0.5","10","112","274","3.937956204379562"
"7","10","0.0025","0.29","3","0.5","0.05","1","80","5","2","0","0.5","10","28","258","4.007751937984496"
"9","10","0.0025","0.29","3","0.5","0.05","1","80","5","2","0","0.5","10","11","234","3.965811965811966"
"4","10","0.0025","0.29","3","0.5","0.05","1","80","5","2","0","0.5","10","113","274","3.927007299270073"
"7","10","0.0025","0.29","3","0.5","0.05","1","80","5","2","0","0.5","10","29","257","4.011673151750973"
"8","10","0.0025","0.29","3","0.5","0.05","1","80","5","2","0","0.5","10","16","245","3.9551020408163264"
"9","10","0.0025","0.29","3","0.5","0.05","1","80","5","2","0","0.5","10","12","231","3.965367965367965"
"7","10","0.0025","0.29","3","0.5","0.05","1","80","5","2","0","0.5","10","30","257","4.01556420233463"
"4","10","0.0025","0.29","3","0.5","0.05","1","80","5","2","0","0.5","10","114","274","3.934306569343066"
"8","10","0.0025","0.29","3","0.5","0.05","1","80","5","2","0","0.5","10","17","245","3.963265306122449"
"1","10","0.0025","0.29","3","0.5","0.05","1","80","5","2","0","0.5","10","115","298","4.157718120805369"
"8","10","0.0025","0.29","3","0.5","0.05","1","80","5","2","0","0.5","10","18","244","3.9549180327868854"
"1","10","0.0025","0.29","3","0.5","0.05","1","80","5","2","0","0.5","10","116","297","4.154882154882155"
"5","10","0.0025","0.29","3","0.5","0.05","1","80","5","2","0","0.5","10","97","301","3.830564784053156"
"1","10","0.0025","0.29","3","0.5","0.05","1","80","5","2","0","0.5","10","117","296","4.158783783783784"
"5","10","0.0025","0.29","3","0.5","0.05","1","80","5","2","0","0.5","10","98","300","4.02"
"7","10","0.0025","0.29","3","0.5","0.05","1","80","5","2","0","0.5","10","31","254","4.015748031496063"
"4","10","0.0025","0.29","3","0.5","0.05","1","80","5","2","0","0.5","10","115","271","3.92619926199262"
"4","10","0.0025","0.29","3","0.5","0.05","1","80","5","2","0","0.5","10","116","269","3.929368029739777"
"7","10","0.0025","0.29","3","0.5","0.05","1","80","5","2","0","0.5","10","32","253","4.015810276679842"
"5","10","0.0025","0.29","3","0.5","0.05","1","80","5","2","0","0.5","10","99","300","4.02"
"8","10","0.0025","0.29","3","0.5","0.05","1","80","5","2","0","0.5","10","19","241","3.962655601659751"
"9","10","0.0025","0.29","3","0.5","0.05","1","80","5","2","0","0.5","10","13","252","3.634920634920635"
"4","10","0.0025","0.29","3","0.5","0.05","1","80","5","2","0","0.5","10","117","269","3.925650557620818"
"7","10","0.0025","0.29","3","0.5","0.05","1","80","5","2","0","0.5","10","33","252","4.015873015873016"
"8","10","0.0025","0.29","3","0.5","0.05","1","80","5","2","0","0.5","10","20","240","3.9625"
"9","10","0.0025","0.29","3","0.5","0.05","1","80","5","2","0","0.5","10","14","251","3.9362549800796813"
"8","10","0.0025","0.29","3","0.5","0.05","1","80","5","2","0","0.5","10","21","240","3.9625"
"9","10","0.0025","0.29","3","0.5","0.05","1","80","5","2","0","0.5","10","15","250","3.932"
"5","10","0.0025","0.29","3","0.5","0.05","1","80","5","2","0","0.5","10","100","299","4.0200668896321075"
"1","10","0.0025","0.29","3","0.5","0.05","1","80","5","2","0","0.5","10","118","296","4.158783783783784"
"5","10","0.0025","0.29","3","0.5","0.05","1","80","5","2","0","0.5","10","101","298","4.016778523489933"
"7","10","0.0025","0.29","3","0.5","0.05","1","80","5","2","0","0.5","10","34","250","4.016"
"4","10","0.0025","0.29","3","0.5","0.05","1","80","5","2","0","0.5","10","118","269","3.929368029739777"
"1","10","0.0025","0.29","3","0.5","0.05","1","80","5","2","0","0.5","10","119","295","4.1661016949152545"
"5","10","0.0025","0.29","3","0.5","0.05","1","80","5","2","0","0.5","10","102","297","4.016835016835016"
"8","10","0.0025","0.29","3","0.5","0.05","1","80","5","2","0","0.5","10","22","239","3.9623430962343096"
"9","10","0.0025","0.29","3","0.5","0.05","1","80","5","2","0","0.5","10","16","250","3.932"
"7","10","0.0025","0.29","3","0.5","0.05","1","80","5","2","0","0.5","10","35","247","4.008097165991903"
"1","10","0.0025","0.29","3","0.5","0.05","1","80","5","2","0","0.5","10","120","295","4.16271186440678"
"4","10","0.0025","0.29","3","0.5","0.05","1","80","5","2","0","0.5","10","119","268","3.925373134328358"
"8","10","0.0025","0.29","3","0.5","0.05","1","80","5","2","0","0.5","10","23","239","3.9623430962343096"
"9","10","0.0025","0.29","3","0.5","0.05","1","80","5","2","0","0.5","10","17","249","3.931726907630522"
"7","10","0.0025","0.29","3","0.5","0.05","1","80","5","2","0","0.5","10","36","247","4.004048582995951"
"4","10","0.0025","0.29","3","0.5","0.05","1","80","5","2","0","0.5","10","120","267","3.932584269662921"
"8","10","0.0025","0.29","3","0.5","0.05","1","80","5","2","0","0.5","10","24","237","3.962025316455696"
"9","10","0.0025","0.29","3","0.5","0.05","1","80","5","2","0","0.5","10","18","248","3.931451612903226"
"5","10","0.0025","0.29","3","0.5","0.05","1","80","5","2","0","0.5","10","103","297","4.016835016835016"
"5","10","0.0025","0.29","3","0.5","0.05","1","80","5","2","0","0.5","10","104","295","4.020338983050848"
"9","10","0.0025","0.29","3","0.5","0.05","1","80","5","2","0","0.5","10","19","248","3.931451612903226"
"7","10","0.0025","0.29","3","0.5","0.05","1","80","5","2","0","0.5","10","37","252","3.9126984126984126"
"8","10","0.0025","0.29","3","0.5","0.05","1","80","5","2","0","0.5","10","25","266","3.530075187969925"
"5","10","0.0025","0.29","3","0.5","0.05","1","80","5","2","0","0.5","10","105","295","4.027118644067796"
"11","10","0.0025","0.29","3","0.5","0.05","1","80","5","8","0","0.5","10","0","234","3.7606837606837606"
"10","10","0.0025","0.29","3","0.5","0.05","1","80","5","2","0","0.5","10","0","238","3.9159663865546217"
"9","10","0.0025","0.29","3","0.5","0.05","1","80","5","2","0","0.5","10","20","247","3.931174089068826"
"7","10","0.0025","0.29","3","0.5","0.05","1","80","5","2","0","0.5","10","38","250","4"
"8","10","0.0025","0.29","3","0.5","0.05","1","80","5","2","0","0.5","10","26","266","3.962406015037594"
"9","10","0.0025","0.29","3","0.5","0.05","1","80","5","2","0","0.5","10","21","247","3.931174089068826"
"7","10","0.0025","0.29","3","0.5","0.05","1","80","5","2","0","0.5","10","39","249","4"
"8","10","0.0025","0.29","3","0.5","0.05","1","80","5","2","0","0.5","10","27","266","3.954887218045113"
"5","10","0.0025","0.29","3","0.5","0.05","1","80","5","2","0","0.5","10","106","294","4.0272108843537415"
"11","10","0.0025","0.29","3","0.5","0.05","1","80","5","8","0","0.5","10","1","234","3.8119658119658117"
"9","10","0.0025","0.29","3","0.5","0.05","1","80","5","2","0","0.5","10","22","243","3.9300411522633745"
"10","10","0.0025","0.29","3","0.5","0.05","1","80","5","2","0","0.5","10","1","238","4.0210084033613445"
"8","10","0.0025","0.29","3","0.5","0.05","1","80","5","2","0","0.5","10","28","266","3.9586466165413534"
"11","10","0.0025","0.29","3","0.5","0.05","1","80","5","8","0","0.5","10","2","233","3.871244635193133"
"10","10","0.0025","0.29","3","0.5","0.05","1","80","5","2","0","0.5","10","2","237","4.046413502109704"
"5","10","0.0025","0.29","3","0.5","0.05","1","80","5","2","0","0.5","10","107","293","4.034129692832765"
"9","10","0.0025","0.29","3","0.5","0.05","1","80","5","2","0","0.5","10","23","243","3.9300411522633745"
"7","10","0.0025","0.29","3","0.5","0.05","1","80","5","2","0","0.5","10","40","248","4"
"8","10","0.0025","0.29","3","0.5","0.05","1","80","5","2","0","0.5","10","29","266","3.962406015037594"
"11","10","0.0025","0.29","3","0.5","0.05","1","80","5","8","0","0.5","10","3","233","3.8798283261802573"
"10","10","0.0025","0.29","3","0.5","0.05","1","80","5","2","0","0.5","10","3","236","4.0508474576271185"
"9","10","0.0025","0.29","3","0.5","0.05","1","80","5","2","0","0.5","10","24","243","3.9300411522633745"
"5","10","0.0025","0.29","3","0.5","0.05","1","80","5","2","0","0.5","10","108","293","4.030716723549488"
"7","10","0.0025","0.29","3","0.5","0.05","1","80","5","2","0","0.5","10","41","248","3.995967741935484"
"8","10","0.0025","0.29","3","0.5","0.05","1","80","5","2","0","0.5","10","30","265","3.9622641509433962"
"7","10","0.0025","0.29","3","0.5","0.05","1","80","5","2","0","0.5","10","42","248","4"
"11","10","0.0025","0.29","3","0.5","0.05","1","80","5","8","0","0.5","10","4","231","3.8744588744588744"
"10","10","0.0025","0.29","3","0.5","0.05","1","80","5","2","0","0.5","10","4","234","4.051282051282051"
"8","10","0.0025","0.29","3","0.5","0.05","1","80","5","2","0","0.5","10","31","264","3.962121212121212"
"11","10","0.0025","0.29","3","0.5","0.05","1","80","5","8","0","0.5","10","5","231","3.8744588744588744"
"7","10","0.0025","0.29","3","0.5","0.05","1","80","5","2","0","0.5","10","43","246","3.9959349593495936"
"10","10","0.0025","0.29","3","0.5","0.05","1","80","5","2","0","0.5","10","5","234","4.051282051282051"
"8","10","0.0025","0.29","3","0.5","0.05","1","80","5","2","0","0.5","10","32","264","3.962121212121212"
"11","10","0.0025","0.29","3","0.5","0.05","1","80","5","8","0","0.5","10","6","229","3.873362445414847"
"7","10","0.0025","0.29","3","0.5","0.05","1","80","5","2","0","0.5","10","44","245","4"
"9","10","0.0025","0.29","3","0.5","0.05","1","80","5","2","0","0.5","10","25","252","3.7896825396825395"
"8","10","0.0025","0.29","3","0.5","0.05","1","80","5","2","0","0.5","10","33","263","3.961977186311787"
"10","10","0.0025","0.29","3","0.5","0.05","1","80","5","2","0","0.5","10","6","233","4.055793991416309"
"7","10","0.0025","0.29","3","0.5","0.05","1","80","5","2","0","0.5","10","45","245","3.9959183673469387"
"9","10","0.0025","0.29","3","0.5","0.05","1","80","5","2","0","0.5","10","26","251","3.9402390438247012"
"5","10","0.0025","0.29","3","0.5","0.05","1","80","5","2","0","0.5","10","109","307","3.801302931596091"
"9","10","0.0025","0.29","3","0.5","0.05","1","80","5","2","0","0.5","10","27","251","3.944223107569721"
"5","10","0.0025","0.29","3","0.5","0.05","1","80","5","2","0","0.5","10","110","307","4.052117263843648"
"11","10","0.0025","0.29","3","0.5","0.05","1","80","5","8","0","0.5","10","7","229","3.873362445414847"
"10","10","0.0025","0.29","3","0.5","0.05","1","80","5","2","0","0.5","10","7","233","4.060085836909871"
"11","10","0.0025","0.29","3","0.5","0.05","1","80","5","8","0","0.5","10","8","228","3.8728070175438596"
"8","10","0.0025","0.29","3","0.5","0.05","1","80","5","2","0","0.5","10","34","263","3.961977186311787"
"5","10","0.0025","0.29","3","0.5","0.05","1","80","5","2","0","0.5","10","111","307","4.04885993485342"
"7","10","0.0025","0.29","3","0.5","0.05","1","80","5","2","0","0.5","10","46","245","4"
"10","10","0.0025","0.29","3","0.5","0.05","1","80","5","2","0","0.5","10","8","233","4.060085836909871"
"11","10","0.0025","0.29","3","0.5","0.05","1","80","5","8","0","0.5","10","9","228","3.8728070175438596"
"8","10","0.0025","0.29","3","0.5","0.05","1","80","5","2","0","0.5","10","35","263","3.961977186311787"
"9","10","0.0025","0.29","3","0.5","0.05","1","80","5","2","0","0.5","10","28","251","3.9362549800796813"
"7","10","0.0025","0.29","3","0.5","0.05","1","80","5","2","0","0.5","10","47","243","3.9958847736625516"
"10","10","0.0025","0.29","3","0.5","0.05","1","80","5","2","0","0.5","10","9","233","4.060085836909871"
"8","10","0.0025","0.29","3","0.5","0.05","1","80","5","2","0","0.5","10","36","262","3.9656488549618323"
"9","10","0.0025","0.29","3","0.5","0.05","1","80","5","2","0","0.5","10","29","250","3.936"
"7","10","0.0025","0.29","3","0.5","0.05","1","80","5","2","0","0.5","10","48","243","4"
"9","10","0.0025","0.29","3","0.5","0.05","1","80","5","2","0","0.5","10","30","249","3.9357429718875503"
"11","10","0.0025","0.29","3","0.5","0.05","1","80","5","8","0","0.5","10","10","228","3.8728070175438596"
"5","10","0.0025","0.29","3","0.5","0.05","1","80","5","2","0","0.5","10","112","305","4.049180327868853"
"11","10","0.0025","0.29","3","0.5","0.05","1","80","5","8","0","0.5","10","11","228","3.8728070175438596"
"5","10","0.0025","0.29","3","0.5","0.05","1","80","5","2","0","0.5","10","113","303","4.0495049504950495"
"10","10","0.0025","0.29","3","0.5","0.05","1","80","5","2","0","0.5","10","10","231","4.0606060606060606"
"11","10","0.0025","0.29","3","0.5","0.05","1","80","5","8","0","0.5","10","12","226","3.8761061946902653"
"10","10","0.0025","0.29","3","0.5","0.05","1","80","5","2","0","0.5","10","11","230","4.060869565217391"
"5","10","0.0025","0.29","3","0.5","0.05","1","80","5","2","0","0.5","10","114","303","4.0495049504950495"
"9","10","0.0025","0.29","3","0.5","0.05","1","80","5","2","0","0.5","10","31","249","3.9357429718875503"
"10","10","0.0025","0.29","3","0.5","0.05","1","80","5","2","0","0.5","10","12","228","4.06140350877193"
"9","10","0.0025","0.29","3","0.5","0.05","1","80","5","2","0","0.5","10","32","247","3.9433198380566803"
"7","10","0.0025","0.29","3","0.5","0.05","1","80","5","2","0","0.5","10","49","250","3.868"
"8","10","0.0025","0.29","3","0.5","0.05","1","80","5","2","0","0.5","10","37","277","3.740072202166065"
"9","10","0.0025","0.29","3","0.5","0.05","1","80","5","2","0","0.5","10","33","246","3.9471544715447155"
"7","10","0.0025","0.29","3","0.5","0.05","1","80","5","2","0","0.5","10","50","250","3.972"
"8","10","0.0025","0.29","3","0.5","0.05","1","80","5","2","0","0.5","10","38","276","3.9456521739130435"
"7","10","0.0025","0.29","3","0.5","0.05","1","80","5","2","0","0.5","10","51","249","3.9718875502008033"
"11","10","0.0025","0.29","3","0.5","0.05","1","80","5","8","0","0.5","10","13","246","3.5609756097560976"
"8","10","0.0025","0.29","3","0.5","0.05","1","80","5","2","0","0.5","10","39","275","3.9454545454545453"
"5","10","0.0025","0.29","3","0.5","0.05","1","80","5","2","0","0.5","10","115","303","4.0495049504950495"
"11","10","0.0025","0.29","3","0.5","0.05","1","80","5","8","0","0.5","10","14","246","3.934959349593496"
"10","10","0.0025","0.29","3","0.5","0.05","1","80","5","2","0","0.5","10","13","231","3.9523809523809526"
"11","10","0.0025","0.29","3","0.5","0.05","1","80","5","8","0","0.5","10","15","246","3.934959349593496"
"5","10","0.0025","0.29","3","0.5","0.05","1","80","5","2","0","0.5","10","116","301","4.04983388704319"
"9","10","0.0025","0.29","3","0.5","0.05","1","80","5","2","0","0.5","10","34","245","3.946938775510204"
"10","10","0.0025","0.29","3","0.5","0.05","1","80","5","2","0","0.5","10","14","230","4.047826086956522"
"7","10","0.0025","0.29","3","0.5","0.05","1","80","5","2","0","0.5","10","52","249","3.9718875502008033"
"10","10","0.0025","0.29","3","0.5","0.05","1","80","5","2","0","0.5","10","15","229","4.034934497816594"
"9","10","0.0025","0.29","3","0.5","0.05","1","80","5","2","0","0.5","10","35","244","3.94672131147541"
"5","10","0.0025","0.29","3","0.5","0.05","1","80","5","2","0","0.5","10","117","299","4.05685618729097"
"7","10","0.0025","0.29","3","0.5","0.05","1","80","5","2","0","0.5","10","53","248","3.971774193548387"
"9","10","0.0025","0.29","3","0.5","0.05","1","80","5","2","0","0.5","10","36","244","3.94672131147541"
"7","10","0.0025","0.29","3","0.5","0.05","1","80","5","2","0","0.5","10","54","247","3.979757085020243"
"8","10","0.0025","0.29","3","0.5","0.05","1","80","5","2","0","0.5","10","40","270","3.9592592592592593"
"11","10","0.0025","0.29","3","0.5","0.05","1","80","5","8","0","0.5","10","16","245","3.9346938775510205"
"8","10","0.0025","0.29","3","0.5","0.05","1","80","5","2","0","0.5","10","41","269","3.9776951672862455"
"11","10","0.0025","0.29","3","0.5","0.05","1","80","5","8","0","0.5","10","17","244","3.9385245901639343"
"10","10","0.0025","0.29","3","0.5","0.05","1","80","5","2","0","0.5","10","16","228","4.035087719298246"
"8","10","0.0025","0.29","3","0.5","0.05","1","80","5","2","0","0.5","10","42","268","3.9738805970149254"
"11","10","0.0025","0.29","3","0.5","0.05","1","80","5","8","0","0.5","10","18","243","3.94238683127572"
"10","10","0.0025","0.29","3","0.5","0.05","1","80","5","2","0","0.5","10","17","228","4.030701754385965"
"7","10","0.0025","0.29","3","0.5","0.05","1","80","5","2","0","0.5","10","55","247","3.9757085020242915"
"10","10","0.0025","0.29","3","0.5","0.05","1","80","5","2","0","0.5","10","18","227","4.030837004405286"
"5","10","0.0025","0.29","3","0.5","0.05","1","80","5","2","0","0.5","10","118","298","4.067114093959732"
"7","10","0.0025","0.29","3","0.5","0.05","1","80","5","2","0","0.5","10","56","244","3.9754098360655736"
"5","10","0.0025","0.29","3","0.5","0.05","1","80","5","2","0","0.5","10","119","298","4.067114093959732"
"7","10","0.0025","0.29","3","0.5","0.05","1","80","5","2","0","0.5","10","57","241","3.975103734439834"
"11","10","0.0025","0.29","3","0.5","0.05","1","80","5","8","0","0.5","10","19","242","3.946280991735537"
"9","10","0.0025","0.29","3","0.5","0.05","1","80","5","2","0","0.5","10","37","256","3.73046875"
"5","10","0.0025","0.29","3","0.5","0.05","1","80","5","2","0","0.5","10","120","298","4.063758389261745"
"11","10","0.0025","0.29","3","0.5","0.05","1","80","5","8","0","0.5","10","20","240","3.9458333333333333"
"9","10","0.0025","0.29","3","0.5","0.05","1","80","5","2","0","0.5","10","38","255","3.976470588235294"
"11","10","0.0025","0.29","3","0.5","0.05","1","80","5","8","0","0.5","10","21","236","3.944915254237288"
"10","10","0.0025","0.29","3","0.5","0.05","1","80","5","2","0","0.5","10","19","227","4.035242290748899"
"8","10","0.0025","0.29","3","0.5","0.05","1","80","5","2","0","0.5","10","43","267","3.9700374531835205"
"9","10","0.0025","0.29","3","0.5","0.05","1","80","5","2","0","0.5","10","39","254","4"
"10","10","0.0025","0.29","3","0.5","0.05","1","80","5","2","0","0.5","10","20","225","4.04"
"8","10","0.0025","0.29","3","0.5","0.05","1","80","5","2","0","0.5","10","44","266","3.954887218045113"
"7","10","0.0025","0.29","3","0.5","0.05","1","80","5","2","0","0.5","10","58","239","3.9748953974895396"
"10","10","0.0025","0.29","3","0.5","0.05","1","80","5","2","0","0.5","10","21","225","4.04"
"8","10","0.0025","0.29","3","0.5","0.05","1","80","5","2","0","0.5","10","45","266","3.954887218045113"
"7","10","0.0025","0.29","3","0.5","0.05","1","80","5","2","0","0.5","10","59","235","3.974468085106383"
"7","10","0.0025","0.29","3","0.5","0.05","1","80","5","2","0","0.5","10","60","234","3.9743589743589745"
"9","10","0.0025","0.29","3","0.5","0.05","1","80","5","2","0","0.5","10","40","253","4.007905138339921"
"12","10","0.0025","0.29","3","0.5","0.05","1","80","5","8","0","0.5","10","0","219","3.904109589041096"
"11","10","0.0025","0.29","3","0.5","0.05","1","80","5","8","0","0.5","10","22","234","3.952991452991453"
"9","10","0.0025","0.29","3","0.5","0.05","1","80","5","2","0","0.5","10","41","253","4.007905138339921"
"10","10","0.0025","0.29","3","0.5","0.05","1","80","5","2","0","0.5","10","22","225","4.04"
"11","10","0.0025","0.29","3","0.5","0.05","1","80","5","8","0","0.5","10","23","234","3.9615384615384617"
"10","10","0.0025","0.29","3","0.5","0.05","1","80","5","2","0","0.5","10","23","223","4.040358744394619"
"9","10","0.0025","0.29","3","0.5","0.05","1","80","5","2","0","0.5","10","42","252","4.007936507936508"
"11","10","0.0025","0.29","3","0.5","0.05","1","80","5","8","0","0.5","10","24","233","3.9570815450643777"
"10","10","0.0025","0.29","3","0.5","0.05","1","80","5","2","0","0.5","10","24","223","4.040358744394619"
"8","10","0.0025","0.29","3","0.5","0.05","1","80","5","2","0","0.5","10","46","264","3.9545454545454546"
"8","10","0.0025","0.29","3","0.5","0.05","1","80","5","2","0","0.5","10","47","263","3.950570342205323"
"12","10","0.0025","0.29","3","0.5","0.05","1","80","5","8","0","0.5","10","1","217","4.018433179723503"
"8","10","0.0025","0.29","3","0.5","0.05","1","80","5","2","0","0.5","10","48","263","3.946768060836502"
"12","10","0.0025","0.29","3","0.5","0.05","1","80","5","8","0","0.5","10","2","217","3.9723502304147464"
"9","10","0.0025","0.29","3","0.5","0.05","1","80","5","2","0","0.5","10","43","251","4.01593625498008"
"7","10","0.0025","0.29","3","0.5","0.05","1","80","5","2","0","0.5","10","61","246","3.7601626016260163"
"12","10","0.0025","0.29","3","0.5","0.05","1","80","5","8","0","0.5","10","3","217","3.986175115207373"
"7","10","0.0025","0.29","3","0.5","0.05","1","80","5","2","0","0.5","10","62","246","3.983739837398374"
"9","10","0.0025","0.29","3","0.5","0.05","1","80","5","2","0","0.5","10","44","251","4.00796812749004"
"10","10","0.0025","0.29","3","0.5","0.05","1","80","5","2","0","0.5","10","25","252","3.5753968253968256"
"7","10","0.0025","0.29","3","0.5","0.05","1","80","5","2","0","0.5","10","63","246","3.967479674796748"
"9","10","0.0025","0.29","3","0.5","0.05","1","80","5","2","0","0.5","10","45","251","4.00796812749004"
"11","10","0.0025","0.29","3","0.5","0.05","1","80","5","8","0","0.5","10","25","248","3.717741935483871"
"10","10","0.0025","0.29","3","0.5","0.05","1","80","5","2","0","0.5","10","26","251","4.083665338645418"
"11","10","0.0025","0.29","3","0.5","0.05","1","80","5","8","0","0.5","10","26","247","3.919028340080972"
"10","10","0.0025","0.29","3","0.5","0.05","1","80","5","2","0","0.5","10","27","248","4.060483870967742"
"11","10","0.0025","0.29","3","0.5","0.05","1","80","5","8","0","0.5","10","27","247","3.919028340080972"
"12","10","0.0025","0.29","3","0.5","0.05","1","80","5","8","0","0.5","10","4","217","3.986175115207373"
"7","10","0.0025","0.29","3","0.5","0.05","1","80","5","2","0","0.5","10","64","246","3.9715447154471546"
"12","10","0.0025","0.29","3","0.5","0.05","1","80","5","8","0","0.5","10","5","216","3.986111111111111"
"7","10","0.0025","0.29","3","0.5","0.05","1","80","5","2","0","0.5","10","65","244","3.9631147540983607"
"12","10","0.0025","0.29","3","0.5","0.05","1","80","5","8","0","0.5","10","6","216","3.986111111111111"
"9","10","0.0025","0.29","3","0.5","0.05","1","80","5","2","0","0.5","10","46","251","4.01195219123506"
"8","10","0.0025","0.29","3","0.5","0.05","1","80","5","2","0","0.5","10","49","285","3.642105263157895"
"7","10","0.0025","0.29","3","0.5","0.05","1","80","5","2","0","0.5","10","66","242","3.9669421487603307"
"9","10","0.0025","0.29","3","0.5","0.05","1","80","5","2","0","0.5","10","47","250","3.996"
"8","10","0.0025","0.29","3","0.5","0.05","1","80","5","2","0","0.5","10","50","285","3.8912280701754387"
"11","10","0.0025","0.29","3","0.5","0.05","1","80","5","8","0","0.5","10","28","246","3.926829268292683"
"9","10","0.0025","0.29","3","0.5","0.05","1","80","5","2","0","0.5","10","48","249","3.9839357429718874"
"8","10","0.0025","0.29","3","0.5","0.05","1","80","5","2","0","0.5","10","51","284","3.890845070422535"
"11","10","0.0025","0.29","3","0.5","0.05","1","80","5","8","0","0.5","10","29","245","3.9224489795918367"
"10","10","0.0025","0.29","3","0.5","0.05","1","80","5","2","0","0.5","10","28","248","4.076612903225806"
"12","10","0.0025","0.29","3","0.5","0.05","1","80","5","8","0","0.5","10","7","216","3.986111111111111"
"12","10","0.0025","0.29","3","0.5","0.05","1","80","5","8","0","0.5","10","8","216","3.986111111111111"
"11","10","0.0025","0.29","3","0.5","0.05","1","80","5","8","0","0.5","10","30","242","3.9214876033057853"
"10","10","0.0025","0.29","3","0.5","0.05","1","80","5","2","0","0.5","10","29","248","4.084677419354839"
"7","10","0.0025","0.29","3","0.5","0.05","1","80","5","2","0","0.5","10","67","239","3.9790794979079496"
"12","10","0.0025","0.29","3","0.5","0.05","1","80","5","8","0","0.5","10","9","215","3.986046511627907"
"10","10","0.0025","0.29","3","0.5","0.05","1","80","5","2","0","0.5","10","30","248","4.076612903225806"
"7","10","0.0025","0.29","3","0.5","0.05","1","80","5","2","0","0.5","10","68","237","3.9662447257383966"
"7","10","0.0025","0.29","3","0.5","0.05","1","80","5","2","0","0.5","10","69","234","3.9786324786324787"
"12","10","0.0025","0.29","3","0.5","0.05","1","80","5","8","0","0.5","10","10","214","3.985981308411215"
"8","10","0.0025","0.29","3","0.5","0.05","1","80","5","2","0","0.5","10","52","284","3.890845070422535"
"11","10","0.0025","0.29","3","0.5","0.05","1","80","5","8","0","0.5","10","31","240","3.9208333333333334"
"12","10","0.0025","0.29","3","0.5","0.05","1","80","5","8","0","0.5","10","11","213","3.9859154929577465"
"11","10","0.0025","0.29","3","0.5","0.05","1","80","5","8","0","0.5","10","32","238","3.9201680672268906"
"10","10","0.0025","0.29","3","0.5","0.05","1","80","5","2","0","0.5","10","31","247","4.080971659919029"
"9","10","0.0025","0.29","3","0.5","0.05","1","80","5","2","0","0.5","10","49","274","3.613138686131387"
"8","10","0.0025","0.29","3","0.5","0.05","1","80","5","2","0","0.5","10","53","282","3.8900709219858154"
"12","10","0.0025","0.29","3","0.5","0.05","1","80","5","8","0","0.5","10","12","213","3.9859154929577465"
"11","10","0.0025","0.29","3","0.5","0.05","1","80","5","8","0","0.5","10","33","237","3.919831223628692"
"10","10","0.0025","0.29","3","0.5","0.05","1","80","5","2","0","0.5","10","32","245","4.085714285714285"
"9","10","0.0025","0.29","3","0.5","0.05","1","80","5","2","0","0.5","10","50","274","3.9927007299270074"
"8","10","0.0025","0.29","3","0.5","0.05","1","80","5","2","0","0.5","10","54","281","3.889679715302491"
"7","10","0.0025","0.29","3","0.5","0.05","1","80","5","2","0","0.5","10","70","233","3.9699570815450644"
"10","10","0.0025","0.29","3","0.5","0.05","1","80","5","2","0","0.5","10","33","244","4.081967213114754"
"9","10","0.0025","0.29","3","0.5","0.05","1","80","5","2","0","0.5","10","51","274","3.9927007299270074"
"7","10","0.0025","0.29","3","0.5","0.05","1","80","5","2","0","0.5","10","71","231","3.9696969696969697"
"7","10","0.0025","0.29","3","0.5","0.05","1","80","5","2","0","0.5","10","72","229","3.965065502183406"
"11","10","0.0025","0.29","3","0.5","0.05","1","80","5","8","0","0.5","10","34","237","3.9240506329113924"
"12","10","0.0025","0.29","3","0.5","0.05","1","80","5","8","0","0.5","10","13","230","3.6739130434782608"
"11","10","0.0025","0.29","3","0.5","0.05","1","80","5","8","0","0.5","10","35","237","3.919831223628692"
"12","10","0.0025","0.29","3","0.5","0.05","1","80","5","8","0","0.5","10","14","228","3.960526315789474"
"10","10","0.0025","0.29","3","0.5","0.05","1","80","5","2","0","0.5","10","34","244","4.081967213114754"
"9","10","0.0025","0.29","3","0.5","0.05","1","80","5","2","0","0.5","10","52","274","3.9927007299270074"
"8","10","0.0025","0.29","3","0.5","0.05","1","80","5","2","0","0.5","10","55","279","3.888888888888889"
"12","10","0.0025","0.29","3","0.5","0.05","1","80","5","8","0","0.5","10","15","227","3.973568281938326"
"11","10","0.0025","0.29","3","0.5","0.05","1","80","5","8","0","0.5","10","36","236","3.9237288135593222"
"9","10","0.0025","0.29","3","0.5","0.05","1","80","5","2","0","0.5","10","53","274","3.9927007299270074"
"8","10","0.0025","0.29","3","0.5","0.05","1","80","5","2","0","0.5","10","56","279","3.888888888888889"
"10","10","0.0025","0.29","3","0.5","0.05","1","80","5","2","0","0.5","10","35","244","4.081967213114754"
"9","10","0.0025","0.29","3","0.5","0.05","1","80","5","2","0","0.5","10","54","273","3.9926739926739927"
"8","10","0.0025","0.29","3","0.5","0.05","1","80","5","2","0","0.5","10","57","277","3.888086642599278"
"10","10","0.0025","0.29","3","0.5","0.05","1","80","5","2","0","0.5","10","36","243","4.08641975308642"
"12","10","0.0025","0.29","3","0.5","0.05","1","80","5","8","0","0.5","10","16","227","3.9779735682819384"
"7","10","0.0025","0.29","3","0.5","0.05","1","80","5","2","0","0.5","10","73","247","3.6639676113360324"
"12","10","0.0025","0.29","3","0.5","0.05","1","80","5","8","0","0.5","10","17","227","3.9779735682819384"
"7","10","0.0025","0.29","3","0.5","0.05","1","80","5","2","0","0.5","10","74","246","4.016260162601626"
"12","10","0.0025","0.29","3","0.5","0.05","1","80","5","8","0","0.5","10","18","226","3.97787610619469"
"11","10","0.0025","0.29","3","0.5","0.05","1","80","5","8","0","0.5","10","37","259","3.5752895752895753"
"7","10","0.0025","0.29","3","0.5","0.05","1","80","5","2","0","0.5","10","75","244","4.004098360655738"
"9","10","0.0025","0.29","3","0.5","0.05","1","80","5","2","0","0.5","10","55","273","3.9926739926739927"
"11","10","0.0025","0.29","3","0.5","0.05","1","80","5","8","0","0.5","10","38","259","3.945945945945946"
"8","10","0.0025","0.29","3","0.5","0.05","1","80","5","2","0","0.5","10","58","276","3.88768115942029"
"9","10","0.0025","0.29","3","0.5","0.05","1","80","5","2","0","0.5","10","56","271","3.988929889298893"
"11","10","0.0025","0.29","3","0.5","0.05","1","80","5","8","0","0.5","10","39","257","3.9494163424124515"
"12","10","0.0025","0.29","3","0.5","0.05","1","80","5","8","0","0.5","10","19","226","3.97787610619469"
"10","10","0.0025","0.29","3","0.5","0.05","1","80","5","2","0","0.5","10","37","253","3.889328063241107"
"8","10","0.0025","0.29","3","0.5","0.05","1","80","5","2","0","0.5","10","59","273","3.89010989010989"
"9","10","0.0025","0.29","3","0.5","0.05","1","80","5","2","0","0.5","10","57","269","3.992565055762082"
"12","10","0.0025","0.29","3","0.5","0.05","1","80","5","8","0","0.5","10","20","224","3.9776785714285716"
"10","10","0.0025","0.29","3","0.5","0.05","1","80","5","2","0","0.5","10","38","253","4.07905138339921"
"8","10","0.0025","0.29","3","0.5","0.05","1","80","5","2","0","0.5","10","60","273","3.8937728937728937"
"12","10","0.0025","0.29","3","0.5","0.05","1","80","5","8","0","0.5","10","21","223","3.977578475336323"
"7","10","0.0025","0.29","3","0.5","0.05","1","80","5","2","0","0.5","10","76","243","4.020576131687243"
"10","10","0.0025","0.29","3","0.5","0.05","1","80","5","2","0","0.5","10","39","253","4.067193675889328"
"7","10","0.0025","0.29","3","0.5","0.05","1","80","5","2","0","0.5","10","77","242","4"
"11","10","0.0025","0.29","3","0.5","0.05","1","80","5","8","0","0.5","10","40","256","3.9453125"
"7","10","0.0025","0.29","3","0.5","0.05","1","80","5","2","0","0.5","10","78","241","4.012448132780083"
"11","10","0.0025","0.29","3","0.5","0.05","1","80","5","8","0","0.5","10","41","255","3.9450980392156865"
"12","10","0.0025","0.29","3","0.5","0.05","1","80","5","8","0","0.5","10","22","220","3.977272727272727"
"10","10","0.0025","0.29","3","0.5","0.05","1","80","5","2","0","0.5","10","40","253","4.063241106719367"
"9","10","0.0025","0.29","3","0.5","0.05","1","80","5","2","0","0.5","10","58","269","3.9888475836431225"
"11","10","0.0025","0.29","3","0.5","0.05","1","80","5","8","0","0.5","10","42","253","3.9446640316205532"
"12","10","0.0025","0.29","3","0.5","0.05","1","80","5","8","0","0.5","10","23","220","3.977272727272727"
"10","10","0.0025","0.29","3","0.5","0.05","1","80","5","2","0","0.5","10","41","252","4.067460317460317"
"9","10","0.0025","0.29","3","0.5","0.05","1","80","5","2","0","0.5","10","59","269","3.9888475836431225"
"12","10","0.0025","0.29","3","0.5","0.05","1","80","5","8","0","0.5","10","24","219","3.9771689497716896"
"10","10","0.0025","0.29","3","0.5","0.05","1","80","5","2","0","0.5","10","42","251","4.063745019920319"
"7","10","0.0025","0.29","3","0.5","0.05","1","80","5","2","0","0.5","10","79","240","4"
"9","10","0.0025","0.29","3","0.5","0.05","1","80","5","2","0","0.5","10","60","268","3.9888059701492535"
"7","10","0.0025","0.29","3","0.5","0.05","1","80","5","2","0","0.5","10","80","239","4.01255230125523"
"7","10","0.0025","0.29","3","0.5","0.05","1","80","5","2","0","0.5","10","81","238","4"
"8","10","0.0025","0.29","3","0.5","0.05","1","80","5","2","0","0.5","10","61","291","3.6391752577319587"
"11","10","0.0025","0.29","3","0.5","0.05","1","80","5","8","0","0.5","10","43","252","3.9444444444444446"
"8","10","0.0025","0.29","3","0.5","0.05","1","80","5","2","0","0.5","10","62","288","3.90625"
"10","10","0.0025","0.29","3","0.5","0.05","1","80","5","2","0","0.5","10","43","250","4.068"
"11","10","0.0025","0.29","3","0.5","0.05","1","80","5","8","0","0.5","10","44","252","3.9444444444444446"
"12","10","0.0025","0.29","3","0.5","0.05","1","80","5","8","0","0.5","10","25","237","3.6413502109704643"
"10","10","0.0025","0.29","3","0.5","0.05","1","80","5","2","0","0.5","10","44","250","4.064"
"8","10","0.0025","0.29","3","0.5","0.05","1","80","5","2","0","0.5","10","63","285","3.9087719298245616"
"11","10","0.0025","0.29","3","0.5","0.05","1","80","5","8","0","0.5","10","45","251","3.944223107569721"
"12","10","0.0025","0.29","3","0.5","0.05","1","80","5","8","0","0.5","10","26","236","3.98728813559322"
"10","10","0.0025","0.29","3","0.5","0.05","1","80","5","2","0","0.5","10","45","248","4.076612903225806"
"7","10","0.0025","0.29","3","0.5","0.05","1","80","5","2","0","0.5","10","82","237","4.008438818565401"
"12","10","0.0025","0.29","3","0.5","0.05","1","80","5","8","0","0.5","10","27","236","3.98728813559322"
"9","10","0.0025","0.29","3","0.5","0.05","1","80","5","2","0","0.5","10","61","287","3.724738675958188"
"7","10","0.0025","0.29","3","0.5","0.05","1","80","5","2","0","0.5","10","83","237","3.9957805907172994"
"7","10","0.0025","0.29","3","0.5","0.05","1","80","5","2","0","0.5","10","84","236","4.004237288135593"
"9","10","0.0025","0.29","3","0.5","0.05","1","80","5","2","0","0.5","10","62","286","4.003496503496503"
"11","10","0.0025","0.29","3","0.5","0.05","1","80","5","8","0","0.5","10","46","250","3.948"
"9","10","0.0025","0.29","3","0.5","0.05","1","80","5","2","0","0.5","10","63","283","4.010600706713781"
"12","10","0.0025","0.29","3","0.5","0.05","1","80","5","8","0","0.5","10","28","236","3.9915254237288136"
"10","10","0.0025","0.29","3","0.5","0.05","1","80","5","2","0","0.5","10","46","247","4.068825910931174"
"8","10","0.0025","0.29","3","0.5","0.05","1","80","5","2","0","0.5","10","64","284","3.9049295774647885"
"11","10","0.0025","0.29","3","0.5","0.05","1","80","5","8","0","0.5","10","47","249","3.9477911646586343"
"12","10","0.0025","0.29","3","0.5","0.05","1","80","5","8","0","0.5","10","29","234","3.9871794871794872"
"10","10","0.0025","0.29","3","0.5","0.05","1","80","5","2","0","0.5","10","47","247","4.0728744939271255"
"8","10","0.0025","0.29","3","0.5","0.05","1","80","5","2","0","0.5","10","65","284","3.9014084507042255"
"11","10","0.0025","0.29","3","0.5","0.05","1","80","5","8","0","0.5","10","48","248","3.9475806451612905"
"12","10","0.0025","0.29","3","0.5","0.05","1","80","5","8","0","0.5","10","30","234","3.9871794871794872"
"10","10","0.0025","0.29","3","0.5","0.05","1","80","5","2","0","0.5","10","48","245","4.073469387755102"
"8","10","0.0025","0.29","3","0.5","0.05","1","80","5","2","0","0.5","10","66","284","3.9014084507042255"
"9","10","0.0025","0.29","3","0.5","0.05","1","80","5","2","0","0.5","10","64","283","4.010600706713781"
"12","10","0.0025","0.29","3","0.5","0.05","1","80","5","8","0","0.5","10","31","234","3.9871794871794872"
"9","10","0.0025","0.29","3","0.5","0.05","1","80","5","2","0","0.5","10","65","281","4.01067615658363"
"12","10","0.0025","0.29","3","0.5","0.05","1","80","5","8","0","0.5","10","32","233","3.9871244635193133"
"9","10","0.0025","0.29","3","0.5","0.05","1","80","5","2","0","0.5","10","66","278","4.010791366906475"
"12","10","0.0025","0.29","3","0.5","0.05","1","80","5","8","0","0.5","10","33","232","3.9870689655172415"
"8","10","0.0025","0.29","3","0.5","0.05","1","80","5","2","0","0.5","10","67","284","3.9014084507042255"
"11","10","0.0025","0.29","3","0.5","0.05","1","80","5","8","0","0.5","10","49","264","3.712121212121212"
"7","10","0.0025","0.29","3","0.5","0.05","1","80","5","2","0","0.5","10","85","251","3.756972111553785"
"10","10","0.0025","0.29","3","0.5","0.05","1","80","5","2","0","0.5","10","49","258","3.8488372093023258"
"8","10","0.0025","0.29","3","0.5","0.05","1","80","5","2","0","0.5","10","68","283","3.9010600706713783"
"11","10","0.0025","0.29","3","0.5","0.05","1","80","5","8","0","0.5","10","50","263","3.950570342205323"
"7","10","0.0025","0.29","3","0.5","0.05","1","80","5","2","0","0.5","10","86","250","4.016"
"11","10","0.0025","0.29","3","0.5","0.05","1","80","5","8","0","0.5","10","51","263","3.9543726235741445"
"10","10","0.0025","0.29","3","0.5","0.05","1","80","5","2","0","0.5","10","50","258","4.054263565891473"
"8","10","0.0025","0.29","3","0.5","0.05","1","80","5","2","0","0.5","10","69","283","3.9010600706713783"
"12","10","0.0025","0.29","3","0.5","0.05","1","80","5","8","0","0.5","10","34","231","3.987012987012987"
"7","10","0.0025","0.29","3","0.5","0.05","1","80","5","2","0","0.5","10","87","249","4.004016064257028"
"10","10","0.0025","0.29","3","0.5","0.05","1","80","5","2","0","0.5","10","51","258","4.062015503875969"
"12","10","0.0025","0.29","3","0.5","0.05","1","80","5","8","0","0.5","10","35","230","3.9869565217391303"
"12","10","0.0025","0.29","3","0.5","0.05","1","80","5","8","0","0.5","10","36","229","3.986899563318777"
"11","10","0.0025","0.29","3","0.5","0.05","1","80","5","8","0","0.5","10","52","263","3.950570342205323"
"9","10","0.0025","0.29","3","0.5","0.05","1","80","5","2","0","0.5","10","67","277","4.014440433212997"
"8","10","0.0025","0.29","3","0.5","0.05","1","80","5","2","0","0.5","10","70","283","3.9010600706713783"
"7","10","0.0025","0.29","3","0.5","0.05","1","80","5","2","0","0.5","10","88","247","4.008097165991903"
"11","10","0.0025","0.29","3","0.5","0.05","1","80","5","8","0","0.5","10","53","262","3.950381679389313"
"10","10","0.0025","0.29","3","0.5","0.05","1","80","5","2","0","0.5","10","52","257","4.058365758754864"
"9","10","0.0025","0.29","3","0.5","0.05","1","80","5","2","0","0.5","10","68","276","4.0144927536231885"
"7","10","0.0025","0.29","3","0.5","0.05","1","80","5","2","0","0.5","10","89","247","4.008097165991903"
"11","10","0.0025","0.29","3","0.5","0.05","1","80","5","8","0","0.5","10","54","261","3.950191570881226"
"8","10","0.0025","0.29","3","0.5","0.05","1","80","5","2","0","0.5","10","71","281","3.900355871886121"
"9","10","0.0025","0.29","3","0.5","0.05","1","80","5","2","0","0.5","10","69","276","4.018115942028985"
"10","10","0.0025","0.29","3","0.5","0.05","1","80","5","2","0","0.5","10","53","257","4.062256809338521"
"7","10","0.0025","0.29","3","0.5","0.05","1","80","5","2","0","0.5","10","90","247","4.008097165991903"
"8","10","0.0025","0.29","3","0.5","0.05","1","80","5","2","0","0.5","10","72","281","3.900355871886121"
"10","10","0.0025","0.29","3","0.5","0.05","1","80","5","2","0","0.5","10","54","255","4.0627450980392155"
"12","10","0.0025","0.29","3","0.5","0.05","1","80","5","8","0","0.5","10","37","251","3.6215139442231075"
"12","10","0.0025","0.29","3","0.5","0.05","1","80","5","8","0","0.5","10","38","251","3.9880478087649402"
"11","10","0.0025","0.29","3","0.5","0.05","1","80","5","8","0","0.5","10","55","261","3.950191570881226"
"12","10","0.0025","0.29","3","0.5","0.05","1","80","5","8","0","0.5","10","39","251","3.9760956175298805"
"7","10","0.0025","0.29","3","0.5","0.05","1","80","5","2","0","0.5","10","91","243","4.004115226337449"
"10","10","0.0025","0.29","3","0.5","0.05","1","80","5","2","0","0.5","10","55","255","4.074509803921568"
"11","10","0.0025","0.29","3","0.5","0.05","1","80","5","8","0","0.5","10","56","260","3.95"
"9","10","0.0025","0.29","3","0.5","0.05","1","80","5","2","0","0.5","10","70","276","4.0144927536231885"
"7","10","0.0025","0.29","3","0.5","0.05","1","80","5","2","0","0.5","10","92","243","4.004115226337449"
"10","10","0.0025","0.29","3","0.5","0.05","1","80","5","2","0","0.5","10","56","254","4.066929133858268"
"11","10","0.0025","0.29","3","0.5","0.05","1","80","5","8","0","0.5","10","57","260","3.953846153846154"
"9","10","0.0025","0.29","3","0.5","0.05","1","80","5","2","0","0.5","10","71","275","4.014545454545455"
"7","10","0.0025","0.29","3","0.5","0.05","1","80","5","2","0","0.5","10","93","243","4.004115226337449"
"10","10","0.0025","0.29","3","0.5","0.05","1","80","5","2","0","0.5","10","57","254","4.070866141732283"
"9","10","0.0025","0.29","3","0.5","0.05","1","80","5","2","0","0.5","10","72","275","4.014545454545455"
"12","10","0.0025","0.29","3","0.5","0.05","1","80","5","8","0","0.5","10","40","250","3.976"
"12","10","0.0025","0.29","3","0.5","0.05","1","80","5","8","0","0.5","10","41","249","3.9759036144578315"
"8","10","0.0025","0.29","3","0.5","0.05","1","80","5","2","0","0.5","10","73","307","3.570032573289902"
"12","10","0.0025","0.29","3","0.5","0.05","1","80","5","8","0","0.5","10","42","249","3.9759036144578315"
"8","10","0.0025","0.29","3","0.5","0.05","1","80","5","2","0","0.5","10","74","305","3.9377049180327868"
"11","10","0.0025","0.29","3","0.5","0.05","1","80","5","8","0","0.5","10","58","258","3.9573643410852712"
"10","10","0.0025","0.29","3","0.5","0.05","1","80","5","2","0","0.5","10","58","252","4.067460317460317"
"7","10","0.0025","0.29","3","0.5","0.05","1","80","5","2","0","0.5","10","94","242","4.0041322314049586"
"11","10","0.0025","0.29","3","0.5","0.05","1","80","5","8","0","0.5","10","59","258","3.953488372093023"
"8","10","0.0025","0.29","3","0.5","0.05","1","80","5","2","0","0.5","10","75","304","3.924342105263158"
"10","10","0.0025","0.29","3","0.5","0.05","1","80","5","2","0","0.5","10","59","252","4.075396825396825"
"7","10","0.0025","0.29","3","0.5","0.05","1","80","5","2","0","0.5","10","95","241","4"
"11","10","0.0025","0.29","3","0.5","0.05","1","80","5","8","0","0.5","10","60","256","3.953125"
"7","10","0.0025","0.29","3","0.5","0.05","1","80","5","2","0","0.5","10","96","241","4"
"10","10","0.0025","0.29","3","0.5","0.05","1","80","5","2","0","0.5","10","60","251","4.067729083665339"
"12","10","0.0025","0.29","3","0.5","0.05","1","80","5","8","0","0.5","10","43","248","3.971774193548387"
"12","10","0.0025","0.29","3","0.5","0.05","1","80","5","8","0","0.5","10","44","248","3.9798387096774195"
"9","10","0.0025","0.29","3","0.5","0.05","1","80","5","2","0","0.5","10","73","294","3.7312925170068025"
"12","10","0.0025","0.29","3","0.5","0.05","1","80","5","8","0","0.5","10","45","248","3.971774193548387"
"9","10","0.0025","0.29","3","0.5","0.05","1","80","5","2","0","0.5","10","74","293","4.047781569965871"
"9","10","0.0025","0.29","3","0.5","0.05","1","80","5","2","0","0.5","10","75","292","4.0479452054794525"
"8","10","0.0025","0.29","3","0.5","0.05","1","80","5","2","0","0.5","10","76","303","3.9174917491749173"
"7","10","0.0025","0.29","3","0.5","0.05","1","80","5","2","0","0.5","10","97","258","3.7209302325581395"
"8","10","0.0025","0.29","3","0.5","0.05","1","80","5","2","0","0.5","10","77","303","3.9174917491749173"
"12","10","0.0025","0.29","3","0.5","0.05","1","80","5","8","0","0.5","10","46","247","3.983805668016194"
"11","10","0.0025","0.29","3","0.5","0.05","1","80","5","8","0","0.5","10","61","268","3.720149253731343"
"10","10","0.0025","0.29","3","0.5","0.05","1","80","5","2","0","0.5","10","61","278","3.6654676258992804"
"7","10","0.0025","0.29","3","0.5","0.05","1","80","5","2","0","0.5","10","98","258","4.011627906976744"
"8","10","0.0025","0.29","3","0.5","0.05","1","80","5","2","0","0.5","10","78","301","3.920265780730897"
"12","10","0.0025","0.29","3","0.5","0.05","1","80","5","8","0","0.5","10","47","247","3.983805668016194"
"11","10","0.0025","0.29","3","0.5","0.05","1","80","5","8","0","0.5","10","62","268","3.966417910447761"
"10","10","0.0025","0.29","3","0.5","0.05","1","80","5","2","0","0.5","10","62","278","4.075539568345324"
"7","10","0.0025","0.29","3","0.5","0.05","1","80","5","2","0","0.5","10","99","258","3.996124031007752"
"12","10","0.0025","0.29","3","0.5","0.05","1","80","5","8","0","0.5","10","48","247","3.983805668016194"
"11","10","0.0025","0.29","3","0.5","0.05","1","80","5","8","0","0.5","10","63","267","3.9625468164794007"
"10","10","0.0025","0.29","3","0.5","0.05","1","80","5","2","0","0.5","10","63","277","4.064981949458484"
"9","10","0.0025","0.29","3","0.5","0.05","1","80","5","2","0","0.5","10","76","292","4.044520547945205"
"9","10","0.0025","0.29","3","0.5","0.05","1","80","5","2","0","0.5","10","77","289","4.044982698961937"
"7","10","0.0025","0.29","3","0.5","0.05","1","80","5","2","0","0.5","10","100","258","4.003875968992248"
"9","10","0.0025","0.29","3","0.5","0.05","1","80","5","2","0","0.5","10","78","288","4.045138888888889"
"7","10","0.0025","0.29","3","0.5","0.05","1","80","5","2","0","0.5","10","101","258","3.992248062015504"
"11","10","0.0025","0.29","3","0.5","0.05","1","80","5","8","0","0.5","10","64","266","3.962406015037594"
"8","10","0.0025","0.29","3","0.5","0.05","1","80","5","2","0","0.5","10","79","298","3.9161073825503356"
"7","10","0.0025","0.29","3","0.5","0.05","1","80","5","2","0","0.5","10","102","258","3.992248062015504"
"10","10","0.0025","0.29","3","0.5","0.05","1","80","5","2","0","0.5","10","64","277","4.050541516245487"
"11","10","0.0025","0.29","3","0.5","0.05","1","80","5","8","0","0.5","10","65","265","3.9622641509433962"
"12","10","0.0025","0.29","3","0.5","0.05","1","80","5","8","0","0.5","10","49","265","3.7132075471698114"
"8","10","0.0025","0.29","3","0.5","0.05","1","80","5","2","0","0.5","10","80","297","3.9158249158249157"
"10","10","0.0025","0.29","3","0.5","0.05","1","80","5","2","0","0.5","10","65","275","4.058181818181819"
"11","10","0.0025","0.29","3","0.5","0.05","1","80","5","8","0","0.5","10","66","265","3.9622641509433962"
"10","10","0.0025","0.29","3","0.5","0.05","1","80","5","2","0","0.5","10","66","272","4.051470588235294"
"12","10","0.0025","0.29","3","0.5","0.05","1","80","5","8","0","0.5","10","50","264","3.992424242424242"
"8","10","0.0025","0.29","3","0.5","0.05","1","80","5","2","0","0.5","10","81","297","3.9158249158249157"
"12","10","0.0025","0.29","3","0.5","0.05","1","80","5","8","0","0.5","10","51","263","3.9923954372623576"
"7","10","0.0025","0.29","3","0.5","0.05","1","80","5","2","0","0.5","10","103","257","3.992217898832685"
"9","10","0.0025","0.29","3","0.5","0.05","1","80","5","2","0","0.5","10","79","285","4.045614035087719"
"9","10","0.0025","0.29","3","0.5","0.05","1","80","5","2","0","0.5","10","80","283","4.045936395759718"
"7","10","0.0025","0.29","3","0.5","0.05","1","80","5","2","0","0.5","10","104","257","3.992217898832685"
"9","10","0.0025","0.29","3","0.5","0.05","1","80","5","2","0","0.5","10","81","281","4.0462633451957295"
"7","10","0.0025","0.29","3","0.5","0.05","1","80","5","2","0","0.5","10","105","256","3.98828125"
"11","10","0.0025","0.29","3","0.5","0.05","1","80","5","8","0","0.5","10","67","263","3.9657794676806084"
"12","10","0.0025","0.29","3","0.5","0.05","1","80","5","8","0","0.5","10","52","263","3.9923954372623576"
"10","10","0.0025","0.29","3","0.5","0.05","1","80","5","2","0","0.5","10","67","270","4.051851851851852"
"11","10","0.0025","0.29","3","0.5","0.05","1","80","5","8","0","0.5","10","68","260","3.9692307692307693"
"12","10","0.0025","0.29","3","0.5","0.05","1","80","5","8","0","0.5","10","53","262","3.9923664122137406"
"10","10","0.0025","0.29","3","0.5","0.05","1","80","5","2","0","0.5","10","68","270","4.048148148148148"
"11","10","0.0025","0.29","3","0.5","0.05","1","80","5","8","0","0.5","10","69","259","3.972972972972973"
"12","10","0.0025","0.29","3","0.5","0.05","1","80","5","8","0","0.5","10","54","262","3.99618320610687"
"8","10","0.0025","0.29","3","0.5","0.05","1","80","5","2","0","0.5","10","82","295","3.9152542372881354"
"7","10","0.0025","0.29","3","0.5","0.05","1","80","5","2","0","0.5","10","106","256","3.984375"
"10","10","0.0025","0.29","3","0.5","0.05","1","80","5","2","0","0.5","10","69","270","4.051851851851852"
"8","10","0.0025","0.29","3","0.5","0.05","1","80","5","2","0","0.5","10","83","294","3.9183673469387754"
"7","10","0.0025","0.29","3","0.5","0.05","1","80","5","2","0","0.5","10","107","255","3.984313725490196"
"8","10","0.0025","0.29","3","0.5","0.05","1","80","5","2","0","0.5","10","84","294","3.921768707482993"
"7","10","0.0025","0.29","3","0.5","0.05","1","80","5","2","0","0.5","10","108","253","3.9881422924901186"
"9","10","0.0025","0.29","3","0.5","0.05","1","80","5","2","0","0.5","10","82","280","4.046428571428572"
"12","10","0.0025","0.29","3","0.5","0.05","1","80","5","8","0","0.5","10","55","260","4.003846153846154"
"9","10","0.0025","0.29","3","0.5","0.05","1","80","5","2","0","0.5","10","83","280","4.046428571428572"
"11","10","0.0025","0.29","3","0.5","0.05","1","80","5","8","0","0.5","10","70","259","3.972972972972973"
"12","10","0.0025","0.29","3","0.5","0.05","1","80","5","8","0","0.5","10","56","258","4.003875968992248"
"9","10","0.0025","0.29","3","0.5","0.05","1","80","5","2","0","0.5","10","84","279","4.046594982078853"
"10","10","0.0025","0.29","3","0.5","0.05","1","80","5","2","0","0.5","10","70","267","4.037453183520599"
"11","10","0.0025","0.29","3","0.5","0.05","1","80","5","8","0","0.5","10","71","257","3.9688715953307394"
"12","10","0.0025","0.29","3","0.5","0.05","1","80","5","8","0","0.5","10","57","256","4.00390625"
"10","10","0.0025","0.29","3","0.5","0.05","1","80","5","2","0","0.5","10","71","265","4.041509433962264"
"11","10","0.0025","0.29","3","0.5","0.05","1","80","5","8","0","0.5","10","72","256","3.96484375"
"10","10","0.0025","0.29","3","0.5","0.05","1","80","5","2","0","0.5","10","72","263","4.038022813688213"
"7","10","0.0025","0.29","3","0.5","0.05","1","80","5","2","0","0.5","10","109","258","3.895348837209302"
"7","10","0.0025","0.29","3","0.5","0.05","1","80","5","2","0","0.5","10","110","256","3.96875"
"7","10","0.0025","0.29","3","0.5","0.05","1","80","5","2","0","0.5","10","111","256","3.96875"
"12","10","0.0025","0.29","3","0.5","0.05","1","80","5","8","0","0.5","10","58","256","4.00390625"
"8","10","0.0025","0.29","3","0.5","0.05","1","80","5","2","0","0.5","10","85","312","3.6538461538461537"
"12","10","0.0025","0.29","3","0.5","0.05","1","80","5","8","0","0.5","10","59","256","4.00390625"
"8","10","0.0025","0.29","3","0.5","0.05","1","80","5","2","0","0.5","10","86","311","3.9067524115755625"
"12","10","0.0025","0.29","3","0.5","0.05","1","80","5","8","0","0.5","10","60","255","4.007843137254902"
"9","10","0.0025","0.29","3","0.5","0.05","1","80","5","2","0","0.5","10","85","286","3.937062937062937"
"7","10","0.0025","0.29","3","0.5","0.05","1","80","5","2","0","0.5","10","112","255","3.9686274509803923"
"8","10","0.0025","0.29","3","0.5","0.05","1","80","5","2","0","0.5","10","87","311","3.909967845659164"
"9","10","0.0025","0.29","3","0.5","0.05","1","80","5","2","0","0.5","10","86","285","4.094736842105263"
"11","10","0.0025","0.29","3","0.5","0.05","1","80","5","8","0","0.5","10","73","276","3.648550724637681"
"7","10","0.0025","0.29","3","0.5","0.05","1","80","5","2","0","0.5","10","113","252","3.9761904761904763"
"11","10","0.0025","0.29","3","0.5","0.05","1","80","5","8","0","0.5","10","74","276","4.003623188405797"
"9","10","0.0025","0.29","3","0.5","0.05","1","80","5","2","0","0.5","10","87","285","4.094736842105263"
"7","10","0.0025","0.29","3","0.5","0.05","1","80","5","2","0","0.5","10","114","250","3.984"
"10","10","0.0025","0.29","3","0.5","0.05","1","80","5","2","0","0.5","10","73","277","3.8411552346570397"
"11","10","0.0025","0.29","3","0.5","0.05","1","80","5","8","0","0.5","10","75","275","4.003636363636364"
"10","10","0.0025","0.29","3","0.5","0.05","1","80","5","2","0","0.5","10","74","275","4.04"
"10","10","0.0025","0.29","3","0.5","0.05","1","80","5","2","0","0.5","10","75","273","4.04029304029304"
"9","10","0.0025","0.29","3","0.5","0.05","1","80","5","2","0","0.5","10","88","284","4.084507042253521"
"8","10","0.0025","0.29","3","0.5","0.05","1","80","5","2","0","0.5","10","88","310","3.9096774193548387"
"12","10","0.0025","0.29","3","0.5","0.05","1","80","5","8","0","0.5","10","61","267","3.8127340823970037"
"7","10","0.0025","0.29","3","0.5","0.05","1","80","5","2","0","0.5","10","115","250","3.976"
"9","10","0.0025","0.29","3","0.5","0.05","1","80","5","2","0","0.5","10","89","283","4.074204946996466"
"11","10","0.0025","0.29","3","0.5","0.05","1","80","5","8","0","0.5","10","76","272","4"
"12","10","0.0025","0.29","3","0.5","0.05","1","80","5","8","0","0.5","10","62","267","4.044943820224719"
"7","10","0.0025","0.29","3","0.5","0.05","1","80","5","2","0","0.5","10","116","249","3.9718875502008033"
"8","10","0.0025","0.29","3","0.5","0.05","1","80","5","2","0","0.5","10","89","310","3.9064516129032256"
"11","10","0.0025","0.29","3","0.5","0.05","1","80","5","8","0","0.5","10","77","271","4"
"9","10","0.0025","0.29","3","0.5","0.05","1","80","5","2","0","0.5","10","90","281","4.081850533807829"
"12","10","0.0025","0.29","3","0.5","0.05","1","80","5","8","0","0.5","10","63","266","4.037593984962406"
"7","10","0.0025","0.29","3","0.5","0.05","1","80","5","2","0","0.5","10","117","247","3.9878542510121457"
"8","10","0.0025","0.29","3","0.5","0.05","1","80","5","2","0","0.5","10","90","310","3.912903225806452"
"11","10","0.0025","0.29","3","0.5","0.05","1","80","5","8","0","0.5","10","78","271","4"
"10","10","0.0025","0.29","3","0.5","0.05","1","80","5","2","0","0.5","10","76","273","4.032967032967033"
"10","10","0.0025","0.29","3","0.5","0.05","1","80","5","2","0","0.5","10","77","272","4.040441176470588"
"7","10","0.0025","0.29","3","0.5","0.05","1","80","5","2","0","0.5","10","118","247","3.9878542510121457"
"12","10","0.0025","0.29","3","0.5","0.05","1","80","5","8","0","0.5","10","64","265","4.033962264150944"
"10","10","0.0025","0.29","3","0.5","0.05","1","80","5","2","0","0.5","10","78","270","4.033333333333333"
"7","10","0.0025","0.29","3","0.5","0.05","1","80","5","2","0","0.5","10","119","247","3.9878542510121457"
"9","10","0.0025","0.29","3","0.5","0.05","1","80","5","2","0","0.5","10","91","281","4.074733096085409"
"12","10","0.0025","0.29","3","0.5","0.05","1","80","5","8","0","0.5","10","65","265","4.037735849056604"
"7","10","0.0025","0.29","3","0.5","0.05","1","80","5","2","0","0.5","10","120","247","3.9919028340080973"
"11","10","0.0025","0.29","3","0.5","0.05","1","80","5","8","0","0.5","10","79","270","4"
"8","10","0.0025","0.29","3","0.5","0.05","1","80","5","2","0","0.5","10","91","308","3.905844155844156"
"12","10","0.0025","0.29","3","0.5","0.05","1","80","5","8","0","0.5","10","66","264","4.041666666666667"
"9","10","0.0025","0.29","3","0.5","0.05","1","80","5","2","0","0.5","10","92","280","4.075"
"11","10","0.0025","0.29","3","0.5","0.05","1","80","5","8","0","0.5","10","80","269","4"
"9","10","0.0025","0.29","3","0.5","0.05","1","80","5","2","0","0.5","10","93","280","4.060714285714286"
"8","10","0.0025","0.29","3","0.5","0.05","1","80","5","2","0","0.5","10","92","307","3.9087947882736156"
"11","10","0.0025","0.29","3","0.5","0.05","1","80","5","8","0","0.5","10","81","268","4"
"8","10","0.0025","0.29","3","0.5","0.05","1","80","5","2","0","0.5","10","93","306","3.9052287581699345"
"12","10","0.0025","0.29","3","0.5","0.05","1","80","5","8","0","0.5","10","67","263","4.038022813688213"
"10","10","0.0025","0.29","3","0.5","0.05","1","80","5","2","0","0.5","10","79","270","4.04074074074074"
"12","10","0.0025","0.29","3","0.5","0.05","1","80","5","8","0","0.5","10","68","263","4.0418250950570345"
"10","10","0.0025","0.29","3","0.5","0.05","1","80","5","2","0","0.5","10","80","269","4.033457249070632"
"12","10","0.0025","0.29","3","0.5","0.05","1","80","5","8","0","0.5","10","69","263","4.034220532319392"
"9","10","0.0025","0.29","3","0.5","0.05","1","80","5","2","0","0.5","10","94","278","4.061151079136691"
"10","10","0.0025","0.29","3","0.5","0.05","1","80","5","2","0","0.5","10","81","266","4.041353383458647"
"13","10","0.0025","0.29","3","0.5","0.05","1","80","5","8","0","0.5","10","0","243","4.02880658436214"
"11","10","0.0025","0.29","3","0.5","0.05","1","80","5","8","0","0.5","10","82","268","4"
"9","10","0.0025","0.29","3","0.5","0.05","1","80","5","2","0","0.5","10","95","276","4.061594202898551"
"9","10","0.0025","0.29","3","0.5","0.05","1","80","5","2","0","0.5","10","96","276","4.061594202898551"
"11","10","0.0025","0.29","3","0.5","0.05","1","80","5","8","0","0.5","10","83","266","4.003759398496241"
"8","10","0.0025","0.29","3","0.5","0.05","1","80","5","2","0","0.5","10","94","302","3.9072847682119205"
"11","10","0.0025","0.29","3","0.5","0.05","1","80","5","8","0","0.5","10","84","264","4.003787878787879"
"12","10","0.0025","0.29","3","0.5","0.05","1","80","5","8","0","0.5","10","70","263","4.034220532319392"
"8","10","0.0025","0.29","3","0.5","0.05","1","80","5","2","0","0.5","10","95","299","3.903010033444816"
"12","10","0.0025","0.29","3","0.5","0.05","1","80","5","8","0","0.5","10","71","263","4.034220532319392"
"10","10","0.0025","0.29","3","0.5","0.05","1","80","5","2","0","0.5","10","82","265","4.033962264150944"
"8","10","0.0025","0.29","3","0.5","0.05","1","80","5","2","0","0.5","10","96","297","3.9057239057239057"
"12","10","0.0025","0.29","3","0.5","0.05","1","80","5","8","0","0.5","10","72","263","4.038022813688213"
"13","10","0.0025","0.29","3","0.5","0.05","1","80","5","8","0","0.5","10","1","243","4.106995884773663"
"10","10","0.0025","0.29","3","0.5","0.05","1","80","5","2","0","0.5","10","83","265","4.041509433962264"
"13","10","0.0025","0.29","3","0.5","0.05","1","80","5","8","0","0.5","10","2","242","4.103305785123967"
"10","10","0.0025","0.29","3","0.5","0.05","1","80","5","2","0","0.5","10","84","263","4.030418250950571"
"13","10","0.0025","0.29","3","0.5","0.05","1","80","5","8","0","0.5","10","3","241","4.095435684647303"
"9","10","0.0025","0.29","3","0.5","0.05","1","80","5","2","0","0.5","10","97","297","3.774410774410774"
"11","10","0.0025","0.29","3","0.5","0.05","1","80","5","8","0","0.5","10","85","285","3.7087719298245614"
"9","10","0.0025","0.29","3","0.5","0.05","1","80","5","2","0","0.5","10","98","297","4.08080808080808"
"12","10","0.0025","0.29","3","0.5","0.05","1","80","5","8","0","0.5","10","73","276","3.829710144927536"
"13","10","0.0025","0.29","3","0.5","0.05","1","80","5","8","0","0.5","10","4","238","4.0966386554621845"
"11","10","0.0025","0.29","3","0.5","0.05","1","80","5","8","0","0.5","10","86","285","4.014035087719298"
"9","10","0.0025","0.29","3","0.5","0.05","1","80","5","2","0","0.5","10","99","296","4.08445945945946"
"12","10","0.0025","0.29","3","0.5","0.05","1","80","5","8","0","0.5","10","74","273","4.062271062271062"
"13","10","0.0025","0.29","3","0.5","0.05","1","80","5","8","0","0.5","10","5","238","4.0966386554621845"
"11","10","0.0025","0.29","3","0.5","0.05","1","80","5","8","0","0.5","10","87","282","4.00709219858156"
"12","10","0.0025","0.29","3","0.5","0.05","1","80","5","8","0","0.5","10","75","272","4.0588235294117645"
"13","10","0.0025","0.29","3","0.5","0.05","1","80","5","8","0","0.5","10","6","237","4.10126582278481"
"10","10","0.0025","0.29","3","0.5","0.05","1","80","5","2","0","0.5","10","85","286","3.6888111888111887"
"9","10","0.0025","0.29","3","0.5","0.05","1","80","5","2","0","0.5","10","100","293","4.092150170648464"
"8","10","0.0025","0.29","3","0.5","0.05","1","80","5","2","0","0.5","10","97","319","3.623824451410658"
"10","10","0.0025","0.29","3","0.5","0.05","1","80","5","2","0","0.5","10","86","286","3.9825174825174825"
"9","10","0.0025","0.29","3","0.5","0.05","1","80","5","2","0","0.5","10","101","291","4.096219931271477"
"8","10","0.0025","0.29","3","0.5","0.05","1","80","5","2","0","0.5","10","98","318","3.9150943396226414"
"11","10","0.0025","0.29","3","0.5","0.05","1","80","5","8","0","0.5","10","88","282","4.01418439716312"
"13","10","0.0025","0.29","3","0.5","0.05","1","80","5","8","0","0.5","10","7","237","4.09704641350211"
"10","10","0.0025","0.29","3","0.5","0.05","1","80","5","2","0","0.5","10","87","285","3.992982456140351"
"12","10","0.0025","0.29","3","0.5","0.05","1","80","5","8","0","0.5","10","76","271","4.059040590405904"
"9","10","0.0025","0.29","3","0.5","0.05","1","80","5","2","0","0.5","10","102","289","4.093425605536332"
"8","10","0.0025","0.29","3","0.5","0.05","1","80","5","2","0","0.5","10","99","316","3.911392405063291"
"13","10","0.0025","0.29","3","0.5","0.05","1","80","5","8","0","0.5","10","8","236","4.0974576271186445"
"11","10","0.0025","0.29","3","0.5","0.05","1","80","5","8","0","0.5","10","89","280","4.021428571428571"
"12","10","0.0025","0.29","3","0.5","0.05","1","80","5","8","0","0.5","10","77","270","4.059259259259259"
"13","10","0.0025","0.29","3","0.5","0.05","1","80","5","8","0","0.5","10","9","235","4.102127659574468"
"11","10","0.0025","0.29","3","0.5","0.05","1","80","5","8","0","0.5","10","90","280","4.025"
"12","10","0.0025","0.29","3","0.5","0.05","1","80","5","8","0","0.5","10","78","270","4.059259259259259"
"10","10","0.0025","0.29","3","0.5","0.05","1","80","5","2","0","0.5","10","88","285","3.9894736842105263"
"10","10","0.0025","0.29","3","0.5","0.05","1","80","5","2","0","0.5","10","89","283","4.003533568904594"
"9","10","0.0025","0.29","3","0.5","0.05","1","80","5","2","0","0.5","10","103","289","4.0899653979238755"
"13","10","0.0025","0.29","3","0.5","0.05","1","80","5","8","0","0.5","10","10","235","4.1063829787234045"
"11","10","0.0025","0.29","3","0.5","0.05","1","80","5","8","0","0.5","10","91","278","4.025179856115108"
"12","10","0.0025","0.29","3","0.5","0.05","1","80","5","8","0","0.5","10","79","270","4.059259259259259"
"8","10","0.0025","0.29","3","0.5","0.05","1","80","5","2","0","0.5","10","100","316","3.9082278481012658"
"10","10","0.0025","0.29","3","0.5","0.05","1","80","5","2","0","0.5","10","90","282","3.9893617021276597"
"9","10","0.0025","0.29","3","0.5","0.05","1","80","5","2","0","0.5","10","104","289","4.0899653979238755"
"13","10","0.0025","0.29","3","0.5","0.05","1","80","5","8","0","0.5","10","11","235","4.1063829787234045"
"11","10","0.0025","0.29","3","0.5","0.05","1","80","5","8","0","0.5","10","92","277","4.021660649819495"
"8","10","0.0025","0.29","3","0.5","0.05","1","80","5","2","0","0.5","10","101","315","3.892063492063492"
"12","10","0.0025","0.29","3","0.5","0.05","1","80","5","8","0","0.5","10","80","269","4.059479553903346"
"13","10","0.0025","0.29","3","0.5","0.05","1","80","5","8","0","0.5","10","12","234","4.1068376068376065"
"9","10","0.0025","0.29","3","0.5","0.05","1","80","5","2","0","0.5","10","105","288","4.090277777777778"
"8","10","0.0025","0.29","3","0.5","0.05","1","80","5","2","0","0.5","10","102","313","3.8945686900958467"
"11","10","0.0025","0.29","3","0.5","0.05","1","80","5","8","0","0.5","10","93","276","4.021739130434782"
"12","10","0.0025","0.29","3","0.5","0.05","1","80","5","8","0","0.5","10","81","268","4.059701492537314"
"10","10","0.0025","0.29","3","0.5","0.05","1","80","5","2","0","0.5","10","91","282","3.99290780141844"
"13","10","0.0025","0.29","3","0.5","0.05","1","80","5","8","0","0.5","10","13","241","3.987551867219917"
"10","10","0.0025","0.29","3","0.5","0.05","1","80","5","2","0","0.5","10","92","281","3.99288256227758"
"9","10","0.0025","0.29","3","0.5","0.05","1","80","5","2","0","0.5","10","106","287","4.087108013937282"
"12","10","0.0025","0.29","3","0.5","0.05","1","80","5","8","0","0.5","10","82","268","4.059701492537314"
"13","10","0.0025","0.29","3","0.5","0.05","1","80","5","8","0","0.5","10","14","241","4.1078838174273855"
"10","10","0.0025","0.29","3","0.5","0.05","1","80","5","2","0","0.5","10","93","281","3.99644128113879"
"11","10","0.0025","0.29","3","0.5","0.05","1","80","5","8","0","0.5","10","94","276","4.021739130434782"
"9","10","0.0025","0.29","3","0.5","0.05","1","80","5","2","0","0.5","10","107","285","4.080701754385965"
"12","10","0.0025","0.29","3","0.5","0.05","1","80","5","8","0","0.5","10","83","266","4.06015037593985"
"13","10","0.0025","0.29","3","0.5","0.05","1","80","5","8","0","0.5","10","15","241","4.1037344398340245"
"8","10","0.0025","0.29","3","0.5","0.05","1","80","5","2","0","0.5","10","103","311","3.8938906752411575"
"9","10","0.0025","0.29","3","0.5","0.05","1","80","5","2","0","0.5","10","108","285","4.080701754385965"
"11","10","0.0025","0.29","3","0.5","0.05","1","80","5","8","0","0.5","10","95","275","4.025454545454545"
"12","10","0.0025","0.29","3","0.5","0.05","1","80","5","8","0","0.5","10","84","265","4.060377358490566"
"8","10","0.0025","0.29","3","0.5","0.05","1","80","5","2","0","0.5","10","104","311","3.8938906752411575"
"11","10","0.0025","0.29","3","0.5","0.05","1","80","5","8","0","0.5","10","96","275","4.025454545454545"
"8","10","0.0025","0.29","3","0.5","0.05","1","80","5","2","0","0.5","10","105","310","3.890322580645161"
"13","10","0.0025","0.29","3","0.5","0.05","1","80","5","8","0","0.5","10","16","240","4.1"
"13","10","0.0025","0.29","3","0.5","0.05","1","80","5","8","0","0.5","10","17","238","4.100840336134453"
"10","10","0.0025","0.29","3","0.5","0.05","1","80","5","2","0","0.5","10","94","281","3.99644128113879"
"13","10","0.0025","0.29","3","0.5","0.05","1","80","5","8","0","0.5","10","18","238","4.105042016806722"
"10","10","0.0025","0.29","3","0.5","0.05","1","80","5","2","0","0.5","10","95","280","3.9964285714285714"
"10","10","0.0025","0.29","3","0.5","0.05","1","80","5","2","0","0.5","10","96","279","3.996415770609319"
"13","10","0.0025","0.29","3","0.5","0.05","1","80","5","8","0","0.5","10","19","238","4.105042016806722"
"8","10","0.0025","0.29","3","0.5","0.05","1","80","5","2","0","0.5","10","106","310","3.890322580645161"
"9","10","0.0025","0.29","3","0.5","0.05","1","80","5","2","0","0.5","10","109","303","3.788778877887789"
"13","10","0.0025","0.29","3","0.5","0.05","1","80","5","8","0","0.5","10","20","238","4.100840336134453"
"12","10","0.0025","0.29","3","0.5","0.05","1","80","5","8","0","0.5","10","85","297","3.6094276094276094"
"8","10","0.0025","0.29","3","0.5","0.05","1","80","5","2","0","0.5","10","107","308","3.8896103896103895"
"11","10","0.0025","0.29","3","0.5","0.05","1","80","5","8","0","0.5","10","97","290","3.786206896551724"
"13","10","0.0025","0.29","3","0.5","0.05","1","80","5","8","0","0.5","10","21","237","4.10126582278481"
"9","10","0.0025","0.29","3","0.5","0.05","1","80","5","2","0","0.5","10","110","302","4.099337748344371"
"12","10","0.0025","0.29","3","0.5","0.05","1","80","5","8","0","0.5","10","86","295","4.016949152542373"
"11","10","0.0025","0.29","3","0.5","0.05","1","80","5","8","0","0.5","10","98","289","4.031141868512111"
"8","10","0.0025","0.29","3","0.5","0.05","1","80","5","2","0","0.5","10","108","308","3.892857142857143"
"12","10","0.0025","0.29","3","0.5","0.05","1","80","5","8","0","0.5","10","87","295","4.013559322033898"
"9","10","0.0025","0.29","3","0.5","0.05","1","80","5","2","0","0.5","10","111","301","4.089700996677741"
"11","10","0.0025","0.29","3","0.5","0.05","1","80","5","8","0","0.5","10","99","288","4.038194444444445"
"13","10","0.0025","0.29","3","0.5","0.05","1","80","5","8","0","0.5","10","22","237","4.10126582278481"
"13","10","0.0025","0.29","3","0.5","0.05","1","80","5","8","0","0.5","10","23","237","4.10126582278481"
"10","10","0.0025","0.29","3","0.5","0.05","1","80","5","2","0","0.5","10","97","285","3.880701754385965"
"13","10","0.0025","0.29","3","0.5","0.05","1","80","5","8","0","0.5","10","24","236","4.1059322033898304"
"10","10","0.0025","0.29","3","0.5","0.05","1","80","5","2","0","0.5","10","98","283","4"
"9","10","0.0025","0.29","3","0.5","0.05","1","80","5","2","0","0.5","10","112","300","4.086666666666667"
"10","10","0.0025","0.29","3","0.5","0.05","1","80","5","2","0","0.5","10","99","281","3.99644128113879"
"12","10","0.0025","0.29","3","0.5","0.05","1","80","5","8","0","0.5","10","88","295","4.0067796610169495"
"11","10","0.0025","0.29","3","0.5","0.05","1","80","5","8","0","0.5","10","100","287","4.034843205574913"
"9","10","0.0025","0.29","3","0.5","0.05","1","80","5","2","0","0.5","10","113","299","4.086956521739131"
"12","10","0.0025","0.29","3","0.5","0.05","1","80","5","8","0","0.5","10","89","295","4"
"11","10","0.0025","0.29","3","0.5","0.05","1","80","5","8","0","0.5","10","101","287","4.038327526132404"
"8","10","0.0025","0.29","3","0.5","0.05","1","80","5","2","0","0.5","10","109","314","3.8152866242038215"
"9","10","0.0025","0.29","3","0.5","0.05","1","80","5","2","0","0.5","10","114","299","4.086956521739131"
"12","10","0.0025","0.29","3","0.5","0.05","1","80","5","8","0","0.5","10","90","295","4.003389830508475"
"13","10","0.0025","0.29","3","0.5","0.05","1","80","5","8","0","0.5","10","25","244","3.9549180327868854"
"11","10","0.0025","0.29","3","0.5","0.05","1","80","5","8","0","0.5","10","102","285","4.03859649122807"
"8","10","0.0025","0.29","3","0.5","0.05","1","80","5","2","0","0.5","10","110","312","3.8846153846153846"
"13","10","0.0025","0.29","3","0.5","0.05","1","80","5","8","0","0.5","10","26","244","4.139344262295082"
"13","10","0.0025","0.29","3","0.5","0.05","1","80","5","8","0","0.5","10","27","241","4.141078838174274"
"8","10","0.0025","0.29","3","0.5","0.05","1","80","5","2","0","0.5","10","111","312","3.878205128205128"
"10","10","0.0025","0.29","3","0.5","0.05","1","80","5","2","0","0.5","10","100","279","3.989247311827957"
"10","10","0.0025","0.29","3","0.5","0.05","1","80","5","2","0","0.5","10","101","279","3.989247311827957"
"12","10","0.0025","0.29","3","0.5","0.05","1","80","5","8","0","0.5","10","91","294","4.006802721088436"
"9","10","0.0025","0.29","3","0.5","0.05","1","80","5","2","0","0.5","10","115","296","4.087837837837838"
"10","10","0.0025","0.29","3","0.5","0.05","1","80","5","2","0","0.5","10","102","279","3.985663082437276"
"11","10","0.0025","0.29","3","0.5","0.05","1","80","5","8","0","0.5","10","103","285","4.042105263157895"
"13","10","0.0025","0.29","3","0.5","0.05","1","80","5","8","0","0.5","10","28","240","4.15"
"12","10","0.0025","0.29","3","0.5","0.05","1","80","5","8","0","0.5","10","92","292","4"
"9","10","0.0025","0.29","3","0.5","0.05","1","80","5","2","0","0.5","10","116","296","4.087837837837838"
"11","10","0.0025","0.29","3","0.5","0.05","1","80","5","8","0","0.5","10","104","285","4.03859649122807"
"12","10","0.0025","0.29","3","0.5","0.05","1","80","5","8","0","0.5","10","93","291","3.993127147766323"
"13","10","0.0025","0.29","3","0.5","0.05","1","80","5","8","0","0.5","10","29","240","4.15"
"8","10","0.0025","0.29","3","0.5","0.05","1","80","5","2","0","0.5","10","112","312","3.878205128205128"
"9","10","0.0025","0.29","3","0.5","0.05","1","80","5","2","0","0.5","10","117","296","4.087837837837838"
"13","10","0.0025","0.29","3","0.5","0.05","1","80","5","8","0","0.5","10","30","238","4.151260504201681"
"11","10","0.0025","0.29","3","0.5","0.05","1","80","5","8","0","0.5","10","105","285","4.042105263157895"
"8","10","0.0025","0.29","3","0.5","0.05","1","80","5","2","0","0.5","10","113","311","3.877813504823151"
"8","10","0.0025","0.29","3","0.5","0.05","1","80","5","2","0","0.5","10","114","310","3.8838709677419354"
"10","10","0.0025","0.29","3","0.5","0.05","1","80","5","2","0","0.5","10","103","277","3.9891696750902526"
"10","10","0.0025","0.29","3","0.5","0.05","1","80","5","2","0","0.5","10","104","275","3.9963636363636366"
"13","10","0.0025","0.29","3","0.5","0.05","1","80","5","8","0","0.5","10","31","237","4.151898734177215"
"9","10","0.0025","0.29","3","0.5","0.05","1","80","5","2","0","0.5","10","118","296","4.087837837837838"
"12","10","0.0025","0.29","3","0.5","0.05","1","80","5","8","0","0.5","10","94","291","3.9965635738831615"
"11","10","0.0025","0.29","3","0.5","0.05","1","80","5","8","0","0.5","10","106","284","4.038732394366197"
"10","10","0.0025","0.29","3","0.5","0.05","1","80","5","2","0","0.5","10","105","274","3.9854014598540144"
"13","10","0.0025","0.29","3","0.5","0.05","1","80","5","8","0","0.5","10","32","236","4.1525423728813555"
"9","10","0.0025","0.29","3","0.5","0.05","1","80","5","2","0","0.5","10","119","296","4.087837837837838"
"12","10","0.0025","0.29","3","0.5","0.05","1","80","5","8","0","0.5","10","95","289","3.9930795847750864"
"13","10","0.0025","0.29","3","0.5","0.05","1","80","5","8","0","0.5","10","33","235","4.153191489361702"
"11","10","0.0025","0.29","3","0.5","0.05","1","80","5","8","0","0.5","10","107","284","4.042253521126761"
"8","10","0.0025","0.29","3","0.5","0.05","1","80","5","2","0","0.5","10","115","309","3.896440129449838"
"9","10","0.0025","0.29","3","0.5","0.05","1","80","5","2","0","0.5","10","120","293","4.085324232081911"
"12","10","0.0025","0.29","3","0.5","0.05","1","80","5","8","0","0.5","10","96","288","3.9930555555555554"
"11","10","0.0025","0.29","3","0.5","0.05","1","80","5","8","0","0.5","10","108","283","4.035335689045937"
"8","10","0.0025","0.29","3","0.5","0.05","1","80","5","2","0","0.5","10","116","306","3.895424836601307"
"8","10","0.0025","0.29","3","0.5","0.05","1","80","5","2","0","0.5","10","117","305","3.901639344262295"
"13","10","0.0025","0.29","3","0.5","0.05","1","80","5","8","0","0.5","10","34","233","4.1587982832618025"
"10","10","0.0025","0.29","3","0.5","0.05","1","80","5","2","0","0.5","10","106","272","3.9926470588235294"
"13","10","0.0025","0.29","3","0.5","0.05","1","80","5","8","0","0.5","10","35","232","4.155172413793103"
"10","10","0.0025","0.29","3","0.5","0.05","1","80","5","2","0","0.5","10","107","270","3.988888888888889"
"13","10","0.0025","0.29","3","0.5","0.05","1","80","5","8","0","0.5","10","36","232","4.1594827586206895"
"10","10","0.0025","0.29","3","0.5","0.05","1","80","5","2","0","0.5","10","108","270","4"
"14","10","0.0025","0.29","3","0.5","0.05","1","80","5","8","0","0.5","10","0","244","3.9508196721311477"
"8","10","0.0025","0.29","3","0.5","0.05","1","80","5","2","0","0.5","10","118","304","3.898026315789474"
"12","10","0.0025","0.29","3","0.5","0.05","1","80","5","8","0","0.5","10","97","300","3.8033333333333332"
"11","10","0.0025","0.29","3","0.5","0.05","1","80","5","8","0","0.5","10","109","296","3.8344594594594597"
"8","10","0.0025","0.29","3","0.5","0.05","1","80","5","2","0","0.5","10","119","303","3.900990099009901"
"11","10","0.0025","0.29","3","0.5","0.05","1","80","5","8","0","0.5","10","110","295","4.081355932203389"
"12","10","0.0025","0.29","3","0.5","0.05","1","80","5","8","0","0.5","10","98","300","4"
"8","10","0.0025","0.29","3","0.5","0.05","1","80","5","2","0","0.5","10","120","303","3.897689768976898"
"11","10","0.0025","0.29","3","0.5","0.05","1","80","5","8","0","0.5","10","111","294","4.08843537414966"
"12","10","0.0025","0.29","3","0.5","0.05","1","80","5","8","0","0.5","10","99","297","4.0033670033670035"
"13","10","0.0025","0.29","3","0.5","0.05","1","80","5","8","0","0.5","10","37","251","3.808764940239044"
"13","10","0.0025","0.29","3","0.5","0.05","1","80","5","8","0","0.5","10","38","251","4.151394422310757"
"14","10","0.0025","0.29","3","0.5","0.05","1","80","5","8","0","0.5","10","1","244","4.004098360655738"
"13","10","0.0025","0.29","3","0.5","0.05","1","80","5","8","0","0.5","10","39","251","4.155378486055777"
"14","10","0.0025","0.29","3","0.5","0.05","1","80","5","8","0","0.5","10","2","243","4.008230452674897"
"10","10","0.0025","0.29","3","0.5","0.05","1","80","5","2","0","0.5","10","109","286","3.7552447552447554"
"14","10","0.0025","0.29","3","0.5","0.05","1","80","5","8","0","0.5","10","3","243","4.012345679012346"
"11","10","0.0025","0.29","3","0.5","0.05","1","80","5","8","0","0.5","10","112","294","4.095238095238095"
"10","10","0.0025","0.29","3","0.5","0.05","1","80","5","2","0","0.5","10","110","283","3.9575971731448765"
"15","10","0.0025","0.29","3","0.5","0.05","1","80","5","8","0","0.5","10","0","222","4.184684684684685"
"12","10","0.0025","0.29","3","0.5","0.05","1","80","5","8","0","0.5","10","100","297","4.006734006734007"
"11","10","0.0025","0.29","3","0.5","0.05","1","80","5","8","0","0.5","10","113","294","4.098639455782313"
"13","10","0.0025","0.29","3","0.5","0.05","1","80","5","8","0","0.5","10","40","251","4.159362549800797"
"10","10","0.0025","0.29","3","0.5","0.05","1","80","5","2","0","0.5","10","111","282","3.9397163120567376"
"11","10","0.0025","0.29","3","0.5","0.05","1","80","5","8","0","0.5","10","114","293","4.088737201365188"
"12","10","0.0025","0.29","3","0.5","0.05","1","80","5","8","0","0.5","10","101","296","4.006756756756757"
"13","10","0.0025","0.29","3","0.5","0.05","1","80","5","8","0","0.5","10","41","250","4.16"
"13","10","0.0025","0.29","3","0.5","0.05","1","80","5","8","0","0.5","10","42","249","4.164658634538153"
"12","10","0.0025","0.29","3","0.5","0.05","1","80","5","8","0","0.5","10","102","293","4.010238907849829"
"14","10","0.0025","0.29","3","0.5","0.05","1","80","5","8","0","0.5","10","4","242","4.016528925619835"
"14","10","0.0025","0.29","3","0.5","0.05","1","80","5","8","0","0.5","10","5","241","4.016597510373444"
"15","10","0.0025","0.29","3","0.5","0.05","1","80","5","8","0","0.5","10","1","222","4.198198198198198"
"14","10","0.0025","0.29","3","0.5","0.05","1","80","5","8","0","0.5","10","6","240","4.016666666666667"
"15","10","0.0025","0.29","3","0.5","0.05","1","80","5","8","0","0.5","10","2","222","4.148648648648648"
"15","10","0.0025","0.29","3","0.5","0.05","1","80","5","8","0","0.5","10","3","222","4.148648648648648"
"10","10","0.0025","0.29","3","0.5","0.05","1","80","5","2","0","0.5","10","112","282","3.9468085106382977"
"11","10","0.0025","0.29","3","0.5","0.05","1","80","5","8","0","0.5","10","115","292","4.095890410958904"
"13","10","0.0025","0.29","3","0.5","0.05","1","80","5","8","0","0.5","10","43","249","4.160642570281125"
"10","10","0.0025","0.29","3","0.5","0.05","1","80","5","2","0","0.5","10","113","281","3.9395017793594307"
"11","10","0.0025","0.29","3","0.5","0.05","1","80","5","8","0","0.5","10","116","292","4.089041095890411"
"13","10","0.0025","0.29","3","0.5","0.05","1","80","5","8","0","0.5","10","44","248","4.169354838709677"
"13","10","0.0025","0.29","3","0.5","0.05","1","80","5","8","0","0.5","10","45","247","4.174089068825911"
"10","10","0.0025","0.29","3","0.5","0.05","1","80","5","2","0","0.5","10","114","280","3.95"
"11","10","0.0025","0.29","3","0.5","0.05","1","80","5","8","0","0.5","10","117","292","4.095890410958904"
"12","10","0.0025","0.29","3","0.5","0.05","1","80","5","8","0","0.5","10","103","290","4.017241379310345"
"14","10","0.0025","0.29","3","0.5","0.05","1","80","5","8","0","0.5","10","7","240","4.016666666666667"
"15","10","0.0025","0.29","3","0.5","0.05","1","80","5","8","0","0.5","10","4","218","4.1422018348623855"
"14","10","0.0025","0.29","3","0.5","0.05","1","80","5","8","0","0.5","10","8","239","4.01673640167364"
"12","10","0.0025","0.29","3","0.5","0.05","1","80","5","8","0","0.5","10","104","289","4.013840830449827"
"15","10","0.0025","0.29","3","0.5","0.05","1","80","5","8","0","0.5","10","5","218","4.13302752293578"
"12","10","0.0025","0.29","3","0.5","0.05","1","80","5","8","0","0.5","10","105","288","4.017361111111111"
"14","10","0.0025","0.29","3","0.5","0.05","1","80","5","8","0","0.5","10","9","235","4.012765957446809"
"15","10","0.0025","0.29","3","0.5","0.05","1","80","5","8","0","0.5","10","6","217","4.1336405529953915"
"13","10","0.0025","0.29","3","0.5","0.05","1","80","5","8","0","0.5","10","46","247","4.17004048582996"
"13","10","0.0025","0.29","3","0.5","0.05","1","80","5","8","0","0.5","10","47","245","4.171428571428572"
"11","10","0.0025","0.29","3","0.5","0.05","1","80","5","8","0","0.5","10","118","292","4.089041095890411"
"10","10","0.0025","0.29","3","0.5","0.05","1","80","5","2","0","0.5","10","115","279","3.946236559139785"
"13","10","0.0025","0.29","3","0.5","0.05","1","80","5","8","0","0.5","10","48","244","4.163934426229508"
"11","10","0.0025","0.29","3","0.5","0.05","1","80","5","8","0","0.5","10","119","291","4.096219931271477"
"10","10","0.0025","0.29","3","0.5","0.05","1","80","5","2","0","0.5","10","116","277","3.953068592057762"
"15","10","0.0025","0.29","3","0.5","0.05","1","80","5","8","0","0.5","10","7","217","4.1336405529953915"
"14","10","0.0025","0.29","3","0.5","0.05","1","80","5","8","0","0.5","10","10","235","4.012765957446809"
"15","10","0.0025","0.29","3","0.5","0.05","1","80","5","8","0","0.5","10","8","217","4.1336405529953915"
"10","10","0.0025","0.29","3","0.5","0.05","1","80","5","2","0","0.5","10","117","277","3.949458483754513"
"11","10","0.0025","0.29","3","0.5","0.05","1","80","5","8","0","0.5","10","120","289","4.093425605536332"
"14","10","0.0025","0.29","3","0.5","0.05","1","80","5","8","0","0.5","10","11","235","4.012765957446809"
"15","10","0.0025","0.29","3","0.5","0.05","1","80","5","8","0","0.5","10","9","217","4.1336405529953915"
"12","10","0.0025","0.29","3","0.5","0.05","1","80","5","8","0","0.5","10","106","288","4.013888888888889"
"14","10","0.0025","0.29","3","0.5","0.05","1","80","5","8","0","0.5","10","12","235","4.012765957446809"
"12","10","0.0025","0.29","3","0.5","0.05","1","80","5","8","0","0.5","10","107","288","4.017361111111111"
"12","10","0.0025","0.29","3","0.5","0.05","1","80","5","8","0","0.5","10","108","288","4.013888888888889"
"15","10","0.0025","0.29","3","0.5","0.05","1","80","5","8","0","0.5","10","10","214","4.130841121495327"
"15","10","0.0025","0.29","3","0.5","0.05","1","80","5","8","0","0.5","10","11","212","4.127358490566038"
"13","10","0.0025","0.29","3","0.5","0.05","1","80","5","8","0","0.5","10","49","259","3.891891891891892"
"10","10","0.0025","0.29","3","0.5","0.05","1","80","5","2","0","0.5","10","118","276","3.9528985507246377"
"15","10","0.0025","0.29","3","0.5","0.05","1","80","5","8","0","0.5","10","12","212","4.127358490566038"
"13","10","0.0025","0.29","3","0.5","0.05","1","80","5","8","0","0.5","10","50","258","4.12015503875969"
"10","10","0.0025","0.29","3","0.5","0.05","1","80","5","2","0","0.5","10","119","273","3.948717948717949"
"14","10","0.0025","0.29","3","0.5","0.05","1","80","5","8","0","0.5","10","13","252","3.742063492063492"
"16","10","0.0025","0.29","3","0.5","0.05","1","80","5","8","0","0.5","10","0","234","4.098290598290598"
"13","10","0.0025","0.29","3","0.5","0.05","1","80","5","8","0","0.5","10","51","256","4.125"
"10","10","0.0025","0.29","3","0.5","0.05","1","80","5","2","0","0.5","10","120","272","3.952205882352941"
"14","10","0.0025","0.29","3","0.5","0.05","1","80","5","8","0","0.5","10","14","251","4.01593625498008"
"14","10","0.0025","0.29","3","0.5","0.05","1","80","5","8","0","0.5","10","15","251","4.01195219123506"
"12","10","0.0025","0.29","3","0.5","0.05","1","80","5","8","0","0.5","10","109","302","3.8046357615894038"
"13","10","0.0025","0.29","3","0.5","0.05","1","80","5","8","0","0.5","10","52","254","4.133858267716535"
"16","10","0.0025","0.29","3","0.5","0.05","1","80","5","8","0","0.5","10","1","234","4.230769230769231"
"12","10","0.0025","0.29","3","0.5","0.05","1","80","5","8","0","0.5","10","110","300","4.006666666666667"
"15","10","0.0025","0.29","3","0.5","0.05","1","80","5","8","0","0.5","10","13","228","3.837719298245614"
"13","10","0.0025","0.29","3","0.5","0.05","1","80","5","8","0","0.5","10","53","252","4.146825396825397"
"16","10","0.0025","0.29","3","0.5","0.05","1","80","5","8","0","0.5","10","2","234","4.213675213675214"
"14","10","0.0025","0.29","3","0.5","0.05","1","80","5","8","0","0.5","10","16","251","4.0199203187251"
"15","10","0.0025","0.29","3","0.5","0.05","1","80","5","8","0","0.5","10","14","226","4.1415929203539825"
"13","10","0.0025","0.29","3","0.5","0.05","1","80","5","8","0","0.5","10","54","252","4.146825396825397"
"12","10","0.0025","0.29","3","0.5","0.05","1","80","5","8","0","0.5","10","111","300","4.013333333333334"
"16","10","0.0025","0.29","3","0.5","0.05","1","80","5","8","0","0.5","10","3","234","4.226495726495727"
"14","10","0.0025","0.29","3","0.5","0.05","1","80","5","8","0","0.5","10","17","251","4.0199203187251"
"15","10","0.0025","0.29","3","0.5","0.05","1","80","5","8","0","0.5","10","15","225","4.137777777777778"
"14","10","0.0025","0.29","3","0.5","0.05","1","80","5","8","0","0.5","10","18","251","4.0199203187251"
"17","10","0.0025","0.29","3","0.5","0.05","1","80","5","8","0","0.5","10","0","242","4.140495867768595"
"15","10","0.0025","0.29","3","0.5","0.05","1","80","5","8","0","0.5","10","16","223","4.139013452914798"
"15","10","0.0025","0.29","3","0.5","0.05","1","80","5","8","0","0.5","10","17","221","4.14027149321267"
"16","10","0.0025","0.29","3","0.5","0.05","1","80","5","8","0","0.5","10","4","234","4.226495726495727"
"13","10","0.0025","0.29","3","0.5","0.05","1","80","5","8","0","0.5","10","55","250","4.144"
"15","10","0.0025","0.29","3","0.5","0.05","1","80","5","8","0","0.5","10","18","221","4.144796380090498"
"16","10","0.0025","0.29","3","0.5","0.05","1","80","5","8","0","0.5","10","5","233","4.227467811158799"
"13","10","0.0025","0.29","3","0.5","0.05","1","80","5","8","0","0.5","10","56","249","4.136546184738956"
"14","10","0.0025","0.29","3","0.5","0.05","1","80","5","8","0","0.5","10","19","250","4.02"
"16","10","0.0025","0.29","3","0.5","0.05","1","80","5","8","0","0.5","10","6","231","4.229437229437229"
"13","10","0.0025","0.29","3","0.5","0.05","1","80","5","8","0","0.5","10","57","248","4.137096774193548"
"12","10","0.0025","0.29","3","0.5","0.05","1","80","5","8","0","0.5","10","112","300","4.013333333333334"
"14","10","0.0025","0.29","3","0.5","0.05","1","80","5","8","0","0.5","10","20","250","4.02"
"12","10","0.0025","0.29","3","0.5","0.05","1","80","5","8","0","0.5","10","113","298","4.0134228187919465"
"14","10","0.0025","0.29","3","0.5","0.05","1","80","5","8","0","0.5","10","21","249","4.020080321285141"
"17","10","0.0025","0.29","3","0.5","0.05","1","80","5","8","0","0.5","10","1","239","4.112970711297071"
"12","10","0.0025","0.29","3","0.5","0.05","1","80","5","8","0","0.5","10","114","297","4.013468013468014"
"15","10","0.0025","0.29","3","0.5","0.05","1","80","5","8","0","0.5","10","19","221","4.14027149321267"
"17","10","0.0025","0.29","3","0.5","0.05","1","80","5","8","0","0.5","10","2","236","4.093220338983051"
"15","10","0.0025","0.29","3","0.5","0.05","1","80","5","8","0","0.5","10","20","220","4.140909090909091"
"17","10","0.0025","0.29","3","0.5","0.05","1","80","5","8","0","0.5","10","3","235","4.089361702127659"
"16","10","0.0025","0.29","3","0.5","0.05","1","80","5","8","0","0.5","10","7","231","4.229437229437229"
"15","10","0.0025","0.29","3","0.5","0.05","1","80","5","8","0","0.5","10","21","219","4.141552511415525"
"13","10","0.0025","0.29","3","0.5","0.05","1","80","5","8","0","0.5","10","58","248","4.141129032258065"
"16","10","0.0025","0.29","3","0.5","0.05","1","80","5","8","0","0.5","10","8","231","4.229437229437229"
"14","10","0.0025","0.29","3","0.5","0.05","1","80","5","8","0","0.5","10","22","247","4.0242914979757085"
"16","10","0.0025","0.29","3","0.5","0.05","1","80","5","8","0","0.5","10","9","230","4.230434782608696"
"13","10","0.0025","0.29","3","0.5","0.05","1","80","5","8","0","0.5","10","59","248","4.141129032258065"
"14","10","0.0025","0.29","3","0.5","0.05","1","80","5","8","0","0.5","10","23","246","4.024390243902439"
"13","10","0.0025","0.29","3","0.5","0.05","1","80","5","8","0","0.5","10","60","248","4.141129032258065"
"14","10","0.0025","0.29","3","0.5","0.05","1","80","5","8","0","0.5","10","24","246","4.024390243902439"
"15","10","0.0025","0.29","3","0.5","0.05","1","80","5","8","0","0.5","10","22","219","4.141552511415525"
"12","10","0.0025","0.29","3","0.5","0.05","1","80","5","8","0","0.5","10","115","297","4.013468013468014"
"15","10","0.0025","0.29","3","0.5","0.05","1","80","5","8","0","0.5","10","23","218","4.1422018348623855"
"17","10","0.0025","0.29","3","0.5","0.05","1","80","5","8","0","0.5","10","4","231","4.0995670995671"
"16","10","0.0025","0.29","3","0.5","0.05","1","80","5","8","0","0.5","10","10","230","4.230434782608696"
"12","10","0.0025","0.29","3","0.5","0.05","1","80","5","8","0","0.5","10","116","296","4.013513513513513"
"15","10","0.0025","0.29","3","0.5","0.05","1","80","5","8","0","0.5","10","24","218","4.1422018348623855"
"17","10","0.0025","0.29","3","0.5","0.05","1","80","5","8","0","0.5","10","5","231","4.103896103896104"
"16","10","0.0025","0.29","3","0.5","0.05","1","80","5","8","0","0.5","10","11","230","4.230434782608696"
"12","10","0.0025","0.29","3","0.5","0.05","1","80","5","8","0","0.5","10","117","296","4.013513513513513"
"17","10","0.0025","0.29","3","0.5","0.05","1","80","5","8","0","0.5","10","6","230","4.1"
"16","10","0.0025","0.29","3","0.5","0.05","1","80","5","8","0","0.5","10","12","230","4.234782608695652"
"13","10","0.0025","0.29","3","0.5","0.05","1","80","5","8","0","0.5","10","61","271","3.7896678966789668"
"14","10","0.0025","0.29","3","0.5","0.05","1","80","5","8","0","0.5","10","25","269","3.6617100371747213"
"13","10","0.0025","0.29","3","0.5","0.05","1","80","5","8","0","0.5","10","62","270","4.137037037037037"
"15","10","0.0025","0.29","3","0.5","0.05","1","80","5","8","0","0.5","10","25","232","3.8922413793103448"
"14","10","0.0025","0.29","3","0.5","0.05","1","80","5","8","0","0.5","10","26","269","4.029739776951673"
"12","10","0.0025","0.29","3","0.5","0.05","1","80","5","8","0","0.5","10","118","295","4.013559322033898"
"13","10","0.0025","0.29","3","0.5","0.05","1","80","5","8","0","0.5","10","63","269","4.133828996282528"
"15","10","0.0025","0.29","3","0.5","0.05","1","80","5","8","0","0.5","10","26","231","4.108225108225108"
"16","10","0.0025","0.29","3","0.5","0.05","1","80","5","8","0","0.5","10","13","239","4.054393305439331"
"17","10","0.0025","0.29","3","0.5","0.05","1","80","5","8","0","0.5","10","7","229","4.096069868995633"
"15","10","0.0025","0.29","3","0.5","0.05","1","80","5","8","0","0.5","10","27","231","4.108225108225108"
"12","10","0.0025","0.29","3","0.5","0.05","1","80","5","8","0","0.5","10","119","294","4.017006802721088"
"14","10","0.0025","0.29","3","0.5","0.05","1","80","5","8","0","0.5","10","27","269","4.022304832713755"
"16","10","0.0025","0.29","3","0.5","0.05","1","80","5","8","0","0.5","10","14","238","4.243697478991597"
"17","10","0.0025","0.29","3","0.5","0.05","1","80","5","8","0","0.5","10","8","228","4.0964912280701755"
"12","10","0.0025","0.29","3","0.5","0.05","1","80","5","8","0","0.5","10","120","291","4.017182130584192"
"17","10","0.0025","0.29","3","0.5","0.05","1","80","5","8","0","0.5","10","9","226","4.092920353982301"
"16","10","0.0025","0.29","3","0.5","0.05","1","80","5","8","0","0.5","10","15","238","4.243697478991597"
"15","10","0.0025","0.29","3","0.5","0.05","1","80","5","8","0","0.5","10","28","229","4.109170305676856"
"14","10","0.0025","0.29","3","0.5","0.05","1","80","5","8","0","0.5","10","28","268","4.026119402985074"
"15","10","0.0025","0.29","3","0.5","0.05","1","80","5","8","0","0.5","10","29","228","4.109649122807017"
"13","10","0.0025","0.29","3","0.5","0.05","1","80","5","8","0","0.5","10","64","269","4.137546468401487"
"15","10","0.0025","0.29","3","0.5","0.05","1","80","5","8","0","0.5","10","30","227","4.110132158590308"
"13","10","0.0025","0.29","3","0.5","0.05","1","80","5","8","0","0.5","10","65","267","4.138576779026217"
"16","10","0.0025","0.29","3","0.5","0.05","1","80","5","8","0","0.5","10","16","238","4.2521008403361344"
"14","10","0.0025","0.29","3","0.5","0.05","1","80","5","8","0","0.5","10","29","266","4.026315789473684"
"16","10","0.0025","0.29","3","0.5","0.05","1","80","5","8","0","0.5","10","17","238","4.2521008403361344"
"17","10","0.0025","0.29","3","0.5","0.05","1","80","5","8","0","0.5","10","10","226","4.092920353982301"
"13","10","0.0025","0.29","3","0.5","0.05","1","80","5","8","0","0.5","10","66","265","4.139622641509434"
"14","10","0.0025","0.29","3","0.5","0.05","1","80","5","8","0","0.5","10","30","266","4.026315789473684"
"16","10","0.0025","0.29","3","0.5","0.05","1","80","5","8","0","0.5","10","18","236","4.25"
"17","10","0.0025","0.29","3","0.5","0.05","1","80","5","8","0","0.5","10","11","225","4.088888888888889"
"15","10","0.0025","0.29","3","0.5","0.05","1","80","5","8","0","0.5","10","31","226","4.110619469026549"
"17","10","0.0025","0.29","3","0.5","0.05","1","80","5","8","0","0.5","10","12","223","4.076233183856503"
"15","10","0.0025","0.29","3","0.5","0.05","1","80","5","8","0","0.5","10","32","226","4.110619469026549"
"18","10","0.0025","0.29","3","0.5","0.05","1","80","5","8","0","0.5","10","0","240","4.0125"
"15","10","0.0025","0.29","3","0.5","0.05","1","80","5","8","0","0.5","10","33","225","4.111111111111111"
"16","10","0.0025","0.29","3","0.5","0.05","1","80","5","8","0","0.5","10","19","234","4.247863247863248"
"14","10","0.0025","0.29","3","0.5","0.05","1","80","5","8","0","0.5","10","31","266","4.022556390977444"
"16","10","0.0025","0.29","3","0.5","0.05","1","80","5","8","0","0.5","10","20","234","4.252136752136752"
"13","10","0.0025","0.29","3","0.5","0.05","1","80","5","8","0","0.5","10","67","265","4.139622641509434"
"16","10","0.0025","0.29","3","0.5","0.05","1","80","5","8","0","0.5","10","21","234","4.247863247863248"
"14","10","0.0025","0.29","3","0.5","0.05","1","80","5","8","0","0.5","10","32","265","4.022641509433963"
"13","10","0.0025","0.29","3","0.5","0.05","1","80","5","8","0","0.5","10","68","264","4.140151515151516"
"15","10","0.0025","0.29","3","0.5","0.05","1","80","5","8","0","0.5","10","34","224","4.111607142857143"
"14","10","0.0025","0.29","3","0.5","0.05","1","80","5","8","0","0.5","10","33","265","4.022641509433963"
"13","10","0.0025","0.29","3","0.5","0.05","1","80","5","8","0","0.5","10","69","264","4.143939393939394"
"15","10","0.0025","0.29","3","0.5","0.05","1","80","5","8","0","0.5","10","35","224","4.111607142857143"
"18","10","0.0025","0.29","3","0.5","0.05","1","80","5","8","0","0.5","10","1","240","4.0625"
"17","10","0.0025","0.29","3","0.5","0.05","1","80","5","8","0","0.5","10","13","246","3.6666666666666665"
"18","10","0.0025","0.29","3","0.5","0.05","1","80","5","8","0","0.5","10","2","239","4.104602510460251"
"16","10","0.0025","0.29","3","0.5","0.05","1","80","5","8","0","0.5","10","22","234","4.247863247863248"
"17","10","0.0025","0.29","3","0.5","0.05","1","80","5","8","0","0.5","10","14","245","3.975510204081633"
"15","10","0.0025","0.29","3","0.5","0.05","1","80","5","8","0","0.5","10","36","223","4.112107623318385"
"18","10","0.0025","0.29","3","0.5","0.05","1","80","5","8","0","0.5","10","3","238","4.0966386554621845"
"16","10","0.0025","0.29","3","0.5","0.05","1","80","5","8","0","0.5","10","23","234","4.247863247863248"
"17","10","0.0025","0.29","3","0.5","0.05","1","80","5","8","0","0.5","10","15","243","3.9300411522633745"
"14","10","0.0025","0.29","3","0.5","0.05","1","80","5","8","0","0.5","10","34","265","4.022641509433963"
"16","10","0.0025","0.29","3","0.5","0.05","1","80","5","8","0","0.5","10","24","234","4.247863247863248"
"14","10","0.0025","0.29","3","0.5","0.05","1","80","5","8","0","0.5","10","35","265","4.022641509433963"
"13","10","0.0025","0.29","3","0.5","0.05","1","80","5","8","0","0.5","10","70","263","4.140684410646388"
"14","10","0.0025","0.29","3","0.5","0.05","1","80","5","8","0","0.5","10","36","263","4.022813688212928"
"13","10","0.0025","0.29","3","0.5","0.05","1","80","5","8","0","0.5","10","71","261","4.14176245210728"
"15","10","0.0025","0.29","3","0.5","0.05","1","80","5","8","0","0.5","10","37","237","3.839662447257384"
"13","10","0.0025","0.29","3","0.5","0.05","1","80","5","8","0","0.5","10","72","261","4.14176245210728"
"18","10","0.0025","0.29","3","0.5","0.05","1","80","5","8","0","0.5","10","4","238","4.109243697478991"
"15","10","0.0025","0.29","3","0.5","0.05","1","80","5","8","0","0.5","10","38","237","4.1265822784810124"
"18","10","0.0025","0.29","3","0.5","0.05","1","80","5","8","0","0.5","10","5","238","4.105042016806722"
"16","10","0.0025","0.29","3","0.5","0.05","1","80","5","8","0","0.5","10","25","252","3.9285714285714284"
"17","10","0.0025","0.29","3","0.5","0.05","1","80","5","8","0","0.5","10","16","242","3.9297520661157024"
"15","10","0.0025","0.29","3","0.5","0.05","1","80","5","8","0","0.5","10","39","237","4.105485232067511"
"18","10","0.0025","0.29","3","0.5","0.05","1","80","5","8","0","0.5","10","6","238","4.11344537815126"
"16","10","0.0025","0.29","3","0.5","0.05","1","80","5","8","0","0.5","10","26","250","4.216"
"17","10","0.0025","0.29","3","0.5","0.05","1","80","5","8","0","0.5","10","17","240","3.9208333333333334"
"16","10","0.0025","0.29","3","0.5","0.05","1","80","5","8","0","0.5","10","27","248","4.205645161290323"
"17","10","0.0025","0.29","3","0.5","0.05","1","80","5","8","0","0.5","10","18","239","3.920502092050209"
"15","10","0.0025","0.29","3","0.5","0.05","1","80","5","8","0","0.5","10","40","236","4.1059322033898304"
"15","10","0.0025","0.29","3","0.5","0.05","1","80","5","8","0","0.5","10","41","235","4.1063829787234045"
"14","10","0.0025","0.29","3","0.5","0.05","1","80","5","8","0","0.5","10","37","280","3.7642857142857142"
"15","10","0.0025","0.29","3","0.5","0.05","1","80","5","8","0","0.5","10","42","234","4.1068376068376065"
"13","10","0.0025","0.29","3","0.5","0.05","1","80","5","8","0","0.5","10","73","277","3.8736462093862816"
"18","10","0.0025","0.29","3","0.5","0.05","1","80","5","8","0","0.5","10","7","238","4.11344537815126"
"14","10","0.0025","0.29","3","0.5","0.05","1","80","5","8","0","0.5","10","38","280","4.014285714285714"
"16","10","0.0025","0.29","3","0.5","0.05","1","80","5","8","0","0.5","10","28","246","4.199186991869919"
"18","10","0.0025","0.29","3","0.5","0.05","1","80","5","8","0","0.5","10","8","238","4.11344537815126"
"13","10","0.0025","0.29","3","0.5","0.05","1","80","5","8","0","0.5","10","74","275","4.141818181818182"
"17","10","0.0025","0.29","3","0.5","0.05","1","80","5","8","0","0.5","10","19","239","3.920502092050209"
"14","10","0.0025","0.29","3","0.5","0.05","1","80","5","8","0","0.5","10","39","280","4.025"
"18","10","0.0025","0.29","3","0.5","0.05","1","80","5","8","0","0.5","10","9","237","4.113924050632911"
"13","10","0.0025","0.29","3","0.5","0.05","1","80","5","8","0","0.5","10","75","273","4.153846153846154"
"16","10","0.0025","0.29","3","0.5","0.05","1","80","5","8","0","0.5","10","29","246","4.195121951219512"
"17","10","0.0025","0.29","3","0.5","0.05","1","80","5","8","0","0.5","10","20","238","3.9201680672268906"
"16","10","0.0025","0.29","3","0.5","0.05","1","80","5","8","0","0.5","10","30","246","4.191056910569106"
"15","10","0.0025","0.29","3","0.5","0.05","1","80","5","8","0","0.5","10","43","234","4.1068376068376065"
"17","10","0.0025","0.29","3","0.5","0.05","1","80","5","8","0","0.5","10","21","238","3.9201680672268906"
"15","10","0.0025","0.29","3","0.5","0.05","1","80","5","8","0","0.5","10","44","234","4.1068376068376065"
"14","10","0.0025","0.29","3","0.5","0.05","1","80","5","8","0","0.5","10","40","277","4.021660649819495"
"15","10","0.0025","0.29","3","0.5","0.05","1","80","5","8","0","0.5","10","45","233","4.1072961373390555"
"18","10","0.0025","0.29","3","0.5","0.05","1","80","5","8","0","0.5","10","10","237","4.113924050632911"
"14","10","0.0025","0.29","3","0.5","0.05","1","80","5","8","0","0.5","10","41","276","4.02536231884058"
"18","10","0.0025","0.29","3","0.5","0.05","1","80","5","8","0","0.5","10","11","236","4.114406779661017"
"13","10","0.0025","0.29","3","0.5","0.05","1","80","5","8","0","0.5","10","76","272","4.158088235294118"
"16","10","0.0025","0.29","3","0.5","0.05","1","80","5","8","0","0.5","10","31","245","4.2"
"17","10","0.0025","0.29","3","0.5","0.05","1","80","5","8","0","0.5","10","22","237","3.919831223628692"
"14","10","0.0025","0.29","3","0.5","0.05","1","80","5","8","0","0.5","10","42","274","4.021897810218978"
"18","10","0.0025","0.29","3","0.5","0.05","1","80","5","8","0","0.5","10","12","236","4.114406779661017"
"15","10","0.0025","0.29","3","0.5","0.05","1","80","5","8","0","0.5","10","46","233","4.1072961373390555"
"16","10","0.0025","0.29","3","0.5","0.05","1","80","5","8","0","0.5","10","32","244","4.19672131147541"
"13","10","0.0025","0.29","3","0.5","0.05","1","80","5","8","0","0.5","10","77","272","4.158088235294118"
"17","10","0.0025","0.29","3","0.5","0.05","1","80","5","8","0","0.5","10","23","235","3.923404255319149"
"15","10","0.0025","0.29","3","0.5","0.05","1","80","5","8","0","0.5","10","47","233","4.1072961373390555"
"16","10","0.0025","0.29","3","0.5","0.05","1","80","5","8","0","0.5","10","33","243","4.189300411522634"
"17","10","0.0025","0.29","3","0.5","0.05","1","80","5","8","0","0.5","10","24","235","3.923404255319149"
"13","10","0.0025","0.29","3","0.5","0.05","1","80","5","8","0","0.5","10","78","270","4.159259259259259"
"15","10","0.0025","0.29","3","0.5","0.05","1","80","5","8","0","0.5","10","48","231","4.103896103896104"
"18","10","0.0025","0.29","3","0.5","0.05","1","80","5","8","0","0.5","10","13","259","3.7104247104247103"
"14","10","0.0025","0.29","3","0.5","0.05","1","80","5","8","0","0.5","10","43","273","4.0256410256410255"
"18","10","0.0025","0.29","3","0.5","0.05","1","80","5","8","0","0.5","10","14","259","4.088803088803089"
"14","10","0.0025","0.29","3","0.5","0.05","1","80","5","8","0","0.5","10","44","270","4.022222222222222"
"16","10","0.0025","0.29","3","0.5","0.05","1","80","5","8","0","0.5","10","34","243","4.181069958847736"
"13","10","0.0025","0.29","3","0.5","0.05","1","80","5","8","0","0.5","10","79","268","4.16044776119403"
"17","10","0.0025","0.29","3","0.5","0.05","1","80","5","8","0","0.5","10","25","242","3.809917355371901"
"18","10","0.0025","0.29","3","0.5","0.05","1","80","5","8","0","0.5","10","15","258","4.10077519379845"
"14","10","0.0025","0.29","3","0.5","0.05","1","80","5","8","0","0.5","10","45","270","4.025925925925926"
"15","10","0.0025","0.29","3","0.5","0.05","1","80","5","8","0","0.5","10","49","248","3.806451612903226"
"16","10","0.0025","0.29","3","0.5","0.05","1","80","5","8","0","0.5","10","35","243","4.181069958847736"
"13","10","0.0025","0.29","3","0.5","0.05","1","80","5","8","0","0.5","10","80","267","4.1610486891385765"
"17","10","0.0025","0.29","3","0.5","0.05","1","80","5","8","0","0.5","10","26","241","3.91701244813278"
"15","10","0.0025","0.29","3","0.5","0.05","1","80","5","8","0","0.5","10","50","248","4.076612903225806"
"13","10","0.0025","0.29","3","0.5","0.05","1","80","5","8","0","0.5","10","81","266","4.161654135338346"
"16","10","0.0025","0.29","3","0.5","0.05","1","80","5","8","0","0.5","10","36","242","4.181818181818182"
"17","10","0.0025","0.29","3","0.5","0.05","1","80","5","8","0","0.5","10","27","241","3.908713692946058"
"15","10","0.0025","0.29","3","0.5","0.05","1","80","5","8","0","0.5","10","51","247","4.064777327935222"
"18","10","0.0025","0.29","3","0.5","0.05","1","80","5","8","0","0.5","10","16","256","4.09765625"
"18","10","0.0025","0.29","3","0.5","0.05","1","80","5","8","0","0.5","10","17","256","4.09765625"
"17","10","0.0025","0.29","3","0.5","0.05","1","80","5","8","0","0.5","10","28","241","3.91701244813278"
"18","10","0.0025","0.29","3","0.5","0.05","1","80","5","8","0","0.5","10","18","254","4.0984251968503935"
"15","10","0.0025","0.29","3","0.5","0.05","1","80","5","8","0","0.5","10","52","246","4.065040650406504"
"17","10","0.0025","0.29","3","0.5","0.05","1","80","5","8","0","0.5","10","29","240","3.9125"
"14","10","0.0025","0.29","3","0.5","0.05","1","80","5","8","0","0.5","10","46","270","4.022222222222222"
"13","10","0.0025","0.29","3","0.5","0.05","1","80","5","8","0","0.5","10","82","264","4.162878787878788"
"15","10","0.0025","0.29","3","0.5","0.05","1","80","5","8","0","0.5","10","53","244","4.049180327868853"
"17","10","0.0025","0.29","3","0.5","0.05","1","80","5","8","0","0.5","10","30","239","3.916317991631799"
"14","10","0.0025","0.29","3","0.5","0.05","1","80","5","8","0","0.5","10","47","270","4.025925925925926"
"13","10","0.0025","0.29","3","0.5","0.05","1","80","5","8","0","0.5","10","83","263","4.159695817490494"
"16","10","0.0025","0.29","3","0.5","0.05","1","80","5","8","0","0.5","10","37","260","3.876923076923077"
"15","10","0.0025","0.29","3","0.5","0.05","1","80","5","8","0","0.5","10","54","244","4.049180327868853"
"14","10","0.0025","0.29","3","0.5","0.05","1","80","5","8","0","0.5","10","48","268","4.022388059701493"
"13","10","0.0025","0.29","3","0.5","0.05","1","80","5","8","0","0.5","10","84","263","4.155893536121673"
"16","10","0.0025","0.29","3","0.5","0.05","1","80","5","8","0","0.5","10","38","260","4.2384615384615385"
"16","10","0.0025","0.29","3","0.5","0.05","1","80","5","8","0","0.5","10","39","259","4.243243243243243"
"18","10","0.0025","0.29","3","0.5","0.05","1","80","5","8","0","0.5","10","19","254","4.0984251968503935"
"17","10","0.0025","0.29","3","0.5","0.05","1","80","5","8","0","0.5","10","31","237","3.911392405063291"
"18","10","0.0025","0.29","3","0.5","0.05","1","80","5","8","0","0.5","10","20","253","4.098814229249012"
"17","10","0.0025","0.29","3","0.5","0.05","1","80","5","8","0","0.5","10","32","237","3.9156118143459917"
"18","10","0.0025","0.29","3","0.5","0.05","1","80","5","8","0","0.5","10","21","252","4.095238095238095"
"15","10","0.0025","0.29","3","0.5","0.05","1","80","5","8","0","0.5","10","55","242","4.041322314049586"
"17","10","0.0025","0.29","3","0.5","0.05","1","80","5","8","0","0.5","10","33","237","3.911392405063291"
"15","10","0.0025","0.29","3","0.5","0.05","1","80","5","8","0","0.5","10","56","242","4.049586776859504"
"16","10","0.0025","0.29","3","0.5","0.05","1","80","5","8","0","0.5","10","40","258","4.24031007751938"
"15","10","0.0025","0.29","3","0.5","0.05","1","80","5","8","0","0.5","10","57","241","4.04149377593361"
"16","10","0.0025","0.29","3","0.5","0.05","1","80","5","8","0","0.5","10","41","258","4.24031007751938"
"16","10","0.0025","0.29","3","0.5","0.05","1","80","5","8","0","0.5","10","42","257","4.2412451361867705"
"14","10","0.0025","0.29","3","0.5","0.05","1","80","5","8","0","0.5","10","49","282","3.8120567375886525"
"17","10","0.0025","0.29","3","0.5","0.05","1","80","5","8","0","0.5","10","34","236","3.9152542372881354"
"13","10","0.0025","0.29","3","0.5","0.05","1","80","5","8","0","0.5","10","85","278","3.902877697841727"
"18","10","0.0025","0.29","3","0.5","0.05","1","80","5","8","0","0.5","10","22","250","4.092"
"14","10","0.0025","0.29","3","0.5","0.05","1","80","5","8","0","0.5","10","50","282","4"
"17","10","0.0025","0.29","3","0.5","0.05","1","80","5","8","0","0.5","10","35","236","3.9152542372881354"
"13","10","0.0025","0.29","3","0.5","0.05","1","80","5","8","0","0.5","10","86","278","4.161870503597123"
"18","10","0.0025","0.29","3","0.5","0.05","1","80","5","8","0","0.5","10","23","250","4.092"
"14","10","0.0025","0.29","3","0.5","0.05","1","80","5","8","0","0.5","10","51","281","4.00711743772242"
"13","10","0.0025","0.29","3","0.5","0.05","1","80","5","8","0","0.5","10","87","277","4.15884476534296"
"17","10","0.0025","0.29","3","0.5","0.05","1","80","5","8","0","0.5","10","36","235","3.9148936170212765"
"18","10","0.0025","0.29","3","0.5","0.05","1","80","5","8","0","0.5","10","24","249","4.096385542168675"
"15","10","0.0025","0.29","3","0.5","0.05","1","80","5","8","0","0.5","10","58","241","4.049792531120332"
"15","10","0.0025","0.29","3","0.5","0.05","1","80","5","8","0","0.5","10","59","240","4.045833333333333"
"16","10","0.0025","0.29","3","0.5","0.05","1","80","5","8","0","0.5","10","43","256","4.2421875"
"16","10","0.0025","0.29","3","0.5","0.05","1","80","5","8","0","0.5","10","44","253","4.24505928853755"
"15","10","0.0025","0.29","3","0.5","0.05","1","80","5","8","0","0.5","10","60","236","4.0508474576271185"
"16","10","0.0025","0.29","3","0.5","0.05","1","80","5","8","0","0.5","10","45","253","4.24505928853755"
"14","10","0.0025","0.29","3","0.5","0.05","1","80","5","8","0","0.5","10","52","279","4.003584229390681"
"14","10","0.0025","0.29","3","0.5","0.05","1","80","5","8","0","0.5","10","53","278","4.0071942446043165"
"13","10","0.0025","0.29","3","0.5","0.05","1","80","5","8","0","0.5","10","88","276","4.163043478260869"
"17","10","0.0025","0.29","3","0.5","0.05","1","80","5","8","0","0.5","10","37","251","3.6653386454183265"
"18","10","0.0025","0.29","3","0.5","0.05","1","80","5","8","0","0.5","10","25","261","3.9042145593869733"
"14","10","0.0025","0.29","3","0.5","0.05","1","80","5","8","0","0.5","10","54","278","4.003597122302159"
"13","10","0.0025","0.29","3","0.5","0.05","1","80","5","8","0","0.5","10","89","273","4.164835164835165"
"17","10","0.0025","0.29","3","0.5","0.05","1","80","5","8","0","0.5","10","38","248","3.943548387096774"
"18","10","0.0025","0.29","3","0.5","0.05","1","80","5","8","0","0.5","10","26","261","4.084291187739463"
"13","10","0.0025","0.29","3","0.5","0.05","1","80","5","8","0","0.5","10","90","273","4.172161172161172"
"17","10","0.0025","0.29","3","0.5","0.05","1","80","5","8","0","0.5","10","39","248","3.9475806451612905"
"18","10","0.0025","0.29","3","0.5","0.05","1","80","5","8","0","0.5","10","27","261","4.088122605363985"
"16","10","0.0025","0.29","3","0.5","0.05","1","80","5","8","0","0.5","10","46","252","4.25"
"15","10","0.0025","0.29","3","0.5","0.05","1","80","5","8","0","0.5","10","61","254","3.7598425196850394"
"15","10","0.0025","0.29","3","0.5","0.05","1","80","5","8","0","0.5","10","62","251","4.055776892430279"
"16","10","0.0025","0.29","3","0.5","0.05","1","80","5","8","0","0.5","10","47","249","4.257028112449799"
"15","10","0.0025","0.29","3","0.5","0.05","1","80","5","8","0","0.5","10","63","251","4.051792828685259"
"16","10","0.0025","0.29","3","0.5","0.05","1","80","5","8","0","0.5","10","48","249","4.261044176706827"
"14","10","0.0025","0.29","3","0.5","0.05","1","80","5","8","0","0.5","10","55","276","4.007246376811594"
"18","10","0.0025","0.29","3","0.5","0.05","1","80","5","8","0","0.5","10","28","261","4.084291187739463"
"17","10","0.0025","0.29","3","0.5","0.05","1","80","5","8","0","0.5","10","40","246","3.934959349593496"
"14","10","0.0025","0.29","3","0.5","0.05","1","80","5","8","0","0.5","10","56","275","4.003636363636364"
"13","10","0.0025","0.29","3","0.5","0.05","1","80","5","8","0","0.5","10","91","273","4.172161172161172"
"17","10","0.0025","0.29","3","0.5","0.05","1","80","5","8","0","0.5","10","41","246","3.926829268292683"
"18","10","0.0025","0.29","3","0.5","0.05","1","80","5","8","0","0.5","10","29","261","4.088122605363985"
"13","10","0.0025","0.29","3","0.5","0.05","1","80","5","8","0","0.5","10","92","272","4.172794117647059"
"14","10","0.0025","0.29","3","0.5","0.05","1","80","5","8","0","0.5","10","57","272","4.007352941176471"
"17","10","0.0025","0.29","3","0.5","0.05","1","80","5","8","0","0.5","10","42","246","3.926829268292683"
"18","10","0.0025","0.29","3","0.5","0.05","1","80","5","8","0","0.5","10","30","261","4.084291187739463"
"15","10","0.0025","0.29","3","0.5","0.05","1","80","5","8","0","0.5","10","64","250","4.048"
"13","10","0.0025","0.29","3","0.5","0.05","1","80","5","8","0","0.5","10","93","271","4.173431734317343"
"15","10","0.0025","0.29","3","0.5","0.05","1","80","5","8","0","0.5","10","65","250","4.048"
"15","10","0.0025","0.29","3","0.5","0.05","1","80","5","8","0","0.5","10","66","250","4.048"
"16","10","0.0025","0.29","3","0.5","0.05","1","80","5","8","0","0.5","10","49","268","3.9365671641791047"
"18","10","0.0025","0.29","3","0.5","0.05","1","80","5","8","0","0.5","10","31","260","4.088461538461538"
"17","10","0.0025","0.29","3","0.5","0.05","1","80","5","8","0","0.5","10","43","244","3.9262295081967213"
"18","10","0.0025","0.29","3","0.5","0.05","1","80","5","8","0","0.5","10","32","256","4.0859375"
"16","10","0.0025","0.29","3","0.5","0.05","1","80","5","8","0","0.5","10","50","268","4.208955223880597"
"13","10","0.0025","0.29","3","0.5","0.05","1","80","5","8","0","0.5","10","94","271","4.173431734317343"
"14","10","0.0025","0.29","3","0.5","0.05","1","80","5","8","0","0.5","10","58","270","4.003703703703704"
"17","10","0.0025","0.29","3","0.5","0.05","1","80","5","8","0","0.5","10","44","242","3.925619834710744"
"18","10","0.0025","0.29","3","0.5","0.05","1","80","5","8","0","0.5","10","33","254","4.090551181102362"
"16","10","0.0025","0.29","3","0.5","0.05","1","80","5","8","0","0.5","10","51","267","4.217228464419476"
"15","10","0.0025","0.29","3","0.5","0.05","1","80","5","8","0","0.5","10","67","249","4.048192771084337"
"13","10","0.0025","0.29","3","0.5","0.05","1","80","5","8","0","0.5","10","95","268","4.175373134328358"
"14","10","0.0025","0.29","3","0.5","0.05","1","80","5","8","0","0.5","10","59","270","4.007407407407407"
"17","10","0.0025","0.29","3","0.5","0.05","1","80","5","8","0","0.5","10","45","242","3.9214876033057853"
"15","10","0.0025","0.29","3","0.5","0.05","1","80","5","8","0","0.5","10","68","249","4.048192771084337"
"13","10","0.0025","0.29","3","0.5","0.05","1","80","5","8","0","0.5","10","96","267","4.168539325842697"
"14","10","0.0025","0.29","3","0.5","0.05","1","80","5","8","0","0.5","10","60","269","4.003717472118959"
"15","10","0.0025","0.29","3","0.5","0.05","1","80","5","8","0","0.5","10","69","249","4.048192771084337"
"16","10","0.0025","0.29","3","0.5","0.05","1","80","5","8","0","0.5","10","52","267","4.217228464419476"
"18","10","0.0025","0.29","3","0.5","0.05","1","80","5","8","0","0.5","10","34","254","4.086614173228346"
"16","10","0.0025","0.29","3","0.5","0.05","1","80","5","8","0","0.5","10","53","266","4.214285714285714"
"17","10","0.0025","0.29","3","0.5","0.05","1","80","5","8","0","0.5","10","46","241","3.925311203319502"
"15","10","0.0025","0.29","3","0.5","0.05","1","80","5","8","0","0.5","10","70","249","4.048192771084337"
"18","10","0.0025","0.29","3","0.5","0.05","1","80","5","8","0","0.5","10","35","252","4.091269841269841"
"15","10","0.0025","0.29","3","0.5","0.05","1","80","5","8","0","0.5","10","71","249","4.048192771084337"
"16","10","0.0025","0.29","3","0.5","0.05","1","80","5","8","0","0.5","10","54","266","4.214285714285714"
"17","10","0.0025","0.29","3","0.5","0.05","1","80","5","8","0","0.5","10","47","240","3.9208333333333334"
"18","10","0.0025","0.29","3","0.5","0.05","1","80","5","8","0","0.5","10","36","251","4.087649402390438"
"15","10","0.0025","0.29","3","0.5","0.05","1","80","5","8","0","0.5","10","72","249","4.048192771084337"
"17","10","0.0025","0.29","3","0.5","0.05","1","80","5","8","0","0.5","10","48","240","3.9208333333333334"
"13","10","0.0025","0.29","3","0.5","0.05","1","80","5","8","0","0.5","10","97","290","3.8379310344827586"
"14","10","0.0025","0.29","3","0.5","0.05","1","80","5","8","0","0.5","10","61","285","3.743859649122807"
"13","10","0.0025","0.29","3","0.5","0.05","1","80","5","8","0","0.5","10","98","287","4.142857142857143"
"14","10","0.0025","0.29","3","0.5","0.05","1","80","5","8","0","0.5","10","62","285","3.9789473684210526"
"13","10","0.0025","0.29","3","0.5","0.05","1","80","5","8","0","0.5","10","99","287","4.149825783972125"
"16","10","0.0025","0.29","3","0.5","0.05","1","80","5","8","0","0.5","10","55","266","4.214285714285714"
"14","10","0.0025","0.29","3","0.5","0.05","1","80","5","8","0","0.5","10","63","284","3.992957746478873"
"16","10","0.0025","0.29","3","0.5","0.05","1","80","5","8","0","0.5","10","56","264","4.200757575757576"
"15","10","0.0025","0.29","3","0.5","0.05","1","80","5","8","0","0.5","10","73","259","3.891891891891892"
"15","10","0.0025","0.29","3","0.5","0.05","1","80","5","8","0","0.5","10","74","256","4.046875"
"16","10","0.0025","0.29","3","0.5","0.05","1","80","5","8","0","0.5","10","57","264","4.193181818181818"
"15","10","0.0025","0.29","3","0.5","0.05","1","80","5","8","0","0.5","10","75","256","4.046875"
"17","10","0.0025","0.29","3","0.5","0.05","1","80","5","8","0","0.5","10","49","259","3.6023166023166024"
"18","10","0.0025","0.29","3","0.5","0.05","1","80","5","8","0","0.5","10","37","271","3.7896678966789668"
"17","10","0.0025","0.29","3","0.5","0.05","1","80","5","8","0","0.5","10","50","258","3.941860465116279"
"14","10","0.0025","0.29","3","0.5","0.05","1","80","5","8","0","0.5","10","64","283","3.9964664310954063"
"13","10","0.0025","0.29","3","0.5","0.05","1","80","5","8","0","0.5","10","100","287","4.146341463414634"
"17","10","0.0025","0.29","3","0.5","0.05","1","80","5","8","0","0.5","10","51","258","3.945736434108527"
"18","10","0.0025","0.29","3","0.5","0.05","1","80","5","8","0","0.5","10","38","268","4.082089552238806"
"14","10","0.0025","0.29","3","0.5","0.05","1","80","5","8","0","0.5","10","65","283","4"
"13","10","0.0025","0.29","3","0.5","0.05","1","80","5","8","0","0.5","10","101","285","4.150877192982456"
"18","10","0.0025","0.29","3","0.5","0.05","1","80","5","8","0","0.5","10","39","267","4.086142322097379"
"14","10","0.0025","0.29","3","0.5","0.05","1","80","5","8","0","0.5","10","66","282","3.99645390070922"
"15","10","0.0025","0.29","3","0.5","0.05","1","80","5","8","0","0.5","10","76","255","4.047058823529412"
"13","10","0.0025","0.29","3","0.5","0.05","1","80","5","8","0","0.5","10","102","283","4.148409893992933"
"16","10","0.0025","0.29","3","0.5","0.05","1","80","5","8","0","0.5","10","58","263","4.201520912547529"
"15","10","0.0025","0.29","3","0.5","0.05","1","80","5","8","0","0.5","10","77","254","4.047244094488189"
"16","10","0.0025","0.29","3","0.5","0.05","1","80","5","8","0","0.5","10","59","261","4.203065134099617"
"15","10","0.0025","0.29","3","0.5","0.05","1","80","5","8","0","0.5","10","78","252","4.0436507936507935"
"17","10","0.0025","0.29","3","0.5","0.05","1","80","5","8","0","0.5","10","52","257","3.9416342412451364"
"16","10","0.0025","0.29","3","0.5","0.05","1","80","5","8","0","0.5","10","60","261","4.203065134099617"
"17","10","0.0025","0.29","3","0.5","0.05","1","80","5","8","0","0.5","10","53","256","3.94921875"
"14","10","0.0025","0.29","3","0.5","0.05","1","80","5","8","0","0.5","10","67","280","3.992857142857143"
"18","10","0.0025","0.29","3","0.5","0.05","1","80","5","8","0","0.5","10","40","266","4.090225563909774"
"17","10","0.0025","0.29","3","0.5","0.05","1","80","5","8","0","0.5","10","54","256","3.94921875"
"14","10","0.0025","0.29","3","0.5","0.05","1","80","5","8","0","0.5","10","68","280","3.982142857142857"
"18","10","0.0025","0.29","3","0.5","0.05","1","80","5","8","0","0.5","10","41","266","4.090225563909774"
"13","10","0.0025","0.29","3","0.5","0.05","1","80","5","8","0","0.5","10","103","280","4.146428571428571"
"14","10","0.0025","0.29","3","0.5","0.05","1","80","5","8","0","0.5","10","69","279","3.985663082437276"
"18","10","0.0025","0.29","3","0.5","0.05","1","80","5","8","0","0.5","10","42","264","4.090909090909091"
"13","10","0.0025","0.29","3","0.5","0.05","1","80","5","8","0","0.5","10","104","280","4.135714285714286"
"15","10","0.0025","0.29","3","0.5","0.05","1","80","5","8","0","0.5","10","79","251","4.043824701195219"
"15","10","0.0025","0.29","3","0.5","0.05","1","80","5","8","0","0.5","10","80","249","4.052208835341365"
"13","10","0.0025","0.29","3","0.5","0.05","1","80","5","8","0","0.5","10","105","279","4.136200716845878"
"15","10","0.0025","0.29","3","0.5","0.05","1","80","5","8","0","0.5","10","81","246","4.0528455284552845"
"17","10","0.0025","0.29","3","0.5","0.05","1","80","5","8","0","0.5","10","55","256","3.953125"
"17","10","0.0025","0.29","3","0.5","0.05","1","80","5","8","0","0.5","10","56","255","3.9529411764705884"
"16","10","0.0025","0.29","3","0.5","0.05","1","80","5","8","0","0.5","10","61","277","3.9458483754512637"
"14","10","0.0025","0.29","3","0.5","0.05","1","80","5","8","0","0.5","10","70","279","3.982078853046595"
"17","10","0.0025","0.29","3","0.5","0.05","1","80","5","8","0","0.5","10","57","255","3.9607843137254903"
"16","10","0.0025","0.29","3","0.5","0.05","1","80","5","8","0","0.5","10","62","277","4.205776173285199"
"18","10","0.0025","0.29","3","0.5","0.05","1","80","5","8","0","0.5","10","43","264","4.090909090909091"
"14","10","0.0025","0.29","3","0.5","0.05","1","80","5","8","0","0.5","10","71","278","3.9784172661870505"
"16","10","0.0025","0.29","3","0.5","0.05","1","80","5","8","0","0.5","10","63","276","4.2101449275362315"
"18","10","0.0025","0.29","3","0.5","0.05","1","80","5","8","0","0.5","10","44","264","4.090909090909091"
