"BehaviorSpace results (NetLogo 7.0.3)","Table version 2.0"
"CVD_Risk_Behaviour.nlogox"
"Experiment_4A_Inflow"
"07/28/2026 22:12:53:499 +0530"
"min-pxcor","max-pxcor","min-pycor","max-pycor"
"-16","16","-16","16"
"[run number]","annual_inflow","monthly-outmigration-prob","influence_weight_friend","gamma_net","relapse_friend_threshold","p_relapse","gamma_behavior","N_h","t_lag_years","theta_tol","omega_age","influence_weight_household","F_max","[step]","count turtles","mean [risk-score] of turtles"
"1","0","0.0025","0.29","3","0.5","0.05","1","80","5","8","0","0.5","10","0","238","3.9705882352941178"
"3","0","0.0025","0.29","3","0.5","0.05","1","80","5","8","0","0.5","10","0","246","3.9227642276422765"
"6","0","0.0025","0.29","3","0.5","0.05","1","80","5","8","0","0.5","10","0","256","4.0546875"
"4","0","0.0025","0.29","3","0.5","0.05","1","80","5","8","0","0.5","10","0","262","3.7748091603053435"
"5","0","0.0025","0.29","3","0.5","0.05","1","80","5","8","0","0.5","10","0","245","4.118367346938776"
"2","0","0.0025","0.29","3","0.5","0.05","1","80","5","8","0","0.5","10","0","244","4.102459016393443"
"6","0","0.0025","0.29","3","0.5","0.05","1","80","5","8","0","0.5","10","1","254","4.066929133858268"
"3","0","0.0025","0.29","3","0.5","0.05","1","80","5","8","0","0.5","10","1","245","4.004081632653061"
"2","0","0.0025","0.29","3","0.5","0.05","1","80","5","8","0","0.5","10","1","244","4.081967213114754"
"6","0","0.0025","0.29","3","0.5","0.05","1","80","5","8","0","0.5","10","2","252","4.071428571428571"
"3","0","0.0025","0.29","3","0.5","0.05","1","80","5","8","0","0.5","10","2","242","4.028925619834711"
"1","0","0.0025","0.29","3","0.5","0.05","1","80","5","8","0","0.5","10","1","237","3.9915611814345993"
"6","0","0.0025","0.29","3","0.5","0.05","1","80","5","8","0","0.5","10","3","249","4.068273092369478"
"3","0","0.0025","0.29","3","0.5","0.05","1","80","5","8","0","0.5","10","3","241","4.037344398340249"
"4","0","0.0025","0.29","3","0.5","0.05","1","80","5","8","0","0.5","10","1","260","3.923076923076923"
"2","0","0.0025","0.29","3","0.5","0.05","1","80","5","8","0","0.5","10","2","243","4.0699588477366255"
"5","0","0.0025","0.29","3","0.5","0.05","1","80","5","8","0","0.5","10","1","244","4.057377049180328"
"2","0","0.0025","0.29","3","0.5","0.05","1","80","5","8","0","0.5","10","3","243","4.082304526748971"
"1","0","0.0025","0.29","3","0.5","0.05","1","80","5","8","0","0.5","10","2","236","4.067796610169491"
"5","0","0.0025","0.29","3","0.5","0.05","1","80","5","8","0","0.5","10","2","244","4.061475409836065"
"3","0","0.0025","0.29","3","0.5","0.05","1","80","5","8","0","0.5","10","4","240","4.033333333333333"
"1","0","0.0025","0.29","3","0.5","0.05","1","80","5","8","0","0.5","10","3","234","4.085470085470085"
"5","0","0.0025","0.29","3","0.5","0.05","1","80","5","8","0","0.5","10","3","244","4.061475409836065"
"6","0","0.0025","0.29","3","0.5","0.05","1","80","5","8","0","0.5","10","4","249","4.068273092369478"
"4","0","0.0025","0.29","3","0.5","0.05","1","80","5","8","0","0.5","10","2","260","3.9307692307692306"
"4","0","0.0025","0.29","3","0.5","0.05","1","80","5","8","0","0.5","10","3","260","3.9423076923076925"
"3","0","0.0025","0.29","3","0.5","0.05","1","80","5","8","0","0.5","10","5","240","4.033333333333333"
"6","0","0.0025","0.29","3","0.5","0.05","1","80","5","8","0","0.5","10","5","247","4.068825910931174"
"2","0","0.0025","0.29","3","0.5","0.05","1","80","5","8","0","0.5","10","4","243","4.082304526748971"
"6","0","0.0025","0.29","3","0.5","0.05","1","80","5","8","0","0.5","10","6","246","4.069105691056911"
"1","0","0.0025","0.29","3","0.5","0.05","1","80","5","8","0","0.5","10","4","234","4.072649572649572"
"3","0","0.0025","0.29","3","0.5","0.05","1","80","5","8","0","0.5","10","6","239","4.03347280334728"
"2","0","0.0025","0.29","3","0.5","0.05","1","80","5","8","0","0.5","10","5","242","4.082644628099174"
"5","0","0.0025","0.29","3","0.5","0.05","1","80","5","8","0","0.5","10","4","242","4.045454545454546"
"1","0","0.0025","0.29","3","0.5","0.05","1","80","5","8","0","0.5","10","5","234","4.072649572649572"
"2","0","0.0025","0.29","3","0.5","0.05","1","80","5","8","0","0.5","10","6","241","4.08298755186722"
"4","0","0.0025","0.29","3","0.5","0.05","1","80","5","8","0","0.5","10","4","260","3.9384615384615387"
"6","0","0.0025","0.29","3","0.5","0.05","1","80","5","8","0","0.5","10","7","245","4.069387755102041"
"1","0","0.0025","0.29","3","0.5","0.05","1","80","5","8","0","0.5","10","6","234","4.081196581196581"
"3","0","0.0025","0.29","3","0.5","0.05","1","80","5","8","0","0.5","10","7","239","4.03347280334728"
"5","0","0.0025","0.29","3","0.5","0.05","1","80","5","8","0","0.5","10","5","241","4.049792531120332"
"6","0","0.0025","0.29","3","0.5","0.05","1","80","5","8","0","0.5","10","8","245","4.069387755102041"
"3","0","0.0025","0.29","3","0.5","0.05","1","80","5","8","0","0.5","10","8","238","4.033613445378151"
"6","0","0.0025","0.29","3","0.5","0.05","1","80","5","8","0","0.5","10","9","245","4.069387755102041"
"4","0","0.0025","0.29","3","0.5","0.05","1","80","5","8","0","0.5","10","5","259","3.9382239382239383"
"3","0","0.0025","0.29","3","0.5","0.05","1","80","5","8","0","0.5","10","9","237","4.033755274261603"
"5","0","0.0025","0.29","3","0.5","0.05","1","80","5","8","0","0.5","10","6","240","4.05"
"4","0","0.0025","0.29","3","0.5","0.05","1","80","5","8","0","0.5","10","6","258","3.937984496124031"
"2","0","0.0025","0.29","3","0.5","0.05","1","80","5","8","0","0.5","10","7","239","4.083682008368201"
"6","0","0.0025","0.29","3","0.5","0.05","1","80","5","8","0","0.5","10","10","244","4.069672131147541"
"6","0","0.0025","0.29","3","0.5","0.05","1","80","5","8","0","0.5","10","11","243","4.0699588477366255"
"1","0","0.0025","0.29","3","0.5","0.05","1","80","5","8","0","0.5","10","7","233","4.081545064377682"
"2","0","0.0025","0.29","3","0.5","0.05","1","80","5","8","0","0.5","10","8","238","4.084033613445378"
"6","0","0.0025","0.29","3","0.5","0.05","1","80","5","8","0","0.5","10","12","242","4.070247933884297"
"2","0","0.0025","0.29","3","0.5","0.05","1","80","5","8","0","0.5","10","9","237","4.084388185654008"
"3","0","0.0025","0.29","3","0.5","0.05","1","80","5","8","0","0.5","10","10","237","4.033755274261603"
"1","0","0.0025","0.29","3","0.5","0.05","1","80","5","8","0","0.5","10","8","232","4.081896551724138"
"3","0","0.0025","0.29","3","0.5","0.05","1","80","5","8","0","0.5","10","11","236","4.033898305084746"
"1","0","0.0025","0.29","3","0.5","0.05","1","80","5","8","0","0.5","10","9","232","4.081896551724138"
"3","0","0.0025","0.29","3","0.5","0.05","1","80","5","8","0","0.5","10","12","236","4.033898305084746"
"5","0","0.0025","0.29","3","0.5","0.05","1","80","5","8","0","0.5","10","7","240","4.05"
"4","0","0.0025","0.29","3","0.5","0.05","1","80","5","8","0","0.5","10","7","258","3.937984496124031"
"6","0","0.0025","0.29","3","0.5","0.05","1","80","5","8","0","0.5","10","13","254","3.8622047244094486"
"5","0","0.0025","0.29","3","0.5","0.05","1","80","5","8","0","0.5","10","8","240","4.05"
"4","0","0.0025","0.29","3","0.5","0.05","1","80","5","8","0","0.5","10","8","258","3.937984496124031"
"2","0","0.0025","0.29","3","0.5","0.05","1","80","5","8","0","0.5","10","10","236","4.080508474576271"
"1","0","0.0025","0.29","3","0.5","0.05","1","80","5","8","0","0.5","10","10","232","4.081896551724138"
"6","0","0.0025","0.29","3","0.5","0.05","1","80","5","8","0","0.5","10","14","253","4.075098814229249"
"4","0","0.0025","0.29","3","0.5","0.05","1","80","5","8","0","0.5","10","9","255","3.9450980392156865"
"2","0","0.0025","0.29","3","0.5","0.05","1","80","5","8","0","0.5","10","11","233","4.07725321888412"
"3","0","0.0025","0.29","3","0.5","0.05","1","80","5","8","0","0.5","10","13","251","3.7768924302788847"
"1","0","0.0025","0.29","3","0.5","0.05","1","80","5","8","0","0.5","10","11","231","4.082251082251083"
"2","0","0.0025","0.29","3","0.5","0.05","1","80","5","8","0","0.5","10","12","233","4.07725321888412"
"6","0","0.0025","0.29","3","0.5","0.05","1","80","5","8","0","0.5","10","15","253","4.075098814229249"
"3","0","0.0025","0.29","3","0.5","0.05","1","80","5","8","0","0.5","10","14","251","4"
"5","0","0.0025","0.29","3","0.5","0.05","1","80","5","8","0","0.5","10","9","240","4.05"
"1","0","0.0025","0.29","3","0.5","0.05","1","80","5","8","0","0.5","10","12","231","4.082251082251083"
"3","0","0.0025","0.29","3","0.5","0.05","1","80","5","8","0","0.5","10","15","250","3.984"
"6","0","0.0025","0.29","3","0.5","0.05","1","80","5","8","0","0.5","10","16","252","4.071428571428571"
"5","0","0.0025","0.29","3","0.5","0.05","1","80","5","8","0","0.5","10","10","240","4.05"
"6","0","0.0025","0.29","3","0.5","0.05","1","80","5","8","0","0.5","10","17","249","4.068273092369478"
"4","0","0.0025","0.29","3","0.5","0.05","1","80","5","8","0","0.5","10","10","254","3.9448818897637796"
"5","0","0.0025","0.29","3","0.5","0.05","1","80","5","8","0","0.5","10","11","240","4.05"
"3","0","0.0025","0.29","3","0.5","0.05","1","80","5","8","0","0.5","10","16","249","3.9839357429718874"
"6","0","0.0025","0.29","3","0.5","0.05","1","80","5","8","0","0.5","10","18","248","4.064516129032258"
"5","0","0.0025","0.29","3","0.5","0.05","1","80","5","8","0","0.5","10","12","240","4.05"
"3","0","0.0025","0.29","3","0.5","0.05","1","80","5","8","0","0.5","10","17","249","3.9799196787148596"
"4","0","0.0025","0.29","3","0.5","0.05","1","80","5","8","0","0.5","10","11","253","3.9446640316205532"
"3","0","0.0025","0.29","3","0.5","0.05","1","80","5","8","0","0.5","10","18","248","3.9798387096774195"
"2","0","0.0025","0.29","3","0.5","0.05","1","80","5","8","0","0.5","10","13","245","3.8612244897959185"
"1","0","0.0025","0.29","3","0.5","0.05","1","80","5","8","0","0.5","10","13","252","3.7261904761904763"
"2","0","0.0025","0.29","3","0.5","0.05","1","80","5","8","0","0.5","10","14","245","4.073469387755102"
"4","0","0.0025","0.29","3","0.5","0.05","1","80","5","8","0","0.5","10","12","253","3.9446640316205532"
"2","0","0.0025","0.29","3","0.5","0.05","1","80","5","8","0","0.5","10","15","245","4.077551020408163"
"1","0","0.0025","0.29","3","0.5","0.05","1","80","5","8","0","0.5","10","14","251","4.091633466135458"
"3","0","0.0025","0.29","3","0.5","0.05","1","80","5","8","0","0.5","10","19","248","3.9798387096774195"
"6","0","0.0025","0.29","3","0.5","0.05","1","80","5","8","0","0.5","10","19","248","4.068548387096774"
"1","0","0.0025","0.29","3","0.5","0.05","1","80","5","8","0","0.5","10","15","250","4.084"
"6","0","0.0025","0.29","3","0.5","0.05","1","80","5","8","0","0.5","10","20","247","4.064777327935222"
"3","0","0.0025","0.29","3","0.5","0.05","1","80","5","8","0","0.5","10","20","248","3.9798387096774195"
"6","0","0.0025","0.29","3","0.5","0.05","1","80","5","8","0","0.5","10","21","247","4.068825910931174"
"5","0","0.0025","0.29","3","0.5","0.05","1","80","5","8","0","0.5","10","13","262","3.7099236641221376"
"3","0","0.0025","0.29","3","0.5","0.05","1","80","5","8","0","0.5","10","21","248","3.9798387096774195"
"5","0","0.0025","0.29","3","0.5","0.05","1","80","5","8","0","0.5","10","14","261","4.076628352490421"
"2","0","0.0025","0.29","3","0.5","0.05","1","80","5","8","0","0.5","10","16","244","4.081967213114754"
"1","0","0.0025","0.29","3","0.5","0.05","1","80","5","8","0","0.5","10","16","248","4.080645161290323"
"5","0","0.0025","0.29","3","0.5","0.05","1","80","5","8","0","0.5","10","15","261","4.080459770114943"
"6","0","0.0025","0.29","3","0.5","0.05","1","80","5","8","0","0.5","10","22","247","4.064777327935222"
"1","0","0.0025","0.29","3","0.5","0.05","1","80","5","8","0","0.5","10","17","247","4.089068825910931"
"3","0","0.0025","0.29","3","0.5","0.05","1","80","5","8","0","0.5","10","22","246","3.9715447154471546"
"6","0","0.0025","0.29","3","0.5","0.05","1","80","5","8","0","0.5","10","23","247","4.064777327935222"
"2","0","0.0025","0.29","3","0.5","0.05","1","80","5","8","0","0.5","10","17","243","4.082304526748971"
"3","0","0.0025","0.29","3","0.5","0.05","1","80","5","8","0","0.5","10","23","246","3.9634146341463414"
"6","0","0.0025","0.29","3","0.5","0.05","1","80","5","8","0","0.5","10","24","247","4.064777327935222"
"1","0","0.0025","0.29","3","0.5","0.05","1","80","5","8","0","0.5","10","18","247","4.097165991902834"
"5","0","0.0025","0.29","3","0.5","0.05","1","80","5","8","0","0.5","10","16","261","4.076628352490421"
"3","0","0.0025","0.29","3","0.5","0.05","1","80","5","8","0","0.5","10","24","245","3.963265306122449"
"2","0","0.0025","0.29","3","0.5","0.05","1","80","5","8","0","0.5","10","18","240","4.075"
"5","0","0.0025","0.29","3","0.5","0.05","1","80","5","8","0","0.5","10","17","260","4.073076923076923"
"4","0","0.0025","0.29","3","0.5","0.05","1","80","5","8","0","0.5","10","13","276","3.6159420289855073"
"5","0","0.0025","0.29","3","0.5","0.05","1","80","5","8","0","0.5","10","18","260","4.069230769230769"
"4","0","0.0025","0.29","3","0.5","0.05","1","80","5","8","0","0.5","10","14","276","3.960144927536232"
"6","0","0.0025","0.29","3","0.5","0.05","1","80","5","8","0","0.5","10","25","266","3.7593984962406015"
"4","0","0.0025","0.29","3","0.5","0.05","1","80","5","8","0","0.5","10","15","275","3.9563636363636365"
"6","0","0.0025","0.29","3","0.5","0.05","1","80","5","8","0","0.5","10","26","266","4.086466165413534"
"1","0","0.0025","0.29","3","0.5","0.05","1","80","5","8","0","0.5","10","19","247","4.097165991902834"
"3","0","0.0025","0.29","3","0.5","0.05","1","80","5","8","0","0.5","10","25","271","3.5830258302583027"
"6","0","0.0025","0.29","3","0.5","0.05","1","80","5","8","0","0.5","10","27","265","4.079245283018868"
"1","0","0.0025","0.29","3","0.5","0.05","1","80","5","8","0","0.5","10","20","246","4.1016260162601625"
"5","0","0.0025","0.29","3","0.5","0.05","1","80","5","8","0","0.5","10","19","256","4.07421875"
"2","0","0.0025","0.29","3","0.5","0.05","1","80","5","8","0","0.5","10","19","240","4.079166666666667"
"5","0","0.0025","0.29","3","0.5","0.05","1","80","5","8","0","0.5","10","20","255","4.070588235294117"
"2","0","0.0025","0.29","3","0.5","0.05","1","80","5","8","0","0.5","10","20","239","4.079497907949791"
"1","0","0.0025","0.29","3","0.5","0.05","1","80","5","8","0","0.5","10","21","243","4.098765432098766"
"4","0","0.0025","0.29","3","0.5","0.05","1","80","5","8","0","0.5","10","16","273","3.95970695970696"
"3","0","0.0025","0.29","3","0.5","0.05","1","80","5","8","0","0.5","10","26","271","4.003690036900369"
"6","0","0.0025","0.29","3","0.5","0.05","1","80","5","8","0","0.5","10","28","265","4.079245283018868"
"5","0","0.0025","0.29","3","0.5","0.05","1","80","5","8","0","0.5","10","21","255","4.070588235294117"
"2","0","0.0025","0.29","3","0.5","0.05","1","80","5","8","0","0.5","10","21","237","4.075949367088608"
"3","0","0.0025","0.29","3","0.5","0.05","1","80","5","8","0","0.5","10","27","271","3.992619926199262"
"4","0","0.0025","0.29","3","0.5","0.05","1","80","5","8","0","0.5","10","17","272","3.9595588235294117"
"6","0","0.0025","0.29","3","0.5","0.05","1","80","5","8","0","0.5","10","29","263","4.079847908745247"
"6","0","0.0025","0.29","3","0.5","0.05","1","80","5","8","0","0.5","10","30","262","4.080152671755725"
"1","0","0.0025","0.29","3","0.5","0.05","1","80","5","8","0","0.5","10","22","242","4.099173553719008"
"4","0","0.0025","0.29","3","0.5","0.05","1","80","5","8","0","0.5","10","18","271","3.96309963099631"
"1","0","0.0025","0.29","3","0.5","0.05","1","80","5","8","0","0.5","10","23","241","4.0995850622406635"
"3","0","0.0025","0.29","3","0.5","0.05","1","80","5","8","0","0.5","10","28","271","3.996309963099631"
"1","0","0.0025","0.29","3","0.5","0.05","1","80","5","8","0","0.5","10","24","241","4.0995850622406635"
"2","0","0.0025","0.29","3","0.5","0.05","1","80","5","8","0","0.5","10","22","237","4.075949367088608"
"3","0","0.0025","0.29","3","0.5","0.05","1","80","5","8","0","0.5","10","29","268","3.9925373134328357"
"5","0","0.0025","0.29","3","0.5","0.05","1","80","5","8","0","0.5","10","22","254","4.070866141732283"
"2","0","0.0025","0.29","3","0.5","0.05","1","80","5","8","0","0.5","10","23","237","4.075949367088608"
"6","0","0.0025","0.29","3","0.5","0.05","1","80","5","8","0","0.5","10","31","262","4.083969465648855"
"3","0","0.0025","0.29","3","0.5","0.05","1","80","5","8","0","0.5","10","30","267","4"
"2","0","0.0025","0.29","3","0.5","0.05","1","80","5","8","0","0.5","10","24","237","4.075949367088608"
"5","0","0.0025","0.29","3","0.5","0.05","1","80","5","8","0","0.5","10","23","253","4.067193675889328"
"4","0","0.0025","0.29","3","0.5","0.05","1","80","5","8","0","0.5","10","19","270","3.966666666666667"
"6","0","0.0025","0.29","3","0.5","0.05","1","80","5","8","0","0.5","10","32","262","4.080152671755725"
"4","0","0.0025","0.29","3","0.5","0.05","1","80","5","8","0","0.5","10","20","269","3.966542750929368"
"5","0","0.0025","0.29","3","0.5","0.05","1","80","5","8","0","0.5","10","24","253","4.067193675889328"
"6","0","0.0025","0.29","3","0.5","0.05","1","80","5","8","0","0.5","10","33","259","4.081081081081081"
"4","0","0.0025","0.29","3","0.5","0.05","1","80","5","8","0","0.5","10","21","265","3.9622641509433962"
"1","0","0.0025","0.29","3","0.5","0.05","1","80","5","8","0","0.5","10","25","262","3.7709923664122136"
"2","0","0.0025","0.29","3","0.5","0.05","1","80","5","8","0","0.5","10","25","258","3.744186046511628"
"1","0","0.0025","0.29","3","0.5","0.05","1","80","5","8","0","0.5","10","26","261","4.126436781609195"
"3","0","0.0025","0.29","3","0.5","0.05","1","80","5","8","0","0.5","10","31","264","3.9886363636363638"
"1","0","0.0025","0.29","3","0.5","0.05","1","80","5","8","0","0.5","10","27","260","4.142307692307693"
"6","0","0.0025","0.29","3","0.5","0.05","1","80","5","8","0","0.5","10","34","258","4.093023255813954"
"2","0","0.0025","0.29","3","0.5","0.05","1","80","5","8","0","0.5","10","26","256","4.06640625"
"3","0","0.0025","0.29","3","0.5","0.05","1","80","5","8","0","0.5","10","32","264","3.981060606060606"
"4","0","0.0025","0.29","3","0.5","0.05","1","80","5","8","0","0.5","10","22","265","3.9584905660377356"
"2","0","0.0025","0.29","3","0.5","0.05","1","80","5","8","0","0.5","10","27","255","4.074509803921568"
"6","0","0.0025","0.29","3","0.5","0.05","1","80","5","8","0","0.5","10","35","257","4.0778210116731515"
"3","0","0.0025","0.29","3","0.5","0.05","1","80","5","8","0","0.5","10","33","263","3.9809885931558937"
"5","0","0.0025","0.29","3","0.5","0.05","1","80","5","8","0","0.5","10","25","266","3.8684210526315788"
"4","0","0.0025","0.29","3","0.5","0.05","1","80","5","8","0","0.5","10","23","265","3.9584905660377356"
"6","0","0.0025","0.29","3","0.5","0.05","1","80","5","8","0","0.5","10","36","254","4.078740157480315"
"5","0","0.0025","0.29","3","0.5","0.05","1","80","5","8","0","0.5","10","26","265","4.033962264150944"
"4","0","0.0025","0.29","3","0.5","0.05","1","80","5","8","0","0.5","10","24","265","3.9584905660377356"
"5","0","0.0025","0.29","3","0.5","0.05","1","80","5","8","0","0.5","10","27","265","4.0452830188679245"
"2","0","0.0025","0.29","3","0.5","0.05","1","80","5","8","0","0.5","10","28","255","4.074509803921568"
"3","0","0.0025","0.29","3","0.5","0.05","1","80","5","8","0","0.5","10","34","263","3.9809885931558937"
"2","0","0.0025","0.29","3","0.5","0.05","1","80","5","8","0","0.5","10","29","255","4.074509803921568"
"1","0","0.0025","0.29","3","0.5","0.05","1","80","5","8","0","0.5","10","28","260","4.15"
"3","0","0.0025","0.29","3","0.5","0.05","1","80","5","8","0","0.5","10","35","262","3.980916030534351"
"2","0","0.0025","0.29","3","0.5","0.05","1","80","5","8","0","0.5","10","30","255","4.074509803921568"
"1","0","0.0025","0.29","3","0.5","0.05","1","80","5","8","0","0.5","10","29","259","4.146718146718147"
"3","0","0.0025","0.29","3","0.5","0.05","1","80","5","8","0","0.5","10","36","261","3.9808429118773945"
"5","0","0.0025","0.29","3","0.5","0.05","1","80","5","8","0","0.5","10","28","262","4.0458015267175576"
"1","0","0.0025","0.29","3","0.5","0.05","1","80","5","8","0","0.5","10","30","259","4.146718146718147"
"6","0","0.0025","0.29","3","0.5","0.05","1","80","5","8","0","0.5","10","37","276","3.7572463768115942"
"4","0","0.0025","0.29","3","0.5","0.05","1","80","5","8","0","0.5","10","25","277","3.7725631768953067"
"2","0","0.0025","0.29","3","0.5","0.05","1","80","5","8","0","0.5","10","31","255","4.074509803921568"
"6","0","0.0025","0.29","3","0.5","0.05","1","80","5","8","0","0.5","10","38","276","4.130434782608695"
"4","0","0.0025","0.29","3","0.5","0.05","1","80","5","8","0","0.5","10","26","276","3.9528985507246377"
"5","0","0.0025","0.29","3","0.5","0.05","1","80","5","8","0","0.5","10","29","262","4.0458015267175576"
"4","0","0.0025","0.29","3","0.5","0.05","1","80","5","8","0","0.5","10","27","273","3.948717948717949"
"6","0","0.0025","0.29","3","0.5","0.05","1","80","5","8","0","0.5","10","39","275","4.109090909090909"
"5","0","0.0025","0.29","3","0.5","0.05","1","80","5","8","0","0.5","10","30","262","4.049618320610687"
"2","0","0.0025","0.29","3","0.5","0.05","1","80","5","8","0","0.5","10","32","253","4.071146245059288"
"1","0","0.0025","0.29","3","0.5","0.05","1","80","5","8","0","0.5","10","31","259","4.146718146718147"
"2","0","0.0025","0.29","3","0.5","0.05","1","80","5","8","0","0.5","10","33","253","4.071146245059288"
"3","0","0.0025","0.29","3","0.5","0.05","1","80","5","8","0","0.5","10","37","280","3.6964285714285716"
"1","0","0.0025","0.29","3","0.5","0.05","1","80","5","8","0","0.5","10","32","259","4.146718146718147"
"1","0","0.0025","0.29","3","0.5","0.05","1","80","5","8","0","0.5","10","33","259","4.146718146718147"
"3","0","0.0025","0.29","3","0.5","0.05","1","80","5","8","0","0.5","10","38","279","4.010752688172043"
"3","0","0.0025","0.29","3","0.5","0.05","1","80","5","8","0","0.5","10","39","277","4.003610108303249"
"6","0","0.0025","0.29","3","0.5","0.05","1","80","5","8","0","0.5","10","40","273","4.1098901098901095"
"4","0","0.0025","0.29","3","0.5","0.05","1","80","5","8","0","0.5","10","28","271","3.944649446494465"
"6","0","0.0025","0.29","3","0.5","0.05","1","80","5","8","0","0.5","10","41","272","4.102941176470588"
"4","0","0.0025","0.29","3","0.5","0.05","1","80","5","8","0","0.5","10","29","271","3.9483394833948338"
"5","0","0.0025","0.29","3","0.5","0.05","1","80","5","8","0","0.5","10","31","262","4.0458015267175576"
"6","0","0.0025","0.29","3","0.5","0.05","1","80","5","8","0","0.5","10","42","272","4.099264705882353"
"5","0","0.0025","0.29","3","0.5","0.05","1","80","5","8","0","0.5","10","32","262","4.057251908396947"
"4","0","0.0025","0.29","3","0.5","0.05","1","80","5","8","0","0.5","10","30","270","3.9444444444444446"
"2","0","0.0025","0.29","3","0.5","0.05","1","80","5","8","0","0.5","10","34","253","4.067193675889328"
"1","0","0.0025","0.29","3","0.5","0.05","1","80","5","8","0","0.5","10","34","258","4.151162790697675"
"2","0","0.0025","0.29","3","0.5","0.05","1","80","5","8","0","0.5","10","35","253","4.067193675889328"
"1","0","0.0025","0.29","3","0.5","0.05","1","80","5","8","0","0.5","10","35","253","4.146245059288537"
"5","0","0.0025","0.29","3","0.5","0.05","1","80","5","8","0","0.5","10","33","262","4.057251908396947"
"3","0","0.0025","0.29","3","0.5","0.05","1","80","5","8","0","0.5","10","40","277","4.007220216606498"
"1","0","0.0025","0.29","3","0.5","0.05","1","80","5","8","0","0.5","10","36","252","4.138888888888889"
"2","0","0.0025","0.29","3","0.5","0.05","1","80","5","8","0","0.5","10","36","253","4.067193675889328"
"3","0","0.0025","0.29","3","0.5","0.05","1","80","5","8","0","0.5","10","41","276","4.003623188405797"
"3","0","0.0025","0.29","3","0.5","0.05","1","80","5","8","0","0.5","10","42","274","4"
"6","0","0.0025","0.29","3","0.5","0.05","1","80","5","8","0","0.5","10","43","271","4.099630996309963"
"5","0","0.0025","0.29","3","0.5","0.05","1","80","5","8","0","0.5","10","34","262","4.057251908396947"
"6","0","0.0025","0.29","3","0.5","0.05","1","80","5","8","0","0.5","10","44","270","4.1"
"4","0","0.0025","0.29","3","0.5","0.05","1","80","5","8","0","0.5","10","31","269","3.9479553903345725"
"5","0","0.0025","0.29","3","0.5","0.05","1","80","5","8","0","0.5","10","35","260","4.061538461538461"
"4","0","0.0025","0.29","3","0.5","0.05","1","80","5","8","0","0.5","10","32","269","3.9442379182156135"
"6","0","0.0025","0.29","3","0.5","0.05","1","80","5","8","0","0.5","10","45","269","4.100371747211896"
"4","0","0.0025","0.29","3","0.5","0.05","1","80","5","8","0","0.5","10","33","268","3.9477611940298507"
"5","0","0.0025","0.29","3","0.5","0.05","1","80","5","8","0","0.5","10","36","260","4.065384615384615"
"3","0","0.0025","0.29","3","0.5","0.05","1","80","5","8","0","0.5","10","43","274","3.9927007299270074"
"2","0","0.0025","0.29","3","0.5","0.05","1","80","5","8","0","0.5","10","37","262","3.8969465648854964"
"2","0","0.0025","0.29","3","0.5","0.05","1","80","5","8","0","0.5","10","38","260","4.1038461538461535"
"1","0","0.0025","0.29","3","0.5","0.05","1","80","5","8","0","0.5","10","37","273","3.7875457875457874"
"3","0","0.0025","0.29","3","0.5","0.05","1","80","5","8","0","0.5","10","44","273","3.9963369963369964"
"3","0","0.0025","0.29","3","0.5","0.05","1","80","5","8","0","0.5","10","45","272","3.9926470588235294"
"6","0","0.0025","0.29","3","0.5","0.05","1","80","5","8","0","0.5","10","46","268","4.100746268656716"
"2","0","0.0025","0.29","3","0.5","0.05","1","80","5","8","0","0.5","10","39","260","4.1038461538461535"
"1","0","0.0025","0.29","3","0.5","0.05","1","80","5","8","0","0.5","10","38","272","4.132352941176471"
"1","0","0.0025","0.29","3","0.5","0.05","1","80","5","8","0","0.5","10","39","272","4.1286764705882355"
"6","0","0.0025","0.29","3","0.5","0.05","1","80","5","8","0","0.5","10","47","267","4.101123595505618"
"4","0","0.0025","0.29","3","0.5","0.05","1","80","5","8","0","0.5","10","34","268","3.9440298507462686"
"6","0","0.0025","0.29","3","0.5","0.05","1","80","5","8","0","0.5","10","48","266","4.101503759398496"
"5","0","0.0025","0.29","3","0.5","0.05","1","80","5","8","0","0.5","10","37","271","3.896678966789668"
"5","0","0.0025","0.29","3","0.5","0.05","1","80","5","8","0","0.5","10","38","270","4.088888888888889"
"2","0","0.0025","0.29","3","0.5","0.05","1","80","5","8","0","0.5","10","40","259","4.104247104247104"
"4","0","0.0025","0.29","3","0.5","0.05","1","80","5","8","0","0.5","10","35","264","3.9507575757575757"
"5","0","0.0025","0.29","3","0.5","0.05","1","80","5","8","0","0.5","10","39","270","4.0814814814814815"
"1","0","0.0025","0.29","3","0.5","0.05","1","80","5","8","0","0.5","10","40","271","4.129151291512915"
"4","0","0.0025","0.29","3","0.5","0.05","1","80","5","8","0","0.5","10","36","263","3.946768060836502"
"1","0","0.0025","0.29","3","0.5","0.05","1","80","5","8","0","0.5","10","41","271","4.125461254612546"
"2","0","0.0025","0.29","3","0.5","0.05","1","80","5","8","0","0.5","10","41","258","4.104651162790698"
"3","0","0.0025","0.29","3","0.5","0.05","1","80","5","8","0","0.5","10","46","270","3.9962962962962965"
"2","0","0.0025","0.29","3","0.5","0.05","1","80","5","8","0","0.5","10","42","258","4.108527131782946"
"1","0","0.0025","0.29","3","0.5","0.05","1","80","5","8","0","0.5","10","42","270","4.12962962962963"
"3","0","0.0025","0.29","3","0.5","0.05","1","80","5","8","0","0.5","10","47","270","3.9925925925925925"
"5","0","0.0025","0.29","3","0.5","0.05","1","80","5","8","0","0.5","10","40","269","4.08550185873606"
"3","0","0.0025","0.29","3","0.5","0.05","1","80","5","8","0","0.5","10","48","270","3.9962962962962965"
"5","0","0.0025","0.29","3","0.5","0.05","1","80","5","8","0","0.5","10","41","268","4.082089552238806"
"6","0","0.0025","0.29","3","0.5","0.05","1","80","5","8","0","0.5","10","49","289","3.7750865051903113"
"2","0","0.0025","0.29","3","0.5","0.05","1","80","5","8","0","0.5","10","43","257","4.1050583657587545"
"5","0","0.0025","0.29","3","0.5","0.05","1","80","5","8","0","0.5","10","42","266","4.086466165413534"
"6","0","0.0025","0.29","3","0.5","0.05","1","80","5","8","0","0.5","10","50","289","4.110726643598616"
"2","0","0.0025","0.29","3","0.5","0.05","1","80","5","8","0","0.5","10","44","256","4.10546875"
"1","0","0.0025","0.29","3","0.5","0.05","1","80","5","8","0","0.5","10","43","268","4.123134328358209"
"2","0","0.0025","0.29","3","0.5","0.05","1","80","5","8","0","0.5","10","45","254","4.106299212598425"
"6","0","0.0025","0.29","3","0.5","0.05","1","80","5","8","0","0.5","10","51","289","4.114186851211072"
"1","0","0.0025","0.29","3","0.5","0.05","1","80","5","8","0","0.5","10","44","267","4.123595505617978"
"4","0","0.0025","0.29","3","0.5","0.05","1","80","5","8","0","0.5","10","37","276","3.7644927536231885"
"1","0","0.0025","0.29","3","0.5","0.05","1","80","5","8","0","0.5","10","45","267","4.123595505617978"
"4","0","0.0025","0.29","3","0.5","0.05","1","80","5","8","0","0.5","10","38","276","3.9347826086956523"
"4","0","0.0025","0.29","3","0.5","0.05","1","80","5","8","0","0.5","10","39","276","3.9384057971014492"
"5","0","0.0025","0.29","3","0.5","0.05","1","80","5","8","0","0.5","10","43","266","4.082706766917293"
"6","0","0.0025","0.29","3","0.5","0.05","1","80","5","8","0","0.5","10","52","288","4.114583333333333"
"3","0","0.0025","0.29","3","0.5","0.05","1","80","5","8","0","0.5","10","49","279","3.817204301075269"
"5","0","0.0025","0.29","3","0.5","0.05","1","80","5","8","0","0.5","10","44","264","4.090909090909091"
"6","0","0.0025","0.29","3","0.5","0.05","1","80","5","8","0","0.5","10","53","287","4.114982578397212"
"5","0","0.0025","0.29","3","0.5","0.05","1","80","5","8","0","0.5","10","45","264","4.098484848484849"
"3","0","0.0025","0.29","3","0.5","0.05","1","80","5","8","0","0.5","10","50","277","3.9747292418772564"
"2","0","0.0025","0.29","3","0.5","0.05","1","80","5","8","0","0.5","10","46","253","4.1146245059288535"
"1","0","0.0025","0.29","3","0.5","0.05","1","80","5","8","0","0.5","10","46","266","4.12406015037594"
"4","0","0.0025","0.29","3","0.5","0.05","1","80","5","8","0","0.5","10","40","276","3.927536231884058"
"2","0","0.0025","0.29","3","0.5","0.05","1","80","5","8","0","0.5","10","47","251","4.115537848605578"
"3","0","0.0025","0.29","3","0.5","0.05","1","80","5","8","0","0.5","10","51","276","3.960144927536232"
"6","0","0.0025","0.29","3","0.5","0.05","1","80","5","8","0","0.5","10","54","285","4.1192982456140355"
"1","0","0.0025","0.29","3","0.5","0.05","1","80","5","8","0","0.5","10","47","266","4.12781954887218"
"2","0","0.0025","0.29","3","0.5","0.05","1","80","5","8","0","0.5","10","48","251","4.1195219123505975"
"1","0","0.0025","0.29","3","0.5","0.05","1","80","5","8","0","0.5","10","48","265","4.124528301886793"
"4","0","0.0025","0.29","3","0.5","0.05","1","80","5","8","0","0.5","10","41","275","3.930909090909091"
"5","0","0.0025","0.29","3","0.5","0.05","1","80","5","8","0","0.5","10","46","264","4.098484848484849"
"4","0","0.0025","0.29","3","0.5","0.05","1","80","5","8","0","0.5","10","42","272","3.9301470588235294"
"5","0","0.0025","0.29","3","0.5","0.05","1","80","5","8","0","0.5","10","47","264","4.098484848484849"
"3","0","0.0025","0.29","3","0.5","0.05","1","80","5","8","0","0.5","10","52","274","3.9635036496350367"
"5","0","0.0025","0.29","3","0.5","0.05","1","80","5","8","0","0.5","10","48","261","4.099616858237548"
"3","0","0.0025","0.29","3","0.5","0.05","1","80","5","8","0","0.5","10","53","272","3.9595588235294117"
"6","0","0.0025","0.29","3","0.5","0.05","1","80","5","8","0","0.5","10","55","283","4.123674911660777"
"3","0","0.0025","0.29","3","0.5","0.05","1","80","5","8","0","0.5","10","54","271","3.96309963099631"
"6","0","0.0025","0.29","3","0.5","0.05","1","80","5","8","0","0.5","10","56","283","4.123674911660777"
"4","0","0.0025","0.29","3","0.5","0.05","1","80","5","8","0","0.5","10","43","271","3.944649446494465"
"2","0","0.0025","0.29","3","0.5","0.05","1","80","5","8","0","0.5","10","49","271","3.782287822878229"
"6","0","0.0025","0.29","3","0.5","0.05","1","80","5","8","0","0.5","10","57","281","4.120996441281139"
"1","0","0.0025","0.29","3","0.5","0.05","1","80","5","8","0","0.5","10","49","276","3.963768115942029"
"4","0","0.0025","0.29","3","0.5","0.05","1","80","5","8","0","0.5","10","44","271","3.940959409594096"
"2","0","0.0025","0.29","3","0.5","0.05","1","80","5","8","0","0.5","10","50","270","4.125925925925926"
"4","0","0.0025","0.29","3","0.5","0.05","1","80","5","8","0","0.5","10","45","269","3.940520446096654"
"1","0","0.0025","0.29","3","0.5","0.05","1","80","5","8","0","0.5","10","50","276","4.144927536231884"
"2","0","0.0025","0.29","3","0.5","0.05","1","80","5","8","0","0.5","10","51","270","4.133333333333334"
"3","0","0.0025","0.29","3","0.5","0.05","1","80","5","8","0","0.5","10","55","270","3.9592592592592593"
"1","0","0.0025","0.29","3","0.5","0.05","1","80","5","8","0","0.5","10","51","275","4.1454545454545455"
"3","0","0.0025","0.29","3","0.5","0.05","1","80","5","8","0","0.5","10","56","270","3.966666666666667"
"6","0","0.0025","0.29","3","0.5","0.05","1","80","5","8","0","0.5","10","58","279","4.118279569892473"
"3","0","0.0025","0.29","3","0.5","0.05","1","80","5","8","0","0.5","10","57","270","3.966666666666667"
"5","0","0.0025","0.29","3","0.5","0.05","1","80","5","8","0","0.5","10","49","286","3.7412587412587412"
"4","0","0.0025","0.29","3","0.5","0.05","1","80","5","8","0","0.5","10","46","267","3.9363295880149813"
"6","0","0.0025","0.29","3","0.5","0.05","1","80","5","8","0","0.5","10","59","279","4.118279569892473"
"5","0","0.0025","0.29","3","0.5","0.05","1","80","5","8","0","0.5","10","50","286","4.0979020979020975"
"2","0","0.0025","0.29","3","0.5","0.05","1","80","5","8","0","0.5","10","52","270","4.137037037037037"
"1","0","0.0025","0.29","3","0.5","0.05","1","80","5","8","0","0.5","10","52","274","4.142335766423358"
"2","0","0.0025","0.29","3","0.5","0.05","1","80","5","8","0","0.5","10","53","270","4.137037037037037"
"5","0","0.0025","0.29","3","0.5","0.05","1","80","5","8","0","0.5","10","51","285","4.087719298245614"
"6","0","0.0025","0.29","3","0.5","0.05","1","80","5","8","0","0.5","10","60","278","4.118705035971223"
"4","0","0.0025","0.29","3","0.5","0.05","1","80","5","8","0","0.5","10","47","266","3.943609022556391"
"2","0","0.0025","0.29","3","0.5","0.05","1","80","5","8","0","0.5","10","54","269","4.133828996282528"
"1","0","0.0025","0.29","3","0.5","0.05","1","80","5","8","0","0.5","10","53","272","4.143382352941177"
"3","0","0.0025","0.29","3","0.5","0.05","1","80","5","8","0","0.5","10","58","270","3.966666666666667"
"4","0","0.0025","0.29","3","0.5","0.05","1","80","5","8","0","0.5","10","48","266","3.93609022556391"
"1","0","0.0025","0.29","3","0.5","0.05","1","80","5","8","0","0.5","10","54","272","4.143382352941177"
"3","0","0.0025","0.29","3","0.5","0.05","1","80","5","8","0","0.5","10","59","270","3.9703703703703703"
"3","0","0.0025","0.29","3","0.5","0.05","1","80","5","8","0","0.5","10","60","270","3.966666666666667"
"2","0","0.0025","0.29","3","0.5","0.05","1","80","5","8","0","0.5","10","55","267","4.134831460674158"
"2","0","0.0025","0.29","3","0.5","0.05","1","80","5","8","0","0.5","10","56","265","4.143396226415095"
"5","0","0.0025","0.29","3","0.5","0.05","1","80","5","8","0","0.5","10","52","285","4.091228070175439"
"1","0","0.0025","0.29","3","0.5","0.05","1","80","5","8","0","0.5","10","55","271","4.143911439114391"
"2","0","0.0025","0.29","3","0.5","0.05","1","80","5","8","0","0.5","10","57","265","4.158490566037736"
"5","0","0.0025","0.29","3","0.5","0.05","1","80","5","8","0","0.5","10","53","285","4.08421052631579"
"1","0","0.0025","0.29","3","0.5","0.05","1","80","5","8","0","0.5","10","56","270","4.144444444444445"
"5","0","0.0025","0.29","3","0.5","0.05","1","80","5","8","0","0.5","10","54","285","4.080701754385965"
"6","0","0.0025","0.29","3","0.5","0.05","1","80","5","8","0","0.5","10","61","292","3.910958904109589"
"1","0","0.0025","0.29","3","0.5","0.05","1","80","5","8","0","0.5","10","57","270","4.144444444444445"
"3","0","0.0025","0.29","3","0.5","0.05","1","80","5","8","0","0.5","10","61","287","3.721254355400697"
"6","0","0.0025","0.29","3","0.5","0.05","1","80","5","8","0","0.5","10","62","291","4.109965635738831"
"4","0","0.0025","0.29","3","0.5","0.05","1","80","5","8","0","0.5","10","49","283","3.706713780918728"
"3","0","0.0025","0.29","3","0.5","0.05","1","80","5","8","0","0.5","10","62","285","3.982456140350877"
"6","0","0.0025","0.29","3","0.5","0.05","1","80","5","8","0","0.5","10","63","288","4.111111111111111"
"2","0","0.0025","0.29","3","0.5","0.05","1","80","5","8","0","0.5","10","58","263","4.159695817490494"
"4","0","0.0025","0.29","3","0.5","0.05","1","80","5","8","0","0.5","10","50","283","3.9363957597173145"
"2","0","0.0025","0.29","3","0.5","0.05","1","80","5","8","0","0.5","10","59","260","4.157692307692308"
"3","0","0.0025","0.29","3","0.5","0.05","1","80","5","8","0","0.5","10","63","283","3.9823321554770317"
"4","0","0.0025","0.29","3","0.5","0.05","1","80","5","8","0","0.5","10","51","283","3.943462897526502"
"5","0","0.0025","0.29","3","0.5","0.05","1","80","5","8","0","0.5","10","55","283","4.084805653710247"
"2","0","0.0025","0.29","3","0.5","0.05","1","80","5","8","0","0.5","10","60","260","4.157692307692308"
"1","0","0.0025","0.29","3","0.5","0.05","1","80","5","8","0","0.5","10","58","269","4.141263940520446"
"5","0","0.0025","0.29","3","0.5","0.05","1","80","5","8","0","0.5","10","56","283","4.081272084805653"
"1","0","0.0025","0.29","3","0.5","0.05","1","80","5","8","0","0.5","10","59","267","4.138576779026217"
"5","0","0.0025","0.29","3","0.5","0.05","1","80","5","8","0","0.5","10","57","283","4.084805653710247"
"4","0","0.0025","0.29","3","0.5","0.05","1","80","5","8","0","0.5","10","52","281","3.9430604982206408"
"6","0","0.0025","0.29","3","0.5","0.05","1","80","5","8","0","0.5","10","64","287","4.114982578397212"
"3","0","0.0025","0.29","3","0.5","0.05","1","80","5","8","0","0.5","10","64","281","3.9893238434163703"
"1","0","0.0025","0.29","3","0.5","0.05","1","80","5","8","0","0.5","10","60","267","4.131086142322097"
"4","0","0.0025","0.29","3","0.5","0.05","1","80","5","8","0","0.5","10","53","281","3.9466192170818504"
"6","0","0.0025","0.29","3","0.5","0.05","1","80","5","8","0","0.5","10","65","286","4.115384615384615"
"3","0","0.0025","0.29","3","0.5","0.05","1","80","5","8","0","0.5","10","65","281","3.9893238434163703"
"6","0","0.0025","0.29","3","0.5","0.05","1","80","5","8","0","0.5","10","66","284","4.112676056338028"
"4","0","0.0025","0.29","3","0.5","0.05","1","80","5","8","0","0.5","10","54","280","3.9464285714285716"
"3","0","0.0025","0.29","3","0.5","0.05","1","80","5","8","0","0.5","10","66","280","3.9857142857142858"
"5","0","0.0025","0.29","3","0.5","0.05","1","80","5","8","0","0.5","10","58","282","4.085106382978723"
"2","0","0.0025","0.29","3","0.5","0.05","1","80","5","8","0","0.5","10","61","268","4.014925373134329"
"5","0","0.0025","0.29","3","0.5","0.05","1","80","5","8","0","0.5","10","59","281","4.092526690391459"
"2","0","0.0025","0.29","3","0.5","0.05","1","80","5","8","0","0.5","10","62","267","4.157303370786517"
"2","0","0.0025","0.29","3","0.5","0.05","1","80","5","8","0","0.5","10","63","265","4.162264150943396"
"5","0","0.0025","0.29","3","0.5","0.05","1","80","5","8","0","0.5","10","60","281","4.081850533807829"
"6","0","0.0025","0.29","3","0.5","0.05","1","80","5","8","0","0.5","10","67","284","4.116197183098592"
"1","0","0.0025","0.29","3","0.5","0.05","1","80","5","8","0","0.5","10","61","282","3.9184397163120566"
"4","0","0.0025","0.29","3","0.5","0.05","1","80","5","8","0","0.5","10","55","280","3.95"
"6","0","0.0025","0.29","3","0.5","0.05","1","80","5","8","0","0.5","10","68","282","4.124113475177305"
"3","0","0.0025","0.29","3","0.5","0.05","1","80","5","8","0","0.5","10","67","280","3.9964285714285714"
"1","0","0.0025","0.29","3","0.5","0.05","1","80","5","8","0","0.5","10","62","282","4.117021276595745"
"6","0","0.0025","0.29","3","0.5","0.05","1","80","5","8","0","0.5","10","69","280","4.121428571428571"
"1","0","0.0025","0.29","3","0.5","0.05","1","80","5","8","0","0.5","10","63","281","4.1138790035587185"
"3","0","0.0025","0.29","3","0.5","0.05","1","80","5","8","0","0.5","10","68","276","3.9927536231884058"
"4","0","0.0025","0.29","3","0.5","0.05","1","80","5","8","0","0.5","10","56","280","3.942857142857143"
"3","0","0.0025","0.29","3","0.5","0.05","1","80","5","8","0","0.5","10","69","275","3.9890909090909092"
"4","0","0.0025","0.29","3","0.5","0.05","1","80","5","8","0","0.5","10","57","279","3.942652329749104"
"2","0","0.0025","0.29","3","0.5","0.05","1","80","5","8","0","0.5","10","64","264","4.143939393939394"
"2","0","0.0025","0.29","3","0.5","0.05","1","80","5","8","0","0.5","10","65","264","4.15530303030303"
"2","0","0.0025","0.29","3","0.5","0.05","1","80","5","8","0","0.5","10","66","262","4.145038167938932"
"1","0","0.0025","0.29","3","0.5","0.05","1","80","5","8","0","0.5","10","64","281","4.117437722419929"
"6","0","0.0025","0.29","3","0.5","0.05","1","80","5","8","0","0.5","10","70","277","4.126353790613718"
"1","0","0.0025","0.29","3","0.5","0.05","1","80","5","8","0","0.5","10","65","281","4.117437722419929"
"5","0","0.0025","0.29","3","0.5","0.05","1","80","5","8","0","0.5","10","61","292","3.9315068493150687"
"6","0","0.0025","0.29","3","0.5","0.05","1","80","5","8","0","0.5","10","71","275","4.130909090909091"
"1","0","0.0025","0.29","3","0.5","0.05","1","80","5","8","0","0.5","10","66","281","4.117437722419929"
"6","0","0.0025","0.29","3","0.5","0.05","1","80","5","8","0","0.5","10","72","275","4.130909090909091"
"5","0","0.0025","0.29","3","0.5","0.05","1","80","5","8","0","0.5","10","62","292","4.065068493150685"
"3","0","0.0025","0.29","3","0.5","0.05","1","80","5","8","0","0.5","10","70","275","3.9927272727272727"
"4","0","0.0025","0.29","3","0.5","0.05","1","80","5","8","0","0.5","10","58","275","3.930909090909091"
"3","0","0.0025","0.29","3","0.5","0.05","1","80","5","8","0","0.5","10","71","274","3.9963503649635035"
"5","0","0.0025","0.29","3","0.5","0.05","1","80","5","8","0","0.5","10","63","289","4.069204152249135"
"4","0","0.0025","0.29","3","0.5","0.05","1","80","5","8","0","0.5","10","59","273","3.9194139194139193"
"2","0","0.0025","0.29","3","0.5","0.05","1","80","5","8","0","0.5","10","67","259","4.154440154440154"
"3","0","0.0025","0.29","3","0.5","0.05","1","80","5","8","0","0.5","10","72","274","3.9927007299270074"
"1","0","0.0025","0.29","3","0.5","0.05","1","80","5","8","0","0.5","10","67","281","4.117437722419929"
"2","0","0.0025","0.29","3","0.5","0.05","1","80","5","8","0","0.5","10","68","259","4.158301158301159"
"4","0","0.0025","0.29","3","0.5","0.05","1","80","5","8","0","0.5","10","60","273","3.9194139194139193"
"2","0","0.0025","0.29","3","0.5","0.05","1","80","5","8","0","0.5","10","69","259","4.1698841698841695"
"1","0","0.0025","0.29","3","0.5","0.05","1","80","5","8","0","0.5","10","68","279","4.118279569892473"
"1","0","0.0025","0.29","3","0.5","0.05","1","80","5","8","0","0.5","10","69","279","4.129032258064516"
"5","0","0.0025","0.29","3","0.5","0.05","1","80","5","8","0","0.5","10","64","287","4.062717770034843"
"6","0","0.0025","0.29","3","0.5","0.05","1","80","5","8","0","0.5","10","73","284","3.9753521126760565"
"5","0","0.0025","0.29","3","0.5","0.05","1","80","5","8","0","0.5","10","65","286","4.066433566433567"
"3","0","0.0025","0.29","3","0.5","0.05","1","80","5","8","0","0.5","10","73","301","3.6245847176079735"
"2","0","0.0025","0.29","3","0.5","0.05","1","80","5","8","0","0.5","10","70","257","4.171206225680934"
"6","0","0.0025","0.29","3","0.5","0.05","1","80","5","8","0","0.5","10","74","284","4.147887323943662"
"3","0","0.0025","0.29","3","0.5","0.05","1","80","5","8","0","0.5","10","74","300","4.04"
"5","0","0.0025","0.29","3","0.5","0.05","1","80","5","8","0","0.5","10","66","285","4.063157894736842"
"2","0","0.0025","0.29","3","0.5","0.05","1","80","5","8","0","0.5","10","71","257","4.175097276264592"
"2","0","0.0025","0.29","3","0.5","0.05","1","80","5","8","0","0.5","10","72","256","4.171875"
"3","0","0.0025","0.29","3","0.5","0.05","1","80","5","8","0","0.5","10","75","299","4.046822742474917"
"6","0","0.0025","0.29","3","0.5","0.05","1","80","5","8","0","0.5","10","75","280","4.1571428571428575"
"1","0","0.0025","0.29","3","0.5","0.05","1","80","5","8","0","0.5","10","70","276","4.1231884057971016"
"4","0","0.0025","0.29","3","0.5","0.05","1","80","5","8","0","0.5","10","61","298","3.5906040268456376"
"4","0","0.0025","0.29","3","0.5","0.05","1","80","5","8","0","0.5","10","62","297","3.9663299663299663"
"1","0","0.0025","0.29","3","0.5","0.05","1","80","5","8","0","0.5","10","71","276","4.1268115942028984"
"4","0","0.0025","0.29","3","0.5","0.05","1","80","5","8","0","0.5","10","63","294","3.9761904761904763"
"1","0","0.0025","0.29","3","0.5","0.05","1","80","5","8","0","0.5","10","72","276","4.1231884057971016"
"3","0","0.0025","0.29","3","0.5","0.05","1","80","5","8","0","0.5","10","76","297","4.043771043771044"
"5","0","0.0025","0.29","3","0.5","0.05","1","80","5","8","0","0.5","10","67","284","4.073943661971831"
"3","0","0.0025","0.29","3","0.5","0.05","1","80","5","8","0","0.5","10","77","296","4.04054054054054"
"5","0","0.0025","0.29","3","0.5","0.05","1","80","5","8","0","0.5","10","68","283","4.070671378091872"
"2","0","0.0025","0.29","3","0.5","0.05","1","80","5","8","0","0.5","10","73","270","3.9444444444444446"
"3","0","0.0025","0.29","3","0.5","0.05","1","80","5","8","0","0.5","10","78","296","4.037162162162162"
"6","0","0.0025","0.29","3","0.5","0.05","1","80","5","8","0","0.5","10","76","280","4.1571428571428575"
"2","0","0.0025","0.29","3","0.5","0.05","1","80","5","8","0","0.5","10","74","270","4.155555555555556"
"5","0","0.0025","0.29","3","0.5","0.05","1","80","5","8","0","0.5","10","69","282","4.085106382978723"
"6","0","0.0025","0.29","3","0.5","0.05","1","80","5","8","0","0.5","10","77","279","4.157706093189964"
"2","0","0.0025","0.29","3","0.5","0.05","1","80","5","8","0","0.5","10","75","270","4.166666666666667"
"6","0","0.0025","0.29","3","0.5","0.05","1","80","5","8","0","0.5","10","78","277","4.15884476534296"
"4","0","0.0025","0.29","3","0.5","0.05","1","80","5","8","0","0.5","10","64","292","3.982876712328767"
"2","0","0.0025","0.29","3","0.5","0.05","1","80","5","8","0","0.5","10","76","268","4.16044776119403"
"4","0","0.0025","0.29","3","0.5","0.05","1","80","5","8","0","0.5","10","65","290","3.9827586206896552"
"1","0","0.0025","0.29","3","0.5","0.05","1","80","5","8","0","0.5","10","73","287","3.9094076655052263"
"2","0","0.0025","0.29","3","0.5","0.05","1","80","5","8","0","0.5","10","77","268","4.156716417910448"
"5","0","0.0025","0.29","3","0.5","0.05","1","80","5","8","0","0.5","10","70","282","4.092198581560283"
"1","0","0.0025","0.29","3","0.5","0.05","1","80","5","8","0","0.5","10","74","287","4.13588850174216"
"3","0","0.0025","0.29","3","0.5","0.05","1","80","5","8","0","0.5","10","79","295","4.04406779661017"
"4","0","0.0025","0.29","3","0.5","0.05","1","80","5","8","0","0.5","10","66","288","3.9791666666666665"
"5","0","0.0025","0.29","3","0.5","0.05","1","80","5","8","0","0.5","10","71","282","4.088652482269503"
"2","0","0.0025","0.29","3","0.5","0.05","1","80","5","8","0","0.5","10","78","267","4.153558052434457"
"3","0","0.0025","0.29","3","0.5","0.05","1","80","5","8","0","0.5","10","80","294","4.051020408163265"
"6","0","0.0025","0.29","3","0.5","0.05","1","80","5","8","0","0.5","10","79","276","4.159420289855072"
"5","0","0.0025","0.29","3","0.5","0.05","1","80","5","8","0","0.5","10","72","282","4.095744680851064"
"3","0","0.0025","0.29","3","0.5","0.05","1","80","5","8","0","0.5","10","81","293","4.040955631399317"
"6","0","0.0025","0.29","3","0.5","0.05","1","80","5","8","0","0.5","10","80","275","4.16"
"1","0","0.0025","0.29","3","0.5","0.05","1","80","5","8","0","0.5","10","75","286","4.129370629370629"
"6","0","0.0025","0.29","3","0.5","0.05","1","80","5","8","0","0.5","10","81","274","4.160583941605839"
"2","0","0.0025","0.29","3","0.5","0.05","1","80","5","8","0","0.5","10","79","266","4.157894736842105"
"2","0","0.0025","0.29","3","0.5","0.05","1","80","5","8","0","0.5","10","80","266","4.154135338345864"
"2","0","0.0025","0.29","3","0.5","0.05","1","80","5","8","0","0.5","10","81","264","4.159090909090909"
"4","0","0.0025","0.29","3","0.5","0.05","1","80","5","8","0","0.5","10","67","287","3.9825783972125435"
"1","0","0.0025","0.29","3","0.5","0.05","1","80","5","8","0","0.5","10","76","284","4.126760563380282"
"3","0","0.0025","0.29","3","0.5","0.05","1","80","5","8","0","0.5","10","82","293","4.044368600682594"
"4","0","0.0025","0.29","3","0.5","0.05","1","80","5","8","0","0.5","10","68","286","3.986013986013986"
"1","0","0.0025","0.29","3","0.5","0.05","1","80","5","8","0","0.5","10","77","283","4.127208480565371"
"6","0","0.0025","0.29","3","0.5","0.05","1","80","5","8","0","0.5","10","82","272","4.161764705882353"
"4","0","0.0025","0.29","3","0.5","0.05","1","80","5","8","0","0.5","10","69","286","3.986013986013986"
"1","0","0.0025","0.29","3","0.5","0.05","1","80","5","8","0","0.5","10","78","283","4.127208480565371"
"5","0","0.0025","0.29","3","0.5","0.05","1","80","5","8","0","0.5","10","73","299","3.8127090301003346"
"6","0","0.0025","0.29","3","0.5","0.05","1","80","5","8","0","0.5","10","83","271","4.162361623616236"
"3","0","0.0025","0.29","3","0.5","0.05","1","80","5","8","0","0.5","10","83","291","4.051546391752577"
"3","0","0.0025","0.29","3","0.5","0.05","1","80","5","8","0","0.5","10","84","289","4.051903114186851"
"6","0","0.0025","0.29","3","0.5","0.05","1","80","5","8","0","0.5","10","84","269","4.163568773234201"
"5","0","0.0025","0.29","3","0.5","0.05","1","80","5","8","0","0.5","10","74","298","4.046979865771812"
"2","0","0.0025","0.29","3","0.5","0.05","1","80","5","8","0","0.5","10","82","262","4.156488549618321"
"5","0","0.0025","0.29","3","0.5","0.05","1","80","5","8","0","0.5","10","75","297","4.063973063973064"
"2","0","0.0025","0.29","3","0.5","0.05","1","80","5","8","0","0.5","10","83","262","4.1603053435114505"
"4","0","0.0025","0.29","3","0.5","0.05","1","80","5","8","0","0.5","10","70","284","3.9859154929577465"
"2","0","0.0025","0.29","3","0.5","0.05","1","80","5","8","0","0.5","10","84","261","4.157088122605364"
"1","0","0.0025","0.29","3","0.5","0.05","1","80","5","8","0","0.5","10","79","283","4.127208480565371"
"4","0","0.0025","0.29","3","0.5","0.05","1","80","5","8","0","0.5","10","71","283","3.9929328621908127"
"4","0","0.0025","0.29","3","0.5","0.05","1","80","5","8","0","0.5","10","72","282","3.9858156028368796"
"1","0","0.0025","0.29","3","0.5","0.05","1","80","5","8","0","0.5","10","80","282","4.120567375886525"
"3","0","0.0025","0.29","3","0.5","0.05","1","80","5","8","0","0.5","10","85","308","3.792207792207792"
"1","0","0.0025","0.29","3","0.5","0.05","1","80","5","8","0","0.5","10","81","282","4.124113475177305"
"6","0","0.0025","0.29","3","0.5","0.05","1","80","5","8","0","0.5","10","85","283","3.943462897526502"
"3","0","0.0025","0.29","3","0.5","0.05","1","80","5","8","0","0.5","10","86","308","4.025974025974026"
"5","0","0.0025","0.29","3","0.5","0.05","1","80","5","8","0","0.5","10","76","295","4.054237288135593"
"6","0","0.0025","0.29","3","0.5","0.05","1","80","5","8","0","0.5","10","86","279","4.125448028673835"
"3","0","0.0025","0.29","3","0.5","0.05","1","80","5","8","0","0.5","10","87","308","4.038961038961039"
"5","0","0.0025","0.29","3","0.5","0.05","1","80","5","8","0","0.5","10","77","295","4.061016949152543"
"6","0","0.0025","0.29","3","0.5","0.05","1","80","5","8","0","0.5","10","87","278","4.129496402877698"
"5","0","0.0025","0.29","3","0.5","0.05","1","80","5","8","0","0.5","10","78","295","4.061016949152543"
"2","0","0.0025","0.29","3","0.5","0.05","1","80","5","8","0","0.5","10","85","277","3.92057761732852"
"2","0","0.0025","0.29","3","0.5","0.05","1","80","5","8","0","0.5","10","86","277","4.169675090252707"
"1","0","0.0025","0.29","3","0.5","0.05","1","80","5","8","0","0.5","10","82","280","4.135714285714286"
"2","0","0.0025","0.29","3","0.5","0.05","1","80","5","8","0","0.5","10","87","275","4.181818181818182"
"3","0","0.0025","0.29","3","0.5","0.05","1","80","5","8","0","0.5","10","88","307","4.029315960912052"
"1","0","0.0025","0.29","3","0.5","0.05","1","80","5","8","0","0.5","10","83","278","4.136690647482014"
"3","0","0.0025","0.29","3","0.5","0.05","1","80","5","8","0","0.5","10","89","303","4.0462046204620465"
"1","0","0.0025","0.29","3","0.5","0.05","1","80","5","8","0","0.5","10","84","276","4.134057971014493"
"6","0","0.0025","0.29","3","0.5","0.05","1","80","5","8","0","0.5","10","88","274","4.131386861313868"
"5","0","0.0025","0.29","3","0.5","0.05","1","80","5","8","0","0.5","10","79","294","4.061224489795919"
"3","0","0.0025","0.29","3","0.5","0.05","1","80","5","8","0","0.5","10","90","302","4.046357615894039"
"4","0","0.0025","0.29","3","0.5","0.05","1","80","5","8","0","0.5","10","73","298","3.771812080536913"
"5","0","0.0025","0.29","3","0.5","0.05","1","80","5","8","0","0.5","10","80","293","4.068259385665529"
"6","0","0.0025","0.29","3","0.5","0.05","1","80","5","8","0","0.5","10","89","274","4.127737226277373"
"4","0","0.0025","0.29","3","0.5","0.05","1","80","5","8","0","0.5","10","74","298","3.9798657718120807"
"6","0","0.0025","0.29","3","0.5","0.05","1","80","5","8","0","0.5","10","90","274","4.127737226277373"
"4","0","0.0025","0.29","3","0.5","0.05","1","80","5","8","0","0.5","10","75","297","3.9764309764309766"
"5","0","0.0025","0.29","3","0.5","0.05","1","80","5","8","0","0.5","10","81","290","4.068965517241379"
"2","0","0.0025","0.29","3","0.5","0.05","1","80","5","8","0","0.5","10","88","275","4.181818181818182"
"2","0","0.0025","0.29","3","0.5","0.05","1","80","5","8","0","0.5","10","89","275","4.1854545454545455"
"3","0","0.0025","0.29","3","0.5","0.05","1","80","5","8","0","0.5","10","91","302","4.046357615894039"
"2","0","0.0025","0.29","3","0.5","0.05","1","80","5","8","0","0.5","10","90","275","4.181818181818182"
"3","0","0.0025","0.29","3","0.5","0.05","1","80","5","8","0","0.5","10","92","302","4.049668874172186"
"6","0","0.0025","0.29","3","0.5","0.05","1","80","5","8","0","0.5","10","91","274","4.124087591240876"
"5","0","0.0025","0.29","3","0.5","0.05","1","80","5","8","0","0.5","10","82","288","4.069444444444445"
"6","0","0.0025","0.29","3","0.5","0.05","1","80","5","8","0","0.5","10","92","273","4.128205128205129"
"5","0","0.0025","0.29","3","0.5","0.05","1","80","5","8","0","0.5","10","83","286","4.073426573426573"
"3","0","0.0025","0.29","3","0.5","0.05","1","80","5","8","0","0.5","10","93","301","4.053156146179402"
"4","0","0.0025","0.29","3","0.5","0.05","1","80","5","8","0","0.5","10","76","294","3.9761904761904763"
"6","0","0.0025","0.29","3","0.5","0.05","1","80","5","8","0","0.5","10","93","270","4.12962962962963"
"1","0","0.0025","0.29","3","0.5","0.05","1","80","5","8","0","0.5","10","85","303","3.7524752475247523"
"5","0","0.0025","0.29","3","0.5","0.05","1","80","5","8","0","0.5","10","84","285","4.0701754385964914"
"4","0","0.0025","0.29","3","0.5","0.05","1","80","5","8","0","0.5","10","77","293","3.9761092150170647"
"1","0","0.0025","0.29","3","0.5","0.05","1","80","5","8","0","0.5","10","86","302","4.1092715231788075"
"4","0","0.0025","0.29","3","0.5","0.05","1","80","5","8","0","0.5","10","78","293","3.9761092150170647"
"2","0","0.0025","0.29","3","0.5","0.05","1","80","5","8","0","0.5","10","91","272","4.180147058823529"
"2","0","0.0025","0.29","3","0.5","0.05","1","80","5","8","0","0.5","10","92","272","4.165441176470588"
"1","0","0.0025","0.29","3","0.5","0.05","1","80","5","8","0","0.5","10","87","300","4.116666666666666"
"3","0","0.0025","0.29","3","0.5","0.05","1","80","5","8","0","0.5","10","94","301","4.053156146179402"
"2","0","0.0025","0.29","3","0.5","0.05","1","80","5","8","0","0.5","10","93","269","4.174721189591078"
"6","0","0.0025","0.29","3","0.5","0.05","1","80","5","8","0","0.5","10","94","270","4.144444444444445"
"3","0","0.0025","0.29","3","0.5","0.05","1","80","5","8","0","0.5","10","95","301","4.053156146179402"
"3","0","0.0025","0.29","3","0.5","0.05","1","80","5","8","0","0.5","10","96","300","4.053333333333334"
"6","0","0.0025","0.29","3","0.5","0.05","1","80","5","8","0","0.5","10","95","270","4.137037037037037"
"6","0","0.0025","0.29","3","0.5","0.05","1","80","5","8","0","0.5","10","96","268","4.141791044776119"
"1","0","0.0025","0.29","3","0.5","0.05","1","80","5","8","0","0.5","10","88","299","4.110367892976589"
"4","0","0.0025","0.29","3","0.5","0.05","1","80","5","8","0","0.5","10","79","290","3.975862068965517"
"5","0","0.0025","0.29","3","0.5","0.05","1","80","5","8","0","0.5","10","85","299","3.8528428093645486"
"2","0","0.0025","0.29","3","0.5","0.05","1","80","5","8","0","0.5","10","94","267","4.164794007490637"
"1","0","0.0025","0.29","3","0.5","0.05","1","80","5","8","0","0.5","10","89","298","4.110738255033557"
"5","0","0.0025","0.29","3","0.5","0.05","1","80","5","8","0","0.5","10","86","298","4.077181208053691"
"2","0","0.0025","0.29","3","0.5","0.05","1","80","5","8","0","0.5","10","95","264","4.166666666666667"
"1","0","0.0025","0.29","3","0.5","0.05","1","80","5","8","0","0.5","10","90","294","4.105442176870748"
"4","0","0.0025","0.29","3","0.5","0.05","1","80","5","8","0","0.5","10","80","290","3.975862068965517"
"2","0","0.0025","0.29","3","0.5","0.05","1","80","5","8","0","0.5","10","96","262","4.16412213740458"
"4","0","0.0025","0.29","3","0.5","0.05","1","80","5","8","0","0.5","10","81","289","3.9757785467128026"
"6","0","0.0025","0.29","3","0.5","0.05","1","80","5","8","0","0.5","10","97","283","3.904593639575972"
"3","0","0.0025","0.29","3","0.5","0.05","1","80","5","8","0","0.5","10","97","315","3.834920634920635"
"6","0","0.0025","0.29","3","0.5","0.05","1","80","5","8","0","0.5","10","98","283","4.151943462897527"
"3","0","0.0025","0.29","3","0.5","0.05","1","80","5","8","0","0.5","10","98","315","4.076190476190476"
"5","0","0.0025","0.29","3","0.5","0.05","1","80","5","8","0","0.5","10","87","298","4.063758389261745"
"6","0","0.0025","0.29","3","0.5","0.05","1","80","5","8","0","0.5","10","99","280","4.15"
"3","0","0.0025","0.29","3","0.5","0.05","1","80","5","8","0","0.5","10","99","315","4.085714285714285"
"1","0","0.0025","0.29","3","0.5","0.05","1","80","5","8","0","0.5","10","91","293","4.1058020477815695"
"1","0","0.0025","0.29","3","0.5","0.05","1","80","5","8","0","0.5","10","92","293","4.1058020477815695"
"4","0","0.0025","0.29","3","0.5","0.05","1","80","5","8","0","0.5","10","82","287","3.975609756097561"
"1","0","0.0025","0.29","3","0.5","0.05","1","80","5","8","0","0.5","10","93","292","4.109589041095891"
"4","0","0.0025","0.29","3","0.5","0.05","1","80","5","8","0","0.5","10","83","286","3.9755244755244754"
"6","0","0.0025","0.29","3","0.5","0.05","1","80","5","8","0","0.5","10","100","280","4.15"
"5","0","0.0025","0.29","3","0.5","0.05","1","80","5","8","0","0.5","10","88","298","4.067114093959732"
"3","0","0.0025","0.29","3","0.5","0.05","1","80","5","8","0","0.5","10","100","314","4.079617834394904"
"4","0","0.0025","0.29","3","0.5","0.05","1","80","5","8","0","0.5","10","84","286","3.9755244755244754"
"2","0","0.0025","0.29","3","0.5","0.05","1","80","5","8","0","0.5","10","97","275","3.9709090909090907"
"6","0","0.0025","0.29","3","0.5","0.05","1","80","5","8","0","0.5","10","101","279","4.146953405017921"
"5","0","0.0025","0.29","3","0.5","0.05","1","80","5","8","0","0.5","10","89","297","4.063973063973064"
"3","0","0.0025","0.29","3","0.5","0.05","1","80","5","8","0","0.5","10","101","313","4.086261980830671"
"2","0","0.0025","0.29","3","0.5","0.05","1","80","5","8","0","0.5","10","98","274","4.12043795620438"
"6","0","0.0025","0.29","3","0.5","0.05","1","80","5","8","0","0.5","10","102","279","4.150537634408602"
"5","0","0.0025","0.29","3","0.5","0.05","1","80","5","8","0","0.5","10","90","296","4.0675675675675675"
"2","0","0.0025","0.29","3","0.5","0.05","1","80","5","8","0","0.5","10","99","274","4.131386861313868"
"3","0","0.0025","0.29","3","0.5","0.05","1","80","5","8","0","0.5","10","102","311","4.083601286173633"
"1","0","0.0025","0.29","3","0.5","0.05","1","80","5","8","0","0.5","10","94","292","4.1061643835616435"
"6","0","0.0025","0.29","3","0.5","0.05","1","80","5","8","0","0.5","10","103","279","4.146953405017921"
"2","0","0.0025","0.29","3","0.5","0.05","1","80","5","8","0","0.5","10","100","273","4.128205128205129"
"6","0","0.0025","0.29","3","0.5","0.05","1","80","5","8","0","0.5","10","104","278","4.151079136690647"
"2","0","0.0025","0.29","3","0.5","0.05","1","80","5","8","0","0.5","10","101","273","4.131868131868132"
"1","0","0.0025","0.29","3","0.5","0.05","1","80","5","8","0","0.5","10","95","291","4.109965635738831"
"6","0","0.0025","0.29","3","0.5","0.05","1","80","5","8","0","0.5","10","105","275","4.149090909090909"
"2","0","0.0025","0.29","3","0.5","0.05","1","80","5","8","0","0.5","10","102","270","4.12962962962963"
"1","0","0.0025","0.29","3","0.5","0.05","1","80","5","8","0","0.5","10","96","290","4.106896551724138"
"4","0","0.0025","0.29","3","0.5","0.05","1","80","5","8","0","0.5","10","85","297","3.814814814814815"
"5","0","0.0025","0.29","3","0.5","0.05","1","80","5","8","0","0.5","10","91","292","4.065068493150685"
"3","0","0.0025","0.29","3","0.5","0.05","1","80","5","8","0","0.5","10","103","309","4.084142394822006"
"4","0","0.0025","0.29","3","0.5","0.05","1","80","5","8","0","0.5","10","86","297","4.0033670033670035"
"3","0","0.0025","0.29","3","0.5","0.05","1","80","5","8","0","0.5","10","104","307","4.084690553745928"
"5","0","0.0025","0.29","3","0.5","0.05","1","80","5","8","0","0.5","10","92","291","4.0756013745704465"
"4","0","0.0025","0.29","3","0.5","0.05","1","80","5","8","0","0.5","10","87","297","3.9966329966329965"
"3","0","0.0025","0.29","3","0.5","0.05","1","80","5","8","0","0.5","10","105","307","4.094462540716612"
"5","0","0.0025","0.29","3","0.5","0.05","1","80","5","8","0","0.5","10","93","291","4.072164948453608"
"6","0","0.0025","0.29","3","0.5","0.05","1","80","5","8","0","0.5","10","106","274","4.153284671532846"
"2","0","0.0025","0.29","3","0.5","0.05","1","80","5","8","0","0.5","10","103","269","4.133828996282528"
"6","0","0.0025","0.29","3","0.5","0.05","1","80","5","8","0","0.5","10","107","274","4.149635036496351"
"2","0","0.0025","0.29","3","0.5","0.05","1","80","5","8","0","0.5","10","104","268","4.130597014925373"
"6","0","0.0025","0.29","3","0.5","0.05","1","80","5","8","0","0.5","10","108","274","4.153284671532846"
"2","0","0.0025","0.29","3","0.5","0.05","1","80","5","8","0","0.5","10","105","268","4.138059701492537"
"4","0","0.0025","0.29","3","0.5","0.05","1","80","5","8","0","0.5","10","88","293","3.9897610921501707"
"4","0","0.0025","0.29","3","0.5","0.05","1","80","5","8","0","0.5","10","89","292","3.98972602739726"
"3","0","0.0025","0.29","3","0.5","0.05","1","80","5","8","0","0.5","10","106","305","4.078688524590164"
"1","0","0.0025","0.29","3","0.5","0.05","1","80","5","8","0","0.5","10","97","309","3.841423948220065"
"4","0","0.0025","0.29","3","0.5","0.05","1","80","5","8","0","0.5","10","90","292","3.98972602739726"
"3","0","0.0025","0.29","3","0.5","0.05","1","80","5","8","0","0.5","10","107","304","4.078947368421052"
"5","0","0.0025","0.29","3","0.5","0.05","1","80","5","8","0","0.5","10","94","291","4.072164948453608"
"1","0","0.0025","0.29","3","0.5","0.05","1","80","5","8","0","0.5","10","98","307","4.100977198697068"
"3","0","0.0025","0.29","3","0.5","0.05","1","80","5","8","0","0.5","10","108","302","4.082781456953643"
"2","0","0.0025","0.29","3","0.5","0.05","1","80","5","8","0","0.5","10","106","267","4.131086142322097"
"5","0","0.0025","0.29","3","0.5","0.05","1","80","5","8","0","0.5","10","95","290","4.06551724137931"
"1","0","0.0025","0.29","3","0.5","0.05","1","80","5","8","0","0.5","10","99","307","4.1107491856677525"
"6","0","0.0025","0.29","3","0.5","0.05","1","80","5","8","0","0.5","10","109","310","3.667741935483871"
"2","0","0.0025","0.29","3","0.5","0.05","1","80","5","8","0","0.5","10","107","266","4.135338345864661"
"5","0","0.0025","0.29","3","0.5","0.05","1","80","5","8","0","0.5","10","96","289","4.069204152249135"
"6","0","0.0025","0.29","3","0.5","0.05","1","80","5","8","0","0.5","10","110","310","4.096774193548387"
"2","0","0.0025","0.29","3","0.5","0.05","1","80","5","8","0","0.5","10","108","264","4.132575757575758"
"6","0","0.0025","0.29","3","0.5","0.05","1","80","5","8","0","0.5","10","111","309","4.1035598705501615"
"4","0","0.0025","0.29","3","0.5","0.05","1","80","5","8","0","0.5","10","91","292","3.98972602739726"
"1","0","0.0025","0.29","3","0.5","0.05","1","80","5","8","0","0.5","10","100","307","4.1107491856677525"
"4","0","0.0025","0.29","3","0.5","0.05","1","80","5","8","0","0.5","10","92","291","3.9896907216494846"
"1","0","0.0025","0.29","3","0.5","0.05","1","80","5","8","0","0.5","10","101","305","4.114754098360656"
"4","0","0.0025","0.29","3","0.5","0.05","1","80","5","8","0","0.5","10","93","291","3.9896907216494846"
"1","0","0.0025","0.29","3","0.5","0.05","1","80","5","8","0","0.5","10","102","301","4.112956810631229"
"6","0","0.0025","0.29","3","0.5","0.05","1","80","5","8","0","0.5","10","112","308","4.107142857142857"
"3","0","0.0025","0.29","3","0.5","0.05","1","80","5","8","0","0.5","10","109","323","3.8142414860681115"
"5","0","0.0025","0.29","3","0.5","0.05","1","80","5","8","0","0.5","10","97","304","3.838815789473684"
"3","0","0.0025","0.29","3","0.5","0.05","1","80","5","8","0","0.5","10","110","322","4.099378881987578"
"2","0","0.0025","0.29","3","0.5","0.05","1","80","5","8","0","0.5","10","109","281","3.886120996441281"
"6","0","0.0025","0.29","3","0.5","0.05","1","80","5","8","0","0.5","10","113","307","4.107491856677524"
"5","0","0.0025","0.29","3","0.5","0.05","1","80","5","8","0","0.5","10","98","301","4.04983388704319"
"4","0","0.0025","0.29","3","0.5","0.05","1","80","5","8","0","0.5","10","94","290","3.989655172413793"
"3","0","0.0025","0.29","3","0.5","0.05","1","80","5","8","0","0.5","10","111","321","4.102803738317757"
"2","0","0.0025","0.29","3","0.5","0.05","1","80","5","8","0","0.5","10","110","281","4.160142348754448"
"6","0","0.0025","0.29","3","0.5","0.05","1","80","5","8","0","0.5","10","114","306","4.107843137254902"
"2","0","0.0025","0.29","3","0.5","0.05","1","80","5","8","0","0.5","10","111","277","4.15884476534296"
"4","0","0.0025","0.29","3","0.5","0.05","1","80","5","8","0","0.5","10","95","289","3.98961937716263"
"5","0","0.0025","0.29","3","0.5","0.05","1","80","5","8","0","0.5","10","99","301","4.053156146179402"
"4","0","0.0025","0.29","3","0.5","0.05","1","80","5","8","0","0.5","10","96","289","3.98961937716263"
"1","0","0.0025","0.29","3","0.5","0.05","1","80","5","8","0","0.5","10","103","301","4.116279069767442"
"3","0","0.0025","0.29","3","0.5","0.05","1","80","5","8","0","0.5","10","112","320","4.1125"
"1","0","0.0025","0.29","3","0.5","0.05","1","80","5","8","0","0.5","10","104","299","4.11371237458194"
"3","0","0.0025","0.29","3","0.5","0.05","1","80","5","8","0","0.5","10","113","320","4.1125"
"2","0","0.0025","0.29","3","0.5","0.05","1","80","5","8","0","0.5","10","112","276","4.166666666666667"
"1","0","0.0025","0.29","3","0.5","0.05","1","80","5","8","0","0.5","10","105","299","4.117056856187291"
"2","0","0.0025","0.29","3","0.5","0.05","1","80","5","8","0","0.5","10","113","276","4.177536231884058"
"3","0","0.0025","0.29","3","0.5","0.05","1","80","5","8","0","0.5","10","114","320","4.1125"
"5","0","0.0025","0.29","3","0.5","0.05","1","80","5","8","0","0.5","10","100","301","4.046511627906977"
"2","0","0.0025","0.29","3","0.5","0.05","1","80","5","8","0","0.5","10","114","275","4.181818181818182"
"6","0","0.0025","0.29","3","0.5","0.05","1","80","5","8","0","0.5","10","115","306","4.107843137254902"
"5","0","0.0025","0.29","3","0.5","0.05","1","80","5","8","0","0.5","10","101","300","4.046666666666667"
"6","0","0.0025","0.29","3","0.5","0.05","1","80","5","8","0","0.5","10","116","305","4.108196721311476"
"5","0","0.0025","0.29","3","0.5","0.05","1","80","5","8","0","0.5","10","102","300","4.04"
"6","0","0.0025","0.29","3","0.5","0.05","1","80","5","8","0","0.5","10","117","304","4.105263157894737"
"4","0","0.0025","0.29","3","0.5","0.05","1","80","5","8","0","0.5","10","97","319","3.6018808777429467"
"3","0","0.0025","0.29","3","0.5","0.05","1","80","5","8","0","0.5","10","115","319","4.112852664576803"
"4","0","0.0025","0.29","3","0.5","0.05","1","80","5","8","0","0.5","10","98","319","3.9623824451410656"
"2","0","0.0025","0.29","3","0.5","0.05","1","80","5","8","0","0.5","10","115","275","4.181818181818182"
"1","0","0.0025","0.29","3","0.5","0.05","1","80","5","8","0","0.5","10","106","298","4.114093959731544"
"3","0","0.0025","0.29","3","0.5","0.05","1","80","5","8","0","0.5","10","116","319","4.112852664576803"
"1","0","0.0025","0.29","3","0.5","0.05","1","80","5","8","0","0.5","10","107","293","4.1160409556314"
"4","0","0.0025","0.29","3","0.5","0.05","1","80","5","8","0","0.5","10","99","318","3.9622641509433962"
"2","0","0.0025","0.29","3","0.5","0.05","1","80","5","8","0","0.5","10","116","275","4.181818181818182"
"3","0","0.0025","0.29","3","0.5","0.05","1","80","5","8","0","0.5","10","117","318","4.116352201257862"
"1","0","0.0025","0.29","3","0.5","0.05","1","80","5","8","0","0.5","10","108","293","4.109215017064846"
"2","0","0.0025","0.29","3","0.5","0.05","1","80","5","8","0","0.5","10","117","274","4.182481751824818"
"6","0","0.0025","0.29","3","0.5","0.05","1","80","5","8","0","0.5","10","118","302","4.102649006622516"
"5","0","0.0025","0.29","3","0.5","0.05","1","80","5","8","0","0.5","10","103","299","4.040133779264214"
"6","0","0.0025","0.29","3","0.5","0.05","1","80","5","8","0","0.5","10","119","301","4.102990033222591"
"5","0","0.0025","0.29","3","0.5","0.05","1","80","5","8","0","0.5","10","104","298","4.0369127516778525"
"6","0","0.0025","0.29","3","0.5","0.05","1","80","5","8","0","0.5","10","120","300","4.1033333333333335"
"5","0","0.0025","0.29","3","0.5","0.05","1","80","5","8","0","0.5","10","105","298","4.040268456375839"
"4","0","0.0025","0.29","3","0.5","0.05","1","80","5","8","0","0.5","10","100","316","3.9651898734177213"
"3","0","0.0025","0.29","3","0.5","0.05","1","80","5","8","0","0.5","10","118","316","4.117088607594937"
"2","0","0.0025","0.29","3","0.5","0.05","1","80","5","8","0","0.5","10","118","271","4.177121771217712"
"4","0","0.0025","0.29","3","0.5","0.05","1","80","5","8","0","0.5","10","101","312","3.9711538461538463"
"3","0","0.0025","0.29","3","0.5","0.05","1","80","5","8","0","0.5","10","119","315","4.123809523809523"
"4","0","0.0025","0.29","3","0.5","0.05","1","80","5","8","0","0.5","10","102","311","3.9742765273311895"
"3","0","0.0025","0.29","3","0.5","0.05","1","80","5","8","0","0.5","10","120","315","4.117460317460317"
"5","0","0.0025","0.29","3","0.5","0.05","1","80","5","8","0","0.5","10","106","298","4.0369127516778525"
"2","0","0.0025","0.29","3","0.5","0.05","1","80","5","8","0","0.5","10","119","270","4.17037037037037"
"1","0","0.0025","0.29","3","0.5","0.05","1","80","5","8","0","0.5","10","109","305","3.940983606557377"
"5","0","0.0025","0.29","3","0.5","0.05","1","80","5","8","0","0.5","10","107","298","4.0369127516778525"
"2","0","0.0025","0.29","3","0.5","0.05","1","80","5","8","0","0.5","10","120","270","4.17037037037037"
"7","0","0.0025","0.29","3","0.5","0.05","1","80","5","8","0","0.5","10","0","238","4.025210084033613"
"5","0","0.0025","0.29","3","0.5","0.05","1","80","5","8","0","0.5","10","108","297","4.037037037037037"
"1","0","0.0025","0.29","3","0.5","0.05","1","80","5","8","0","0.5","10","110","304","4.1118421052631575"
"1","0","0.0025","0.29","3","0.5","0.05","1","80","5","8","0","0.5","10","111","303","4.122112211221122"
"8","0","0.0025","0.29","3","0.5","0.05","1","80","5","8","0","0.5","10","0","244","3.9262295081967213"
"7","0","0.0025","0.29","3","0.5","0.05","1","80","5","8","0","0.5","10","1","238","3.995798319327731"
"4","0","0.0025","0.29","3","0.5","0.05","1","80","5","8","0","0.5","10","103","310","3.9741935483870967"
"7","0","0.0025","0.29","3","0.5","0.05","1","80","5","8","0","0.5","10","2","237","4.033755274261603"
"4","0","0.0025","0.29","3","0.5","0.05","1","80","5","8","0","0.5","10","104","308","3.987012987012987"
"7","0","0.0025","0.29","3","0.5","0.05","1","80","5","8","0","0.5","10","3","237","4.025316455696203"
"9","0","0.0025","0.29","3","0.5","0.05","1","80","5","8","0","0.5","10","0","240","3.9875"
"4","0","0.0025","0.29","3","0.5","0.05","1","80","5","8","0","0.5","10","105","307","4"
"8","0","0.0025","0.29","3","0.5","0.05","1","80","5","8","0","0.5","10","1","244","3.9631147540983607"
"5","0","0.0025","0.29","3","0.5","0.05","1","80","5","8","0","0.5","10","109","318","3.770440251572327"
"1","0","0.0025","0.29","3","0.5","0.05","1","80","5","8","0","0.5","10","112","303","4.118811881188119"
"8","0","0.0025","0.29","3","0.5","0.05","1","80","5","8","0","0.5","10","2","243","3.934156378600823"
"8","0","0.0025","0.29","3","0.5","0.05","1","80","5","8","0","0.5","10","3","243","3.94238683127572"
"5","0","0.0025","0.29","3","0.5","0.05","1","80","5","8","0","0.5","10","110","317","4.041009463722397"
"1","0","0.0025","0.29","3","0.5","0.05","1","80","5","8","0","0.5","10","113","301","4.122923588039867"
"7","0","0.0025","0.29","3","0.5","0.05","1","80","5","8","0","0.5","10","4","237","4.033755274261603"
"5","0","0.0025","0.29","3","0.5","0.05","1","80","5","8","0","0.5","10","111","317","4.044164037854889"
"1","0","0.0025","0.29","3","0.5","0.05","1","80","5","8","0","0.5","10","114","300","4.12"
"7","0","0.0025","0.29","3","0.5","0.05","1","80","5","8","0","0.5","10","5","237","4.037974683544304"
"7","0","0.0025","0.29","3","0.5","0.05","1","80","5","8","0","0.5","10","6","236","4.038135593220339"
"9","0","0.0025","0.29","3","0.5","0.05","1","80","5","8","0","0.5","10","1","238","4.033613445378151"
"9","0","0.0025","0.29","3","0.5","0.05","1","80","5","8","0","0.5","10","2","238","4.029411764705882"
"8","0","0.0025","0.29","3","0.5","0.05","1","80","5","8","0","0.5","10","4","243","3.9382716049382718"
"4","0","0.0025","0.29","3","0.5","0.05","1","80","5","8","0","0.5","10","106","306","4"
"8","0","0.0025","0.29","3","0.5","0.05","1","80","5","8","0","0.5","10","5","242","3.9338842975206614"
"4","0","0.0025","0.29","3","0.5","0.05","1","80","5","8","0","0.5","10","107","306","4"
"7","0","0.0025","0.29","3","0.5","0.05","1","80","5","8","0","0.5","10","7","235","4.038297872340426"
"8","0","0.0025","0.29","3","0.5","0.05","1","80","5","8","0","0.5","10","6","242","3.9338842975206614"
"5","0","0.0025","0.29","3","0.5","0.05","1","80","5","8","0","0.5","10","112","316","4.044303797468355"
"4","0","0.0025","0.29","3","0.5","0.05","1","80","5","8","0","0.5","10","108","306","4"
"7","0","0.0025","0.29","3","0.5","0.05","1","80","5","8","0","0.5","10","8","234","4.038461538461538"
"1","0","0.0025","0.29","3","0.5","0.05","1","80","5","8","0","0.5","10","115","299","4.1237458193979935"
"5","0","0.0025","0.29","3","0.5","0.05","1","80","5","8","0","0.5","10","113","315","4.044444444444444"
"7","0","0.0025","0.29","3","0.5","0.05","1","80","5","8","0","0.5","10","9","234","4.038461538461538"
"1","0","0.0025","0.29","3","0.5","0.05","1","80","5","8","0","0.5","10","116","299","4.120401337792642"
"9","0","0.0025","0.29","3","0.5","0.05","1","80","5","8","0","0.5","10","3","238","4.0210084033613445"
"5","0","0.0025","0.29","3","0.5","0.05","1","80","5","8","0","0.5","10","114","311","4.045016077170418"
"1","0","0.0025","0.29","3","0.5","0.05","1","80","5","8","0","0.5","10","117","299","4.127090301003345"
"8","0","0.0025","0.29","3","0.5","0.05","1","80","5","8","0","0.5","10","7","242","3.9338842975206614"
"8","0","0.0025","0.29","3","0.5","0.05","1","80","5","8","0","0.5","10","8","241","3.933609958506224"
"7","0","0.0025","0.29","3","0.5","0.05","1","80","5","8","0","0.5","10","10","234","4.038461538461538"
"9","0","0.0025","0.29","3","0.5","0.05","1","80","5","8","0","0.5","10","4","237","4.0210970464135025"
"8","0","0.0025","0.29","3","0.5","0.05","1","80","5","8","0","0.5","10","9","240","3.933333333333333"
"7","0","0.0025","0.29","3","0.5","0.05","1","80","5","8","0","0.5","10","11","234","4.038461538461538"
"9","0","0.0025","0.29","3","0.5","0.05","1","80","5","8","0","0.5","10","5","236","4.021186440677966"
"7","0","0.0025","0.29","3","0.5","0.05","1","80","5","8","0","0.5","10","12","231","4.038961038961039"
"9","0","0.0025","0.29","3","0.5","0.05","1","80","5","8","0","0.5","10","6","236","4.021186440677966"
"1","0","0.0025","0.29","3","0.5","0.05","1","80","5","8","0","0.5","10","118","298","4.120805369127517"
"4","0","0.0025","0.29","3","0.5","0.05","1","80","5","8","0","0.5","10","109","319","3.8369905956112853"
"1","0","0.0025","0.29","3","0.5","0.05","1","80","5","8","0","0.5","10","119","297","4.124579124579125"
"8","0","0.0025","0.29","3","0.5","0.05","1","80","5","8","0","0.5","10","10","240","3.933333333333333"
"5","0","0.0025","0.29","3","0.5","0.05","1","80","5","8","0","0.5","10","115","309","4.0453074433656955"
"4","0","0.0025","0.29","3","0.5","0.05","1","80","5","8","0","0.5","10","110","319","4.015673981191223"
"8","0","0.0025","0.29","3","0.5","0.05","1","80","5","8","0","0.5","10","11","239","3.933054393305439"
"1","0","0.0025","0.29","3","0.5","0.05","1","80","5","8","0","0.5","10","120","294","4.122448979591836"
"8","0","0.0025","0.29","3","0.5","0.05","1","80","5","8","0","0.5","10","12","238","3.9327731092436973"
"4","0","0.0025","0.29","3","0.5","0.05","1","80","5","8","0","0.5","10","111","318","4.012578616352202"
"9","0","0.0025","0.29","3","0.5","0.05","1","80","5","8","0","0.5","10","7","235","4.0212765957446805"
"5","0","0.0025","0.29","3","0.5","0.05","1","80","5","8","0","0.5","10","116","309","4.0453074433656955"
"9","0","0.0025","0.29","3","0.5","0.05","1","80","5","8","0","0.5","10","8","234","4.021367521367521"
"7","0","0.0025","0.29","3","0.5","0.05","1","80","5","8","0","0.5","10","13","245","3.7918367346938777"
"9","0","0.0025","0.29","3","0.5","0.05","1","80","5","8","0","0.5","10","9","234","4.021367521367521"
"7","0","0.0025","0.29","3","0.5","0.05","1","80","5","8","0","0.5","10","14","244","4.057377049180328"
"5","0","0.0025","0.29","3","0.5","0.05","1","80","5","8","0","0.5","10","117","308","4.045454545454546"
"7","0","0.0025","0.29","3","0.5","0.05","1","80","5","8","0","0.5","10","15","243","4.049382716049383"
"8","0","0.0025","0.29","3","0.5","0.05","1","80","5","8","0","0.5","10","13","252","3.7142857142857144"
"4","0","0.0025","0.29","3","0.5","0.05","1","80","5","8","0","0.5","10","112","316","4.015822784810126"
"8","0","0.0025","0.29","3","0.5","0.05","1","80","5","8","0","0.5","10","14","248","3.935483870967742"
"7","0","0.0025","0.29","3","0.5","0.05","1","80","5","8","0","0.5","10","16","243","4.049382716049383"
"9","0","0.0025","0.29","3","0.5","0.05","1","80","5","8","0","0.5","10","10","234","4.021367521367521"
"4","0","0.0025","0.29","3","0.5","0.05","1","80","5","8","0","0.5","10","113","313","4.012779552715655"
"10","0","0.0025","0.29","3","0.5","0.05","1","80","5","8","0","0.5","10","0","246","3.8252032520325203"
"8","0","0.0025","0.29","3","0.5","0.05","1","80","5","8","0","0.5","10","15","248","3.943548387096774"
"7","0","0.0025","0.29","3","0.5","0.05","1","80","5","8","0","0.5","10","17","241","4.045643153526971"
"9","0","0.0025","0.29","3","0.5","0.05","1","80","5","8","0","0.5","10","11","234","4.021367521367521"
"4","0","0.0025","0.29","3","0.5","0.05","1","80","5","8","0","0.5","10","114","312","4.009615384615385"
"5","0","0.0025","0.29","3","0.5","0.05","1","80","5","8","0","0.5","10","118","307","4.045602605863192"
"7","0","0.0025","0.29","3","0.5","0.05","1","80","5","8","0","0.5","10","18","239","4.041841004184101"
"9","0","0.0025","0.29","3","0.5","0.05","1","80","5","8","0","0.5","10","12","231","4.021645021645021"
"5","0","0.0025","0.29","3","0.5","0.05","1","80","5","8","0","0.5","10","119","306","4.045751633986928"
"5","0","0.0025","0.29","3","0.5","0.05","1","80","5","8","0","0.5","10","120","306","4.045751633986928"
"8","0","0.0025","0.29","3","0.5","0.05","1","80","5","8","0","0.5","10","16","248","3.939516129032258"
"8","0","0.0025","0.29","3","0.5","0.05","1","80","5","8","0","0.5","10","17","247","3.935222672064777"
"7","0","0.0025","0.29","3","0.5","0.05","1","80","5","8","0","0.5","10","19","238","4.042016806722689"
"8","0","0.0025","0.29","3","0.5","0.05","1","80","5","8","0","0.5","10","18","246","3.9390243902439024"
"7","0","0.0025","0.29","3","0.5","0.05","1","80","5","8","0","0.5","10","20","238","4.042016806722689"
"10","0","0.0025","0.29","3","0.5","0.05","1","80","5","8","0","0.5","10","1","246","3.910569105691057"
"7","0","0.0025","0.29","3","0.5","0.05","1","80","5","8","0","0.5","10","21","236","4.0423728813559325"
"4","0","0.0025","0.29","3","0.5","0.05","1","80","5","8","0","0.5","10","115","311","4.009646302250804"
"10","0","0.0025","0.29","3","0.5","0.05","1","80","5","8","0","0.5","10","2","244","3.971311475409836"
"9","0","0.0025","0.29","3","0.5","0.05","1","80","5","8","0","0.5","10","13","242","3.8388429752066116"
"10","0","0.0025","0.29","3","0.5","0.05","1","80","5","8","0","0.5","10","3","243","3.97119341563786"
"9","0","0.0025","0.29","3","0.5","0.05","1","80","5","8","0","0.5","10","14","241","4.016597510373444"
"4","0","0.0025","0.29","3","0.5","0.05","1","80","5","8","0","0.5","10","116","311","4.009646302250804"
"11","5","0.0025","0.29","3","0.5","0.05","1","80","5","8","0","0.5","10","0","228","4.017543859649122"
"8","0","0.0025","0.29","3","0.5","0.05","1","80","5","8","0","0.5","10","19","246","3.934959349593496"
"9","0","0.0025","0.29","3","0.5","0.05","1","80","5","8","0","0.5","10","15","241","4.020746887966805"
"4","0","0.0025","0.29","3","0.5","0.05","1","80","5","8","0","0.5","10","117","310","4.009677419354839"
"8","0","0.0025","0.29","3","0.5","0.05","1","80","5","8","0","0.5","10","20","245","3.9346938775510205"
"7","0","0.0025","0.29","3","0.5","0.05","1","80","5","8","0","0.5","10","22","234","4.042735042735043"
"8","0","0.0025","0.29","3","0.5","0.05","1","80","5","8","0","0.5","10","21","245","3.9346938775510205"
"7","0","0.0025","0.29","3","0.5","0.05","1","80","5","8","0","0.5","10","23","234","4.042735042735043"
"9","0","0.0025","0.29","3","0.5","0.05","1","80","5","8","0","0.5","10","16","240","4.016666666666667"
"7","0","0.0025","0.29","3","0.5","0.05","1","80","5","8","0","0.5","10","24","230","4.043478260869565"
"9","0","0.0025","0.29","3","0.5","0.05","1","80","5","8","0","0.5","10","17","240","4.016666666666667"
"10","0","0.0025","0.29","3","0.5","0.05","1","80","5","8","0","0.5","10","4","242","3.9710743801652892"
"8","0","0.0025","0.29","3","0.5","0.05","1","80","5","8","0","0.5","10","22","242","3.9338842975206614"
"11","5","0.0025","0.29","3","0.5","0.05","1","80","5","8","0","0.5","10","1","228","3.973684210526316"
"8","0","0.0025","0.29","3","0.5","0.05","1","80","5","8","0","0.5","10","23","241","3.933609958506224"
"9","0","0.0025","0.29","3","0.5","0.05","1","80","5","8","0","0.5","10","18","240","4.016666666666667"
"8","0","0.0025","0.29","3","0.5","0.05","1","80","5","8","0","0.5","10","24","241","3.933609958506224"
"10","0","0.0025","0.29","3","0.5","0.05","1","80","5","8","0","0.5","10","5","242","3.975206611570248"
"11","5","0.0025","0.29","3","0.5","0.05","1","80","5","8","0","0.5","10","2","227","3.951541850220264"
"4","0","0.0025","0.29","3","0.5","0.05","1","80","5","8","0","0.5","10","118","306","4.0130718954248366"
"10","0","0.0025","0.29","3","0.5","0.05","1","80","5","8","0","0.5","10","6","241","3.970954356846473"
"11","5","0.0025","0.29","3","0.5","0.05","1","80","5","8","0","0.5","10","3","227","3.960352422907489"
"7","0","0.0025","0.29","3","0.5","0.05","1","80","5","8","0","0.5","10","25","246","3.7804878048780486"
"9","0","0.0025","0.29","3","0.5","0.05","1","80","5","8","0","0.5","10","19","240","4.016666666666667"
"7","0","0.0025","0.29","3","0.5","0.05","1","80","5","8","0","0.5","10","26","245","4.03265306122449"
"9","0","0.0025","0.29","3","0.5","0.05","1","80","5","8","0","0.5","10","20","238","4.016806722689076"
"4","0","0.0025","0.29","3","0.5","0.05","1","80","5","8","0","0.5","10","119","306","4.016339869281046"
"7","0","0.0025","0.29","3","0.5","0.05","1","80","5","8","0","0.5","10","27","244","4.036885245901639"
"8","0","0.0025","0.29","3","0.5","0.05","1","80","5","8","0","0.5","10","25","261","3.632183908045977"
"4","0","0.0025","0.29","3","0.5","0.05","1","80","5","8","0","0.5","10","120","304","4.019736842105263"
"9","0","0.0025","0.29","3","0.5","0.05","1","80","5","8","0","0.5","10","21","237","4.0168776371308015"
"8","0","0.0025","0.29","3","0.5","0.05","1","80","5","8","0","0.5","10","26","260","3.9269230769230767"
"11","5","0.0025","0.29","3","0.5","0.05","1","80","5","8","0","0.5","10","4","227","3.960352422907489"
"8","0","0.0025","0.29","3","0.5","0.05","1","80","5","8","0","0.5","10","27","260","3.9269230769230767"
"10","0","0.0025","0.29","3","0.5","0.05","1","80","5","8","0","0.5","10","7","240","3.975"
"11","5","0.0025","0.29","3","0.5","0.05","1","80","5","8","0","0.5","10","5","226","3.9601769911504423"
"10","0","0.0025","0.29","3","0.5","0.05","1","80","5","8","0","0.5","10","8","240","3.970833333333333"
"7","0","0.0025","0.29","3","0.5","0.05","1","80","5","8","0","0.5","10","28","244","4.036885245901639"
"10","0","0.0025","0.29","3","0.5","0.05","1","80","5","8","0","0.5","10","9","237","3.978902953586498"
"11","5","0.0025","0.29","3","0.5","0.05","1","80","5","8","0","0.5","10","6","226","3.9601769911504423"
"7","0","0.0025","0.29","3","0.5","0.05","1","80","5","8","0","0.5","10","29","243","4.041152263374485"
"9","0","0.0025","0.29","3","0.5","0.05","1","80","5","8","0","0.5","10","22","237","4.0168776371308015"
"7","0","0.0025","0.29","3","0.5","0.05","1","80","5","8","0","0.5","10","30","243","4.041152263374485"
"8","0","0.0025","0.29","3","0.5","0.05","1","80","5","8","0","0.5","10","28","260","3.923076923076923"
"9","0","0.0025","0.29","3","0.5","0.05","1","80","5","8","0","0.5","10","23","235","4.017021276595744"
"8","0","0.0025","0.29","3","0.5","0.05","1","80","5","8","0","0.5","10","29","259","3.918918918918919"
"9","0","0.0025","0.29","3","0.5","0.05","1","80","5","8","0","0.5","10","24","235","4.017021276595744"
"8","0","0.0025","0.29","3","0.5","0.05","1","80","5","8","0","0.5","10","30","259","3.922779922779923"
"7","0","0.0025","0.29","3","0.5","0.05","1","80","5","8","0","0.5","10","31","243","4.041152263374485"
"11","5","0.0025","0.29","3","0.5","0.05","1","80","5","8","0","0.5","10","7","226","3.9601769911504423"
"10","0","0.0025","0.29","3","0.5","0.05","1","80","5","8","0","0.5","10","10","235","3.974468085106383"
"7","0","0.0025","0.29","3","0.5","0.05","1","80","5","8","0","0.5","10","32","241","4.04149377593361"
"10","0","0.0025","0.29","3","0.5","0.05","1","80","5","8","0","0.5","10","11","234","3.9786324786324787"
"7","0","0.0025","0.29","3","0.5","0.05","1","80","5","8","0","0.5","10","33","241","4.04149377593361"
"11","5","0.0025","0.29","3","0.5","0.05","1","80","5","8","0","0.5","10","8","226","3.9601769911504423"
"8","0","0.0025","0.29","3","0.5","0.05","1","80","5","8","0","0.5","10","31","257","3.9260700389105057"
"10","0","0.0025","0.29","3","0.5","0.05","1","80","5","8","0","0.5","10","12","232","3.9827586206896552"
"11","5","0.0025","0.29","3","0.5","0.05","1","80","5","8","0","0.5","10","9","225","3.9644444444444447"
"9","0","0.0025","0.29","3","0.5","0.05","1","80","5","8","0","0.5","10","25","249","3.7590361445783134"
"8","0","0.0025","0.29","3","0.5","0.05","1","80","5","8","0","0.5","10","32","256","3.92578125"
"9","0","0.0025","0.29","3","0.5","0.05","1","80","5","8","0","0.5","10","26","248","3.9919354838709675"
"8","0","0.0025","0.29","3","0.5","0.05","1","80","5","8","0","0.5","10","33","255","3.925490196078431"
"9","0","0.0025","0.29","3","0.5","0.05","1","80","5","8","0","0.5","10","27","248","4"
"7","0","0.0025","0.29","3","0.5","0.05","1","80","5","8","0","0.5","10","34","240","4.041666666666667"
"12","5","0.0025","0.29","3","0.5","0.05","1","80","5","8","0","0.5","10","0","255","4.12156862745098"
"7","0","0.0025","0.29","3","0.5","0.05","1","80","5","8","0","0.5","10","35","239","4.046025104602511"
"11","5","0.0025","0.29","3","0.5","0.05","1","80","5","8","0","0.5","10","10","225","3.9644444444444447"
"7","0","0.0025","0.29","3","0.5","0.05","1","80","5","8","0","0.5","10","36","238","4.046218487394958"
"11","5","0.0025","0.29","3","0.5","0.05","1","80","5","8","0","0.5","10","11","223","3.9641255605381165"
"9","0","0.0025","0.29","3","0.5","0.05","1","80","5","8","0","0.5","10","28","247","3.9959514170040484"
"8","0","0.0025","0.29","3","0.5","0.05","1","80","5","8","0","0.5","10","34","255","3.925490196078431"
"11","5","0.0025","0.29","3","0.5","0.05","1","80","5","8","0","0.5","10","12","222","3.963963963963964"
"8","0","0.0025","0.29","3","0.5","0.05","1","80","5","8","0","0.5","10","35","253","3.924901185770751"
"9","0","0.0025","0.29","3","0.5","0.05","1","80","5","8","0","0.5","10","29","247","3.9959514170040484"
"10","0","0.0025","0.29","3","0.5","0.05","1","80","5","8","0","0.5","10","13","250","3.708"
"8","0","0.0025","0.29","3","0.5","0.05","1","80","5","8","0","0.5","10","36","251","3.9243027888446216"
"9","0","0.0025","0.29","3","0.5","0.05","1","80","5","8","0","0.5","10","30","246","3.9959349593495936"
"12","5","0.0025","0.29","3","0.5","0.05","1","80","5","8","0","0.5","10","1","254","4.035433070866142"
"10","0","0.0025","0.29","3","0.5","0.05","1","80","5","8","0","0.5","10","14","249","4.004016064257028"
"12","5","0.0025","0.29","3","0.5","0.05","1","80","5","8","0","0.5","10","2","254","4.051181102362205"
"10","0","0.0025","0.29","3","0.5","0.05","1","80","5","8","0","0.5","10","15","249","4.004016064257028"
"12","5","0.0025","0.29","3","0.5","0.05","1","80","5","8","0","0.5","10","3","254","4.062992125984252"
"7","0","0.0025","0.29","3","0.5","0.05","1","80","5","8","0","0.5","10","37","251","3.8366533864541834"
"11","5","0.0025","0.29","3","0.5","0.05","1","80","5","8","0","0.5","10","13","233","3.776824034334764"
"7","0","0.0025","0.29","3","0.5","0.05","1","80","5","8","0","0.5","10","38","251","4.039840637450199"
"9","0","0.0025","0.29","3","0.5","0.05","1","80","5","8","0","0.5","10","31","245","3.9959183673469387"
"7","0","0.0025","0.29","3","0.5","0.05","1","80","5","8","0","0.5","10","39","251","4.047808764940239"
"11","5","0.0025","0.29","3","0.5","0.05","1","80","5","8","0","0.5","10","14","233","3.9356223175965663"
"9","0","0.0025","0.29","3","0.5","0.05","1","80","5","8","0","0.5","10","32","245","3.9959183673469387"
"11","5","0.0025","0.29","3","0.5","0.05","1","80","5","8","0","0.5","10","15","233","3.9313304721030042"
"10","0","0.0025","0.29","3","0.5","0.05","1","80","5","8","0","0.5","10","16","246","4"
"9","0","0.0025","0.29","3","0.5","0.05","1","80","5","8","0","0.5","10","33","244","3.9959016393442623"
"8","0","0.0025","0.29","3","0.5","0.05","1","80","5","8","0","0.5","10","37","277","3.5379061371841156"
"12","5","0.0025","0.29","3","0.5","0.05","1","80","5","8","0","0.5","10","4","253","4.063241106719367"
"10","0","0.0025","0.29","3","0.5","0.05","1","80","5","8","0","0.5","10","17","245","4"
"8","0","0.0025","0.29","3","0.5","0.05","1","80","5","8","0","0.5","10","38","277","3.935018050541516"
"7","0","0.0025","0.29","3","0.5","0.05","1","80","5","8","0","0.5","10","40","249","4.048192771084337"
"12","5","0.0025","0.29","3","0.5","0.05","1","80","5","8","0","0.5","10","5","253","4.063241106719367"
"10","0","0.0025","0.29","3","0.5","0.05","1","80","5","8","0","0.5","10","18","244","3.9959016393442623"
"11","5","0.0025","0.29","3","0.5","0.05","1","80","5","8","0","0.5","10","16","233","3.9313304721030042"
"8","0","0.0025","0.29","3","0.5","0.05","1","80","5","8","0","0.5","10","39","277","3.949458483754513"
"7","0","0.0025","0.29","3","0.5","0.05","1","80","5","8","0","0.5","10","41","249","4.048192771084337"
"11","5","0.0025","0.29","3","0.5","0.05","1","80","5","8","0","0.5","10","17","233","3.9313304721030042"
"12","5","0.0025","0.29","3","0.5","0.05","1","80","5","8","0","0.5","10","6","252","4.063492063492063"
"7","0","0.0025","0.29","3","0.5","0.05","1","80","5","8","0","0.5","10","42","248","4.044354838709677"
"9","0","0.0025","0.29","3","0.5","0.05","1","80","5","8","0","0.5","10","34","241","3.995850622406639"
"11","5","0.0025","0.29","3","0.5","0.05","1","80","5","8","0","0.5","10","18","232","3.9310344827586206"
"9","0","0.0025","0.29","3","0.5","0.05","1","80","5","8","0","0.5","10","35","241","3.995850622406639"
"9","0","0.0025","0.29","3","0.5","0.05","1","80","5","8","0","0.5","10","36","241","3.995850622406639"
"8","0","0.0025","0.29","3","0.5","0.05","1","80","5","8","0","0.5","10","40","274","3.9416058394160585"
"11","5","0.0025","0.29","3","0.5","0.05","1","80","5","8","0","0.5","10","19","232","3.9310344827586206"
"10","0","0.0025","0.29","3","0.5","0.05","1","80","5","8","0","0.5","10","19","242","3.987603305785124"
"7","0","0.0025","0.29","3","0.5","0.05","1","80","5","8","0","0.5","10","43","248","4.044354838709677"
"8","0","0.0025","0.29","3","0.5","0.05","1","80","5","8","0","0.5","10","41","270","3.933333333333333"
"11","5","0.0025","0.29","3","0.5","0.05","1","80","5","8","0","0.5","10","20","231","3.935064935064935"
"12","5","0.0025","0.29","3","0.5","0.05","1","80","5","8","0","0.5","10","7","252","4.063492063492063"
"10","0","0.0025","0.29","3","0.5","0.05","1","80","5","8","0","0.5","10","20","241","3.983402489626556"
"7","0","0.0025","0.29","3","0.5","0.05","1","80","5","8","0","0.5","10","44","247","4.044534412955466"
"11","5","0.0025","0.29","3","0.5","0.05","1","80","5","8","0","0.5","10","21","231","3.9393939393939394"
"8","0","0.0025","0.29","3","0.5","0.05","1","80","5","8","0","0.5","10","42","270","3.9296296296296296"
"12","5","0.0025","0.29","3","0.5","0.05","1","80","5","8","0","0.5","10","8","252","4.063492063492063"
"7","0","0.0025","0.29","3","0.5","0.05","1","80","5","8","0","0.5","10","45","246","4.044715447154472"
"10","0","0.0025","0.29","3","0.5","0.05","1","80","5","8","0","0.5","10","21","239","3.98326359832636"
"12","5","0.0025","0.29","3","0.5","0.05","1","80","5","8","0","0.5","10","9","252","4.063492063492063"
"11","5","0.0025","0.29","3","0.5","0.05","1","80","5","8","0","0.5","10","22","229","3.938864628820961"
"7","0","0.0025","0.29","3","0.5","0.05","1","80","5","8","0","0.5","10","46","246","4.044715447154472"
"9","0","0.0025","0.29","3","0.5","0.05","1","80","5","8","0","0.5","10","37","257","3.7315175097276265"
"7","0","0.0025","0.29","3","0.5","0.05","1","80","5","8","0","0.5","10","47","245","4.044897959183674"
"9","0","0.0025","0.29","3","0.5","0.05","1","80","5","8","0","0.5","10","38","256","4"
"8","0","0.0025","0.29","3","0.5","0.05","1","80","5","8","0","0.5","10","43","269","3.929368029739777"
"7","0","0.0025","0.29","3","0.5","0.05","1","80","5","8","0","0.5","10","48","245","4.044897959183674"
"10","0","0.0025","0.29","3","0.5","0.05","1","80","5","8","0","0.5","10","22","236","3.983050847457627"
"12","5","0.0025","0.29","3","0.5","0.05","1","80","5","8","0","0.5","10","10","252","4.063492063492063"
"11","5","0.0025","0.29","3","0.5","0.05","1","80","5","8","0","0.5","10","23","227","3.9383259911894273"
"9","0","0.0025","0.29","3","0.5","0.05","1","80","5","8","0","0.5","10","39","255","3.988235294117647"
"8","0","0.0025","0.29","3","0.5","0.05","1","80","5","8","0","0.5","10","44","269","3.929368029739777"
"11","5","0.0025","0.29","3","0.5","0.05","1","80","5","8","0","0.5","10","24","226","3.938053097345133"
"12","5","0.0025","0.29","3","0.5","0.05","1","80","5","8","0","0.5","10","11","251","4.063745019920319"
"10","0","0.0025","0.29","3","0.5","0.05","1","80","5","8","0","0.5","10","23","234","3.982905982905983"
"8","0","0.0025","0.29","3","0.5","0.05","1","80","5","8","0","0.5","10","45","268","3.9291044776119404"
"12","5","0.0025","0.29","3","0.5","0.05","1","80","5","8","0","0.5","10","12","251","4.063745019920319"
"10","0","0.0025","0.29","3","0.5","0.05","1","80","5","8","0","0.5","10","24","234","3.982905982905983"
"9","0","0.0025","0.29","3","0.5","0.05","1","80","5","8","0","0.5","10","40","254","3.9921259842519685"
"7","0","0.0025","0.29","3","0.5","0.05","1","80","5","8","0","0.5","10","49","260","3.796153846153846"
"9","0","0.0025","0.29","3","0.5","0.05","1","80","5","8","0","0.5","10","41","254","3.9921259842519685"
"7","0","0.0025","0.29","3","0.5","0.05","1","80","5","8","0","0.5","10","50","257","4.042801556420233"
"9","0","0.0025","0.29","3","0.5","0.05","1","80","5","8","0","0.5","10","42","254","3.9921259842519685"
"11","5","0.0025","0.29","3","0.5","0.05","1","80","5","8","0","0.5","10","25","247","3.603238866396761"
"8","0","0.0025","0.29","3","0.5","0.05","1","80","5","8","0","0.5","10","46","266","3.9285714285714284"
"7","0","0.0025","0.29","3","0.5","0.05","1","80","5","8","0","0.5","10","51","257","4.046692607003891"
"12","5","0.0025","0.29","3","0.5","0.05","1","80","5","8","0","0.5","10","13","255","4"
"11","5","0.0025","0.29","3","0.5","0.05","1","80","5","8","0","0.5","10","26","245","3.9346938775510205"
"8","0","0.0025","0.29","3","0.5","0.05","1","80","5","8","0","0.5","10","47","266","3.9285714285714284"
"12","5","0.0025","0.29","3","0.5","0.05","1","80","5","8","0","0.5","10","14","254","4.062992125984252"
"11","5","0.0025","0.29","3","0.5","0.05","1","80","5","8","0","0.5","10","27","244","3.9221311475409837"
"8","0","0.0025","0.29","3","0.5","0.05","1","80","5","8","0","0.5","10","48","266","3.9285714285714284"
"12","5","0.0025","0.29","3","0.5","0.05","1","80","5","8","0","0.5","10","15","253","4.071146245059288"
"9","0","0.0025","0.29","3","0.5","0.05","1","80","5","8","0","0.5","10","43","254","3.9921259842519685"
"10","0","0.0025","0.29","3","0.5","0.05","1","80","5","8","0","0.5","10","25","247","3.7246963562753037"
"9","0","0.0025","0.29","3","0.5","0.05","1","80","5","8","0","0.5","10","44","253","3.992094861660079"
"10","0","0.0025","0.29","3","0.5","0.05","1","80","5","8","0","0.5","10","26","246","3.959349593495935"
"7","0","0.0025","0.29","3","0.5","0.05","1","80","5","8","0","0.5","10","52","255","4.03921568627451"
"9","0","0.0025","0.29","3","0.5","0.05","1","80","5","8","0","0.5","10","45","252","3.992063492063492"
"7","0","0.0025","0.29","3","0.5","0.05","1","80","5","8","0","0.5","10","53","255","4.03921568627451"
"10","0","0.0025","0.29","3","0.5","0.05","1","80","5","8","0","0.5","10","27","246","3.9552845528455283"
"11","5","0.0025","0.29","3","0.5","0.05","1","80","5","8","0","0.5","10","28","244","3.9221311475409837"
"7","0","0.0025","0.29","3","0.5","0.05","1","80","5","8","0","0.5","10","54","255","4.043137254901961"
"12","5","0.0025","0.29","3","0.5","0.05","1","80","5","8","0","0.5","10","16","252","4.063492063492063"
"11","5","0.0025","0.29","3","0.5","0.05","1","80","5","8","0","0.5","10","29","244","3.9221311475409837"
"12","5","0.0025","0.29","3","0.5","0.05","1","80","5","8","0","0.5","10","17","250","4.06"
"11","5","0.0025","0.29","3","0.5","0.05","1","80","5","8","0","0.5","10","30","244","3.9221311475409837"
"9","0","0.0025","0.29","3","0.5","0.05","1","80","5","8","0","0.5","10","46","252","3.992063492063492"
"12","5","0.0025","0.29","3","0.5","0.05","1","80","5","8","0","0.5","10","18","249","4.0602409638554215"
"8","0","0.0025","0.29","3","0.5","0.05","1","80","5","8","0","0.5","10","49","281","3.718861209964413"
"10","0","0.0025","0.29","3","0.5","0.05","1","80","5","8","0","0.5","10","28","244","3.959016393442623"
"9","0","0.0025","0.29","3","0.5","0.05","1","80","5","8","0","0.5","10","47","250","3.992"
"7","0","0.0025","0.29","3","0.5","0.05","1","80","5","8","0","0.5","10","55","255","4.03921568627451"
"8","0","0.0025","0.29","3","0.5","0.05","1","80","5","8","0","0.5","10","50","281","3.9288256227758005"
"10","0","0.0025","0.29","3","0.5","0.05","1","80","5","8","0","0.5","10","29","244","3.959016393442623"
"7","0","0.0025","0.29","3","0.5","0.05","1","80","5","8","0","0.5","10","56","255","4.03921568627451"
"9","0","0.0025","0.29","3","0.5","0.05","1","80","5","8","0","0.5","10","48","250","3.992"
"8","0","0.0025","0.29","3","0.5","0.05","1","80","5","8","0","0.5","10","51","280","3.932142857142857"
"10","0","0.0025","0.29","3","0.5","0.05","1","80","5","8","0","0.5","10","30","244","3.959016393442623"
"7","0","0.0025","0.29","3","0.5","0.05","1","80","5","8","0","0.5","10","57","254","4.043307086614173"
"11","5","0.0025","0.29","3","0.5","0.05","1","80","5","8","0","0.5","10","31","244","3.9221311475409837"
"12","5","0.0025","0.29","3","0.5","0.05","1","80","5","8","0","0.5","10","19","247","4.05668016194332"
"11","5","0.0025","0.29","3","0.5","0.05","1","80","5","8","0","0.5","10","32","243","3.921810699588477"
"12","5","0.0025","0.29","3","0.5","0.05","1","80","5","8","0","0.5","10","20","246","4.056910569105691"
"11","5","0.0025","0.29","3","0.5","0.05","1","80","5","8","0","0.5","10","33","242","3.9214876033057853"
"10","0","0.0025","0.29","3","0.5","0.05","1","80","5","8","0","0.5","10","31","243","3.9588477366255144"
"12","5","0.0025","0.29","3","0.5","0.05","1","80","5","8","0","0.5","10","21","246","4.056910569105691"
"10","0","0.0025","0.29","3","0.5","0.05","1","80","5","8","0","0.5","10","32","243","3.9588477366255144"
"7","0","0.0025","0.29","3","0.5","0.05","1","80","5","8","0","0.5","10","58","254","4.039370078740157"
"8","0","0.0025","0.29","3","0.5","0.05","1","80","5","8","0","0.5","10","52","280","3.932142857142857"
"7","0","0.0025","0.29","3","0.5","0.05","1","80","5","8","0","0.5","10","59","253","4.047430830039525"
"10","0","0.0025","0.29","3","0.5","0.05","1","80","5","8","0","0.5","10","33","242","3.958677685950413"
"9","0","0.0025","0.29","3","0.5","0.05","1","80","5","8","0","0.5","10","49","265","3.7660377358490567"
"8","0","0.0025","0.29","3","0.5","0.05","1","80","5","8","0","0.5","10","53","280","3.932142857142857"
"11","5","0.0025","0.29","3","0.5","0.05","1","80","5","8","0","0.5","10","34","242","3.9214876033057853"
"7","0","0.0025","0.29","3","0.5","0.05","1","80","5","8","0","0.5","10","60","252","4.0396825396825395"
"9","0","0.0025","0.29","3","0.5","0.05","1","80","5","8","0","0.5","10","50","264","3.981060606060606"
"8","0","0.0025","0.29","3","0.5","0.05","1","80","5","8","0","0.5","10","54","278","3.931654676258993"
"11","5","0.0025","0.29","3","0.5","0.05","1","80","5","8","0","0.5","10","35","242","3.9214876033057853"
"12","5","0.0025","0.29","3","0.5","0.05","1","80","5","8","0","0.5","10","22","243","4.05761316872428"
"9","0","0.0025","0.29","3","0.5","0.05","1","80","5","8","0","0.5","10","51","261","3.9770114942528734"
"11","5","0.0025","0.29","3","0.5","0.05","1","80","5","8","0","0.5","10","36","242","3.9214876033057853"
"12","5","0.0025","0.29","3","0.5","0.05","1","80","5","8","0","0.5","10","23","241","4.058091286307054"
"12","5","0.0025","0.29","3","0.5","0.05","1","80","5","8","0","0.5","10","24","239","4.066945606694561"
"10","0","0.0025","0.29","3","0.5","0.05","1","80","5","8","0","0.5","10","34","242","3.958677685950413"
"8","0","0.0025","0.29","3","0.5","0.05","1","80","5","8","0","0.5","10","55","277","3.931407942238267"
"10","0","0.0025","0.29","3","0.5","0.05","1","80","5","8","0","0.5","10","35","242","3.958677685950413"
"8","0","0.0025","0.29","3","0.5","0.05","1","80","5","8","0","0.5","10","56","277","3.927797833935018"
"10","0","0.0025","0.29","3","0.5","0.05","1","80","5","8","0","0.5","10","36","241","3.95850622406639"
"9","0","0.0025","0.29","3","0.5","0.05","1","80","5","8","0","0.5","10","52","260","3.9884615384615385"
"7","0","0.0025","0.29","3","0.5","0.05","1","80","5","8","0","0.5","10","61","275","3.6945454545454544"
"8","0","0.0025","0.29","3","0.5","0.05","1","80","5","8","0","0.5","10","57","277","3.931407942238267"
"9","0","0.0025","0.29","3","0.5","0.05","1","80","5","8","0","0.5","10","53","260","3.9923076923076923"
"7","0","0.0025","0.29","3","0.5","0.05","1","80","5","8","0","0.5","10","62","273","4.021978021978022"
"11","5","0.0025","0.29","3","0.5","0.05","1","80","5","8","0","0.5","10","37","251","3.733067729083665"
"7","0","0.0025","0.29","3","0.5","0.05","1","80","5","8","0","0.5","10","63","270","4.04074074074074"
"9","0","0.0025","0.29","3","0.5","0.05","1","80","5","8","0","0.5","10","54","256","3.9921875"
"11","5","0.0025","0.29","3","0.5","0.05","1","80","5","8","0","0.5","10","38","251","3.9243027888446216"
"11","5","0.0025","0.29","3","0.5","0.05","1","80","5","8","0","0.5","10","39","251","3.9243027888446216"
"12","5","0.0025","0.29","3","0.5","0.05","1","80","5","8","0","0.5","10","25","256","3.8046875"
"8","0","0.0025","0.29","3","0.5","0.05","1","80","5","8","0","0.5","10","58","275","3.9272727272727272"
"12","5","0.0025","0.29","3","0.5","0.05","1","80","5","8","0","0.5","10","26","254","4.062992125984252"
"8","0","0.0025","0.29","3","0.5","0.05","1","80","5","8","0","0.5","10","59","275","3.9272727272727272"
"12","5","0.0025","0.29","3","0.5","0.05","1","80","5","8","0","0.5","10","27","253","4.059288537549407"
"10","0","0.0025","0.29","3","0.5","0.05","1","80","5","8","0","0.5","10","37","258","3.682170542635659"
"8","0","0.0025","0.29","3","0.5","0.05","1","80","5","8","0","0.5","10","60","274","3.927007299270073"
"11","5","0.0025","0.29","3","0.5","0.05","1","80","5","8","0","0.5","10","40","250","3.924"
"10","0","0.0025","0.29","3","0.5","0.05","1","80","5","8","0","0.5","10","38","258","3.9767441860465116"
"7","0","0.0025","0.29","3","0.5","0.05","1","80","5","8","0","0.5","10","64","270","4.048148148148148"
"9","0","0.0025","0.29","3","0.5","0.05","1","80","5","8","0","0.5","10","55","255","3.992156862745098"
"11","5","0.0025","0.29","3","0.5","0.05","1","80","5","8","0","0.5","10","41","250","3.92"
"10","0","0.0025","0.29","3","0.5","0.05","1","80","5","8","0","0.5","10","39","257","3.9610894941634243"
"7","0","0.0025","0.29","3","0.5","0.05","1","80","5","8","0","0.5","10","65","270","4.044444444444444"
"9","0","0.0025","0.29","3","0.5","0.05","1","80","5","8","0","0.5","10","56","255","3.992156862745098"
"11","5","0.0025","0.29","3","0.5","0.05","1","80","5","8","0","0.5","10","42","247","3.919028340080972"
"7","0","0.0025","0.29","3","0.5","0.05","1","80","5","8","0","0.5","10","66","270","4.048148148148148"
"9","0","0.0025","0.29","3","0.5","0.05","1","80","5","8","0","0.5","10","57","254","3.9921259842519685"
"12","5","0.0025","0.29","3","0.5","0.05","1","80","5","8","0","0.5","10","28","253","4.059288537549407"
"12","5","0.0025","0.29","3","0.5","0.05","1","80","5","8","0","0.5","10","29","252","4.059523809523809"
"12","5","0.0025","0.29","3","0.5","0.05","1","80","5","8","0","0.5","10","30","251","4.055776892430279"
"10","0","0.0025","0.29","3","0.5","0.05","1","80","5","8","0","0.5","10","40","255","3.9568627450980394"
"8","0","0.0025","0.29","3","0.5","0.05","1","80","5","8","0","0.5","10","61","283","3.7879858657243815"
"7","0","0.0025","0.29","3","0.5","0.05","1","80","5","8","0","0.5","10","67","268","4.044776119402985"
"11","5","0.0025","0.29","3","0.5","0.05","1","80","5","8","0","0.5","10","43","246","3.9227642276422765"
"8","0","0.0025","0.29","3","0.5","0.05","1","80","5","8","0","0.5","10","62","283","3.9363957597173145"
"10","0","0.0025","0.29","3","0.5","0.05","1","80","5","8","0","0.5","10","41","252","3.9603174603174605"
"11","5","0.0025","0.29","3","0.5","0.05","1","80","5","8","0","0.5","10","44","245","3.9224489795918367"
"7","0","0.0025","0.29","3","0.5","0.05","1","80","5","8","0","0.5","10","68","268","4.048507462686567"
"8","0","0.0025","0.29","3","0.5","0.05","1","80","5","8","0","0.5","10","63","283","3.932862190812721"
"10","0","0.0025","0.29","3","0.5","0.05","1","80","5","8","0","0.5","10","42","252","3.9563492063492065"
"9","0","0.0025","0.29","3","0.5","0.05","1","80","5","8","0","0.5","10","58","254","3.9921259842519685"
"11","5","0.0025","0.29","3","0.5","0.05","1","80","5","8","0","0.5","10","45","244","3.9221311475409837"
"7","0","0.0025","0.29","3","0.5","0.05","1","80","5","8","0","0.5","10","69","268","4.044776119402985"
"12","5","0.0025","0.29","3","0.5","0.05","1","80","5","8","0","0.5","10","31","249","4.0602409638554215"
"9","0","0.0025","0.29","3","0.5","0.05","1","80","5","8","0","0.5","10","59","253","3.992094861660079"
"12","5","0.0025","0.29","3","0.5","0.05","1","80","5","8","0","0.5","10","32","248","4.064516129032258"
"9","0","0.0025","0.29","3","0.5","0.05","1","80","5","8","0","0.5","10","60","253","3.992094861660079"
"12","5","0.0025","0.29","3","0.5","0.05","1","80","5","8","0","0.5","10","33","247","4.064777327935222"
"8","0","0.0025","0.29","3","0.5","0.05","1","80","5","8","0","0.5","10","64","282","3.925531914893617"
"11","5","0.0025","0.29","3","0.5","0.05","1","80","5","8","0","0.5","10","46","242","3.9214876033057853"
"7","0","0.0025","0.29","3","0.5","0.05","1","80","5","8","0","0.5","10","70","267","4.048689138576779"
"10","0","0.0025","0.29","3","0.5","0.05","1","80","5","8","0","0.5","10","43","252","3.9603174603174605"
"8","0","0.0025","0.29","3","0.5","0.05","1","80","5","8","0","0.5","10","65","282","3.925531914893617"
"7","0","0.0025","0.29","3","0.5","0.05","1","80","5","8","0","0.5","10","71","267","4.044943820224719"
"11","5","0.0025","0.29","3","0.5","0.05","1","80","5","8","0","0.5","10","47","241","3.921161825726141"
"10","0","0.0025","0.29","3","0.5","0.05","1","80","5","8","0","0.5","10","44","250","3.956"
"8","0","0.0025","0.29","3","0.5","0.05","1","80","5","8","0","0.5","10","66","279","3.924731182795699"
"11","5","0.0025","0.29","3","0.5","0.05","1","80","5","8","0","0.5","10","48","240","3.9208333333333334"
"7","0","0.0025","0.29","3","0.5","0.05","1","80","5","8","0","0.5","10","72","267","4.048689138576779"
"10","0","0.0025","0.29","3","0.5","0.05","1","80","5","8","0","0.5","10","45","248","3.9596774193548385"
"12","5","0.0025","0.29","3","0.5","0.05","1","80","5","8","0","0.5","10","34","246","4.065040650406504"
"12","5","0.0025","0.29","3","0.5","0.05","1","80","5","8","0","0.5","10","35","246","4.065040650406504"
"9","0","0.0025","0.29","3","0.5","0.05","1","80","5","8","0","0.5","10","61","263","3.840304182509506"
"12","5","0.0025","0.29","3","0.5","0.05","1","80","5","8","0","0.5","10","36","244","4.061475409836065"
"9","0","0.0025","0.29","3","0.5","0.05","1","80","5","8","0","0.5","10","62","263","3.96958174904943"
"9","0","0.0025","0.29","3","0.5","0.05","1","80","5","8","0","0.5","10","63","261","3.9616858237547894"
"8","0","0.0025","0.29","3","0.5","0.05","1","80","5","8","0","0.5","10","67","279","3.924731182795699"
"8","0","0.0025","0.29","3","0.5","0.05","1","80","5","8","0","0.5","10","68","277","3.9241877256317688"
"10","0","0.0025","0.29","3","0.5","0.05","1","80","5","8","0","0.5","10","46","247","3.9554655870445345"
"11","5","0.0025","0.29","3","0.5","0.05","1","80","5","8","0","0.5","10","49","249","3.7630522088353415"
"8","0","0.0025","0.29","3","0.5","0.05","1","80","5","8","0","0.5","10","69","276","3.9239130434782608"
"10","0","0.0025","0.29","3","0.5","0.05","1","80","5","8","0","0.5","10","47","247","3.9595141700404857"
"7","0","0.0025","0.29","3","0.5","0.05","1","80","5","8","0","0.5","10","73","285","3.789473684210526"
"11","5","0.0025","0.29","3","0.5","0.05","1","80","5","8","0","0.5","10","50","248","3.911290322580645"
"10","0","0.0025","0.29","3","0.5","0.05","1","80","5","8","0","0.5","10","48","246","3.9552845528455283"
"7","0","0.0025","0.29","3","0.5","0.05","1","80","5","8","0","0.5","10","74","283","4.060070671378092"
"9","0","0.0025","0.29","3","0.5","0.05","1","80","5","8","0","0.5","10","64","261","3.9616858237547894"
"11","5","0.0025","0.29","3","0.5","0.05","1","80","5","8","0","0.5","10","51","248","3.9153225806451615"
"7","0","0.0025","0.29","3","0.5","0.05","1","80","5","8","0","0.5","10","75","280","4.046428571428572"
"9","0","0.0025","0.29","3","0.5","0.05","1","80","5","8","0","0.5","10","65","261","3.9616858237547894"
"12","5","0.0025","0.29","3","0.5","0.05","1","80","5","8","0","0.5","10","37","271","3.6531365313653135"
"9","0","0.0025","0.29","3","0.5","0.05","1","80","5","8","0","0.5","10","66","260","3.9615384615384617"
"12","5","0.0025","0.29","3","0.5","0.05","1","80","5","8","0","0.5","10","38","271","4.07380073800738"
"8","0","0.0025","0.29","3","0.5","0.05","1","80","5","8","0","0.5","10","70","275","3.923636363636364"
"12","5","0.0025","0.29","3","0.5","0.05","1","80","5","8","0","0.5","10","39","271","4.070110701107011"
"11","5","0.0025","0.29","3","0.5","0.05","1","80","5","8","0","0.5","10","52","247","3.91497975708502"
"8","0","0.0025","0.29","3","0.5","0.05","1","80","5","8","0","0.5","10","71","274","3.927007299270073"
"11","5","0.0025","0.29","3","0.5","0.05","1","80","5","8","0","0.5","10","53","245","3.9224489795918367"
"7","0","0.0025","0.29","3","0.5","0.05","1","80","5","8","0","0.5","10","76","278","4.046762589928058"
"8","0","0.0025","0.29","3","0.5","0.05","1","80","5","8","0","0.5","10","72","274","3.927007299270073"
"11","5","0.0025","0.29","3","0.5","0.05","1","80","5","8","0","0.5","10","54","244","3.9262295081967213"
"10","0","0.0025","0.29","3","0.5","0.05","1","80","5","8","0","0.5","10","49","269","3.620817843866171"
"9","0","0.0025","0.29","3","0.5","0.05","1","80","5","8","0","0.5","10","67","260","3.9615384615384617"
"7","0","0.0025","0.29","3","0.5","0.05","1","80","5","8","0","0.5","10","77","275","4.043636363636364"
"10","0","0.0025","0.29","3","0.5","0.05","1","80","5","8","0","0.5","10","50","269","3.9479553903345725"
"9","0","0.0025","0.29","3","0.5","0.05","1","80","5","8","0","0.5","10","68","260","3.9615384615384617"
"7","0","0.0025","0.29","3","0.5","0.05","1","80","5","8","0","0.5","10","78","274","4.047445255474453"
"12","5","0.0025","0.29","3","0.5","0.05","1","80","5","8","0","0.5","10","40","271","4.070110701107011"
"9","0","0.0025","0.29","3","0.5","0.05","1","80","5","8","0","0.5","10","69","260","3.9615384615384617"
"12","5","0.0025","0.29","3","0.5","0.05","1","80","5","8","0","0.5","10","41","271","4.070110701107011"
"10","0","0.0025","0.29","3","0.5","0.05","1","80","5","8","0","0.5","10","51","268","3.9477611940298507"
"12","5","0.0025","0.29","3","0.5","0.05","1","80","5","8","0","0.5","10","42","270","4.07037037037037"
"11","5","0.0025","0.29","3","0.5","0.05","1","80","5","8","0","0.5","10","55","241","3.933609958506224"
"11","5","0.0025","0.29","3","0.5","0.05","1","80","5","8","0","0.5","10","56","241","3.933609958506224"
"9","0","0.0025","0.29","3","0.5","0.05","1","80","5","8","0","0.5","10","70","260","3.9615384615384617"
"8","0","0.0025","0.29","3","0.5","0.05","1","80","5","8","0","0.5","10","73","289","3.685121107266436"
"11","5","0.0025","0.29","3","0.5","0.05","1","80","5","8","0","0.5","10","57","240","3.933333333333333"
"9","0","0.0025","0.29","3","0.5","0.05","1","80","5","8","0","0.5","10","71","259","3.9575289575289574"
"7","0","0.0025","0.29","3","0.5","0.05","1","80","5","8","0","0.5","10","79","273","4.0366300366300365"
"10","0","0.0025","0.29","3","0.5","0.05","1","80","5","8","0","0.5","10","52","267","3.947565543071161"
"8","0","0.0025","0.29","3","0.5","0.05","1","80","5","8","0","0.5","10","74","289","3.916955017301038"
"12","5","0.0025","0.29","3","0.5","0.05","1","80","5","8","0","0.5","10","43","269","4.070631970260223"
"7","0","0.0025","0.29","3","0.5","0.05","1","80","5","8","0","0.5","10","80","273","4.029304029304029"
"9","0","0.0025","0.29","3","0.5","0.05","1","80","5","8","0","0.5","10","72","259","3.9536679536679538"
"10","0","0.0025","0.29","3","0.5","0.05","1","80","5","8","0","0.5","10","53","267","3.947565543071161"
"8","0","0.0025","0.29","3","0.5","0.05","1","80","5","8","0","0.5","10","75","289","3.9238754325259517"
"12","5","0.0025","0.29","3","0.5","0.05","1","80","5","8","0","0.5","10","44","268","4.074626865671642"
"7","0","0.0025","0.29","3","0.5","0.05","1","80","5","8","0","0.5","10","81","272","4.029411764705882"
"10","0","0.0025","0.29","3","0.5","0.05","1","80","5","8","0","0.5","10","54","266","3.9473684210526314"
"12","5","0.0025","0.29","3","0.5","0.05","1","80","5","8","0","0.5","10","45","267","4.074906367041199"
"11","5","0.0025","0.29","3","0.5","0.05","1","80","5","8","0","0.5","10","58","238","3.936974789915966"
"7","0","0.0025","0.29","3","0.5","0.05","1","80","5","8","0","0.5","10","82","270","4.033333333333333"
"8","0","0.0025","0.29","3","0.5","0.05","1","80","5","8","0","0.5","10","76","289","3.9273356401384083"
"11","5","0.0025","0.29","3","0.5","0.05","1","80","5","8","0","0.5","10","59","237","3.932489451476793"
"10","0","0.0025","0.29","3","0.5","0.05","1","80","5","8","0","0.5","10","55","266","3.9473684210526314"
"8","0","0.0025","0.29","3","0.5","0.05","1","80","5","8","0","0.5","10","77","288","3.9305555555555554"
"7","0","0.0025","0.29","3","0.5","0.05","1","80","5","8","0","0.5","10","83","270","4.033333333333333"
"11","5","0.0025","0.29","3","0.5","0.05","1","80","5","8","0","0.5","10","60","237","3.9367088607594938"
"9","0","0.0025","0.29","3","0.5","0.05","1","80","5","8","0","0.5","10","73","270","3.7777777777777777"
"12","5","0.0025","0.29","3","0.5","0.05","1","80","5","8","0","0.5","10","46","267","4.074906367041199"
"10","0","0.0025","0.29","3","0.5","0.05","1","80","5","8","0","0.5","10","56","265","3.9471698113207547"
"7","0","0.0025","0.29","3","0.5","0.05","1","80","5","8","0","0.5","10","84","270","4.033333333333333"
"8","0","0.0025","0.29","3","0.5","0.05","1","80","5","8","0","0.5","10","78","288","3.9305555555555554"
"9","0","0.0025","0.29","3","0.5","0.05","1","80","5","8","0","0.5","10","74","269","3.970260223048327"
"12","5","0.0025","0.29","3","0.5","0.05","1","80","5","8","0","0.5","10","47","266","4.075187969924812"
"10","0","0.0025","0.29","3","0.5","0.05","1","80","5","8","0","0.5","10","57","263","3.946768060836502"
"9","0","0.0025","0.29","3","0.5","0.05","1","80","5","8","0","0.5","10","75","269","3.970260223048327"
"12","5","0.0025","0.29","3","0.5","0.05","1","80","5","8","0","0.5","10","48","264","4.071969696969697"
"8","0","0.0025","0.29","3","0.5","0.05","1","80","5","8","0","0.5","10","79","286","3.93006993006993"
"11","5","0.0025","0.29","3","0.5","0.05","1","80","5","8","0","0.5","10","61","254","3.6692913385826773"
"8","0","0.0025","0.29","3","0.5","0.05","1","80","5","8","0","0.5","10","80","285","3.9263157894736844"
"9","0","0.0025","0.29","3","0.5","0.05","1","80","5","8","0","0.5","10","76","267","3.966292134831461"
"11","5","0.0025","0.29","3","0.5","0.05","1","80","5","8","0","0.5","10","62","252","3.9563492063492065"
"8","0","0.0025","0.29","3","0.5","0.05","1","80","5","8","0","0.5","10","81","284","3.933098591549296"
"9","0","0.0025","0.29","3","0.5","0.05","1","80","5","8","0","0.5","10","77","267","3.9700374531835205"
"10","0","0.0025","0.29","3","0.5","0.05","1","80","5","8","0","0.5","10","58","263","3.946768060836502"
"11","5","0.0025","0.29","3","0.5","0.05","1","80","5","8","0","0.5","10","63","250","3.96"
"7","0","0.0025","0.29","3","0.5","0.05","1","80","5","8","0","0.5","10","85","288","3.7395833333333335"
"9","0","0.0025","0.29","3","0.5","0.05","1","80","5","8","0","0.5","10","78","266","3.969924812030075"
"10","0","0.0025","0.29","3","0.5","0.05","1","80","5","8","0","0.5","10","59","257","3.953307392996109"
"7","0","0.0025","0.29","3","0.5","0.05","1","80","5","8","0","0.5","10","86","286","4.045454545454546"
"10","0","0.0025","0.29","3","0.5","0.05","1","80","5","8","0","0.5","10","60","257","3.9571984435797667"
"12","5","0.0025","0.29","3","0.5","0.05","1","80","5","8","0","0.5","10","49","272","3.948529411764706"
"7","0","0.0025","0.29","3","0.5","0.05","1","80","5","8","0","0.5","10","87","285","4.045614035087719"
"12","5","0.0025","0.29","3","0.5","0.05","1","80","5","8","0","0.5","10","50","272","4.069852941176471"
"11","5","0.0025","0.29","3","0.5","0.05","1","80","5","8","0","0.5","10","64","250","3.956"
"8","0","0.0025","0.29","3","0.5","0.05","1","80","5","8","0","0.5","10","82","281","3.925266903914591"
"12","5","0.0025","0.29","3","0.5","0.05","1","80","5","8","0","0.5","10","51","272","4.073529411764706"
"11","5","0.0025","0.29","3","0.5","0.05","1","80","5","8","0","0.5","10","65","247","3.9554655870445345"
"8","0","0.0025","0.29","3","0.5","0.05","1","80","5","8","0","0.5","10","83","281","3.9288256227758005"
"9","0","0.0025","0.29","3","0.5","0.05","1","80","5","8","0","0.5","10","79","266","3.969924812030075"
"11","5","0.0025","0.29","3","0.5","0.05","1","80","5","8","0","0.5","10","66","246","3.951219512195122"
"8","0","0.0025","0.29","3","0.5","0.05","1","80","5","8","0","0.5","10","84","281","3.925266903914591"
"9","0","0.0025","0.29","3","0.5","0.05","1","80","5","8","0","0.5","10","80","266","3.973684210526316"
"7","0","0.0025","0.29","3","0.5","0.05","1","80","5","8","0","0.5","10","88","285","4.042105263157895"
"9","0","0.0025","0.29","3","0.5","0.05","1","80","5","8","0","0.5","10","81","265","3.973584905660377"
"7","0","0.0025","0.29","3","0.5","0.05","1","80","5","8","0","0.5","10","89","283","4.049469964664311"
"12","5","0.0025","0.29","3","0.5","0.05","1","80","5","8","0","0.5","10","52","272","4.073529411764706"
"12","5","0.0025","0.29","3","0.5","0.05","1","80","5","8","0","0.5","10","53","271","4.07380073800738"
"7","0","0.0025","0.29","3","0.5","0.05","1","80","5","8","0","0.5","10","90","281","4.0462633451957295"
"11","5","0.0025","0.29","3","0.5","0.05","1","80","5","8","0","0.5","10","67","244","3.94672131147541"
"12","5","0.0025","0.29","3","0.5","0.05","1","80","5","8","0","0.5","10","54","270","4.074074074074074"
"10","0","0.0025","0.29","3","0.5","0.05","1","80","5","8","0","0.5","10","61","276","3.6847826086956523"
"11","5","0.0025","0.29","3","0.5","0.05","1","80","5","8","0","0.5","10","68","243","3.9465020576131686"
"9","0","0.0025","0.29","3","0.5","0.05","1","80","5","8","0","0.5","10","82","264","3.9734848484848486"
"10","0","0.0025","0.29","3","0.5","0.05","1","80","5","8","0","0.5","10","62","273","3.970695970695971"
"11","5","0.0025","0.29","3","0.5","0.05","1","80","5","8","0","0.5","10","69","242","3.946280991735537"
"9","0","0.0025","0.29","3","0.5","0.05","1","80","5","8","0","0.5","10","83","263","3.973384030418251"
"10","0","0.0025","0.29","3","0.5","0.05","1","80","5","8","0","0.5","10","63","271","3.9667896678966788"
"8","0","0.0025","0.29","3","0.5","0.05","1","80","5","8","0","0.5","10","85","289","3.795847750865052"
"9","0","0.0025","0.29","3","0.5","0.05","1","80","5","8","0","0.5","10","84","263","3.973384030418251"
"8","0","0.0025","0.29","3","0.5","0.05","1","80","5","8","0","0.5","10","86","288","3.923611111111111"
"7","0","0.0025","0.29","3","0.5","0.05","1","80","5","8","0","0.5","10","91","277","4.050541516245487"
"12","5","0.0025","0.29","3","0.5","0.05","1","80","5","8","0","0.5","10","55","270","4.074074074074074"
"8","0","0.0025","0.29","3","0.5","0.05","1","80","5","8","0","0.5","10","87","288","3.9131944444444446"
"7","0","0.0025","0.29","3","0.5","0.05","1","80","5","8","0","0.5","10","92","276","4.050724637681159"
"12","5","0.0025","0.29","3","0.5","0.05","1","80","5","8","0","0.5","10","56","267","4.071161048689139"
"7","0","0.0025","0.29","3","0.5","0.05","1","80","5","8","0","0.5","10","93","275","4.050909090909091"
"12","5","0.0025","0.29","3","0.5","0.05","1","80","5","8","0","0.5","10","57","267","4.067415730337078"
"11","5","0.0025","0.29","3","0.5","0.05","1","80","5","8","0","0.5","10","70","241","3.9460580912863072"
"11","5","0.0025","0.29","3","0.5","0.05","1","80","5","8","0","0.5","10","71","241","3.9460580912863072"
"10","0","0.0025","0.29","3","0.5","0.05","1","80","5","8","0","0.5","10","64","271","3.96309963099631"
"11","5","0.0025","0.29","3","0.5","0.05","1","80","5","8","0","0.5","10","72","240","3.9458333333333333"
"8","0","0.0025","0.29","3","0.5","0.05","1","80","5","8","0","0.5","10","88","287","3.9198606271777003"
"8","0","0.0025","0.29","3","0.5","0.05","1","80","5","8","0","0.5","10","89","286","3.9125874125874125"
"10","0","0.0025","0.29","3","0.5","0.05","1","80","5","8","0","0.5","10","65","271","3.9667896678966788"
"8","0","0.0025","0.29","3","0.5","0.05","1","80","5","8","0","0.5","10","90","284","3.9119718309859155"
"9","0","0.0025","0.29","3","0.5","0.05","1","80","5","8","0","0.5","10","85","270","3.825925925925926"
"10","0","0.0025","0.29","3","0.5","0.05","1","80","5","8","0","0.5","10","66","271","3.96309963099631"
"7","0","0.0025","0.29","3","0.5","0.05","1","80","5","8","0","0.5","10","94","274","4.0510948905109485"
"9","0","0.0025","0.29","3","0.5","0.05","1","80","5","8","0","0.5","10","86","270","3.9703703703703703"
"7","0","0.0025","0.29","3","0.5","0.05","1","80","5","8","0","0.5","10","95","273","4.054945054945055"
"9","0","0.0025","0.29","3","0.5","0.05","1","80","5","8","0","0.5","10","87","268","3.970149253731343"
"12","5","0.0025","0.29","3","0.5","0.05","1","80","5","8","0","0.5","10","58","267","4.067415730337078"
"7","0","0.0025","0.29","3","0.5","0.05","1","80","5","8","0","0.5","10","96","273","4.051282051282051"
"12","5","0.0025","0.29","3","0.5","0.05","1","80","5","8","0","0.5","10","59","264","4.068181818181818"
"10","0","0.0025","0.29","3","0.5","0.05","1","80","5","8","0","0.5","10","67","271","3.9667896678966788"
"11","5","0.0025","0.29","3","0.5","0.05","1","80","5","8","0","0.5","10","73","249","3.78714859437751"
"8","0","0.0025","0.29","3","0.5","0.05","1","80","5","8","0","0.5","10","91","282","3.9148936170212765"
"12","5","0.0025","0.29","3","0.5","0.05","1","80","5","8","0","0.5","10","60","263","4.068441064638783"
"11","5","0.0025","0.29","3","0.5","0.05","1","80","5","8","0","0.5","10","74","248","3.971774193548387"
"10","0","0.0025","0.29","3","0.5","0.05","1","80","5","8","0","0.5","10","68","269","3.962825278810409"
"8","0","0.0025","0.29","3","0.5","0.05","1","80","5","8","0","0.5","10","92","281","3.9181494661921707"
"10","0","0.0025","0.29","3","0.5","0.05","1","80","5","8","0","0.5","10","69","267","3.9700374531835205"
"9","0","0.0025","0.29","3","0.5","0.05","1","80","5","8","0","0.5","10","88","264","3.965909090909091"
"8","0","0.0025","0.29","3","0.5","0.05","1","80","5","8","0","0.5","10","93","281","3.9181494661921707"
"11","5","0.0025","0.29","3","0.5","0.05","1","80","5","8","0","0.5","10","75","248","3.975806451612903"
"9","0","0.0025","0.29","3","0.5","0.05","1","80","5","8","0","0.5","10","89","262","3.969465648854962"
"9","0","0.0025","0.29","3","0.5","0.05","1","80","5","8","0","0.5","10","90","261","3.9655172413793105"
"11","5","0.0025","0.29","3","0.5","0.05","1","80","5","8","0","0.5","10","76","246","3.975609756097561"
"7","0","0.0025","0.29","3","0.5","0.05","1","80","5","8","0","0.5","10","97","289","3.8027681660899653"
"11","5","0.0025","0.29","3","0.5","0.05","1","80","5","8","0","0.5","10","77","244","3.9672131147540983"
"7","0","0.0025","0.29","3","0.5","0.05","1","80","5","8","0","0.5","10","98","287","4.031358885017422"
"8","0","0.0025","0.29","3","0.5","0.05","1","80","5","8","0","0.5","10","94","280","3.9178571428571427"
"10","0","0.0025","0.29","3","0.5","0.05","1","80","5","8","0","0.5","10","70","265","3.969811320754717"
"11","5","0.0025","0.29","3","0.5","0.05","1","80","5","8","0","0.5","10","78","242","3.9710743801652892"
"7","0","0.0025","0.29","3","0.5","0.05","1","80","5","8","0","0.5","10","99","285","4.031578947368421"
"12","5","0.0025","0.29","3","0.5","0.05","1","80","5","8","0","0.5","10","61","275","3.8763636363636365"
"8","0","0.0025","0.29","3","0.5","0.05","1","80","5","8","0","0.5","10","95","280","3.9214285714285713"
"10","0","0.0025","0.29","3","0.5","0.05","1","80","5","8","0","0.5","10","71","264","3.9734848484848486"
"12","5","0.0025","0.29","3","0.5","0.05","1","80","5","8","0","0.5","10","62","275","4.090909090909091"
"9","0","0.0025","0.29","3","0.5","0.05","1","80","5","8","0","0.5","10","91","259","3.972972972972973"
"8","0","0.0025","0.29","3","0.5","0.05","1","80","5","8","0","0.5","10","96","278","3.9100719424460433"
"10","0","0.0025","0.29","3","0.5","0.05","1","80","5","8","0","0.5","10","72","263","3.973384030418251"
"12","5","0.0025","0.29","3","0.5","0.05","1","80","5","8","0","0.5","10","63","275","4.087272727272727"
"9","0","0.0025","0.29","3","0.5","0.05","1","80","5","8","0","0.5","10","92","257","3.9688715953307394"
"9","0","0.0025","0.29","3","0.5","0.05","1","80","5","8","0","0.5","10","93","257","3.972762645914397"
"7","0","0.0025","0.29","3","0.5","0.05","1","80","5","8","0","0.5","10","100","285","4.031578947368421"
"11","5","0.0025","0.29","3","0.5","0.05","1","80","5","8","0","0.5","10","79","242","3.9834710743801653"
"12","5","0.0025","0.29","3","0.5","0.05","1","80","5","8","0","0.5","10","64","274","4.087591240875913"
"7","0","0.0025","0.29","3","0.5","0.05","1","80","5","8","0","0.5","10","101","285","4.03859649122807"
"11","5","0.0025","0.29","3","0.5","0.05","1","80","5","8","0","0.5","10","80","242","3.9834710743801653"
"12","5","0.0025","0.29","3","0.5","0.05","1","80","5","8","0","0.5","10","65","273","4.087912087912088"
"7","0","0.0025","0.29","3","0.5","0.05","1","80","5","8","0","0.5","10","102","283","4.03886925795053"
"11","5","0.0025","0.29","3","0.5","0.05","1","80","5","8","0","0.5","10","81","241","3.983402489626556"
"12","5","0.0025","0.29","3","0.5","0.05","1","80","5","8","0","0.5","10","66","272","4.088235294117647"
"9","0","0.0025","0.29","3","0.5","0.05","1","80","5","8","0","0.5","10","94","257","3.9688715953307394"
"8","0","0.0025","0.29","3","0.5","0.05","1","80","5","8","0","0.5","10","97","283","3.791519434628975"
"9","0","0.0025","0.29","3","0.5","0.05","1","80","5","8","0","0.5","10","95","256","3.97265625"
"10","0","0.0025","0.29","3","0.5","0.05","1","80","5","8","0","0.5","10","73","284","3.6795774647887325"
"8","0","0.0025","0.29","3","0.5","0.05","1","80","5","8","0","0.5","10","98","283","3.893992932862191"
"9","0","0.0025","0.29","3","0.5","0.05","1","80","5","8","0","0.5","10","96","256","3.96875"
"10","0","0.0025","0.29","3","0.5","0.05","1","80","5","8","0","0.5","10","74","284","3.98943661971831"
"8","0","0.0025","0.29","3","0.5","0.05","1","80","5","8","0","0.5","10","99","282","3.893617021276596"
"11","5","0.0025","0.29","3","0.5","0.05","1","80","5","8","0","0.5","10","82","240","3.9916666666666667"
"10","0","0.0025","0.29","3","0.5","0.05","1","80","5","8","0","0.5","10","75","284","3.98943661971831"
"7","0","0.0025","0.29","3","0.5","0.05","1","80","5","8","0","0.5","10","103","281","4.039145907473309"
"12","5","0.0025","0.29","3","0.5","0.05","1","80","5","8","0","0.5","10","67","271","4.088560885608856"
"11","5","0.0025","0.29","3","0.5","0.05","1","80","5","8","0","0.5","10","83","237","4.0042194092827"
"7","0","0.0025","0.29","3","0.5","0.05","1","80","5","8","0","0.5","10","104","280","4.039285714285715"
"12","5","0.0025","0.29","3","0.5","0.05","1","80","5","8","0","0.5","10","68","271","4.088560885608856"
"11","5","0.0025","0.29","3","0.5","0.05","1","80","5","8","0","0.5","10","84","237","4.008438818565401"
"7","0","0.0025","0.29","3","0.5","0.05","1","80","5","8","0","0.5","10","105","279","4.039426523297491"
"12","5","0.0025","0.29","3","0.5","0.05","1","80","5","8","0","0.5","10","69","270","4.088888888888889"
"8","0","0.0025","0.29","3","0.5","0.05","1","80","5","8","0","0.5","10","100","281","3.893238434163701"
"10","0","0.0025","0.29","3","0.5","0.05","1","80","5","8","0","0.5","10","76","282","3.9893617021276597"
"9","0","0.0025","0.29","3","0.5","0.05","1","80","5","8","0","0.5","10","97","267","3.7752808988764044"
"8","0","0.0025","0.29","3","0.5","0.05","1","80","5","8","0","0.5","10","101","281","3.893238434163701"
"9","0","0.0025","0.29","3","0.5","0.05","1","80","5","8","0","0.5","10","98","266","3.969924812030075"
"10","0","0.0025","0.29","3","0.5","0.05","1","80","5","8","0","0.5","10","77","279","3.989247311827957"
"8","0","0.0025","0.29","3","0.5","0.05","1","80","5","8","0","0.5","10","102","280","3.892857142857143"
"9","0","0.0025","0.29","3","0.5","0.05","1","80","5","8","0","0.5","10","99","264","3.9696969696969697"
"10","0","0.0025","0.29","3","0.5","0.05","1","80","5","8","0","0.5","10","78","277","3.9891696750902526"
"12","5","0.0025","0.29","3","0.5","0.05","1","80","5","8","0","0.5","10","70","267","4.089887640449438"
"11","5","0.0025","0.29","3","0.5","0.05","1","80","5","8","0","0.5","10","85","258","3.682170542635659"
"7","0","0.0025","0.29","3","0.5","0.05","1","80","5","8","0","0.5","10","106","278","4.039568345323741"
"12","5","0.0025","0.29","3","0.5","0.05","1","80","5","8","0","0.5","10","71","267","4.089887640449438"
"7","0","0.0025","0.29","3","0.5","0.05","1","80","5","8","0","0.5","10","107","277","4.036101083032491"
"11","5","0.0025","0.29","3","0.5","0.05","1","80","5","8","0","0.5","10","86","256","3.984375"
"12","5","0.0025","0.29","3","0.5","0.05","1","80","5","8","0","0.5","10","72","267","4.089887640449438"
"7","0","0.0025","0.29","3","0.5","0.05","1","80","5","8","0","0.5","10","108","277","4.036101083032491"
"11","5","0.0025","0.29","3","0.5","0.05","1","80","5","8","0","0.5","10","87","256","3.9921875"
"9","0","0.0025","0.29","3","0.5","0.05","1","80","5","8","0","0.5","10","100","261","3.9655172413793105"
"8","0","0.0025","0.29","3","0.5","0.05","1","80","5","8","0","0.5","10","103","279","3.8960573476702507"
"9","0","0.0025","0.29","3","0.5","0.05","1","80","5","8","0","0.5","10","101","261","3.9578544061302683"
"8","0","0.0025","0.29","3","0.5","0.05","1","80","5","8","0","0.5","10","104","276","3.8949275362318843"
"10","0","0.0025","0.29","3","0.5","0.05","1","80","5","8","0","0.5","10","79","275","3.9890909090909092"
"9","0","0.0025","0.29","3","0.5","0.05","1","80","5","8","0","0.5","10","102","260","3.9653846153846155"
"8","0","0.0025","0.29","3","0.5","0.05","1","80","5","8","0","0.5","10","105","276","3.8949275362318843"
"10","0","0.0025","0.29","3","0.5","0.05","1","80","5","8","0","0.5","10","80","275","3.9890909090909092"
"11","5","0.0025","0.29","3","0.5","0.05","1","80","5","8","0","0.5","10","88","255","3.996078431372549"
"10","0","0.0025","0.29","3","0.5","0.05","1","80","5","8","0","0.5","10","81","275","3.9890909090909092"
"11","5","0.0025","0.29","3","0.5","0.05","1","80","5","8","0","0.5","10","89","254","3.9960629921259843"
"11","5","0.0025","0.29","3","0.5","0.05","1","80","5","8","0","0.5","10","90","254","4"
"7","0","0.0025","0.29","3","0.5","0.05","1","80","5","8","0","0.5","10","109","297","3.7643097643097643"
"12","5","0.0025","0.29","3","0.5","0.05","1","80","5","8","0","0.5","10","73","280","3.857142857142857"
"9","0","0.0025","0.29","3","0.5","0.05","1","80","5","8","0","0.5","10","103","259","3.969111969111969"
"7","0","0.0025","0.29","3","0.5","0.05","1","80","5","8","0","0.5","10","110","295","4.071186440677966"
"12","5","0.0025","0.29","3","0.5","0.05","1","80","5","8","0","0.5","10","74","279","4.103942652329749"
"8","0","0.0025","0.29","3","0.5","0.05","1","80","5","8","0","0.5","10","106","274","3.886861313868613"
"9","0","0.0025","0.29","3","0.5","0.05","1","80","5","8","0","0.5","10","104","259","3.9806949806949805"
"7","0","0.0025","0.29","3","0.5","0.05","1","80","5","8","0","0.5","10","111","292","4.071917808219178"
"12","5","0.0025","0.29","3","0.5","0.05","1","80","5","8","0","0.5","10","75","278","4.100719424460432"
"8","0","0.0025","0.29","3","0.5","0.05","1","80","5","8","0","0.5","10","107","274","3.8795620437956204"
"9","0","0.0025","0.29","3","0.5","0.05","1","80","5","8","0","0.5","10","105","257","3.972762645914397"
"10","0","0.0025","0.29","3","0.5","0.05","1","80","5","8","0","0.5","10","82","275","3.9890909090909092"
"11","5","0.0025","0.29","3","0.5","0.05","1","80","5","8","0","0.5","10","91","253","4"
"8","0","0.0025","0.29","3","0.5","0.05","1","80","5","8","0","0.5","10","108","271","3.8819188191881917"
"11","5","0.0025","0.29","3","0.5","0.05","1","80","5","8","0","0.5","10","92","252","4"
"10","0","0.0025","0.29","3","0.5","0.05","1","80","5","8","0","0.5","10","83","272","3.988970588235294"
"11","5","0.0025","0.29","3","0.5","0.05","1","80","5","8","0","0.5","10","93","252","4"
"10","0","0.0025","0.29","3","0.5","0.05","1","80","5","8","0","0.5","10","84","272","3.988970588235294"
"12","5","0.0025","0.29","3","0.5","0.05","1","80","5","8","0","0.5","10","76","278","4.089928057553957"
"9","0","0.0025","0.29","3","0.5","0.05","1","80","5","8","0","0.5","10","106","256","3.98046875"
"12","5","0.0025","0.29","3","0.5","0.05","1","80","5","8","0","0.5","10","77","276","4.094202898550725"
"9","0","0.0025","0.29","3","0.5","0.05","1","80","5","8","0","0.5","10","107","256","3.9765625"
"7","0","0.0025","0.29","3","0.5","0.05","1","80","5","8","0","0.5","10","112","291","4.082474226804123"
"12","5","0.0025","0.29","3","0.5","0.05","1","80","5","8","0","0.5","10","78","275","4.090909090909091"
"11","5","0.0025","0.29","3","0.5","0.05","1","80","5","8","0","0.5","10","94","250","4"
"9","0","0.0025","0.29","3","0.5","0.05","1","80","5","8","0","0.5","10","108","256","3.9765625"
"7","0","0.0025","0.29","3","0.5","0.05","1","80","5","8","0","0.5","10","113","289","4.083044982698962"
"11","5","0.0025","0.29","3","0.5","0.05","1","80","5","8","0","0.5","10","95","249","4"
"7","0","0.0025","0.29","3","0.5","0.05","1","80","5","8","0","0.5","10","114","286","4.083916083916084"
"11","5","0.0025","0.29","3","0.5","0.05","1","80","5","8","0","0.5","10","96","247","4.004048582995951"
"8","0","0.0025","0.29","3","0.5","0.05","1","80","5","8","0","0.5","10","109","284","3.6619718309859155"
"8","0","0.0025","0.29","3","0.5","0.05","1","80","5","8","0","0.5","10","110","281","3.893238434163701"
"12","5","0.0025","0.29","3","0.5","0.05","1","80","5","8","0","0.5","10","79","275","4.094545454545455"
"8","0","0.0025","0.29","3","0.5","0.05","1","80","5","8","0","0.5","10","111","281","3.882562277580071"
"10","0","0.0025","0.29","3","0.5","0.05","1","80","5","8","0","0.5","10","85","281","3.8469750889679717"
"12","5","0.0025","0.29","3","0.5","0.05","1","80","5","8","0","0.5","10","80","274","4.094890510948905"
"9","0","0.0025","0.29","3","0.5","0.05","1","80","5","8","0","0.5","10","109","260","3.9153846153846152"
"9","0","0.0025","0.29","3","0.5","0.05","1","80","5","8","0","0.5","10","110","260","3.973076923076923"
"12","5","0.0025","0.29","3","0.5","0.05","1","80","5","8","0","0.5","10","81","274","4.094890510948905"
"10","0","0.0025","0.29","3","0.5","0.05","1","80","5","8","0","0.5","10","86","281","3.99644128113879"
"9","0","0.0025","0.29","3","0.5","0.05","1","80","5","8","0","0.5","10","111","260","3.976923076923077"
"10","0","0.0025","0.29","3","0.5","0.05","1","80","5","8","0","0.5","10","87","280","3.9964285714285714"
"7","0","0.0025","0.29","3","0.5","0.05","1","80","5","8","0","0.5","10","115","285","4.087719298245614"
"11","5","0.0025","0.29","3","0.5","0.05","1","80","5","8","0","0.5","10","97","265","3.7169811320754715"
"7","0","0.0025","0.29","3","0.5","0.05","1","80","5","8","0","0.5","10","116","283","4.081272084805653"
"8","0","0.0025","0.29","3","0.5","0.05","1","80","5","8","0","0.5","10","112","281","3.882562277580071"
"11","5","0.0025","0.29","3","0.5","0.05","1","80","5","8","0","0.5","10","98","263","3.9771863117870723"
"9","0","0.0025","0.29","3","0.5","0.05","1","80","5","8","0","0.5","10","112","258","3.9767441860465116"
"7","0","0.0025","0.29","3","0.5","0.05","1","80","5","8","0","0.5","10","117","283","4.07773851590106"
"8","0","0.0025","0.29","3","0.5","0.05","1","80","5","8","0","0.5","10","113","281","3.8790035587188614"
"11","5","0.0025","0.29","3","0.5","0.05","1","80","5","8","0","0.5","10","99","263","3.9961977186311786"
"9","0","0.0025","0.29","3","0.5","0.05","1","80","5","8","0","0.5","10","113","255","3.9686274509803923"
"12","5","0.0025","0.29","3","0.5","0.05","1","80","5","8","0","0.5","10","82","273","4.0989010989010985"
"8","0","0.0025","0.29","3","0.5","0.05","1","80","5","8","0","0.5","10","114","281","3.882562277580071"
"10","0","0.0025","0.29","3","0.5","0.05","1","80","5","8","0","0.5","10","88","280","3.9964285714285714"
"9","0","0.0025","0.29","3","0.5","0.05","1","80","5","8","0","0.5","10","114","254","3.984251968503937"
"12","5","0.0025","0.29","3","0.5","0.05","1","80","5","8","0","0.5","10","83","272","4.106617647058823"
"10","0","0.0025","0.29","3","0.5","0.05","1","80","5","8","0","0.5","10","89","280","3.9964285714285714"
"12","5","0.0025","0.29","3","0.5","0.05","1","80","5","8","0","0.5","10","84","269","4.08550185873606"
"10","0","0.0025","0.29","3","0.5","0.05","1","80","5","8","0","0.5","10","90","280","3.9964285714285714"
"8","0","0.0025","0.29","3","0.5","0.05","1","80","5","8","0","0.5","10","115","281","3.8790035587188614"
"7","0","0.0025","0.29","3","0.5","0.05","1","80","5","8","0","0.5","10","118","282","4.074468085106383"
"9","0","0.0025","0.29","3","0.5","0.05","1","80","5","8","0","0.5","10","115","253","3.972332015810277"
"11","5","0.0025","0.29","3","0.5","0.05","1","80","5","8","0","0.5","10","100","263","3.9923954372623576"
"8","0","0.0025","0.29","3","0.5","0.05","1","80","5","8","0","0.5","10","116","280","3.882142857142857"
"7","0","0.0025","0.29","3","0.5","0.05","1","80","5","8","0","0.5","10","119","279","4.078853046594982"
"9","0","0.0025","0.29","3","0.5","0.05","1","80","5","8","0","0.5","10","116","251","3.9800796812749004"
"11","5","0.0025","0.29","3","0.5","0.05","1","80","5","8","0","0.5","10","101","262","3.99618320610687"
"8","0","0.0025","0.29","3","0.5","0.05","1","80","5","8","0","0.5","10","117","280","3.8785714285714286"
"10","0","0.0025","0.29","3","0.5","0.05","1","80","5","8","0","0.5","10","91","279","3.996415770609319"
"7","0","0.0025","0.29","3","0.5","0.05","1","80","5","8","0","0.5","10","120","278","4.071942446043166"
"9","0","0.0025","0.29","3","0.5","0.05","1","80","5","8","0","0.5","10","117","250","3.976"
"11","5","0.0025","0.29","3","0.5","0.05","1","80","5","8","0","0.5","10","102","261","3.992337164750958"
"10","0","0.0025","0.29","3","0.5","0.05","1","80","5","8","0","0.5","10","92","278","3.9964028776978417"
"10","0","0.0025","0.29","3","0.5","0.05","1","80","5","8","0","0.5","10","93","278","3.9964028776978417"
"8","0","0.0025","0.29","3","0.5","0.05","1","80","5","8","0","0.5","10","118","279","3.888888888888889"
"12","5","0.0025","0.29","3","0.5","0.05","1","80","5","8","0","0.5","10","85","276","3.9818840579710146"
"8","0","0.0025","0.29","3","0.5","0.05","1","80","5","8","0","0.5","10","119","278","3.8956834532374103"
"9","0","0.0025","0.29","3","0.5","0.05","1","80","5","8","0","0.5","10","118","249","3.9839357429718874"
"8","0","0.0025","0.29","3","0.5","0.05","1","80","5","8","0","0.5","10","120","276","3.891304347826087"
"12","5","0.0025","0.29","3","0.5","0.05","1","80","5","8","0","0.5","10","86","276","4.083333333333333"
"9","0","0.0025","0.29","3","0.5","0.05","1","80","5","8","0","0.5","10","119","248","3.975806451612903"
"12","5","0.0025","0.29","3","0.5","0.05","1","80","5","8","0","0.5","10","87","275","4.094545454545455"
"9","0","0.0025","0.29","3","0.5","0.05","1","80","5","8","0","0.5","10","120","247","3.9757085020242915"
"10","0","0.0025","0.29","3","0.5","0.05","1","80","5","8","0","0.5","10","94","276","3.9927536231884058"
"13","5","0.0025","0.29","3","0.5","0.05","1","80","5","8","0","0.5","10","0","251","4.099601593625498"
"10","0","0.0025","0.29","3","0.5","0.05","1","80","5","8","0","0.5","10","95","275","3.9890909090909092"
"11","5","0.0025","0.29","3","0.5","0.05","1","80","5","8","0","0.5","10","103","258","3.996124031007752"
"10","0","0.0025","0.29","3","0.5","0.05","1","80","5","8","0","0.5","10","96","275","3.9890909090909092"
"11","5","0.0025","0.29","3","0.5","0.05","1","80","5","8","0","0.5","10","104","256","3.9921875"
"14","5","0.0025","0.29","3","0.5","0.05","1","80","5","8","0","0.5","10","0","230","4.082608695652174"
"11","5","0.0025","0.29","3","0.5","0.05","1","80","5","8","0","0.5","10","105","255","4"
"13","5","0.0025","0.29","3","0.5","0.05","1","80","5","8","0","0.5","10","1","251","4.067729083665339"
"12","5","0.0025","0.29","3","0.5","0.05","1","80","5","8","0","0.5","10","88","274","4.087591240875913"
"13","5","0.0025","0.29","3","0.5","0.05","1","80","5","8","0","0.5","10","2","250","4.072"
"12","5","0.0025","0.29","3","0.5","0.05","1","80","5","8","0","0.5","10","89","272","4.088235294117647"
"13","5","0.0025","0.29","3","0.5","0.05","1","80","5","8","0","0.5","10","3","249","4.104417670682731"
"14","5","0.0025","0.29","3","0.5","0.05","1","80","5","8","0","0.5","10","1","228","4.166666666666667"
"15","5","0.0025","0.29","3","0.5","0.05","1","80","5","8","0","0.5","10","0","235","3.970212765957447"
"12","5","0.0025","0.29","3","0.5","0.05","1","80","5","8","0","0.5","10","90","270","4.088888888888889"
"14","5","0.0025","0.29","3","0.5","0.05","1","80","5","8","0","0.5","10","2","228","4.118421052631579"
"10","0","0.0025","0.29","3","0.5","0.05","1","80","5","8","0","0.5","10","97","287","3.797909407665505"
"11","5","0.0025","0.29","3","0.5","0.05","1","80","5","8","0","0.5","10","106","255","4"
"14","5","0.0025","0.29","3","0.5","0.05","1","80","5","8","0","0.5","10","3","227","4.118942731277533"
"10","0","0.0025","0.29","3","0.5","0.05","1","80","5","8","0","0.5","10","98","286","4.010489510489511"
"11","5","0.0025","0.29","3","0.5","0.05","1","80","5","8","0","0.5","10","107","254","4"
"10","0","0.0025","0.29","3","0.5","0.05","1","80","5","8","0","0.5","10","99","285","4.017543859649122"
"11","5","0.0025","0.29","3","0.5","0.05","1","80","5","8","0","0.5","10","108","254","4"
"13","5","0.0025","0.29","3","0.5","0.05","1","80","5","8","0","0.5","10","4","247","4.101214574898785"
"15","5","0.0025","0.29","3","0.5","0.05","1","80","5","8","0","0.5","10","1","235","4.068085106382979"
"13","5","0.0025","0.29","3","0.5","0.05","1","80","5","8","0","0.5","10","5","247","4.105263157894737"
"12","5","0.0025","0.29","3","0.5","0.05","1","80","5","8","0","0.5","10","91","269","4.0817843866171"
"14","5","0.0025","0.29","3","0.5","0.05","1","80","5","8","0","0.5","10","4","225","4.128888888888889"
"15","5","0.0025","0.29","3","0.5","0.05","1","80","5","8","0","0.5","10","2","235","4.068085106382979"
"13","5","0.0025","0.29","3","0.5","0.05","1","80","5","8","0","0.5","10","6","245","4.09795918367347"
"14","5","0.0025","0.29","3","0.5","0.05","1","80","5","8","0","0.5","10","5","224","4.133928571428571"
"12","5","0.0025","0.29","3","0.5","0.05","1","80","5","8","0","0.5","10","92","268","4.074626865671642"
"15","5","0.0025","0.29","3","0.5","0.05","1","80","5","8","0","0.5","10","3","234","4.072649572649572"
"14","5","0.0025","0.29","3","0.5","0.05","1","80","5","8","0","0.5","10","6","221","4.135746606334842"
"12","5","0.0025","0.29","3","0.5","0.05","1","80","5","8","0","0.5","10","93","267","4.078651685393258"
"10","0","0.0025","0.29","3","0.5","0.05","1","80","5","8","0","0.5","10","100","285","4.017543859649122"
"10","0","0.0025","0.29","3","0.5","0.05","1","80","5","8","0","0.5","10","101","284","4.017605633802817"
"13","5","0.0025","0.29","3","0.5","0.05","1","80","5","8","0","0.5","10","7","245","4.09795918367347"
"15","5","0.0025","0.29","3","0.5","0.05","1","80","5","8","0","0.5","10","4","232","4.068965517241379"
"11","5","0.0025","0.29","3","0.5","0.05","1","80","5","8","0","0.5","10","109","284","3.5809859154929575"
"10","0","0.0025","0.29","3","0.5","0.05","1","80","5","8","0","0.5","10","102","284","4.017605633802817"
"13","5","0.0025","0.29","3","0.5","0.05","1","80","5","8","0","0.5","10","8","245","4.09795918367347"
"15","5","0.0025","0.29","3","0.5","0.05","1","80","5","8","0","0.5","10","5","230","4.073913043478261"
"14","5","0.0025","0.29","3","0.5","0.05","1","80","5","8","0","0.5","10","7","221","4.14027149321267"
"11","5","0.0025","0.29","3","0.5","0.05","1","80","5","8","0","0.5","10","110","283","4.053003533568905"
"13","5","0.0025","0.29","3","0.5","0.05","1","80","5","8","0","0.5","10","9","245","4.09795918367347"
"12","5","0.0025","0.29","3","0.5","0.05","1","80","5","8","0","0.5","10","94","266","4.075187969924812"
"15","5","0.0025","0.29","3","0.5","0.05","1","80","5","8","0","0.5","10","6","230","4.069565217391304"
"14","5","0.0025","0.29","3","0.5","0.05","1","80","5","8","0","0.5","10","8","221","4.14027149321267"
"11","5","0.0025","0.29","3","0.5","0.05","1","80","5","8","0","0.5","10","111","282","4.049645390070922"
"14","5","0.0025","0.29","3","0.5","0.05","1","80","5","8","0","0.5","10","9","221","4.14027149321267"
"12","5","0.0025","0.29","3","0.5","0.05","1","80","5","8","0","0.5","10","95","265","4.083018867924529"
"12","5","0.0025","0.29","3","0.5","0.05","1","80","5","8","0","0.5","10","96","265","4.086792452830188"
"10","0","0.0025","0.29","3","0.5","0.05","1","80","5","8","0","0.5","10","103","282","4.0177304964539005"
"13","5","0.0025","0.29","3","0.5","0.05","1","80","5","8","0","0.5","10","10","244","4.094262295081967"
"15","5","0.0025","0.29","3","0.5","0.05","1","80","5","8","0","0.5","10","7","230","4.078260869565217"
"10","0","0.0025","0.29","3","0.5","0.05","1","80","5","8","0","0.5","10","104","282","4.0177304964539005"
"14","5","0.0025","0.29","3","0.5","0.05","1","80","5","8","0","0.5","10","10","221","4.14027149321267"
"13","5","0.0025","0.29","3","0.5","0.05","1","80","5","8","0","0.5","10","11","244","4.094262295081967"
"15","5","0.0025","0.29","3","0.5","0.05","1","80","5","8","0","0.5","10","8","230","4.078260869565217"
"14","5","0.0025","0.29","3","0.5","0.05","1","80","5","8","0","0.5","10","11","221","4.14027149321267"
"11","5","0.0025","0.29","3","0.5","0.05","1","80","5","8","0","0.5","10","112","282","4.039007092198582"
"10","0","0.0025","0.29","3","0.5","0.05","1","80","5","8","0","0.5","10","105","281","4.01423487544484"
"13","5","0.0025","0.29","3","0.5","0.05","1","80","5","8","0","0.5","10","12","244","4.094262295081967"
"15","5","0.0025","0.29","3","0.5","0.05","1","80","5","8","0","0.5","10","9","229","4.078602620087336"
"14","5","0.0025","0.29","3","0.5","0.05","1","80","5","8","0","0.5","10","12","219","4.141552511415525"
"11","5","0.0025","0.29","3","0.5","0.05","1","80","5","8","0","0.5","10","113","282","4.042553191489362"
"11","5","0.0025","0.29","3","0.5","0.05","1","80","5","8","0","0.5","10","114","282","4.035460992907802"
"15","5","0.0025","0.29","3","0.5","0.05","1","80","5","8","0","0.5","10","10","229","4.078602620087336"
"12","5","0.0025","0.29","3","0.5","0.05","1","80","5","8","0","0.5","10","97","295","3.6610169491525424"
"15","5","0.0025","0.29","3","0.5","0.05","1","80","5","8","0","0.5","10","11","227","4.07488986784141"
"10","0","0.0025","0.29","3","0.5","0.05","1","80","5","8","0","0.5","10","106","281","4.01067615658363"
"14","5","0.0025","0.29","3","0.5","0.05","1","80","5","8","0","0.5","10","13","238","3.810924369747899"
"13","5","0.0025","0.29","3","0.5","0.05","1","80","5","8","0","0.5","10","13","259","3.857142857142857"
"12","5","0.0025","0.29","3","0.5","0.05","1","80","5","8","0","0.5","10","98","295","4.071186440677966"
"15","5","0.0025","0.29","3","0.5","0.05","1","80","5","8","0","0.5","10","12","226","4.075221238938053"
"14","5","0.0025","0.29","3","0.5","0.05","1","80","5","8","0","0.5","10","14","236","4.148305084745763"
"13","5","0.0025","0.29","3","0.5","0.05","1","80","5","8","0","0.5","10","14","256","4.07421875"
"10","0","0.0025","0.29","3","0.5","0.05","1","80","5","8","0","0.5","10","107","279","4.010752688172043"
"12","5","0.0025","0.29","3","0.5","0.05","1","80","5","8","0","0.5","10","99","293","4.064846416382252"
"14","5","0.0025","0.29","3","0.5","0.05","1","80","5","8","0","0.5","10","15","236","4.139830508474576"
"13","5","0.0025","0.29","3","0.5","0.05","1","80","5","8","0","0.5","10","15","256","4.09765625"
"11","5","0.0025","0.29","3","0.5","0.05","1","80","5","8","0","0.5","10","115","281","4.04270462633452"
"10","0","0.0025","0.29","3","0.5","0.05","1","80","5","8","0","0.5","10","108","277","4.0108303249097474"
"11","5","0.0025","0.29","3","0.5","0.05","1","80","5","8","0","0.5","10","116","281","4.0355871886121"
"14","5","0.0025","0.29","3","0.5","0.05","1","80","5","8","0","0.5","10","16","236","4.139830508474576"
"11","5","0.0025","0.29","3","0.5","0.05","1","80","5","8","0","0.5","10","117","280","4.039285714285715"
"14","5","0.0025","0.29","3","0.5","0.05","1","80","5","8","0","0.5","10","17","236","4.139830508474576"
"13","5","0.0025","0.29","3","0.5","0.05","1","80","5","8","0","0.5","10","16","255","4.094117647058823"
"15","5","0.0025","0.29","3","0.5","0.05","1","80","5","8","0","0.5","10","13","245","3.7551020408163267"
"14","5","0.0025","0.29","3","0.5","0.05","1","80","5","8","0","0.5","10","18","233","4.133047210300429"
"13","5","0.0025","0.29","3","0.5","0.05","1","80","5","8","0","0.5","10","17","253","4.094861660079052"
"15","5","0.0025","0.29","3","0.5","0.05","1","80","5","8","0","0.5","10","14","244","4.073770491803279"
"12","5","0.0025","0.29","3","0.5","0.05","1","80","5","8","0","0.5","10","100","293","4.047781569965871"
"13","5","0.0025","0.29","3","0.5","0.05","1","80","5","8","0","0.5","10","18","250","4.092"
"15","5","0.0025","0.29","3","0.5","0.05","1","80","5","8","0","0.5","10","15","244","4.065573770491803"
"12","5","0.0025","0.29","3","0.5","0.05","1","80","5","8","0","0.5","10","101","293","4.051194539249146"
"14","5","0.0025","0.29","3","0.5","0.05","1","80","5","8","0","0.5","10","19","231","4.125541125541125"
"11","5","0.0025","0.29","3","0.5","0.05","1","80","5","8","0","0.5","10","118","279","4.028673835125448"
"12","5","0.0025","0.29","3","0.5","0.05","1","80","5","8","0","0.5","10","102","289","4.051903114186851"
"14","5","0.0025","0.29","3","0.5","0.05","1","80","5","8","0","0.5","10","20","231","4.125541125541125"
"11","5","0.0025","0.29","3","0.5","0.05","1","80","5","8","0","0.5","10","119","278","4.0359712230215825"
"10","0","0.0025","0.29","3","0.5","0.05","1","80","5","8","0","0.5","10","109","293","3.7781569965870307"
"14","5","0.0025","0.29","3","0.5","0.05","1","80","5","8","0","0.5","10","21","230","4.126086956521739"
"15","5","0.0025","0.29","3","0.5","0.05","1","80","5","8","0","0.5","10","16","244","4.065573770491803"
"11","5","0.0025","0.29","3","0.5","0.05","1","80","5","8","0","0.5","10","120","278","4.028776978417266"
"10","0","0.0025","0.29","3","0.5","0.05","1","80","5","8","0","0.5","10","110","293","4.027303754266212"
"13","5","0.0025","0.29","3","0.5","0.05","1","80","5","8","0","0.5","10","19","250","4.088"
"15","5","0.0025","0.29","3","0.5","0.05","1","80","5","8","0","0.5","10","17","244","4.065573770491803"
"13","5","0.0025","0.29","3","0.5","0.05","1","80","5","8","0","0.5","10","20","250","4.088"
"10","0","0.0025","0.29","3","0.5","0.05","1","80","5","8","0","0.5","10","111","289","4.031141868512111"
"15","5","0.0025","0.29","3","0.5","0.05","1","80","5","8","0","0.5","10","18","244","4.065573770491803"
"13","5","0.0025","0.29","3","0.5","0.05","1","80","5","8","0","0.5","10","21","250","4.088"
"14","5","0.0025","0.29","3","0.5","0.05","1","80","5","8","0","0.5","10","22","230","4.126086956521739"
"14","5","0.0025","0.29","3","0.5","0.05","1","80","5","8","0","0.5","10","23","229","4.122270742358078"
"12","5","0.0025","0.29","3","0.5","0.05","1","80","5","8","0","0.5","10","103","288","4.048611111111111"
"14","5","0.0025","0.29","3","0.5","0.05","1","80","5","8","0","0.5","10","24","229","4.122270742358078"
"15","5","0.0025","0.29","3","0.5","0.05","1","80","5","8","0","0.5","10","19","244","4.065573770491803"
"12","5","0.0025","0.29","3","0.5","0.05","1","80","5","8","0","0.5","10","104","287","4.048780487804878"
"13","5","0.0025","0.29","3","0.5","0.05","1","80","5","8","0","0.5","10","22","249","4.088353413654619"
"15","5","0.0025","0.29","3","0.5","0.05","1","80","5","8","0","0.5","10","20","243","4.065843621399177"
"12","5","0.0025","0.29","3","0.5","0.05","1","80","5","8","0","0.5","10","105","286","4.045454545454546"
"13","5","0.0025","0.29","3","0.5","0.05","1","80","5","8","0","0.5","10","23","248","4.088709677419355"
"15","5","0.0025","0.29","3","0.5","0.05","1","80","5","8","0","0.5","10","21","243","4.065843621399177"
"13","5","0.0025","0.29","3","0.5","0.05","1","80","5","8","0","0.5","10","24","247","4.089068825910931"
"16","5","0.0025","0.29","3","0.5","0.05","1","80","5","8","0","0.5","10","0","242","3.847107438016529"
"10","0","0.0025","0.29","3","0.5","0.05","1","80","5","8","0","0.5","10","112","288","4.03125"
"10","0","0.0025","0.29","3","0.5","0.05","1","80","5","8","0","0.5","10","113","287","4.031358885017422"
"15","5","0.0025","0.29","3","0.5","0.05","1","80","5","8","0","0.5","10","22","243","4.065843621399177"
"14","5","0.0025","0.29","3","0.5","0.05","1","80","5","8","0","0.5","10","25","257","3.6731517509727625"
"10","0","0.0025","0.29","3","0.5","0.05","1","80","5","8","0","0.5","10","114","286","4.031468531468532"
"15","5","0.0025","0.29","3","0.5","0.05","1","80","5","8","0","0.5","10","23","242","4.066115702479339"
"14","5","0.0025","0.29","3","0.5","0.05","1","80","5","8","0","0.5","10","26","256","4.11328125"
"12","5","0.0025","0.29","3","0.5","0.05","1","80","5","8","0","0.5","10","106","286","4.045454545454546"
"14","5","0.0025","0.29","3","0.5","0.05","1","80","5","8","0","0.5","10","27","254","4.106299212598425"
"15","5","0.0025","0.29","3","0.5","0.05","1","80","5","8","0","0.5","10","24","242","4.066115702479339"
"12","5","0.0025","0.29","3","0.5","0.05","1","80","5","8","0","0.5","10","107","283","4.045936395759718"
"16","5","0.0025","0.29","3","0.5","0.05","1","80","5","8","0","0.5","10","1","241","3.983402489626556"
"13","5","0.0025","0.29","3","0.5","0.05","1","80","5","8","0","0.5","10","25","259","3.8996138996139"
"16","5","0.0025","0.29","3","0.5","0.05","1","80","5","8","0","0.5","10","2","240","4.033333333333333"
"13","5","0.0025","0.29","3","0.5","0.05","1","80","5","8","0","0.5","10","26","258","4.096899224806202"
"12","5","0.0025","0.29","3","0.5","0.05","1","80","5","8","0","0.5","10","108","283","4.045936395759718"
"16","5","0.0025","0.29","3","0.5","0.05","1","80","5","8","0","0.5","10","3","237","4.012658227848101"
"13","5","0.0025","0.29","3","0.5","0.05","1","80","5","8","0","0.5","10","27","256","4.1015625"
"14","5","0.0025","0.29","3","0.5","0.05","1","80","5","8","0","0.5","10","28","254","4.106299212598425"
"10","0","0.0025","0.29","3","0.5","0.05","1","80","5","8","0","0.5","10","115","286","4.031468531468532"
"14","5","0.0025","0.29","3","0.5","0.05","1","80","5","8","0","0.5","10","29","254","4.106299212598425"
"15","5","0.0025","0.29","3","0.5","0.05","1","80","5","8","0","0.5","10","25","261","3.7547892720306515"
"14","5","0.0025","0.29","3","0.5","0.05","1","80","5","8","0","0.5","10","30","253","4.106719367588933"
"10","0","0.0025","0.29","3","0.5","0.05","1","80","5","8","0","0.5","10","116","285","4.031578947368421"
"15","5","0.0025","0.29","3","0.5","0.05","1","80","5","8","0","0.5","10","26","261","4.076628352490421"
"10","0","0.0025","0.29","3","0.5","0.05","1","80","5","8","0","0.5","10","117","284","4.03169014084507"
"13","5","0.0025","0.29","3","0.5","0.05","1","80","5","8","0","0.5","10","28","256","4.09765625"
"16","5","0.0025","0.29","3","0.5","0.05","1","80","5","8","0","0.5","10","4","237","4.0042194092827"
"15","5","0.0025","0.29","3","0.5","0.05","1","80","5","8","0","0.5","10","27","259","4.073359073359073"
"13","5","0.0025","0.29","3","0.5","0.05","1","80","5","8","0","0.5","10","29","255","4.094117647058823"
"16","5","0.0025","0.29","3","0.5","0.05","1","80","5","8","0","0.5","10","5","236","4.004237288135593"
"13","5","0.0025","0.29","3","0.5","0.05","1","80","5","8","0","0.5","10","30","253","4.094861660079052"
"16","5","0.0025","0.29","3","0.5","0.05","1","80","5","8","0","0.5","10","6","236","4.004237288135593"
"14","5","0.0025","0.29","3","0.5","0.05","1","80","5","8","0","0.5","10","31","250","4.104"
"14","5","0.0025","0.29","3","0.5","0.05","1","80","5","8","0","0.5","10","32","249","4.100401606425703"
"12","5","0.0025","0.29","3","0.5","0.05","1","80","5","8","0","0.5","10","109","291","3.9381443298969074"
"14","5","0.0025","0.29","3","0.5","0.05","1","80","5","8","0","0.5","10","33","249","4.100401606425703"
"15","5","0.0025","0.29","3","0.5","0.05","1","80","5","8","0","0.5","10","28","259","4.073359073359073"
"12","5","0.0025","0.29","3","0.5","0.05","1","80","5","8","0","0.5","10","110","291","4.051546391752577"
"16","5","0.0025","0.29","3","0.5","0.05","1","80","5","8","0","0.5","10","7","236","4.004237288135593"
"15","5","0.0025","0.29","3","0.5","0.05","1","80","5","8","0","0.5","10","29","259","4.073359073359073"
"10","0","0.0025","0.29","3","0.5","0.05","1","80","5","8","0","0.5","10","118","282","4.031914893617022"
"12","5","0.0025","0.29","3","0.5","0.05","1","80","5","8","0","0.5","10","111","291","4.051546391752577"
"13","5","0.0025","0.29","3","0.5","0.05","1","80","5","8","0","0.5","10","31","252","4.091269841269841"
"15","5","0.0025","0.29","3","0.5","0.05","1","80","5","8","0","0.5","10","30","259","4.077220077220077"
"16","5","0.0025","0.29","3","0.5","0.05","1","80","5","8","0","0.5","10","8","235","4.004255319148936"
"10","0","0.0025","0.29","3","0.5","0.05","1","80","5","8","0","0.5","10","119","280","4.0321428571428575"
"13","5","0.0025","0.29","3","0.5","0.05","1","80","5","8","0","0.5","10","32","251","4.083665338645418"
"16","5","0.0025","0.29","3","0.5","0.05","1","80","5","8","0","0.5","10","9","233","4.0042918454935625"
"13","5","0.0025","0.29","3","0.5","0.05","1","80","5","8","0","0.5","10","33","250","4.08"
"10","0","0.0025","0.29","3","0.5","0.05","1","80","5","8","0","0.5","10","120","279","4.032258064516129"
"14","5","0.0025","0.29","3","0.5","0.05","1","80","5","8","0","0.5","10","34","249","4.100401606425703"
"14","5","0.0025","0.29","3","0.5","0.05","1","80","5","8","0","0.5","10","35","249","4.100401606425703"
"12","5","0.0025","0.29","3","0.5","0.05","1","80","5","8","0","0.5","10","112","291","4.048109965635739"
"15","5","0.0025","0.29","3","0.5","0.05","1","80","5","8","0","0.5","10","31","257","4.070038910505836"
"14","5","0.0025","0.29","3","0.5","0.05","1","80","5","8","0","0.5","10","36","249","4.100401606425703"
"15","5","0.0025","0.29","3","0.5","0.05","1","80","5","8","0","0.5","10","32","257","4.070038910505836"
"12","5","0.0025","0.29","3","0.5","0.05","1","80","5","8","0","0.5","10","113","290","4.051724137931035"
"16","5","0.0025","0.29","3","0.5","0.05","1","80","5","8","0","0.5","10","10","231","4.008658008658009"
"13","5","0.0025","0.29","3","0.5","0.05","1","80","5","8","0","0.5","10","34","250","4.08"
"16","5","0.0025","0.29","3","0.5","0.05","1","80","5","8","0","0.5","10","11","230","4.01304347826087"
"15","5","0.0025","0.29","3","0.5","0.05","1","80","5","8","0","0.5","10","33","256","4.0703125"
"12","5","0.0025","0.29","3","0.5","0.05","1","80","5","8","0","0.5","10","114","289","4.044982698961937"
"13","5","0.0025","0.29","3","0.5","0.05","1","80","5","8","0","0.5","10","35","250","4.08"
"16","5","0.0025","0.29","3","0.5","0.05","1","80","5","8","0","0.5","10","12","229","4.013100436681222"
"13","5","0.0025","0.29","3","0.5","0.05","1","80","5","8","0","0.5","10","36","250","4.08"
"14","5","0.0025","0.29","3","0.5","0.05","1","80","5","8","0","0.5","10","37","265","3.852830188679245"
"17","5","0.0025","0.29","3","0.5","0.05","1","80","5","8","0","0.5","10","0","246","3.8536585365853657"
"15","5","0.0025","0.29","3","0.5","0.05","1","80","5","8","0","0.5","10","34","255","4.070588235294117"
"14","5","0.0025","0.29","3","0.5","0.05","1","80","5","8","0","0.5","10","38","265","4.1056603773584905"
"15","5","0.0025","0.29","3","0.5","0.05","1","80","5","8","0","0.5","10","35","254","4.066929133858268"
"12","5","0.0025","0.29","3","0.5","0.05","1","80","5","8","0","0.5","10","115","289","4.044982698961937"
"14","5","0.0025","0.29","3","0.5","0.05","1","80","5","8","0","0.5","10","39","264","4.113636363636363"
"13","5","0.0025","0.29","3","0.5","0.05","1","80","5","8","0","0.5","10","37","265","3.8339622641509434"
"15","5","0.0025","0.29","3","0.5","0.05","1","80","5","8","0","0.5","10","36","254","4.066929133858268"
"16","5","0.0025","0.29","3","0.5","0.05","1","80","5","8","0","0.5","10","13","242","3.78099173553719"
"12","5","0.0025","0.29","3","0.5","0.05","1","80","5","8","0","0.5","10","116","289","4.041522491349481"
"13","5","0.0025","0.29","3","0.5","0.05","1","80","5","8","0","0.5","10","38","264","4.090909090909091"
"16","5","0.0025","0.29","3","0.5","0.05","1","80","5","8","0","0.5","10","14","242","4.033057851239669"
"12","5","0.0025","0.29","3","0.5","0.05","1","80","5","8","0","0.5","10","117","289","4.044982698961937"
"13","5","0.0025","0.29","3","0.5","0.05","1","80","5","8","0","0.5","10","39","263","4.072243346007604"
"16","5","0.0025","0.29","3","0.5","0.05","1","80","5","8","0","0.5","10","15","241","4.037344398340249"
"14","5","0.0025","0.29","3","0.5","0.05","1","80","5","8","0","0.5","10","40","263","4.110266159695818"
"17","5","0.0025","0.29","3","0.5","0.05","1","80","5","8","0","0.5","10","1","246","3.9471544715447155"
"14","5","0.0025","0.29","3","0.5","0.05","1","80","5","8","0","0.5","10","41","263","4.11787072243346"
"16","5","0.0025","0.29","3","0.5","0.05","1","80","5","8","0","0.5","10","16","241","4.029045643153527"
"17","5","0.0025","0.29","3","0.5","0.05","1","80","5","8","0","0.5","10","2","245","3.942857142857143"
"14","5","0.0025","0.29","3","0.5","0.05","1","80","5","8","0","0.5","10","42","262","4.122137404580153"
"13","5","0.0025","0.29","3","0.5","0.05","1","80","5","8","0","0.5","10","40","262","4.064885496183206"
"12","5","0.0025","0.29","3","0.5","0.05","1","80","5","8","0","0.5","10","118","285","4.03859649122807"
"16","5","0.0025","0.29","3","0.5","0.05","1","80","5","8","0","0.5","10","17","239","4.03765690376569"
"17","5","0.0025","0.29","3","0.5","0.05","1","80","5","8","0","0.5","10","3","242","3.950413223140496"
"15","5","0.0025","0.29","3","0.5","0.05","1","80","5","8","0","0.5","10","37","268","3.8544776119402986"
"13","5","0.0025","0.29","3","0.5","0.05","1","80","5","8","0","0.5","10","41","261","4.065134099616858"
"12","5","0.0025","0.29","3","0.5","0.05","1","80","5","8","0","0.5","10","119","284","4.035211267605634"
"16","5","0.0025","0.29","3","0.5","0.05","1","80","5","8","0","0.5","10","18","238","4.025210084033613"
"15","5","0.0025","0.29","3","0.5","0.05","1","80","5","8","0","0.5","10","38","266","4.086466165413534"
"13","5","0.0025","0.29","3","0.5","0.05","1","80","5","8","0","0.5","10","42","259","4.065637065637065"
"12","5","0.0025","0.29","3","0.5","0.05","1","80","5","8","0","0.5","10","120","284","4.038732394366197"
"15","5","0.0025","0.29","3","0.5","0.05","1","80","5","8","0","0.5","10","39","266","4.082706766917293"
"14","5","0.0025","0.29","3","0.5","0.05","1","80","5","8","0","0.5","10","43","262","4.122137404580153"
"16","5","0.0025","0.29","3","0.5","0.05","1","80","5","8","0","0.5","10","19","238","4.033613445378151"
"14","5","0.0025","0.29","3","0.5","0.05","1","80","5","8","0","0.5","10","44","261","4.1226053639846745"
"17","5","0.0025","0.29","3","0.5","0.05","1","80","5","8","0","0.5","10","4","242","3.9545454545454546"
"16","5","0.0025","0.29","3","0.5","0.05","1","80","5","8","0","0.5","10","20","238","4.03781512605042"
"14","5","0.0025","0.29","3","0.5","0.05","1","80","5","8","0","0.5","10","45","260","4.119230769230769"
"17","5","0.0025","0.29","3","0.5","0.05","1","80","5","8","0","0.5","10","5","242","3.9545454545454546"
"16","5","0.0025","0.29","3","0.5","0.05","1","80","5","8","0","0.5","10","21","237","4.037974683544304"
"17","5","0.0025","0.29","3","0.5","0.05","1","80","5","8","0","0.5","10","6","239","3.9581589958158996"
"13","5","0.0025","0.29","3","0.5","0.05","1","80","5","8","0","0.5","10","43","256","4.06640625"
"15","5","0.0025","0.29","3","0.5","0.05","1","80","5","8","0","0.5","10","40","265","4.079245283018868"
"13","5","0.0025","0.29","3","0.5","0.05","1","80","5","8","0","0.5","10","44","254","4.066929133858268"
"18","5","0.0025","0.29","3","0.5","0.05","1","80","5","8","0","0.5","10","0","237","4.071729957805907"
"13","5","0.0025","0.29","3","0.5","0.05","1","80","5","8","0","0.5","10","45","253","4.067193675889328"
"15","5","0.0025","0.29","3","0.5","0.05","1","80","5","8","0","0.5","10","41","265","4.079245283018868"
"14","5","0.0025","0.29","3","0.5","0.05","1","80","5","8","0","0.5","10","46","259","4.115830115830116"
"15","5","0.0025","0.29","3","0.5","0.05","1","80","5","8","0","0.5","10","42","264","4.079545454545454"
"14","5","0.0025","0.29","3","0.5","0.05","1","80","5","8","0","0.5","10","47","257","4.116731517509727"
"14","5","0.0025","0.29","3","0.5","0.05","1","80","5","8","0","0.5","10","48","255","4.117647058823529"
"16","5","0.0025","0.29","3","0.5","0.05","1","80","5","8","0","0.5","10","22","235","4.042553191489362"
"17","5","0.0025","0.29","3","0.5","0.05","1","80","5","8","0","0.5","10","7","239","3.9623430962343096"
"16","5","0.0025","0.29","3","0.5","0.05","1","80","5","8","0","0.5","10","23","235","4.042553191489362"
"17","5","0.0025","0.29","3","0.5","0.05","1","80","5","8","0","0.5","10","8","238","3.966386554621849"
"18","5","0.0025","0.29","3","0.5","0.05","1","80","5","8","0","0.5","10","1","234","4.102564102564102"
"16","5","0.0025","0.29","3","0.5","0.05","1","80","5","8","0","0.5","10","24","234","4.042735042735043"
"13","5","0.0025","0.29","3","0.5","0.05","1","80","5","8","0","0.5","10","46","251","4.067729083665339"
"18","5","0.0025","0.29","3","0.5","0.05","1","80","5","8","0","0.5","10","2","234","4.1239316239316235"
"17","5","0.0025","0.29","3","0.5","0.05","1","80","5","8","0","0.5","10","9","237","3.9662447257383966"
"13","5","0.0025","0.29","3","0.5","0.05","1","80","5","8","0","0.5","10","47","251","4.067729083665339"
"15","5","0.0025","0.29","3","0.5","0.05","1","80","5","8","0","0.5","10","43","263","4.079847908745247"
"18","5","0.0025","0.29","3","0.5","0.05","1","80","5","8","0","0.5","10","3","233","4.133047210300429"
"13","5","0.0025","0.29","3","0.5","0.05","1","80","5","8","0","0.5","10","48","250","4.068"
"15","5","0.0025","0.29","3","0.5","0.05","1","80","5","8","0","0.5","10","44","263","4.079847908745247"
"15","5","0.0025","0.29","3","0.5","0.05","1","80","5","8","0","0.5","10","45","262","4.083969465648855"
"17","5","0.0025","0.29","3","0.5","0.05","1","80","5","8","0","0.5","10","10","235","3.9659574468085106"
"14","5","0.0025","0.29","3","0.5","0.05","1","80","5","8","0","0.5","10","49","266","3.9323308270676693"
"17","5","0.0025","0.29","3","0.5","0.05","1","80","5","8","0","0.5","10","11","232","3.9655172413793105"
"16","5","0.0025","0.29","3","0.5","0.05","1","80","5","8","0","0.5","10","25","242","3.8801652892561984"
"14","5","0.0025","0.29","3","0.5","0.05","1","80","5","8","0","0.5","10","50","266","4.120300751879699"
"18","5","0.0025","0.29","3","0.5","0.05","1","80","5","8","0","0.5","10","4","231","4.134199134199134"
"16","5","0.0025","0.29","3","0.5","0.05","1","80","5","8","0","0.5","10","26","242","4.049586776859504"
"17","5","0.0025","0.29","3","0.5","0.05","1","80","5","8","0","0.5","10","12","231","3.965367965367965"
"18","5","0.0025","0.29","3","0.5","0.05","1","80","5","8","0","0.5","10","5","230","4.126086956521739"
"14","5","0.0025","0.29","3","0.5","0.05","1","80","5","8","0","0.5","10","51","264","4.109848484848484"
"16","5","0.0025","0.29","3","0.5","0.05","1","80","5","8","0","0.5","10","27","242","4.053719008264463"
"18","5","0.0025","0.29","3","0.5","0.05","1","80","5","8","0","0.5","10","6","230","4.1173913043478265"
"15","5","0.0025","0.29","3","0.5","0.05","1","80","5","8","0","0.5","10","46","262","4.080152671755725"
"13","5","0.0025","0.29","3","0.5","0.05","1","80","5","8","0","0.5","10","49","271","3.7527675276752768"
"15","5","0.0025","0.29","3","0.5","0.05","1","80","5","8","0","0.5","10","47","257","4.081712062256809"
"15","5","0.0025","0.29","3","0.5","0.05","1","80","5","8","0","0.5","10","48","255","4.08235294117647"
"16","5","0.0025","0.29","3","0.5","0.05","1","80","5","8","0","0.5","10","28","242","4.053719008264463"
"13","5","0.0025","0.29","3","0.5","0.05","1","80","5","8","0","0.5","10","50","270","4.037037037037037"
"16","5","0.0025","0.29","3","0.5","0.05","1","80","5","8","0","0.5","10","29","240","4.054166666666666"
"14","5","0.0025","0.29","3","0.5","0.05","1","80","5","8","0","0.5","10","52","264","4.125"
"13","5","0.0025","0.29","3","0.5","0.05","1","80","5","8","0","0.5","10","51","270","4.022222222222222"
"18","5","0.0025","0.29","3","0.5","0.05","1","80","5","8","0","0.5","10","7","229","4.117903930131004"
"16","5","0.0025","0.29","3","0.5","0.05","1","80","5","8","0","0.5","10","30","240","4.058333333333334"
"14","5","0.0025","0.29","3","0.5","0.05","1","80","5","8","0","0.5","10","53","262","4.122137404580153"
"18","5","0.0025","0.29","3","0.5","0.05","1","80","5","8","0","0.5","10","8","229","4.117903930131004"
"17","5","0.0025","0.29","3","0.5","0.05","1","80","5","8","0","0.5","10","13","243","3.736625514403292"
"14","5","0.0025","0.29","3","0.5","0.05","1","80","5","8","0","0.5","10","54","261","4.118773946360153"
"18","5","0.0025","0.29","3","0.5","0.05","1","80","5","8","0","0.5","10","9","229","4.117903930131004"
"17","5","0.0025","0.29","3","0.5","0.05","1","80","5","8","0","0.5","10","14","243","3.962962962962963"
"16","5","0.0025","0.29","3","0.5","0.05","1","80","5","8","0","0.5","10","31","239","4.058577405857741"
"17","5","0.0025","0.29","3","0.5","0.05","1","80","5","8","0","0.5","10","15","242","3.958677685950413"
"13","5","0.0025","0.29","3","0.5","0.05","1","80","5","8","0","0.5","10","52","268","4.026119402985074"
"16","5","0.0025","0.29","3","0.5","0.05","1","80","5","8","0","0.5","10","32","239","4.058577405857741"
"18","5","0.0025","0.29","3","0.5","0.05","1","80","5","8","0","0.5","10","10","226","4.119469026548672"
"13","5","0.0025","0.29","3","0.5","0.05","1","80","5","8","0","0.5","10","53","267","4.0187265917602994"
"16","5","0.0025","0.29","3","0.5","0.05","1","80","5","8","0","0.5","10","33","238","4.054621848739496"
"14","5","0.0025","0.29","3","0.5","0.05","1","80","5","8","0","0.5","10","55","260","4.115384615384615"
"18","5","0.0025","0.29","3","0.5","0.05","1","80","5","8","0","0.5","10","11","225","4.12"
"13","5","0.0025","0.29","3","0.5","0.05","1","80","5","8","0","0.5","10","54","266","4.026315789473684"
"14","5","0.0025","0.29","3","0.5","0.05","1","80","5","8","0","0.5","10","56","260","4.115384615384615"
"17","5","0.0025","0.29","3","0.5","0.05","1","80","5","8","0","0.5","10","16","241","3.954356846473029"
"18","5","0.0025","0.29","3","0.5","0.05","1","80","5","8","0","0.5","10","12","225","4.12"
"15","5","0.0025","0.29","3","0.5","0.05","1","80","5","8","0","0.5","10","49","268","3.8544776119402986"
"14","5","0.0025","0.29","3","0.5","0.05","1","80","5","8","0","0.5","10","57","258","4.116279069767442"
"17","5","0.0025","0.29","3","0.5","0.05","1","80","5","8","0","0.5","10","17","241","3.954356846473029"
"15","5","0.0025","0.29","3","0.5","0.05","1","80","5","8","0","0.5","10","50","267","4.078651685393258"
"17","5","0.0025","0.29","3","0.5","0.05","1","80","5","8","0","0.5","10","18","239","3.9539748953974896"
"16","5","0.0025","0.29","3","0.5","0.05","1","80","5","8","0","0.5","10","34","237","4.050632911392405"
"15","5","0.0025","0.29","3","0.5","0.05","1","80","5","8","0","0.5","10","51","267","4.082397003745318"
"13","5","0.0025","0.29","3","0.5","0.05","1","80","5","8","0","0.5","10","55","266","4.030075187969925"
"16","5","0.0025","0.29","3","0.5","0.05","1","80","5","8","0","0.5","10","35","237","4.046413502109704"
"13","5","0.0025","0.29","3","0.5","0.05","1","80","5","8","0","0.5","10","56","265","4.030188679245283"
"16","5","0.0025","0.29","3","0.5","0.05","1","80","5","8","0","0.5","10","36","235","4.046808510638298"
"14","5","0.0025","0.29","3","0.5","0.05","1","80","5","8","0","0.5","10","58","257","4.116731517509727"
"18","5","0.0025","0.29","3","0.5","0.05","1","80","5","8","0","0.5","10","13","243","3.814814814814815"
"13","5","0.0025","0.29","3","0.5","0.05","1","80","5","8","0","0.5","10","57","264","4.034090909090909"
"17","5","0.0025","0.29","3","0.5","0.05","1","80","5","8","0","0.5","10","19","238","3.953781512605042"
"18","5","0.0025","0.29","3","0.5","0.05","1","80","5","8","0","0.5","10","14","243","4.1193415637860085"
"14","5","0.0025","0.29","3","0.5","0.05","1","80","5","8","0","0.5","10","59","255","4.117647058823529"
"17","5","0.0025","0.29","3","0.5","0.05","1","80","5","8","0","0.5","10","20","238","3.953781512605042"
"18","5","0.0025","0.29","3","0.5","0.05","1","80","5","8","0","0.5","10","15","242","4.1115702479338845"
"14","5","0.0025","0.29","3","0.5","0.05","1","80","5","8","0","0.5","10","60","254","4.118110236220472"
"17","5","0.0025","0.29","3","0.5","0.05","1","80","5","8","0","0.5","10","21","238","3.953781512605042"
"15","5","0.0025","0.29","3","0.5","0.05","1","80","5","8","0","0.5","10","52","267","4.082397003745318"
"16","5","0.0025","0.29","3","0.5","0.05","1","80","5","8","0","0.5","10","37","243","3.9135802469135803"
"15","5","0.0025","0.29","3","0.5","0.05","1","80","5","8","0","0.5","10","53","265","4.083018867924529"
"13","5","0.0025","0.29","3","0.5","0.05","1","80","5","8","0","0.5","10","58","262","4.030534351145038"
"16","5","0.0025","0.29","3","0.5","0.05","1","80","5","8","0","0.5","10","38","242","4.053719008264463"
"18","5","0.0025","0.29","3","0.5","0.05","1","80","5","8","0","0.5","10","16","240","4.1125"
"15","5","0.0025","0.29","3","0.5","0.05","1","80","5","8","0","0.5","10","54","263","4.079847908745247"
"13","5","0.0025","0.29","3","0.5","0.05","1","80","5","8","0","0.5","10","59","261","4.030651340996169"
"17","5","0.0025","0.29","3","0.5","0.05","1","80","5","8","0","0.5","10","22","237","3.9535864978902953"
"18","5","0.0025","0.29","3","0.5","0.05","1","80","5","8","0","0.5","10","17","240","4.104166666666667"
"16","5","0.0025","0.29","3","0.5","0.05","1","80","5","8","0","0.5","10","39","241","4.049792531120332"
"13","5","0.0025","0.29","3","0.5","0.05","1","80","5","8","0","0.5","10","60","260","4.030769230769231"
"18","5","0.0025","0.29","3","0.5","0.05","1","80","5","8","0","0.5","10","18","240","4.104166666666667"
"17","5","0.0025","0.29","3","0.5","0.05","1","80","5","8","0","0.5","10","23","234","3.952991452991453"
"14","5","0.0025","0.29","3","0.5","0.05","1","80","5","8","0","0.5","10","61","264","3.962121212121212"
"17","5","0.0025","0.29","3","0.5","0.05","1","80","5","8","0","0.5","10","24","234","3.952991452991453"
"14","5","0.0025","0.29","3","0.5","0.05","1","80","5","8","0","0.5","10","62","263","4.1216730038022815"
"16","5","0.0025","0.29","3","0.5","0.05","1","80","5","8","0","0.5","10","40","239","4.054393305439331"
"14","5","0.0025","0.29","3","0.5","0.05","1","80","5","8","0","0.5","10","63","263","4.11787072243346"
"16","5","0.0025","0.29","3","0.5","0.05","1","80","5","8","0","0.5","10","41","238","4.054621848739496"
"18","5","0.0025","0.29","3","0.5","0.05","1","80","5","8","0","0.5","10","19","237","4.109704641350211"
"15","5","0.0025","0.29","3","0.5","0.05","1","80","5","8","0","0.5","10","55","263","4.079847908745247"
"16","5","0.0025","0.29","3","0.5","0.05","1","80","5","8","0","0.5","10","42","238","4.054621848739496"
"18","5","0.0025","0.29","3","0.5","0.05","1","80","5","8","0","0.5","10","20","237","4.105485232067511"
"15","5","0.0025","0.29","3","0.5","0.05","1","80","5","8","0","0.5","10","56","261","4.080459770114943"
"18","5","0.0025","0.29","3","0.5","0.05","1","80","5","8","0","0.5","10","21","237","4.105485232067511"
"15","5","0.0025","0.29","3","0.5","0.05","1","80","5","8","0","0.5","10","57","261","4.080459770114943"
"14","5","0.0025","0.29","3","0.5","0.05","1","80","5","8","0","0.5","10","64","260","4.123076923076923"
"13","5","0.0025","0.29","3","0.5","0.05","1","80","5","8","0","0.5","10","61","274","3.781021897810219"
"14","5","0.0025","0.29","3","0.5","0.05","1","80","5","8","0","0.5","10","65","259","4.127413127413128"
"13","5","0.0025","0.29","3","0.5","0.05","1","80","5","8","0","0.5","10","62","271","4.029520295202952"
"16","5","0.0025","0.29","3","0.5","0.05","1","80","5","8","0","0.5","10","43","236","4.055084745762712"
"17","5","0.0025","0.29","3","0.5","0.05","1","80","5","8","0","0.5","10","25","249","3.714859437751004"
"14","5","0.0025","0.29","3","0.5","0.05","1","80","5","8","0","0.5","10","66","259","4.127413127413128"
"16","5","0.0025","0.29","3","0.5","0.05","1","80","5","8","0","0.5","10","44","234","4.055555555555555"
"13","5","0.0025","0.29","3","0.5","0.05","1","80","5","8","0","0.5","10","63","268","4.018656716417911"
"18","5","0.0025","0.29","3","0.5","0.05","1","80","5","8","0","0.5","10","22","237","4.105485232067511"
"17","5","0.0025","0.29","3","0.5","0.05","1","80","5","8","0","0.5","10","26","249","3.9437751004016066"
"16","5","0.0025","0.29","3","0.5","0.05","1","80","5","8","0","0.5","10","45","233","4.055793991416309"
"18","5","0.0025","0.29","3","0.5","0.05","1","80","5","8","0","0.5","10","23","237","4.105485232067511"
"17","5","0.0025","0.29","3","0.5","0.05","1","80","5","8","0","0.5","10","27","248","3.943548387096774"
"15","5","0.0025","0.29","3","0.5","0.05","1","80","5","8","0","0.5","10","58","259","4.081081081081081"
"18","5","0.0025","0.29","3","0.5","0.05","1","80","5","8","0","0.5","10","24","236","4.1059322033898304"
"15","5","0.0025","0.29","3","0.5","0.05","1","80","5","8","0","0.5","10","59","258","4.0813953488372094"
"14","5","0.0025","0.29","3","0.5","0.05","1","80","5","8","0","0.5","10","67","258","4.127906976744186"
"15","5","0.0025","0.29","3","0.5","0.05","1","80","5","8","0","0.5","10","60","256","4.08203125"
"14","5","0.0025","0.29","3","0.5","0.05","1","80","5","8","0","0.5","10","68","257","4.128404669260701"
"13","5","0.0025","0.29","3","0.5","0.05","1","80","5","8","0","0.5","10","64","266","4.030075187969925"
"14","5","0.0025","0.29","3","0.5","0.05","1","80","5","8","0","0.5","10","69","257","4.128404669260701"
"16","5","0.0025","0.29","3","0.5","0.05","1","80","5","8","0","0.5","10","46","231","4.0562770562770565"
"17","5","0.0025","0.29","3","0.5","0.05","1","80","5","8","0","0.5","10","28","248","3.943548387096774"
"13","5","0.0025","0.29","3","0.5","0.05","1","80","5","8","0","0.5","10","65","266","4.030075187969925"
"16","5","0.0025","0.29","3","0.5","0.05","1","80","5","8","0","0.5","10","47","229","4.06113537117904"
"17","5","0.0025","0.29","3","0.5","0.05","1","80","5","8","0","0.5","10","29","246","3.9471544715447155"
"16","5","0.0025","0.29","3","0.5","0.05","1","80","5","8","0","0.5","10","48","227","4.061674008810573"
"13","5","0.0025","0.29","3","0.5","0.05","1","80","5","8","0","0.5","10","66","264","4.03030303030303"
"17","5","0.0025","0.29","3","0.5","0.05","1","80","5","8","0","0.5","10","30","246","3.9430894308943087"
"18","5","0.0025","0.29","3","0.5","0.05","1","80","5","8","0","0.5","10","25","254","3.7992125984251968"
"14","5","0.0025","0.29","3","0.5","0.05","1","80","5","8","0","0.5","10","70","256","4.12890625"
"18","5","0.0025","0.29","3","0.5","0.05","1","80","5","8","0","0.5","10","26","252","4.059523809523809"
"14","5","0.0025","0.29","3","0.5","0.05","1","80","5","8","0","0.5","10","71","255","4.129411764705883"
"18","5","0.0025","0.29","3","0.5","0.05","1","80","5","8","0","0.5","10","27","250","4.044"
"14","5","0.0025","0.29","3","0.5","0.05","1","80","5","8","0","0.5","10","72","254","4.1299212598425195"
"17","5","0.0025","0.29","3","0.5","0.05","1","80","5","8","0","0.5","10","31","246","3.9430894308943087"
"15","5","0.0025","0.29","3","0.5","0.05","1","80","5","8","0","0.5","10","61","287","3.6271777003484322"
"17","5","0.0025","0.29","3","0.5","0.05","1","80","5","8","0","0.5","10","32","246","3.9430894308943087"
"17","5","0.0025","0.29","3","0.5","0.05","1","80","5","8","0","0.5","10","33","244","3.942622950819672"
"15","5","0.0025","0.29","3","0.5","0.05","1","80","5","8","0","0.5","10","62","287","4.16376306620209"
"16","5","0.0025","0.29","3","0.5","0.05","1","80","5","8","0","0.5","10","49","241","3.8257261410788383"
"15","5","0.0025","0.29","3","0.5","0.05","1","80","5","8","0","0.5","10","63","287","4.16376306620209"
"16","5","0.0025","0.29","3","0.5","0.05","1","80","5","8","0","0.5","10","50","237","4.029535864978903"
"18","5","0.0025","0.29","3","0.5","0.05","1","80","5","8","0","0.5","10","28","250","4.056"
"16","5","0.0025","0.29","3","0.5","0.05","1","80","5","8","0","0.5","10","51","237","4.033755274261603"
"13","5","0.0025","0.29","3","0.5","0.05","1","80","5","8","0","0.5","10","67","263","4.022813688212928"
"18","5","0.0025","0.29","3","0.5","0.05","1","80","5","8","0","0.5","10","29","250","4.048"
"14","5","0.0025","0.29","3","0.5","0.05","1","80","5","8","0","0.5","10","73","272","3.8419117647058822"
"13","5","0.0025","0.29","3","0.5","0.05","1","80","5","8","0","0.5","10","68","262","4.026717557251908"
"17","5","0.0025","0.29","3","0.5","0.05","1","80","5","8","0","0.5","10","34","244","3.942622950819672"
"18","5","0.0025","0.29","3","0.5","0.05","1","80","5","8","0","0.5","10","30","250","4.056"
"13","5","0.0025","0.29","3","0.5","0.05","1","80","5","8","0","0.5","10","69","262","4.022900763358779"
"14","5","0.0025","0.29","3","0.5","0.05","1","80","5","8","0","0.5","10","74","271","4.121771217712177"
"17","5","0.0025","0.29","3","0.5","0.05","1","80","5","8","0","0.5","10","35","244","3.942622950819672"
"14","5","0.0025","0.29","3","0.5","0.05","1","80","5","8","0","0.5","10","75","269","4.118959107806692"
"17","5","0.0025","0.29","3","0.5","0.05","1","80","5","8","0","0.5","10","36","244","3.942622950819672"
"16","5","0.0025","0.29","3","0.5","0.05","1","80","5","8","0","0.5","10","52","237","4.033755274261603"
"15","5","0.0025","0.29","3","0.5","0.05","1","80","5","8","0","0.5","10","64","287","4.153310104529616"
"16","5","0.0025","0.29","3","0.5","0.05","1","80","5","8","0","0.5","10","53","236","4.033898305084746"
"18","5","0.0025","0.29","3","0.5","0.05","1","80","5","8","0","0.5","10","31","249","4.048192771084337"
"15","5","0.0025","0.29","3","0.5","0.05","1","80","5","8","0","0.5","10","65","286","4.15034965034965"
"16","5","0.0025","0.29","3","0.5","0.05","1","80","5","8","0","0.5","10","54","235","4.034042553191489"
"18","5","0.0025","0.29","3","0.5","0.05","1","80","5","8","0","0.5","10","32","247","4.052631578947368"
"15","5","0.0025","0.29","3","0.5","0.05","1","80","5","8","0","0.5","10","66","284","4.151408450704225"
"13","5","0.0025","0.29","3","0.5","0.05","1","80","5","8","0","0.5","10","70","261","4.022988505747127"
"18","5","0.0025","0.29","3","0.5","0.05","1","80","5","8","0","0.5","10","33","246","4.036585365853658"
"14","5","0.0025","0.29","3","0.5","0.05","1","80","5","8","0","0.5","10","76","269","4.118959107806692"
"13","5","0.0025","0.29","3","0.5","0.05","1","80","5","8","0","0.5","10","71","259","4.011583011583012"
"17","5","0.0025","0.29","3","0.5","0.05","1","80","5","8","0","0.5","10","37","257","3.7431906614785992"
"14","5","0.0025","0.29","3","0.5","0.05","1","80","5","8","0","0.5","10","77","269","4.118959107806692"
"13","5","0.0025","0.29","3","0.5","0.05","1","80","5","8","0","0.5","10","72","259","4.011583011583012"
"17","5","0.0025","0.29","3","0.5","0.05","1","80","5","8","0","0.5","10","38","254","3.925196850393701"
"14","5","0.0025","0.29","3","0.5","0.05","1","80","5","8","0","0.5","10","78","264","4.125"
"16","5","0.0025","0.29","3","0.5","0.05","1","80","5","8","0","0.5","10","55","235","4.034042553191489"
"17","5","0.0025","0.29","3","0.5","0.05","1","80","5","8","0","0.5","10","39","254","3.9173228346456694"
"18","5","0.0025","0.29","3","0.5","0.05","1","80","5","8","0","0.5","10","34","246","4.040650406504065"
"16","5","0.0025","0.29","3","0.5","0.05","1","80","5","8","0","0.5","10","56","234","4.02991452991453"
"16","5","0.0025","0.29","3","0.5","0.05","1","80","5","8","0","0.5","10","57","233","4.0257510729613735"
"18","5","0.0025","0.29","3","0.5","0.05","1","80","5","8","0","0.5","10","35","244","4.032786885245901"
"15","5","0.0025","0.29","3","0.5","0.05","1","80","5","8","0","0.5","10","67","284","4.151408450704225"
"18","5","0.0025","0.29","3","0.5","0.05","1","80","5","8","0","0.5","10","36","244","4.040983606557377"
"15","5","0.0025","0.29","3","0.5","0.05","1","80","5","8","0","0.5","10","68","283","4.148409893992933"
"14","5","0.0025","0.29","3","0.5","0.05","1","80","5","8","0","0.5","10","79","264","4.125"
"15","5","0.0025","0.29","3","0.5","0.05","1","80","5","8","0","0.5","10","69","282","4.148936170212766"
"17","5","0.0025","0.29","3","0.5","0.05","1","80","5","8","0","0.5","10","40","251","3.9243027888446216"
"13","5","0.0025","0.29","3","0.5","0.05","1","80","5","8","0","0.5","10","73","282","3.6843971631205674"
"14","5","0.0025","0.29","3","0.5","0.05","1","80","5","8","0","0.5","10","80","263","4.1254752851711025"
"17","5","0.0025","0.29","3","0.5","0.05","1","80","5","8","0","0.5","10","41","251","3.9163346613545817"
"16","5","0.0025","0.29","3","0.5","0.05","1","80","5","8","0","0.5","10","58","231","4.025974025974026"
"13","5","0.0025","0.29","3","0.5","0.05","1","80","5","8","0","0.5","10","74","277","3.967509025270758"
"14","5","0.0025","0.29","3","0.5","0.05","1","80","5","8","0","0.5","10","81","263","4.1254752851711025"
"17","5","0.0025","0.29","3","0.5","0.05","1","80","5","8","0","0.5","10","42","251","3.9282868525896415"
"16","5","0.0025","0.29","3","0.5","0.05","1","80","5","8","0","0.5","10","59","231","4.025974025974026"
"13","5","0.0025","0.29","3","0.5","0.05","1","80","5","8","0","0.5","10","75","276","3.963768115942029"
"16","5","0.0025","0.29","3","0.5","0.05","1","80","5","8","0","0.5","10","60","231","4.025974025974026"
"18","5","0.0025","0.29","3","0.5","0.05","1","80","5","8","0","0.5","10","37","267","3.6704119850187267"
"15","5","0.0025","0.29","3","0.5","0.05","1","80","5","8","0","0.5","10","70","281","4.149466192170818"
"18","5","0.0025","0.29","3","0.5","0.05","1","80","5","8","0","0.5","10","38","267","4.00374531835206"
"14","5","0.0025","0.29","3","0.5","0.05","1","80","5","8","0","0.5","10","82","261","4.126436781609195"
"15","5","0.0025","0.29","3","0.5","0.05","1","80","5","8","0","0.5","10","71","278","4.151079136690647"
"18","5","0.0025","0.29","3","0.5","0.05","1","80","5","8","0","0.5","10","39","265","3.9924528301886792"
"14","5","0.0025","0.29","3","0.5","0.05","1","80","5","8","0","0.5","10","83","259","4.127413127413128"
"17","5","0.0025","0.29","3","0.5","0.05","1","80","5","8","0","0.5","10","43","250","3.916"
"15","5","0.0025","0.29","3","0.5","0.05","1","80","5","8","0","0.5","10","72","277","4.1516245487364625"
"14","5","0.0025","0.29","3","0.5","0.05","1","80","5","8","0","0.5","10","84","257","4.128404669260701"
"13","5","0.0025","0.29","3","0.5","0.05","1","80","5","8","0","0.5","10","76","276","3.967391304347826"
"17","5","0.0025","0.29","3","0.5","0.05","1","80","5","8","0","0.5","10","44","250","3.916"
"16","5","0.0025","0.29","3","0.5","0.05","1","80","5","8","0","0.5","10","61","249","3.7349397590361444"
"13","5","0.0025","0.29","3","0.5","0.05","1","80","5","8","0","0.5","10","77","276","3.9565217391304346"
"17","5","0.0025","0.29","3","0.5","0.05","1","80","5","8","0","0.5","10","45","250","3.916"
"16","5","0.0025","0.29","3","0.5","0.05","1","80","5","8","0","0.5","10","62","249","4.040160642570281"
"13","5","0.0025","0.29","3","0.5","0.05","1","80","5","8","0","0.5","10","78","274","3.9671532846715327"
"16","5","0.0025","0.29","3","0.5","0.05","1","80","5","8","0","0.5","10","63","249","4.080321285140562"
"18","5","0.0025","0.29","3","0.5","0.05","1","80","5","8","0","0.5","10","40","264","3.977272727272727"
"18","5","0.0025","0.29","3","0.5","0.05","1","80","5","8","0","0.5","10","41","262","3.980916030534351"
"18","5","0.0025","0.29","3","0.5","0.05","1","80","5","8","0","0.5","10","42","262","3.980916030534351"
"17","5","0.0025","0.29","3","0.5","0.05","1","80","5","8","0","0.5","10","46","250","3.916"
"16","5","0.0025","0.29","3","0.5","0.05","1","80","5","8","0","0.5","10","64","248","4.092741935483871"
"13","5","0.0025","0.29","3","0.5","0.05","1","80","5","8","0","0.5","10","79","274","3.9562043795620436"
"17","5","0.0025","0.29","3","0.5","0.05","1","80","5","8","0","0.5","10","47","250","3.916"
"16","5","0.0025","0.29","3","0.5","0.05","1","80","5","8","0","0.5","10","65","248","4.084677419354839"
"14","5","0.0025","0.29","3","0.5","0.05","1","80","5","8","0","0.5","10","85","284","3.721830985915493"
"13","5","0.0025","0.29","3","0.5","0.05","1","80","5","8","0","0.5","10","80","273","3.9633699633699635"
"17","5","0.0025","0.29","3","0.5","0.05","1","80","5","8","0","0.5","10","48","247","3.923076923076923"
"16","5","0.0025","0.29","3","0.5","0.05","1","80","5","8","0","0.5","10","66","248","4.092741935483871"
"14","5","0.0025","0.29","3","0.5","0.05","1","80","5","8","0","0.5","10","86","284","4.119718309859155"
"15","5","0.0025","0.29","3","0.5","0.05","1","80","5","8","0","0.5","10","73","293","3.9249146757679183"
"13","5","0.0025","0.29","3","0.5","0.05","1","80","5","8","0","0.5","10","81","273","3.956043956043956"
"14","5","0.0025","0.29","3","0.5","0.05","1","80","5","8","0","0.5","10","87","284","4.116197183098592"
"18","5","0.0025","0.29","3","0.5","0.05","1","80","5","8","0","0.5","10","43","262","3.980916030534351"
"15","5","0.0025","0.29","3","0.5","0.05","1","80","5","8","0","0.5","10","74","291","4.161512027491409"
"18","5","0.0025","0.29","3","0.5","0.05","1","80","5","8","0","0.5","10","44","262","3.9770992366412212"
"15","5","0.0025","0.29","3","0.5","0.05","1","80","5","8","0","0.5","10","75","290","4.158620689655172"
"16","5","0.0025","0.29","3","0.5","0.05","1","80","5","8","0","0.5","10","67","246","4.085365853658536"
"18","5","0.0025","0.29","3","0.5","0.05","1","80","5","8","0","0.5","10","45","262","3.984732824427481"
"16","5","0.0025","0.29","3","0.5","0.05","1","80","5","8","0","0.5","10","68","246","4.0894308943089435"
"14","5","0.0025","0.29","3","0.5","0.05","1","80","5","8","0","0.5","10","88","282","4.117021276595745"
"16","5","0.0025","0.29","3","0.5","0.05","1","80","5","8","0","0.5","10","69","245","4.089795918367347"
"13","5","0.0025","0.29","3","0.5","0.05","1","80","5","8","0","0.5","10","82","272","3.963235294117647"
"14","5","0.0025","0.29","3","0.5","0.05","1","80","5","8","0","0.5","10","89","282","4.117021276595745"
"13","5","0.0025","0.29","3","0.5","0.05","1","80","5","8","0","0.5","10","83","272","3.9558823529411766"
"17","5","0.0025","0.29","3","0.5","0.05","1","80","5","8","0","0.5","10","49","260","3.6846153846153844"
"14","5","0.0025","0.29","3","0.5","0.05","1","80","5","8","0","0.5","10","90","281","4.117437722419929"
"13","5","0.0025","0.29","3","0.5","0.05","1","80","5","8","0","0.5","10","84","270","3.9592592592592593"
"15","5","0.0025","0.29","3","0.5","0.05","1","80","5","8","0","0.5","10","76","287","4.16376306620209"
"16","5","0.0025","0.29","3","0.5","0.05","1","80","5","8","0","0.5","10","70","245","4.093877551020408"
"18","5","0.0025","0.29","3","0.5","0.05","1","80","5","8","0","0.5","10","46","261","3.9770114942528734"
"17","5","0.0025","0.29","3","0.5","0.05","1","80","5","8","0","0.5","10","50","259","3.8957528957528957"
"15","5","0.0025","0.29","3","0.5","0.05","1","80","5","8","0","0.5","10","77","287","4.16376306620209"
"18","5","0.0025","0.29","3","0.5","0.05","1","80","5","8","0","0.5","10","47","260","3.973076923076923"
"17","5","0.0025","0.29","3","0.5","0.05","1","80","5","8","0","0.5","10","51","259","3.8996138996139"
"16","5","0.0025","0.29","3","0.5","0.05","1","80","5","8","0","0.5","10","71","243","4.090534979423868"
"15","5","0.0025","0.29","3","0.5","0.05","1","80","5","8","0","0.5","10","78","287","4.167247386759582"
"18","5","0.0025","0.29","3","0.5","0.05","1","80","5","8","0","0.5","10","48","259","3.976833976833977"
"14","5","0.0025","0.29","3","0.5","0.05","1","80","5","8","0","0.5","10","91","280","4.121428571428571"
"16","5","0.0025","0.29","3","0.5","0.05","1","80","5","8","0","0.5","10","72","240","4.104166666666667"
"14","5","0.0025","0.29","3","0.5","0.05","1","80","5","8","0","0.5","10","92","279","4.118279569892473"
"14","5","0.0025","0.29","3","0.5","0.05","1","80","5","8","0","0.5","10","93","278","4.118705035971223"
"13","5","0.0025","0.29","3","0.5","0.05","1","80","5","8","0","0.5","10","85","287","3.7142857142857144"
"17","5","0.0025","0.29","3","0.5","0.05","1","80","5","8","0","0.5","10","52","259","3.891891891891892"
"13","5","0.0025","0.29","3","0.5","0.05","1","80","5","8","0","0.5","10","86","287","3.940766550522648"
"17","5","0.0025","0.29","3","0.5","0.05","1","80","5","8","0","0.5","10","53","258","3.895348837209302"
"13","5","0.0025","0.29","3","0.5","0.05","1","80","5","8","0","0.5","10","87","285","3.9368421052631577"
"15","5","0.0025","0.29","3","0.5","0.05","1","80","5","8","0","0.5","10","79","286","4.1678321678321675"
"17","5","0.0025","0.29","3","0.5","0.05","1","80","5","8","0","0.5","10","54","256","3.890625"
"15","5","0.0025","0.29","3","0.5","0.05","1","80","5","8","0","0.5","10","80","286","4.171328671328672"
"18","5","0.0025","0.29","3","0.5","0.05","1","80","5","8","0","0.5","10","49","283","3.636042402826855"
"16","5","0.0025","0.29","3","0.5","0.05","1","80","5","8","0","0.5","10","73","253","3.8735177865612647"
"14","5","0.0025","0.29","3","0.5","0.05","1","80","5","8","0","0.5","10","94","277","4.11913357400722"
"15","5","0.0025","0.29","3","0.5","0.05","1","80","5","8","0","0.5","10","81","284","4.165492957746479"
"16","5","0.0025","0.29","3","0.5","0.05","1","80","5","8","0","0.5","10","74","253","4.1106719367588935"
"14","5","0.0025","0.29","3","0.5","0.05","1","80","5","8","0","0.5","10","95","277","4.11913357400722"
"13","5","0.0025","0.29","3","0.5","0.05","1","80","5","8","0","0.5","10","88","283","3.939929328621908"
"18","5","0.0025","0.29","3","0.5","0.05","1","80","5","8","0","0.5","10","50","282","3.9574468085106385"
"16","5","0.0025","0.29","3","0.5","0.05","1","80","5","8","0","0.5","10","75","253","4.1106719367588935"
"14","5","0.0025","0.29","3","0.5","0.05","1","80","5","8","0","0.5","10","96","275","4.116363636363636"
"13","5","0.0025","0.29","3","0.5","0.05","1","80","5","8","0","0.5","10","89","283","3.9363957597173145"
"18","5","0.0025","0.29","3","0.5","0.05","1","80","5","8","0","0.5","10","51","282","3.9574468085106385"
"17","5","0.0025","0.29","3","0.5","0.05","1","80","5","8","0","0.5","10","55","256","3.89453125"
"13","5","0.0025","0.29","3","0.5","0.05","1","80","5","8","0","0.5","10","90","281","3.9395017793594307"
"17","5","0.0025","0.29","3","0.5","0.05","1","80","5","8","0","0.5","10","56","256","3.890625"
"16","5","0.0025","0.29","3","0.5","0.05","1","80","5","8","0","0.5","10","76","253","4.118577075098814"
"17","5","0.0025","0.29","3","0.5","0.05","1","80","5","8","0","0.5","10","57","253","3.8932806324110674"
"16","5","0.0025","0.29","3","0.5","0.05","1","80","5","8","0","0.5","10","77","252","4.115079365079365"
"15","5","0.0025","0.29","3","0.5","0.05","1","80","5","8","0","0.5","10","82","283","4.169611307420495"
"18","5","0.0025","0.29","3","0.5","0.05","1","80","5","8","0","0.5","10","52","281","3.9501779359430604"
"16","5","0.0025","0.29","3","0.5","0.05","1","80","5","8","0","0.5","10","78","252","4.119047619047619"
"15","5","0.0025","0.29","3","0.5","0.05","1","80","5","8","0","0.5","10","83","281","4.1637010676156585"
"18","5","0.0025","0.29","3","0.5","0.05","1","80","5","8","0","0.5","10","53","280","3.942857142857143"
"13","5","0.0025","0.29","3","0.5","0.05","1","80","5","8","0","0.5","10","91","277","3.9386281588447654"
"15","5","0.0025","0.29","3","0.5","0.05","1","80","5","8","0","0.5","10","84","278","4.16546762589928"
"14","5","0.0025","0.29","3","0.5","0.05","1","80","5","8","0","0.5","10","97","290","3.872413793103448"
"18","5","0.0025","0.29","3","0.5","0.05","1","80","5","8","0","0.5","10","54","278","3.949640287769784"
"13","5","0.0025","0.29","3","0.5","0.05","1","80","5","8","0","0.5","10","92","277","3.9386281588447654"
"14","5","0.0025","0.29","3","0.5","0.05","1","80","5","8","0","0.5","10","98","289","4.079584775086505"
"16","5","0.0025","0.29","3","0.5","0.05","1","80","5","8","0","0.5","10","79","251","4.115537848605578"
"13","5","0.0025","0.29","3","0.5","0.05","1","80","5","8","0","0.5","10","93","276","3.9384057971014492"
"17","5","0.0025","0.29","3","0.5","0.05","1","80","5","8","0","0.5","10","58","249","3.891566265060241"
"16","5","0.0025","0.29","3","0.5","0.05","1","80","5","8","0","0.5","10","80","248","4.125"
"17","5","0.0025","0.29","3","0.5","0.05","1","80","5","8","0","0.5","10","59","248","3.903225806451613"
"14","5","0.0025","0.29","3","0.5","0.05","1","80","5","8","0","0.5","10","99","289","4.069204152249135"
"16","5","0.0025","0.29","3","0.5","0.05","1","80","5","8","0","0.5","10","81","247","4.129554655870446"
"17","5","0.0025","0.29","3","0.5","0.05","1","80","5","8","0","0.5","10","60","247","3.902834008097166"
"18","5","0.0025","0.29","3","0.5","0.05","1","80","5","8","0","0.5","10","55","278","3.9424460431654675"
"14","5","0.0025","0.29","3","0.5","0.05","1","80","5","8","0","0.5","10","100","289","4.069204152249135"
"18","5","0.0025","0.29","3","0.5","0.05","1","80","5","8","0","0.5","10","56","277","3.9458483754512637"
"13","5","0.0025","0.29","3","0.5","0.05","1","80","5","8","0","0.5","10","94","272","3.9338235294117645"
"18","5","0.0025","0.29","3","0.5","0.05","1","80","5","8","0","0.5","10","57","277","3.949458483754513"
"16","5","0.0025","0.29","3","0.5","0.05","1","80","5","8","0","0.5","10","82","247","4.129554655870446"
"14","5","0.0025","0.29","3","0.5","0.05","1","80","5","8","0","0.5","10","101","288","4.069444444444445"
"13","5","0.0025","0.29","3","0.5","0.05","1","80","5","8","0","0.5","10","95","272","3.9301470588235294"
"15","5","0.0025","0.29","3","0.5","0.05","1","80","5","8","0","0.5","10","85","292","3.962328767123288"
"16","5","0.0025","0.29","3","0.5","0.05","1","80","5","8","0","0.5","10","83","247","4.129554655870446"
"14","5","0.0025","0.29","3","0.5","0.05","1","80","5","8","0","0.5","10","102","287","4.069686411149826"
"13","5","0.0025","0.29","3","0.5","0.05","1","80","5","8","0","0.5","10","96","270","3.937037037037037"
"16","5","0.0025","0.29","3","0.5","0.05","1","80","5","8","0","0.5","10","84","246","4.130081300813008"
"15","5","0.0025","0.29","3","0.5","0.05","1","80","5","8","0","0.5","10","86","291","4.185567010309279"
"17","5","0.0025","0.29","3","0.5","0.05","1","80","5","8","0","0.5","10","61","264","3.6553030303030303"
"15","5","0.0025","0.29","3","0.5","0.05","1","80","5","8","0","0.5","10","87","291","4.1924398625429555"
"17","5","0.0025","0.29","3","0.5","0.05","1","80","5","8","0","0.5","10","62","258","3.945736434108527"
"18","5","0.0025","0.29","3","0.5","0.05","1","80","5","8","0","0.5","10","58","275","3.949090909090909"
"17","5","0.0025","0.29","3","0.5","0.05","1","80","5","8","0","0.5","10","63","258","3.937984496124031"
"14","5","0.0025","0.29","3","0.5","0.05","1","80","5","8","0","0.5","10","103","285","4.0701754385964914"
"18","5","0.0025","0.29","3","0.5","0.05","1","80","5","8","0","0.5","10","59","275","3.949090909090909"
"14","5","0.0025","0.29","3","0.5","0.05","1","80","5","8","0","0.5","10","104","282","4.070921985815603"
"18","5","0.0025","0.29","3","0.5","0.05","1","80","5","8","0","0.5","10","60","271","3.955719557195572"
"14","5","0.0025","0.29","3","0.5","0.05","1","80","5","8","0","0.5","10","105","282","4.070921985815603"
"16","5","0.0025","0.29","3","0.5","0.05","1","80","5","8","0","0.5","10","85","257","3.937743190661479"
"15","5","0.0025","0.29","3","0.5","0.05","1","80","5","8","0","0.5","10","88","291","4.1924398625429555"
"16","5","0.0025","0.29","3","0.5","0.05","1","80","5","8","0","0.5","10","86","257","4.128404669260701"
"15","5","0.0025","0.29","3","0.5","0.05","1","80","5","8","0","0.5","10","89","290","4.2"
"13","5","0.0025","0.29","3","0.5","0.05","1","80","5","8","0","0.5","10","97","284","3.742957746478873"
"16","5","0.0025","0.29","3","0.5","0.05","1","80","5","8","0","0.5","10","87","256","4.140625"
"17","5","0.0025","0.29","3","0.5","0.05","1","80","5","8","0","0.5","10","64","258","3.934108527131783"
"15","5","0.0025","0.29","3","0.5","0.05","1","80","5","8","0","0.5","10","90","288","4.190972222222222"
"13","5","0.0025","0.29","3","0.5","0.05","1","80","5","8","0","0.5","10","98","283","3.9717314487632507"
"17","5","0.0025","0.29","3","0.5","0.05","1","80","5","8","0","0.5","10","65","257","3.937743190661479"
"13","5","0.0025","0.29","3","0.5","0.05","1","80","5","8","0","0.5","10","99","282","3.9574468085106385"
"17","5","0.0025","0.29","3","0.5","0.05","1","80","5","8","0","0.5","10","66","255","3.933333333333333"
"14","5","0.0025","0.29","3","0.5","0.05","1","80","5","8","0","0.5","10","106","282","4.070921985815603"
"16","5","0.0025","0.29","3","0.5","0.05","1","80","5","8","0","0.5","10","88","254","4.1299212598425195"
"14","5","0.0025","0.29","3","0.5","0.05","1","80","5","8","0","0.5","10","107","280","4.071428571428571"
"16","5","0.0025","0.29","3","0.5","0.05","1","80","5","8","0","0.5","10","89","252","4.142857142857143"
"15","5","0.0025","0.29","3","0.5","0.05","1","80","5","8","0","0.5","10","91","286","4.178321678321678"
"14","5","0.0025","0.29","3","0.5","0.05","1","80","5","8","0","0.5","10","108","280","4.071428571428571"
"16","5","0.0025","0.29","3","0.5","0.05","1","80","5","8","0","0.5","10","90","251","4.143426294820717"
"18","5","0.0025","0.29","3","0.5","0.05","1","80","5","8","0","0.5","10","61","282","3.74468085106383"
"13","5","0.0025","0.29","3","0.5","0.05","1","80","5","8","0","0.5","10","100","282","3.9680851063829787"
"15","5","0.0025","0.29","3","0.5","0.05","1","80","5","8","0","0.5","10","92","286","4.178321678321678"
"17","5","0.0025","0.29","3","0.5","0.05","1","80","5","8","0","0.5","10","67","253","3.932806324110672"
"18","5","0.0025","0.29","3","0.5","0.05","1","80","5","8","0","0.5","10","62","282","3.950354609929078"
"13","5","0.0025","0.29","3","0.5","0.05","1","80","5","8","0","0.5","10","101","281","3.9572953736654806"
"15","5","0.0025","0.29","3","0.5","0.05","1","80","5","8","0","0.5","10","93","285","4.189473684210526"
"17","5","0.0025","0.29","3","0.5","0.05","1","80","5","8","0","0.5","10","68","253","3.932806324110672"
"18","5","0.0025","0.29","3","0.5","0.05","1","80","5","8","0","0.5","10","63","282","3.9539007092198584"
"13","5","0.0025","0.29","3","0.5","0.05","1","80","5","8","0","0.5","10","102","280","3.9571428571428573"
"17","5","0.0025","0.29","3","0.5","0.05","1","80","5","8","0","0.5","10","69","253","3.932806324110672"
"16","5","0.0025","0.29","3","0.5","0.05","1","80","5","8","0","0.5","10","91","251","4.143426294820717"
"16","5","0.0025","0.29","3","0.5","0.05","1","80","5","8","0","0.5","10","92","251","4.143426294820717"
"16","5","0.0025","0.29","3","0.5","0.05","1","80","5","8","0","0.5","10","93","250","4.144"
"18","5","0.0025","0.29","3","0.5","0.05","1","80","5","8","0","0.5","10","64","282","3.9539007092198584"
"14","5","0.0025","0.29","3","0.5","0.05","1","80","5","8","0","0.5","10","109","294","3.8333333333333335"
"13","5","0.0025","0.29","3","0.5","0.05","1","80","5","8","0","0.5","10","103","279","3.956989247311828"
"15","5","0.0025","0.29","3","0.5","0.05","1","80","5","8","0","0.5","10","94","285","4.185964912280702"
"18","5","0.0025","0.29","3","0.5","0.05","1","80","5","8","0","0.5","10","65","282","3.9539007092198584"
"17","5","0.0025","0.29","3","0.5","0.05","1","80","5","8","0","0.5","10","70","253","3.9367588932806323"
"13","5","0.0025","0.29","3","0.5","0.05","1","80","5","8","0","0.5","10","104","278","3.9532374100719423"
"14","5","0.0025","0.29","3","0.5","0.05","1","80","5","8","0","0.5","10","110","291","4.099656357388316"
"18","5","0.0025","0.29","3","0.5","0.05","1","80","5","8","0","0.5","10","66","281","3.9537366548042705"
"17","5","0.0025","0.29","3","0.5","0.05","1","80","5","8","0","0.5","10","71","253","3.9367588932806323"
"15","5","0.0025","0.29","3","0.5","0.05","1","80","5","8","0","0.5","10","95","285","4.189473684210526"
"13","5","0.0025","0.29","3","0.5","0.05","1","80","5","8","0","0.5","10","105","278","3.9532374100719423"
"14","5","0.0025","0.29","3","0.5","0.05","1","80","5","8","0","0.5","10","111","291","4.085910652920962"
"16","5","0.0025","0.29","3","0.5","0.05","1","80","5","8","0","0.5","10","94","250","4.144"
"17","5","0.0025","0.29","3","0.5","0.05","1","80","5","8","0","0.5","10","72","251","3.944223107569721"
"15","5","0.0025","0.29","3","0.5","0.05","1","80","5","8","0","0.5","10","96","284","4.183098591549296"
"16","5","0.0025","0.29","3","0.5","0.05","1","80","5","8","0","0.5","10","95","250","4.144"
"16","5","0.0025","0.29","3","0.5","0.05","1","80","5","8","0","0.5","10","96","248","4.145161290322581"
"18","5","0.0025","0.29","3","0.5","0.05","1","80","5","8","0","0.5","10","67","280","3.9535714285714287"
"13","5","0.0025","0.29","3","0.5","0.05","1","80","5","8","0","0.5","10","106","278","3.9532374100719423"
"18","5","0.0025","0.29","3","0.5","0.05","1","80","5","8","0","0.5","10","68","279","3.953405017921147"
"13","5","0.0025","0.29","3","0.5","0.05","1","80","5","8","0","0.5","10","107","277","3.953068592057762"
"14","5","0.0025","0.29","3","0.5","0.05","1","80","5","8","0","0.5","10","112","290","4.082758620689655"
"18","5","0.0025","0.29","3","0.5","0.05","1","80","5","8","0","0.5","10","69","276","3.9565217391304346"
"17","5","0.0025","0.29","3","0.5","0.05","1","80","5","8","0","0.5","10","73","258","3.8255813953488373"
"13","5","0.0025","0.29","3","0.5","0.05","1","80","5","8","0","0.5","10","108","275","3.9672727272727273"
"14","5","0.0025","0.29","3","0.5","0.05","1","80","5","8","0","0.5","10","113","290","4.0793103448275865"
"17","5","0.0025","0.29","3","0.5","0.05","1","80","5","8","0","0.5","10","74","257","3.953307392996109"
"16","5","0.0025","0.29","3","0.5","0.05","1","80","5","8","0","0.5","10","97","257","4"
"15","5","0.0025","0.29","3","0.5","0.05","1","80","5","8","0","0.5","10","97","293","4.027303754266212"
"14","5","0.0025","0.29","3","0.5","0.05","1","80","5","8","0","0.5","10","114","289","4.083044982698962"
"17","5","0.0025","0.29","3","0.5","0.05","1","80","5","8","0","0.5","10","75","257","3.953307392996109"
"15","5","0.0025","0.29","3","0.5","0.05","1","80","5","8","0","0.5","10","98","293","4.160409556313994"
"16","5","0.0025","0.29","3","0.5","0.05","1","80","5","8","0","0.5","10","98","254","4.173228346456693"
"15","5","0.0025","0.29","3","0.5","0.05","1","80","5","8","0","0.5","10","99","293","4.15358361774744"
"16","5","0.0025","0.29","3","0.5","0.05","1","80","5","8","0","0.5","10","99","252","4.182539682539683"
"18","5","0.0025","0.29","3","0.5","0.05","1","80","5","8","0","0.5","10","70","274","3.9562043795620436"
"17","5","0.0025","0.29","3","0.5","0.05","1","80","5","8","0","0.5","10","76","256","3.96484375"
"18","5","0.0025","0.29","3","0.5","0.05","1","80","5","8","0","0.5","10","71","272","3.9558823529411766"
"17","5","0.0025","0.29","3","0.5","0.05","1","80","5","8","0","0.5","10","77","256","3.96484375"
"14","5","0.0025","0.29","3","0.5","0.05","1","80","5","8","0","0.5","10","115","288","4.079861111111111"
"15","5","0.0025","0.29","3","0.5","0.05","1","80","5","8","0","0.5","10","100","291","4.158075601374571"
"18","5","0.0025","0.29","3","0.5","0.05","1","80","5","8","0","0.5","10","72","272","3.9558823529411766"
"13","5","0.0025","0.29","3","0.5","0.05","1","80","5","8","0","0.5","10","109","291","3.7147766323024056"
"16","5","0.0025","0.29","3","0.5","0.05","1","80","5","8","0","0.5","10","100","250","4.18"
"17","5","0.0025","0.29","3","0.5","0.05","1","80","5","8","0","0.5","10","78","253","3.964426877470356"
"14","5","0.0025","0.29","3","0.5","0.05","1","80","5","8","0","0.5","10","116","286","4.0874125874125875"
"15","5","0.0025","0.29","3","0.5","0.05","1","80","5","8","0","0.5","10","101","291","4.158075601374571"
"13","5","0.0025","0.29","3","0.5","0.05","1","80","5","8","0","0.5","10","110","290","3.9586206896551723"
"16","5","0.0025","0.29","3","0.5","0.05","1","80","5","8","0","0.5","10","101","249","4.184738955823293"
"14","5","0.0025","0.29","3","0.5","0.05","1","80","5","8","0","0.5","10","117","284","4.091549295774648"
"15","5","0.0025","0.29","3","0.5","0.05","1","80","5","8","0","0.5","10","102","291","4.168384879725086"
"16","5","0.0025","0.29","3","0.5","0.05","1","80","5","8","0","0.5","10","102","249","4.176706827309237"
"13","5","0.0025","0.29","3","0.5","0.05","1","80","5","8","0","0.5","10","111","290","3.9379310344827587"
"17","5","0.0025","0.29","3","0.5","0.05","1","80","5","8","0","0.5","10","79","250","3.968"
"15","5","0.0025","0.29","3","0.5","0.05","1","80","5","8","0","0.5","10","103","291","4.171821305841925"
"17","5","0.0025","0.29","3","0.5","0.05","1","80","5","8","0","0.5","10","80","249","3.967871485943775"
"13","5","0.0025","0.29","3","0.5","0.05","1","80","5","8","0","0.5","10","112","290","3.9517241379310346"
"16","5","0.0025","0.29","3","0.5","0.05","1","80","5","8","0","0.5","10","103","248","4.181451612903226"
"17","5","0.0025","0.29","3","0.5","0.05","1","80","5","8","0","0.5","10","81","247","3.967611336032389"
"14","5","0.0025","0.29","3","0.5","0.05","1","80","5","8","0","0.5","10","118","284","4.091549295774648"
"18","5","0.0025","0.29","3","0.5","0.05","1","80","5","8","0","0.5","10","73","282","3.801418439716312"
"15","5","0.0025","0.29","3","0.5","0.05","1","80","5","8","0","0.5","10","104","290","4.1689655172413795"
"16","5","0.0025","0.29","3","0.5","0.05","1","80","5","8","0","0.5","10","104","248","4.17741935483871"
"13","5","0.0025","0.29","3","0.5","0.05","1","80","5","8","0","0.5","10","113","290","3.9482758620689653"
"18","5","0.0025","0.29","3","0.5","0.05","1","80","5","8","0","0.5","10","74","281","3.96085409252669"
"14","5","0.0025","0.29","3","0.5","0.05","1","80","5","8","0","0.5","10","119","283","4.095406360424028"
"16","5","0.0025","0.29","3","0.5","0.05","1","80","5","8","0","0.5","10","105","247","4.182186234817814"
"15","5","0.0025","0.29","3","0.5","0.05","1","80","5","8","0","0.5","10","105","290","4.1689655172413795"
"13","5","0.0025","0.29","3","0.5","0.05","1","80","5","8","0","0.5","10","114","289","3.9515570934256057"
"18","5","0.0025","0.29","3","0.5","0.05","1","80","5","8","0","0.5","10","75","281","3.9572953736654806"
"14","5","0.0025","0.29","3","0.5","0.05","1","80","5","8","0","0.5","10","120","282","4.095744680851064"
"15","5","0.0025","0.29","3","0.5","0.05","1","80","5","8","0","0.5","10","106","289","4.16955017301038"
"17","5","0.0025","0.29","3","0.5","0.05","1","80","5","8","0","0.5","10","82","245","3.9673469387755103"
"16","5","0.0025","0.29","3","0.5","0.05","1","80","5","8","0","0.5","10","106","245","4.183673469387755"
"13","5","0.0025","0.29","3","0.5","0.05","1","80","5","8","0","0.5","10","115","289","3.9550173010380623"
"17","5","0.0025","0.29","3","0.5","0.05","1","80","5","8","0","0.5","10","83","244","3.9672131147540983"
"15","5","0.0025","0.29","3","0.5","0.05","1","80","5","8","0","0.5","10","107","288","4.166666666666667"
"16","5","0.0025","0.29","3","0.5","0.05","1","80","5","8","0","0.5","10","107","244","4.192622950819672"
"18","5","0.0025","0.29","3","0.5","0.05","1","80","5","8","0","0.5","10","76","279","3.96415770609319"
"13","5","0.0025","0.29","3","0.5","0.05","1","80","5","8","0","0.5","10","116","288","3.9444444444444446"
"17","5","0.0025","0.29","3","0.5","0.05","1","80","5","8","0","0.5","10","84","243","3.9670781893004117"
"16","5","0.0025","0.29","3","0.5","0.05","1","80","5","8","0","0.5","10","108","244","4.188524590163935"
"15","5","0.0025","0.29","3","0.5","0.05","1","80","5","8","0","0.5","10","108","287","4.170731707317073"
"18","5","0.0025","0.29","3","0.5","0.05","1","80","5","8","0","0.5","10","77","278","3.960431654676259"
"13","5","0.0025","0.29","3","0.5","0.05","1","80","5","8","0","0.5","10","117","287","3.9547038327526134"
"19","5","0.0025","0.29","3","0.5","0.05","1","80","5","8","0","0.5","10","0","238","3.9705882352941178"
"18","5","0.0025","0.29","3","0.5","0.05","1","80","5","8","0","0.5","10","78","276","3.963768115942029"
"13","5","0.0025","0.29","3","0.5","0.05","1","80","5","8","0","0.5","10","118","287","3.951219512195122"
"19","5","0.0025","0.29","3","0.5","0.05","1","80","5","8","0","0.5","10","1","238","4.1722689075630255"
"13","5","0.0025","0.29","3","0.5","0.05","1","80","5","8","0","0.5","10","119","282","3.9468085106382977"
"17","5","0.0025","0.29","3","0.5","0.05","1","80","5","8","0","0.5","10","85","266","3.6240601503759398"
"16","5","0.0025","0.29","3","0.5","0.05","1","80","5","8","0","0.5","10","109","257","3.964980544747082"
"18","5","0.0025","0.29","3","0.5","0.05","1","80","5","8","0","0.5","10","79","276","3.960144927536232"
"19","5","0.0025","0.29","3","0.5","0.05","1","80","5","8","0","0.5","10","2","237","4.168776371308017"
"15","5","0.0025","0.29","3","0.5","0.05","1","80","5","8","0","0.5","10","109","303","3.933993399339934"
"13","5","0.0025","0.29","3","0.5","0.05","1","80","5","8","0","0.5","10","120","280","3.9464285714285716"
"19","5","0.0025","0.29","3","0.5","0.05","1","80","5","8","0","0.5","10","3","237","4.160337552742616"
"17","5","0.0025","0.29","3","0.5","0.05","1","80","5","8","0","0.5","10","86","266","3.93609022556391"
"16","5","0.0025","0.29","3","0.5","0.05","1","80","5","8","0","0.5","10","110","256","4.2265625"
"18","5","0.0025","0.29","3","0.5","0.05","1","80","5","8","0","0.5","10","80","276","3.963768115942029"
"15","5","0.0025","0.29","3","0.5","0.05","1","80","5","8","0","0.5","10","110","301","4.166112956810632"
"17","5","0.0025","0.29","3","0.5","0.05","1","80","5","8","0","0.5","10","87","265","3.9358490566037734"
"16","5","0.0025","0.29","3","0.5","0.05","1","80","5","8","0","0.5","10","111","256","4.22265625"
"18","5","0.0025","0.29","3","0.5","0.05","1","80","5","8","0","0.5","10","81","273","3.95970695970696"
"15","5","0.0025","0.29","3","0.5","0.05","1","80","5","8","0","0.5","10","111","301","4.1694352159468435"
"19","5","0.0025","0.29","3","0.5","0.05","1","80","5","8","0","0.5","10","4","235","4.1617021276595745"
"19","5","0.0025","0.29","3","0.5","0.05","1","80","5","8","0","0.5","10","5","233","4.167381974248927"
"16","5","0.0025","0.29","3","0.5","0.05","1","80","5","8","0","0.5","10","112","254","4.224409448818897"
"17","5","0.0025","0.29","3","0.5","0.05","1","80","5","8","0","0.5","10","88","265","3.9320754716981132"
"19","5","0.0025","0.29","3","0.5","0.05","1","80","5","8","0","0.5","10","6","233","4.171673819742489"
"16","5","0.0025","0.29","3","0.5","0.05","1","80","5","8","0","0.5","10","113","252","4.222222222222222"
"17","5","0.0025","0.29","3","0.5","0.05","1","80","5","8","0","0.5","10","89","262","3.927480916030534"
"16","5","0.0025","0.29","3","0.5","0.05","1","80","5","8","0","0.5","10","114","252","4.222222222222222"
"15","5","0.0025","0.29","3","0.5","0.05","1","80","5","8","0","0.5","10","112","300","4.166666666666667"
"17","5","0.0025","0.29","3","0.5","0.05","1","80","5","8","0","0.5","10","90","262","3.927480916030534"
"18","5","0.0025","0.29","3","0.5","0.05","1","80","5","8","0","0.5","10","82","272","3.963235294117647"
"20","5","0.0025","0.29","3","0.5","0.05","1","80","5","8","0","0.5","10","0","260","3.9653846153846155"
"15","5","0.0025","0.29","3","0.5","0.05","1","80","5","8","0","0.5","10","113","298","4.171140939597316"
"18","5","0.0025","0.29","3","0.5","0.05","1","80","5","8","0","0.5","10","83","272","3.9595588235294117"
"15","5","0.0025","0.29","3","0.5","0.05","1","80","5","8","0","0.5","10","114","297","4.168350168350169"
"19","5","0.0025","0.29","3","0.5","0.05","1","80","5","8","0","0.5","10","7","232","4.168103448275862"
"18","5","0.0025","0.29","3","0.5","0.05","1","80","5","8","0","0.5","10","84","269","3.95910780669145"
"19","5","0.0025","0.29","3","0.5","0.05","1","80","5","8","0","0.5","10","8","231","4.1688311688311686"
"19","5","0.0025","0.29","3","0.5","0.05","1","80","5","8","0","0.5","10","9","230","4.165217391304348"
"16","5","0.0025","0.29","3","0.5","0.05","1","80","5","8","0","0.5","10","115","251","4.223107569721115"
"17","5","0.0025","0.29","3","0.5","0.05","1","80","5","8","0","0.5","10","91","259","3.9305019305019306"
"16","5","0.0025","0.29","3","0.5","0.05","1","80","5","8","0","0.5","10","116","250","4.224"
"20","5","0.0025","0.29","3","0.5","0.05","1","80","5","8","0","0.5","10","1","258","3.992248062015504"
"16","5","0.0025","0.29","3","0.5","0.05","1","80","5","8","0","0.5","10","117","250","4.224"
"17","5","0.0025","0.29","3","0.5","0.05","1","80","5","8","0","0.5","10","92","258","3.934108527131783"
"20","5","0.0025","0.29","3","0.5","0.05","1","80","5","8","0","0.5","10","2","258","3.9844961240310077"
"17","5","0.0025","0.29","3","0.5","0.05","1","80","5","8","0","0.5","10","93","256","3.93359375"
"20","5","0.0025","0.29","3","0.5","0.05","1","80","5","8","0","0.5","10","3","258","3.9728682170542635"
"15","5","0.0025","0.29","3","0.5","0.05","1","80","5","8","0","0.5","10","115","296","4.172297297297297"
"19","5","0.0025","0.29","3","0.5","0.05","1","80","5","8","0","0.5","10","10","230","4.165217391304348"
"19","5","0.0025","0.29","3","0.5","0.05","1","80","5","8","0","0.5","10","11","230","4.165217391304348"
"15","5","0.0025","0.29","3","0.5","0.05","1","80","5","8","0","0.5","10","116","293","4.170648464163823"
"16","5","0.0025","0.29","3","0.5","0.05","1","80","5","8","0","0.5","10","118","250","4.224"
"19","5","0.0025","0.29","3","0.5","0.05","1","80","5","8","0","0.5","10","12","230","4.165217391304348"
"18","5","0.0025","0.29","3","0.5","0.05","1","80","5","8","0","0.5","10","85","286","3.6888111888111887"
"16","5","0.0025","0.29","3","0.5","0.05","1","80","5","8","0","0.5","10","119","249","4.224899598393574"
"15","5","0.0025","0.29","3","0.5","0.05","1","80","5","8","0","0.5","10","117","291","4.171821305841925"
"18","5","0.0025","0.29","3","0.5","0.05","1","80","5","8","0","0.5","10","86","286","3.9545454545454546"
"16","5","0.0025","0.29","3","0.5","0.05","1","80","5","8","0","0.5","10","120","248","4.221774193548387"
"17","5","0.0025","0.29","3","0.5","0.05","1","80","5","8","0","0.5","10","94","254","3.9330708661417324"
"18","5","0.0025","0.29","3","0.5","0.05","1","80","5","8","0","0.5","10","87","286","3.9510489510489513"
"20","5","0.0025","0.29","3","0.5","0.05","1","80","5","8","0","0.5","10","4","256","3.9765625"
"17","5","0.0025","0.29","3","0.5","0.05","1","80","5","8","0","0.5","10","95","253","3.932806324110672"
"19","5","0.0025","0.29","3","0.5","0.05","1","80","5","8","0","0.5","10","13","240","3.9583333333333335"
"20","5","0.0025","0.29","3","0.5","0.05","1","80","5","8","0","0.5","10","5","256","3.9765625"
"17","5","0.0025","0.29","3","0.5","0.05","1","80","5","8","0","0.5","10","96","252","3.9325396825396823"
"19","5","0.0025","0.29","3","0.5","0.05","1","80","5","8","0","0.5","10","14","239","4.188284518828452"
"20","5","0.0025","0.29","3","0.5","0.05","1","80","5","8","0","0.5","10","6","256","3.9765625"
"19","5","0.0025","0.29","3","0.5","0.05","1","80","5","8","0","0.5","10","15","239","4.192468619246862"
"18","5","0.0025","0.29","3","0.5","0.05","1","80","5","8","0","0.5","10","88","286","3.958041958041958"
"18","5","0.0025","0.29","3","0.5","0.05","1","80","5","8","0","0.5","10","89","285","3.9543859649122806"
"15","5","0.0025","0.29","3","0.5","0.05","1","80","5","8","0","0.5","10","118","291","4.171821305841925"
"18","5","0.0025","0.29","3","0.5","0.05","1","80","5","8","0","0.5","10","90","285","3.957894736842105"
"21","10","0.0025","0.29","3","0.5","0.05","1","80","5","8","0","0.5","10","0","239","3.803347280334728"
"15","5","0.0025","0.29","3","0.5","0.05","1","80","5","8","0","0.5","10","119","291","4.175257731958763"
"19","5","0.0025","0.29","3","0.5","0.05","1","80","5","8","0","0.5","10","16","238","4.197478991596639"
"19","5","0.0025","0.29","3","0.5","0.05","1","80","5","8","0","0.5","10","17","238","4.197478991596639"
"15","5","0.0025","0.29","3","0.5","0.05","1","80","5","8","0","0.5","10","120","290","4.172413793103448"
"20","5","0.0025","0.29","3","0.5","0.05","1","80","5","8","0","0.5","10","7","254","3.9763779527559056"
"19","5","0.0025","0.29","3","0.5","0.05","1","80","5","8","0","0.5","10","18","238","4.201680672268908"
"20","5","0.0025","0.29","3","0.5","0.05","1","80","5","8","0","0.5","10","8","253","3.9762845849802373"
"18","5","0.0025","0.29","3","0.5","0.05","1","80","5","8","0","0.5","10","91","285","3.9543859649122806"
"17","5","0.0025","0.29","3","0.5","0.05","1","80","5","8","0","0.5","10","97","272","3.6213235294117645"
"20","5","0.0025","0.29","3","0.5","0.05","1","80","5","8","0","0.5","10","9","253","3.9762845849802373"
"18","5","0.0025","0.29","3","0.5","0.05","1","80","5","8","0","0.5","10","92","285","3.957894736842105"
"17","5","0.0025","0.29","3","0.5","0.05","1","80","5","8","0","0.5","10","98","272","3.9375"
"19","5","0.0025","0.29","3","0.5","0.05","1","80","5","8","0","0.5","10","19","238","4.205882352941177"
"18","5","0.0025","0.29","3","0.5","0.05","1","80","5","8","0","0.5","10","93","284","3.9577464788732395"
"21","10","0.0025","0.29","3","0.5","0.05","1","80","5","8","0","0.5","10","1","237","3.8945147679324896"
"17","5","0.0025","0.29","3","0.5","0.05","1","80","5","8","0","0.5","10","99","270","3.948148148148148"
"19","5","0.0025","0.29","3","0.5","0.05","1","80","5","8","0","0.5","10","20","237","4.206751054852321"
"21","10","0.0025","0.29","3","0.5","0.05","1","80","5","8","0","0.5","10","2","237","3.8734177215189876"
"19","5","0.0025","0.29","3","0.5","0.05","1","80","5","8","0","0.5","10","21","236","4.203389830508475"
"21","10","0.0025","0.29","3","0.5","0.05","1","80","5","8","0","0.5","10","3","234","3.858974358974359"
"22","10","0.0025","0.29","3","0.5","0.05","1","80","5","8","0","0.5","10","0","240","4.029166666666667"
"20","5","0.0025","0.29","3","0.5","0.05","1","80","5","8","0","0.5","10","10","250","3.972"
"18","5","0.0025","0.29","3","0.5","0.05","1","80","5","8","0","0.5","10","94","284","3.961267605633803"
"20","5","0.0025","0.29","3","0.5","0.05","1","80","5","8","0","0.5","10","11","249","3.9718875502008033"
"19","5","0.0025","0.29","3","0.5","0.05","1","80","5","8","0","0.5","10","22","236","4.203389830508475"
"18","5","0.0025","0.29","3","0.5","0.05","1","80","5","8","0","0.5","10","95","283","3.96113074204947"
"20","5","0.0025","0.29","3","0.5","0.05","1","80","5","8","0","0.5","10","12","249","3.9718875502008033"
"17","5","0.0025","0.29","3","0.5","0.05","1","80","5","8","0","0.5","10","100","270","3.948148148148148"
"19","5","0.0025","0.29","3","0.5","0.05","1","80","5","8","0","0.5","10","23","236","4.203389830508475"
"18","5","0.0025","0.29","3","0.5","0.05","1","80","5","8","0","0.5","10","96","279","3.967741935483871"
"19","5","0.0025","0.29","3","0.5","0.05","1","80","5","8","0","0.5","10","24","235","4.2042553191489365"
"17","5","0.0025","0.29","3","0.5","0.05","1","80","5","8","0","0.5","10","101","268","3.9477611940298507"
"22","10","0.0025","0.29","3","0.5","0.05","1","80","5","8","0","0.5","10","1","239","3.924686192468619"
"21","10","0.0025","0.29","3","0.5","0.05","1","80","5","8","0","0.5","10","4","234","3.8547008547008548"
"17","5","0.0025","0.29","3","0.5","0.05","1","80","5","8","0","0.5","10","102","266","3.9473684210526314"
"21","10","0.0025","0.29","3","0.5","0.05","1","80","5","8","0","0.5","10","5","234","3.8547008547008548"
"22","10","0.0025","0.29","3","0.5","0.05","1","80","5","8","0","0.5","10","2","239","3.899581589958159"
"21","10","0.0025","0.29","3","0.5","0.05","1","80","5","8","0","0.5","10","6","234","3.8547008547008548"
"22","10","0.0025","0.29","3","0.5","0.05","1","80","5","8","0","0.5","10","3","239","3.903765690376569"
"19","5","0.0025","0.29","3","0.5","0.05","1","80","5","8","0","0.5","10","25","248","3.9838709677419355"
"20","5","0.0025","0.29","3","0.5","0.05","1","80","5","8","0","0.5","10","13","260","3.8038461538461537"
"19","5","0.0025","0.29","3","0.5","0.05","1","80","5","8","0","0.5","10","26","248","4.217741935483871"
"21","10","0.0025","0.29","3","0.5","0.05","1","80","5","8","0","0.5","10","7","234","3.8547008547008548"
"20","5","0.0025","0.29","3","0.5","0.05","1","80","5","8","0","0.5","10","14","260","3.976923076923077"
"19","5","0.0025","0.29","3","0.5","0.05","1","80","5","8","0","0.5","10","27","245","4.228571428571429"
"22","10","0.0025","0.29","3","0.5","0.05","1","80","5","8","0","0.5","10","4","238","3.907563025210084"
"17","5","0.0025","0.29","3","0.5","0.05","1","80","5","8","0","0.5","10","103","264","3.946969696969697"
"21","10","0.0025","0.29","3","0.5","0.05","1","80","5","8","0","0.5","10","8","231","3.8528138528138527"
"20","5","0.0025","0.29","3","0.5","0.05","1","80","5","8","0","0.5","10","15","258","3.9728682170542635"
"18","5","0.0025","0.29","3","0.5","0.05","1","80","5","8","0","0.5","10","97","313","3.533546325878594"
"22","10","0.0025","0.29","3","0.5","0.05","1","80","5","8","0","0.5","10","5","238","3.907563025210084"
"21","10","0.0025","0.29","3","0.5","0.05","1","80","5","8","0","0.5","10","9","231","3.8528138528138527"
"17","5","0.0025","0.29","3","0.5","0.05","1","80","5","8","0","0.5","10","104","263","3.946768060836502"
"22","10","0.0025","0.29","3","0.5","0.05","1","80","5","8","0","0.5","10","6","238","3.907563025210084"
"18","5","0.0025","0.29","3","0.5","0.05","1","80","5","8","0","0.5","10","98","313","4.038338658146965"
"17","5","0.0025","0.29","3","0.5","0.05","1","80","5","8","0","0.5","10","105","262","3.946564885496183"
"18","5","0.0025","0.29","3","0.5","0.05","1","80","5","8","0","0.5","10","99","311","4.028938906752412"
"19","5","0.0025","0.29","3","0.5","0.05","1","80","5","8","0","0.5","10","28","245","4.2326530612244895"
"20","5","0.0025","0.29","3","0.5","0.05","1","80","5","8","0","0.5","10","16","257","3.972762645914397"
"19","5","0.0025","0.29","3","0.5","0.05","1","80","5","8","0","0.5","10","29","245","4.2326530612244895"
"21","10","0.0025","0.29","3","0.5","0.05","1","80","5","8","0","0.5","10","10","229","3.8558951965065504"
"21","10","0.0025","0.29","3","0.5","0.05","1","80","5","8","0","0.5","10","11","228","3.8552631578947367"
"20","5","0.0025","0.29","3","0.5","0.05","1","80","5","8","0","0.5","10","17","255","3.9725490196078432"
"19","5","0.0025","0.29","3","0.5","0.05","1","80","5","8","0","0.5","10","30","244","4.229508196721311"
"22","10","0.0025","0.29","3","0.5","0.05","1","80","5","8","0","0.5","10","7","237","3.9071729957805905"
"21","10","0.0025","0.29","3","0.5","0.05","1","80","5","8","0","0.5","10","12","228","3.8552631578947367"
"20","5","0.0025","0.29","3","0.5","0.05","1","80","5","8","0","0.5","10","18","255","3.9725490196078432"
"22","10","0.0025","0.29","3","0.5","0.05","1","80","5","8","0","0.5","10","8","237","3.9071729957805905"
"17","5","0.0025","0.29","3","0.5","0.05","1","80","5","8","0","0.5","10","106","261","3.946360153256705"
"22","10","0.0025","0.29","3","0.5","0.05","1","80","5","8","0","0.5","10","9","236","3.906779661016949"
"17","5","0.0025","0.29","3","0.5","0.05","1","80","5","8","0","0.5","10","107","260","3.95"
"19","5","0.0025","0.29","3","0.5","0.05","1","80","5","8","0","0.5","10","31","243","4.222222222222222"
"18","5","0.0025","0.29","3","0.5","0.05","1","80","5","8","0","0.5","10","100","308","4.032467532467533"
"17","5","0.0025","0.29","3","0.5","0.05","1","80","5","8","0","0.5","10","108","259","3.945945945945946"
"19","5","0.0025","0.29","3","0.5","0.05","1","80","5","8","0","0.5","10","32","242","4.2190082644628095"
"18","5","0.0025","0.29","3","0.5","0.05","1","80","5","8","0","0.5","10","101","307","4.026058631921824"
"20","5","0.0025","0.29","3","0.5","0.05","1","80","5","8","0","0.5","10","19","254","3.97244094488189"
"19","5","0.0025","0.29","3","0.5","0.05","1","80","5","8","0","0.5","10","33","241","4.219917012448133"
"18","5","0.0025","0.29","3","0.5","0.05","1","80","5","8","0","0.5","10","102","307","4.035830618892508"
"21","10","0.0025","0.29","3","0.5","0.05","1","80","5","8","0","0.5","10","13","241","3.6307053941908713"
"20","5","0.0025","0.29","3","0.5","0.05","1","80","5","8","0","0.5","10","20","253","3.972332015810277"
"22","10","0.0025","0.29","3","0.5","0.05","1","80","5","8","0","0.5","10","10","232","3.9051724137931036"
"20","5","0.0025","0.29","3","0.5","0.05","1","80","5","8","0","0.5","10","21","251","3.9721115537848606"
"21","10","0.0025","0.29","3","0.5","0.05","1","80","5","8","0","0.5","10","14","240","3.9291666666666667"
"22","10","0.0025","0.29","3","0.5","0.05","1","80","5","8","0","0.5","10","11","231","3.9047619047619047"
"21","10","0.0025","0.29","3","0.5","0.05","1","80","5","8","0","0.5","10","15","239","3.9456066945606696"
"22","10","0.0025","0.29","3","0.5","0.05","1","80","5","8","0","0.5","10","12","231","3.9047619047619047"
"19","5","0.0025","0.29","3","0.5","0.05","1","80","5","8","0","0.5","10","34","241","4.219917012448133"
"19","5","0.0025","0.29","3","0.5","0.05","1","80","5","8","0","0.5","10","35","241","4.219917012448133"
"17","5","0.0025","0.29","3","0.5","0.05","1","80","5","8","0","0.5","10","109","268","3.783582089552239"
"19","5","0.0025","0.29","3","0.5","0.05","1","80","5","8","0","0.5","10","36","238","4.218487394957983"
"21","10","0.0025","0.29","3","0.5","0.05","1","80","5","8","0","0.5","10","16","237","3.949367088607595"
"20","5","0.0025","0.29","3","0.5","0.05","1","80","5","8","0","0.5","10","22","250","3.972"
"18","5","0.0025","0.29","3","0.5","0.05","1","80","5","8","0","0.5","10","103","304","4.026315789473684"
"17","5","0.0025","0.29","3","0.5","0.05","1","80","5","8","0","0.5","10","110","267","3.958801498127341"
"21","10","0.0025","0.29","3","0.5","0.05","1","80","5","8","0","0.5","10","17","236","3.9491525423728815"
"20","5","0.0025","0.29","3","0.5","0.05","1","80","5","8","0","0.5","10","23","249","3.9718875502008033"
"18","5","0.0025","0.29","3","0.5","0.05","1","80","5","8","0","0.5","10","104","303","4.02970297029703"
"21","10","0.0025","0.29","3","0.5","0.05","1","80","5","8","0","0.5","10","18","236","3.9491525423728815"
"17","5","0.0025","0.29","3","0.5","0.05","1","80","5","8","0","0.5","10","111","265","3.9584905660377356"
"20","5","0.0025","0.29","3","0.5","0.05","1","80","5","8","0","0.5","10","24","247","3.97165991902834"
"18","5","0.0025","0.29","3","0.5","0.05","1","80","5","8","0","0.5","10","105","301","4.026578073089701"
"22","10","0.0025","0.29","3","0.5","0.05","1","80","5","8","0","0.5","10","13","246","3.6504065040650406"
"22","10","0.0025","0.29","3","0.5","0.05","1","80","5","8","0","0.5","10","14","245","3.889795918367347"
"22","10","0.0025","0.29","3","0.5","0.05","1","80","5","8","0","0.5","10","15","243","3.897119341563786"
"21","10","0.0025","0.29","3","0.5","0.05","1","80","5","8","0","0.5","10","19","234","3.9572649572649574"
"19","5","0.0025","0.29","3","0.5","0.05","1","80","5","8","0","0.5","10","37","255","3.933333333333333"
"17","5","0.0025","0.29","3","0.5","0.05","1","80","5","8","0","0.5","10","112","263","3.96958174904943"
"21","10","0.0025","0.29","3","0.5","0.05","1","80","5","8","0","0.5","10","20","234","3.965811965811966"
"19","5","0.0025","0.29","3","0.5","0.05","1","80","5","8","0","0.5","10","38","255","4.215686274509804"
"17","5","0.0025","0.29","3","0.5","0.05","1","80","5","8","0","0.5","10","113","261","3.9770114942528734"
"21","10","0.0025","0.29","3","0.5","0.05","1","80","5","8","0","0.5","10","21","233","3.9656652360515023"
"19","5","0.0025","0.29","3","0.5","0.05","1","80","5","8","0","0.5","10","39","255","4.219607843137255"
"17","5","0.0025","0.29","3","0.5","0.05","1","80","5","8","0","0.5","10","114","261","3.9885057471264367"
"20","5","0.0025","0.29","3","0.5","0.05","1","80","5","8","0","0.5","10","25","263","3.714828897338403"
"22","10","0.0025","0.29","3","0.5","0.05","1","80","5","8","0","0.5","10","16","243","3.888888888888889"
"20","5","0.0025","0.29","3","0.5","0.05","1","80","5","8","0","0.5","10","26","263","3.973384030418251"
"22","10","0.0025","0.29","3","0.5","0.05","1","80","5","8","0","0.5","10","17","243","3.8930041152263373"
"18","5","0.0025","0.29","3","0.5","0.05","1","80","5","8","0","0.5","10","106","300","4.033333333333333"
"19","5","0.0025","0.29","3","0.5","0.05","1","80","5","8","0","0.5","10","40","255","4.219607843137255"
"20","5","0.0025","0.29","3","0.5","0.05","1","80","5","8","0","0.5","10","27","263","3.96958174904943"
"22","10","0.0025","0.29","3","0.5","0.05","1","80","5","8","0","0.5","10","18","241","3.883817427385892"
"21","10","0.0025","0.29","3","0.5","0.05","1","80","5","8","0","0.5","10","22","232","3.9655172413793105"
"18","5","0.0025","0.29","3","0.5","0.05","1","80","5","8","0","0.5","10","107","298","4.030201342281879"
"19","5","0.0025","0.29","3","0.5","0.05","1","80","5","8","0","0.5","10","41","253","4.217391304347826"
"21","10","0.0025","0.29","3","0.5","0.05","1","80","5","8","0","0.5","10","23","232","3.9655172413793105"
"18","5","0.0025","0.29","3","0.5","0.05","1","80","5","8","0","0.5","10","108","294","4.034013605442177"
"19","5","0.0025","0.29","3","0.5","0.05","1","80","5","8","0","0.5","10","42","253","4.217391304347826"
"21","10","0.0025","0.29","3","0.5","0.05","1","80","5","8","0","0.5","10","24","232","3.9655172413793105"
"22","10","0.0025","0.29","3","0.5","0.05","1","80","5","8","0","0.5","10","19","238","3.8823529411764706"
"20","5","0.0025","0.29","3","0.5","0.05","1","80","5","8","0","0.5","10","28","263","3.96958174904943"
"17","5","0.0025","0.29","3","0.5","0.05","1","80","5","8","0","0.5","10","115","260","3.9846153846153847"
"22","10","0.0025","0.29","3","0.5","0.05","1","80","5","8","0","0.5","10","20","238","3.8823529411764706"
"20","5","0.0025","0.29","3","0.5","0.05","1","80","5","8","0","0.5","10","29","263","3.96958174904943"
"17","5","0.0025","0.29","3","0.5","0.05","1","80","5","8","0","0.5","10","116","258","3.9844961240310077"
"22","10","0.0025","0.29","3","0.5","0.05","1","80","5","8","0","0.5","10","21","237","3.8776371308016877"
"19","5","0.0025","0.29","3","0.5","0.05","1","80","5","8","0","0.5","10","43","253","4.217391304347826"
"20","5","0.0025","0.29","3","0.5","0.05","1","80","5","8","0","0.5","10","30","263","3.96958174904943"
"17","5","0.0025","0.29","3","0.5","0.05","1","80","5","8","0","0.5","10","117","258","3.9844961240310077"
"19","5","0.0025","0.29","3","0.5","0.05","1","80","5","8","0","0.5","10","44","252","4.218253968253968"
"19","5","0.0025","0.29","3","0.5","0.05","1","80","5","8","0","0.5","10","45","250","4.224"
"21","10","0.0025","0.29","3","0.5","0.05","1","80","5","8","0","0.5","10","25","258","3.565891472868217"
"20","5","0.0025","0.29","3","0.5","0.05","1","80","5","8","0","0.5","10","31","263","3.96958174904943"
"21","10","0.0025","0.29","3","0.5","0.05","1","80","5","8","0","0.5","10","26","257","3.992217898832685"
"22","10","0.0025","0.29","3","0.5","0.05","1","80","5","8","0","0.5","10","22","237","3.8776371308016877"
"20","5","0.0025","0.29","3","0.5","0.05","1","80","5","8","0","0.5","10","32","263","3.96958174904943"
"21","10","0.0025","0.29","3","0.5","0.05","1","80","5","8","0","0.5","10","27","257","4"
"17","5","0.0025","0.29","3","0.5","0.05","1","80","5","8","0","0.5","10","118","256","3.984375"
"22","10","0.0025","0.29","3","0.5","0.05","1","80","5","8","0","0.5","10","23","234","3.876068376068376"
"20","5","0.0025","0.29","3","0.5","0.05","1","80","5","8","0","0.5","10","33","261","3.9693486590038316"
"19","5","0.0025","0.29","3","0.5","0.05","1","80","5","8","0","0.5","10","46","249","4.220883534136546"
"22","10","0.0025","0.29","3","0.5","0.05","1","80","5","8","0","0.5","10","24","232","3.875"
"17","5","0.0025","0.29","3","0.5","0.05","1","80","5","8","0","0.5","10","119","254","3.9881889763779528"
"18","5","0.0025","0.29","3","0.5","0.05","1","80","5","8","0","0.5","10","109","316","3.759493670886076"
"19","5","0.0025","0.29","3","0.5","0.05","1","80","5","8","0","0.5","10","47","249","4.216867469879518"
"17","5","0.0025","0.29","3","0.5","0.05","1","80","5","8","0","0.5","10","120","254","3.9921259842519685"
"18","5","0.0025","0.29","3","0.5","0.05","1","80","5","8","0","0.5","10","110","315","4.019047619047619"
"19","5","0.0025","0.29","3","0.5","0.05","1","80","5","8","0","0.5","10","48","249","4.21285140562249"
"21","10","0.0025","0.29","3","0.5","0.05","1","80","5","8","0","0.5","10","28","253","4.003952569169961"
"18","5","0.0025","0.29","3","0.5","0.05","1","80","5","8","0","0.5","10","111","315","4.012698412698413"
"20","5","0.0025","0.29","3","0.5","0.05","1","80","5","8","0","0.5","10","34","258","3.9689922480620154"
"21","10","0.0025","0.29","3","0.5","0.05","1","80","5","8","0","0.5","10","29","251","3.99601593625498"
"20","5","0.0025","0.29","3","0.5","0.05","1","80","5","8","0","0.5","10","35","258","3.9689922480620154"
"20","5","0.0025","0.29","3","0.5","0.05","1","80","5","8","0","0.5","10","36","256","3.96875"
"22","10","0.0025","0.29","3","0.5","0.05","1","80","5","8","0","0.5","10","25","250","3.58"
"22","10","0.0025","0.29","3","0.5","0.05","1","80","5","8","0","0.5","10","26","249","3.895582329317269"
"18","5","0.0025","0.29","3","0.5","0.05","1","80","5","8","0","0.5","10","112","315","4.006349206349206"
"22","10","0.0025","0.29","3","0.5","0.05","1","80","5","8","0","0.5","10","27","248","3.899193548387097"
"19","5","0.0025","0.29","3","0.5","0.05","1","80","5","8","0","0.5","10","49","270","3.8703703703703702"
"21","10","0.0025","0.29","3","0.5","0.05","1","80","5","8","0","0.5","10","30","249","3.9879518072289155"
"23","10","0.0025","0.29","3","0.5","0.05","1","80","5","8","0","0.5","10","0","244","4.122950819672131"
"18","5","0.0025","0.29","3","0.5","0.05","1","80","5","8","0","0.5","10","113","313","4.003194888178914"
"19","5","0.0025","0.29","3","0.5","0.05","1","80","5","8","0","0.5","10","50","269","4.237918215613383"
"18","5","0.0025","0.29","3","0.5","0.05","1","80","5","8","0","0.5","10","114","312","4.006410256410256"
"19","5","0.0025","0.29","3","0.5","0.05","1","80","5","8","0","0.5","10","51","267","4.235955056179775"
"20","5","0.0025","0.29","3","0.5","0.05","1","80","5","8","0","0.5","10","37","276","3.681159420289855"
"22","10","0.0025","0.29","3","0.5","0.05","1","80","5","8","0","0.5","10","28","247","3.8987854251012144"
"20","5","0.0025","0.29","3","0.5","0.05","1","80","5","8","0","0.5","10","38","275","3.9709090909090907"
"22","10","0.0025","0.29","3","0.5","0.05","1","80","5","8","0","0.5","10","29","246","3.9065040650406506"
"23","10","0.0025","0.29","3","0.5","0.05","1","80","5","8","0","0.5","10","1","243","4.012345679012346"
"21","10","0.0025","0.29","3","0.5","0.05","1","80","5","8","0","0.5","10","31","246","3.983739837398374"
"22","10","0.0025","0.29","3","0.5","0.05","1","80","5","8","0","0.5","10","30","246","3.9146341463414633"
"20","5","0.0025","0.29","3","0.5","0.05","1","80","5","8","0","0.5","10","39","274","3.9671532846715327"
"23","10","0.0025","0.29","3","0.5","0.05","1","80","5","8","0","0.5","10","2","241","4"
"21","10","0.0025","0.29","3","0.5","0.05","1","80","5","8","0","0.5","10","32","245","3.975510204081633"
"19","5","0.0025","0.29","3","0.5","0.05","1","80","5","8","0","0.5","10","52","267","4.2322097378277155"
"21","10","0.0025","0.29","3","0.5","0.05","1","80","5","8","0","0.5","10","33","244","3.971311475409836"
"23","10","0.0025","0.29","3","0.5","0.05","1","80","5","8","0","0.5","10","3","240","4.004166666666666"
"19","5","0.0025","0.29","3","0.5","0.05","1","80","5","8","0","0.5","10","53","264","4.234848484848484"
"18","5","0.0025","0.29","3","0.5","0.05","1","80","5","8","0","0.5","10","115","310","4.006451612903226"
"19","5","0.0025","0.29","3","0.5","0.05","1","80","5","8","0","0.5","10","54","262","4.240458015267175"
"18","5","0.0025","0.29","3","0.5","0.05","1","80","5","8","0","0.5","10","116","309","4.003236245954692"
"22","10","0.0025","0.29","3","0.5","0.05","1","80","5","8","0","0.5","10","31","245","3.914285714285714"
"20","5","0.0025","0.29","3","0.5","0.05","1","80","5","8","0","0.5","10","40","274","3.9671532846715327"
"22","10","0.0025","0.29","3","0.5","0.05","1","80","5","8","0","0.5","10","32","245","3.9183673469387754"
"18","5","0.0025","0.29","3","0.5","0.05","1","80","5","8","0","0.5","10","117","308","4.0064935064935066"
"20","5","0.0025","0.29","3","0.5","0.05","1","80","5","8","0","0.5","10","41","274","3.9671532846715327"
"22","10","0.0025","0.29","3","0.5","0.05","1","80","5","8","0","0.5","10","33","244","3.9139344262295084"
"23","10","0.0025","0.29","3","0.5","0.05","1","80","5","8","0","0.5","10","4","240","4.0125"
"21","10","0.0025","0.29","3","0.5","0.05","1","80","5","8","0","0.5","10","34","244","3.971311475409836"
"20","5","0.0025","0.29","3","0.5","0.05","1","80","5","8","0","0.5","10","42","272","3.9669117647058822"
"23","10","0.0025","0.29","3","0.5","0.05","1","80","5","8","0","0.5","10","5","239","4.01255230125523"
"21","10","0.0025","0.29","3","0.5","0.05","1","80","5","8","0","0.5","10","35","244","3.971311475409836"
"19","5","0.0025","0.29","3","0.5","0.05","1","80","5","8","0","0.5","10","55","262","4.236641221374046"
"21","10","0.0025","0.29","3","0.5","0.05","1","80","5","8","0","0.5","10","36","243","3.97119341563786"
"23","10","0.0025","0.29","3","0.5","0.05","1","80","5","8","0","0.5","10","6","238","4.012605042016807"
"19","5","0.0025","0.29","3","0.5","0.05","1","80","5","8","0","0.5","10","56","260","4.2384615384615385"
"22","10","0.0025","0.29","3","0.5","0.05","1","80","5","8","0","0.5","10","34","242","3.9132231404958677"
"19","5","0.0025","0.29","3","0.5","0.05","1","80","5","8","0","0.5","10","57","258","4.244186046511628"
"22","10","0.0025","0.29","3","0.5","0.05","1","80","5","8","0","0.5","10","35","242","3.9132231404958677"
"20","5","0.0025","0.29","3","0.5","0.05","1","80","5","8","0","0.5","10","43","270","3.966666666666667"
"22","10","0.0025","0.29","3","0.5","0.05","1","80","5","8","0","0.5","10","36","241","3.912863070539419"
"18","5","0.0025","0.29","3","0.5","0.05","1","80","5","8","0","0.5","10","118","308","4.003246753246753"
"20","5","0.0025","0.29","3","0.5","0.05","1","80","5","8","0","0.5","10","44","268","3.966417910447761"
"20","5","0.0025","0.29","3","0.5","0.05","1","80","5","8","0","0.5","10","45","268","3.966417910447761"
"18","5","0.0025","0.29","3","0.5","0.05","1","80","5","8","0","0.5","10","119","308","4.0064935064935066"
"23","10","0.0025","0.29","3","0.5","0.05","1","80","5","8","0","0.5","10","7","238","4.012605042016807"
"18","5","0.0025","0.29","3","0.5","0.05","1","80","5","8","0","0.5","10","120","307","4.003257328990228"
"23","10","0.0025","0.29","3","0.5","0.05","1","80","5","8","0","0.5","10","8","237","4.012658227848101"
"21","10","0.0025","0.29","3","0.5","0.05","1","80","5","8","0","0.5","10","37","265","3.641509433962264"
"23","10","0.0025","0.29","3","0.5","0.05","1","80","5","8","0","0.5","10","9","236","4.012711864406779"
"19","5","0.0025","0.29","3","0.5","0.05","1","80","5","8","0","0.5","10","58","258","4.244186046511628"
"21","10","0.0025","0.29","3","0.5","0.05","1","80","5","8","0","0.5","10","38","263","4.015209125475285"
"19","5","0.0025","0.29","3","0.5","0.05","1","80","5","8","0","0.5","10","59","257","4.2412451361867705"
"21","10","0.0025","0.29","3","0.5","0.05","1","80","5","8","0","0.5","10","39","261","4.019157088122605"
"20","5","0.0025","0.29","3","0.5","0.05","1","80","5","8","0","0.5","10","46","266","3.9661654135338344"
"19","5","0.0025","0.29","3","0.5","0.05","1","80","5","8","0","0.5","10","60","256","4.25"
"22","10","0.0025","0.29","3","0.5","0.05","1","80","5","8","0","0.5","10","37","261","3.582375478927203"
"20","5","0.0025","0.29","3","0.5","0.05","1","80","5","8","0","0.5","10","47","266","3.9661654135338344"
"22","10","0.0025","0.29","3","0.5","0.05","1","80","5","8","0","0.5","10","38","259","3.9382239382239383"
"23","10","0.0025","0.29","3","0.5","0.05","1","80","5","8","0","0.5","10","10","236","4.012711864406779"
"20","5","0.0025","0.29","3","0.5","0.05","1","80","5","8","0","0.5","10","48","265","3.973584905660377"
"22","10","0.0025","0.29","3","0.5","0.05","1","80","5","8","0","0.5","10","39","259","3.9498069498069497"
"23","10","0.0025","0.29","3","0.5","0.05","1","80","5","8","0","0.5","10","11","236","4.012711864406779"
"24","10","0.0025","0.29","3","0.5","0.05","1","80","5","8","0","0.5","10","0","244","4.14344262295082"
"23","10","0.0025","0.29","3","0.5","0.05","1","80","5","8","0","0.5","10","12","236","4.012711864406779"
"21","10","0.0025","0.29","3","0.5","0.05","1","80","5","8","0","0.5","10","40","260","4.026923076923077"
"21","10","0.0025","0.29","3","0.5","0.05","1","80","5","8","0","0.5","10","41","259","4.030888030888031"
"22","10","0.0025","0.29","3","0.5","0.05","1","80","5","8","0","0.5","10","40","258","3.945736434108527"
"21","10","0.0025","0.29","3","0.5","0.05","1","80","5","8","0","0.5","10","42","257","4.031128404669261"
"19","5","0.0025","0.29","3","0.5","0.05","1","80","5","8","0","0.5","10","61","267","4.052434456928839"
"22","10","0.0025","0.29","3","0.5","0.05","1","80","5","8","0","0.5","10","41","258","3.945736434108527"
"19","5","0.0025","0.29","3","0.5","0.05","1","80","5","8","0","0.5","10","62","263","4.212927756653992"
"22","10","0.0025","0.29","3","0.5","0.05","1","80","5","8","0","0.5","10","42","255","3.9450980392156865"
"24","10","0.0025","0.29","3","0.5","0.05","1","80","5","8","0","0.5","10","1","244","4.065573770491803"
"19","5","0.0025","0.29","3","0.5","0.05","1","80","5","8","0","0.5","10","63","263","4.216730038022813"
"20","5","0.0025","0.29","3","0.5","0.05","1","80","5","8","0","0.5","10","49","278","3.7553956834532376"
"24","10","0.0025","0.29","3","0.5","0.05","1","80","5","8","0","0.5","10","2","244","4.086065573770492"
"23","10","0.0025","0.29","3","0.5","0.05","1","80","5","8","0","0.5","10","13","251","3.7729083665338647"
"20","5","0.0025","0.29","3","0.5","0.05","1","80","5","8","0","0.5","10","50","275","3.96"
"24","10","0.0025","0.29","3","0.5","0.05","1","80","5","8","0","0.5","10","3","243","4.065843621399177"
"23","10","0.0025","0.29","3","0.5","0.05","1","80","5","8","0","0.5","10","14","251","4.031872509960159"
"20","5","0.0025","0.29","3","0.5","0.05","1","80","5","8","0","0.5","10","51","275","3.9672727272727273"
"23","10","0.0025","0.29","3","0.5","0.05","1","80","5","8","0","0.5","10","15","248","4.028225806451613"
"21","10","0.0025","0.29","3","0.5","0.05","1","80","5","8","0","0.5","10","43","255","4.043137254901961"
"22","10","0.0025","0.29","3","0.5","0.05","1","80","5","8","0","0.5","10","43","254","3.9488188976377954"
"19","5","0.0025","0.29","3","0.5","0.05","1","80","5","8","0","0.5","10","64","262","4.217557251908397"
"21","10","0.0025","0.29","3","0.5","0.05","1","80","5","8","0","0.5","10","44","254","4.043307086614173"
"21","10","0.0025","0.29","3","0.5","0.05","1","80","5","8","0","0.5","10","45","250","4.04"
"22","10","0.0025","0.29","3","0.5","0.05","1","80","5","8","0","0.5","10","44","254","3.952755905511811"
"24","10","0.0025","0.29","3","0.5","0.05","1","80","5","8","0","0.5","10","4","243","4.05761316872428"
"19","5","0.0025","0.29","3","0.5","0.05","1","80","5","8","0","0.5","10","65","260","4.211538461538462"
"22","10","0.0025","0.29","3","0.5","0.05","1","80","5","8","0","0.5","10","45","254","3.952755905511811"
"24","10","0.0025","0.29","3","0.5","0.05","1","80","5","8","0","0.5","10","5","241","4.053941908713693"
"19","5","0.0025","0.29","3","0.5","0.05","1","80","5","8","0","0.5","10","66","258","4.217054263565892"
"23","10","0.0025","0.29","3","0.5","0.05","1","80","5","8","0","0.5","10","16","248","4.028225806451613"
"24","10","0.0025","0.29","3","0.5","0.05","1","80","5","8","0","0.5","10","6","236","4.0423728813559325"
"20","5","0.0025","0.29","3","0.5","0.05","1","80","5","8","0","0.5","10","52","275","3.9672727272727273"
"23","10","0.0025","0.29","3","0.5","0.05","1","80","5","8","0","0.5","10","17","246","4.028455284552845"
"23","10","0.0025","0.29","3","0.5","0.05","1","80","5","8","0","0.5","10","18","246","4.028455284552845"
"20","5","0.0025","0.29","3","0.5","0.05","1","80","5","8","0","0.5","10","53","274","3.9671532846715327"
"20","5","0.0025","0.29","3","0.5","0.05","1","80","5","8","0","0.5","10","54","274","3.9671532846715327"
"22","10","0.0025","0.29","3","0.5","0.05","1","80","5","8","0","0.5","10","46","252","3.9523809523809526"
"21","10","0.0025","0.29","3","0.5","0.05","1","80","5","8","0","0.5","10","46","250","4.04"
"19","5","0.0025","0.29","3","0.5","0.05","1","80","5","8","0","0.5","10","67","258","4.22093023255814"
"24","10","0.0025","0.29","3","0.5","0.05","1","80","5","8","0","0.5","10","7","234","4.042735042735043"
"23","10","0.0025","0.29","3","0.5","0.05","1","80","5","8","0","0.5","10","19","243","4.02880658436214"
"22","10","0.0025","0.29","3","0.5","0.05","1","80","5","8","0","0.5","10","47","249","3.9518072289156625"
"21","10","0.0025","0.29","3","0.5","0.05","1","80","5","8","0","0.5","10","47","250","4.04"
"19","5","0.0025","0.29","3","0.5","0.05","1","80","5","8","0","0.5","10","68","256","4.2265625"
"22","10","0.0025","0.29","3","0.5","0.05","1","80","5","8","0","0.5","10","48","247","3.951417004048583"
"24","10","0.0025","0.29","3","0.5","0.05","1","80","5","8","0","0.5","10","8","233","4.042918454935623"
"23","10","0.0025","0.29","3","0.5","0.05","1","80","5","8","0","0.5","10","20","243","4.02880658436214"
"21","10","0.0025","0.29","3","0.5","0.05","1","80","5","8","0","0.5","10","48","250","4.048"
"19","5","0.0025","0.29","3","0.5","0.05","1","80","5","8","0","0.5","10","69","255","4.223529411764706"
"20","5","0.0025","0.29","3","0.5","0.05","1","80","5","8","0","0.5","10","55","273","3.970695970695971"
"24","10","0.0025","0.29","3","0.5","0.05","1","80","5","8","0","0.5","10","9","233","4.042918454935623"
"23","10","0.0025","0.29","3","0.5","0.05","1","80","5","8","0","0.5","10","21","242","4.028925619834711"
"20","5","0.0025","0.29","3","0.5","0.05","1","80","5","8","0","0.5","10","56","273","3.970695970695971"
"20","5","0.0025","0.29","3","0.5","0.05","1","80","5","8","0","0.5","10","57","272","3.9705882352941178"
"19","5","0.0025","0.29","3","0.5","0.05","1","80","5","8","0","0.5","10","70","254","4.228346456692913"
"24","10","0.0025","0.29","3","0.5","0.05","1","80","5","8","0","0.5","10","10","233","4.042918454935623"
"23","10","0.0025","0.29","3","0.5","0.05","1","80","5","8","0","0.5","10","22","242","4.028925619834711"
"24","10","0.0025","0.29","3","0.5","0.05","1","80","5","8","0","0.5","10","11","233","4.042918454935623"
"21","10","0.0025","0.29","3","0.5","0.05","1","80","5","8","0","0.5","10","49","269","3.7472118959107807"
"19","5","0.0025","0.29","3","0.5","0.05","1","80","5","8","0","0.5","10","71","254","4.228346456692913"
"23","10","0.0025","0.29","3","0.5","0.05","1","80","5","8","0","0.5","10","23","242","4.024793388429752"
"22","10","0.0025","0.29","3","0.5","0.05","1","80","5","8","0","0.5","10","49","264","3.696969696969697"
"24","10","0.0025","0.29","3","0.5","0.05","1","80","5","8","0","0.5","10","12","233","4.042918454935623"
"19","5","0.0025","0.29","3","0.5","0.05","1","80","5","8","0","0.5","10","72","253","4.229249011857707"
"21","10","0.0025","0.29","3","0.5","0.05","1","80","5","8","0","0.5","10","50","269","4.018587360594796"
"20","5","0.0025","0.29","3","0.5","0.05","1","80","5","8","0","0.5","10","58","272","3.9705882352941178"
"23","10","0.0025","0.29","3","0.5","0.05","1","80","5","8","0","0.5","10","24","242","4.024793388429752"
"22","10","0.0025","0.29","3","0.5","0.05","1","80","5","8","0","0.5","10","50","264","3.9393939393939394"
"21","10","0.0025","0.29","3","0.5","0.05","1","80","5","8","0","0.5","10","51","268","4.0111940298507465"
"20","5","0.0025","0.29","3","0.5","0.05","1","80","5","8","0","0.5","10","59","270","3.974074074074074"
"22","10","0.0025","0.29","3","0.5","0.05","1","80","5","8","0","0.5","10","51","260","3.9423076923076925"
"20","5","0.0025","0.29","3","0.5","0.05","1","80","5","8","0","0.5","10","60","270","3.977777777777778"
"24","10","0.0025","0.29","3","0.5","0.05","1","80","5","8","0","0.5","10","13","247","3.8137651821862346"
"24","10","0.0025","0.29","3","0.5","0.05","1","80","5","8","0","0.5","10","14","245","4.048979591836734"
"21","10","0.0025","0.29","3","0.5","0.05","1","80","5","8","0","0.5","10","52","268","4.014925373134329"
"23","10","0.0025","0.29","3","0.5","0.05","1","80","5","8","0","0.5","10","25","257","3.78988326848249"
"24","10","0.0025","0.29","3","0.5","0.05","1","80","5","8","0","0.5","10","15","244","4.045081967213115"
"19","5","0.0025","0.29","3","0.5","0.05","1","80","5","8","0","0.5","10","73","268","3.9925373134328357"
"21","10","0.0025","0.29","3","0.5","0.05","1","80","5","8","0","0.5","10","53","268","4.014925373134329"
"23","10","0.0025","0.29","3","0.5","0.05","1","80","5","8","0","0.5","10","26","255","4.043137254901961"
"22","10","0.0025","0.29","3","0.5","0.05","1","80","5","8","0","0.5","10","52","257","3.937743190661479"
"19","5","0.0025","0.29","3","0.5","0.05","1","80","5","8","0","0.5","10","74","268","4.253731343283582"
"21","10","0.0025","0.29","3","0.5","0.05","1","80","5","8","0","0.5","10","54","268","4.014925373134329"
"23","10","0.0025","0.29","3","0.5","0.05","1","80","5","8","0","0.5","10","27","255","4.0549019607843135"
"22","10","0.0025","0.29","3","0.5","0.05","1","80","5","8","0","0.5","10","53","257","3.922178988326848"
"19","5","0.0025","0.29","3","0.5","0.05","1","80","5","8","0","0.5","10","75","267","4.262172284644195"
"20","5","0.0025","0.29","3","0.5","0.05","1","80","5","8","0","0.5","10","61","291","3.663230240549828"
"22","10","0.0025","0.29","3","0.5","0.05","1","80","5","8","0","0.5","10","54","257","3.9299610894941632"
"24","10","0.0025","0.29","3","0.5","0.05","1","80","5","8","0","0.5","10","16","243","4.045267489711934"
"20","5","0.0025","0.29","3","0.5","0.05","1","80","5","8","0","0.5","10","62","291","3.9896907216494846"
"24","10","0.0025","0.29","3","0.5","0.05","1","80","5","8","0","0.5","10","17","243","4.045267489711934"
"20","5","0.0025","0.29","3","0.5","0.05","1","80","5","8","0","0.5","10","63","291","3.9965635738831615"
"21","10","0.0025","0.29","3","0.5","0.05","1","80","5","8","0","0.5","10","55","268","4.0111940298507465"
"23","10","0.0025","0.29","3","0.5","0.05","1","80","5","8","0","0.5","10","28","255","4.0549019607843135"
"24","10","0.0025","0.29","3","0.5","0.05","1","80","5","8","0","0.5","10","18","242","4.045454545454546"
"23","10","0.0025","0.29","3","0.5","0.05","1","80","5","8","0","0.5","10","29","255","4.0549019607843135"
"21","10","0.0025","0.29","3","0.5","0.05","1","80","5","8","0","0.5","10","56","265","4.018867924528302"
"19","5","0.0025","0.29","3","0.5","0.05","1","80","5","8","0","0.5","10","76","265","4.252830188679245"
"21","10","0.0025","0.29","3","0.5","0.05","1","80","5","8","0","0.5","10","57","264","4.018939393939394"
"23","10","0.0025","0.29","3","0.5","0.05","1","80","5","8","0","0.5","10","30","255","4.0588235294117645"
"19","5","0.0025","0.29","3","0.5","0.05","1","80","5","8","0","0.5","10","77","265","4.260377358490566"
"22","10","0.0025","0.29","3","0.5","0.05","1","80","5","8","0","0.5","10","55","256","3.9296875"
"19","5","0.0025","0.29","3","0.5","0.05","1","80","5","8","0","0.5","10","78","264","4.253787878787879"
"22","10","0.0025","0.29","3","0.5","0.05","1","80","5","8","0","0.5","10","56","255","3.925490196078431"
"24","10","0.0025","0.29","3","0.5","0.05","1","80","5","8","0","0.5","10","19","238","4.03781512605042"
"20","5","0.0025","0.29","3","0.5","0.05","1","80","5","8","0","0.5","10","64","291","4"
"22","10","0.0025","0.29","3","0.5","0.05","1","80","5","8","0","0.5","10","57","255","3.929411764705882"
"24","10","0.0025","0.29","3","0.5","0.05","1","80","5","8","0","0.5","10","20","238","4.0210084033613445"
"20","5","0.0025","0.29","3","0.5","0.05","1","80","5","8","0","0.5","10","65","289","3.9930795847750864"
"23","10","0.0025","0.29","3","0.5","0.05","1","80","5","8","0","0.5","10","31","254","4.059055118110236"
"24","10","0.0025","0.29","3","0.5","0.05","1","80","5","8","0","0.5","10","21","238","4.0210084033613445"
"21","10","0.0025","0.29","3","0.5","0.05","1","80","5","8","0","0.5","10","58","262","4.030534351145038"
"20","5","0.0025","0.29","3","0.5","0.05","1","80","5","8","0","0.5","10","66","288","3.9895833333333335"
"23","10","0.0025","0.29","3","0.5","0.05","1","80","5","8","0","0.5","10","32","254","4.05511811023622"
"19","5","0.0025","0.29","3","0.5","0.05","1","80","5","8","0","0.5","10","79","264","4.261363636363637"
"21","10","0.0025","0.29","3","0.5","0.05","1","80","5","8","0","0.5","10","59","261","4.0344827586206895"
"23","10","0.0025","0.29","3","0.5","0.05","1","80","5","8","0","0.5","10","33","254","4.05511811023622"
"21","10","0.0025","0.29","3","0.5","0.05","1","80","5","8","0","0.5","10","60","261","4.0344827586206895"
"19","5","0.0025","0.29","3","0.5","0.05","1","80","5","8","0","0.5","10","80","263","4.254752851711027"
"22","10","0.0025","0.29","3","0.5","0.05","1","80","5","8","0","0.5","10","58","254","3.925196850393701"
"19","5","0.0025","0.29","3","0.5","0.05","1","80","5","8","0","0.5","10","81","263","4.262357414448669"
"22","10","0.0025","0.29","3","0.5","0.05","1","80","5","8","0","0.5","10","59","253","3.9288537549407114"
"24","10","0.0025","0.29","3","0.5","0.05","1","80","5","8","0","0.5","10","22","238","4.0210084033613445"
"22","10","0.0025","0.29","3","0.5","0.05","1","80","5","8","0","0.5","10","60","253","3.924901185770751"
"24","10","0.0025","0.29","3","0.5","0.05","1","80","5","8","0","0.5","10","23","238","4.0210084033613445"
"23","10","0.0025","0.29","3","0.5","0.05","1","80","5","8","0","0.5","10","34","254","4.05511811023622"
"20","5","0.0025","0.29","3","0.5","0.05","1","80","5","8","0","0.5","10","67","286","3.993006993006993"
"24","10","0.0025","0.29","3","0.5","0.05","1","80","5","8","0","0.5","10","24","237","4.0210970464135025"
"23","10","0.0025","0.29","3","0.5","0.05","1","80","5","8","0","0.5","10","35","254","4.05511811023622"
"20","5","0.0025","0.29","3","0.5","0.05","1","80","5","8","0","0.5","10","68","286","3.9895104895104896"
"19","5","0.0025","0.29","3","0.5","0.05","1","80","5","8","0","0.5","10","82","260","4.257692307692308"
"23","10","0.0025","0.29","3","0.5","0.05","1","80","5","8","0","0.5","10","36","253","4.059288537549407"
"20","5","0.0025","0.29","3","0.5","0.05","1","80","5","8","0","0.5","10","69","286","3.9895104895104896"
"19","5","0.0025","0.29","3","0.5","0.05","1","80","5","8","0","0.5","10","83","259","4.258687258687258"
"19","5","0.0025","0.29","3","0.5","0.05","1","80","5","8","0","0.5","10","84","258","4.255813953488372"
"21","10","0.0025","0.29","3","0.5","0.05","1","80","5","8","0","0.5","10","61","286","3.667832167832168"
"24","10","0.0025","0.29","3","0.5","0.05","1","80","5","8","0","0.5","10","25","243","3.905349794238683"
"22","10","0.0025","0.29","3","0.5","0.05","1","80","5","8","0","0.5","10","61","270","3.662962962962963"
"21","10","0.0025","0.29","3","0.5","0.05","1","80","5","8","0","0.5","10","62","286","4.034965034965035"
"24","10","0.0025","0.29","3","0.5","0.05","1","80","5","8","0","0.5","10","26","242","4.020661157024794"
"22","10","0.0025","0.29","3","0.5","0.05","1","80","5","8","0","0.5","10","62","269","3.9479553903345725"
"21","10","0.0025","0.29","3","0.5","0.05","1","80","5","8","0","0.5","10","63","286","4.038461538461538"
"24","10","0.0025","0.29","3","0.5","0.05","1","80","5","8","0","0.5","10","27","240","4.020833333333333"
"20","5","0.0025","0.29","3","0.5","0.05","1","80","5","8","0","0.5","10","70","284","3.98943661971831"
"23","10","0.0025","0.29","3","0.5","0.05","1","80","5","8","0","0.5","10","37","264","3.852272727272727"
"22","10","0.0025","0.29","3","0.5","0.05","1","80","5","8","0","0.5","10","63","269","3.9442379182156135"
"20","5","0.0025","0.29","3","0.5","0.05","1","80","5","8","0","0.5","10","71","284","3.98943661971831"
"23","10","0.0025","0.29","3","0.5","0.05","1","80","5","8","0","0.5","10","38","264","4.049242424242424"
"20","5","0.0025","0.29","3","0.5","0.05","1","80","5","8","0","0.5","10","72","284","3.98943661971831"
"23","10","0.0025","0.29","3","0.5","0.05","1","80","5","8","0","0.5","10","39","263","4.053231939163498"
"24","10","0.0025","0.29","3","0.5","0.05","1","80","5","8","0","0.5","10","28","239","4.02092050209205"
"19","5","0.0025","0.29","3","0.5","0.05","1","80","5","8","0","0.5","10","85","275","3.978181818181818"
"24","10","0.0025","0.29","3","0.5","0.05","1","80","5","8","0","0.5","10","29","239","4.02092050209205"
"19","5","0.0025","0.29","3","0.5","0.05","1","80","5","8","0","0.5","10","86","275","4.247272727272727"
"21","10","0.0025","0.29","3","0.5","0.05","1","80","5","8","0","0.5","10","64","286","4.041958041958042"
"22","10","0.0025","0.29","3","0.5","0.05","1","80","5","8","0","0.5","10","64","267","3.947565543071161"
"24","10","0.0025","0.29","3","0.5","0.05","1","80","5","8","0","0.5","10","30","239","4.02092050209205"
"19","5","0.0025","0.29","3","0.5","0.05","1","80","5","8","0","0.5","10","87","275","4.2690909090909095"
"21","10","0.0025","0.29","3","0.5","0.05","1","80","5","8","0","0.5","10","65","285","4.042105263157895"
"22","10","0.0025","0.29","3","0.5","0.05","1","80","5","8","0","0.5","10","65","266","3.954887218045113"
"23","10","0.0025","0.29","3","0.5","0.05","1","80","5","8","0","0.5","10","40","262","4.049618320610687"
"21","10","0.0025","0.29","3","0.5","0.05","1","80","5","8","0","0.5","10","66","283","4.03886925795053"
"22","10","0.0025","0.29","3","0.5","0.05","1","80","5","8","0","0.5","10","66","266","3.9511278195488724"
"23","10","0.0025","0.29","3","0.5","0.05","1","80","5","8","0","0.5","10","41","262","4.0534351145038165"
"24","10","0.0025","0.29","3","0.5","0.05","1","80","5","8","0","0.5","10","31","239","4.02092050209205"
"23","10","0.0025","0.29","3","0.5","0.05","1","80","5","8","0","0.5","10","42","262","4.049618320610687"
"19","5","0.0025","0.29","3","0.5","0.05","1","80","5","8","0","0.5","10","88","272","4.257352941176471"
"20","5","0.0025","0.29","3","0.5","0.05","1","80","5","8","0","0.5","10","73","298","3.7885906040268456"
"24","10","0.0025","0.29","3","0.5","0.05","1","80","5","8","0","0.5","10","32","238","4.0210084033613445"
"19","5","0.0025","0.29","3","0.5","0.05","1","80","5","8","0","0.5","10","89","272","4.261029411764706"
"24","10","0.0025","0.29","3","0.5","0.05","1","80","5","8","0","0.5","10","33","238","4.0210084033613445"
"20","5","0.0025","0.29","3","0.5","0.05","1","80","5","8","0","0.5","10","74","296","3.9864864864864864"
"19","5","0.0025","0.29","3","0.5","0.05","1","80","5","8","0","0.5","10","90","272","4.2536764705882355"
"22","10","0.0025","0.29","3","0.5","0.05","1","80","5","8","0","0.5","10","67","266","3.943609022556391"
"20","5","0.0025","0.29","3","0.5","0.05","1","80","5","8","0","0.5","10","75","296","3.983108108108108"
"21","10","0.0025","0.29","3","0.5","0.05","1","80","5","8","0","0.5","10","67","283","4.03886925795053"
"23","10","0.0025","0.29","3","0.5","0.05","1","80","5","8","0","0.5","10","43","259","4.054054054054054"
"22","10","0.0025","0.29","3","0.5","0.05","1","80","5","8","0","0.5","10","68","264","3.9507575757575757"
"21","10","0.0025","0.29","3","0.5","0.05","1","80","5","8","0","0.5","10","68","280","4.039285714285715"
"23","10","0.0025","0.29","3","0.5","0.05","1","80","5","8","0","0.5","10","44","258","4.050387596899225"
"24","10","0.0025","0.29","3","0.5","0.05","1","80","5","8","0","0.5","10","34","238","4.0210084033613445"
"22","10","0.0025","0.29","3","0.5","0.05","1","80","5","8","0","0.5","10","69","264","3.9545454545454546"
"21","10","0.0025","0.29","3","0.5","0.05","1","80","5","8","0","0.5","10","69","279","4.039426523297491"
"23","10","0.0025","0.29","3","0.5","0.05","1","80","5","8","0","0.5","10","45","258","4.054263565891473"
"24","10","0.0025","0.29","3","0.5","0.05","1","80","5","8","0","0.5","10","35","237","4.0210970464135025"
"19","5","0.0025","0.29","3","0.5","0.05","1","80","5","8","0","0.5","10","91","272","4.257352941176471"
"24","10","0.0025","0.29","3","0.5","0.05","1","80","5","8","0","0.5","10","36","237","4.025316455696203"
"19","5","0.0025","0.29","3","0.5","0.05","1","80","5","8","0","0.5","10","92","270","4.2555555555555555"
"20","5","0.0025","0.29","3","0.5","0.05","1","80","5","8","0","0.5","10","76","294","3.9863945578231292"
"19","5","0.0025","0.29","3","0.5","0.05","1","80","5","8","0","0.5","10","93","268","4.257462686567164"
"22","10","0.0025","0.29","3","0.5","0.05","1","80","5","8","0","0.5","10","70","263","3.946768060836502"
"20","5","0.0025","0.29","3","0.5","0.05","1","80","5","8","0","0.5","10","77","293","3.9829351535836177"
"22","10","0.0025","0.29","3","0.5","0.05","1","80","5","8","0","0.5","10","71","262","3.954198473282443"
"23","10","0.0025","0.29","3","0.5","0.05","1","80","5","8","0","0.5","10","46","257","4.054474708171206"
"21","10","0.0025","0.29","3","0.5","0.05","1","80","5","8","0","0.5","10","70","278","4.039568345323741"
"20","5","0.0025","0.29","3","0.5","0.05","1","80","5","8","0","0.5","10","78","292","3.9863013698630136"
"24","10","0.0025","0.29","3","0.5","0.05","1","80","5","8","0","0.5","10","37","255","3.7372549019607844"
"22","10","0.0025","0.29","3","0.5","0.05","1","80","5","8","0","0.5","10","72","261","3.946360153256705"
"23","10","0.0025","0.29","3","0.5","0.05","1","80","5","8","0","0.5","10","47","256","4.05078125"
"21","10","0.0025","0.29","3","0.5","0.05","1","80","5","8","0","0.5","10","71","276","4.0398550724637685"
"24","10","0.0025","0.29","3","0.5","0.05","1","80","5","8","0","0.5","10","38","255","4.043137254901961"
"23","10","0.0025","0.29","3","0.5","0.05","1","80","5","8","0","0.5","10","48","254","4.05511811023622"
"21","10","0.0025","0.29","3","0.5","0.05","1","80","5","8","0","0.5","10","72","276","4.0398550724637685"
"24","10","0.0025","0.29","3","0.5","0.05","1","80","5","8","0","0.5","10","39","254","4.039370078740157"
"19","5","0.0025","0.29","3","0.5","0.05","1","80","5","8","0","0.5","10","94","267","4.258426966292135"
"19","5","0.0025","0.29","3","0.5","0.05","1","80","5","8","0","0.5","10","95","266","4.2593984962406015"
"19","5","0.0025","0.29","3","0.5","0.05","1","80","5","8","0","0.5","10","96","266","4.2593984962406015"
"20","5","0.0025","0.29","3","0.5","0.05","1","80","5","8","0","0.5","10","79","290","3.9827586206896552"
"24","10","0.0025","0.29","3","0.5","0.05","1","80","5","8","0","0.5","10","40","253","4.0395256916996045"
"20","5","0.0025","0.29","3","0.5","0.05","1","80","5","8","0","0.5","10","80","290","3.9827586206896552"
"24","10","0.0025","0.29","3","0.5","0.05","1","80","5","8","0","0.5","10","41","250","4.04"
"22","10","0.0025","0.29","3","0.5","0.05","1","80","5","8","0","0.5","10","73","270","3.7814814814814817"
"20","5","0.0025","0.29","3","0.5","0.05","1","80","5","8","0","0.5","10","81","290","3.9827586206896552"
"24","10","0.0025","0.29","3","0.5","0.05","1","80","5","8","0","0.5","10","42","249","4.040160642570281"
"22","10","0.0025","0.29","3","0.5","0.05","1","80","5","8","0","0.5","10","74","269","3.9776951672862455"
"23","10","0.0025","0.29","3","0.5","0.05","1","80","5","8","0","0.5","10","49","264","3.867424242424242"
"21","10","0.0025","0.29","3","0.5","0.05","1","80","5","8","0","0.5","10","73","288","3.8784722222222223"
"22","10","0.0025","0.29","3","0.5","0.05","1","80","5","8","0","0.5","10","75","266","3.9849624060150375"
"23","10","0.0025","0.29","3","0.5","0.05","1","80","5","8","0","0.5","10","50","263","4.038022813688213"
"21","10","0.0025","0.29","3","0.5","0.05","1","80","5","8","0","0.5","10","74","286","4.073426573426573"
"23","10","0.0025","0.29","3","0.5","0.05","1","80","5","8","0","0.5","10","51","262","4.041984732824427"
"21","10","0.0025","0.29","3","0.5","0.05","1","80","5","8","0","0.5","10","75","285","4.066666666666666"
"19","5","0.0025","0.29","3","0.5","0.05","1","80","5","8","0","0.5","10","97","274","4.12043795620438"
"24","10","0.0025","0.29","3","0.5","0.05","1","80","5","8","0","0.5","10","43","248","4.036290322580645"
"19","5","0.0025","0.29","3","0.5","0.05","1","80","5","8","0","0.5","10","98","271","4.254612546125461"
"20","5","0.0025","0.29","3","0.5","0.05","1","80","5","8","0","0.5","10","82","289","3.982698961937716"
"24","10","0.0025","0.29","3","0.5","0.05","1","80","5","8","0","0.5","10","44","248","4.040322580645161"
"24","10","0.0025","0.29","3","0.5","0.05","1","80","5","8","0","0.5","10","45","248","4.040322580645161"
"19","5","0.0025","0.29","3","0.5","0.05","1","80","5","8","0","0.5","10","99","271","4.265682656826568"
"20","5","0.0025","0.29","3","0.5","0.05","1","80","5","8","0","0.5","10","83","289","3.982698961937716"
"22","10","0.0025","0.29","3","0.5","0.05","1","80","5","8","0","0.5","10","76","266","3.9774436090225564"
"23","10","0.0025","0.29","3","0.5","0.05","1","80","5","8","0","0.5","10","52","262","4.041984732824427"
"20","5","0.0025","0.29","3","0.5","0.05","1","80","5","8","0","0.5","10","84","285","3.9789473684210526"
"22","10","0.0025","0.29","3","0.5","0.05","1","80","5","8","0","0.5","10","77","266","3.9774436090225564"
"21","10","0.0025","0.29","3","0.5","0.05","1","80","5","8","0","0.5","10","76","285","4.056140350877193"
"23","10","0.0025","0.29","3","0.5","0.05","1","80","5","8","0","0.5","10","53","260","4.042307692307692"
"22","10","0.0025","0.29","3","0.5","0.05","1","80","5","8","0","0.5","10","78","266","3.973684210526316"
"21","10","0.0025","0.29","3","0.5","0.05","1","80","5","8","0","0.5","10","77","283","4.053003533568905"
"23","10","0.0025","0.29","3","0.5","0.05","1","80","5","8","0","0.5","10","54","259","4.042471042471043"
"24","10","0.0025","0.29","3","0.5","0.05","1","80","5","8","0","0.5","10","46","247","4.036437246963563"
"19","5","0.0025","0.29","3","0.5","0.05","1","80","5","8","0","0.5","10","100","270","4.2518518518518515"
"21","10","0.0025","0.29","3","0.5","0.05","1","80","5","8","0","0.5","10","78","283","4.056537102473499"
"24","10","0.0025","0.29","3","0.5","0.05","1","80","5","8","0","0.5","10","47","247","4.036437246963563"
"19","5","0.0025","0.29","3","0.5","0.05","1","80","5","8","0","0.5","10","101","267","4.258426966292135"
"24","10","0.0025","0.29","3","0.5","0.05","1","80","5","8","0","0.5","10","48","245","4.036734693877551"
"19","5","0.0025","0.29","3","0.5","0.05","1","80","5","8","0","0.5","10","102","267","4.250936329588015"
"22","10","0.0025","0.29","3","0.5","0.05","1","80","5","8","0","0.5","10","79","266","3.969924812030075"
"22","10","0.0025","0.29","3","0.5","0.05","1","80","5","8","0","0.5","10","80","266","3.969924812030075"
"23","10","0.0025","0.29","3","0.5","0.05","1","80","5","8","0","0.5","10","55","258","4.042635658914729"
"22","10","0.0025","0.29","3","0.5","0.05","1","80","5","8","0","0.5","10","81","266","3.969924812030075"
"20","5","0.0025","0.29","3","0.5","0.05","1","80","5","8","0","0.5","10","85","301","3.7641196013289036"
"21","10","0.0025","0.29","3","0.5","0.05","1","80","5","8","0","0.5","10","79","279","4.057347670250896"
"23","10","0.0025","0.29","3","0.5","0.05","1","80","5","8","0","0.5","10","56","256","4.04296875"
"20","5","0.0025","0.29","3","0.5","0.05","1","80","5","8","0","0.5","10","86","301","4.003322259136213"
"21","10","0.0025","0.29","3","0.5","0.05","1","80","5","8","0","0.5","10","80","278","4.057553956834532"
"19","5","0.0025","0.29","3","0.5","0.05","1","80","5","8","0","0.5","10","103","266","4.2593984962406015"
"23","10","0.0025","0.29","3","0.5","0.05","1","80","5","8","0","0.5","10","57","256","4.04296875"
"20","5","0.0025","0.29","3","0.5","0.05","1","80","5","8","0","0.5","10","87","299","4"
"19","5","0.0025","0.29","3","0.5","0.05","1","80","5","8","0","0.5","10","104","264","4.253787878787879"
"21","10","0.0025","0.29","3","0.5","0.05","1","80","5","8","0","0.5","10","81","278","4.057553956834532"
"24","10","0.0025","0.29","3","0.5","0.05","1","80","5","8","0","0.5","10","49","257","3.832684824902724"
"19","5","0.0025","0.29","3","0.5","0.05","1","80","5","8","0","0.5","10","105","264","4.253787878787879"
"22","10","0.0025","0.29","3","0.5","0.05","1","80","5","8","0","0.5","10","82","263","3.96958174904943"
"24","10","0.0025","0.29","3","0.5","0.05","1","80","5","8","0","0.5","10","50","255","4.019607843137255"
"22","10","0.0025","0.29","3","0.5","0.05","1","80","5","8","0","0.5","10","83","260","3.976923076923077"
"24","10","0.0025","0.29","3","0.5","0.05","1","80","5","8","0","0.5","10","51","255","4.011764705882353"
"22","10","0.0025","0.29","3","0.5","0.05","1","80","5","8","0","0.5","10","84","259","3.969111969111969"
"23","10","0.0025","0.29","3","0.5","0.05","1","80","5","8","0","0.5","10","58","256","4.04296875"
"20","5","0.0025","0.29","3","0.5","0.05","1","80","5","8","0","0.5","10","88","299","3.9966555183946486"
"23","10","0.0025","0.29","3","0.5","0.05","1","80","5","8","0","0.5","10","59","254","4.043307086614173"
"21","10","0.0025","0.29","3","0.5","0.05","1","80","5","8","0","0.5","10","82","276","4.054347826086956"
"20","5","0.0025","0.29","3","0.5","0.05","1","80","5","8","0","0.5","10","89","298","3.9966442953020134"
"23","10","0.0025","0.29","3","0.5","0.05","1","80","5","8","0","0.5","10","60","254","4.043307086614173"
"19","5","0.0025","0.29","3","0.5","0.05","1","80","5","8","0","0.5","10","106","263","4.247148288973384"
"21","10","0.0025","0.29","3","0.5","0.05","1","80","5","8","0","0.5","10","83","274","4.0510948905109485"
"24","10","0.0025","0.29","3","0.5","0.05","1","80","5","8","0","0.5","10","52","253","4.011857707509882"
"20","5","0.0025","0.29","3","0.5","0.05","1","80","5","8","0","0.5","10","90","297","3.9966329966329965"
"19","5","0.0025","0.29","3","0.5","0.05","1","80","5","8","0","0.5","10","107","263","4.250950570342205"
"24","10","0.0025","0.29","3","0.5","0.05","1","80","5","8","0","0.5","10","53","253","4.011857707509882"
"21","10","0.0025","0.29","3","0.5","0.05","1","80","5","8","0","0.5","10","84","274","4.054744525547445"
"19","5","0.0025","0.29","3","0.5","0.05","1","80","5","8","0","0.5","10","108","262","4.248091603053435"
"24","10","0.0025","0.29","3","0.5","0.05","1","80","5","8","0","0.5","10","54","253","4.011857707509882"
"22","10","0.0025","0.29","3","0.5","0.05","1","80","5","8","0","0.5","10","85","282","3.6382978723404253"
"20","5","0.0025","0.29","3","0.5","0.05","1","80","5","8","0","0.5","10","91","297","3.9966329966329965"
"23","10","0.0025","0.29","3","0.5","0.05","1","80","5","8","0","0.5","10","61","273","3.7472527472527473"
"22","10","0.0025","0.29","3","0.5","0.05","1","80","5","8","0","0.5","10","86","280","3.9464285714285716"
"24","10","0.0025","0.29","3","0.5","0.05","1","80","5","8","0","0.5","10","55","252","4.011904761904762"
"20","5","0.0025","0.29","3","0.5","0.05","1","80","5","8","0","0.5","10","92","297","3.9966329966329965"
"23","10","0.0025","0.29","3","0.5","0.05","1","80","5","8","0","0.5","10","62","271","4.055350553505535"
"22","10","0.0025","0.29","3","0.5","0.05","1","80","5","8","0","0.5","10","87","280","3.942857142857143"
"24","10","0.0025","0.29","3","0.5","0.05","1","80","5","8","0","0.5","10","56","248","4.012096774193548"
"23","10","0.0025","0.29","3","0.5","0.05","1","80","5","8","0","0.5","10","63","269","4.048327137546468"
"20","5","0.0025","0.29","3","0.5","0.05","1","80","5","8","0","0.5","10","93","296","3.9966216216216215"
"24","10","0.0025","0.29","3","0.5","0.05","1","80","5","8","0","0.5","10","57","247","4.012145748987854"
"21","10","0.0025","0.29","3","0.5","0.05","1","80","5","8","0","0.5","10","85","293","3.7747440273037545"
"19","5","0.0025","0.29","3","0.5","0.05","1","80","5","8","0","0.5","10","109","275","4.054545454545455"
"21","10","0.0025","0.29","3","0.5","0.05","1","80","5","8","0","0.5","10","86","291","4.0756013745704465"
"19","5","0.0025","0.29","3","0.5","0.05","1","80","5","8","0","0.5","10","110","275","4.243636363636363"
"21","10","0.0025","0.29","3","0.5","0.05","1","80","5","8","0","0.5","10","87","290","4.058620689655172"
"19","5","0.0025","0.29","3","0.5","0.05","1","80","5","8","0","0.5","10","111","271","4.250922509225092"
"22","10","0.0025","0.29","3","0.5","0.05","1","80","5","8","0","0.5","10","88","280","3.9464285714285716"
"22","10","0.0025","0.29","3","0.5","0.05","1","80","5","8","0","0.5","10","89","279","3.953405017921147"
"24","10","0.0025","0.29","3","0.5","0.05","1","80","5","8","0","0.5","10","58","246","4.012195121951219"
"23","10","0.0025","0.29","3","0.5","0.05","1","80","5","8","0","0.5","10","64","266","4.045112781954887"
"20","5","0.0025","0.29","3","0.5","0.05","1","80","5","8","0","0.5","10","94","295","3.9966101694915253"
"22","10","0.0025","0.29","3","0.5","0.05","1","80","5","8","0","0.5","10","90","278","3.9568345323741005"
"24","10","0.0025","0.29","3","0.5","0.05","1","80","5","8","0","0.5","10","59","245","4.012244897959183"
"23","10","0.0025","0.29","3","0.5","0.05","1","80","5","8","0","0.5","10","65","262","4.0458015267175576"
"20","5","0.0025","0.29","3","0.5","0.05","1","80","5","8","0","0.5","10","95","293","4"
"24","10","0.0025","0.29","3","0.5","0.05","1","80","5","8","0","0.5","10","60","243","4.012345679012346"
"23","10","0.0025","0.29","3","0.5","0.05","1","80","5","8","0","0.5","10","66","262","4.0458015267175576"
"20","5","0.0025","0.29","3","0.5","0.05","1","80","5","8","0","0.5","10","96","292","4"
"21","10","0.0025","0.29","3","0.5","0.05","1","80","5","8","0","0.5","10","88","288","4.059027777777778"
"19","5","0.0025","0.29","3","0.5","0.05","1","80","5","8","0","0.5","10","112","270","4.2518518518518515"
"21","10","0.0025","0.29","3","0.5","0.05","1","80","5","8","0","0.5","10","89","287","4.059233449477352"
"19","5","0.0025","0.29","3","0.5","0.05","1","80","5","8","0","0.5","10","113","270","4.266666666666667"
"21","10","0.0025","0.29","3","0.5","0.05","1","80","5","8","0","0.5","10","90","286","4.059440559440559"
"22","10","0.0025","0.29","3","0.5","0.05","1","80","5","8","0","0.5","10","91","277","3.9566787003610107"
"19","5","0.0025","0.29","3","0.5","0.05","1","80","5","8","0","0.5","10","114","269","4.260223048327138"
"22","10","0.0025","0.29","3","0.5","0.05","1","80","5","8","0","0.5","10","92","275","3.9563636363636365"
"22","10","0.0025","0.29","3","0.5","0.05","1","80","5","8","0","0.5","10","93","273","3.9523809523809526"
"23","10","0.0025","0.29","3","0.5","0.05","1","80","5","8","0","0.5","10","67","262","4.057251908396947"
"24","10","0.0025","0.29","3","0.5","0.05","1","80","5","8","0","0.5","10","61","255","3.823529411764706"
"23","10","0.0025","0.29","3","0.5","0.05","1","80","5","8","0","0.5","10","68","261","4.065134099616858"
"24","10","0.0025","0.29","3","0.5","0.05","1","80","5","8","0","0.5","10","62","251","3.9840637450199203"
"23","10","0.0025","0.29","3","0.5","0.05","1","80","5","8","0","0.5","10","69","259","4.065637065637065"
"19","5","0.0025","0.29","3","0.5","0.05","1","80","5","8","0","0.5","10","115","268","4.272388059701493"
"24","10","0.0025","0.29","3","0.5","0.05","1","80","5","8","0","0.5","10","63","251","3.9721115537848606"
"21","10","0.0025","0.29","3","0.5","0.05","1","80","5","8","0","0.5","10","91","285","4.059649122807017"
"20","5","0.0025","0.29","3","0.5","0.05","1","80","5","8","0","0.5","10","97","307","3.778501628664495"
"19","5","0.0025","0.29","3","0.5","0.05","1","80","5","8","0","0.5","10","116","266","4.274436090225564"
"21","10","0.0025","0.29","3","0.5","0.05","1","80","5","8","0","0.5","10","92","285","4.059649122807017"
"20","5","0.0025","0.29","3","0.5","0.05","1","80","5","8","0","0.5","10","98","305","4.026229508196721"
"19","5","0.0025","0.29","3","0.5","0.05","1","80","5","8","0","0.5","10","117","266","4.2819548872180455"
"21","10","0.0025","0.29","3","0.5","0.05","1","80","5","8","0","0.5","10","93","285","4.059649122807017"
"22","10","0.0025","0.29","3","0.5","0.05","1","80","5","8","0","0.5","10","94","271","3.96309963099631"
"22","10","0.0025","0.29","3","0.5","0.05","1","80","5","8","0","0.5","10","95","271","3.959409594095941"
"20","5","0.0025","0.29","3","0.5","0.05","1","80","5","8","0","0.5","10","99","304","4.032894736842105"
"24","10","0.0025","0.29","3","0.5","0.05","1","80","5","8","0","0.5","10","64","249","3.9718875502008033"
"23","10","0.0025","0.29","3","0.5","0.05","1","80","5","8","0","0.5","10","70","259","4.065637065637065"
"22","10","0.0025","0.29","3","0.5","0.05","1","80","5","8","0","0.5","10","96","268","3.955223880597015"
"24","10","0.0025","0.29","3","0.5","0.05","1","80","5","8","0","0.5","10","65","248","3.971774193548387"
"23","10","0.0025","0.29","3","0.5","0.05","1","80","5","8","0","0.5","10","71","259","4.065637065637065"
"24","10","0.0025","0.29","3","0.5","0.05","1","80","5","8","0","0.5","10","66","247","3.97165991902834"
"23","10","0.0025","0.29","3","0.5","0.05","1","80","5","8","0","0.5","10","72","258","4.065891472868217"
"21","10","0.0025","0.29","3","0.5","0.05","1","80","5","8","0","0.5","10","94","284","4.059859154929577"
"19","5","0.0025","0.29","3","0.5","0.05","1","80","5","8","0","0.5","10","118","265","4.275471698113208"
"21","10","0.0025","0.29","3","0.5","0.05","1","80","5","8","0","0.5","10","95","281","4.049822064056939"
"19","5","0.0025","0.29","3","0.5","0.05","1","80","5","8","0","0.5","10","119","264","4.284090909090909"
"21","10","0.0025","0.29","3","0.5","0.05","1","80","5","8","0","0.5","10","96","279","4.039426523297491"
"20","5","0.0025","0.29","3","0.5","0.05","1","80","5","8","0","0.5","10","100","301","4.029900332225914"
"19","5","0.0025","0.29","3","0.5","0.05","1","80","5","8","0","0.5","10","120","260","4.276923076923077"
"20","5","0.0025","0.29","3","0.5","0.05","1","80","5","8","0","0.5","10","101","297","4.023569023569023"
"24","10","0.0025","0.29","3","0.5","0.05","1","80","5","8","0","0.5","10","67","247","3.97165991902834"
"24","10","0.0025","0.29","3","0.5","0.05","1","80","5","8","0","0.5","10","68","247","3.97165991902834"
"20","5","0.0025","0.29","3","0.5","0.05","1","80","5","8","0","0.5","10","102","296","4.023648648648648"
"24","10","0.0025","0.29","3","0.5","0.05","1","80","5","8","0","0.5","10","69","247","3.97165991902834"
"22","10","0.0025","0.29","3","0.5","0.05","1","80","5","8","0","0.5","10","97","279","3.795698924731183"
"23","10","0.0025","0.29","3","0.5","0.05","1","80","5","8","0","0.5","10","73","280","3.7464285714285714"
"22","10","0.0025","0.29","3","0.5","0.05","1","80","5","8","0","0.5","10","98","279","3.939068100358423"
"23","10","0.0025","0.29","3","0.5","0.05","1","80","5","8","0","0.5","10","74","279","4.078853046594982"
"22","10","0.0025","0.29","3","0.5","0.05","1","80","5","8","0","0.5","10","99","279","3.942652329749104"
"23","10","0.0025","0.29","3","0.5","0.05","1","80","5","8","0","0.5","10","75","278","4.08273381294964"
"25","10","0.0025","0.29","3","0.5","0.05","1","80","5","8","0","0.5","10","0","247","4.089068825910931"
"24","10","0.0025","0.29","3","0.5","0.05","1","80","5","8","0","0.5","10","70","244","3.971311475409836"
"21","10","0.0025","0.29","3","0.5","0.05","1","80","5","8","0","0.5","10","97","290","3.8689655172413793"
"24","10","0.0025","0.29","3","0.5","0.05","1","80","5","8","0","0.5","10","71","242","3.9710743801652892"
"20","5","0.0025","0.29","3","0.5","0.05","1","80","5","8","0","0.5","10","103","295","4.023728813559322"
"21","10","0.0025","0.29","3","0.5","0.05","1","80","5","8","0","0.5","10","98","287","4.069686411149826"
"24","10","0.0025","0.29","3","0.5","0.05","1","80","5","8","0","0.5","10","72","242","3.9710743801652892"
"22","10","0.0025","0.29","3","0.5","0.05","1","80","5","8","0","0.5","10","100","278","3.9424460431654675"
"20","5","0.0025","0.29","3","0.5","0.05","1","80","5","8","0","0.5","10","104","294","4.023809523809524"
"21","10","0.0025","0.29","3","0.5","0.05","1","80","5","8","0","0.5","10","99","287","4.066202090592334"
"22","10","0.0025","0.29","3","0.5","0.05","1","80","5","8","0","0.5","10","101","276","3.949275362318841"
"20","5","0.0025","0.29","3","0.5","0.05","1","80","5","8","0","0.5","10","105","293","4.027303754266212"
"23","10","0.0025","0.29","3","0.5","0.05","1","80","5","8","0","0.5","10","76","278","4.08273381294964"
"25","10","0.0025","0.29","3","0.5","0.05","1","80","5","8","0","0.5","10","1","245","4.040816326530612"
"22","10","0.0025","0.29","3","0.5","0.05","1","80","5","8","0","0.5","10","102","275","3.949090909090909"
"23","10","0.0025","0.29","3","0.5","0.05","1","80","5","8","0","0.5","10","77","276","4.086956521739131"
"25","10","0.0025","0.29","3","0.5","0.05","1","80","5","8","0","0.5","10","2","244","4.016393442622951"
"25","10","0.0025","0.29","3","0.5","0.05","1","80","5","8","0","0.5","10","3","244","4.020491803278689"
"23","10","0.0025","0.29","3","0.5","0.05","1","80","5","8","0","0.5","10","78","276","4.083333333333333"
"21","10","0.0025","0.29","3","0.5","0.05","1","80","5","8","0","0.5","10","100","285","4.073684210526316"
"24","10","0.0025","0.29","3","0.5","0.05","1","80","5","8","0","0.5","10","73","254","3.783464566929134"
"21","10","0.0025","0.29","3","0.5","0.05","1","80","5","8","0","0.5","10","101","285","4.077192982456141"
"24","10","0.0025","0.29","3","0.5","0.05","1","80","5","8","0","0.5","10","74","252","4"
"22","10","0.0025","0.29","3","0.5","0.05","1","80","5","8","0","0.5","10","103","274","3.948905109489051"
"21","10","0.0025","0.29","3","0.5","0.05","1","80","5","8","0","0.5","10","102","284","4.073943661971831"
"24","10","0.0025","0.29","3","0.5","0.05","1","80","5","8","0","0.5","10","75","250","3.992"
"20","5","0.0025","0.29","3","0.5","0.05","1","80","5","8","0","0.5","10","106","291","4.027491408934708"
"22","10","0.0025","0.29","3","0.5","0.05","1","80","5","8","0","0.5","10","104","274","3.948905109489051"
"20","5","0.0025","0.29","3","0.5","0.05","1","80","5","8","0","0.5","10","107","289","4.027681660899654"
"22","10","0.0025","0.29","3","0.5","0.05","1","80","5","8","0","0.5","10","105","273","3.948717948717949"
"23","10","0.0025","0.29","3","0.5","0.05","1","80","5","8","0","0.5","10","79","276","4.083333333333333"
"25","10","0.0025","0.29","3","0.5","0.05","1","80","5","8","0","0.5","10","4","244","4.024590163934426"
"20","5","0.0025","0.29","3","0.5","0.05","1","80","5","8","0","0.5","10","108","288","4.027777777777778"
"23","10","0.0025","0.29","3","0.5","0.05","1","80","5","8","0","0.5","10","80","275","4.087272727272727"
"25","10","0.0025","0.29","3","0.5","0.05","1","80","5","8","0","0.5","10","5","243","4.0246913580246915"
"24","10","0.0025","0.29","3","0.5","0.05","1","80","5","8","0","0.5","10","76","250","3.992"
"25","10","0.0025","0.29","3","0.5","0.05","1","80","5","8","0","0.5","10","6","243","4.0246913580246915"
"23","10","0.0025","0.29","3","0.5","0.05","1","80","5","8","0","0.5","10","81","272","4.088235294117647"
"21","10","0.0025","0.29","3","0.5","0.05","1","80","5","8","0","0.5","10","103","283","4.084805653710247"
"24","10","0.0025","0.29","3","0.5","0.05","1","80","5","8","0","0.5","10","77","250","3.992"
"24","10","0.0025","0.29","3","0.5","0.05","1","80","5","8","0","0.5","10","78","246","3.991869918699187"
"21","10","0.0025","0.29","3","0.5","0.05","1","80","5","8","0","0.5","10","104","282","4.074468085106383"
"22","10","0.0025","0.29","3","0.5","0.05","1","80","5","8","0","0.5","10","106","272","3.948529411764706"
"21","10","0.0025","0.29","3","0.5","0.05","1","80","5","8","0","0.5","10","105","281","4.074733096085409"
"22","10","0.0025","0.29","3","0.5","0.05","1","80","5","8","0","0.5","10","107","270","3.9407407407407407"
"25","10","0.0025","0.29","3","0.5","0.05","1","80","5","8","0","0.5","10","7","242","4.024793388429752"
"25","10","0.0025","0.29","3","0.5","0.05","1","80","5","8","0","0.5","10","8","241","4.020746887966805"
"22","10","0.0025","0.29","3","0.5","0.05","1","80","5","8","0","0.5","10","108","269","3.940520446096654"
"25","10","0.0025","0.29","3","0.5","0.05","1","80","5","8","0","0.5","10","9","241","4.016597510373444"
"23","10","0.0025","0.29","3","0.5","0.05","1","80","5","8","0","0.5","10","82","272","4.095588235294118"
"24","10","0.0025","0.29","3","0.5","0.05","1","80","5","8","0","0.5","10","79","244","3.9959016393442623"
"24","10","0.0025","0.29","3","0.5","0.05","1","80","5","8","0","0.5","10","80","243","4"
"23","10","0.0025","0.29","3","0.5","0.05","1","80","5","8","0","0.5","10","83","270","4.0962962962962965"
"20","5","0.0025","0.29","3","0.5","0.05","1","80","5","8","0","0.5","10","109","299","3.849498327759197"
"24","10","0.0025","0.29","3","0.5","0.05","1","80","5","8","0","0.5","10","81","242","3.9958677685950414"
"21","10","0.0025","0.29","3","0.5","0.05","1","80","5","8","0","0.5","10","106","280","4.075"
"23","10","0.0025","0.29","3","0.5","0.05","1","80","5","8","0","0.5","10","84","269","4.096654275092937"
"20","5","0.0025","0.29","3","0.5","0.05","1","80","5","8","0","0.5","10","110","299","4.003344481605351"
"21","10","0.0025","0.29","3","0.5","0.05","1","80","5","8","0","0.5","10","107","280","4.078571428571428"
"25","10","0.0025","0.29","3","0.5","0.05","1","80","5","8","0","0.5","10","10","241","4.016597510373444"
"20","5","0.0025","0.29","3","0.5","0.05","1","80","5","8","0","0.5","10","111","298","4"
"25","10","0.0025","0.29","3","0.5","0.05","1","80","5","8","0","0.5","10","11","240","4.016666666666667"
"21","10","0.0025","0.29","3","0.5","0.05","1","80","5","8","0","0.5","10","108","280","4.075"
"25","10","0.0025","0.29","3","0.5","0.05","1","80","5","8","0","0.5","10","12","240","4.016666666666667"
"22","10","0.0025","0.29","3","0.5","0.05","1","80","5","8","0","0.5","10","109","277","3.808664259927798"
"24","10","0.0025","0.29","3","0.5","0.05","1","80","5","8","0","0.5","10","82","242","4"
"22","10","0.0025","0.29","3","0.5","0.05","1","80","5","8","0","0.5","10","110","272","3.9338235294117645"
"24","10","0.0025","0.29","3","0.5","0.05","1","80","5","8","0","0.5","10","83","240","3.995833333333333"
"22","10","0.0025","0.29","3","0.5","0.05","1","80","5","8","0","0.5","10","111","272","3.922794117647059"
"24","10","0.0025","0.29","3","0.5","0.05","1","80","5","8","0","0.5","10","84","239","4"
"20","5","0.0025","0.29","3","0.5","0.05","1","80","5","8","0","0.5","10","112","297","4"
"20","5","0.0025","0.29","3","0.5","0.05","1","80","5","8","0","0.5","10","113","295","4"
"23","10","0.0025","0.29","3","0.5","0.05","1","80","5","8","0","0.5","10","85","285","3.8666666666666667"
"25","10","0.0025","0.29","3","0.5","0.05","1","80","5","8","0","0.5","10","13","253","3.8102766798418974"
"20","5","0.0025","0.29","3","0.5","0.05","1","80","5","8","0","0.5","10","114","293","4"
"23","10","0.0025","0.29","3","0.5","0.05","1","80","5","8","0","0.5","10","86","283","4.063604240282685"
"25","10","0.0025","0.29","3","0.5","0.05","1","80","5","8","0","0.5","10","14","253","4.015810276679842"
"21","10","0.0025","0.29","3","0.5","0.05","1","80","5","8","0","0.5","10","109","298","3.8322147651006713"
"23","10","0.0025","0.29","3","0.5","0.05","1","80","5","8","0","0.5","10","87","281","4.0711743772241995"
"25","10","0.0025","0.29","3","0.5","0.05","1","80","5","8","0","0.5","10","15","253","4.023715415019763"
"22","10","0.0025","0.29","3","0.5","0.05","1","80","5","8","0","0.5","10","112","271","3.933579335793358"
"21","10","0.0025","0.29","3","0.5","0.05","1","80","5","8","0","0.5","10","110","298","4.080536912751678"
"22","10","0.0025","0.29","3","0.5","0.05","1","80","5","8","0","0.5","10","113","271","3.9298892988929888"
"24","10","0.0025","0.29","3","0.5","0.05","1","80","5","8","0","0.5","10","85","255","3.7137254901960786"
"21","10","0.0025","0.29","3","0.5","0.05","1","80","5","8","0","0.5","10","111","296","4.101351351351352"
"22","10","0.0025","0.29","3","0.5","0.05","1","80","5","8","0","0.5","10","114","270","3.937037037037037"
"25","10","0.0025","0.29","3","0.5","0.05","1","80","5","8","0","0.5","10","16","252","4.023809523809524"
"24","10","0.0025","0.29","3","0.5","0.05","1","80","5","8","0","0.5","10","86","253","3.9683794466403164"
"20","5","0.0025","0.29","3","0.5","0.05","1","80","5","8","0","0.5","10","115","292","4"
"25","10","0.0025","0.29","3","0.5","0.05","1","80","5","8","0","0.5","10","17","250","4.024"
"24","10","0.0025","0.29","3","0.5","0.05","1","80","5","8","0","0.5","10","87","251","3.9721115537848606"
"20","5","0.0025","0.29","3","0.5","0.05","1","80","5","8","0","0.5","10","116","288","4"
"25","10","0.0025","0.29","3","0.5","0.05","1","80","5","8","0","0.5","10","18","250","4.024"
"23","10","0.0025","0.29","3","0.5","0.05","1","80","5","8","0","0.5","10","88","280","4.071428571428571"
"20","5","0.0025","0.29","3","0.5","0.05","1","80","5","8","0","0.5","10","117","287","4"
"23","10","0.0025","0.29","3","0.5","0.05","1","80","5","8","0","0.5","10","89","277","4.075812274368231"
"23","10","0.0025","0.29","3","0.5","0.05","1","80","5","8","0","0.5","10","90","275","4.072727272727272"
"21","10","0.0025","0.29","3","0.5","0.05","1","80","5","8","0","0.5","10","112","295","4.088135593220339"
"22","10","0.0025","0.29","3","0.5","0.05","1","80","5","8","0","0.5","10","115","269","3.929368029739777"
"22","10","0.0025","0.29","3","0.5","0.05","1","80","5","8","0","0.5","10","116","266","3.93609022556391"
"21","10","0.0025","0.29","3","0.5","0.05","1","80","5","8","0","0.5","10","113","293","4.088737201365188"
"24","10","0.0025","0.29","3","0.5","0.05","1","80","5","8","0","0.5","10","88","251","3.9760956175298805"
"25","10","0.0025","0.29","3","0.5","0.05","1","80","5","8","0","0.5","10","19","250","4.024"
"22","10","0.0025","0.29","3","0.5","0.05","1","80","5","8","0","0.5","10","117","266","3.93609022556391"
"24","10","0.0025","0.29","3","0.5","0.05","1","80","5","8","0","0.5","10","89","250","3.968"
"25","10","0.0025","0.29","3","0.5","0.05","1","80","5","8","0","0.5","10","20","250","4.024"
"21","10","0.0025","0.29","3","0.5","0.05","1","80","5","8","0","0.5","10","114","293","4.081911262798635"
"24","10","0.0025","0.29","3","0.5","0.05","1","80","5","8","0","0.5","10","90","250","3.972"
"25","10","0.0025","0.29","3","0.5","0.05","1","80","5","8","0","0.5","10","21","249","4.024096385542169"
"20","5","0.0025","0.29","3","0.5","0.05","1","80","5","8","0","0.5","10","118","287","4"
"20","5","0.0025","0.29","3","0.5","0.05","1","80","5","8","0","0.5","10","119","286","4"
"23","10","0.0025","0.29","3","0.5","0.05","1","80","5","8","0","0.5","10","91","275","4.072727272727272"
"22","10","0.0025","0.29","3","0.5","0.05","1","80","5","8","0","0.5","10","118","264","3.9431818181818183"
"24","10","0.0025","0.29","3","0.5","0.05","1","80","5","8","0","0.5","10","91","249","3.967871485943775"
"20","5","0.0025","0.29","3","0.5","0.05","1","80","5","8","0","0.5","10","120","286","4"
"21","10","0.0025","0.29","3","0.5","0.05","1","80","5","8","0","0.5","10","115","292","4.089041095890411"
"25","10","0.0025","0.29","3","0.5","0.05","1","80","5","8","0","0.5","10","22","248","4.024193548387097"
"23","10","0.0025","0.29","3","0.5","0.05","1","80","5","8","0","0.5","10","92","274","4.076642335766423"
"22","10","0.0025","0.29","3","0.5","0.05","1","80","5","8","0","0.5","10","119","262","3.9427480916030535"
"24","10","0.0025","0.29","3","0.5","0.05","1","80","5","8","0","0.5","10","92","249","3.9718875502008033"
"25","10","0.0025","0.29","3","0.5","0.05","1","80","5","8","0","0.5","10","23","247","4.0242914979757085"
"21","10","0.0025","0.29","3","0.5","0.05","1","80","5","8","0","0.5","10","116","291","4.085910652920962"
"23","10","0.0025","0.29","3","0.5","0.05","1","80","5","8","0","0.5","10","93","273","4.08058608058608"
"24","10","0.0025","0.29","3","0.5","0.05","1","80","5","8","0","0.5","10","93","249","3.967871485943775"
"22","10","0.0025","0.29","3","0.5","0.05","1","80","5","8","0","0.5","10","120","261","3.942528735632184"
"25","10","0.0025","0.29","3","0.5","0.05","1","80","5","8","0","0.5","10","24","247","4.0242914979757085"
"21","10","0.0025","0.29","3","0.5","0.05","1","80","5","8","0","0.5","10","117","290","4.089655172413793"
"24","10","0.0025","0.29","3","0.5","0.05","1","80","5","8","0","0.5","10","94","248","3.971774193548387"
"24","10","0.0025","0.29","3","0.5","0.05","1","80","5","8","0","0.5","10","95","247","3.967611336032389"
"26","10","0.0025","0.29","3","0.5","0.05","1","80","5","8","0","0.5","10","0","223","3.9820627802690582"
"23","10","0.0025","0.29","3","0.5","0.05","1","80","5","8","0","0.5","10","94","271","4.081180811808118"
"24","10","0.0025","0.29","3","0.5","0.05","1","80","5","8","0","0.5","10","96","247","3.97165991902834"
"25","10","0.0025","0.29","3","0.5","0.05","1","80","5","8","0","0.5","10","25","259","3.8223938223938223"
"23","10","0.0025","0.29","3","0.5","0.05","1","80","5","8","0","0.5","10","95","271","4.081180811808118"
"25","10","0.0025","0.29","3","0.5","0.05","1","80","5","8","0","0.5","10","26","259","4.015444015444015"
"21","10","0.0025","0.29","3","0.5","0.05","1","80","5","8","0","0.5","10","118","290","4.086206896551724"
"27","10","0.0025","0.29","3","0.5","0.05","1","80","5","8","0","0.5","10","0","237","4.09704641350211"
"23","10","0.0025","0.29","3","0.5","0.05","1","80","5","8","0","0.5","10","96","271","4.081180811808118"
"25","10","0.0025","0.29","3","0.5","0.05","1","80","5","8","0","0.5","10","27","259","4.023166023166024"
"21","10","0.0025","0.29","3","0.5","0.05","1","80","5","8","0","0.5","10","119","290","4.089655172413793"
"26","10","0.0025","0.29","3","0.5","0.05","1","80","5","8","0","0.5","10","1","223","4.071748878923767"
"21","10","0.0025","0.29","3","0.5","0.05","1","80","5","8","0","0.5","10","120","290","4.086206896551724"
"26","10","0.0025","0.29","3","0.5","0.05","1","80","5","8","0","0.5","10","2","223","4.044843049327354"
"24","10","0.0025","0.29","3","0.5","0.05","1","80","5","8","0","0.5","10","97","252","3.892857142857143"
"26","10","0.0025","0.29","3","0.5","0.05","1","80","5","8","0","0.5","10","3","223","4.040358744394619"
"25","10","0.0025","0.29","3","0.5","0.05","1","80","5","8","0","0.5","10","28","258","4.01937984496124"
"24","10","0.0025","0.29","3","0.5","0.05","1","80","5","8","0","0.5","10","98","251","4.00398406374502"
"25","10","0.0025","0.29","3","0.5","0.05","1","80","5","8","0","0.5","10","29","256","4.01953125"
"27","10","0.0025","0.29","3","0.5","0.05","1","80","5","8","0","0.5","10","1","236","4.072033898305085"
"24","10","0.0025","0.29","3","0.5","0.05","1","80","5","8","0","0.5","10","99","251","3.99601593625498"
"25","10","0.0025","0.29","3","0.5","0.05","1","80","5","8","0","0.5","10","30","255","4.019607843137255"
"27","10","0.0025","0.29","3","0.5","0.05","1","80","5","8","0","0.5","10","2","236","4.080508474576271"
"27","10","0.0025","0.29","3","0.5","0.05","1","80","5","8","0","0.5","10","3","236","4.088983050847458"
"26","10","0.0025","0.29","3","0.5","0.05","1","80","5","8","0","0.5","10","4","223","4.040358744394619"
"23","10","0.0025","0.29","3","0.5","0.05","1","80","5","8","0","0.5","10","97","285","3.856140350877193"
"28","10","0.0025","0.29","3","0.5","0.05","1","80","5","8","0","0.5","10","0","248","3.8870967741935485"
"24","10","0.0025","0.29","3","0.5","0.05","1","80","5","8","0","0.5","10","100","251","4.00398406374502"
"26","10","0.0025","0.29","3","0.5","0.05","1","80","5","8","0","0.5","10","5","222","4.04054054054054"
"23","10","0.0025","0.29","3","0.5","0.05","1","80","5","8","0","0.5","10","98","284","4.077464788732394"
"26","10","0.0025","0.29","3","0.5","0.05","1","80","5","8","0","0.5","10","6","222","4.04054054054054"
"24","10","0.0025","0.29","3","0.5","0.05","1","80","5","8","0","0.5","10","101","250","3.996"
"25","10","0.0025","0.29","3","0.5","0.05","1","80","5","8","0","0.5","10","31","254","4.019685039370079"
"23","10","0.0025","0.29","3","0.5","0.05","1","80","5","8","0","0.5","10","99","283","4.081272084805653"
"24","10","0.0025","0.29","3","0.5","0.05","1","80","5","8","0","0.5","10","102","250","4.012"
"25","10","0.0025","0.29","3","0.5","0.05","1","80","5","8","0","0.5","10","32","252","4.01984126984127"
"27","10","0.0025","0.29","3","0.5","0.05","1","80","5","8","0","0.5","10","4","236","4.093220338983051"
"25","10","0.0025","0.29","3","0.5","0.05","1","80","5","8","0","0.5","10","33","250","4.016"
"27","10","0.0025","0.29","3","0.5","0.05","1","80","5","8","0","0.5","10","5","235","4.089361702127659"
"26","10","0.0025","0.29","3","0.5","0.05","1","80","5","8","0","0.5","10","7","222","4.04054054054054"
"24","10","0.0025","0.29","3","0.5","0.05","1","80","5","8","0","0.5","10","103","250","4.016"
"26","10","0.0025","0.29","3","0.5","0.05","1","80","5","8","0","0.5","10","8","218","4.041284403669724"
"27","10","0.0025","0.29","3","0.5","0.05","1","80","5","8","0","0.5","10","6","235","4.093617021276596"
"28","10","0.0025","0.29","3","0.5","0.05","1","80","5","8","0","0.5","10","1","248","4.189516129032258"
"26","10","0.0025","0.29","3","0.5","0.05","1","80","5","8","0","0.5","10","9","217","4.04147465437788"
"24","10","0.0025","0.29","3","0.5","0.05","1","80","5","8","0","0.5","10","104","248","4.020161290322581"
"28","10","0.0025","0.29","3","0.5","0.05","1","80","5","8","0","0.5","10","2","248","4.157258064516129"
"23","10","0.0025","0.29","3","0.5","0.05","1","80","5","8","0","0.5","10","100","281","4.07829181494662"
"24","10","0.0025","0.29","3","0.5","0.05","1","80","5","8","0","0.5","10","105","246","4.020325203252033"
"28","10","0.0025","0.29","3","0.5","0.05","1","80","5","8","0","0.5","10","3","247","4.174089068825911"
"23","10","0.0025","0.29","3","0.5","0.05","1","80","5","8","0","0.5","10","101","281","4.096085409252669"
"25","10","0.0025","0.29","3","0.5","0.05","1","80","5","8","0","0.5","10","34","248","4.012096774193548"
"27","10","0.0025","0.29","3","0.5","0.05","1","80","5","8","0","0.5","10","7","235","4.089361702127659"
"23","10","0.0025","0.29","3","0.5","0.05","1","80","5","8","0","0.5","10","102","277","4.097472924187725"
"25","10","0.0025","0.29","3","0.5","0.05","1","80","5","8","0","0.5","10","35","247","4.012145748987854"
"26","10","0.0025","0.29","3","0.5","0.05","1","80","5","8","0","0.5","10","10","217","4.04147465437788"
"27","10","0.0025","0.29","3","0.5","0.05","1","80","5","8","0","0.5","10","8","235","4.093617021276596"
"26","10","0.0025","0.29","3","0.5","0.05","1","80","5","8","0","0.5","10","11","217","4.04147465437788"
"25","10","0.0025","0.29","3","0.5","0.05","1","80","5","8","0","0.5","10","36","247","4.012145748987854"
"24","10","0.0025","0.29","3","0.5","0.05","1","80","5","8","0","0.5","10","106","245","4.024489795918368"
"27","10","0.0025","0.29","3","0.5","0.05","1","80","5","8","0","0.5","10","9","235","4.089361702127659"
"28","10","0.0025","0.29","3","0.5","0.05","1","80","5","8","0","0.5","10","4","246","4.186991869918699"
"26","10","0.0025","0.29","3","0.5","0.05","1","80","5","8","0","0.5","10","12","217","4.04147465437788"
"24","10","0.0025","0.29","3","0.5","0.05","1","80","5","8","0","0.5","10","107","244","4.020491803278689"
"28","10","0.0025","0.29","3","0.5","0.05","1","80","5","8","0","0.5","10","5","246","4.182926829268292"
"24","10","0.0025","0.29","3","0.5","0.05","1","80","5","8","0","0.5","10","108","244","4.020491803278689"
"28","10","0.0025","0.29","3","0.5","0.05","1","80","5","8","0","0.5","10","6","245","4.187755102040816"
"27","10","0.0025","0.29","3","0.5","0.05","1","80","5","8","0","0.5","10","10","234","4.094017094017094"
"27","10","0.0025","0.29","3","0.5","0.05","1","80","5","8","0","0.5","10","11","233","4.094420600858369"
"23","10","0.0025","0.29","3","0.5","0.05","1","80","5","8","0","0.5","10","103","275","4.094545454545455"
"26","10","0.0025","0.29","3","0.5","0.05","1","80","5","8","0","0.5","10","13","226","3.8628318584070795"
"27","10","0.0025","0.29","3","0.5","0.05","1","80","5","8","0","0.5","10","12","233","4.098712446351931"
"23","10","0.0025","0.29","3","0.5","0.05","1","80","5","8","0","0.5","10","104","275","4.094545454545455"
"25","10","0.0025","0.29","3","0.5","0.05","1","80","5","8","0","0.5","10","37","261","3.781609195402299"
"26","10","0.0025","0.29","3","0.5","0.05","1","80","5","8","0","0.5","10","14","224","4.013392857142857"
"23","10","0.0025","0.29","3","0.5","0.05","1","80","5","8","0","0.5","10","105","274","4.094890510948905"
"25","10","0.0025","0.29","3","0.5","0.05","1","80","5","8","0","0.5","10","38","259","4.015444015444015"
"28","10","0.0025","0.29","3","0.5","0.05","1","80","5","8","0","0.5","10","7","245","4.183673469387755"
"26","10","0.0025","0.29","3","0.5","0.05","1","80","5","8","0","0.5","10","15","224","4.013392857142857"
"28","10","0.0025","0.29","3","0.5","0.05","1","80","5","8","0","0.5","10","8","244","4.184426229508197"
"25","10","0.0025","0.29","3","0.5","0.05","1","80","5","8","0","0.5","10","39","258","4.007751937984496"
"24","10","0.0025","0.29","3","0.5","0.05","1","80","5","8","0","0.5","10","109","259","3.7837837837837838"
"24","10","0.0025","0.29","3","0.5","0.05","1","80","5","8","0","0.5","10","110","256","4.0703125"
"28","10","0.0025","0.29","3","0.5","0.05","1","80","5","8","0","0.5","10","9","243","4.185185185185185"
"24","10","0.0025","0.29","3","0.5","0.05","1","80","5","8","0","0.5","10","111","255","4.066666666666666"
"27","10","0.0025","0.29","3","0.5","0.05","1","80","5","8","0","0.5","10","13","253","3.7707509881422925"
"26","10","0.0025","0.29","3","0.5","0.05","1","80","5","8","0","0.5","10","16","223","4.013452914798206"
"27","10","0.0025","0.29","3","0.5","0.05","1","80","5","8","0","0.5","10","14","252","4.067460317460317"
"26","10","0.0025","0.29","3","0.5","0.05","1","80","5","8","0","0.5","10","17","223","4.013452914798206"
"27","10","0.0025","0.29","3","0.5","0.05","1","80","5","8","0","0.5","10","15","252","4.067460317460317"
"26","10","0.0025","0.29","3","0.5","0.05","1","80","5","8","0","0.5","10","18","223","4.013452914798206"
"25","10","0.0025","0.29","3","0.5","0.05","1","80","5","8","0","0.5","10","40","256","4.00390625"
"28","10","0.0025","0.29","3","0.5","0.05","1","80","5","8","0","0.5","10","10","243","4.185185185185185"
"23","10","0.0025","0.29","3","0.5","0.05","1","80","5","8","0","0.5","10","106","272","4.099264705882353"
"25","10","0.0025","0.29","3","0.5","0.05","1","80","5","8","0","0.5","10","41","256","4.01171875"
"28","10","0.0025","0.29","3","0.5","0.05","1","80","5","8","0","0.5","10","11","242","4.18595041322314"
"23","10","0.0025","0.29","3","0.5","0.05","1","80","5","8","0","0.5","10","107","271","4.099630996309963"
"25","10","0.0025","0.29","3","0.5","0.05","1","80","5","8","0","0.5","10","42","253","4.015810276679842"
"24","10","0.0025","0.29","3","0.5","0.05","1","80","5","8","0","0.5","10","112","253","4.067193675889328"
"28","10","0.0025","0.29","3","0.5","0.05","1","80","5","8","0","0.5","10","12","242","4.18595041322314"
"27","10","0.0025","0.29","3","0.5","0.05","1","80","5","8","0","0.5","10","16","250","4.068"
"23","10","0.0025","0.29","3","0.5","0.05","1","80","5","8","0","0.5","10","108","270","4.0962962962962965"
"24","10","0.0025","0.29","3","0.5","0.05","1","80","5","8","0","0.5","10","113","252","4.055555555555555"
"26","10","0.0025","0.29","3","0.5","0.05","1","80","5","8","0","0.5","10","19","223","4.013452914798206"
"27","10","0.0025","0.29","3","0.5","0.05","1","80","5","8","0","0.5","10","17","250","4.068"
"24","10","0.0025","0.29","3","0.5","0.05","1","80","5","8","0","0.5","10","114","252","4.059523809523809"
"26","10","0.0025","0.29","3","0.5","0.05","1","80","5","8","0","0.5","10","20","222","4.013513513513513"
"26","10","0.0025","0.29","3","0.5","0.05","1","80","5","8","0","0.5","10","21","222","4.013513513513513"
"27","10","0.0025","0.29","3","0.5","0.05","1","80","5","8","0","0.5","10","18","249","4.072289156626506"
"25","10","0.0025","0.29","3","0.5","0.05","1","80","5","8","0","0.5","10","43","252","4.01984126984127"
"25","10","0.0025","0.29","3","0.5","0.05","1","80","5","8","0","0.5","10","44","247","4.020242914979757"
"26","10","0.0025","0.29","3","0.5","0.05","1","80","5","8","0","0.5","10","22","220","4.004545454545455"
"28","10","0.0025","0.29","3","0.5","0.05","1","80","5","8","0","0.5","10","13","257","3.9105058365758754"
"24","10","0.0025","0.29","3","0.5","0.05","1","80","5","8","0","0.5","10","115","251","4.055776892430279"
"26","10","0.0025","0.29","3","0.5","0.05","1","80","5","8","0","0.5","10","23","218","3.9954128440366974"
"27","10","0.0025","0.29","3","0.5","0.05","1","80","5","8","0","0.5","10","19","248","4.07258064516129"
"25","10","0.0025","0.29","3","0.5","0.05","1","80","5","8","0","0.5","10","45","244","4.020491803278689"
"28","10","0.0025","0.29","3","0.5","0.05","1","80","5","8","0","0.5","10","14","256","4.21484375"
"26","10","0.0025","0.29","3","0.5","0.05","1","80","5","8","0","0.5","10","24","218","3.9954128440366974"
"24","10","0.0025","0.29","3","0.5","0.05","1","80","5","8","0","0.5","10","116","251","4.059760956175299"
"27","10","0.0025","0.29","3","0.5","0.05","1","80","5","8","0","0.5","10","20","248","4.07258064516129"
"28","10","0.0025","0.29","3","0.5","0.05","1","80","5","8","0","0.5","10","15","255","4.207843137254902"
"24","10","0.0025","0.29","3","0.5","0.05","1","80","5","8","0","0.5","10","117","247","4.05668016194332"
"27","10","0.0025","0.29","3","0.5","0.05","1","80","5","8","0","0.5","10","21","247","4.0728744939271255"
"23","10","0.0025","0.29","3","0.5","0.05","1","80","5","8","0","0.5","10","109","279","3.935483870967742"
"23","10","0.0025","0.29","3","0.5","0.05","1","80","5","8","0","0.5","10","110","279","4.114695340501792"
"26","10","0.0025","0.29","3","0.5","0.05","1","80","5","8","0","0.5","10","25","224","3.888392857142857"
"23","10","0.0025","0.29","3","0.5","0.05","1","80","5","8","0","0.5","10","111","276","4.11231884057971"
"25","10","0.0025","0.29","3","0.5","0.05","1","80","5","8","0","0.5","10","46","244","4.020491803278689"
"26","10","0.0025","0.29","3","0.5","0.05","1","80","5","8","0","0.5","10","26","223","4.00896860986547"
"27","10","0.0025","0.29","3","0.5","0.05","1","80","5","8","0","0.5","10","22","246","4.073170731707317"
"28","10","0.0025","0.29","3","0.5","0.05","1","80","5","8","0","0.5","10","16","254","4.208661417322834"
"25","10","0.0025","0.29","3","0.5","0.05","1","80","5","8","0","0.5","10","47","243","4.020576131687243"
"26","10","0.0025","0.29","3","0.5","0.05","1","80","5","8","0","0.5","10","27","221","4.013574660633484"
"24","10","0.0025","0.29","3","0.5","0.05","1","80","5","8","0","0.5","10","118","246","4.060975609756097"
"27","10","0.0025","0.29","3","0.5","0.05","1","80","5","8","0","0.5","10","23","245","4.073469387755102"
"28","10","0.0025","0.29","3","0.5","0.05","1","80","5","8","0","0.5","10","17","254","4.21259842519685"
"25","10","0.0025","0.29","3","0.5","0.05","1","80","5","8","0","0.5","10","48","242","4.020661157024794"
"27","10","0.0025","0.29","3","0.5","0.05","1","80","5","8","0","0.5","10","24","245","4.073469387755102"
"24","10","0.0025","0.29","3","0.5","0.05","1","80","5","8","0","0.5","10","119","245","4.057142857142857"
"28","10","0.0025","0.29","3","0.5","0.05","1","80","5","8","0","0.5","10","18","254","4.21259842519685"
"24","10","0.0025","0.29","3","0.5","0.05","1","80","5","8","0","0.5","10","120","245","4.061224489795919"
"26","10","0.0025","0.29","3","0.5","0.05","1","80","5","8","0","0.5","10","28","220","4.013636363636364"
"23","10","0.0025","0.29","3","0.5","0.05","1","80","5","8","0","0.5","10","112","276","4.119565217391305"
"26","10","0.0025","0.29","3","0.5","0.05","1","80","5","8","0","0.5","10","29","218","4.004587155963303"
"23","10","0.0025","0.29","3","0.5","0.05","1","80","5","8","0","0.5","10","113","273","4.113553113553113"
"26","10","0.0025","0.29","3","0.5","0.05","1","80","5","8","0","0.5","10","30","218","4.004587155963303"
"28","10","0.0025","0.29","3","0.5","0.05","1","80","5","8","0","0.5","10","19","254","4.21259842519685"
"23","10","0.0025","0.29","3","0.5","0.05","1","80","5","8","0","0.5","10","114","272","4.110294117647059"
"28","10","0.0025","0.29","3","0.5","0.05","1","80","5","8","0","0.5","10","20","254","4.21259842519685"
"28","10","0.0025","0.29","3","0.5","0.05","1","80","5","8","0","0.5","10","21","252","4.2103174603174605"
"25","10","0.0025","0.29","3","0.5","0.05","1","80","5","8","0","0.5","10","49","249","3.887550200803213"
"27","10","0.0025","0.29","3","0.5","0.05","1","80","5","8","0","0.5","10","25","262","3.7938931297709924"
"27","10","0.0025","0.29","3","0.5","0.05","1","80","5","8","0","0.5","10","26","261","4.10727969348659"
"25","10","0.0025","0.29","3","0.5","0.05","1","80","5","8","0","0.5","10","50","249","4.024096385542169"
"26","10","0.0025","0.29","3","0.5","0.05","1","80","5","8","0","0.5","10","31","218","4.004587155963303"
"27","10","0.0025","0.29","3","0.5","0.05","1","80","5","8","0","0.5","10","27","260","4.115384615384615"
"25","10","0.0025","0.29","3","0.5","0.05","1","80","5","8","0","0.5","10","51","249","4.028112449799197"
"29","10","0.0025","0.29","3","0.5","0.05","1","80","5","8","0","0.5","10","0","245","3.926530612244898"
"26","10","0.0025","0.29","3","0.5","0.05","1","80","5","8","0","0.5","10","32","217","4.0046082949308754"
"26","10","0.0025","0.29","3","0.5","0.05","1","80","5","8","0","0.5","10","33","215","4.004651162790697"
"23","10","0.0025","0.29","3","0.5","0.05","1","80","5","8","0","0.5","10","115","272","4.110294117647059"
"28","10","0.0025","0.29","3","0.5","0.05","1","80","5","8","0","0.5","10","22","251","4.211155378486056"
"23","10","0.0025","0.29","3","0.5","0.05","1","80","5","8","0","0.5","10","116","270","4.111111111111111"
"28","10","0.0025","0.29","3","0.5","0.05","1","80","5","8","0","0.5","10","23","248","4.213709677419355"
"25","10","0.0025","0.29","3","0.5","0.05","1","80","5","8","0","0.5","10","52","249","4.020080321285141"
"23","10","0.0025","0.29","3","0.5","0.05","1","80","5","8","0","0.5","10","117","268","4.111940298507463"
"27","10","0.0025","0.29","3","0.5","0.05","1","80","5","8","0","0.5","10","28","260","4.115384615384615"
"28","10","0.0025","0.29","3","0.5","0.05","1","80","5","8","0","0.5","10","24","248","4.213709677419355"
"25","10","0.0025","0.29","3","0.5","0.05","1","80","5","8","0","0.5","10","53","247","4.0242914979757085"
"26","10","0.0025","0.29","3","0.5","0.05","1","80","5","8","0","0.5","10","34","213","4.004694835680751"
"29","10","0.0025","0.29","3","0.5","0.05","1","80","5","8","0","0.5","10","1","244","4.05327868852459"
"27","10","0.0025","0.29","3","0.5","0.05","1","80","5","8","0","0.5","10","29","258","4.112403100775194"
"25","10","0.0025","0.29","3","0.5","0.05","1","80","5","8","0","0.5","10","54","243","4.0246913580246915"
"26","10","0.0025","0.29","3","0.5","0.05","1","80","5","8","0","0.5","10","35","212","4.009433962264151"
"27","10","0.0025","0.29","3","0.5","0.05","1","80","5","8","0","0.5","10","30","258","4.112403100775194"
"29","10","0.0025","0.29","3","0.5","0.05","1","80","5","8","0","0.5","10","2","244","4.049180327868853"
"26","10","0.0025","0.29","3","0.5","0.05","1","80","5","8","0","0.5","10","36","211","4.014218009478673"
"29","10","0.0025","0.29","3","0.5","0.05","1","80","5","8","0","0.5","10","3","244","4.016393442622951"
"25","10","0.0025","0.29","3","0.5","0.05","1","80","5","8","0","0.5","10","55","242","4.028925619834711"
"23","10","0.0025","0.29","3","0.5","0.05","1","80","5","8","0","0.5","10","118","267","4.112359550561798"
"27","10","0.0025","0.29","3","0.5","0.05","1","80","5","8","0","0.5","10","31","257","4.11284046692607"
"28","10","0.0025","0.29","3","0.5","0.05","1","80","5","8","0","0.5","10","25","260","3.980769230769231"
"25","10","0.0025","0.29","3","0.5","0.05","1","80","5","8","0","0.5","10","56","241","4.024896265560166"
"23","10","0.0025","0.29","3","0.5","0.05","1","80","5","8","0","0.5","10","119","267","4.112359550561798"
"29","10","0.0025","0.29","3","0.5","0.05","1","80","5","8","0","0.5","10","4","244","4.008196721311475"
"27","10","0.0025","0.29","3","0.5","0.05","1","80","5","8","0","0.5","10","32","257","4.11284046692607"
"28","10","0.0025","0.29","3","0.5","0.05","1","80","5","8","0","0.5","10","26","259","4.181467181467181"
"25","10","0.0025","0.29","3","0.5","0.05","1","80","5","8","0","0.5","10","57","238","4.029411764705882"
"23","10","0.0025","0.29","3","0.5","0.05","1","80","5","8","0","0.5","10","120","267","4.112359550561798"
"29","10","0.0025","0.29","3","0.5","0.05","1","80","5","8","0","0.5","10","5","244","4.008196721311475"
"26","10","0.0025","0.29","3","0.5","0.05","1","80","5","8","0","0.5","10","37","219","3.867579908675799"
"27","10","0.0025","0.29","3","0.5","0.05","1","80","5","8","0","0.5","10","33","256","4.11328125"
"28","10","0.0025","0.29","3","0.5","0.05","1","80","5","8","0","0.5","10","27","259","4.173745173745174"
"26","10","0.0025","0.29","3","0.5","0.05","1","80","5","8","0","0.5","10","38","218","4.009174311926605"
"29","10","0.0025","0.29","3","0.5","0.05","1","80","5","8","0","0.5","10","6","244","4.008196721311475"
"26","10","0.0025","0.29","3","0.5","0.05","1","80","5","8","0","0.5","10","39","218","4.022935779816514"
"25","10","0.0025","0.29","3","0.5","0.05","1","80","5","8","0","0.5","10","58","238","4.025210084033613"
"26","10","0.0025","0.29","3","0.5","0.05","1","80","5","8","0","0.5","10","40","218","4.022935779816514"
"28","10","0.0025","0.29","3","0.5","0.05","1","80","5","8","0","0.5","10","28","255","4.180392156862745"
"27","10","0.0025","0.29","3","0.5","0.05","1","80","5","8","0","0.5","10","34","255","4.113725490196078"
"25","10","0.0025","0.29","3","0.5","0.05","1","80","5","8","0","0.5","10","59","238","4.025210084033613"
"29","10","0.0025","0.29","3","0.5","0.05","1","80","5","8","0","0.5","10","7","244","4.008196721311475"
"26","10","0.0025","0.29","3","0.5","0.05","1","80","5","8","0","0.5","10","41","216","4.023148148148148"
"28","10","0.0025","0.29","3","0.5","0.05","1","80","5","8","0","0.5","10","29","255","4.176470588235294"
"27","10","0.0025","0.29","3","0.5","0.05","1","80","5","8","0","0.5","10","35","254","4.1141732283464565"
"25","10","0.0025","0.29","3","0.5","0.05","1","80","5","8","0","0.5","10","60","237","4.029535864978903"
"29","10","0.0025","0.29","3","0.5","0.05","1","80","5","8","0","0.5","10","8","243","4.008230452674897"
"26","10","0.0025","0.29","3","0.5","0.05","1","80","5","8","0","0.5","10","42","216","4.023148148148148"
"30","10","0.0025","0.29","3","0.5","0.05","1","80","5","8","0","0.5","10","0","235","3.8851063829787233"
"28","10","0.0025","0.29","3","0.5","0.05","1","80","5","8","0","0.5","10","30","253","4.177865612648222"
"27","10","0.0025","0.29","3","0.5","0.05","1","80","5","8","0","0.5","10","36","253","4.1146245059288535"
"29","10","0.0025","0.29","3","0.5","0.05","1","80","5","8","0","0.5","10","9","243","4.008230452674897"
"26","10","0.0025","0.29","3","0.5","0.05","1","80","5","8","0","0.5","10","43","215","4.023255813953488"
"26","10","0.0025","0.29","3","0.5","0.05","1","80","5","8","0","0.5","10","44","214","4.0233644859813085"
"26","10","0.0025","0.29","3","0.5","0.05","1","80","5","8","0","0.5","10","45","213","4.023474178403756"
"29","10","0.0025","0.29","3","0.5","0.05","1","80","5","8","0","0.5","10","10","243","4.008230452674897"
"30","10","0.0025","0.29","3","0.5","0.05","1","80","5","8","0","0.5","10","1","235","3.9957446808510637"
"28","10","0.0025","0.29","3","0.5","0.05","1","80","5","8","0","0.5","10","31","253","4.177865612648222"
"25","10","0.0025","0.29","3","0.5","0.05","1","80","5","8","0","0.5","10","61","260","3.6423076923076922"
"29","10","0.0025","0.29","3","0.5","0.05","1","80","5","8","0","0.5","10","11","242","4.008264462809917"
"30","10","0.0025","0.29","3","0.5","0.05","1","80","5","8","0","0.5","10","2","235","3.991489361702128"
"28","10","0.0025","0.29","3","0.5","0.05","1","80","5","8","0","0.5","10","32","251","4.183266932270916"
"25","10","0.0025","0.29","3","0.5","0.05","1","80","5","8","0","0.5","10","62","260","4.126923076923077"
"26","10","0.0025","0.29","3","0.5","0.05","1","80","5","8","0","0.5","10","46","212","4.023584905660377"
"29","10","0.0025","0.29","3","0.5","0.05","1","80","5","8","0","0.5","10","12","242","4.008264462809917"
"27","10","0.0025","0.29","3","0.5","0.05","1","80","5","8","0","0.5","10","37","266","3.9135338345864663"
"30","10","0.0025","0.29","3","0.5","0.05","1","80","5","8","0","0.5","10","3","235","4"
"28","10","0.0025","0.29","3","0.5","0.05","1","80","5","8","0","0.5","10","33","251","4.179282868525896"
"26","10","0.0025","0.29","3","0.5","0.05","1","80","5","8","0","0.5","10","47","212","4.023584905660377"
"25","10","0.0025","0.29","3","0.5","0.05","1","80","5","8","0","0.5","10","63","258","4.124031007751938"
"27","10","0.0025","0.29","3","0.5","0.05","1","80","5","8","0","0.5","10","38","265","4.1169811320754715"
"26","10","0.0025","0.29","3","0.5","0.05","1","80","5","8","0","0.5","10","48","211","4.023696682464455"
"27","10","0.0025","0.29","3","0.5","0.05","1","80","5","8","0","0.5","10","39","264","4.117424242424242"
"25","10","0.0025","0.29","3","0.5","0.05","1","80","5","8","0","0.5","10","64","256","4.125"
"30","10","0.0025","0.29","3","0.5","0.05","1","80","5","8","0","0.5","10","4","235","3.9957446808510637"
"29","10","0.0025","0.29","3","0.5","0.05","1","80","5","8","0","0.5","10","13","247","3.9068825910931175"
"28","10","0.0025","0.29","3","0.5","0.05","1","80","5","8","0","0.5","10","34","250","4.18"
"25","10","0.0025","0.29","3","0.5","0.05","1","80","5","8","0","0.5","10","65","255","4.129411764705883"
"29","10","0.0025","0.29","3","0.5","0.05","1","80","5","8","0","0.5","10","14","247","3.9959514170040484"
"30","10","0.0025","0.29","3","0.5","0.05","1","80","5","8","0","0.5","10","5","234","3.9957264957264957"
"26","10","0.0025","0.29","3","0.5","0.05","1","80","5","8","0","0.5","10","49","223","3.789237668161435"
"28","10","0.0025","0.29","3","0.5","0.05","1","80","5","8","0","0.5","10","35","249","4.180722891566265"
"27","10","0.0025","0.29","3","0.5","0.05","1","80","5","8","0","0.5","10","40","263","4.129277566539924"
"25","10","0.0025","0.29","3","0.5","0.05","1","80","5","8","0","0.5","10","66","252","4.126984126984127"
"30","10","0.0025","0.29","3","0.5","0.05","1","80","5","8","0","0.5","10","6","234","3.9957264957264957"
"29","10","0.0025","0.29","3","0.5","0.05","1","80","5","8","0","0.5","10","15","246","4.004065040650406"
"26","10","0.0025","0.29","3","0.5","0.05","1","80","5","8","0","0.5","10","50","222","4.027027027027027"
"27","10","0.0025","0.29","3","0.5","0.05","1","80","5","8","0","0.5","10","41","263","4.1254752851711025"
"28","10","0.0025","0.29","3","0.5","0.05","1","80","5","8","0","0.5","10","36","249","4.180722891566265"
"26","10","0.0025","0.29","3","0.5","0.05","1","80","5","8","0","0.5","10","51","221","4.036199095022624"
"27","10","0.0025","0.29","3","0.5","0.05","1","80","5","8","0","0.5","10","42","263","4.129277566539924"
"29","10","0.0025","0.29","3","0.5","0.05","1","80","5","8","0","0.5","10","16","246","3.9959349593495936"
"30","10","0.0025","0.29","3","0.5","0.05","1","80","5","8","0","0.5","10","7","233","3.995708154506438"
"29","10","0.0025","0.29","3","0.5","0.05","1","80","5","8","0","0.5","10","17","246","4.008130081300813"
"26","10","0.0025","0.29","3","0.5","0.05","1","80","5","8","0","0.5","10","52","219","4.036529680365297"
"25","10","0.0025","0.29","3","0.5","0.05","1","80","5","8","0","0.5","10","67","252","4.123015873015873"
"30","10","0.0025","0.29","3","0.5","0.05","1","80","5","8","0","0.5","10","8","232","3.9956896551724137"
"29","10","0.0025","0.29","3","0.5","0.05","1","80","5","8","0","0.5","10","18","246","4.004065040650406"
"30","10","0.0025","0.29","3","0.5","0.05","1","80","5","8","0","0.5","10","9","232","3.9956896551724137"
"26","10","0.0025","0.29","3","0.5","0.05","1","80","5","8","0","0.5","10","53","218","4.032110091743119"
"25","10","0.0025","0.29","3","0.5","0.05","1","80","5","8","0","0.5","10","68","251","4.123505976095617"
"27","10","0.0025","0.29","3","0.5","0.05","1","80","5","8","0","0.5","10","43","263","4.129277566539924"
"28","10","0.0025","0.29","3","0.5","0.05","1","80","5","8","0","0.5","10","37","254","4.0984251968503935"
"26","10","0.0025","0.29","3","0.5","0.05","1","80","5","8","0","0.5","10","54","216","4.037037037037037"
"27","10","0.0025","0.29","3","0.5","0.05","1","80","5","8","0","0.5","10","44","262","4.129770992366412"
"25","10","0.0025","0.29","3","0.5","0.05","1","80","5","8","0","0.5","10","69","251","4.131474103585657"
"28","10","0.0025","0.29","3","0.5","0.05","1","80","5","8","0","0.5","10","38","253","4.177865612648222"
"28","10","0.0025","0.29","3","0.5","0.05","1","80","5","8","0","0.5","10","39","252","4.178571428571429"
"27","10","0.0025","0.29","3","0.5","0.05","1","80","5","8","0","0.5","10","45","260","4.126923076923077"
"29","10","0.0025","0.29","3","0.5","0.05","1","80","5","8","0","0.5","10","19","246","4.008130081300813"
"30","10","0.0025","0.29","3","0.5","0.05","1","80","5","8","0","0.5","10","10","231","3.9956709956709955"
"29","10","0.0025","0.29","3","0.5","0.05","1","80","5","8","0","0.5","10","20","244","4.004098360655738"
"30","10","0.0025","0.29","3","0.5","0.05","1","80","5","8","0","0.5","10","11","231","3.9956709956709955"
"26","10","0.0025","0.29","3","0.5","0.05","1","80","5","8","0","0.5","10","55","214","4.042056074766355"
"29","10","0.0025","0.29","3","0.5","0.05","1","80","5","8","0","0.5","10","21","243","4.008230452674897"
"25","10","0.0025","0.29","3","0.5","0.05","1","80","5","8","0","0.5","10","70","249","4.128514056224899"
"30","10","0.0025","0.29","3","0.5","0.05","1","80","5","8","0","0.5","10","12","229","3.995633187772926"
"26","10","0.0025","0.29","3","0.5","0.05","1","80","5","8","0","0.5","10","56","213","4.037558685446009"
"28","10","0.0025","0.29","3","0.5","0.05","1","80","5","8","0","0.5","10","40","250","4.176"
"25","10","0.0025","0.29","3","0.5","0.05","1","80","5","8","0","0.5","10","71","248","4.125"
"26","10","0.0025","0.29","3","0.5","0.05","1","80","5","8","0","0.5","10","57","213","4.042253521126761"
"28","10","0.0025","0.29","3","0.5","0.05","1","80","5","8","0","0.5","10","41","248","4.17741935483871"
"27","10","0.0025","0.29","3","0.5","0.05","1","80","5","8","0","0.5","10","46","259","4.1312741312741315"
"25","10","0.0025","0.29","3","0.5","0.05","1","80","5","8","0","0.5","10","72","247","4.125506072874494"
"28","10","0.0025","0.29","3","0.5","0.05","1","80","5","8","0","0.5","10","42","245","4.171428571428572"
"27","10","0.0025","0.29","3","0.5","0.05","1","80","5","8","0","0.5","10","47","259","4.127413127413128"
"29","10","0.0025","0.29","3","0.5","0.05","1","80","5","8","0","0.5","10","22","243","4.004115226337449"
"27","10","0.0025","0.29","3","0.5","0.05","1","80","5","8","0","0.5","10","48","259","4.1312741312741315"
"26","10","0.0025","0.29","3","0.5","0.05","1","80","5","8","0","0.5","10","58","211","4.033175355450237"
"29","10","0.0025","0.29","3","0.5","0.05","1","80","5","8","0","0.5","10","23","243","4.008230452674897"
"26","10","0.0025","0.29","3","0.5","0.05","1","80","5","8","0","0.5","10","59","209","4.038277511961723"
"29","10","0.0025","0.29","3","0.5","0.05","1","80","5","8","0","0.5","10","24","241","4"
"30","10","0.0025","0.29","3","0.5","0.05","1","80","5","8","0","0.5","10","13","238","3.8445378151260505"
"26","10","0.0025","0.29","3","0.5","0.05","1","80","5","8","0","0.5","10","60","208","4.033653846153846"
"28","10","0.0025","0.29","3","0.5","0.05","1","80","5","8","0","0.5","10","43","244","4.163934426229508"
"30","10","0.0025","0.29","3","0.5","0.05","1","80","5","8","0","0.5","10","14","238","4.008403361344538"
"28","10","0.0025","0.29","3","0.5","0.05","1","80","5","8","0","0.5","10","44","244","4.163934426229508"
"30","10","0.0025","0.29","3","0.5","0.05","1","80","5","8","0","0.5","10","15","237","4"
"28","10","0.0025","0.29","3","0.5","0.05","1","80","5","8","0","0.5","10","45","244","4.163934426229508"
"25","10","0.0025","0.29","3","0.5","0.05","1","80","5","8","0","0.5","10","73","251","4.043824701195219"
"25","10","0.0025","0.29","3","0.5","0.05","1","80","5","8","0","0.5","10","74","250","4.12"
"27","10","0.0025","0.29","3","0.5","0.05","1","80","5","8","0","0.5","10","49","277","3.8592057761732854"
"30","10","0.0025","0.29","3","0.5","0.05","1","80","5","8","0","0.5","10","16","237","4.012658227848101"
"25","10","0.0025","0.29","3","0.5","0.05","1","80","5","8","0","0.5","10","75","250","4.124"
"27","10","0.0025","0.29","3","0.5","0.05","1","80","5","8","0","0.5","10","50","275","4.152727272727272"
"26","10","0.0025","0.29","3","0.5","0.05","1","80","5","8","0","0.5","10","61","234","3.572649572649573"
"30","10","0.0025","0.29","3","0.5","0.05","1","80","5","8","0","0.5","10","17","236","4.012711864406779"
"29","10","0.0025","0.29","3","0.5","0.05","1","80","5","8","0","0.5","10","25","252","3.7857142857142856"
"28","10","0.0025","0.29","3","0.5","0.05","1","80","5","8","0","0.5","10","46","244","4.163934426229508"
"26","10","0.0025","0.29","3","0.5","0.05","1","80","5","8","0","0.5","10","62","229","4.074235807860262"
"27","10","0.0025","0.29","3","0.5","0.05","1","80","5","8","0","0.5","10","51","274","4.178832116788321"
"30","10","0.0025","0.29","3","0.5","0.05","1","80","5","8","0","0.5","10","18","235","4.012765957446809"
"29","10","0.0025","0.29","3","0.5","0.05","1","80","5","8","0","0.5","10","26","251","3.9840637450199203"
"26","10","0.0025","0.29","3","0.5","0.05","1","80","5","8","0","0.5","10","63","227","4.070484581497797"
"28","10","0.0025","0.29","3","0.5","0.05","1","80","5","8","0","0.5","10","47","243","4.1646090534979425"
"29","10","0.0025","0.29","3","0.5","0.05","1","80","5","8","0","0.5","10","27","251","3.9840637450199203"
"25","10","0.0025","0.29","3","0.5","0.05","1","80","5","8","0","0.5","10","76","249","4.120481927710843"
"28","10","0.0025","0.29","3","0.5","0.05","1","80","5","8","0","0.5","10","48","242","4.1570247933884295"
"25","10","0.0025","0.29","3","0.5","0.05","1","80","5","8","0","0.5","10","77","248","4.125"
"30","10","0.0025","0.29","3","0.5","0.05","1","80","5","8","0","0.5","10","19","235","4.012765957446809"
"25","10","0.0025","0.29","3","0.5","0.05","1","80","5","8","0","0.5","10","78","247","4.1214574898785425"
"30","10","0.0025","0.29","3","0.5","0.05","1","80","5","8","0","0.5","10","20","233","4.017167381974249"
"27","10","0.0025","0.29","3","0.5","0.05","1","80","5","8","0","0.5","10","52","273","4.175824175824176"
"30","10","0.0025","0.29","3","0.5","0.05","1","80","5","8","0","0.5","10","21","233","4.017167381974249"
"26","10","0.0025","0.29","3","0.5","0.05","1","80","5","8","0","0.5","10","64","227","4.066079295154185"
"29","10","0.0025","0.29","3","0.5","0.05","1","80","5","8","0","0.5","10","28","248","3.9879032258064515"
"27","10","0.0025","0.29","3","0.5","0.05","1","80","5","8","0","0.5","10","53","273","4.172161172161172"
"26","10","0.0025","0.29","3","0.5","0.05","1","80","5","8","0","0.5","10","65","226","4.070796460176991"
"29","10","0.0025","0.29","3","0.5","0.05","1","80","5","8","0","0.5","10","29","244","3.9836065573770494"
"27","10","0.0025","0.29","3","0.5","0.05","1","80","5","8","0","0.5","10","54","270","4.174074074074074"
"26","10","0.0025","0.29","3","0.5","0.05","1","80","5","8","0","0.5","10","66","226","4.066371681415929"
"29","10","0.0025","0.29","3","0.5","0.05","1","80","5","8","0","0.5","10","30","244","3.9836065573770494"
"25","10","0.0025","0.29","3","0.5","0.05","1","80","5","8","0","0.5","10","79","246","4.126016260162602"
"30","10","0.0025","0.29","3","0.5","0.05","1","80","5","8","0","0.5","10","22","233","4.017167381974249"
"28","10","0.0025","0.29","3","0.5","0.05","1","80","5","8","0","0.5","10","49","269","3.7360594795539033"
"25","10","0.0025","0.29","3","0.5","0.05","1","80","5","8","0","0.5","10","80","244","4.118852459016393"
"30","10","0.0025","0.29","3","0.5","0.05","1","80","5","8","0","0.5","10","23","233","4.017167381974249"
"28","10","0.0025","0.29","3","0.5","0.05","1","80","5","8","0","0.5","10","50","268","4.16044776119403"
"25","10","0.0025","0.29","3","0.5","0.05","1","80","5","8","0","0.5","10","81","244","4.118852459016393"
"30","10","0.0025","0.29","3","0.5","0.05","1","80","5","8","0","0.5","10","24","233","4.017167381974249"
"28","10","0.0025","0.29","3","0.5","0.05","1","80","5","8","0","0.5","10","51","267","4.149812734082397"
"26","10","0.0025","0.29","3","0.5","0.05","1","80","5","8","0","0.5","10","67","226","4.070796460176991"
"26","10","0.0025","0.29","3","0.5","0.05","1","80","5","8","0","0.5","10","68","226","4.066371681415929"
"29","10","0.0025","0.29","3","0.5","0.05","1","80","5","8","0","0.5","10","31","243","3.983539094650206"
"27","10","0.0025","0.29","3","0.5","0.05","1","80","5","8","0","0.5","10","55","267","4.168539325842697"
"26","10","0.0025","0.29","3","0.5","0.05","1","80","5","8","0","0.5","10","69","225","4.071111111111111"
"29","10","0.0025","0.29","3","0.5","0.05","1","80","5","8","0","0.5","10","32","241","3.979253112033195"
"27","10","0.0025","0.29","3","0.5","0.05","1","80","5","8","0","0.5","10","56","267","4.1722846441947565"
"25","10","0.0025","0.29","3","0.5","0.05","1","80","5","8","0","0.5","10","82","243","4.11522633744856"
"30","10","0.0025","0.29","3","0.5","0.05","1","80","5","8","0","0.5","10","25","253","3.6679841897233203"
"29","10","0.0025","0.29","3","0.5","0.05","1","80","5","8","0","0.5","10","33","241","3.983402489626556"
"27","10","0.0025","0.29","3","0.5","0.05","1","80","5","8","0","0.5","10","57","265","4.169811320754717"
"25","10","0.0025","0.29","3","0.5","0.05","1","80","5","8","0","0.5","10","83","242","4.119834710743802"
"30","10","0.0025","0.29","3","0.5","0.05","1","80","5","8","0","0.5","10","26","250","4.052"
"28","10","0.0025","0.29","3","0.5","0.05","1","80","5","8","0","0.5","10","52","266","4.157894736842105"
"25","10","0.0025","0.29","3","0.5","0.05","1","80","5","8","0","0.5","10","84","241","4.1161825726141075"
"26","10","0.0025","0.29","3","0.5","0.05","1","80","5","8","0","0.5","10","70","225","4.066666666666666"
"28","10","0.0025","0.29","3","0.5","0.05","1","80","5","8","0","0.5","10","53","264","4.151515151515151"
"30","10","0.0025","0.29","3","0.5","0.05","1","80","5","8","0","0.5","10","27","249","4.068273092369478"
"28","10","0.0025","0.29","3","0.5","0.05","1","80","5","8","0","0.5","10","54","263","4.152091254752852"
"26","10","0.0025","0.29","3","0.5","0.05","1","80","5","8","0","0.5","10","71","223","4.076233183856503"
"26","10","0.0025","0.29","3","0.5","0.05","1","80","5","8","0","0.5","10","72","222","4.0675675675675675"
"29","10","0.0025","0.29","3","0.5","0.05","1","80","5","8","0","0.5","10","34","239","3.9790794979079496"
"29","10","0.0025","0.29","3","0.5","0.05","1","80","5","8","0","0.5","10","35","238","3.9831932773109244"
"27","10","0.0025","0.29","3","0.5","0.05","1","80","5","8","0","0.5","10","58","265","4.173584905660378"
"30","10","0.0025","0.29","3","0.5","0.05","1","80","5","8","0","0.5","10","28","249","4.068273092369478"
"29","10","0.0025","0.29","3","0.5","0.05","1","80","5","8","0","0.5","10","36","238","3.9789915966386555"
"27","10","0.0025","0.29","3","0.5","0.05","1","80","5","8","0","0.5","10","59","265","4.169811320754717"
"30","10","0.0025","0.29","3","0.5","0.05","1","80","5","8","0","0.5","10","29","249","4.068273092369478"
"25","10","0.0025","0.29","3","0.5","0.05","1","80","5","8","0","0.5","10","85","255","3.8784313725490196"
"27","10","0.0025","0.29","3","0.5","0.05","1","80","5","8","0","0.5","10","60","264","4.170454545454546"
"28","10","0.0025","0.29","3","0.5","0.05","1","80","5","8","0","0.5","10","55","263","4.14828897338403"
"30","10","0.0025","0.29","3","0.5","0.05","1","80","5","8","0","0.5","10","30","248","4.068548387096774"
"25","10","0.0025","0.29","3","0.5","0.05","1","80","5","8","0","0.5","10","86","254","4.1141732283464565"
"28","10","0.0025","0.29","3","0.5","0.05","1","80","5","8","0","0.5","10","56","261","4.157088122605364"
"25","10","0.0025","0.29","3","0.5","0.05","1","80","5","8","0","0.5","10","87","254","4.1141732283464565"
"28","10","0.0025","0.29","3","0.5","0.05","1","80","5","8","0","0.5","10","57","261","4.149425287356322"
"26","10","0.0025","0.29","3","0.5","0.05","1","80","5","8","0","0.5","10","73","252","3.5912698412698414"
"26","10","0.0025","0.29","3","0.5","0.05","1","80","5","8","0","0.5","10","74","252","4.083333333333333"
"30","10","0.0025","0.29","3","0.5","0.05","1","80","5","8","0","0.5","10","31","248","4.068548387096774"
"26","10","0.0025","0.29","3","0.5","0.05","1","80","5","8","0","0.5","10","75","250","4.08"
"25","10","0.0025","0.29","3","0.5","0.05","1","80","5","8","0","0.5","10","88","250","4.112"
"29","10","0.0025","0.29","3","0.5","0.05","1","80","5","8","0","0.5","10","37","260","3.646153846153846"
"30","10","0.0025","0.29","3","0.5","0.05","1","80","5","8","0","0.5","10","32","245","4.0653061224489795"
"29","10","0.0025","0.29","3","0.5","0.05","1","80","5","8","0","0.5","10","38","259","4.019305019305019"
"25","10","0.0025","0.29","3","0.5","0.05","1","80","5","8","0","0.5","10","89","249","4.116465863453815"
"30","10","0.0025","0.29","3","0.5","0.05","1","80","5","8","0","0.5","10","33","243","4.065843621399177"
"28","10","0.0025","0.29","3","0.5","0.05","1","80","5","8","0","0.5","10","58","260","4.153846153846154"
"27","10","0.0025","0.29","3","0.5","0.05","1","80","5","8","0","0.5","10","61","275","3.9709090909090907"
"29","10","0.0025","0.29","3","0.5","0.05","1","80","5","8","0","0.5","10","39","258","4.0310077519379846"
"25","10","0.0025","0.29","3","0.5","0.05","1","80","5","8","0","0.5","10","90","248","4.104838709677419"
"28","10","0.0025","0.29","3","0.5","0.05","1","80","5","8","0","0.5","10","59","260","4.157692307692308"
"27","10","0.0025","0.29","3","0.5","0.05","1","80","5","8","0","0.5","10","62","274","4.189781021897811"
"28","10","0.0025","0.29","3","0.5","0.05","1","80","5","8","0","0.5","10","60","260","4.153846153846154"
"26","10","0.0025","0.29","3","0.5","0.05","1","80","5","8","0","0.5","10","76","250","4.08"
"27","10","0.0025","0.29","3","0.5","0.05","1","80","5","8","0","0.5","10","63","272","4.194852941176471"
"26","10","0.0025","0.29","3","0.5","0.05","1","80","5","8","0","0.5","10","77","250","4.084"
"30","10","0.0025","0.29","3","0.5","0.05","1","80","5","8","0","0.5","10","34","241","4.062240663900415"
"26","10","0.0025","0.29","3","0.5","0.05","1","80","5","8","0","0.5","10","78","249","4.072289156626506"
"29","10","0.0025","0.29","3","0.5","0.05","1","80","5","8","0","0.5","10","40","257","4.023346303501945"
"30","10","0.0025","0.29","3","0.5","0.05","1","80","5","8","0","0.5","10","35","241","4.053941908713693"
"29","10","0.0025","0.29","3","0.5","0.05","1","80","5","8","0","0.5","10","41","254","4.011811023622047"
"25","10","0.0025","0.29","3","0.5","0.05","1","80","5","8","0","0.5","10","91","247","4.097165991902834"
"30","10","0.0025","0.29","3","0.5","0.05","1","80","5","8","0","0.5","10","36","241","4.049792531120332"
"29","10","0.0025","0.29","3","0.5","0.05","1","80","5","8","0","0.5","10","42","253","4.015810276679842"
"25","10","0.0025","0.29","3","0.5","0.05","1","80","5","8","0","0.5","10","92","245","4.1020408163265305"
"27","10","0.0025","0.29","3","0.5","0.05","1","80","5","8","0","0.5","10","64","271","4.202952029520295"
"25","10","0.0025","0.29","3","0.5","0.05","1","80","5","8","0","0.5","10","93","244","4.094262295081967"
"26","10","0.0025","0.29","3","0.5","0.05","1","80","5","8","0","0.5","10","79","247","4.05668016194332"
"27","10","0.0025","0.29","3","0.5","0.05","1","80","5","8","0","0.5","10","65","270","4.203703703703703"
"26","10","0.0025","0.29","3","0.5","0.05","1","80","5","8","0","0.5","10","80","246","4.048780487804878"
"28","10","0.0025","0.29","3","0.5","0.05","1","80","5","8","0","0.5","10","61","272","3.9411764705882355"
"26","10","0.0025","0.29","3","0.5","0.05","1","80","5","8","0","0.5","10","81","246","4.044715447154472"
"27","10","0.0025","0.29","3","0.5","0.05","1","80","5","8","0","0.5","10","66","269","4.215613382899628"
"28","10","0.0025","0.29","3","0.5","0.05","1","80","5","8","0","0.5","10","62","270","4.159259259259259"
"30","10","0.0025","0.29","3","0.5","0.05","1","80","5","8","0","0.5","10","37","259","3.7683397683397684"
"28","10","0.0025","0.29","3","0.5","0.05","1","80","5","8","0","0.5","10","63","269","4.171003717472119"
"29","10","0.0025","0.29","3","0.5","0.05","1","80","5","8","0","0.5","10","43","253","4.011857707509882"
"25","10","0.0025","0.29","3","0.5","0.05","1","80","5","8","0","0.5","10","94","243","4.098765432098766"
"30","10","0.0025","0.29","3","0.5","0.05","1","80","5","8","0","0.5","10","38","257","4.035019455252918"
"29","10","0.0025","0.29","3","0.5","0.05","1","80","5","8","0","0.5","10","44","253","4.015810276679842"
"26","10","0.0025","0.29","3","0.5","0.05","1","80","5","8","0","0.5","10","82","246","4.048780487804878"
"25","10","0.0025","0.29","3","0.5","0.05","1","80","5","8","0","0.5","10","95","243","4.094650205761317"
"29","10","0.0025","0.29","3","0.5","0.05","1","80","5","8","0","0.5","10","45","250","4.012"
"30","10","0.0025","0.29","3","0.5","0.05","1","80","5","8","0","0.5","10","39","257","4.035019455252918"
"26","10","0.0025","0.29","3","0.5","0.05","1","80","5","8","0","0.5","10","83","245","4.053061224489796"
"27","10","0.0025","0.29","3","0.5","0.05","1","80","5","8","0","0.5","10","67","269","4.226765799256506"
"25","10","0.0025","0.29","3","0.5","0.05","1","80","5","8","0","0.5","10","96","243","4.098765432098766"
"26","10","0.0025","0.29","3","0.5","0.05","1","80","5","8","0","0.5","10","84","244","4.049180327868853"
"27","10","0.0025","0.29","3","0.5","0.05","1","80","5","8","0","0.5","10","68","268","4.242537313432836"
"27","10","0.0025","0.29","3","0.5","0.05","1","80","5","8","0","0.5","10","69","268","4.2388059701492535"
"28","10","0.0025","0.29","3","0.5","0.05","1","80","5","8","0","0.5","10","64","267","4.157303370786517"
"30","10","0.0025","0.29","3","0.5","0.05","1","80","5","8","0","0.5","10","40","256","4.03515625"
"28","10","0.0025","0.29","3","0.5","0.05","1","80","5","8","0","0.5","10","65","267","4.1722846441947565"
"29","10","0.0025","0.29","3","0.5","0.05","1","80","5","8","0","0.5","10","46","250","4.016"
"30","10","0.0025","0.29","3","0.5","0.05","1","80","5","8","0","0.5","10","41","254","4.031496062992126"
"29","10","0.0025","0.29","3","0.5","0.05","1","80","5","8","0","0.5","10","47","248","4.012096774193548"
"28","10","0.0025","0.29","3","0.5","0.05","1","80","5","8","0","0.5","10","66","264","4.170454545454546"
"27","10","0.0025","0.29","3","0.5","0.05","1","80","5","8","0","0.5","10","70","267","4.2434456928838955"
"30","10","0.0025","0.29","3","0.5","0.05","1","80","5","8","0","0.5","10","42","254","4.02755905511811"
"25","10","0.0025","0.29","3","0.5","0.05","1","80","5","8","0","0.5","10","97","262","3.7977099236641223"
"29","10","0.0025","0.29","3","0.5","0.05","1","80","5","8","0","0.5","10","48","248","4.016129032258065"
"27","10","0.0025","0.29","3","0.5","0.05","1","80","5","8","0","0.5","10","71","267","4.239700374531835"
"25","10","0.0025","0.29","3","0.5","0.05","1","80","5","8","0","0.5","10","98","261","4.084291187739463"
"26","10","0.0025","0.29","3","0.5","0.05","1","80","5","8","0","0.5","10","85","255","3.847058823529412"
"27","10","0.0025","0.29","3","0.5","0.05","1","80","5","8","0","0.5","10","72","267","4.2434456928838955"
"25","10","0.0025","0.29","3","0.5","0.05","1","80","5","8","0","0.5","10","99","261","4.095785440613027"
"26","10","0.0025","0.29","3","0.5","0.05","1","80","5","8","0","0.5","10","86","255","4.094117647058823"
"26","10","0.0025","0.29","3","0.5","0.05","1","80","5","8","0","0.5","10","87","255","4.109803921568627"
"28","10","0.0025","0.29","3","0.5","0.05","1","80","5","8","0","0.5","10","67","263","4.17490494296578"
"30","10","0.0025","0.29","3","0.5","0.05","1","80","5","8","0","0.5","10","43","253","4.027667984189724"
"28","10","0.0025","0.29","3","0.5","0.05","1","80","5","8","0","0.5","10","68","263","4.171102661596958"
"30","10","0.0025","0.29","3","0.5","0.05","1","80","5","8","0","0.5","10","44","252","4.027777777777778"
"25","10","0.0025","0.29","3","0.5","0.05","1","80","5","8","0","0.5","10","100","260","4.092307692307692"
"29","10","0.0025","0.29","3","0.5","0.05","1","80","5","8","0","0.5","10","49","262","3.782442748091603"
"28","10","0.0025","0.29","3","0.5","0.05","1","80","5","8","0","0.5","10","69","261","4.168582375478927"
"30","10","0.0025","0.29","3","0.5","0.05","1","80","5","8","0","0.5","10","45","252","4.027777777777778"
"25","10","0.0025","0.29","3","0.5","0.05","1","80","5","8","0","0.5","10","101","260","4.096153846153846"
"26","10","0.0025","0.29","3","0.5","0.05","1","80","5","8","0","0.5","10","88","254","4.0984251968503935"
"29","10","0.0025","0.29","3","0.5","0.05","1","80","5","8","0","0.5","10","50","262","4"
"27","10","0.0025","0.29","3","0.5","0.05","1","80","5","8","0","0.5","10","73","272","4.147058823529412"
"25","10","0.0025","0.29","3","0.5","0.05","1","80","5","8","0","0.5","10","102","259","4.0926640926640925"
"29","10","0.0025","0.29","3","0.5","0.05","1","80","5","8","0","0.5","10","51","261","3.996168582375479"
"26","10","0.0025","0.29","3","0.5","0.05","1","80","5","8","0","0.5","10","89","254","4.110236220472441"
"27","10","0.0025","0.29","3","0.5","0.05","1","80","5","8","0","0.5","10","74","272","4.25"
"27","10","0.0025","0.29","3","0.5","0.05","1","80","5","8","0","0.5","10","75","269","4.25278810408922"
"26","10","0.0025","0.29","3","0.5","0.05","1","80","5","8","0","0.5","10","90","253","4.098814229249012"
"28","10","0.0025","0.29","3","0.5","0.05","1","80","5","8","0","0.5","10","70","261","4.157088122605364"
"30","10","0.0025","0.29","3","0.5","0.05","1","80","5","8","0","0.5","10","46","250","4.028"
"28","10","0.0025","0.29","3","0.5","0.05","1","80","5","8","0","0.5","10","71","261","4.160919540229885"
"30","10","0.0025","0.29","3","0.5","0.05","1","80","5","8","0","0.5","10","47","249","4.028112449799197"
"25","10","0.0025","0.29","3","0.5","0.05","1","80","5","8","0","0.5","10","103","258","4.096899224806202"
"29","10","0.0025","0.29","3","0.5","0.05","1","80","5","8","0","0.5","10","52","258","4"
"26","10","0.0025","0.29","3","0.5","0.05","1","80","5","8","0","0.5","10","91","252","4.115079365079365"
"28","10","0.0025","0.29","3","0.5","0.05","1","80","5","8","0","0.5","10","72","260","4.157692307692308"
"30","10","0.0025","0.29","3","0.5","0.05","1","80","5","8","0","0.5","10","48","249","4.028112449799197"
"25","10","0.0025","0.29","3","0.5","0.05","1","80","5","8","0","0.5","10","104","256","4.08984375"
"27","10","0.0025","0.29","3","0.5","0.05","1","80","5","8","0","0.5","10","76","269","4.25278810408922"
"29","10","0.0025","0.29","3","0.5","0.05","1","80","5","8","0","0.5","10","53","258","4.003875968992248"
"26","10","0.0025","0.29","3","0.5","0.05","1","80","5","8","0","0.5","10","92","250","4.112"
"25","10","0.0025","0.29","3","0.5","0.05","1","80","5","8","0","0.5","10","105","254","4.0984251968503935"
"27","10","0.0025","0.29","3","0.5","0.05","1","80","5","8","0","0.5","10","77","268","4.25"
"26","10","0.0025","0.29","3","0.5","0.05","1","80","5","8","0","0.5","10","93","249","4.116465863453815"
"29","10","0.0025","0.29","3","0.5","0.05","1","80","5","8","0","0.5","10","54","258","4.003875968992248"
"27","10","0.0025","0.29","3","0.5","0.05","1","80","5","8","0","0.5","10","78","266","4.2556390977443606"
"26","10","0.0025","0.29","3","0.5","0.05","1","80","5","8","0","0.5","10","94","249","4.112449799196787"
"25","10","0.0025","0.29","3","0.5","0.05","1","80","5","8","0","0.5","10","106","253","4.090909090909091"
"27","10","0.0025","0.29","3","0.5","0.05","1","80","5","8","0","0.5","10","79","266","4.2518796992481205"
"30","10","0.0025","0.29","3","0.5","0.05","1","80","5","8","0","0.5","10","49","265","3.769811320754717"
"26","10","0.0025","0.29","3","0.5","0.05","1","80","5","8","0","0.5","10","95","247","4.117408906882591"
"29","10","0.0025","0.29","3","0.5","0.05","1","80","5","8","0","0.5","10","55","258","4.003875968992248"
"25","10","0.0025","0.29","3","0.5","0.05","1","80","5","8","0","0.5","10","107","252","4.099206349206349"
"28","10","0.0025","0.29","3","0.5","0.05","1","80","5","8","0","0.5","10","73","286","3.7552447552447554"
"27","10","0.0025","0.29","3","0.5","0.05","1","80","5","8","0","0.5","10","80","266","4.2593984962406015"
"30","10","0.0025","0.29","3","0.5","0.05","1","80","5","8","0","0.5","10","50","265","3.9924528301886792"
"26","10","0.0025","0.29","3","0.5","0.05","1","80","5","8","0","0.5","10","96","246","4.1138211382113825"
"29","10","0.0025","0.29","3","0.5","0.05","1","80","5","8","0","0.5","10","56","258","4.007751937984496"
"25","10","0.0025","0.29","3","0.5","0.05","1","80","5","8","0","0.5","10","108","250","4.1"
"28","10","0.0025","0.29","3","0.5","0.05","1","80","5","8","0","0.5","10","74","285","4.126315789473685"
"27","10","0.0025","0.29","3","0.5","0.05","1","80","5","8","0","0.5","10","81","265","4.256603773584906"
"30","10","0.0025","0.29","3","0.5","0.05","1","80","5","8","0","0.5","10","51","264","4.011363636363637"
"29","10","0.0025","0.29","3","0.5","0.05","1","80","5","8","0","0.5","10","57","258","4.003875968992248"
"28","10","0.0025","0.29","3","0.5","0.05","1","80","5","8","0","0.5","10","75","282","4.124113475177305"
"27","10","0.0025","0.29","3","0.5","0.05","1","80","5","8","0","0.5","10","82","264","4.253787878787879"
"29","10","0.0025","0.29","3","0.5","0.05","1","80","5","8","0","0.5","10","58","257","4.003891050583658"
"30","10","0.0025","0.29","3","0.5","0.05","1","80","5","8","0","0.5","10","52","262","4.0038167938931295"
"27","10","0.0025","0.29","3","0.5","0.05","1","80","5","8","0","0.5","10","83","263","4.258555133079848"
"30","10","0.0025","0.29","3","0.5","0.05","1","80","5","8","0","0.5","10","53","260","4.007692307692308"
"29","10","0.0025","0.29","3","0.5","0.05","1","80","5","8","0","0.5","10","59","255","4.003921568627451"
"28","10","0.0025","0.29","3","0.5","0.05","1","80","5","8","0","0.5","10","76","281","4.120996441281139"
"26","10","0.0025","0.29","3","0.5","0.05","1","80","5","8","0","0.5","10","97","267","3.7940074906367043"
"27","10","0.0025","0.29","3","0.5","0.05","1","80","5","8","0","0.5","10","84","263","4.254752851711027"
"29","10","0.0025","0.29","3","0.5","0.05","1","80","5","8","0","0.5","10","60","255","4.003921568627451"
"30","10","0.0025","0.29","3","0.5","0.05","1","80","5","8","0","0.5","10","54","259","4.003861003861004"
"25","10","0.0025","0.29","3","0.5","0.05","1","80","5","8","0","0.5","10","109","272","3.7720588235294117"
"28","10","0.0025","0.29","3","0.5","0.05","1","80","5","8","0","0.5","10","77","280","4.117857142857143"
"26","10","0.0025","0.29","3","0.5","0.05","1","80","5","8","0","0.5","10","98","267","4.097378277153558"
"25","10","0.0025","0.29","3","0.5","0.05","1","80","5","8","0","0.5","10","110","272","4.088235294117647"
"26","10","0.0025","0.29","3","0.5","0.05","1","80","5","8","0","0.5","10","99","267","4.108614232209738"
"28","10","0.0025","0.29","3","0.5","0.05","1","80","5","8","0","0.5","10","78","278","4.111510791366906"
"25","10","0.0025","0.29","3","0.5","0.05","1","80","5","8","0","0.5","10","111","271","4.107011070110701"
"30","10","0.0025","0.29","3","0.5","0.05","1","80","5","8","0","0.5","10","55","258","4.007751937984496"
"26","10","0.0025","0.29","3","0.5","0.05","1","80","5","8","0","0.5","10","100","266","4.109022556390977"
"29","10","0.0025","0.29","3","0.5","0.05","1","80","5","8","0","0.5","10","61","272","3.7536764705882355"
"27","10","0.0025","0.29","3","0.5","0.05","1","80","5","8","0","0.5","10","85","272","4.088235294117647"
"26","10","0.0025","0.29","3","0.5","0.05","1","80","5","8","0","0.5","10","101","265","4.1056603773584905"
"30","10","0.0025","0.29","3","0.5","0.05","1","80","5","8","0","0.5","10","56","258","4.003875968992248"
"25","10","0.0025","0.29","3","0.5","0.05","1","80","5","8","0","0.5","10","112","271","4.088560885608856"
"27","10","0.0025","0.29","3","0.5","0.05","1","80","5","8","0","0.5","10","86","270","4.2555555555555555"
"29","10","0.0025","0.29","3","0.5","0.05","1","80","5","8","0","0.5","10","62","272","3.988970588235294"
"26","10","0.0025","0.29","3","0.5","0.05","1","80","5","8","0","0.5","10","102","264","4.098484848484849"
"30","10","0.0025","0.29","3","0.5","0.05","1","80","5","8","0","0.5","10","57","258","4.007751937984496"
"28","10","0.0025","0.29","3","0.5","0.05","1","80","5","8","0","0.5","10","79","278","4.111510791366906"
"27","10","0.0025","0.29","3","0.5","0.05","1","80","5","8","0","0.5","10","87","269","4.256505576208179"
"25","10","0.0025","0.29","3","0.5","0.05","1","80","5","8","0","0.5","10","113","271","4.099630996309963"
"29","10","0.0025","0.29","3","0.5","0.05","1","80","5","8","0","0.5","10","63","271","3.985239852398524"
"25","10","0.0025","0.29","3","0.5","0.05","1","80","5","8","0","0.5","10","114","270","4.1"
"28","10","0.0025","0.29","3","0.5","0.05","1","80","5","8","0","0.5","10","80","277","4.1046931407942235"
"28","10","0.0025","0.29","3","0.5","0.05","1","80","5","8","0","0.5","10","81","274","4.105839416058394"
"26","10","0.0025","0.29","3","0.5","0.05","1","80","5","8","0","0.5","10","103","263","4.095057034220532"
"26","10","0.0025","0.29","3","0.5","0.05","1","80","5","8","0","0.5","10","104","262","4.083969465648855"
"25","10","0.0025","0.29","3","0.5","0.05","1","80","5","8","0","0.5","10","115","268","4.108208955223881"
"29","10","0.0025","0.29","3","0.5","0.05","1","80","5","8","0","0.5","10","64","270","3.988888888888889"
"30","10","0.0025","0.29","3","0.5","0.05","1","80","5","8","0","0.5","10","58","257","4.003891050583658"
"27","10","0.0025","0.29","3","0.5","0.05","1","80","5","8","0","0.5","10","88","268","4.253731343283582"
"26","10","0.0025","0.29","3","0.5","0.05","1","80","5","8","0","0.5","10","105","262","4.087786259541985"
"25","10","0.0025","0.29","3","0.5","0.05","1","80","5","8","0","0.5","10","116","268","4.108208955223881"
"30","10","0.0025","0.29","3","0.5","0.05","1","80","5","8","0","0.5","10","59","256","4.0078125"
"29","10","0.0025","0.29","3","0.5","0.05","1","80","5","8","0","0.5","10","65","269","3.9888475836431225"
"27","10","0.0025","0.29","3","0.5","0.05","1","80","5","8","0","0.5","10","89","266","4.2631578947368425"
"25","10","0.0025","0.29","3","0.5","0.05","1","80","5","8","0","0.5","10","117","267","4.112359550561798"
"30","10","0.0025","0.29","3","0.5","0.05","1","80","5","8","0","0.5","10","60","254","4.003937007874016"
"29","10","0.0025","0.29","3","0.5","0.05","1","80","5","8","0","0.5","10","66","269","3.9888475836431225"
"27","10","0.0025","0.29","3","0.5","0.05","1","80","5","8","0","0.5","10","90","264","4.257575757575758"
"28","10","0.0025","0.29","3","0.5","0.05","1","80","5","8","0","0.5","10","82","274","4.102189781021898"
"28","10","0.0025","0.29","3","0.5","0.05","1","80","5","8","0","0.5","10","83","273","4.1098901098901095"
"26","10","0.0025","0.29","3","0.5","0.05","1","80","5","8","0","0.5","10","106","262","4.080152671755725"
"28","10","0.0025","0.29","3","0.5","0.05","1","80","5","8","0","0.5","10","84","273","4.1098901098901095"
"26","10","0.0025","0.29","3","0.5","0.05","1","80","5","8","0","0.5","10","107","262","4.087786259541985"
"25","10","0.0025","0.29","3","0.5","0.05","1","80","5","8","0","0.5","10","118","266","4.109022556390977"
"29","10","0.0025","0.29","3","0.5","0.05","1","80","5","8","0","0.5","10","67","268","3.996268656716418"
"26","10","0.0025","0.29","3","0.5","0.05","1","80","5","8","0","0.5","10","108","262","4.087786259541985"
"27","10","0.0025","0.29","3","0.5","0.05","1","80","5","8","0","0.5","10","91","262","4.263358778625954"
"25","10","0.0025","0.29","3","0.5","0.05","1","80","5","8","0","0.5","10","119","265","4.113207547169812"
"29","10","0.0025","0.29","3","0.5","0.05","1","80","5","8","0","0.5","10","68","268","4.003731343283582"
"27","10","0.0025","0.29","3","0.5","0.05","1","80","5","8","0","0.5","10","92","260","4.257692307692308"
"30","10","0.0025","0.29","3","0.5","0.05","1","80","5","8","0","0.5","10","61","260","3.9"
"25","10","0.0025","0.29","3","0.5","0.05","1","80","5","8","0","0.5","10","120","265","4.1169811320754715"
"29","10","0.0025","0.29","3","0.5","0.05","1","80","5","8","0","0.5","10","69","268","4.003731343283582"
"27","10","0.0025","0.29","3","0.5","0.05","1","80","5","8","0","0.5","10","93","260","4.2615384615384615"
"30","10","0.0025","0.29","3","0.5","0.05","1","80","5","8","0","0.5","10","62","258","3.9806201550387597"
"30","10","0.0025","0.29","3","0.5","0.05","1","80","5","8","0","0.5","10","63","258","3.9806201550387597"
"28","10","0.0025","0.29","3","0.5","0.05","1","80","5","8","0","0.5","10","85","276","4.007246376811594"
"26","10","0.0025","0.29","3","0.5","0.05","1","80","5","8","0","0.5","10","109","281","3.814946619217082"
"28","10","0.0025","0.29","3","0.5","0.05","1","80","5","8","0","0.5","10","86","275","4.094545454545455"
"29","10","0.0025","0.29","3","0.5","0.05","1","80","5","8","0","0.5","10","70","267","4.00374531835206"
"29","10","0.0025","0.29","3","0.5","0.05","1","80","5","8","0","0.5","10","71","267","4.00374531835206"
"27","10","0.0025","0.29","3","0.5","0.05","1","80","5","8","0","0.5","10","94","259","4.258687258687258"
"26","10","0.0025","0.29","3","0.5","0.05","1","80","5","8","0","0.5","10","110","281","4.0711743772241995"
"28","10","0.0025","0.29","3","0.5","0.05","1","80","5","8","0","0.5","10","87","274","4.098540145985401"
"30","10","0.0025","0.29","3","0.5","0.05","1","80","5","8","0","0.5","10","64","257","3.9688715953307394"
"29","10","0.0025","0.29","3","0.5","0.05","1","80","5","8","0","0.5","10","72","266","4.007518796992481"
"31","20","0.0025","0.29","3","0.5","0.05","1","80","5","8","0","0.5","10","0","241","4.157676348547718"
"27","10","0.0025","0.29","3","0.5","0.05","1","80","5","8","0","0.5","10","95","257","4.256809338521401"
"30","10","0.0025","0.29","3","0.5","0.05","1","80","5","8","0","0.5","10","65","256","3.96875"
"26","10","0.0025","0.29","3","0.5","0.05","1","80","5","8","0","0.5","10","111","280","4.060714285714286"
"30","10","0.0025","0.29","3","0.5","0.05","1","80","5","8","0","0.5","10","66","255","3.9725490196078432"
"27","10","0.0025","0.29","3","0.5","0.05","1","80","5","8","0","0.5","10","96","257","4.256809338521401"
"26","10","0.0025","0.29","3","0.5","0.05","1","80","5","8","0","0.5","10","112","280","4.060714285714286"
"28","10","0.0025","0.29","3","0.5","0.05","1","80","5","8","0","0.5","10","88","273","4.091575091575091"
"26","10","0.0025","0.29","3","0.5","0.05","1","80","5","8","0","0.5","10","113","280","4.067857142857143"
"28","10","0.0025","0.29","3","0.5","0.05","1","80","5","8","0","0.5","10","89","272","4.088235294117647"
"31","20","0.0025","0.29","3","0.5","0.05","1","80","5","8","0","0.5","10","1","240","4.029166666666667"
"30","10","0.0025","0.29","3","0.5","0.05","1","80","5","8","0","0.5","10","67","255","3.9686274509803923"
"31","20","0.0025","0.29","3","0.5","0.05","1","80","5","8","0","0.5","10","2","240","4.008333333333334"
"26","10","0.0025","0.29","3","0.5","0.05","1","80","5","8","0","0.5","10","114","280","4.064285714285714"
"28","10","0.0025","0.29","3","0.5","0.05","1","80","5","8","0","0.5","10","90","270","4.0851851851851855"
"29","10","0.0025","0.29","3","0.5","0.05","1","80","5","8","0","0.5","10","73","279","3.824372759856631"
"31","20","0.0025","0.29","3","0.5","0.05","1","80","5","8","0","0.5","10","3","240","4.004166666666666"
"30","10","0.0025","0.29","3","0.5","0.05","1","80","5","8","0","0.5","10","68","255","3.9686274509803923"
"29","10","0.0025","0.29","3","0.5","0.05","1","80","5","8","0","0.5","10","74","279","4.014336917562724"
"30","10","0.0025","0.29","3","0.5","0.05","1","80","5","8","0","0.5","10","69","255","3.9686274509803923"
"27","10","0.0025","0.29","3","0.5","0.05","1","80","5","8","0","0.5","10","97","280","3.8892857142857142"
"29","10","0.0025","0.29","3","0.5","0.05","1","80","5","8","0","0.5","10","75","276","4.007246376811594"
"27","10","0.0025","0.29","3","0.5","0.05","1","80","5","8","0","0.5","10","98","280","4.275"
"26","10","0.0025","0.29","3","0.5","0.05","1","80","5","8","0","0.5","10","115","280","4.067857142857143"
"31","20","0.0025","0.29","3","0.5","0.05","1","80","5","8","0","0.5","10","4","239","4.00418410041841"
"27","10","0.0025","0.29","3","0.5","0.05","1","80","5","8","0","0.5","10","99","280","4.275"
"28","10","0.0025","0.29","3","0.5","0.05","1","80","5","8","0","0.5","10","91","270","4.0851851851851855"
"26","10","0.0025","0.29","3","0.5","0.05","1","80","5","8","0","0.5","10","116","280","4.064285714285714"
"30","10","0.0025","0.29","3","0.5","0.05","1","80","5","8","0","0.5","10","70","253","3.9683794466403164"
"31","20","0.0025","0.29","3","0.5","0.05","1","80","5","8","0","0.5","10","5","239","4.00418410041841"
"28","10","0.0025","0.29","3","0.5","0.05","1","80","5","8","0","0.5","10","92","270","4.0851851851851855"
"31","20","0.0025","0.29","3","0.5","0.05","1","80","5","8","0","0.5","10","6","238","4.004201680672269"
"26","10","0.0025","0.29","3","0.5","0.05","1","80","5","8","0","0.5","10","117","279","4.068100358422939"
"30","10","0.0025","0.29","3","0.5","0.05","1","80","5","8","0","0.5","10","71","250","3.968"
"28","10","0.0025","0.29","3","0.5","0.05","1","80","5","8","0","0.5","10","93","270","4.0851851851851855"
"29","10","0.0025","0.29","3","0.5","0.05","1","80","5","8","0","0.5","10","76","276","4.018115942028985"
"30","10","0.0025","0.29","3","0.5","0.05","1","80","5","8","0","0.5","10","72","249","3.9718875502008033"
"29","10","0.0025","0.29","3","0.5","0.05","1","80","5","8","0","0.5","10","77","275","4.014545454545455"
"27","10","0.0025","0.29","3","0.5","0.05","1","80","5","8","0","0.5","10","100","280","4.275"
"29","10","0.0025","0.29","3","0.5","0.05","1","80","5","8","0","0.5","10","78","275","4.0181818181818185"
"27","10","0.0025","0.29","3","0.5","0.05","1","80","5","8","0","0.5","10","101","279","4.279569892473118"
"31","20","0.0025","0.29","3","0.5","0.05","1","80","5","8","0","0.5","10","7","238","4.004201680672269"
"26","10","0.0025","0.29","3","0.5","0.05","1","80","5","8","0","0.5","10","118","277","4.064981949458484"
"31","20","0.0025","0.29","3","0.5","0.05","1","80","5","8","0","0.5","10","8","238","4.004201680672269"
"28","10","0.0025","0.29","3","0.5","0.05","1","80","5","8","0","0.5","10","94","269","4.08550185873606"
"27","10","0.0025","0.29","3","0.5","0.05","1","80","5","8","0","0.5","10","102","276","4.286231884057971"
"26","10","0.0025","0.29","3","0.5","0.05","1","80","5","8","0","0.5","10","119","274","4.069343065693431"
"31","20","0.0025","0.29","3","0.5","0.05","1","80","5","8","0","0.5","10","9","237","4.0042194092827"
"28","10","0.0025","0.29","3","0.5","0.05","1","80","5","8","0","0.5","10","95","268","4.085820895522388"
"26","10","0.0025","0.29","3","0.5","0.05","1","80","5","8","0","0.5","10","120","274","4.065693430656935"
"29","10","0.0025","0.29","3","0.5","0.05","1","80","5","8","0","0.5","10","79","274","4.014598540145985"
"28","10","0.0025","0.29","3","0.5","0.05","1","80","5","8","0","0.5","10","96","268","4.085820895522388"
"29","10","0.0025","0.29","3","0.5","0.05","1","80","5","8","0","0.5","10","80","273","4.018315018315018"
"30","10","0.0025","0.29","3","0.5","0.05","1","80","5","8","0","0.5","10","73","260","3.8"
"27","10","0.0025","0.29","3","0.5","0.05","1","80","5","8","0","0.5","10","103","275","4.287272727272727"
"30","10","0.0025","0.29","3","0.5","0.05","1","80","5","8","0","0.5","10","74","255","3.9725490196078432"
"29","10","0.0025","0.29","3","0.5","0.05","1","80","5","8","0","0.5","10","81","271","4.014760147601476"
"31","20","0.0025","0.29","3","0.5","0.05","1","80","5","8","0","0.5","10","10","237","4.0042194092827"
"27","10","0.0025","0.29","3","0.5","0.05","1","80","5","8","0","0.5","10","104","275","4.290909090909091"
"30","10","0.0025","0.29","3","0.5","0.05","1","80","5","8","0","0.5","10","75","254","3.9763779527559056"
"31","20","0.0025","0.29","3","0.5","0.05","1","80","5","8","0","0.5","10","11","237","4.0042194092827"
"27","10","0.0025","0.29","3","0.5","0.05","1","80","5","8","0","0.5","10","105","274","4.295620437956204"
"31","20","0.0025","0.29","3","0.5","0.05","1","80","5","8","0","0.5","10","12","237","4.0042194092827"
"32","20","0.0025","0.29","3","0.5","0.05","1","80","5","8","0","0.5","10","0","232","3.8663793103448274"
"28","10","0.0025","0.29","3","0.5","0.05","1","80","5","8","0","0.5","10","97","279","3.910394265232975"
"29","10","0.0025","0.29","3","0.5","0.05","1","80","5","8","0","0.5","10","82","270","4.018518518518518"
"28","10","0.0025","0.29","3","0.5","0.05","1","80","5","8","0","0.5","10","98","279","4.111111111111111"
"29","10","0.0025","0.29","3","0.5","0.05","1","80","5","8","0","0.5","10","83","268","4.022388059701493"
"30","10","0.0025","0.29","3","0.5","0.05","1","80","5","8","0","0.5","10","76","253","3.972332015810277"
"28","10","0.0025","0.29","3","0.5","0.05","1","80","5","8","0","0.5","10","99","279","4.111111111111111"
"27","10","0.0025","0.29","3","0.5","0.05","1","80","5","8","0","0.5","10","106","273","4.2967032967032965"
"29","10","0.0025","0.29","3","0.5","0.05","1","80","5","8","0","0.5","10","84","268","4.018656716417911"
"30","10","0.0025","0.29","3","0.5","0.05","1","80","5","8","0","0.5","10","77","253","3.972332015810277"
"31","20","0.0025","0.29","3","0.5","0.05","1","80","5","8","0","0.5","10","13","250","3.796"
"27","10","0.0025","0.29","3","0.5","0.05","1","80","5","8","0","0.5","10","107","272","4.297794117647059"
"32","20","0.0025","0.29","3","0.5","0.05","1","80","5","8","0","0.5","10","1","231","4.043290043290043"
"27","10","0.0025","0.29","3","0.5","0.05","1","80","5","8","0","0.5","10","108","270","4.3"
"30","10","0.0025","0.29","3","0.5","0.05","1","80","5","8","0","0.5","10","78","253","3.972332015810277"
"32","20","0.0025","0.29","3","0.5","0.05","1","80","5","8","0","0.5","10","2","231","4.06926406926407"
"31","20","0.0025","0.29","3","0.5","0.05","1","80","5","8","0","0.5","10","14","247","4.004048582995951"
"32","20","0.0025","0.29","3","0.5","0.05","1","80","5","8","0","0.5","10","3","230","4.065217391304348"
"28","10","0.0025","0.29","3","0.5","0.05","1","80","5","8","0","0.5","10","100","279","4.10752688172043"
"31","20","0.0025","0.29","3","0.5","0.05","1","80","5","8","0","0.5","10","15","246","4.008130081300813"
"28","10","0.0025","0.29","3","0.5","0.05","1","80","5","8","0","0.5","10","101","277","4.111913357400722"
"28","10","0.0025","0.29","3","0.5","0.05","1","80","5","8","0","0.5","10","102","275","4.109090909090909"
"30","10","0.0025","0.29","3","0.5","0.05","1","80","5","8","0","0.5","10","79","252","3.9761904761904763"
"31","20","0.0025","0.29","3","0.5","0.05","1","80","5","8","0","0.5","10","16","246","4.008130081300813"
"30","10","0.0025","0.29","3","0.5","0.05","1","80","5","8","0","0.5","10","80","252","3.9722222222222223"
"32","20","0.0025","0.29","3","0.5","0.05","1","80","5","8","0","0.5","10","4","230","4.047826086956522"
"29","10","0.0025","0.29","3","0.5","0.05","1","80","5","8","0","0.5","10","85","280","3.8464285714285715"
"31","20","0.0025","0.29","3","0.5","0.05","1","80","5","8","0","0.5","10","17","245","4.0081632653061225"
"30","10","0.0025","0.29","3","0.5","0.05","1","80","5","8","0","0.5","10","81","251","3.9760956175298805"
"32","20","0.0025","0.29","3","0.5","0.05","1","80","5","8","0","0.5","10","5","230","4.047826086956522"
"29","10","0.0025","0.29","3","0.5","0.05","1","80","5","8","0","0.5","10","86","279","3.996415770609319"
"31","20","0.0025","0.29","3","0.5","0.05","1","80","5","8","0","0.5","10","18","244","4.008196721311475"
"32","20","0.0025","0.29","3","0.5","0.05","1","80","5","8","0","0.5","10","6","230","4.047826086956522"
"27","10","0.0025","0.29","3","0.5","0.05","1","80","5","8","0","0.5","10","109","296","3.9222972972972974"
"29","10","0.0025","0.29","3","0.5","0.05","1","80","5","8","0","0.5","10","87","277","3.996389891696751"
"28","10","0.0025","0.29","3","0.5","0.05","1","80","5","8","0","0.5","10","103","275","4.112727272727272"
"27","10","0.0025","0.29","3","0.5","0.05","1","80","5","8","0","0.5","10","110","294","4.292517006802721"
"28","10","0.0025","0.29","3","0.5","0.05","1","80","5","8","0","0.5","10","104","274","4.109489051094891"
"27","10","0.0025","0.29","3","0.5","0.05","1","80","5","8","0","0.5","10","111","294","4.27891156462585"
"31","20","0.0025","0.29","3","0.5","0.05","1","80","5","8","0","0.5","10","19","244","4.008196721311475"
"30","10","0.0025","0.29","3","0.5","0.05","1","80","5","8","0","0.5","10","82","251","3.9721115537848606"
"32","20","0.0025","0.29","3","0.5","0.05","1","80","5","8","0","0.5","10","7","230","4.047826086956522"
"28","10","0.0025","0.29","3","0.5","0.05","1","80","5","8","0","0.5","10","105","273","4.113553113553113"
"31","20","0.0025","0.29","3","0.5","0.05","1","80","5","8","0","0.5","10","20","243","4.008230452674897"
"30","10","0.0025","0.29","3","0.5","0.05","1","80","5","8","0","0.5","10","83","250","3.972"
"32","20","0.0025","0.29","3","0.5","0.05","1","80","5","8","0","0.5","10","8","230","4.047826086956522"
"30","10","0.0025","0.29","3","0.5","0.05","1","80","5","8","0","0.5","10","84","249","3.9718875502008033"
"31","20","0.0025","0.29","3","0.5","0.05","1","80","5","8","0","0.5","10","21","242","4.008264462809917"
"29","10","0.0025","0.29","3","0.5","0.05","1","80","5","8","0","0.5","10","88","276","3.9927536231884058"
"32","20","0.0025","0.29","3","0.5","0.05","1","80","5","8","0","0.5","10","9","228","4.048245614035087"
"29","10","0.0025","0.29","3","0.5","0.05","1","80","5","8","0","0.5","10","89","275","3.9927272727272727"
"27","10","0.0025","0.29","3","0.5","0.05","1","80","5","8","0","0.5","10","112","294","4.282312925170068"
"29","10","0.0025","0.29","3","0.5","0.05","1","80","5","8","0","0.5","10","90","274","3.989051094890511"
"27","10","0.0025","0.29","3","0.5","0.05","1","80","5","8","0","0.5","10","113","294","4.292517006802721"
"31","20","0.0025","0.29","3","0.5","0.05","1","80","5","8","0","0.5","10","22","242","4.008264462809917"
"28","10","0.0025","0.29","3","0.5","0.05","1","80","5","8","0","0.5","10","106","273","4.1098901098901095"
"32","20","0.0025","0.29","3","0.5","0.05","1","80","5","8","0","0.5","10","10","228","4.048245614035087"
"31","20","0.0025","0.29","3","0.5","0.05","1","80","5","8","0","0.5","10","23","242","4.008264462809917"
"27","10","0.0025","0.29","3","0.5","0.05","1","80","5","8","0","0.5","10","114","292","4.304794520547945"
"28","10","0.0025","0.29","3","0.5","0.05","1","80","5","8","0","0.5","10","107","269","4.118959107806692"
"32","20","0.0025","0.29","3","0.5","0.05","1","80","5","8","0","0.5","10","11","227","4.048458149779735"
"31","20","0.0025","0.29","3","0.5","0.05","1","80","5","8","0","0.5","10","24","241","4.008298755186722"
"28","10","0.0025","0.29","3","0.5","0.05","1","80","5","8","0","0.5","10","108","268","4.115671641791045"
"32","20","0.0025","0.29","3","0.5","0.05","1","80","5","8","0","0.5","10","12","226","4.048672566371682"
"30","10","0.0025","0.29","3","0.5","0.05","1","80","5","8","0","0.5","10","85","262","3.7595419847328246"
"30","10","0.0025","0.29","3","0.5","0.05","1","80","5","8","0","0.5","10","86","259","3.9498069498069497"
"29","10","0.0025","0.29","3","0.5","0.05","1","80","5","8","0","0.5","10","91","273","3.989010989010989"
"29","10","0.0025","0.29","3","0.5","0.05","1","80","5","8","0","0.5","10","92","270","3.988888888888889"
"30","10","0.0025","0.29","3","0.5","0.05","1","80","5","8","0","0.5","10","87","259","3.9536679536679538"
"31","20","0.0025","0.29","3","0.5","0.05","1","80","5","8","0","0.5","10","25","256","3.7734375"
"29","10","0.0025","0.29","3","0.5","0.05","1","80","5","8","0","0.5","10","93","268","3.9813432835820897"
"31","20","0.0025","0.29","3","0.5","0.05","1","80","5","8","0","0.5","10","26","256","4"
"27","10","0.0025","0.29","3","0.5","0.05","1","80","5","8","0","0.5","10","115","292","4.301369863013699"
"32","20","0.0025","0.29","3","0.5","0.05","1","80","5","8","0","0.5","10","13","256","3.55859375"
"27","10","0.0025","0.29","3","0.5","0.05","1","80","5","8","0","0.5","10","116","291","4.305841924398625"
"31","20","0.0025","0.29","3","0.5","0.05","1","80","5","8","0","0.5","10","27","253","3.9960474308300395"
"27","10","0.0025","0.29","3","0.5","0.05","1","80","5","8","0","0.5","10","117","290","4.303448275862069"
"32","20","0.0025","0.29","3","0.5","0.05","1","80","5","8","0","0.5","10","14","256","4.06640625"
"28","10","0.0025","0.29","3","0.5","0.05","1","80","5","8","0","0.5","10","109","284","3.887323943661972"
"32","20","0.0025","0.29","3","0.5","0.05","1","80","5","8","0","0.5","10","15","256","4.05859375"
"30","10","0.0025","0.29","3","0.5","0.05","1","80","5","8","0","0.5","10","88","257","3.9494163424124515"
"28","10","0.0025","0.29","3","0.5","0.05","1","80","5","8","0","0.5","10","110","284","4.080985915492958"
"30","10","0.0025","0.29","3","0.5","0.05","1","80","5","8","0","0.5","10","89","257","3.945525291828794"
"29","10","0.0025","0.29","3","0.5","0.05","1","80","5","8","0","0.5","10","94","268","3.9888059701492535"
"31","20","0.0025","0.29","3","0.5","0.05","1","80","5","8","0","0.5","10","28","253","3.992094861660079"
"29","10","0.0025","0.29","3","0.5","0.05","1","80","5","8","0","0.5","10","95","268","3.9888059701492535"
"28","10","0.0025","0.29","3","0.5","0.05","1","80","5","8","0","0.5","10","111","281","4.085409252669039"
"30","10","0.0025","0.29","3","0.5","0.05","1","80","5","8","0","0.5","10","90","257","3.945525291828794"
"31","20","0.0025","0.29","3","0.5","0.05","1","80","5","8","0","0.5","10","29","252","3.992063492063492"
"29","10","0.0025","0.29","3","0.5","0.05","1","80","5","8","0","0.5","10","96","265","3.9962264150943394"
"31","20","0.0025","0.29","3","0.5","0.05","1","80","5","8","0","0.5","10","30","251","3.99203187250996"
"32","20","0.0025","0.29","3","0.5","0.05","1","80","5","8","0","0.5","10","16","254","4.066929133858268"
"27","10","0.0025","0.29","3","0.5","0.05","1","80","5","8","0","0.5","10","118","290","4.3068965517241375"
"32","20","0.0025","0.29","3","0.5","0.05","1","80","5","8","0","0.5","10","17","252","4.067460317460317"
"32","20","0.0025","0.29","3","0.5","0.05","1","80","5","8","0","0.5","10","18","252","4.071428571428571"
"27","10","0.0025","0.29","3","0.5","0.05","1","80","5","8","0","0.5","10","119","289","4.307958477508651"
"27","10","0.0025","0.29","3","0.5","0.05","1","80","5","8","0","0.5","10","120","289","4.307958477508651"
"30","10","0.0025","0.29","3","0.5","0.05","1","80","5","8","0","0.5","10","91","256","3.94140625"
"30","10","0.0025","0.29","3","0.5","0.05","1","80","5","8","0","0.5","10","92","254","3.9448818897637796"
"28","10","0.0025","0.29","3","0.5","0.05","1","80","5","8","0","0.5","10","112","281","4.074733096085409"
"31","20","0.0025","0.29","3","0.5","0.05","1","80","5","8","0","0.5","10","31","249","3.995983935742972"
"28","10","0.0025","0.29","3","0.5","0.05","1","80","5","8","0","0.5","10","113","280","4.078571428571428"
"30","10","0.0025","0.29","3","0.5","0.05","1","80","5","8","0","0.5","10","93","253","3.9486166007905137"
"31","20","0.0025","0.29","3","0.5","0.05","1","80","5","8","0","0.5","10","32","248","4"
"29","10","0.0025","0.29","3","0.5","0.05","1","80","5","8","0","0.5","10","97","279","3.7777777777777777"
"32","20","0.0025","0.29","3","0.5","0.05","1","80","5","8","0","0.5","10","19","252","4.067460317460317"
"29","10","0.0025","0.29","3","0.5","0.05","1","80","5","8","0","0.5","10","98","278","3.9964028776978417"
"28","10","0.0025","0.29","3","0.5","0.05","1","80","5","8","0","0.5","10","114","279","4.075268817204301"
"31","20","0.0025","0.29","3","0.5","0.05","1","80","5","8","0","0.5","10","33","248","4"
"32","20","0.0025","0.29","3","0.5","0.05","1","80","5","8","0","0.5","10","20","252","4.067460317460317"
"29","10","0.0025","0.29","3","0.5","0.05","1","80","5","8","0","0.5","10","99","275","3.9927272727272727"
"32","20","0.0025","0.29","3","0.5","0.05","1","80","5","8","0","0.5","10","21","251","4.067729083665339"
"33","20","0.0025","0.29","3","0.5","0.05","1","80","5","8","0","0.5","10","0","233","4.064377682403434"
"31","20","0.0025","0.29","3","0.5","0.05","1","80","5","8","0","0.5","10","34","246","3.9959349593495936"
"30","10","0.0025","0.29","3","0.5","0.05","1","80","5","8","0","0.5","10","94","252","3.9484126984126986"
"31","20","0.0025","0.29","3","0.5","0.05","1","80","5","8","0","0.5","10","35","246","3.9959349593495936"
"28","10","0.0025","0.29","3","0.5","0.05","1","80","5","8","0","0.5","10","115","279","4.075268817204301"
"30","10","0.0025","0.29","3","0.5","0.05","1","80","5","8","0","0.5","10","95","251","3.948207171314741"
"31","20","0.0025","0.29","3","0.5","0.05","1","80","5","8","0","0.5","10","36","245","3.9918367346938775"
"32","20","0.0025","0.29","3","0.5","0.05","1","80","5","8","0","0.5","10","22","251","4.0717131474103585"
"30","10","0.0025","0.29","3","0.5","0.05","1","80","5","8","0","0.5","10","96","250","3.948"
"28","10","0.0025","0.29","3","0.5","0.05","1","80","5","8","0","0.5","10","116","279","4.075268817204301"
"29","10","0.0025","0.29","3","0.5","0.05","1","80","5","8","0","0.5","10","100","275","4"
"32","20","0.0025","0.29","3","0.5","0.05","1","80","5","8","0","0.5","10","23","251","4.067729083665339"
"28","10","0.0025","0.29","3","0.5","0.05","1","80","5","8","0","0.5","10","117","276","4.076086956521739"
"33","20","0.0025","0.29","3","0.5","0.05","1","80","5","8","0","0.5","10","1","232","4.103448275862069"
"29","10","0.0025","0.29","3","0.5","0.05","1","80","5","8","0","0.5","10","101","275","3.9927272727272727"
"32","20","0.0025","0.29","3","0.5","0.05","1","80","5","8","0","0.5","10","24","248","4.068548387096774"
"33","20","0.0025","0.29","3","0.5","0.05","1","80","5","8","0","0.5","10","2","231","4.121212121212121"
"33","20","0.0025","0.29","3","0.5","0.05","1","80","5","8","0","0.5","10","3","231","4.121212121212121"
"29","10","0.0025","0.29","3","0.5","0.05","1","80","5","8","0","0.5","10","102","274","3.9963503649635035"
"33","20","0.0025","0.29","3","0.5","0.05","1","80","5","8","0","0.5","10","4","230","4.121739130434783"
"30","10","0.0025","0.29","3","0.5","0.05","1","80","5","8","0","0.5","10","97","269","3.6728624535315983"
"31","20","0.0025","0.29","3","0.5","0.05","1","80","5","8","0","0.5","10","37","268","3.6343283582089554"
"28","10","0.0025","0.29","3","0.5","0.05","1","80","5","8","0","0.5","10","118","274","4.08029197080292"
"33","20","0.0025","0.29","3","0.5","0.05","1","80","5","8","0","0.5","10","5","230","4.121739130434783"
"28","10","0.0025","0.29","3","0.5","0.05","1","80","5","8","0","0.5","10","119","273","4.087912087912088"
"30","10","0.0025","0.29","3","0.5","0.05","1","80","5","8","0","0.5","10","98","268","3.951492537313433"
"31","20","0.0025","0.29","3","0.5","0.05","1","80","5","8","0","0.5","10","38","267","4.02621722846442"
"29","10","0.0025","0.29","3","0.5","0.05","1","80","5","8","0","0.5","10","103","271","3.988929889298893"
"33","20","0.0025","0.29","3","0.5","0.05","1","80","5","8","0","0.5","10","6","230","4.121739130434783"
"28","10","0.0025","0.29","3","0.5","0.05","1","80","5","8","0","0.5","10","120","273","4.087912087912088"
"32","20","0.0025","0.29","3","0.5","0.05","1","80","5","8","0","0.5","10","25","264","3.787878787878788"
"30","10","0.0025","0.29","3","0.5","0.05","1","80","5","8","0","0.5","10","99","268","3.9402985074626864"
"31","20","0.0025","0.29","3","0.5","0.05","1","80","5","8","0","0.5","10","39","267","4.0299625468164795"
"29","10","0.0025","0.29","3","0.5","0.05","1","80","5","8","0","0.5","10","104","270","3.9851851851851854"
"29","10","0.0025","0.29","3","0.5","0.05","1","80","5","8","0","0.5","10","105","268","3.985074626865672"
"32","20","0.0025","0.29","3","0.5","0.05","1","80","5","8","0","0.5","10","26","263","4.106463878326996"
"32","20","0.0025","0.29","3","0.5","0.05","1","80","5","8","0","0.5","10","27","262","4.091603053435114"
"33","20","0.0025","0.29","3","0.5","0.05","1","80","5","8","0","0.5","10","7","228","4.12280701754386"
"30","10","0.0025","0.29","3","0.5","0.05","1","80","5","8","0","0.5","10","100","265","3.9358490566037734"
"33","20","0.0025","0.29","3","0.5","0.05","1","80","5","8","0","0.5","10","8","228","4.12280701754386"
"31","20","0.0025","0.29","3","0.5","0.05","1","80","5","8","0","0.5","10","40","267","4.033707865168539"
"30","10","0.0025","0.29","3","0.5","0.05","1","80","5","8","0","0.5","10","101","264","3.9393939393939394"
"33","20","0.0025","0.29","3","0.5","0.05","1","80","5","8","0","0.5","10","9","228","4.12280701754386"
"31","20","0.0025","0.29","3","0.5","0.05","1","80","5","8","0","0.5","10","41","267","4.033707865168539"
"31","20","0.0025","0.29","3","0.5","0.05","1","80","5","8","0","0.5","10","42","267","4.033707865168539"
"30","10","0.0025","0.29","3","0.5","0.05","1","80","5","8","0","0.5","10","102","263","3.935361216730038"
"32","20","0.0025","0.29","3","0.5","0.05","1","80","5","8","0","0.5","10","28","262","4.095419847328245"
"29","10","0.0025","0.29","3","0.5","0.05","1","80","5","8","0","0.5","10","106","268","3.985074626865672"
"34","20","0.0025","0.29","3","0.5","0.05","1","80","5","8","0","0.5","10","0","248","4.004032258064516"
"32","20","0.0025","0.29","3","0.5","0.05","1","80","5","8","0","0.5","10","29","262","4.087786259541985"
"33","20","0.0025","0.29","3","0.5","0.05","1","80","5","8","0","0.5","10","10","228","4.12280701754386"
"29","10","0.0025","0.29","3","0.5","0.05","1","80","5","8","0","0.5","10","107","268","3.985074626865672"
"32","20","0.0025","0.29","3","0.5","0.05","1","80","5","8","0","0.5","10","30","261","4.091954022988506"
"33","20","0.0025","0.29","3","0.5","0.05","1","80","5","8","0","0.5","10","11","228","4.12280701754386"
"29","10","0.0025","0.29","3","0.5","0.05","1","80","5","8","0","0.5","10","108","268","3.985074626865672"
"31","20","0.0025","0.29","3","0.5","0.05","1","80","5","8","0","0.5","10","43","267","4.033707865168539"
"33","20","0.0025","0.29","3","0.5","0.05","1","80","5","8","0","0.5","10","12","228","4.12280701754386"
"31","20","0.0025","0.29","3","0.5","0.05","1","80","5","8","0","0.5","10","44","267","4.033707865168539"
"30","10","0.0025","0.29","3","0.5","0.05","1","80","5","8","0","0.5","10","103","263","3.9391634980988592"
"31","20","0.0025","0.29","3","0.5","0.05","1","80","5","8","0","0.5","10","45","267","4.033707865168539"
"30","10","0.0025","0.29","3","0.5","0.05","1","80","5","8","0","0.5","10","104","261","3.9310344827586206"
"34","20","0.0025","0.29","3","0.5","0.05","1","80","5","8","0","0.5","10","1","248","4.024193548387097"
"30","10","0.0025","0.29","3","0.5","0.05","1","80","5","8","0","0.5","10","105","261","3.9386973180076628"
"33","20","0.0025","0.29","3","0.5","0.05","1","80","5","8","0","0.5","10","13","245","3.836734693877551"
"32","20","0.0025","0.29","3","0.5","0.05","1","80","5","8","0","0.5","10","31","260","4.088461538461538"
"34","20","0.0025","0.29","3","0.5","0.05","1","80","5","8","0","0.5","10","2","247","4.012145748987854"
"33","20","0.0025","0.29","3","0.5","0.05","1","80","5","8","0","0.5","10","14","243","4.0699588477366255"
"34","20","0.0025","0.29","3","0.5","0.05","1","80","5","8","0","0.5","10","3","247","4.016194331983805"
"32","20","0.0025","0.29","3","0.5","0.05","1","80","5","8","0","0.5","10","32","258","4.093023255813954"
"29","10","0.0025","0.29","3","0.5","0.05","1","80","5","8","0","0.5","10","109","278","3.841726618705036"
"31","20","0.0025","0.29","3","0.5","0.05","1","80","5","8","0","0.5","10","46","266","4.041353383458647"
"33","20","0.0025","0.29","3","0.5","0.05","1","80","5","8","0","0.5","10","15","242","4.086776859504132"
"32","20","0.0025","0.29","3","0.5","0.05","1","80","5","8","0","0.5","10","33","257","4.085603112840467"
"29","10","0.0025","0.29","3","0.5","0.05","1","80","5","8","0","0.5","10","110","278","4.014388489208633"
"31","20","0.0025","0.29","3","0.5","0.05","1","80","5","8","0","0.5","10","47","266","4.048872180451128"
"30","10","0.0025","0.29","3","0.5","0.05","1","80","5","8","0","0.5","10","106","261","3.9348659003831417"
"29","10","0.0025","0.29","3","0.5","0.05","1","80","5","8","0","0.5","10","111","278","4.010791366906475"
"31","20","0.0025","0.29","3","0.5","0.05","1","80","5","8","0","0.5","10","48","262","4.0458015267175576"
"33","20","0.0025","0.29","3","0.5","0.05","1","80","5","8","0","0.5","10","16","242","4.082644628099174"
"30","10","0.0025","0.29","3","0.5","0.05","1","80","5","8","0","0.5","10","107","260","3.9307692307692306"
"34","20","0.0025","0.29","3","0.5","0.05","1","80","5","8","0","0.5","10","4","247","4.020242914979757"
"30","10","0.0025","0.29","3","0.5","0.05","1","80","5","8","0","0.5","10","108","260","3.9384615384615387"
"33","20","0.0025","0.29","3","0.5","0.05","1","80","5","8","0","0.5","10","17","241","4.078838174273859"
"34","20","0.0025","0.29","3","0.5","0.05","1","80","5","8","0","0.5","10","5","246","4.020325203252033"
"32","20","0.0025","0.29","3","0.5","0.05","1","80","5","8","0","0.5","10","34","257","4.085603112840467"
"33","20","0.0025","0.29","3","0.5","0.05","1","80","5","8","0","0.5","10","18","240","4.083333333333333"
"29","10","0.0025","0.29","3","0.5","0.05","1","80","5","8","0","0.5","10","112","277","4.014440433212997"
"34","20","0.0025","0.29","3","0.5","0.05","1","80","5","8","0","0.5","10","6","246","4.020325203252033"
"32","20","0.0025","0.29","3","0.5","0.05","1","80","5","8","0","0.5","10","35","256","4.08203125"
"29","10","0.0025","0.29","3","0.5","0.05","1","80","5","8","0","0.5","10","113","276","4.018115942028985"
"32","20","0.0025","0.29","3","0.5","0.05","1","80","5","8","0","0.5","10","36","255","4.078431372549019"
"29","10","0.0025","0.29","3","0.5","0.05","1","80","5","8","0","0.5","10","114","276","4.018115942028985"
"33","20","0.0025","0.29","3","0.5","0.05","1","80","5","8","0","0.5","10","19","240","4.079166666666667"
"33","20","0.0025","0.29","3","0.5","0.05","1","80","5","8","0","0.5","10","20","239","4.079497907949791"
"34","20","0.0025","0.29","3","0.5","0.05","1","80","5","8","0","0.5","10","7","246","4.020325203252033"
"30","10","0.0025","0.29","3","0.5","0.05","1","80","5","8","0","0.5","10","109","273","3.7326007326007327"
"33","20","0.0025","0.29","3","0.5","0.05","1","80","5","8","0","0.5","10","21","238","4.07563025210084"
"31","20","0.0025","0.29","3","0.5","0.05","1","80","5","8","0","0.5","10","49","283","3.734982332155477"
"34","20","0.0025","0.29","3","0.5","0.05","1","80","5","8","0","0.5","10","8","244","4.020491803278689"
"30","10","0.0025","0.29","3","0.5","0.05","1","80","5","8","0","0.5","10","110","273","3.9523809523809526"
"31","20","0.0025","0.29","3","0.5","0.05","1","80","5","8","0","0.5","10","50","281","4.064056939501779"
"29","10","0.0025","0.29","3","0.5","0.05","1","80","5","8","0","0.5","10","115","276","4.018115942028985"
"34","20","0.0025","0.29","3","0.5","0.05","1","80","5","8","0","0.5","10","9","243","4.02880658436214"
"31","20","0.0025","0.29","3","0.5","0.05","1","80","5","8","0","0.5","10","51","280","4.064285714285714"
"30","10","0.0025","0.29","3","0.5","0.05","1","80","5","8","0","0.5","10","111","272","3.9558823529411766"
"29","10","0.0025","0.29","3","0.5","0.05","1","80","5","8","0","0.5","10","116","276","4.018115942028985"
"33","20","0.0025","0.29","3","0.5","0.05","1","80","5","8","0","0.5","10","22","238","4.07563025210084"
"29","10","0.0025","0.29","3","0.5","0.05","1","80","5","8","0","0.5","10","117","275","4.0181818181818185"
"33","20","0.0025","0.29","3","0.5","0.05","1","80","5","8","0","0.5","10","23","237","4.071729957805907"
"32","20","0.0025","0.29","3","0.5","0.05","1","80","5","8","0","0.5","10","37","286","3.6223776223776225"
"32","20","0.0025","0.29","3","0.5","0.05","1","80","5","8","0","0.5","10","38","284","4.088028169014085"
"33","20","0.0025","0.29","3","0.5","0.05","1","80","5","8","0","0.5","10","24","235","4.072340425531915"
"34","20","0.0025","0.29","3","0.5","0.05","1","80","5","8","0","0.5","10","10","242","4.037190082644628"
"30","10","0.0025","0.29","3","0.5","0.05","1","80","5","8","0","0.5","10","112","270","3.9518518518518517"
"31","20","0.0025","0.29","3","0.5","0.05","1","80","5","8","0","0.5","10","52","279","4.064516129032258"
"32","20","0.0025","0.29","3","0.5","0.05","1","80","5","8","0","0.5","10","39","283","4.070671378091872"
"34","20","0.0025","0.29","3","0.5","0.05","1","80","5","8","0","0.5","10","11","240","4.0375"
"31","20","0.0025","0.29","3","0.5","0.05","1","80","5","8","0","0.5","10","53","279","4.064516129032258"
"30","10","0.0025","0.29","3","0.5","0.05","1","80","5","8","0","0.5","10","113","270","3.9518518518518517"
"34","20","0.0025","0.29","3","0.5","0.05","1","80","5","8","0","0.5","10","12","240","4.0375"
"29","10","0.0025","0.29","3","0.5","0.05","1","80","5","8","0","0.5","10","118","274","4.018248175182482"
"30","10","0.0025","0.29","3","0.5","0.05","1","80","5","8","0","0.5","10","114","268","3.9440298507462686"
"31","20","0.0025","0.29","3","0.5","0.05","1","80","5","8","0","0.5","10","54","279","4.064516129032258"
"29","10","0.0025","0.29","3","0.5","0.05","1","80","5","8","0","0.5","10","119","274","4.018248175182482"
"29","10","0.0025","0.29","3","0.5","0.05","1","80","5","8","0","0.5","10","120","273","4.021978021978022"
"33","20","0.0025","0.29","3","0.5","0.05","1","80","5","8","0","0.5","10","25","255","3.756862745098039"
"32","20","0.0025","0.29","3","0.5","0.05","1","80","5","8","0","0.5","10","40","283","4.070671378091872"
"33","20","0.0025","0.29","3","0.5","0.05","1","80","5","8","0","0.5","10","26","255","4.078431372549019"
"31","20","0.0025","0.29","3","0.5","0.05","1","80","5","8","0","0.5","10","55","277","4.064981949458484"
"32","20","0.0025","0.29","3","0.5","0.05","1","80","5","8","0","0.5","10","41","283","4.070671378091872"
"33","20","0.0025","0.29","3","0.5","0.05","1","80","5","8","0","0.5","10","27","254","4.082677165354331"
"31","20","0.0025","0.29","3","0.5","0.05","1","80","5","8","0","0.5","10","56","276","4.068840579710145"
"34","20","0.0025","0.29","3","0.5","0.05","1","80","5","8","0","0.5","10","13","252","3.8333333333333335"
"30","10","0.0025","0.29","3","0.5","0.05","1","80","5","8","0","0.5","10","115","268","3.951492537313433"
"32","20","0.0025","0.29","3","0.5","0.05","1","80","5","8","0","0.5","10","42","280","4.064285714285714"
"34","20","0.0025","0.29","3","0.5","0.05","1","80","5","8","0","0.5","10","14","251","4.059760956175299"
"31","20","0.0025","0.29","3","0.5","0.05","1","80","5","8","0","0.5","10","57","276","4.076086956521739"
"30","10","0.0025","0.29","3","0.5","0.05","1","80","5","8","0","0.5","10","116","265","3.943396226415094"
"34","20","0.0025","0.29","3","0.5","0.05","1","80","5","8","0","0.5","10","15","250","4.048"
"35","20","0.0025","0.29","3","0.5","0.05","1","80","5","8","0","0.5","10","0","245","3.877551020408163"
"30","10","0.0025","0.29","3","0.5","0.05","1","80","5","8","0","0.5","10","117","262","3.950381679389313"
"33","20","0.0025","0.29","3","0.5","0.05","1","80","5","8","0","0.5","10","28","251","4.079681274900398"
"33","20","0.0025","0.29","3","0.5","0.05","1","80","5","8","0","0.5","10","29","250","4.076"
"33","20","0.0025","0.29","3","0.5","0.05","1","80","5","8","0","0.5","10","30","250","4.072"
"32","20","0.0025","0.29","3","0.5","0.05","1","80","5","8","0","0.5","10","43","279","4.064516129032258"
"34","20","0.0025","0.29","3","0.5","0.05","1","80","5","8","0","0.5","10","16","250","4.048"
"31","20","0.0025","0.29","3","0.5","0.05","1","80","5","8","0","0.5","10","58","275","4.076363636363636"
"32","20","0.0025","0.29","3","0.5","0.05","1","80","5","8","0","0.5","10","44","277","4.064981949458484"
"34","20","0.0025","0.29","3","0.5","0.05","1","80","5","8","0","0.5","10","17","249","4.048192771084337"
"35","20","0.0025","0.29","3","0.5","0.05","1","80","5","8","0","0.5","10","1","242","4.028925619834711"
"31","20","0.0025","0.29","3","0.5","0.05","1","80","5","8","0","0.5","10","59","273","4.076923076923077"
"32","20","0.0025","0.29","3","0.5","0.05","1","80","5","8","0","0.5","10","45","276","4.065217391304348"
"35","20","0.0025","0.29","3","0.5","0.05","1","80","5","8","0","0.5","10","2","241","4.058091286307054"
"34","20","0.0025","0.29","3","0.5","0.05","1","80","5","8","0","0.5","10","18","249","4.048192771084337"
"31","20","0.0025","0.29","3","0.5","0.05","1","80","5","8","0","0.5","10","60","273","4.076923076923077"
"30","10","0.0025","0.29","3","0.5","0.05","1","80","5","8","0","0.5","10","118","260","3.9423076923076925"
"35","20","0.0025","0.29","3","0.5","0.05","1","80","5","8","0","0.5","10","3","240","4.066666666666666"
"33","20","0.0025","0.29","3","0.5","0.05","1","80","5","8","0","0.5","10","31","248","4.07258064516129"
"30","10","0.0025","0.29","3","0.5","0.05","1","80","5","8","0","0.5","10","119","259","3.945945945945946"
"33","20","0.0025","0.29","3","0.5","0.05","1","80","5","8","0","0.5","10","32","247","4.064777327935222"
"30","10","0.0025","0.29","3","0.5","0.05","1","80","5","8","0","0.5","10","120","259","3.942084942084942"
"33","20","0.0025","0.29","3","0.5","0.05","1","80","5","8","0","0.5","10","33","246","4.065040650406504"
"34","20","0.0025","0.29","3","0.5","0.05","1","80","5","8","0","0.5","10","19","249","4.048192771084337"
"34","20","0.0025","0.29","3","0.5","0.05","1","80","5","8","0","0.5","10","20","248","4.048387096774194"
"32","20","0.0025","0.29","3","0.5","0.05","1","80","5","8","0","0.5","10","46","275","4.065454545454545"
"34","20","0.0025","0.29","3","0.5","0.05","1","80","5","8","0","0.5","10","21","248","4.048387096774194"
"35","20","0.0025","0.29","3","0.5","0.05","1","80","5","8","0","0.5","10","4","239","4.066945606694561"
"32","20","0.0025","0.29","3","0.5","0.05","1","80","5","8","0","0.5","10","47","274","4.054744525547445"
"35","20","0.0025","0.29","3","0.5","0.05","1","80","5","8","0","0.5","10","5","236","4.067796610169491"
"32","20","0.0025","0.29","3","0.5","0.05","1","80","5","8","0","0.5","10","48","274","4.054744525547445"
"31","20","0.0025","0.29","3","0.5","0.05","1","80","5","8","0","0.5","10","61","292","3.797945205479452"
"35","20","0.0025","0.29","3","0.5","0.05","1","80","5","8","0","0.5","10","6","236","4.067796610169491"
"33","20","0.0025","0.29","3","0.5","0.05","1","80","5","8","0","0.5","10","34","244","4.065573770491803"
"34","20","0.0025","0.29","3","0.5","0.05","1","80","5","8","0","0.5","10","22","248","4.05241935483871"
"31","20","0.0025","0.29","3","0.5","0.05","1","80","5","8","0","0.5","10","62","290","4.110344827586207"
"33","20","0.0025","0.29","3","0.5","0.05","1","80","5","8","0","0.5","10","35","243","4.065843621399177"
"34","20","0.0025","0.29","3","0.5","0.05","1","80","5","8","0","0.5","10","23","246","4.048780487804878"
"31","20","0.0025","0.29","3","0.5","0.05","1","80","5","8","0","0.5","10","63","289","4.117647058823529"
"33","20","0.0025","0.29","3","0.5","0.05","1","80","5","8","0","0.5","10","36","243","4.065843621399177"
"34","20","0.0025","0.29","3","0.5","0.05","1","80","5","8","0","0.5","10","24","244","4.049180327868853"
"36","20","0.0025","0.29","3","0.5","0.05","1","80","5","8","0","0.5","10","0","247","4.068825910931174"
"35","20","0.0025","0.29","3","0.5","0.05","1","80","5","8","0","0.5","10","7","236","4.067796610169491"
"35","20","0.0025","0.29","3","0.5","0.05","1","80","5","8","0","0.5","10","8","235","4.068085106382979"
"35","20","0.0025","0.29","3","0.5","0.05","1","80","5","8","0","0.5","10","9","234","4.064102564102564"
"31","20","0.0025","0.29","3","0.5","0.05","1","80","5","8","0","0.5","10","64","287","4.114982578397212"
"32","20","0.0025","0.29","3","0.5","0.05","1","80","5","8","0","0.5","10","49","299","3.7157190635451505"
"31","20","0.0025","0.29","3","0.5","0.05","1","80","5","8","0","0.5","10","65","287","4.114982578397212"
"33","20","0.0025","0.29","3","0.5","0.05","1","80","5","8","0","0.5","10","37","262","3.7557251908396947"
"31","20","0.0025","0.29","3","0.5","0.05","1","80","5","8","0","0.5","10","66","286","4.115384615384615"
"32","20","0.0025","0.29","3","0.5","0.05","1","80","5","8","0","0.5","10","50","298","4.060402684563758"
"36","20","0.0025","0.29","3","0.5","0.05","1","80","5","8","0","0.5","10","1","247","3.9878542510121457"
"33","20","0.0025","0.29","3","0.5","0.05","1","80","5","8","0","0.5","10","38","261","4.065134099616858"
"34","20","0.0025","0.29","3","0.5","0.05","1","80","5","8","0","0.5","10","25","253","3.8814229249011856"
"32","20","0.0025","0.29","3","0.5","0.05","1","80","5","8","0","0.5","10","51","297","4.070707070707071"
"36","20","0.0025","0.29","3","0.5","0.05","1","80","5","8","0","0.5","10","2","246","4.032520325203252"
"35","20","0.0025","0.29","3","0.5","0.05","1","80","5","8","0","0.5","10","10","232","4.056034482758621"
"33","20","0.0025","0.29","3","0.5","0.05","1","80","5","8","0","0.5","10","39","261","4.061302681992337"
"34","20","0.0025","0.29","3","0.5","0.05","1","80","5","8","0","0.5","10","26","252","4.0476190476190474"
"36","20","0.0025","0.29","3","0.5","0.05","1","80","5","8","0","0.5","10","3","245","4.024489795918368"
"35","20","0.0025","0.29","3","0.5","0.05","1","80","5","8","0","0.5","10","11","232","4.051724137931035"
"34","20","0.0025","0.29","3","0.5","0.05","1","80","5","8","0","0.5","10","27","252","4.0476190476190474"
"35","20","0.0025","0.29","3","0.5","0.05","1","80","5","8","0","0.5","10","12","231","4.0476190476190474"
"31","20","0.0025","0.29","3","0.5","0.05","1","80","5","8","0","0.5","10","67","285","4.11578947368421"
"33","20","0.0025","0.29","3","0.5","0.05","1","80","5","8","0","0.5","10","40","261","4.057471264367816"
"31","20","0.0025","0.29","3","0.5","0.05","1","80","5","8","0","0.5","10","68","284","4.112676056338028"
"33","20","0.0025","0.29","3","0.5","0.05","1","80","5","8","0","0.5","10","41","260","4.0576923076923075"
"32","20","0.0025","0.29","3","0.5","0.05","1","80","5","8","0","0.5","10","52","294","4.078231292517007"
"34","20","0.0025","0.29","3","0.5","0.05","1","80","5","8","0","0.5","10","28","251","4.047808764940239"
"31","20","0.0025","0.29","3","0.5","0.05","1","80","5","8","0","0.5","10","69","284","4.116197183098592"
"36","20","0.0025","0.29","3","0.5","0.05","1","80","5","8","0","0.5","10","4","243","4.016460905349795"
"33","20","0.0025","0.29","3","0.5","0.05","1","80","5","8","0","0.5","10","42","260","4.0576923076923075"
"32","20","0.0025","0.29","3","0.5","0.05","1","80","5","8","0","0.5","10","53","294","4.068027210884353"
"34","20","0.0025","0.29","3","0.5","0.05","1","80","5","8","0","0.5","10","29","251","4.047808764940239"
"36","20","0.0025","0.29","3","0.5","0.05","1","80","5","8","0","0.5","10","5","242","4.008264462809917"
"32","20","0.0025","0.29","3","0.5","0.05","1","80","5","8","0","0.5","10","54","293","4.071672354948806"
"34","20","0.0025","0.29","3","0.5","0.05","1","80","5","8","0","0.5","10","30","250","4.048"
"35","20","0.0025","0.29","3","0.5","0.05","1","80","5","8","0","0.5","10","13","254","3.661417322834646"
"36","20","0.0025","0.29","3","0.5","0.05","1","80","5","8","0","0.5","10","6","241","4.008298755186722"
"35","20","0.0025","0.29","3","0.5","0.05","1","80","5","8","0","0.5","10","14","252","4.0436507936507935"
"33","20","0.0025","0.29","3","0.5","0.05","1","80","5","8","0","0.5","10","43","259","4.057915057915058"
"35","20","0.0025","0.29","3","0.5","0.05","1","80","5","8","0","0.5","10","15","252","4.0396825396825395"
"31","20","0.0025","0.29","3","0.5","0.05","1","80","5","8","0","0.5","10","70","283","4.113074204946996"
"33","20","0.0025","0.29","3","0.5","0.05","1","80","5","8","0","0.5","10","44","257","4.062256809338521"
"31","20","0.0025","0.29","3","0.5","0.05","1","80","5","8","0","0.5","10","71","282","4.117021276595745"
"34","20","0.0025","0.29","3","0.5","0.05","1","80","5","8","0","0.5","10","31","250","4.048"
"33","20","0.0025","0.29","3","0.5","0.05","1","80","5","8","0","0.5","10","45","255","4.0588235294117645"
"31","20","0.0025","0.29","3","0.5","0.05","1","80","5","8","0","0.5","10","72","279","4.114695340501792"
"34","20","0.0025","0.29","3","0.5","0.05","1","80","5","8","0","0.5","10","32","250","4.048"
"34","20","0.0025","0.29","3","0.5","0.05","1","80","5","8","0","0.5","10","33","249","4.048192771084337"
"36","20","0.0025","0.29","3","0.5","0.05","1","80","5","8","0","0.5","10","7","241","4.008298755186722"
"32","20","0.0025","0.29","3","0.5","0.05","1","80","5","8","0","0.5","10","55","293","4.068259385665529"
"35","20","0.0025","0.29","3","0.5","0.05","1","80","5","8","0","0.5","10","16","251","4.039840637450199"
"32","20","0.0025","0.29","3","0.5","0.05","1","80","5","8","0","0.5","10","56","292","4.075342465753424"
"36","20","0.0025","0.29","3","0.5","0.05","1","80","5","8","0","0.5","10","8","239","4.00836820083682"
"35","20","0.0025","0.29","3","0.5","0.05","1","80","5","8","0","0.5","10","17","250","4.04"
"32","20","0.0025","0.29","3","0.5","0.05","1","80","5","8","0","0.5","10","57","292","4.068493150684931"
"36","20","0.0025","0.29","3","0.5","0.05","1","80","5","8","0","0.5","10","9","238","4.008403361344538"
"35","20","0.0025","0.29","3","0.5","0.05","1","80","5","8","0","0.5","10","18","249","4.040160642570281"
"33","20","0.0025","0.29","3","0.5","0.05","1","80","5","8","0","0.5","10","46","255","4.0588235294117645"
"34","20","0.0025","0.29","3","0.5","0.05","1","80","5","8","0","0.5","10","34","249","4.048192771084337"
"33","20","0.0025","0.29","3","0.5","0.05","1","80","5","8","0","0.5","10","47","255","4.0588235294117645"
"34","20","0.0025","0.29","3","0.5","0.05","1","80","5","8","0","0.5","10","35","249","4.048192771084337"
"34","20","0.0025","0.29","3","0.5","0.05","1","80","5","8","0","0.5","10","36","248","4.048387096774194"
"33","20","0.0025","0.29","3","0.5","0.05","1","80","5","8","0","0.5","10","48","254","4.059055118110236"
"36","20","0.0025","0.29","3","0.5","0.05","1","80","5","8","0","0.5","10","10","237","4.008438818565401"
"35","20","0.0025","0.29","3","0.5","0.05","1","80","5","8","0","0.5","10","19","249","4.040160642570281"
"31","20","0.0025","0.29","3","0.5","0.05","1","80","5","8","0","0.5","10","73","284","4.003521126760563"
"32","20","0.0025","0.29","3","0.5","0.05","1","80","5","8","0","0.5","10","58","292","4.078767123287672"
"36","20","0.0025","0.29","3","0.5","0.05","1","80","5","8","0","0.5","10","11","236","4.008474576271187"
"35","20","0.0025","0.29","3","0.5","0.05","1","80","5","8","0","0.5","10","20","248","4.040322580645161"
"31","20","0.0025","0.29","3","0.5","0.05","1","80","5","8","0","0.5","10","74","283","4.098939929328622"
"32","20","0.0025","0.29","3","0.5","0.05","1","80","5","8","0","0.5","10","59","292","4.078767123287672"
"36","20","0.0025","0.29","3","0.5","0.05","1","80","5","8","0","0.5","10","12","235","4.008510638297873"
"35","20","0.0025","0.29","3","0.5","0.05","1","80","5","8","0","0.5","10","21","248","4.040322580645161"
"31","20","0.0025","0.29","3","0.5","0.05","1","80","5","8","0","0.5","10","75","281","4.088967971530249"
"32","20","0.0025","0.29","3","0.5","0.05","1","80","5","8","0","0.5","10","60","291","4.0687285223367695"
"34","20","0.0025","0.29","3","0.5","0.05","1","80","5","8","0","0.5","10","37","264","3.787878787878788"
"34","20","0.0025","0.29","3","0.5","0.05","1","80","5","8","0","0.5","10","38","264","4.018939393939394"
"33","20","0.0025","0.29","3","0.5","0.05","1","80","5","8","0","0.5","10","49","280","3.682142857142857"
"34","20","0.0025","0.29","3","0.5","0.05","1","80","5","8","0","0.5","10","39","262","4.026717557251908"
"35","20","0.0025","0.29","3","0.5","0.05","1","80","5","8","0","0.5","10","22","248","4.040322580645161"
"33","20","0.0025","0.29","3","0.5","0.05","1","80","5","8","0","0.5","10","50","280","4.071428571428571"
"35","20","0.0025","0.29","3","0.5","0.05","1","80","5","8","0","0.5","10","23","248","4.040322580645161"
"36","20","0.0025","0.29","3","0.5","0.05","1","80","5","8","0","0.5","10","13","240","3.925"
"31","20","0.0025","0.29","3","0.5","0.05","1","80","5","8","0","0.5","10","76","280","4.089285714285714"
"33","20","0.0025","0.29","3","0.5","0.05","1","80","5","8","0","0.5","10","51","279","4.07168458781362"
"35","20","0.0025","0.29","3","0.5","0.05","1","80","5","8","0","0.5","10","24","248","4.040322580645161"
"31","20","0.0025","0.29","3","0.5","0.05","1","80","5","8","0","0.5","10","77","280","4.085714285714285"
"36","20","0.0025","0.29","3","0.5","0.05","1","80","5","8","0","0.5","10","14","240","3.9875"
"32","20","0.0025","0.29","3","0.5","0.05","1","80","5","8","0","0.5","10","61","304","3.898026315789474"
"34","20","0.0025","0.29","3","0.5","0.05","1","80","5","8","0","0.5","10","40","260","4.023076923076923"
"36","20","0.0025","0.29","3","0.5","0.05","1","80","5","8","0","0.5","10","15","240","3.9875"
"31","20","0.0025","0.29","3","0.5","0.05","1","80","5","8","0","0.5","10","78","280","4.089285714285714"
"32","20","0.0025","0.29","3","0.5","0.05","1","80","5","8","0","0.5","10","62","302","4.072847682119205"
"34","20","0.0025","0.29","3","0.5","0.05","1","80","5","8","0","0.5","10","41","258","4.023255813953488"
"32","20","0.0025","0.29","3","0.5","0.05","1","80","5","8","0","0.5","10","63","301","4.079734219269103"
"33","20","0.0025","0.29","3","0.5","0.05","1","80","5","8","0","0.5","10","52","277","4.068592057761733"
"34","20","0.0025","0.29","3","0.5","0.05","1","80","5","8","0","0.5","10","42","258","4.023255813953488"
"36","20","0.0025","0.29","3","0.5","0.05","1","80","5","8","0","0.5","10","16","238","3.9873949579831933"
"33","20","0.0025","0.29","3","0.5","0.05","1","80","5","8","0","0.5","10","53","277","4.075812274368231"
"35","20","0.0025","0.29","3","0.5","0.05","1","80","5","8","0","0.5","10","25","258","3.883720930232558"
"36","20","0.0025","0.29","3","0.5","0.05","1","80","5","8","0","0.5","10","17","238","3.9873949579831933"
"33","20","0.0025","0.29","3","0.5","0.05","1","80","5","8","0","0.5","10","54","277","4.068592057761733"
"31","20","0.0025","0.29","3","0.5","0.05","1","80","5","8","0","0.5","10","79","280","4.085714285714285"
"35","20","0.0025","0.29","3","0.5","0.05","1","80","5","8","0","0.5","10","26","257","4.031128404669261"
"31","20","0.0025","0.29","3","0.5","0.05","1","80","5","8","0","0.5","10","80","280","4.089285714285714"
"36","20","0.0025","0.29","3","0.5","0.05","1","80","5","8","0","0.5","10","18","238","3.9873949579831933"
"35","20","0.0025","0.29","3","0.5","0.05","1","80","5","8","0","0.5","10","27","257","4.035019455252918"
"31","20","0.0025","0.29","3","0.5","0.05","1","80","5","8","0","0.5","10","81","280","4.085714285714285"
"32","20","0.0025","0.29","3","0.5","0.05","1","80","5","8","0","0.5","10","64","300","4.07"
"34","20","0.0025","0.29","3","0.5","0.05","1","80","5","8","0","0.5","10","43","257","4.023346303501945"
"32","20","0.0025","0.29","3","0.5","0.05","1","80","5","8","0","0.5","10","65","300","4.07"
"34","20","0.0025","0.29","3","0.5","0.05","1","80","5","8","0","0.5","10","44","257","4.023346303501945"
"33","20","0.0025","0.29","3","0.5","0.05","1","80","5","8","0","0.5","10","55","275","4.072727272727272"
"34","20","0.0025","0.29","3","0.5","0.05","1","80","5","8","0","0.5","10","45","255","4.023529411764706"
"35","20","0.0025","0.29","3","0.5","0.05","1","80","5","8","0","0.5","10","28","255","4.035294117647059"
"36","20","0.0025","0.29","3","0.5","0.05","1","80","5","8","0","0.5","10","19","236","3.983050847457627"
"32","20","0.0025","0.29","3","0.5","0.05","1","80","5","8","0","0.5","10","66","300","4.07"
"33","20","0.0025","0.29","3","0.5","0.05","1","80","5","8","0","0.5","10","56","275","4.072727272727272"
"35","20","0.0025","0.29","3","0.5","0.05","1","80","5","8","0","0.5","10","29","252","4.0436507936507935"
"31","20","0.0025","0.29","3","0.5","0.05","1","80","5","8","0","0.5","10","82","279","4.086021505376344"
"36","20","0.0025","0.29","3","0.5","0.05","1","80","5","8","0","0.5","10","20","235","3.9829787234042553"
"33","20","0.0025","0.29","3","0.5","0.05","1","80","5","8","0","0.5","10","57","275","4.072727272727272"
"35","20","0.0025","0.29","3","0.5","0.05","1","80","5","8","0","0.5","10","30","251","4.051792828685259"
"36","20","0.0025","0.29","3","0.5","0.05","1","80","5","8","0","0.5","10","21","234","3.982905982905983"
"31","20","0.0025","0.29","3","0.5","0.05","1","80","5","8","0","0.5","10","83","278","4.075539568345324"
"31","20","0.0025","0.29","3","0.5","0.05","1","80","5","8","0","0.5","10","84","277","4.0830324909747295"
"34","20","0.0025","0.29","3","0.5","0.05","1","80","5","8","0","0.5","10","46","254","4.0236220472440944"
"32","20","0.0025","0.29","3","0.5","0.05","1","80","5","8","0","0.5","10","67","300","4.07"
"34","20","0.0025","0.29","3","0.5","0.05","1","80","5","8","0","0.5","10","47","252","4.027777777777778"
"35","20","0.0025","0.29","3","0.5","0.05","1","80","5","8","0","0.5","10","31","248","4.05241935483871"
"36","20","0.0025","0.29","3","0.5","0.05","1","80","5","8","0","0.5","10","22","233","3.982832618025751"
"32","20","0.0025","0.29","3","0.5","0.05","1","80","5","8","0","0.5","10","68","300","4.07"
"34","20","0.0025","0.29","3","0.5","0.05","1","80","5","8","0","0.5","10","48","251","4.0239043824701195"
"35","20","0.0025","0.29","3","0.5","0.05","1","80","5","8","0","0.5","10","32","245","4.053061224489796"
"33","20","0.0025","0.29","3","0.5","0.05","1","80","5","8","0","0.5","10","58","275","4.076363636363636"
"36","20","0.0025","0.29","3","0.5","0.05","1","80","5","8","0","0.5","10","23","231","3.982683982683983"
"32","20","0.0025","0.29","3","0.5","0.05","1","80","5","8","0","0.5","10","69","298","4.070469798657718"
"35","20","0.0025","0.29","3","0.5","0.05","1","80","5","8","0","0.5","10","33","243","4.053497942386831"
"36","20","0.0025","0.29","3","0.5","0.05","1","80","5","8","0","0.5","10","24","228","3.9780701754385963"
"33","20","0.0025","0.29","3","0.5","0.05","1","80","5","8","0","0.5","10","59","273","4.073260073260073"
"33","20","0.0025","0.29","3","0.5","0.05","1","80","5","8","0","0.5","10","60","272","4.069852941176471"
"31","20","0.0025","0.29","3","0.5","0.05","1","80","5","8","0","0.5","10","85","307","3.6775244299674266"
"31","20","0.0025","0.29","3","0.5","0.05","1","80","5","8","0","0.5","10","86","306","4.055555555555555"
"32","20","0.0025","0.29","3","0.5","0.05","1","80","5","8","0","0.5","10","70","297","4.070707070707071"
"31","20","0.0025","0.29","3","0.5","0.05","1","80","5","8","0","0.5","10","87","305","4.036065573770492"
"34","20","0.0025","0.29","3","0.5","0.05","1","80","5","8","0","0.5","10","49","271","3.726937269372694"
"35","20","0.0025","0.29","3","0.5","0.05","1","80","5","8","0","0.5","10","34","242","4.053719008264463"
"32","20","0.0025","0.29","3","0.5","0.05","1","80","5","8","0","0.5","10","71","296","4.070945945945946"
"36","20","0.0025","0.29","3","0.5","0.05","1","80","5","8","0","0.5","10","25","238","3.7605042016806722"
"35","20","0.0025","0.29","3","0.5","0.05","1","80","5","8","0","0.5","10","35","241","4.058091286307054"
"34","20","0.0025","0.29","3","0.5","0.05","1","80","5","8","0","0.5","10","50","271","4.022140221402214"
"36","20","0.0025","0.29","3","0.5","0.05","1","80","5","8","0","0.5","10","26","238","3.991596638655462"
"32","20","0.0025","0.29","3","0.5","0.05","1","80","5","8","0","0.5","10","72","295","4.067796610169491"
"35","20","0.0025","0.29","3","0.5","0.05","1","80","5","8","0","0.5","10","36","241","4.058091286307054"
"34","20","0.0025","0.29","3","0.5","0.05","1","80","5","8","0","0.5","10","51","270","4.025925925925926"
"36","20","0.0025","0.29","3","0.5","0.05","1","80","5","8","0","0.5","10","27","237","3.9831223628691985"
"33","20","0.0025","0.29","3","0.5","0.05","1","80","5","8","0","0.5","10","61","282","3.9113475177304964"
"31","20","0.0025","0.29","3","0.5","0.05","1","80","5","8","0","0.5","10","88","304","4.046052631578948"
"33","20","0.0025","0.29","3","0.5","0.05","1","80","5","8","0","0.5","10","62","282","4.070921985815603"
"36","20","0.0025","0.29","3","0.5","0.05","1","80","5","8","0","0.5","10","28","237","3.970464135021097"
"31","20","0.0025","0.29","3","0.5","0.05","1","80","5","8","0","0.5","10","89","302","4.049668874172186"
"33","20","0.0025","0.29","3","0.5","0.05","1","80","5","8","0","0.5","10","63","281","4.067615658362989"
"34","20","0.0025","0.29","3","0.5","0.05","1","80","5","8","0","0.5","10","52","270","4.022222222222222"
"36","20","0.0025","0.29","3","0.5","0.05","1","80","5","8","0","0.5","10","29","236","3.9703389830508473"
"31","20","0.0025","0.29","3","0.5","0.05","1","80","5","8","0","0.5","10","90","301","4.06312292358804"
"34","20","0.0025","0.29","3","0.5","0.05","1","80","5","8","0","0.5","10","53","267","4.02621722846442"
"36","20","0.0025","0.29","3","0.5","0.05","1","80","5","8","0","0.5","10","30","234","3.97008547008547"
"35","20","0.0025","0.29","3","0.5","0.05","1","80","5","8","0","0.5","10","37","257","3.78988326848249"
"34","20","0.0025","0.29","3","0.5","0.05","1","80","5","8","0","0.5","10","54","267","4.022471910112359"
"32","20","0.0025","0.29","3","0.5","0.05","1","80","5","8","0","0.5","10","73","305","3.918032786885246"
"35","20","0.0025","0.29","3","0.5","0.05","1","80","5","8","0","0.5","10","38","255","4.047058823529412"
"32","20","0.0025","0.29","3","0.5","0.05","1","80","5","8","0","0.5","10","74","303","4.033003300330033"
"35","20","0.0025","0.29","3","0.5","0.05","1","80","5","8","0","0.5","10","39","255","4.035294117647059"
"33","20","0.0025","0.29","3","0.5","0.05","1","80","5","8","0","0.5","10","64","280","4.075"
"32","20","0.0025","0.29","3","0.5","0.05","1","80","5","8","0","0.5","10","75","302","4.033112582781457"
"33","20","0.0025","0.29","3","0.5","0.05","1","80","5","8","0","0.5","10","65","280","4.067857142857143"
"36","20","0.0025","0.29","3","0.5","0.05","1","80","5","8","0","0.5","10","31","232","3.9698275862068964"
"36","20","0.0025","0.29","3","0.5","0.05","1","80","5","8","0","0.5","10","32","232","3.9698275862068964"
"33","20","0.0025","0.29","3","0.5","0.05","1","80","5","8","0","0.5","10","66","278","4.079136690647482"
"31","20","0.0025","0.29","3","0.5","0.05","1","80","5","8","0","0.5","10","91","300","4.0633333333333335"
"34","20","0.0025","0.29","3","0.5","0.05","1","80","5","8","0","0.5","10","55","267","4.02621722846442"
"36","20","0.0025","0.29","3","0.5","0.05","1","80","5","8","0","0.5","10","33","232","3.9698275862068964"
"35","20","0.0025","0.29","3","0.5","0.05","1","80","5","8","0","0.5","10","40","254","4.0236220472440944"
"34","20","0.0025","0.29","3","0.5","0.05","1","80","5","8","0","0.5","10","56","266","4.022556390977444"
"31","20","0.0025","0.29","3","0.5","0.05","1","80","5","8","0","0.5","10","92","298","4.053691275167785"
"35","20","0.0025","0.29","3","0.5","0.05","1","80","5","8","0","0.5","10","41","253","4.019762845849803"
"32","20","0.0025","0.29","3","0.5","0.05","1","80","5","8","0","0.5","10","76","302","4.039735099337748"
"34","20","0.0025","0.29","3","0.5","0.05","1","80","5","8","0","0.5","10","57","266","4.026315789473684"
"35","20","0.0025","0.29","3","0.5","0.05","1","80","5","8","0","0.5","10","42","252","4.011904761904762"
"31","20","0.0025","0.29","3","0.5","0.05","1","80","5","8","0","0.5","10","93","294","4.061224489795919"
"36","20","0.0025","0.29","3","0.5","0.05","1","80","5","8","0","0.5","10","34","231","3.9696969696969697"
"32","20","0.0025","0.29","3","0.5","0.05","1","80","5","8","0","0.5","10","77","301","4.046511627906977"
"36","20","0.0025","0.29","3","0.5","0.05","1","80","5","8","0","0.5","10","35","231","3.9696969696969697"
"33","20","0.0025","0.29","3","0.5","0.05","1","80","5","8","0","0.5","10","67","278","4.075539568345324"
"32","20","0.0025","0.29","3","0.5","0.05","1","80","5","8","0","0.5","10","78","300","4.046666666666667"
"36","20","0.0025","0.29","3","0.5","0.05","1","80","5","8","0","0.5","10","36","230","3.9695652173913043"
"33","20","0.0025","0.29","3","0.5","0.05","1","80","5","8","0","0.5","10","68","276","4.072463768115942"
"34","20","0.0025","0.29","3","0.5","0.05","1","80","5","8","0","0.5","10","58","264","4.026515151515151"
"35","20","0.0025","0.29","3","0.5","0.05","1","80","5","8","0","0.5","10","43","252","4.01984126984127"
"33","20","0.0025","0.29","3","0.5","0.05","1","80","5","8","0","0.5","10","69","276","4.076086956521739"
"34","20","0.0025","0.29","3","0.5","0.05","1","80","5","8","0","0.5","10","59","264","4.037878787878788"
"35","20","0.0025","0.29","3","0.5","0.05","1","80","5","8","0","0.5","10","44","251","4.01593625498008"
"34","20","0.0025","0.29","3","0.5","0.05","1","80","5","8","0","0.5","10","60","262","4.038167938931298"
"35","20","0.0025","0.29","3","0.5","0.05","1","80","5","8","0","0.5","10","45","251","4.0199203187251"
"31","20","0.0025","0.29","3","0.5","0.05","1","80","5","8","0","0.5","10","94","294","4.061224489795919"
"32","20","0.0025","0.29","3","0.5","0.05","1","80","5","8","0","0.5","10","79","297","4.047138047138047"
"36","20","0.0025","0.29","3","0.5","0.05","1","80","5","8","0","0.5","10","37","244","3.7418032786885247"
"31","20","0.0025","0.29","3","0.5","0.05","1","80","5","8","0","0.5","10","95","293","4.0580204778157"
"32","20","0.0025","0.29","3","0.5","0.05","1","80","5","8","0","0.5","10","80","297","4.047138047138047"
"36","20","0.0025","0.29","3","0.5","0.05","1","80","5","8","0","0.5","10","38","244","3.9836065573770494"
"33","20","0.0025","0.29","3","0.5","0.05","1","80","5","8","0","0.5","10","70","276","4.072463768115942"
"31","20","0.0025","0.29","3","0.5","0.05","1","80","5","8","0","0.5","10","96","293","4.061433447098976"
"33","20","0.0025","0.29","3","0.5","0.05","1","80","5","8","0","0.5","10","71","276","4.076086956521739"
"36","20","0.0025","0.29","3","0.5","0.05","1","80","5","8","0","0.5","10","39","243","3.983539094650206"
"32","20","0.0025","0.29","3","0.5","0.05","1","80","5","8","0","0.5","10","81","296","4.047297297297297"
"35","20","0.0025","0.29","3","0.5","0.05","1","80","5","8","0","0.5","10","46","251","4.01593625498008"
"33","20","0.0025","0.29","3","0.5","0.05","1","80","5","8","0","0.5","10","72","276","4.065217391304348"
"35","20","0.0025","0.29","3","0.5","0.05","1","80","5","8","0","0.5","10","47","250","4.02"
"35","20","0.0025","0.29","3","0.5","0.05","1","80","5","8","0","0.5","10","48","249","4.016064257028113"
"36","20","0.0025","0.29","3","0.5","0.05","1","80","5","8","0","0.5","10","40","243","3.983539094650206"
"34","20","0.0025","0.29","3","0.5","0.05","1","80","5","8","0","0.5","10","61","288","3.673611111111111"
"36","20","0.0025","0.29","3","0.5","0.05","1","80","5","8","0","0.5","10","41","241","3.983402489626556"
"34","20","0.0025","0.29","3","0.5","0.05","1","80","5","8","0","0.5","10","62","286","4.0524475524475525"
"36","20","0.0025","0.29","3","0.5","0.05","1","80","5","8","0","0.5","10","42","240","3.9833333333333334"
"32","20","0.0025","0.29","3","0.5","0.05","1","80","5","8","0","0.5","10","82","296","4.047297297297297"
"34","20","0.0025","0.29","3","0.5","0.05","1","80","5","8","0","0.5","10","63","286","4.0524475524475525"
"32","20","0.0025","0.29","3","0.5","0.05","1","80","5","8","0","0.5","10","83","294","4.0476190476190474"
"31","20","0.0025","0.29","3","0.5","0.05","1","80","5","8","0","0.5","10","97","300","3.9366666666666665"
"33","20","0.0025","0.29","3","0.5","0.05","1","80","5","8","0","0.5","10","73","292","3.8321917808219177"
"35","20","0.0025","0.29","3","0.5","0.05","1","80","5","8","0","0.5","10","49","271","3.6937269372693726"
"32","20","0.0025","0.29","3","0.5","0.05","1","80","5","8","0","0.5","10","84","292","4.0479452054794525"
"31","20","0.0025","0.29","3","0.5","0.05","1","80","5","8","0","0.5","10","98","297","4.05050505050505"
"33","20","0.0025","0.29","3","0.5","0.05","1","80","5","8","0","0.5","10","74","292","4.058219178082192"
"35","20","0.0025","0.29","3","0.5","0.05","1","80","5","8","0","0.5","10","50","271","4.003690036900369"
"31","20","0.0025","0.29","3","0.5","0.05","1","80","5","8","0","0.5","10","99","295","4.0508474576271185"
"36","20","0.0025","0.29","3","0.5","0.05","1","80","5","8","0","0.5","10","43","239","3.98326359832636"
"33","20","0.0025","0.29","3","0.5","0.05","1","80","5","8","0","0.5","10","75","291","4.061855670103093"
"35","20","0.0025","0.29","3","0.5","0.05","1","80","5","8","0","0.5","10","51","268","4.007462686567164"
"36","20","0.0025","0.29","3","0.5","0.05","1","80","5","8","0","0.5","10","44","239","3.98326359832636"
"34","20","0.0025","0.29","3","0.5","0.05","1","80","5","8","0","0.5","10","64","284","4.042253521126761"
"36","20","0.0025","0.29","3","0.5","0.05","1","80","5","8","0","0.5","10","45","237","3.9873417721518987"
"34","20","0.0025","0.29","3","0.5","0.05","1","80","5","8","0","0.5","10","65","284","4.045774647887324"
"34","20","0.0025","0.29","3","0.5","0.05","1","80","5","8","0","0.5","10","66","283","4.03886925795053"
"35","20","0.0025","0.29","3","0.5","0.05","1","80","5","8","0","0.5","10","52","267","4.01123595505618"
"33","20","0.0025","0.29","3","0.5","0.05","1","80","5","8","0","0.5","10","76","291","4.058419243986254"
"35","20","0.0025","0.29","3","0.5","0.05","1","80","5","8","0","0.5","10","53","267","4.01123595505618"
"33","20","0.0025","0.29","3","0.5","0.05","1","80","5","8","0","0.5","10","77","289","4.055363321799308"
"31","20","0.0025","0.29","3","0.5","0.05","1","80","5","8","0","0.5","10","100","293","4.051194539249146"
"35","20","0.0025","0.29","3","0.5","0.05","1","80","5","8","0","0.5","10","54","266","4.007518796992481"
"36","20","0.0025","0.29","3","0.5","0.05","1","80","5","8","0","0.5","10","46","237","3.9915611814345993"
"31","20","0.0025","0.29","3","0.5","0.05","1","80","5","8","0","0.5","10","101","293","4.044368600682594"
"33","20","0.0025","0.29","3","0.5","0.05","1","80","5","8","0","0.5","10","78","287","4.052264808362369"
"32","20","0.0025","0.29","3","0.5","0.05","1","80","5","8","0","0.5","10","85","315","3.7523809523809524"
"36","20","0.0025","0.29","3","0.5","0.05","1","80","5","8","0","0.5","10","47","236","3.9915254237288136"
"31","20","0.0025","0.29","3","0.5","0.05","1","80","5","8","0","0.5","10","102","292","4.051369863013699"
"36","20","0.0025","0.29","3","0.5","0.05","1","80","5","8","0","0.5","10","48","235","3.991489361702128"
"32","20","0.0025","0.29","3","0.5","0.05","1","80","5","8","0","0.5","10","86","313","4.022364217252396"
"34","20","0.0025","0.29","3","0.5","0.05","1","80","5","8","0","0.5","10","67","283","4.045936395759718"
"32","20","0.0025","0.29","3","0.5","0.05","1","80","5","8","0","0.5","10","87","312","4.022435897435898"
"34","20","0.0025","0.29","3","0.5","0.05","1","80","5","8","0","0.5","10","68","281","4.039145907473309"
"35","20","0.0025","0.29","3","0.5","0.05","1","80","5","8","0","0.5","10","55","266","4.011278195488722"
"34","20","0.0025","0.29","3","0.5","0.05","1","80","5","8","0","0.5","10","69","280","4.046428571428572"
"35","20","0.0025","0.29","3","0.5","0.05","1","80","5","8","0","0.5","10","56","265","4.007547169811321"
"33","20","0.0025","0.29","3","0.5","0.05","1","80","5","8","0","0.5","10","79","286","4.0524475524475525"
"35","20","0.0025","0.29","3","0.5","0.05","1","80","5","8","0","0.5","10","57","264","4.018939393939394"
"33","20","0.0025","0.29","3","0.5","0.05","1","80","5","8","0","0.5","10","80","284","4.049295774647887"
"31","20","0.0025","0.29","3","0.5","0.05","1","80","5","8","0","0.5","10","103","292","4.054794520547945"
"33","20","0.0025","0.29","3","0.5","0.05","1","80","5","8","0","0.5","10","81","283","4.035335689045937"
"31","20","0.0025","0.29","3","0.5","0.05","1","80","5","8","0","0.5","10","104","292","4.065068493150685"
"36","20","0.0025","0.29","3","0.5","0.05","1","80","5","8","0","0.5","10","49","253","3.707509881422925"
"31","20","0.0025","0.29","3","0.5","0.05","1","80","5","8","0","0.5","10","105","292","4.061643835616438"
"36","20","0.0025","0.29","3","0.5","0.05","1","80","5","8","0","0.5","10","50","253","3.984189723320158"
"32","20","0.0025","0.29","3","0.5","0.05","1","80","5","8","0","0.5","10","88","312","4.0256410256410255"
"36","20","0.0025","0.29","3","0.5","0.05","1","80","5","8","0","0.5","10","51","253","3.9762845849802373"
"35","20","0.0025","0.29","3","0.5","0.05","1","80","5","8","0","0.5","10","58","264","4.0227272727272725"
"34","20","0.0025","0.29","3","0.5","0.05","1","80","5","8","0","0.5","10","70","278","4.039568345323741"
"32","20","0.0025","0.29","3","0.5","0.05","1","80","5","8","0","0.5","10","89","312","4.022435897435898"
"35","20","0.0025","0.29","3","0.5","0.05","1","80","5","8","0","0.5","10","59","263","4.022813688212928"
"34","20","0.0025","0.29","3","0.5","0.05","1","80","5","8","0","0.5","10","71","277","4.046931407942238"
"32","20","0.0025","0.29","3","0.5","0.05","1","80","5","8","0","0.5","10","90","311","4.02572347266881"
"34","20","0.0025","0.29","3","0.5","0.05","1","80","5","8","0","0.5","10","72","275","4.036363636363636"
"35","20","0.0025","0.29","3","0.5","0.05","1","80","5","8","0","0.5","10","60","261","4.022988505747127"
"31","20","0.0025","0.29","3","0.5","0.05","1","80","5","8","0","0.5","10","106","290","4.06551724137931"
"33","20","0.0025","0.29","3","0.5","0.05","1","80","5","8","0","0.5","10","82","281","4.039145907473309"
"31","20","0.0025","0.29","3","0.5","0.05","1","80","5","8","0","0.5","10","107","288","4.0625"
"36","20","0.0025","0.29","3","0.5","0.05","1","80","5","8","0","0.5","10","52","252","3.9642857142857144"
"33","20","0.0025","0.29","3","0.5","0.05","1","80","5","8","0","0.5","10","83","280","4.039285714285715"
"31","20","0.0025","0.29","3","0.5","0.05","1","80","5","8","0","0.5","10","108","286","4.062937062937063"
"36","20","0.0025","0.29","3","0.5","0.05","1","80","5","8","0","0.5","10","53","251","3.9721115537848606"
"33","20","0.0025","0.29","3","0.5","0.05","1","80","5","8","0","0.5","10","84","280","4.039285714285715"
"36","20","0.0025","0.29","3","0.5","0.05","1","80","5","8","0","0.5","10","54","250","3.964"
"32","20","0.0025","0.29","3","0.5","0.05","1","80","5","8","0","0.5","10","91","309","4.022653721682848"
"32","20","0.0025","0.29","3","0.5","0.05","1","80","5","8","0","0.5","10","92","307","4.026058631921824"
"35","20","0.0025","0.29","3","0.5","0.05","1","80","5","8","0","0.5","10","61","277","3.7906137184115525"
"32","20","0.0025","0.29","3","0.5","0.05","1","80","5","8","0","0.5","10","93","305","4.022950819672131"
"34","20","0.0025","0.29","3","0.5","0.05","1","80","5","8","0","0.5","10","73","288","3.8055555555555554"
"35","20","0.0025","0.29","3","0.5","0.05","1","80","5","8","0","0.5","10","62","276","4.043478260869565"
"36","20","0.0025","0.29","3","0.5","0.05","1","80","5","8","0","0.5","10","55","249","3.959839357429719"
"34","20","0.0025","0.29","3","0.5","0.05","1","80","5","8","0","0.5","10","74","287","4.076655052264808"
"35","20","0.0025","0.29","3","0.5","0.05","1","80","5","8","0","0.5","10","63","276","4.043478260869565"
"36","20","0.0025","0.29","3","0.5","0.05","1","80","5","8","0","0.5","10","56","248","3.9596774193548385"
"34","20","0.0025","0.29","3","0.5","0.05","1","80","5","8","0","0.5","10","75","284","4.063380281690141"
"33","20","0.0025","0.29","3","0.5","0.05","1","80","5","8","0","0.5","10","85","310","3.6483870967741936"
"36","20","0.0025","0.29","3","0.5","0.05","1","80","5","8","0","0.5","10","57","248","3.9596774193548385"
"31","20","0.0025","0.29","3","0.5","0.05","1","80","5","8","0","0.5","10","109","293","3.9180887372013653"
"33","20","0.0025","0.29","3","0.5","0.05","1","80","5","8","0","0.5","10","86","309","4.009708737864078"
"31","20","0.0025","0.29","3","0.5","0.05","1","80","5","8","0","0.5","10","110","292","4.065068493150685"
"33","20","0.0025","0.29","3","0.5","0.05","1","80","5","8","0","0.5","10","87","305","4"
"32","20","0.0025","0.29","3","0.5","0.05","1","80","5","8","0","0.5","10","94","305","4.026229508196721"
"35","20","0.0025","0.29","3","0.5","0.05","1","80","5","8","0","0.5","10","64","273","4.0476190476190474"
"31","20","0.0025","0.29","3","0.5","0.05","1","80","5","8","0","0.5","10","111","292","4.058219178082192"
"35","20","0.0025","0.29","3","0.5","0.05","1","80","5","8","0","0.5","10","65","272","4.055147058823529"
"36","20","0.0025","0.29","3","0.5","0.05","1","80","5","8","0","0.5","10","58","246","3.959349593495935"
"32","20","0.0025","0.29","3","0.5","0.05","1","80","5","8","0","0.5","10","95","305","4.022950819672131"
"36","20","0.0025","0.29","3","0.5","0.05","1","80","5","8","0","0.5","10","59","243","3.9588477366255144"
"35","20","0.0025","0.29","3","0.5","0.05","1","80","5","8","0","0.5","10","66","269","4.048327137546468"
"32","20","0.0025","0.29","3","0.5","0.05","1","80","5","8","0","0.5","10","96","302","4.033112582781457"
"34","20","0.0025","0.29","3","0.5","0.05","1","80","5","8","0","0.5","10","76","284","4.059859154929577"
"36","20","0.0025","0.29","3","0.5","0.05","1","80","5","8","0","0.5","10","60","241","3.95850622406639"
"34","20","0.0025","0.29","3","0.5","0.05","1","80","5","8","0","0.5","10","77","284","4.063380281690141"
"31","20","0.0025","0.29","3","0.5","0.05","1","80","5","8","0","0.5","10","112","290","4.06551724137931"
"34","20","0.0025","0.29","3","0.5","0.05","1","80","5","8","0","0.5","10","78","284","4.059859154929577"
"31","20","0.0025","0.29","3","0.5","0.05","1","80","5","8","0","0.5","10","113","286","4.055944055944056"
"31","20","0.0025","0.29","3","0.5","0.05","1","80","5","8","0","0.5","10","114","283","4.060070671378092"
"33","20","0.0025","0.29","3","0.5","0.05","1","80","5","8","0","0.5","10","88","305","4.0131147540983605"
"33","20","0.0025","0.29","3","0.5","0.05","1","80","5","8","0","0.5","10","89","305","4.019672131147541"
"35","20","0.0025","0.29","3","0.5","0.05","1","80","5","8","0","0.5","10","67","269","4.052044609665428"
"33","20","0.0025","0.29","3","0.5","0.05","1","80","5","8","0","0.5","10","90","303","4.023102310231023"
"35","20","0.0025","0.29","3","0.5","0.05","1","80","5","8","0","0.5","10","68","268","4.048507462686567"
"36","20","0.0025","0.29","3","0.5","0.05","1","80","5","8","0","0.5","10","61","251","3.800796812749004"
"34","20","0.0025","0.29","3","0.5","0.05","1","80","5","8","0","0.5","10","79","283","4.067137809187279"
"35","20","0.0025","0.29","3","0.5","0.05","1","80","5","8","0","0.5","10","69","266","4.052631578947368"
"36","20","0.0025","0.29","3","0.5","0.05","1","80","5","8","0","0.5","10","62","250","3.92"
"32","20","0.0025","0.29","3","0.5","0.05","1","80","5","8","0","0.5","10","97","308","3.9318181818181817"
"34","20","0.0025","0.29","3","0.5","0.05","1","80","5","8","0","0.5","10","80","282","4.067375886524823"
"36","20","0.0025","0.29","3","0.5","0.05","1","80","5","8","0","0.5","10","63","249","3.923694779116466"
"32","20","0.0025","0.29","3","0.5","0.05","1","80","5","8","0","0.5","10","98","305","4.032786885245901"
"34","20","0.0025","0.29","3","0.5","0.05","1","80","5","8","0","0.5","10","81","280","4.060714285714286"
"32","20","0.0025","0.29","3","0.5","0.05","1","80","5","8","0","0.5","10","99","305","4.039344262295082"
"31","20","0.0025","0.29","3","0.5","0.05","1","80","5","8","0","0.5","10","115","283","4.056537102473499"
"36","20","0.0025","0.29","3","0.5","0.05","1","80","5","8","0","0.5","10","64","249","3.923694779116466"
"33","20","0.0025","0.29","3","0.5","0.05","1","80","5","8","0","0.5","10","91","303","4.01980198019802"
"31","20","0.0025","0.29","3","0.5","0.05","1","80","5","8","0","0.5","10","116","282","4.056737588652482"
"35","20","0.0025","0.29","3","0.5","0.05","1","80","5","8","0","0.5","10","70","264","4.049242424242424"
"36","20","0.0025","0.29","3","0.5","0.05","1","80","5","8","0","0.5","10","65","248","3.9274193548387095"
"33","20","0.0025","0.29","3","0.5","0.05","1","80","5","8","0","0.5","10","92","303","4.01980198019802"
"36","20","0.0025","0.29","3","0.5","0.05","1","80","5","8","0","0.5","10","66","246","3.926829268292683"
"31","20","0.0025","0.29","3","0.5","0.05","1","80","5","8","0","0.5","10","117","281","4.056939501779359"
"35","20","0.0025","0.29","3","0.5","0.05","1","80","5","8","0","0.5","10","71","261","4.053639846743295"
"33","20","0.0025","0.29","3","0.5","0.05","1","80","5","8","0","0.5","10","93","303","4.01980198019802"
"35","20","0.0025","0.29","3","0.5","0.05","1","80","5","8","0","0.5","10","72","260","4.05"
"34","20","0.0025","0.29","3","0.5","0.05","1","80","5","8","0","0.5","10","82","277","4.054151624548736"
"32","20","0.0025","0.29","3","0.5","0.05","1","80","5","8","0","0.5","10","100","305","4.036065573770492"
"34","20","0.0025","0.29","3","0.5","0.05","1","80","5","8","0","0.5","10","83","276","4.050724637681159"
"32","20","0.0025","0.29","3","0.5","0.05","1","80","5","8","0","0.5","10","101","303","4.036303630363037"
"36","20","0.0025","0.29","3","0.5","0.05","1","80","5","8","0","0.5","10","67","244","3.9262295081967213"
"34","20","0.0025","0.29","3","0.5","0.05","1","80","5","8","0","0.5","10","84","273","4.0476190476190474"
"32","20","0.0025","0.29","3","0.5","0.05","1","80","5","8","0","0.5","10","102","302","4.0364238410596025"
"36","20","0.0025","0.29","3","0.5","0.05","1","80","5","8","0","0.5","10","68","243","3.925925925925926"
"31","20","0.0025","0.29","3","0.5","0.05","1","80","5","8","0","0.5","10","118","280","4.057142857142857"
"33","20","0.0025","0.29","3","0.5","0.05","1","80","5","8","0","0.5","10","94","303","4.01980198019802"
"36","20","0.0025","0.29","3","0.5","0.05","1","80","5","8","0","0.5","10","69","242","3.925619834710744"
"31","20","0.0025","0.29","3","0.5","0.05","1","80","5","8","0","0.5","10","119","277","4.0577617328519855"
"33","20","0.0025","0.29","3","0.5","0.05","1","80","5","8","0","0.5","10","95","303","4.01980198019802"
"31","20","0.0025","0.29","3","0.5","0.05","1","80","5","8","0","0.5","10","120","277","4.0577617328519855"
"33","20","0.0025","0.29","3","0.5","0.05","1","80","5","8","0","0.5","10","96","301","4.019933554817276"
"35","20","0.0025","0.29","3","0.5","0.05","1","80","5","8","0","0.5","10","73","280","3.75"
"36","20","0.0025","0.29","3","0.5","0.05","1","80","5","8","0","0.5","10","70","242","3.925619834710744"
"35","20","0.0025","0.29","3","0.5","0.05","1","80","5","8","0","0.5","10","74","278","4.089928057553957"
"32","20","0.0025","0.29","3","0.5","0.05","1","80","5","8","0","0.5","10","103","300","4.036666666666667"
"35","20","0.0025","0.29","3","0.5","0.05","1","80","5","8","0","0.5","10","75","278","4.089928057553957"
"32","20","0.0025","0.29","3","0.5","0.05","1","80","5","8","0","0.5","10","104","299","4.036789297658863"
"36","20","0.0025","0.29","3","0.5","0.05","1","80","5","8","0","0.5","10","71","241","3.929460580912863"
"36","20","0.0025","0.29","3","0.5","0.05","1","80","5","8","0","0.5","10","72","241","3.933609958506224"
"32","20","0.0025","0.29","3","0.5","0.05","1","80","5","8","0","0.5","10","105","297","4.037037037037037"
"34","20","0.0025","0.29","3","0.5","0.05","1","80","5","8","0","0.5","10","85","288","3.8020833333333335"
"37","20","0.0025","0.29","3","0.5","0.05","1","80","5","8","0","0.5","10","0","244","4"
"34","20","0.0025","0.29","3","0.5","0.05","1","80","5","8","0","0.5","10","86","288","4.038194444444445"
"34","20","0.0025","0.29","3","0.5","0.05","1","80","5","8","0","0.5","10","87","285","4.03859649122807"
"35","20","0.0025","0.29","3","0.5","0.05","1","80","5","8","0","0.5","10","76","276","4.086956521739131"
"35","20","0.0025","0.29","3","0.5","0.05","1","80","5","8","0","0.5","10","77","273","4.091575091575091"
"33","20","0.0025","0.29","3","0.5","0.05","1","80","5","8","0","0.5","10","97","315","3.7904761904761903"
"35","20","0.0025","0.29","3","0.5","0.05","1","80","5","8","0","0.5","10","78","272","4.091911764705882"
"33","20","0.0025","0.29","3","0.5","0.05","1","80","5","8","0","0.5","10","98","315","4.034920634920635"
"37","20","0.0025","0.29","3","0.5","0.05","1","80","5","8","0","0.5","10","1","243","4.012345679012346"
"32","20","0.0025","0.29","3","0.5","0.05","1","80","5","8","0","0.5","10","106","296","4.037162162162162"
"36","20","0.0025","0.29","3","0.5","0.05","1","80","5","8","0","0.5","10","73","272","3.485294117647059"
"33","20","0.0025","0.29","3","0.5","0.05","1","80","5","8","0","0.5","10","99","315","4.025396825396825"
"37","20","0.0025","0.29","3","0.5","0.05","1","80","5","8","0","0.5","10","2","243","4.012345679012346"
"36","20","0.0025","0.29","3","0.5","0.05","1","80","5","8","0","0.5","10","74","271","3.952029520295203"
"32","20","0.0025","0.29","3","0.5","0.05","1","80","5","8","0","0.5","10","107","294","4.040816326530612"
"34","20","0.0025","0.29","3","0.5","0.05","1","80","5","8","0","0.5","10","88","285","4.045614035087719"
"37","20","0.0025","0.29","3","0.5","0.05","1","80","5","8","0","0.5","10","3","242","4.0041322314049586"
"36","20","0.0025","0.29","3","0.5","0.05","1","80","5","8","0","0.5","10","75","269","3.95910780669145"
"32","20","0.0025","0.29","3","0.5","0.05","1","80","5","8","0","0.5","10","108","294","4.04421768707483"
"34","20","0.0025","0.29","3","0.5","0.05","1","80","5","8","0","0.5","10","89","284","4.049295774647887"
"34","20","0.0025","0.29","3","0.5","0.05","1","80","5","8","0","0.5","10","90","283","4.049469964664311"
"35","20","0.0025","0.29","3","0.5","0.05","1","80","5","8","0","0.5","10","79","271","4.095940959409594"
"33","20","0.0025","0.29","3","0.5","0.05","1","80","5","8","0","0.5","10","100","313","4.0287539936102235"
"35","20","0.0025","0.29","3","0.5","0.05","1","80","5","8","0","0.5","10","80","269","4.092936802973978"
"37","20","0.0025","0.29","3","0.5","0.05","1","80","5","8","0","0.5","10","4","242","4.0041322314049586"
"35","20","0.0025","0.29","3","0.5","0.05","1","80","5","8","0","0.5","10","81","269","4.096654275092937"
"36","20","0.0025","0.29","3","0.5","0.05","1","80","5","8","0","0.5","10","76","268","3.966417910447761"
"37","20","0.0025","0.29","3","0.5","0.05","1","80","5","8","0","0.5","10","5","242","4.0041322314049586"
"33","20","0.0025","0.29","3","0.5","0.05","1","80","5","8","0","0.5","10","101","312","4.028846153846154"
"34","20","0.0025","0.29","3","0.5","0.05","1","80","5","8","0","0.5","10","91","283","4.053003533568905"
"37","20","0.0025","0.29","3","0.5","0.05","1","80","5","8","0","0.5","10","6","240","4.004166666666666"
"33","20","0.0025","0.29","3","0.5","0.05","1","80","5","8","0","0.5","10","102","310","4.025806451612903"
"36","20","0.0025","0.29","3","0.5","0.05","1","80","5","8","0","0.5","10","77","266","3.969924812030075"
"34","20","0.0025","0.29","3","0.5","0.05","1","80","5","8","0","0.5","10","92","281","4.049822064056939"
"36","20","0.0025","0.29","3","0.5","0.05","1","80","5","8","0","0.5","10","78","265","3.969811320754717"
"34","20","0.0025","0.29","3","0.5","0.05","1","80","5","8","0","0.5","10","93","281","4.056939501779359"
"32","20","0.0025","0.29","3","0.5","0.05","1","80","5","8","0","0.5","10","109","307","3.8469055374592833"
"32","20","0.0025","0.29","3","0.5","0.05","1","80","5","8","0","0.5","10","110","304","4.0230263157894735"
"35","20","0.0025","0.29","3","0.5","0.05","1","80","5","8","0","0.5","10","82","267","4.093632958801498"
"37","20","0.0025","0.29","3","0.5","0.05","1","80","5","8","0","0.5","10","7","239","4.00418410041841"
"32","20","0.0025","0.29","3","0.5","0.05","1","80","5","8","0","0.5","10","111","303","4.033003300330033"
"37","20","0.0025","0.29","3","0.5","0.05","1","80","5","8","0","0.5","10","8","237","4.0042194092827"
"35","20","0.0025","0.29","3","0.5","0.05","1","80","5","8","0","0.5","10","83","266","4.097744360902255"
"37","20","0.0025","0.29","3","0.5","0.05","1","80","5","8","0","0.5","10","9","235","4.004255319148936"
"34","20","0.0025","0.29","3","0.5","0.05","1","80","5","8","0","0.5","10","94","278","4.0503597122302155"
"36","20","0.0025","0.29","3","0.5","0.05","1","80","5","8","0","0.5","10","79","265","3.969811320754717"
"35","20","0.0025","0.29","3","0.5","0.05","1","80","5","8","0","0.5","10","84","265","4.09433962264151"
"33","20","0.0025","0.29","3","0.5","0.05","1","80","5","8","0","0.5","10","103","309","4.02588996763754"
"34","20","0.0025","0.29","3","0.5","0.05","1","80","5","8","0","0.5","10","95","277","4.050541516245487"
"36","20","0.0025","0.29","3","0.5","0.05","1","80","5","8","0","0.5","10","80","265","3.969811320754717"
"33","20","0.0025","0.29","3","0.5","0.05","1","80","5","8","0","0.5","10","104","308","4.01948051948052"
"34","20","0.0025","0.29","3","0.5","0.05","1","80","5","8","0","0.5","10","96","275","4.050909090909091"
"36","20","0.0025","0.29","3","0.5","0.05","1","80","5","8","0","0.5","10","81","265","3.969811320754717"
"33","20","0.0025","0.29","3","0.5","0.05","1","80","5","8","0","0.5","10","105","307","4.022801302931596"
"32","20","0.0025","0.29","3","0.5","0.05","1","80","5","8","0","0.5","10","112","301","4.033222591362127"
"37","20","0.0025","0.29","3","0.5","0.05","1","80","5","8","0","0.5","10","10","234","4.004273504273504"
"32","20","0.0025","0.29","3","0.5","0.05","1","80","5","8","0","0.5","10","113","300","4.033333333333333"
"37","20","0.0025","0.29","3","0.5","0.05","1","80","5","8","0","0.5","10","11","232","4"
"37","20","0.0025","0.29","3","0.5","0.05","1","80","5","8","0","0.5","10","12","230","4"
"32","20","0.0025","0.29","3","0.5","0.05","1","80","5","8","0","0.5","10","114","299","4.033444816053512"
"36","20","0.0025","0.29","3","0.5","0.05","1","80","5","8","0","0.5","10","82","263","3.96958174904943"
"35","20","0.0025","0.29","3","0.5","0.05","1","80","5","8","0","0.5","10","85","274","3.948905109489051"
"36","20","0.0025","0.29","3","0.5","0.05","1","80","5","8","0","0.5","10","83","261","3.9693486590038316"
"35","20","0.0025","0.29","3","0.5","0.05","1","80","5","8","0","0.5","10","86","273","4.102564102564102"
"36","20","0.0025","0.29","3","0.5","0.05","1","80","5","8","0","0.5","10","84","261","3.9693486590038316"
"35","20","0.0025","0.29","3","0.5","0.05","1","80","5","8","0","0.5","10","87","271","4.1033210332103325"
"33","20","0.0025","0.29","3","0.5","0.05","1","80","5","8","0","0.5","10","106","305","4.0131147540983605"
"34","20","0.0025","0.29","3","0.5","0.05","1","80","5","8","0","0.5","10","97","284","3.8661971830985915"
"33","20","0.0025","0.29","3","0.5","0.05","1","80","5","8","0","0.5","10","107","305","4.00983606557377"
"32","20","0.0025","0.29","3","0.5","0.05","1","80","5","8","0","0.5","10","115","297","4.033670033670034"
"34","20","0.0025","0.29","3","0.5","0.05","1","80","5","8","0","0.5","10","98","283","4.095406360424028"
"33","20","0.0025","0.29","3","0.5","0.05","1","80","5","8","0","0.5","10","108","305","4.00655737704918"
"37","20","0.0025","0.29","3","0.5","0.05","1","80","5","8","0","0.5","10","13","249","3.6947791164658637"
"34","20","0.0025","0.29","3","0.5","0.05","1","80","5","8","0","0.5","10","99","283","4.091872791519434"
"32","20","0.0025","0.29","3","0.5","0.05","1","80","5","8","0","0.5","10","116","296","4.033783783783784"
"37","20","0.0025","0.29","3","0.5","0.05","1","80","5","8","0","0.5","10","14","249","4.008032128514056"
"35","20","0.0025","0.29","3","0.5","0.05","1","80","5","8","0","0.5","10","88","271","4.092250922509225"
"32","20","0.0025","0.29","3","0.5","0.05","1","80","5","8","0","0.5","10","117","294","4.030612244897959"
"37","20","0.0025","0.29","3","0.5","0.05","1","80","5","8","0","0.5","10","15","249","4.004016064257028"
"35","20","0.0025","0.29","3","0.5","0.05","1","80","5","8","0","0.5","10","89","271","4.095940959409594"
"36","20","0.0025","0.29","3","0.5","0.05","1","80","5","8","0","0.5","10","85","285","3.624561403508772"
"35","20","0.0025","0.29","3","0.5","0.05","1","80","5","8","0","0.5","10","90","270","4.0962962962962965"
"36","20","0.0025","0.29","3","0.5","0.05","1","80","5","8","0","0.5","10","86","283","3.9717314487632507"
"37","20","0.0025","0.29","3","0.5","0.05","1","80","5","8","0","0.5","10","16","248","4.004032258064516"
"34","20","0.0025","0.29","3","0.5","0.05","1","80","5","8","0","0.5","10","100","281","4.092526690391459"
"36","20","0.0025","0.29","3","0.5","0.05","1","80","5","8","0","0.5","10","87","282","3.9858156028368796"
"37","20","0.0025","0.29","3","0.5","0.05","1","80","5","8","0","0.5","10","17","247","4.004048582995951"
"34","20","0.0025","0.29","3","0.5","0.05","1","80","5","8","0","0.5","10","101","280","4.0928571428571425"
"37","20","0.0025","0.29","3","0.5","0.05","1","80","5","8","0","0.5","10","18","244","4.004098360655738"
"34","20","0.0025","0.29","3","0.5","0.05","1","80","5","8","0","0.5","10","102","278","4.093525179856115"
"33","20","0.0025","0.29","3","0.5","0.05","1","80","5","8","0","0.5","10","109","313","3.8945686900958467"
"32","20","0.0025","0.29","3","0.5","0.05","1","80","5","8","0","0.5","10","118","291","4.034364261168385"
"35","20","0.0025","0.29","3","0.5","0.05","1","80","5","8","0","0.5","10","91","269","4.096654275092937"
"35","20","0.0025","0.29","3","0.5","0.05","1","80","5","8","0","0.5","10","92","268","4.093283582089552"
"33","20","0.0025","0.29","3","0.5","0.05","1","80","5","8","0","0.5","10","110","313","4.0095846645367414"
"32","20","0.0025","0.29","3","0.5","0.05","1","80","5","8","0","0.5","10","119","291","4.037800687285223"
"35","20","0.0025","0.29","3","0.5","0.05","1","80","5","8","0","0.5","10","93","268","4.097014925373134"
"33","20","0.0025","0.29","3","0.5","0.05","1","80","5","8","0","0.5","10","111","312","4.022435897435898"
"32","20","0.0025","0.29","3","0.5","0.05","1","80","5","8","0","0.5","10","120","290","4.037931034482758"
"36","20","0.0025","0.29","3","0.5","0.05","1","80","5","8","0","0.5","10","88","282","3.9858156028368796"
"37","20","0.0025","0.29","3","0.5","0.05","1","80","5","8","0","0.5","10","19","243","4.004115226337449"
"36","20","0.0025","0.29","3","0.5","0.05","1","80","5","8","0","0.5","10","89","282","3.9858156028368796"
"37","20","0.0025","0.29","3","0.5","0.05","1","80","5","8","0","0.5","10","20","243","4.004115226337449"
"34","20","0.0025","0.29","3","0.5","0.05","1","80","5","8","0","0.5","10","103","276","4.094202898550725"
"37","20","0.0025","0.29","3","0.5","0.05","1","80","5","8","0","0.5","10","21","240","4.004166666666666"
"36","20","0.0025","0.29","3","0.5","0.05","1","80","5","8","0","0.5","10","90","279","3.985663082437276"
"34","20","0.0025","0.29","3","0.5","0.05","1","80","5","8","0","0.5","10","104","272","4.095588235294118"
"35","20","0.0025","0.29","3","0.5","0.05","1","80","5","8","0","0.5","10","94","267","4.097378277153558"
"34","20","0.0025","0.29","3","0.5","0.05","1","80","5","8","0","0.5","10","105","272","4.095588235294118"
"33","20","0.0025","0.29","3","0.5","0.05","1","80","5","8","0","0.5","10","112","311","4.019292604501608"
"35","20","0.0025","0.29","3","0.5","0.05","1","80","5","8","0","0.5","10","95","266","4.090225563909774"
"35","20","0.0025","0.29","3","0.5","0.05","1","80","5","8","0","0.5","10","96","266","4.097744360902255"
"33","20","0.0025","0.29","3","0.5","0.05","1","80","5","8","0","0.5","10","113","311","4.022508038585209"
"37","20","0.0025","0.29","3","0.5","0.05","1","80","5","8","0","0.5","10","22","238","4.004201680672269"
"36","20","0.0025","0.29","3","0.5","0.05","1","80","5","8","0","0.5","10","91","277","3.9855595667870034"
"33","20","0.0025","0.29","3","0.5","0.05","1","80","5","8","0","0.5","10","114","310","4.019354838709678"
"38","20","0.0025","0.29","3","0.5","0.05","1","80","5","8","0","0.5","10","0","251","4.00796812749004"
"37","20","0.0025","0.29","3","0.5","0.05","1","80","5","8","0","0.5","10","23","237","4.0042194092827"
"36","20","0.0025","0.29","3","0.5","0.05","1","80","5","8","0","0.5","10","92","276","3.9855072463768115"
"37","20","0.0025","0.29","3","0.5","0.05","1","80","5","8","0","0.5","10","24","237","4.008438818565401"
"36","20","0.0025","0.29","3","0.5","0.05","1","80","5","8","0","0.5","10","93","275","3.9854545454545454"
"34","20","0.0025","0.29","3","0.5","0.05","1","80","5","8","0","0.5","10","106","272","4.095588235294118"
"34","20","0.0025","0.29","3","0.5","0.05","1","80","5","8","0","0.5","10","107","270","4.0962962962962965"
"34","20","0.0025","0.29","3","0.5","0.05","1","80","5","8","0","0.5","10","108","270","4.0962962962962965"
"35","20","0.0025","0.29","3","0.5","0.05","1","80","5","8","0","0.5","10","97","280","3.8857142857142857"
"38","20","0.0025","0.29","3","0.5","0.05","1","80","5","8","0","0.5","10","1","251","4.083665338645418"
"33","20","0.0025","0.29","3","0.5","0.05","1","80","5","8","0","0.5","10","115","309","4.022653721682848"
"35","20","0.0025","0.29","3","0.5","0.05","1","80","5","8","0","0.5","10","98","279","4.093189964157706"
"38","20","0.0025","0.29","3","0.5","0.05","1","80","5","8","0","0.5","10","2","250","4.048"
"33","20","0.0025","0.29","3","0.5","0.05","1","80","5","8","0","0.5","10","116","308","4.016233766233766"
"35","20","0.0025","0.29","3","0.5","0.05","1","80","5","8","0","0.5","10","99","277","4.093862815884476"
"37","20","0.0025","0.29","3","0.5","0.05","1","80","5","8","0","0.5","10","25","256","3.69140625"
"38","20","0.0025","0.29","3","0.5","0.05","1","80","5","8","0","0.5","10","3","249","4.048192771084337"
"36","20","0.0025","0.29","3","0.5","0.05","1","80","5","8","0","0.5","10","94","274","3.9854014598540144"
"33","20","0.0025","0.29","3","0.5","0.05","1","80","5","8","0","0.5","10","117","308","4.0227272727272725"
"36","20","0.0025","0.29","3","0.5","0.05","1","80","5","8","0","0.5","10","95","274","3.9854014598540144"
"37","20","0.0025","0.29","3","0.5","0.05","1","80","5","8","0","0.5","10","26","256","4.05078125"
"36","20","0.0025","0.29","3","0.5","0.05","1","80","5","8","0","0.5","10","96","274","3.9854014598540144"
"37","20","0.0025","0.29","3","0.5","0.05","1","80","5","8","0","0.5","10","27","255","4.043137254901961"
"34","20","0.0025","0.29","3","0.5","0.05","1","80","5","8","0","0.5","10","109","286","3.8566433566433567"
"35","20","0.0025","0.29","3","0.5","0.05","1","80","5","8","0","0.5","10","100","277","4.101083032490974"
"35","20","0.0025","0.29","3","0.5","0.05","1","80","5","8","0","0.5","10","101","276","4.094202898550725"
"38","20","0.0025","0.29","3","0.5","0.05","1","80","5","8","0","0.5","10","4","249","4.048192771084337"
"34","20","0.0025","0.29","3","0.5","0.05","1","80","5","8","0","0.5","10","110","285","4.052631578947368"
"37","20","0.0025","0.29","3","0.5","0.05","1","80","5","8","0","0.5","10","28","254","4.043307086614173"
"35","20","0.0025","0.29","3","0.5","0.05","1","80","5","8","0","0.5","10","102","276","4.101449275362318"
"33","20","0.0025","0.29","3","0.5","0.05","1","80","5","8","0","0.5","10","118","307","4.013029315960912"
"38","20","0.0025","0.29","3","0.5","0.05","1","80","5","8","0","0.5","10","5","249","4.048192771084337"
"34","20","0.0025","0.29","3","0.5","0.05","1","80","5","8","0","0.5","10","111","285","4.0701754385964914"
"37","20","0.0025","0.29","3","0.5","0.05","1","80","5","8","0","0.5","10","29","252","4.0436507936507935"
"38","20","0.0025","0.29","3","0.5","0.05","1","80","5","8","0","0.5","10","6","249","4.048192771084337"
"33","20","0.0025","0.29","3","0.5","0.05","1","80","5","8","0","0.5","10","119","305","4.022950819672131"
"37","20","0.0025","0.29","3","0.5","0.05","1","80","5","8","0","0.5","10","30","249","4.044176706827309"
"33","20","0.0025","0.29","3","0.5","0.05","1","80","5","8","0","0.5","10","120","304","4.0230263157894735"
"36","20","0.0025","0.29","3","0.5","0.05","1","80","5","8","0","0.5","10","97","289","3.754325259515571"
"35","20","0.0025","0.29","3","0.5","0.05","1","80","5","8","0","0.5","10","103","273","4.095238095238095"
"35","20","0.0025","0.29","3","0.5","0.05","1","80","5","8","0","0.5","10","104","273","4.106227106227106"
"36","20","0.0025","0.29","3","0.5","0.05","1","80","5","8","0","0.5","10","98","287","4.003484320557491"
"38","20","0.0025","0.29","3","0.5","0.05","1","80","5","8","0","0.5","10","7","249","4.048192771084337"
"34","20","0.0025","0.29","3","0.5","0.05","1","80","5","8","0","0.5","10","112","282","4.070921985815603"
"35","20","0.0025","0.29","3","0.5","0.05","1","80","5","8","0","0.5","10","105","272","4.099264705882353"
"36","20","0.0025","0.29","3","0.5","0.05","1","80","5","8","0","0.5","10","99","285","4"
"38","20","0.0025","0.29","3","0.5","0.05","1","80","5","8","0","0.5","10","8","248","4.048387096774194"
"34","20","0.0025","0.29","3","0.5","0.05","1","80","5","8","0","0.5","10","113","282","4.085106382978723"
"37","20","0.0025","0.29","3","0.5","0.05","1","80","5","8","0","0.5","10","31","249","4.044176706827309"
"38","20","0.0025","0.29","3","0.5","0.05","1","80","5","8","0","0.5","10","9","248","4.048387096774194"
"37","20","0.0025","0.29","3","0.5","0.05","1","80","5","8","0","0.5","10","32","248","4.044354838709677"
"34","20","0.0025","0.29","3","0.5","0.05","1","80","5","8","0","0.5","10","114","280","4.078571428571428"
"37","20","0.0025","0.29","3","0.5","0.05","1","80","5","8","0","0.5","10","33","248","4.044354838709677"
"39","20","0.0025","0.29","3","0.5","0.05","1","80","5","8","0","0.5","10","0","235","3.931914893617021"
"35","20","0.0025","0.29","3","0.5","0.05","1","80","5","8","0","0.5","10","106","271","4.1033210332103325"
"36","20","0.0025","0.29","3","0.5","0.05","1","80","5","8","0","0.5","10","100","284","3.98943661971831"
"35","20","0.0025","0.29","3","0.5","0.05","1","80","5","8","0","0.5","10","107","269","4.096654275092937"
"38","20","0.0025","0.29","3","0.5","0.05","1","80","5","8","0","0.5","10","10","248","4.048387096774194"
"35","20","0.0025","0.29","3","0.5","0.05","1","80","5","8","0","0.5","10","108","268","4.108208955223881"
"36","20","0.0025","0.29","3","0.5","0.05","1","80","5","8","0","0.5","10","101","284","3.98943661971831"
"38","20","0.0025","0.29","3","0.5","0.05","1","80","5","8","0","0.5","10","11","248","4.048387096774194"
"37","20","0.0025","0.29","3","0.5","0.05","1","80","5","8","0","0.5","10","34","248","4.044354838709677"
"34","20","0.0025","0.29","3","0.5","0.05","1","80","5","8","0","0.5","10","115","280","4.082142857142857"
"38","20","0.0025","0.29","3","0.5","0.05","1","80","5","8","0","0.5","10","12","247","4.048582995951417"
"36","20","0.0025","0.29","3","0.5","0.05","1","80","5","8","0","0.5","10","102","283","3.989399293286219"
"37","20","0.0025","0.29","3","0.5","0.05","1","80","5","8","0","0.5","10","35","247","4.044534412955466"
"39","20","0.0025","0.29","3","0.5","0.05","1","80","5","8","0","0.5","10","1","235","4.008510638297873"
"34","20","0.0025","0.29","3","0.5","0.05","1","80","5","8","0","0.5","10","116","278","4.079136690647482"
"37","20","0.0025","0.29","3","0.5","0.05","1","80","5","8","0","0.5","10","36","247","4.044534412955466"
"39","20","0.0025","0.29","3","0.5","0.05","1","80","5","8","0","0.5","10","2","235","3.991489361702128"
"34","20","0.0025","0.29","3","0.5","0.05","1","80","5","8","0","0.5","10","117","278","4.086330935251799"
"39","20","0.0025","0.29","3","0.5","0.05","1","80","5","8","0","0.5","10","3","233","3.9785407725321886"
"36","20","0.0025","0.29","3","0.5","0.05","1","80","5","8","0","0.5","10","103","282","3.9893617021276597"
"35","20","0.0025","0.29","3","0.5","0.05","1","80","5","8","0","0.5","10","109","283","3.8798586572438163"
"38","20","0.0025","0.29","3","0.5","0.05","1","80","5","8","0","0.5","10","13","273","3.663003663003663"
"36","20","0.0025","0.29","3","0.5","0.05","1","80","5","8","0","0.5","10","104","280","3.9892857142857143"
"35","20","0.0025","0.29","3","0.5","0.05","1","80","5","8","0","0.5","10","110","281","4.099644128113879"
"39","20","0.0025","0.29","3","0.5","0.05","1","80","5","8","0","0.5","10","4","231","3.9740259740259742"
"38","20","0.0025","0.29","3","0.5","0.05","1","80","5","8","0","0.5","10","14","271","4.03690036900369"
"34","20","0.0025","0.29","3","0.5","0.05","1","80","5","8","0","0.5","10","118","277","4.0830324909747295"
"37","20","0.0025","0.29","3","0.5","0.05","1","80","5","8","0","0.5","10","37","266","3.755639097744361"
"36","20","0.0025","0.29","3","0.5","0.05","1","80","5","8","0","0.5","10","105","280","3.9892857142857143"
"35","20","0.0025","0.29","3","0.5","0.05","1","80","5","8","0","0.5","10","111","278","4.111510791366906"
"38","20","0.0025","0.29","3","0.5","0.05","1","80","5","8","0","0.5","10","15","269","4.033457249070632"
"39","20","0.0025","0.29","3","0.5","0.05","1","80","5","8","0","0.5","10","5","228","3.969298245614035"
"34","20","0.0025","0.29","3","0.5","0.05","1","80","5","8","0","0.5","10","119","275","4.087272727272727"
"37","20","0.0025","0.29","3","0.5","0.05","1","80","5","8","0","0.5","10","38","265","4.09811320754717"
"34","20","0.0025","0.29","3","0.5","0.05","1","80","5","8","0","0.5","10","120","275","4.083636363636364"
"39","20","0.0025","0.29","3","0.5","0.05","1","80","5","8","0","0.5","10","6","228","3.969298245614035"
"37","20","0.0025","0.29","3","0.5","0.05","1","80","5","8","0","0.5","10","39","263","4.102661596958175"
"36","20","0.0025","0.29","3","0.5","0.05","1","80","5","8","0","0.5","10","106","277","3.9891696750902526"
"38","20","0.0025","0.29","3","0.5","0.05","1","80","5","8","0","0.5","10","16","268","4.029850746268656"
"35","20","0.0025","0.29","3","0.5","0.05","1","80","5","8","0","0.5","10","112","276","4.115942028985507"
"36","20","0.0025","0.29","3","0.5","0.05","1","80","5","8","0","0.5","10","107","275","3.9890909090909092"
"38","20","0.0025","0.29","3","0.5","0.05","1","80","5","8","0","0.5","10","17","267","4.0299625468164795"
"39","20","0.0025","0.29","3","0.5","0.05","1","80","5","8","0","0.5","10","7","226","3.9690265486725664"
"37","20","0.0025","0.29","3","0.5","0.05","1","80","5","8","0","0.5","10","40","263","4.095057034220532"
"35","20","0.0025","0.29","3","0.5","0.05","1","80","5","8","0","0.5","10","113","274","4.105839416058394"
"36","20","0.0025","0.29","3","0.5","0.05","1","80","5","8","0","0.5","10","108","274","3.9854014598540144"
"38","20","0.0025","0.29","3","0.5","0.05","1","80","5","8","0","0.5","10","18","267","4.033707865168539"
"39","20","0.0025","0.29","3","0.5","0.05","1","80","5","8","0","0.5","10","8","225","3.973333333333333"
"37","20","0.0025","0.29","3","0.5","0.05","1","80","5","8","0","0.5","10","41","262","4.099236641221374"
"35","20","0.0025","0.29","3","0.5","0.05","1","80","5","8","0","0.5","10","114","274","4.113138686131387"
"40","20","0.0025","0.29","3","0.5","0.05","1","80","5","8","0","0.5","10","0","241","4.161825726141079"
"39","20","0.0025","0.29","3","0.5","0.05","1","80","5","8","0","0.5","10","9","225","3.973333333333333"
"37","20","0.0025","0.29","3","0.5","0.05","1","80","5","8","0","0.5","10","42","260","4.096153846153846"
"39","20","0.0025","0.29","3","0.5","0.05","1","80","5","8","0","0.5","10","10","225","3.973333333333333"
"38","20","0.0025","0.29","3","0.5","0.05","1","80","5","8","0","0.5","10","19","265","4.030188679245283"
"39","20","0.0025","0.29","3","0.5","0.05","1","80","5","8","0","0.5","10","11","224","3.9732142857142856"
"40","20","0.0025","0.29","3","0.5","0.05","1","80","5","8","0","0.5","10","1","241","4.037344398340249"
"35","20","0.0025","0.29","3","0.5","0.05","1","80","5","8","0","0.5","10","115","272","4.113970588235294"
"40","20","0.0025","0.29","3","0.5","0.05","1","80","5","8","0","0.5","10","2","241","4"
"39","20","0.0025","0.29","3","0.5","0.05","1","80","5","8","0","0.5","10","12","224","3.9732142857142856"
"38","20","0.0025","0.29","3","0.5","0.05","1","80","5","8","0","0.5","10","20","265","4.030188679245283"
"35","20","0.0025","0.29","3","0.5","0.05","1","80","5","8","0","0.5","10","116","272","4.1213235294117645"
"37","20","0.0025","0.29","3","0.5","0.05","1","80","5","8","0","0.5","10","43","260","4.1"
"40","20","0.0025","0.29","3","0.5","0.05","1","80","5","8","0","0.5","10","3","241","4.012448132780083"
"35","20","0.0025","0.29","3","0.5","0.05","1","80","5","8","0","0.5","10","117","270","4.118518518518519"
"38","20","0.0025","0.29","3","0.5","0.05","1","80","5","8","0","0.5","10","21","264","4.03030303030303"
"37","20","0.0025","0.29","3","0.5","0.05","1","80","5","8","0","0.5","10","44","259","4.104247104247104"
"36","20","0.0025","0.29","3","0.5","0.05","1","80","5","8","0","0.5","10","109","282","3.872340425531915"
"37","20","0.0025","0.29","3","0.5","0.05","1","80","5","8","0","0.5","10","45","258","4.104651162790698"
"36","20","0.0025","0.29","3","0.5","0.05","1","80","5","8","0","0.5","10","110","279","4"
"36","20","0.0025","0.29","3","0.5","0.05","1","80","5","8","0","0.5","10","111","279","4"
"40","20","0.0025","0.29","3","0.5","0.05","1","80","5","8","0","0.5","10","4","241","4.012448132780083"
"39","20","0.0025","0.29","3","0.5","0.05","1","80","5","8","0","0.5","10","13","242","3.628099173553719"
"39","20","0.0025","0.29","3","0.5","0.05","1","80","5","8","0","0.5","10","14","239","4"
"40","20","0.0025","0.29","3","0.5","0.05","1","80","5","8","0","0.5","10","5","241","4.012448132780083"
"38","20","0.0025","0.29","3","0.5","0.05","1","80","5","8","0","0.5","10","22","264","4.03030303030303"
"35","20","0.0025","0.29","3","0.5","0.05","1","80","5","8","0","0.5","10","118","268","4.119402985074627"
"39","20","0.0025","0.29","3","0.5","0.05","1","80","5","8","0","0.5","10","15","238","4"
"40","20","0.0025","0.29","3","0.5","0.05","1","80","5","8","0","0.5","10","6","240","4.0125"
"38","20","0.0025","0.29","3","0.5","0.05","1","80","5","8","0","0.5","10","23","263","4.026615969581749"
"37","20","0.0025","0.29","3","0.5","0.05","1","80","5","8","0","0.5","10","46","256","4.11328125"
"35","20","0.0025","0.29","3","0.5","0.05","1","80","5","8","0","0.5","10","119","268","4.119402985074627"
"38","20","0.0025","0.29","3","0.5","0.05","1","80","5","8","0","0.5","10","24","259","4.023166023166024"
"37","20","0.0025","0.29","3","0.5","0.05","1","80","5","8","0","0.5","10","47","255","4.105882352941176"
"35","20","0.0025","0.29","3","0.5","0.05","1","80","5","8","0","0.5","10","120","268","4.119402985074627"
"36","20","0.0025","0.29","3","0.5","0.05","1","80","5","8","0","0.5","10","112","278","4"
"37","20","0.0025","0.29","3","0.5","0.05","1","80","5","8","0","0.5","10","48","252","4.119047619047619"
"36","20","0.0025","0.29","3","0.5","0.05","1","80","5","8","0","0.5","10","113","278","4"
"39","20","0.0025","0.29","3","0.5","0.05","1","80","5","8","0","0.5","10","16","237","4"
"40","20","0.0025","0.29","3","0.5","0.05","1","80","5","8","0","0.5","10","7","239","4.00836820083682"
"36","20","0.0025","0.29","3","0.5","0.05","1","80","5","8","0","0.5","10","114","276","4"
"39","20","0.0025","0.29","3","0.5","0.05","1","80","5","8","0","0.5","10","17","236","4"
"40","20","0.0025","0.29","3","0.5","0.05","1","80","5","8","0","0.5","10","8","238","4.004201680672269"
"39","20","0.0025","0.29","3","0.5","0.05","1","80","5","8","0","0.5","10","18","235","4"
"40","20","0.0025","0.29","3","0.5","0.05","1","80","5","8","0","0.5","10","9","235","4.008510638297873"
"38","20","0.0025","0.29","3","0.5","0.05","1","80","5","8","0","0.5","10","25","276","3.7753623188405796"
"39","20","0.0025","0.29","3","0.5","0.05","1","80","5","8","0","0.5","10","19","234","4"
"41","50","0.0025","0.29","3","0.5","0.05","1","80","5","8","0","0.5","10","0","236","3.9661016949152543"
"36","20","0.0025","0.29","3","0.5","0.05","1","80","5","8","0","0.5","10","115","276","4"
"38","20","0.0025","0.29","3","0.5","0.05","1","80","5","8","0","0.5","10","26","275","4.014545454545455"
"39","20","0.0025","0.29","3","0.5","0.05","1","80","5","8","0","0.5","10","20","234","4"
"40","20","0.0025","0.29","3","0.5","0.05","1","80","5","8","0","0.5","10","10","234","4.0085470085470085"
"37","20","0.0025","0.29","3","0.5","0.05","1","80","5","8","0","0.5","10","49","272","3.797794117647059"
"36","20","0.0025","0.29","3","0.5","0.05","1","80","5","8","0","0.5","10","116","273","3.9963369963369964"
"39","20","0.0025","0.29","3","0.5","0.05","1","80","5","8","0","0.5","10","21","232","4"
"38","20","0.0025","0.29","3","0.5","0.05","1","80","5","8","0","0.5","10","27","275","4.014545454545455"
"40","20","0.0025","0.29","3","0.5","0.05","1","80","5","8","0","0.5","10","11","234","4.0085470085470085"
"37","20","0.0025","0.29","3","0.5","0.05","1","80","5","8","0","0.5","10","50","270","4.114814814814815"
"36","20","0.0025","0.29","3","0.5","0.05","1","80","5","8","0","0.5","10","117","272","4"
"40","20","0.0025","0.29","3","0.5","0.05","1","80","5","8","0","0.5","10","12","233","4.008583690987124"
"37","20","0.0025","0.29","3","0.5","0.05","1","80","5","8","0","0.5","10","51","270","4.118518518518519"
"41","50","0.0025","0.29","3","0.5","0.05","1","80","5","8","0","0.5","10","1","235","3.974468085106383"
"39","20","0.0025","0.29","3","0.5","0.05","1","80","5","8","0","0.5","10","22","232","4"
"38","20","0.0025","0.29","3","0.5","0.05","1","80","5","8","0","0.5","10","28","274","4.014598540145985"
"41","50","0.0025","0.29","3","0.5","0.05","1","80","5","8","0","0.5","10","2","235","4.029787234042553"
"39","20","0.0025","0.29","3","0.5","0.05","1","80","5","8","0","0.5","10","23","232","4"
"41","50","0.0025","0.29","3","0.5","0.05","1","80","5","8","0","0.5","10","3","235","4.051063829787234"
"38","20","0.0025","0.29","3","0.5","0.05","1","80","5","8","0","0.5","10","29","272","4.014705882352941"
"39","20","0.0025","0.29","3","0.5","0.05","1","80","5","8","0","0.5","10","24","230","3.9956521739130433"
"36","20","0.0025","0.29","3","0.5","0.05","1","80","5","8","0","0.5","10","118","272","4"
"37","20","0.0025","0.29","3","0.5","0.05","1","80","5","8","0","0.5","10","52","270","4.133333333333334"
"38","20","0.0025","0.29","3","0.5","0.05","1","80","5","8","0","0.5","10","30","272","4.014705882352941"
"40","20","0.0025","0.29","3","0.5","0.05","1","80","5","8","0","0.5","10","13","247","3.7327935222672064"
"36","20","0.0025","0.29","3","0.5","0.05","1","80","5","8","0","0.5","10","119","271","4"
"37","20","0.0025","0.29","3","0.5","0.05","1","80","5","8","0","0.5","10","53","269","4.133828996282528"
"40","20","0.0025","0.29","3","0.5","0.05","1","80","5","8","0","0.5","10","14","246","4.032520325203252"
"36","20","0.0025","0.29","3","0.5","0.05","1","80","5","8","0","0.5","10","120","270","4.003703703703704"
"40","20","0.0025","0.29","3","0.5","0.05","1","80","5","8","0","0.5","10","15","246","4.0528455284552845"
"37","20","0.0025","0.29","3","0.5","0.05","1","80","5","8","0","0.5","10","54","269","4.12639405204461"
"41","50","0.0025","0.29","3","0.5","0.05","1","80","5","8","0","0.5","10","4","235","4.046808510638298"
"41","50","0.0025","0.29","3","0.5","0.05","1","80","5","8","0","0.5","10","5","235","4.042553191489362"
"41","50","0.0025","0.29","3","0.5","0.05","1","80","5","8","0","0.5","10","6","234","4.051282051282051"
"39","20","0.0025","0.29","3","0.5","0.05","1","80","5","8","0","0.5","10","25","239","3.7698744769874475"
"38","20","0.0025","0.29","3","0.5","0.05","1","80","5","8","0","0.5","10","31","272","4.014705882352941"
"39","20","0.0025","0.29","3","0.5","0.05","1","80","5","8","0","0.5","10","26","239","3.9497907949790796"
"40","20","0.0025","0.29","3","0.5","0.05","1","80","5","8","0","0.5","10","16","245","4.044897959183674"
"39","20","0.0025","0.29","3","0.5","0.05","1","80","5","8","0","0.5","10","27","239","3.9497907949790796"
"37","20","0.0025","0.29","3","0.5","0.05","1","80","5","8","0","0.5","10","55","268","4.130597014925373"
"40","20","0.0025","0.29","3","0.5","0.05","1","80","5","8","0","0.5","10","17","244","4.05327868852459"
"41","50","0.0025","0.29","3","0.5","0.05","1","80","5","8","0","0.5","10","7","232","4.038793103448276"
"41","50","0.0025","0.29","3","0.5","0.05","1","80","5","8","0","0.5","10","8","231","4.0476190476190474"
"37","20","0.0025","0.29","3","0.5","0.05","1","80","5","8","0","0.5","10","56","267","4.127340823970037"
"40","20","0.0025","0.29","3","0.5","0.05","1","80","5","8","0","0.5","10","18","243","4.045267489711934"
"42","50","0.0025","0.29","3","0.5","0.05","1","80","5","8","0","0.5","10","0","233","3.8497854077253217"
"41","50","0.0025","0.29","3","0.5","0.05","1","80","5","8","0","0.5","10","9","230","4.065217391304348"
"38","20","0.0025","0.29","3","0.5","0.05","1","80","5","8","0","0.5","10","32","271","4.014760147601476"
"37","20","0.0025","0.29","3","0.5","0.05","1","80","5","8","0","0.5","10","57","266","4.131578947368421"
"39","20","0.0025","0.29","3","0.5","0.05","1","80","5","8","0","0.5","10","28","239","3.9497907949790796"
"38","20","0.0025","0.29","3","0.5","0.05","1","80","5","8","0","0.5","10","33","270","4.014814814814815"
"39","20","0.0025","0.29","3","0.5","0.05","1","80","5","8","0","0.5","10","29","239","3.9497907949790796"
"39","20","0.0025","0.29","3","0.5","0.05","1","80","5","8","0","0.5","10","30","239","3.9497907949790796"
"41","50","0.0025","0.29","3","0.5","0.05","1","80","5","8","0","0.5","10","10","230","4.073913043478261"
"40","20","0.0025","0.29","3","0.5","0.05","1","80","5","8","0","0.5","10","19","243","4.053497942386831"
"37","20","0.0025","0.29","3","0.5","0.05","1","80","5","8","0","0.5","10","58","264","4.132575757575758"
"41","50","0.0025","0.29","3","0.5","0.05","1","80","5","8","0","0.5","10","11","229","4.074235807860262"
"40","20","0.0025","0.29","3","0.5","0.05","1","80","5","8","0","0.5","10","20","242","4.053719008264463"
"42","50","0.0025","0.29","3","0.5","0.05","1","80","5","8","0","0.5","10","1","231","4.034632034632034"
"37","20","0.0025","0.29","3","0.5","0.05","1","80","5","8","0","0.5","10","59","264","4.140151515151516"
"41","50","0.0025","0.29","3","0.5","0.05","1","80","5","8","0","0.5","10","12","228","4.074561403508772"
"40","20","0.0025","0.29","3","0.5","0.05","1","80","5","8","0","0.5","10","21","240","4.054166666666666"
"39","20","0.0025","0.29","3","0.5","0.05","1","80","5","8","0","0.5","10","31","239","3.9497907949790796"
"42","50","0.0025","0.29","3","0.5","0.05","1","80","5","8","0","0.5","10","2","230","4.034782608695652"
"38","20","0.0025","0.29","3","0.5","0.05","1","80","5","8","0","0.5","10","34","270","4.014814814814815"
"37","20","0.0025","0.29","3","0.5","0.05","1","80","5","8","0","0.5","10","60","263","4.140684410646388"
"39","20","0.0025","0.29","3","0.5","0.05","1","80","5","8","0","0.5","10","32","239","3.9497907949790796"
"42","50","0.0025","0.29","3","0.5","0.05","1","80","5","8","0","0.5","10","3","229","4.078602620087336"
"38","20","0.0025","0.29","3","0.5","0.05","1","80","5","8","0","0.5","10","35","268","4.014925373134329"
"39","20","0.0025","0.29","3","0.5","0.05","1","80","5","8","0","0.5","10","33","237","3.9535864978902953"
"38","20","0.0025","0.29","3","0.5","0.05","1","80","5","8","0","0.5","10","36","267","4.01498127340824"
"40","20","0.0025","0.29","3","0.5","0.05","1","80","5","8","0","0.5","10","22","239","4.050209205020921"
"41","50","0.0025","0.29","3","0.5","0.05","1","80","5","8","0","0.5","10","13","239","3.8870292887029287"
"40","20","0.0025","0.29","3","0.5","0.05","1","80","5","8","0","0.5","10","23","239","4.050209205020921"
"41","50","0.0025","0.29","3","0.5","0.05","1","80","5","8","0","0.5","10","14","239","4.092050209205021"
"40","20","0.0025","0.29","3","0.5","0.05","1","80","5","8","0","0.5","10","24","237","4.046413502109704"
"39","20","0.0025","0.29","3","0.5","0.05","1","80","5","8","0","0.5","10","34","236","3.9533898305084745"
"41","50","0.0025","0.29","3","0.5","0.05","1","80","5","8","0","0.5","10","15","238","4.0966386554621845"
"42","50","0.0025","0.29","3","0.5","0.05","1","80","5","8","0","0.5","10","4","228","4.0964912280701755"
"39","20","0.0025","0.29","3","0.5","0.05","1","80","5","8","0","0.5","10","35","234","3.952991452991453"
"37","20","0.0025","0.29","3","0.5","0.05","1","80","5","8","0","0.5","10","61","275","3.96"
"42","50","0.0025","0.29","3","0.5","0.05","1","80","5","8","0","0.5","10","5","228","4.092105263157895"
"39","20","0.0025","0.29","3","0.5","0.05","1","80","5","8","0","0.5","10","36","234","3.952991452991453"
"37","20","0.0025","0.29","3","0.5","0.05","1","80","5","8","0","0.5","10","62","273","4.168498168498169"
"42","50","0.0025","0.29","3","0.5","0.05","1","80","5","8","0","0.5","10","6","227","4.0881057268722465"
"41","50","0.0025","0.29","3","0.5","0.05","1","80","5","8","0","0.5","10","16","234","4.1068376068376065"
"37","20","0.0025","0.29","3","0.5","0.05","1","80","5","8","0","0.5","10","63","273","4.17948717948718"
"38","20","0.0025","0.29","3","0.5","0.05","1","80","5","8","0","0.5","10","37","275","3.8545454545454545"
"41","50","0.0025","0.29","3","0.5","0.05","1","80","5","8","0","0.5","10","17","234","4.1068376068376065"
"41","50","0.0025","0.29","3","0.5","0.05","1","80","5","8","0","0.5","10","18","233","4.1072961373390555"
"38","20","0.0025","0.29","3","0.5","0.05","1","80","5","8","0","0.5","10","38","274","4.010948905109489"
"40","20","0.0025","0.29","3","0.5","0.05","1","80","5","8","0","0.5","10","25","246","3.8780487804878048"
"38","20","0.0025","0.29","3","0.5","0.05","1","80","5","8","0","0.5","10","39","272","4.007352941176471"
"40","20","0.0025","0.29","3","0.5","0.05","1","80","5","8","0","0.5","10","26","246","4.0528455284552845"
"42","50","0.0025","0.29","3","0.5","0.05","1","80","5","8","0","0.5","10","7","224","4.075892857142857"
"40","20","0.0025","0.29","3","0.5","0.05","1","80","5","8","0","0.5","10","27","245","4.061224489795919"
"37","20","0.0025","0.29","3","0.5","0.05","1","80","5","8","0","0.5","10","64","272","4.172794117647059"
"42","50","0.0025","0.29","3","0.5","0.05","1","80","5","8","0","0.5","10","8","224","4.080357142857143"
"42","50","0.0025","0.29","3","0.5","0.05","1","80","5","8","0","0.5","10","9","223","4.076233183856503"
"39","20","0.0025","0.29","3","0.5","0.05","1","80","5","8","0","0.5","10","37","249","3.6867469879518073"
"37","20","0.0025","0.29","3","0.5","0.05","1","80","5","8","0","0.5","10","65","271","4.169741697416974"
"41","50","0.0025","0.29","3","0.5","0.05","1","80","5","8","0","0.5","10","19","231","4.108225108225108"
"39","20","0.0025","0.29","3","0.5","0.05","1","80","5","8","0","0.5","10","38","248","4.024193548387097"
"41","50","0.0025","0.29","3","0.5","0.05","1","80","5","8","0","0.5","10","20","231","4.108225108225108"
"37","20","0.0025","0.29","3","0.5","0.05","1","80","5","8","0","0.5","10","66","270","4.17037037037037"
"39","20","0.0025","0.29","3","0.5","0.05","1","80","5","8","0","0.5","10","39","248","4.024193548387097"
"41","50","0.0025","0.29","3","0.5","0.05","1","80","5","8","0","0.5","10","21","231","4.108225108225108"
"40","20","0.0025","0.29","3","0.5","0.05","1","80","5","8","0","0.5","10","28","244","4.05327868852459"
"38","20","0.0025","0.29","3","0.5","0.05","1","80","5","8","0","0.5","10","40","271","4.007380073800738"
"40","20","0.0025","0.29","3","0.5","0.05","1","80","5","8","0","0.5","10","29","243","4.061728395061729"
"38","20","0.0025","0.29","3","0.5","0.05","1","80","5","8","0","0.5","10","41","270","4.003703703703704"
"42","50","0.0025","0.29","3","0.5","0.05","1","80","5","8","0","0.5","10","10","222","4.072072072072072"
"40","20","0.0025","0.29","3","0.5","0.05","1","80","5","8","0","0.5","10","30","243","4.053497942386831"
"38","20","0.0025","0.29","3","0.5","0.05","1","80","5","8","0","0.5","10","42","270","4.003703703703704"
"42","50","0.0025","0.29","3","0.5","0.05","1","80","5","8","0","0.5","10","11","222","4.072072072072072"
"41","50","0.0025","0.29","3","0.5","0.05","1","80","5","8","0","0.5","10","22","231","4.108225108225108"
"39","20","0.0025","0.29","3","0.5","0.05","1","80","5","8","0","0.5","10","40","247","4.02834008097166"
"37","20","0.0025","0.29","3","0.5","0.05","1","80","5","8","0","0.5","10","67","270","4.166666666666667"
"42","50","0.0025","0.29","3","0.5","0.05","1","80","5","8","0","0.5","10","12","222","4.072072072072072"
"41","50","0.0025","0.29","3","0.5","0.05","1","80","5","8","0","0.5","10","23","231","4.108225108225108"
"39","20","0.0025","0.29","3","0.5","0.05","1","80","5","8","0","0.5","10","41","247","4.0242914979757085"
"41","50","0.0025","0.29","3","0.5","0.05","1","80","5","8","0","0.5","10","24","230","4.108695652173913"
"37","20","0.0025","0.29","3","0.5","0.05","1","80","5","8","0","0.5","10","68","269","4.174721189591078"
"39","20","0.0025","0.29","3","0.5","0.05","1","80","5","8","0","0.5","10","42","245","4.024489795918368"
"40","20","0.0025","0.29","3","0.5","0.05","1","80","5","8","0","0.5","10","31","242","4.0578512396694215"
"37","20","0.0025","0.29","3","0.5","0.05","1","80","5","8","0","0.5","10","69","269","4.16728624535316"
"40","20","0.0025","0.29","3","0.5","0.05","1","80","5","8","0","0.5","10","32","242","4.053719008264463"
"38","20","0.0025","0.29","3","0.5","0.05","1","80","5","8","0","0.5","10","43","270","4.003703703703704"
"40","20","0.0025","0.29","3","0.5","0.05","1","80","5","8","0","0.5","10","33","241","4.062240663900415"
"38","20","0.0025","0.29","3","0.5","0.05","1","80","5","8","0","0.5","10","44","270","4.003703703703704"
"42","50","0.0025","0.29","3","0.5","0.05","1","80","5","8","0","0.5","10","13","237","3.8143459915611815"
"38","20","0.0025","0.29","3","0.5","0.05","1","80","5","8","0","0.5","10","45","268","4.014925373134329"
"41","50","0.0025","0.29","3","0.5","0.05","1","80","5","8","0","0.5","10","25","259","3.6486486486486487"
"39","20","0.0025","0.29","3","0.5","0.05","1","80","5","8","0","0.5","10","43","244","4.024590163934426"
"42","50","0.0025","0.29","3","0.5","0.05","1","80","5","8","0","0.5","10","14","236","4.021186440677966"
"37","20","0.0025","0.29","3","0.5","0.05","1","80","5","8","0","0.5","10","70","268","4.1716417910447765"
"41","50","0.0025","0.29","3","0.5","0.05","1","80","5","8","0","0.5","10","26","255","4.105882352941176"
"37","20","0.0025","0.29","3","0.5","0.05","1","80","5","8","0","0.5","10","71","268","4.167910447761194"
"39","20","0.0025","0.29","3","0.5","0.05","1","80","5","8","0","0.5","10","44","243","4.02880658436214"
"42","50","0.0025","0.29","3","0.5","0.05","1","80","5","8","0","0.5","10","15","236","4.021186440677966"
"41","50","0.0025","0.29","3","0.5","0.05","1","80","5","8","0","0.5","10","27","254","4.110236220472441"
"39","20","0.0025","0.29","3","0.5","0.05","1","80","5","8","0","0.5","10","45","243","4.032921810699588"
"37","20","0.0025","0.29","3","0.5","0.05","1","80","5","8","0","0.5","10","72","267","4.1722846441947565"
"40","20","0.0025","0.29","3","0.5","0.05","1","80","5","8","0","0.5","10","34","240","4.058333333333334"
"38","20","0.0025","0.29","3","0.5","0.05","1","80","5","8","0","0.5","10","46","265","4.022641509433963"
"40","20","0.0025","0.29","3","0.5","0.05","1","80","5","8","0","0.5","10","35","240","4.058333333333334"
"42","50","0.0025","0.29","3","0.5","0.05","1","80","5","8","0","0.5","10","16","235","4.017021276595744"
"38","20","0.0025","0.29","3","0.5","0.05","1","80","5","8","0","0.5","10","47","263","4.030418250950571"
"40","20","0.0025","0.29","3","0.5","0.05","1","80","5","8","0","0.5","10","36","239","4.058577405857741"
"42","50","0.0025","0.29","3","0.5","0.05","1","80","5","8","0","0.5","10","17","233","4.021459227467811"
"38","20","0.0025","0.29","3","0.5","0.05","1","80","5","8","0","0.5","10","48","262","4.038167938931298"
"42","50","0.0025","0.29","3","0.5","0.05","1","80","5","8","0","0.5","10","18","232","4.017241379310345"
"41","50","0.0025","0.29","3","0.5","0.05","1","80","5","8","0","0.5","10","28","253","4.106719367588933"
"39","20","0.0025","0.29","3","0.5","0.05","1","80","5","8","0","0.5","10","46","242","4.033057851239669"
"41","50","0.0025","0.29","3","0.5","0.05","1","80","5","8","0","0.5","10","29","252","4.103174603174603"
"39","20","0.0025","0.29","3","0.5","0.05","1","80","5","8","0","0.5","10","47","241","4.037344398340249"
"41","50","0.0025","0.29","3","0.5","0.05","1","80","5","8","0","0.5","10","30","250","4.1"
"39","20","0.0025","0.29","3","0.5","0.05","1","80","5","8","0","0.5","10","48","241","4.037344398340249"
"37","20","0.0025","0.29","3","0.5","0.05","1","80","5","8","0","0.5","10","73","283","3.8904593639575973"
"37","20","0.0025","0.29","3","0.5","0.05","1","80","5","8","0","0.5","10","74","282","4.156028368794326"
"42","50","0.0025","0.29","3","0.5","0.05","1","80","5","8","0","0.5","10","19","232","4.017241379310345"
"40","20","0.0025","0.29","3","0.5","0.05","1","80","5","8","0","0.5","10","37","253","3.8181818181818183"
"40","20","0.0025","0.29","3","0.5","0.05","1","80","5","8","0","0.5","10","38","252","4.059523809523809"
"37","20","0.0025","0.29","3","0.5","0.05","1","80","5","8","0","0.5","10","75","280","4.135714285714286"
"42","50","0.0025","0.29","3","0.5","0.05","1","80","5","8","0","0.5","10","20","232","4.017241379310345"
"40","20","0.0025","0.29","3","0.5","0.05","1","80","5","8","0","0.5","10","39","251","4.047808764940239"
"42","50","0.0025","0.29","3","0.5","0.05","1","80","5","8","0","0.5","10","21","232","4.017241379310345"
"38","20","0.0025","0.29","3","0.5","0.05","1","80","5","8","0","0.5","10","49","278","3.787769784172662"
"41","50","0.0025","0.29","3","0.5","0.05","1","80","5","8","0","0.5","10","31","249","4.100401606425703"
"39","20","0.0025","0.29","3","0.5","0.05","1","80","5","8","0","0.5","10","49","249","3.9076305220883536"
"41","50","0.0025","0.29","3","0.5","0.05","1","80","5","8","0","0.5","10","32","249","4.100401606425703"
"38","20","0.0025","0.29","3","0.5","0.05","1","80","5","8","0","0.5","10","50","278","4.028776978417266"
"41","50","0.0025","0.29","3","0.5","0.05","1","80","5","8","0","0.5","10","33","247","4.101214574898785"
"39","20","0.0025","0.29","3","0.5","0.05","1","80","5","8","0","0.5","10","50","249","4.076305220883534"
"38","20","0.0025","0.29","3","0.5","0.05","1","80","5","8","0","0.5","10","51","277","4.028880866425993"
"39","20","0.0025","0.29","3","0.5","0.05","1","80","5","8","0","0.5","10","51","248","4.076612903225806"
"42","50","0.0025","0.29","3","0.5","0.05","1","80","5","8","0","0.5","10","22","230","4.017391304347826"
"40","20","0.0025","0.29","3","0.5","0.05","1","80","5","8","0","0.5","10","40","251","4.051792828685259"
"37","20","0.0025","0.29","3","0.5","0.05","1","80","5","8","0","0.5","10","76","280","4.15"
"42","50","0.0025","0.29","3","0.5","0.05","1","80","5","8","0","0.5","10","23","228","4.017543859649122"
"42","50","0.0025","0.29","3","0.5","0.05","1","80","5","8","0","0.5","10","24","226","4.013274336283186"
"40","20","0.0025","0.29","3","0.5","0.05","1","80","5","8","0","0.5","10","41","248","4.068548387096774"
"37","20","0.0025","0.29","3","0.5","0.05","1","80","5","8","0","0.5","10","77","279","4.146953405017921"
"40","20","0.0025","0.29","3","0.5","0.05","1","80","5","8","0","0.5","10","42","247","4.08502024291498"
"38","20","0.0025","0.29","3","0.5","0.05","1","80","5","8","0","0.5","10","52","274","4.021897810218978"
"37","20","0.0025","0.29","3","0.5","0.05","1","80","5","8","0","0.5","10","78","277","4.1516245487364625"
"39","20","0.0025","0.29","3","0.5","0.05","1","80","5","8","0","0.5","10","52","245","4.077551020408163"
"41","50","0.0025","0.29","3","0.5","0.05","1","80","5","8","0","0.5","10","34","247","4.097165991902834"
"41","50","0.0025","0.29","3","0.5","0.05","1","80","5","8","0","0.5","10","35","247","4.097165991902834"
"38","20","0.0025","0.29","3","0.5","0.05","1","80","5","8","0","0.5","10","53","271","4.022140221402214"
"39","20","0.0025","0.29","3","0.5","0.05","1","80","5","8","0","0.5","10","53","245","4.077551020408163"
"38","20","0.0025","0.29","3","0.5","0.05","1","80","5","8","0","0.5","10","54","270","4.022222222222222"
"41","50","0.0025","0.29","3","0.5","0.05","1","80","5","8","0","0.5","10","36","247","4.093117408906883"
"39","20","0.0025","0.29","3","0.5","0.05","1","80","5","8","0","0.5","10","54","244","4.077868852459017"
"42","50","0.0025","0.29","3","0.5","0.05","1","80","5","8","0","0.5","10","25","242","3.727272727272727"
"40","20","0.0025","0.29","3","0.5","0.05","1","80","5","8","0","0.5","10","43","247","4.08502024291498"
"42","50","0.0025","0.29","3","0.5","0.05","1","80","5","8","0","0.5","10","26","242","4.082644628099174"
"37","20","0.0025","0.29","3","0.5","0.05","1","80","5","8","0","0.5","10","79","275","4.149090909090909"
"40","20","0.0025","0.29","3","0.5","0.05","1","80","5","8","0","0.5","10","44","246","4.08130081300813"
"42","50","0.0025","0.29","3","0.5","0.05","1","80","5","8","0","0.5","10","27","242","4.082644628099174"
"37","20","0.0025","0.29","3","0.5","0.05","1","80","5","8","0","0.5","10","80","272","4.154411764705882"
"40","20","0.0025","0.29","3","0.5","0.05","1","80","5","8","0","0.5","10","45","245","4.081632653061225"
"39","20","0.0025","0.29","3","0.5","0.05","1","80","5","8","0","0.5","10","55","242","4.078512396694215"
"38","20","0.0025","0.29","3","0.5","0.05","1","80","5","8","0","0.5","10","55","267","4.02621722846442"
"39","20","0.0025","0.29","3","0.5","0.05","1","80","5","8","0","0.5","10","56","241","4.078838174273859"
"37","20","0.0025","0.29","3","0.5","0.05","1","80","5","8","0","0.5","10","81","271","4.154981549815498"
"38","20","0.0025","0.29","3","0.5","0.05","1","80","5","8","0","0.5","10","56","267","4.02621722846442"
"41","50","0.0025","0.29","3","0.5","0.05","1","80","5","8","0","0.5","10","37","268","3.7574626865671643"
"39","20","0.0025","0.29","3","0.5","0.05","1","80","5","8","0","0.5","10","57","241","4.078838174273859"
"42","50","0.0025","0.29","3","0.5","0.05","1","80","5","8","0","0.5","10","28","239","4.083682008368201"
"38","20","0.0025","0.29","3","0.5","0.05","1","80","5","8","0","0.5","10","57","266","4.026315789473684"
"41","50","0.0025","0.29","3","0.5","0.05","1","80","5","8","0","0.5","10","38","265","4.083018867924529"
"42","50","0.0025","0.29","3","0.5","0.05","1","80","5","8","0","0.5","10","29","238","4.084033613445378"
"40","20","0.0025","0.29","3","0.5","0.05","1","80","5","8","0","0.5","10","46","243","4.082304526748971"
"41","50","0.0025","0.29","3","0.5","0.05","1","80","5","8","0","0.5","10","39","265","4.079245283018868"
"42","50","0.0025","0.29","3","0.5","0.05","1","80","5","8","0","0.5","10","30","238","4.084033613445378"
"40","20","0.0025","0.29","3","0.5","0.05","1","80","5","8","0","0.5","10","47","242","4.082644628099174"
"40","20","0.0025","0.29","3","0.5","0.05","1","80","5","8","0","0.5","10","48","242","4.082644628099174"
"37","20","0.0025","0.29","3","0.5","0.05","1","80","5","8","0","0.5","10","82","269","4.159851301115242"
"39","20","0.0025","0.29","3","0.5","0.05","1","80","5","8","0","0.5","10","58","240","4.079166666666667"
"37","20","0.0025","0.29","3","0.5","0.05","1","80","5","8","0","0.5","10","83","268","4.156716417910448"
"39","20","0.0025","0.29","3","0.5","0.05","1","80","5","8","0","0.5","10","59","237","4.080168776371308"
"38","20","0.0025","0.29","3","0.5","0.05","1","80","5","8","0","0.5","10","58","265","4.026415094339622"
"37","20","0.0025","0.29","3","0.5","0.05","1","80","5","8","0","0.5","10","84","267","4.1610486891385765"
"42","50","0.0025","0.29","3","0.5","0.05","1","80","5","8","0","0.5","10","31","236","4.088983050847458"
"39","20","0.0025","0.29","3","0.5","0.05","1","80","5","8","0","0.5","10","60","236","4.080508474576271"
"38","20","0.0025","0.29","3","0.5","0.05","1","80","5","8","0","0.5","10","59","265","4.026415094339622"
"41","50","0.0025","0.29","3","0.5","0.05","1","80","5","8","0","0.5","10","40","265","4.090566037735849"
"42","50","0.0025","0.29","3","0.5","0.05","1","80","5","8","0","0.5","10","32","236","4.088983050847458"
"42","50","0.0025","0.29","3","0.5","0.05","1","80","5","8","0","0.5","10","33","234","4.085470085470085"
"38","20","0.0025","0.29","3","0.5","0.05","1","80","5","8","0","0.5","10","60","263","4.026615969581749"
"41","50","0.0025","0.29","3","0.5","0.05","1","80","5","8","0","0.5","10","41","265","4.090566037735849"
"41","50","0.0025","0.29","3","0.5","0.05","1","80","5","8","0","0.5","10","42","261","4.095785440613027"
"40","20","0.0025","0.29","3","0.5","0.05","1","80","5","8","0","0.5","10","49","259","3.8146718146718146"
"40","20","0.0025","0.29","3","0.5","0.05","1","80","5","8","0","0.5","10","50","257","4.1050583657587545"
"40","20","0.0025","0.29","3","0.5","0.05","1","80","5","8","0","0.5","10","51","256","4.109375"
"39","20","0.0025","0.29","3","0.5","0.05","1","80","5","8","0","0.5","10","61","245","3.914285714285714"
"42","50","0.0025","0.29","3","0.5","0.05","1","80","5","8","0","0.5","10","34","233","4.081545064377682"
"39","20","0.0025","0.29","3","0.5","0.05","1","80","5","8","0","0.5","10","62","244","4.102459016393443"
"42","50","0.0025","0.29","3","0.5","0.05","1","80","5","8","0","0.5","10","35","231","4.082251082251083"
"41","50","0.0025","0.29","3","0.5","0.05","1","80","5","8","0","0.5","10","43","259","4.108108108108108"
"39","20","0.0025","0.29","3","0.5","0.05","1","80","5","8","0","0.5","10","63","244","4.098360655737705"
"42","50","0.0025","0.29","3","0.5","0.05","1","80","5","8","0","0.5","10","36","231","4.082251082251083"
"37","20","0.0025","0.29","3","0.5","0.05","1","80","5","8","0","0.5","10","85","290","3.8137931034482757"
"38","20","0.0025","0.29","3","0.5","0.05","1","80","5","8","0","0.5","10","61","271","3.907749077490775"
"41","50","0.0025","0.29","3","0.5","0.05","1","80","5","8","0","0.5","10","44","257","4.089494163424124"
"37","20","0.0025","0.29","3","0.5","0.05","1","80","5","8","0","0.5","10","86","289","4.141868512110727"
"40","20","0.0025","0.29","3","0.5","0.05","1","80","5","8","0","0.5","10","52","255","4.109803921568627"
"38","20","0.0025","0.29","3","0.5","0.05","1","80","5","8","0","0.5","10","62","270","4.055555555555555"
"41","50","0.0025","0.29","3","0.5","0.05","1","80","5","8","0","0.5","10","45","257","4.089494163424124"
"37","20","0.0025","0.29","3","0.5","0.05","1","80","5","8","0","0.5","10","87","286","4.143356643356643"
"40","20","0.0025","0.29","3","0.5","0.05","1","80","5","8","0","0.5","10","53","254","4.110236220472441"
"38","20","0.0025","0.29","3","0.5","0.05","1","80","5","8","0","0.5","10","63","270","4.059259259259259"
"39","20","0.0025","0.29","3","0.5","0.05","1","80","5","8","0","0.5","10","64","244","4.102459016393443"
"40","20","0.0025","0.29","3","0.5","0.05","1","80","5","8","0","0.5","10","54","252","4.107142857142857"
"39","20","0.0025","0.29","3","0.5","0.05","1","80","5","8","0","0.5","10","65","244","4.10655737704918"
"39","20","0.0025","0.29","3","0.5","0.05","1","80","5","8","0","0.5","10","66","241","4.1120331950207465"
"42","50","0.0025","0.29","3","0.5","0.05","1","80","5","8","0","0.5","10","37","238","3.9453781512605044"
"38","20","0.0025","0.29","3","0.5","0.05","1","80","5","8","0","0.5","10","64","269","4.063197026022305"
"42","50","0.0025","0.29","3","0.5","0.05","1","80","5","8","0","0.5","10","38","238","4.088235294117647"
"41","50","0.0025","0.29","3","0.5","0.05","1","80","5","8","0","0.5","10","46","257","4.097276264591439"
"40","20","0.0025","0.29","3","0.5","0.05","1","80","5","8","0","0.5","10","55","251","4.103585657370518"
"38","20","0.0025","0.29","3","0.5","0.05","1","80","5","8","0","0.5","10","65","268","4.067164179104478"
"42","50","0.0025","0.29","3","0.5","0.05","1","80","5","8","0","0.5","10","39","236","4.093220338983051"
"37","20","0.0025","0.29","3","0.5","0.05","1","80","5","8","0","0.5","10","88","284","4.140845070422535"
"41","50","0.0025","0.29","3","0.5","0.05","1","80","5","8","0","0.5","10","47","255","4.105882352941176"
"39","20","0.0025","0.29","3","0.5","0.05","1","80","5","8","0","0.5","10","67","239","4.108786610878661"
"40","20","0.0025","0.29","3","0.5","0.05","1","80","5","8","0","0.5","10","56","250","4.104"
"38","20","0.0025","0.29","3","0.5","0.05","1","80","5","8","0","0.5","10","66","267","4.063670411985019"
"37","20","0.0025","0.29","3","0.5","0.05","1","80","5","8","0","0.5","10","89","281","4.1387900355871885"
"41","50","0.0025","0.29","3","0.5","0.05","1","80","5","8","0","0.5","10","48","253","4.102766798418973"
"40","20","0.0025","0.29","3","0.5","0.05","1","80","5","8","0","0.5","10","57","250","4.104"
"39","20","0.0025","0.29","3","0.5","0.05","1","80","5","8","0","0.5","10","68","239","4.108786610878661"
"37","20","0.0025","0.29","3","0.5","0.05","1","80","5","8","0","0.5","10","90","281","4.142348754448399"
"39","20","0.0025","0.29","3","0.5","0.05","1","80","5","8","0","0.5","10","69","237","4.09704641350211"
"42","50","0.0025","0.29","3","0.5","0.05","1","80","5","8","0","0.5","10","40","236","4.0974576271186445"
"42","50","0.0025","0.29","3","0.5","0.05","1","80","5","8","0","0.5","10","41","235","4.097872340425532"
"38","20","0.0025","0.29","3","0.5","0.05","1","80","5","8","0","0.5","10","67","266","4.067669172932331"
"40","20","0.0025","0.29","3","0.5","0.05","1","80","5","8","0","0.5","10","58","248","4.104838709677419"
"42","50","0.0025","0.29","3","0.5","0.05","1","80","5","8","0","0.5","10","42","234","4.098290598290598"
"38","20","0.0025","0.29","3","0.5","0.05","1","80","5","8","0","0.5","10","68","266","4.067669172932331"
"40","20","0.0025","0.29","3","0.5","0.05","1","80","5","8","0","0.5","10","59","248","4.104838709677419"
"38","20","0.0025","0.29","3","0.5","0.05","1","80","5","8","0","0.5","10","69","266","4.067669172932331"
"39","20","0.0025","0.29","3","0.5","0.05","1","80","5","8","0","0.5","10","70","235","4.080851063829787"
"40","20","0.0025","0.29","3","0.5","0.05","1","80","5","8","0","0.5","10","60","246","4.109756097560975"
"39","20","0.0025","0.29","3","0.5","0.05","1","80","5","8","0","0.5","10","71","234","4.085470085470085"
"37","20","0.0025","0.29","3","0.5","0.05","1","80","5","8","0","0.5","10","91","279","4.129032258064516"
"42","50","0.0025","0.29","3","0.5","0.05","1","80","5","8","0","0.5","10","43","233","4.098712446351931"
"41","50","0.0025","0.29","3","0.5","0.05","1","80","5","8","0","0.5","10","49","270","3.814814814814815"
"39","20","0.0025","0.29","3","0.5","0.05","1","80","5","8","0","0.5","10","72","233","4.081545064377682"
"42","50","0.0025","0.29","3","0.5","0.05","1","80","5","8","0","0.5","10","44","232","4.0905172413793105"
"37","20","0.0025","0.29","3","0.5","0.05","1","80","5","8","0","0.5","10","92","278","4.118705035971223"
"41","50","0.0025","0.29","3","0.5","0.05","1","80","5","8","0","0.5","10","50","269","4.148698884758364"
"38","20","0.0025","0.29","3","0.5","0.05","1","80","5","8","0","0.5","10","70","265","4.067924528301887"
"42","50","0.0025","0.29","3","0.5","0.05","1","80","5","8","0","0.5","10","45","231","4.095238095238095"
"37","20","0.0025","0.29","3","0.5","0.05","1","80","5","8","0","0.5","10","93","277","4.111913357400722"
"41","50","0.0025","0.29","3","0.5","0.05","1","80","5","8","0","0.5","10","51","269","4.148698884758364"
"38","20","0.0025","0.29","3","0.5","0.05","1","80","5","8","0","0.5","10","71","264","4.0643939393939394"
"38","20","0.0025","0.29","3","0.5","0.05","1","80","5","8","0","0.5","10","72","263","4.06083650190114"
"40","20","0.0025","0.29","3","0.5","0.05","1","80","5","8","0","0.5","10","61","277","3.624548736462094"
"39","20","0.0025","0.29","3","0.5","0.05","1","80","5","8","0","0.5","10","73","261","3.624521072796935"
"40","20","0.0025","0.29","3","0.5","0.05","1","80","5","8","0","0.5","10","62","277","4.140794223826715"
"41","50","0.0025","0.29","3","0.5","0.05","1","80","5","8","0","0.5","10","52","268","4.152985074626866"
"42","50","0.0025","0.29","3","0.5","0.05","1","80","5","8","0","0.5","10","46","231","4.095238095238095"
"37","20","0.0025","0.29","3","0.5","0.05","1","80","5","8","0","0.5","10","94","276","4.119565217391305"
"39","20","0.0025","0.29","3","0.5","0.05","1","80","5","8","0","0.5","10","74","260","4.111538461538461"
"40","20","0.0025","0.29","3","0.5","0.05","1","80","5","8","0","0.5","10","63","276","4.148550724637682"
"41","50","0.0025","0.29","3","0.5","0.05","1","80","5","8","0","0.5","10","53","267","4.149812734082397"
"42","50","0.0025","0.29","3","0.5","0.05","1","80","5","8","0","0.5","10","47","230","4.095652173913043"
"37","20","0.0025","0.29","3","0.5","0.05","1","80","5","8","0","0.5","10","95","273","4.1098901098901095"
"38","20","0.0025","0.29","3","0.5","0.05","1","80","5","8","0","0.5","10","73","282","3.7624113475177303"
"39","20","0.0025","0.29","3","0.5","0.05","1","80","5","8","0","0.5","10","75","259","4.123552123552123"
"37","20","0.0025","0.29","3","0.5","0.05","1","80","5","8","0","0.5","10","96","272","4.125"
"42","50","0.0025","0.29","3","0.5","0.05","1","80","5","8","0","0.5","10","48","229","4.096069868995633"
"41","50","0.0025","0.29","3","0.5","0.05","1","80","5","8","0","0.5","10","54","267","4.153558052434457"
"38","20","0.0025","0.29","3","0.5","0.05","1","80","5","8","0","0.5","10","74","280","4.067857142857143"
"38","20","0.0025","0.29","3","0.5","0.05","1","80","5","8","0","0.5","10","75","280","4.067857142857143"
"40","20","0.0025","0.29","3","0.5","0.05","1","80","5","8","0","0.5","10","64","274","4.149635036496351"
"40","20","0.0025","0.29","3","0.5","0.05","1","80","5","8","0","0.5","10","65","274","4.153284671532846"
"39","20","0.0025","0.29","3","0.5","0.05","1","80","5","8","0","0.5","10","76","257","4.116731517509727"
"41","50","0.0025","0.29","3","0.5","0.05","1","80","5","8","0","0.5","10","55","264","4.136363636363637"
"40","20","0.0025","0.29","3","0.5","0.05","1","80","5","8","0","0.5","10","66","273","4.1501831501831505"
"39","20","0.0025","0.29","3","0.5","0.05","1","80","5","8","0","0.5","10","77","253","4.1146245059288535"
"42","50","0.0025","0.29","3","0.5","0.05","1","80","5","8","0","0.5","10","49","238","3.9411764705882355"
"38","20","0.0025","0.29","3","0.5","0.05","1","80","5","8","0","0.5","10","76","280","4.057142857142857"
"41","50","0.0025","0.29","3","0.5","0.05","1","80","5","8","0","0.5","10","56","263","4.11787072243346"
"39","20","0.0025","0.29","3","0.5","0.05","1","80","5","8","0","0.5","10","78","253","4.106719367588933"
"38","20","0.0025","0.29","3","0.5","0.05","1","80","5","8","0","0.5","10","77","280","4.057142857142857"
"42","50","0.0025","0.29","3","0.5","0.05","1","80","5","8","0","0.5","10","50","237","4.09704641350211"
"41","50","0.0025","0.29","3","0.5","0.05","1","80","5","8","0","0.5","10","57","263","4.1216730038022815"
"38","20","0.0025","0.29","3","0.5","0.05","1","80","5","8","0","0.5","10","78","279","4.057347670250896"
"42","50","0.0025","0.29","3","0.5","0.05","1","80","5","8","0","0.5","10","51","236","4.101694915254237"
"37","20","0.0025","0.29","3","0.5","0.05","1","80","5","8","0","0.5","10","97","282","3.9539007092198584"
"37","20","0.0025","0.29","3","0.5","0.05","1","80","5","8","0","0.5","10","98","280","4.125"
"40","20","0.0025","0.29","3","0.5","0.05","1","80","5","8","0","0.5","10","67","270","4.155555555555556"
"37","20","0.0025","0.29","3","0.5","0.05","1","80","5","8","0","0.5","10","99","278","4.115107913669065"
"42","50","0.0025","0.29","3","0.5","0.05","1","80","5","8","0","0.5","10","52","235","4.1063829787234045"
"40","20","0.0025","0.29","3","0.5","0.05","1","80","5","8","0","0.5","10","68","268","4.152985074626866"
"38","20","0.0025","0.29","3","0.5","0.05","1","80","5","8","0","0.5","10","79","279","4.057347670250896"
"41","50","0.0025","0.29","3","0.5","0.05","1","80","5","8","0","0.5","10","58","261","4.118773946360153"
"42","50","0.0025","0.29","3","0.5","0.05","1","80","5","8","0","0.5","10","53","233","4.098712446351931"
"39","20","0.0025","0.29","3","0.5","0.05","1","80","5","8","0","0.5","10","79","252","4.107142857142857"
"40","20","0.0025","0.29","3","0.5","0.05","1","80","5","8","0","0.5","10","69","267","4.149812734082397"
"41","50","0.0025","0.29","3","0.5","0.05","1","80","5","8","0","0.5","10","59","261","4.1226053639846745"
"38","20","0.0025","0.29","3","0.5","0.05","1","80","5","8","0","0.5","10","80","275","4.058181818181819"
"42","50","0.0025","0.29","3","0.5","0.05","1","80","5","8","0","0.5","10","54","232","4.094827586206897"
"39","20","0.0025","0.29","3","0.5","0.05","1","80","5","8","0","0.5","10","80","250","4.1"
"41","50","0.0025","0.29","3","0.5","0.05","1","80","5","8","0","0.5","10","60","261","4.118773946360153"
"38","20","0.0025","0.29","3","0.5","0.05","1","80","5","8","0","0.5","10","81","273","4.058608058608058"
"39","20","0.0025","0.29","3","0.5","0.05","1","80","5","8","0","0.5","10","81","247","4.113360323886639"
"37","20","0.0025","0.29","3","0.5","0.05","1","80","5","8","0","0.5","10","100","278","4.122302158273381"
"37","20","0.0025","0.29","3","0.5","0.05","1","80","5","8","0","0.5","10","101","277","4.122743682310469"
"42","50","0.0025","0.29","3","0.5","0.05","1","80","5","8","0","0.5","10","55","232","4.094827586206897"
"40","20","0.0025","0.29","3","0.5","0.05","1","80","5","8","0","0.5","10","70","266","4.154135338345864"
"37","20","0.0025","0.29","3","0.5","0.05","1","80","5","8","0","0.5","10","102","277","4.11913357400722"
"42","50","0.0025","0.29","3","0.5","0.05","1","80","5","8","0","0.5","10","56","230","4.095652173913043"
"42","50","0.0025","0.29","3","0.5","0.05","1","80","5","8","0","0.5","10","57","230","4.095652173913043"
"40","20","0.0025","0.29","3","0.5","0.05","1","80","5","8","0","0.5","10","71","265","4.154716981132076"
"39","20","0.0025","0.29","3","0.5","0.05","1","80","5","8","0","0.5","10","82","247","4.109311740890688"
"38","20","0.0025","0.29","3","0.5","0.05","1","80","5","8","0","0.5","10","82","270","4.059259259259259"
"41","50","0.0025","0.29","3","0.5","0.05","1","80","5","8","0","0.5","10","61","282","3.797872340425532"
"40","20","0.0025","0.29","3","0.5","0.05","1","80","5","8","0","0.5","10","72","265","4.158490566037736"
"39","20","0.0025","0.29","3","0.5","0.05","1","80","5","8","0","0.5","10","83","246","4.117886178861789"
"38","20","0.0025","0.29","3","0.5","0.05","1","80","5","8","0","0.5","10","83","269","4.059479553903346"
"41","50","0.0025","0.29","3","0.5","0.05","1","80","5","8","0","0.5","10","62","281","4.103202846975089"
"39","20","0.0025","0.29","3","0.5","0.05","1","80","5","8","0","0.5","10","84","246","4.109756097560975"
"38","20","0.0025","0.29","3","0.5","0.05","1","80","5","8","0","0.5","10","84","269","4.059479553903346"
"41","50","0.0025","0.29","3","0.5","0.05","1","80","5","8","0","0.5","10","63","277","4.097472924187725"
"42","50","0.0025","0.29","3","0.5","0.05","1","80","5","8","0","0.5","10","58","228","4.0964912280701755"
"37","20","0.0025","0.29","3","0.5","0.05","1","80","5","8","0","0.5","10","103","276","4.1231884057971016"
"37","20","0.0025","0.29","3","0.5","0.05","1","80","5","8","0","0.5","10","104","276","4.119565217391305"
"42","50","0.0025","0.29","3","0.5","0.05","1","80","5","8","0","0.5","10","59","228","4.0964912280701755"
"37","20","0.0025","0.29","3","0.5","0.05","1","80","5","8","0","0.5","10","105","275","4.12"
"42","50","0.0025","0.29","3","0.5","0.05","1","80","5","8","0","0.5","10","60","226","4.088495575221239"
"39","20","0.0025","0.29","3","0.5","0.05","1","80","5","8","0","0.5","10","85","263","3.8517110266159698"
"40","20","0.0025","0.29","3","0.5","0.05","1","80","5","8","0","0.5","10","73","280","3.932142857142857"
"41","50","0.0025","0.29","3","0.5","0.05","1","80","5","8","0","0.5","10","64","276","4.0978260869565215"
"39","20","0.0025","0.29","3","0.5","0.05","1","80","5","8","0","0.5","10","86","262","4.095419847328245"
"41","50","0.0025","0.29","3","0.5","0.05","1","80","5","8","0","0.5","10","65","275","4.101818181818182"
"40","20","0.0025","0.29","3","0.5","0.05","1","80","5","8","0","0.5","10","74","279","4.139784946236559"
"37","20","0.0025","0.29","3","0.5","0.05","1","80","5","8","0","0.5","10","106","274","4.127737226277373"
"38","20","0.0025","0.29","3","0.5","0.05","1","80","5","8","0","0.5","10","85","284","3.816901408450704"
"39","20","0.0025","0.29","3","0.5","0.05","1","80","5","8","0","0.5","10","87","261","4.126436781609195"
"41","50","0.0025","0.29","3","0.5","0.05","1","80","5","8","0","0.5","10","66","273","4.095238095238095"
"40","20","0.0025","0.29","3","0.5","0.05","1","80","5","8","0","0.5","10","75","279","4.146953405017921"
"37","20","0.0025","0.29","3","0.5","0.05","1","80","5","8","0","0.5","10","107","272","4.125"
"38","20","0.0025","0.29","3","0.5","0.05","1","80","5","8","0","0.5","10","86","281","4.05338078291815"
"42","50","0.0025","0.29","3","0.5","0.05","1","80","5","8","0","0.5","10","61","247","3.7327935222672064"
"37","20","0.0025","0.29","3","0.5","0.05","1","80","5","8","0","0.5","10","108","272","4.117647058823529"
"38","20","0.0025","0.29","3","0.5","0.05","1","80","5","8","0","0.5","10","87","280","4.05"
"42","50","0.0025","0.29","3","0.5","0.05","1","80","5","8","0","0.5","10","62","247","4.048582995951417"
"42","50","0.0025","0.29","3","0.5","0.05","1","80","5","8","0","0.5","10","63","245","4.0653061224489795"
"39","20","0.0025","0.29","3","0.5","0.05","1","80","5","8","0","0.5","10","88","259","4.108108108108108"
"40","20","0.0025","0.29","3","0.5","0.05","1","80","5","8","0","0.5","10","76","278","4.14748201438849"
"39","20","0.0025","0.29","3","0.5","0.05","1","80","5","8","0","0.5","10","89","259","4.127413127413128"
"39","20","0.0025","0.29","3","0.5","0.05","1","80","5","8","0","0.5","10","90","259","4.11969111969112"
"40","20","0.0025","0.29","3","0.5","0.05","1","80","5","8","0","0.5","10","77","277","4.1516245487364625"
"41","50","0.0025","0.29","3","0.5","0.05","1","80","5","8","0","0.5","10","67","272","4.099264705882353"
"42","50","0.0025","0.29","3","0.5","0.05","1","80","5","8","0","0.5","10","64","244","4.061475409836065"
"41","50","0.0025","0.29","3","0.5","0.05","1","80","5","8","0","0.5","10","68","270","4.0962962962962965"
"40","20","0.0025","0.29","3","0.5","0.05","1","80","5","8","0","0.5","10","78","276","4.155797101449275"
"38","20","0.0025","0.29","3","0.5","0.05","1","80","5","8","0","0.5","10","88","280","4.042857142857143"
"42","50","0.0025","0.29","3","0.5","0.05","1","80","5","8","0","0.5","10","65","243","4.061728395061729"
"41","50","0.0025","0.29","3","0.5","0.05","1","80","5","8","0","0.5","10","69","269","4.100371747211896"
"37","20","0.0025","0.29","3","0.5","0.05","1","80","5","8","0","0.5","10","109","288","3.8993055555555554"
"42","50","0.0025","0.29","3","0.5","0.05","1","80","5","8","0","0.5","10","66","243","4.061728395061729"
"38","20","0.0025","0.29","3","0.5","0.05","1","80","5","8","0","0.5","10","89","279","4.039426523297491"
"37","20","0.0025","0.29","3","0.5","0.05","1","80","5","8","0","0.5","10","110","287","4.13588850174216"
"39","20","0.0025","0.29","3","0.5","0.05","1","80","5","8","0","0.5","10","91","255","4.125490196078432"
"38","20","0.0025","0.29","3","0.5","0.05","1","80","5","8","0","0.5","10","90","277","4.03971119133574"
"37","20","0.0025","0.29","3","0.5","0.05","1","80","5","8","0","0.5","10","111","285","4.147368421052631"
"39","20","0.0025","0.29","3","0.5","0.05","1","80","5","8","0","0.5","10","92","254","4.122047244094488"
"39","20","0.0025","0.29","3","0.5","0.05","1","80","5","8","0","0.5","10","93","253","4.126482213438735"
"40","20","0.0025","0.29","3","0.5","0.05","1","80","5","8","0","0.5","10","79","275","4.156363636363636"
"42","50","0.0025","0.29","3","0.5","0.05","1","80","5","8","0","0.5","10","67","242","4.0578512396694215"
"40","20","0.0025","0.29","3","0.5","0.05","1","80","5","8","0","0.5","10","80","273","4.1611721611721615"
"41","50","0.0025","0.29","3","0.5","0.05","1","80","5","8","0","0.5","10","70","268","4.097014925373134"
"42","50","0.0025","0.29","3","0.5","0.05","1","80","5","8","0","0.5","10","68","242","4.045454545454546"
"40","20","0.0025","0.29","3","0.5","0.05","1","80","5","8","0","0.5","10","81","271","4.162361623616236"
"41","50","0.0025","0.29","3","0.5","0.05","1","80","5","8","0","0.5","10","71","268","4.100746268656716"
"42","50","0.0025","0.29","3","0.5","0.05","1","80","5","8","0","0.5","10","69","242","4.0578512396694215"
"37","20","0.0025","0.29","3","0.5","0.05","1","80","5","8","0","0.5","10","112","285","4.140350877192983"
"41","50","0.0025","0.29","3","0.5","0.05","1","80","5","8","0","0.5","10","72","267","4.097378277153558"
"38","20","0.0025","0.29","3","0.5","0.05","1","80","5","8","0","0.5","10","91","277","4.03971119133574"
"37","20","0.0025","0.29","3","0.5","0.05","1","80","5","8","0","0.5","10","113","284","4.147887323943662"
"39","20","0.0025","0.29","3","0.5","0.05","1","80","5","8","0","0.5","10","94","251","4.123505976095617"
"37","20","0.0025","0.29","3","0.5","0.05","1","80","5","8","0","0.5","10","114","284","4.133802816901408"
"38","20","0.0025","0.29","3","0.5","0.05","1","80","5","8","0","0.5","10","92","277","4.03971119133574"
"39","20","0.0025","0.29","3","0.5","0.05","1","80","5","8","0","0.5","10","95","250","4.128"
"38","20","0.0025","0.29","3","0.5","0.05","1","80","5","8","0","0.5","10","93","274","4.043795620437956"
"39","20","0.0025","0.29","3","0.5","0.05","1","80","5","8","0","0.5","10","96","249","4.124497991967871"
"42","50","0.0025","0.29","3","0.5","0.05","1","80","5","8","0","0.5","10","70","242","4.045454545454546"
"40","20","0.0025","0.29","3","0.5","0.05","1","80","5","8","0","0.5","10","82","270","4.155555555555556"
"42","50","0.0025","0.29","3","0.5","0.05","1","80","5","8","0","0.5","10","71","242","4.0578512396694215"
"40","20","0.0025","0.29","3","0.5","0.05","1","80","5","8","0","0.5","10","83","270","4.155555555555556"
"42","50","0.0025","0.29","3","0.5","0.05","1","80","5","8","0","0.5","10","72","242","4.0578512396694215"
"37","20","0.0025","0.29","3","0.5","0.05","1","80","5","8","0","0.5","10","115","284","4.140845070422535"
"40","20","0.0025","0.29","3","0.5","0.05","1","80","5","8","0","0.5","10","84","269","4.156133828996283"
"37","20","0.0025","0.29","3","0.5","0.05","1","80","5","8","0","0.5","10","116","282","4.134751773049645"
"41","50","0.0025","0.29","3","0.5","0.05","1","80","5","8","0","0.5","10","73","276","3.9384057971014492"
"41","50","0.0025","0.29","3","0.5","0.05","1","80","5","8","0","0.5","10","74","276","4.134057971014493"
"37","20","0.0025","0.29","3","0.5","0.05","1","80","5","8","0","0.5","10","117","280","4.146428571428571"
"38","20","0.0025","0.29","3","0.5","0.05","1","80","5","8","0","0.5","10","94","273","4.0476190476190474"
"41","50","0.0025","0.29","3","0.5","0.05","1","80","5","8","0","0.5","10","75","276","4.141304347826087"
"38","20","0.0025","0.29","3","0.5","0.05","1","80","5","8","0","0.5","10","95","273","4.0476190476190474"
"42","50","0.0025","0.29","3","0.5","0.05","1","80","5","8","0","0.5","10","73","258","3.813953488372093"
"39","20","0.0025","0.29","3","0.5","0.05","1","80","5","8","0","0.5","10","97","272","3.775735294117647"
"38","20","0.0025","0.29","3","0.5","0.05","1","80","5","8","0","0.5","10","96","273","4.0476190476190474"
"42","50","0.0025","0.29","3","0.5","0.05","1","80","5","8","0","0.5","10","74","258","4.062015503875969"
"39","20","0.0025","0.29","3","0.5","0.05","1","80","5","8","0","0.5","10","98","271","4.132841328413284"
"42","50","0.0025","0.29","3","0.5","0.05","1","80","5","8","0","0.5","10","75","258","4.065891472868217"
"39","20","0.0025","0.29","3","0.5","0.05","1","80","5","8","0","0.5","10","99","269","4.156133828996283"
"41","50","0.0025","0.29","3","0.5","0.05","1","80","5","8","0","0.5","10","76","276","4.141304347826087"
"37","20","0.0025","0.29","3","0.5","0.05","1","80","5","8","0","0.5","10","118","278","4.136690647482014"
"41","50","0.0025","0.29","3","0.5","0.05","1","80","5","8","0","0.5","10","77","275","4.141818181818182"
"37","20","0.0025","0.29","3","0.5","0.05","1","80","5","8","0","0.5","10","119","277","4.1516245487364625"
"40","20","0.0025","0.29","3","0.5","0.05","1","80","5","8","0","0.5","10","85","287","3.8397212543554007"
"41","50","0.0025","0.29","3","0.5","0.05","1","80","5","8","0","0.5","10","78","274","4.142335766423358"
"42","50","0.0025","0.29","3","0.5","0.05","1","80","5","8","0","0.5","10","76","258","4.058139534883721"
"37","20","0.0025","0.29","3","0.5","0.05","1","80","5","8","0","0.5","10","120","276","4.141304347826087"
"40","20","0.0025","0.29","3","0.5","0.05","1","80","5","8","0","0.5","10","86","287","4.177700348432055"
"42","50","0.0025","0.29","3","0.5","0.05","1","80","5","8","0","0.5","10","77","257","4.073929961089494"
"39","20","0.0025","0.29","3","0.5","0.05","1","80","5","8","0","0.5","10","100","268","4.152985074626866"
"40","20","0.0025","0.29","3","0.5","0.05","1","80","5","8","0","0.5","10","87","287","4.191637630662021"
"42","50","0.0025","0.29","3","0.5","0.05","1","80","5","8","0","0.5","10","78","256","4.0546875"
"39","20","0.0025","0.29","3","0.5","0.05","1","80","5","8","0","0.5","10","101","267","4.146067415730337"
"38","20","0.0025","0.29","3","0.5","0.05","1","80","5","8","0","0.5","10","97","295","3.7186440677966104"
"39","20","0.0025","0.29","3","0.5","0.05","1","80","5","8","0","0.5","10","102","267","4.157303370786517"
"41","50","0.0025","0.29","3","0.5","0.05","1","80","5","8","0","0.5","10","79","273","4.142857142857143"
"38","20","0.0025","0.29","3","0.5","0.05","1","80","5","8","0","0.5","10","98","294","3.996598639455782"
"41","50","0.0025","0.29","3","0.5","0.05","1","80","5","8","0","0.5","10","80","271","4.143911439114391"
"38","20","0.0025","0.29","3","0.5","0.05","1","80","5","8","0","0.5","10","99","292","4.010273972602739"
"41","50","0.0025","0.29","3","0.5","0.05","1","80","5","8","0","0.5","10","81","271","4.143911439114391"
"42","50","0.0025","0.29","3","0.5","0.05","1","80","5","8","0","0.5","10","79","253","4.071146245059288"
"40","20","0.0025","0.29","3","0.5","0.05","1","80","5","8","0","0.5","10","88","285","4.189473684210526"
"43","50","0.0025","0.29","3","0.5","0.05","1","80","5","8","0","0.5","10","0","242","3.9917355371900825"
"42","50","0.0025","0.29","3","0.5","0.05","1","80","5","8","0","0.5","10","80","252","4.059523809523809"
"39","20","0.0025","0.29","3","0.5","0.05","1","80","5","8","0","0.5","10","103","267","4.157303370786517"
"40","20","0.0025","0.29","3","0.5","0.05","1","80","5","8","0","0.5","10","89","284","4.193661971830986"
"42","50","0.0025","0.29","3","0.5","0.05","1","80","5","8","0","0.5","10","81","252","4.071428571428571"
"39","20","0.0025","0.29","3","0.5","0.05","1","80","5","8","0","0.5","10","104","266","4.150375939849624"
"40","20","0.0025","0.29","3","0.5","0.05","1","80","5","8","0","0.5","10","90","283","4.190812720848056"
"39","20","0.0025","0.29","3","0.5","0.05","1","80","5","8","0","0.5","10","105","266","4.150375939849624"
"41","50","0.0025","0.29","3","0.5","0.05","1","80","5","8","0","0.5","10","82","269","4.141263940520446"
"38","20","0.0025","0.29","3","0.5","0.05","1","80","5","8","0","0.5","10","100","291","4.010309278350515"
"41","50","0.0025","0.29","3","0.5","0.05","1","80","5","8","0","0.5","10","83","266","4.142857142857143"
"43","50","0.0025","0.29","3","0.5","0.05","1","80","5","8","0","0.5","10","1","242","4.086776859504132"
"38","20","0.0025","0.29","3","0.5","0.05","1","80","5","8","0","0.5","10","101","291","4.013745704467354"
"41","50","0.0025","0.29","3","0.5","0.05","1","80","5","8","0","0.5","10","84","265","4.143396226415095"
"43","50","0.0025","0.29","3","0.5","0.05","1","80","5","8","0","0.5","10","2","242","4.107438016528926"
"42","50","0.0025","0.29","3","0.5","0.05","1","80","5","8","0","0.5","10","82","250","4.048"
"38","20","0.0025","0.29","3","0.5","0.05","1","80","5","8","0","0.5","10","102","290","4.010344827586207"
"39","20","0.0025","0.29","3","0.5","0.05","1","80","5","8","0","0.5","10","106","266","4.150375939849624"
"40","20","0.0025","0.29","3","0.5","0.05","1","80","5","8","0","0.5","10","91","282","4.191489361702128"
"43","50","0.0025","0.29","3","0.5","0.05","1","80","5","8","0","0.5","10","3","242","4.1115702479338845"
"42","50","0.0025","0.29","3","0.5","0.05","1","80","5","8","0","0.5","10","83","249","4.036144578313253"
"39","20","0.0025","0.29","3","0.5","0.05","1","80","5","8","0","0.5","10","107","266","4.154135338345864"
"40","20","0.0025","0.29","3","0.5","0.05","1","80","5","8","0","0.5","10","92","282","4.184397163120567"
"42","50","0.0025","0.29","3","0.5","0.05","1","80","5","8","0","0.5","10","84","248","4.024193548387097"
"39","20","0.0025","0.29","3","0.5","0.05","1","80","5","8","0","0.5","10","108","266","4.154135338345864"
"40","20","0.0025","0.29","3","0.5","0.05","1","80","5","8","0","0.5","10","93","282","4.1879432624113475"
"43","50","0.0025","0.29","3","0.5","0.05","1","80","5","8","0","0.5","10","4","240","4.1125"
"43","50","0.0025","0.29","3","0.5","0.05","1","80","5","8","0","0.5","10","5","240","4.1125"
"38","20","0.0025","0.29","3","0.5","0.05","1","80","5","8","0","0.5","10","103","289","4.013840830449827"
"41","50","0.0025","0.29","3","0.5","0.05","1","80","5","8","0","0.5","10","85","283","3.8657243816254416"
"43","50","0.0025","0.29","3","0.5","0.05","1","80","5","8","0","0.5","10","6","240","4.1125"
"38","20","0.0025","0.29","3","0.5","0.05","1","80","5","8","0","0.5","10","104","289","4.02076124567474"
"40","20","0.0025","0.29","3","0.5","0.05","1","80","5","8","0","0.5","10","94","282","4.184397163120567"
"41","50","0.0025","0.29","3","0.5","0.05","1","80","5","8","0","0.5","10","86","282","4.1453900709219855"
"38","20","0.0025","0.29","3","0.5","0.05","1","80","5","8","0","0.5","10","105","288","4.017361111111111"
"42","50","0.0025","0.29","3","0.5","0.05","1","80","5","8","0","0.5","10","85","263","3.802281368821293"
"40","20","0.0025","0.29","3","0.5","0.05","1","80","5","8","0","0.5","10","95","281","4.1886120996441285"
"41","50","0.0025","0.29","3","0.5","0.05","1","80","5","8","0","0.5","10","87","282","4.1453900709219855"
"39","20","0.0025","0.29","3","0.5","0.05","1","80","5","8","0","0.5","10","109","268","4.085820895522388"
"42","50","0.0025","0.29","3","0.5","0.05","1","80","5","8","0","0.5","10","86","262","4.038167938931298"
"40","20","0.0025","0.29","3","0.5","0.05","1","80","5","8","0","0.5","10","96","280","4.185714285714286"
"39","20","0.0025","0.29","3","0.5","0.05","1","80","5","8","0","0.5","10","110","268","4.156716417910448"
"43","50","0.0025","0.29","3","0.5","0.05","1","80","5","8","0","0.5","10","7","240","4.1125"
"39","20","0.0025","0.29","3","0.5","0.05","1","80","5","8","0","0.5","10","111","267","4.157303370786517"
"43","50","0.0025","0.29","3","0.5","0.05","1","80","5","8","0","0.5","10","8","240","4.1125"
"42","50","0.0025","0.29","3","0.5","0.05","1","80","5","8","0","0.5","10","87","261","4.030651340996169"
"43","50","0.0025","0.29","3","0.5","0.05","1","80","5","8","0","0.5","10","9","238","4.11344537815126"
"41","50","0.0025","0.29","3","0.5","0.05","1","80","5","8","0","0.5","10","88","282","4.148936170212766"
"38","20","0.0025","0.29","3","0.5","0.05","1","80","5","8","0","0.5","10","106","287","4.017421602787456"
"41","50","0.0025","0.29","3","0.5","0.05","1","80","5","8","0","0.5","10","89","281","4.145907473309609"
"38","20","0.0025","0.29","3","0.5","0.05","1","80","5","8","0","0.5","10","107","286","4.0174825174825175"
"39","20","0.0025","0.29","3","0.5","0.05","1","80","5","8","0","0.5","10","112","266","4.157894736842105"
"41","50","0.0025","0.29","3","0.5","0.05","1","80","5","8","0","0.5","10","90","279","4.146953405017921"
"42","50","0.0025","0.29","3","0.5","0.05","1","80","5","8","0","0.5","10","88","261","4.038314176245211"
"43","50","0.0025","0.29","3","0.5","0.05","1","80","5","8","0","0.5","10","10","237","4.113924050632911"
"38","20","0.0025","0.29","3","0.5","0.05","1","80","5","8","0","0.5","10","108","285","4.017543859649122"
"39","20","0.0025","0.29","3","0.5","0.05","1","80","5","8","0","0.5","10","113","265","4.154716981132076"
"43","50","0.0025","0.29","3","0.5","0.05","1","80","5","8","0","0.5","10","11","237","4.113924050632911"
"42","50","0.0025","0.29","3","0.5","0.05","1","80","5","8","0","0.5","10","89","258","4.034883720930233"
"39","20","0.0025","0.29","3","0.5","0.05","1","80","5","8","0","0.5","10","114","265","4.154716981132076"
"43","50","0.0025","0.29","3","0.5","0.05","1","80","5","8","0","0.5","10","12","237","4.113924050632911"
"40","20","0.0025","0.29","3","0.5","0.05","1","80","5","8","0","0.5","10","97","302","3.8675496688741724"
"42","50","0.0025","0.29","3","0.5","0.05","1","80","5","8","0","0.5","10","90","257","4.035019455252918"
"40","20","0.0025","0.29","3","0.5","0.05","1","80","5","8","0","0.5","10","98","300","4.223333333333334"
"40","20","0.0025","0.29","3","0.5","0.05","1","80","5","8","0","0.5","10","99","298","4.221476510067114"
"41","50","0.0025","0.29","3","0.5","0.05","1","80","5","8","0","0.5","10","91","278","4.14748201438849"
"41","50","0.0025","0.29","3","0.5","0.05","1","80","5","8","0","0.5","10","92","277","4.1516245487364625"
"39","20","0.0025","0.29","3","0.5","0.05","1","80","5","8","0","0.5","10","115","264","4.162878787878788"
"41","50","0.0025","0.29","3","0.5","0.05","1","80","5","8","0","0.5","10","93","275","4.141818181818182"
"39","20","0.0025","0.29","3","0.5","0.05","1","80","5","8","0","0.5","10","116","262","4.1603053435114505"
"43","50","0.0025","0.29","3","0.5","0.05","1","80","5","8","0","0.5","10","13","246","3.9186991869918697"
"39","20","0.0025","0.29","3","0.5","0.05","1","80","5","8","0","0.5","10","117","262","4.156488549618321"
"42","50","0.0025","0.29","3","0.5","0.05","1","80","5","8","0","0.5","10","91","255","4.023529411764706"
"43","50","0.0025","0.29","3","0.5","0.05","1","80","5","8","0","0.5","10","14","245","4.134693877551021"
"38","20","0.0025","0.29","3","0.5","0.05","1","80","5","8","0","0.5","10","109","293","3.8805460750853245"
"43","50","0.0025","0.29","3","0.5","0.05","1","80","5","8","0","0.5","10","15","245","4.1387755102040815"
"42","50","0.0025","0.29","3","0.5","0.05","1","80","5","8","0","0.5","10","92","254","4.0236220472440944"
"38","20","0.0025","0.29","3","0.5","0.05","1","80","5","8","0","0.5","10","110","293","4.003412969283277"
"42","50","0.0025","0.29","3","0.5","0.05","1","80","5","8","0","0.5","10","93","254","4.0236220472440944"
"40","20","0.0025","0.29","3","0.5","0.05","1","80","5","8","0","0.5","10","100","298","4.221476510067114"
"38","20","0.0025","0.29","3","0.5","0.05","1","80","5","8","0","0.5","10","111","292","4.006849315068493"
"40","20","0.0025","0.29","3","0.5","0.05","1","80","5","8","0","0.5","10","101","298","4.221476510067114"
"41","50","0.0025","0.29","3","0.5","0.05","1","80","5","8","0","0.5","10","94","274","4.142335766423358"
"39","20","0.0025","0.29","3","0.5","0.05","1","80","5","8","0","0.5","10","118","261","4.164750957854406"
"43","50","0.0025","0.29","3","0.5","0.05","1","80","5","8","0","0.5","10","16","243","4.135802469135802"
"41","50","0.0025","0.29","3","0.5","0.05","1","80","5","8","0","0.5","10","95","272","4.147058823529412"
"40","20","0.0025","0.29","3","0.5","0.05","1","80","5","8","0","0.5","10","102","298","4.221476510067114"
"39","20","0.0025","0.29","3","0.5","0.05","1","80","5","8","0","0.5","10","119","260","4.157692307692308"
"43","50","0.0025","0.29","3","0.5","0.05","1","80","5","8","0","0.5","10","17","241","4.145228215767635"
"41","50","0.0025","0.29","3","0.5","0.05","1","80","5","8","0","0.5","10","96","272","4.143382352941177"
"39","20","0.0025","0.29","3","0.5","0.05","1","80","5","8","0","0.5","10","120","259","4.162162162162162"
"43","50","0.0025","0.29","3","0.5","0.05","1","80","5","8","0","0.5","10","18","241","4.136929460580913"
"38","20","0.0025","0.29","3","0.5","0.05","1","80","5","8","0","0.5","10","112","292","4.0034246575342465"
"42","50","0.0025","0.29","3","0.5","0.05","1","80","5","8","0","0.5","10","94","252","4.023809523809524"
"38","20","0.0025","0.29","3","0.5","0.05","1","80","5","8","0","0.5","10","113","289","4.003460207612457"
"42","50","0.0025","0.29","3","0.5","0.05","1","80","5","8","0","0.5","10","95","251","4.0199203187251"
"42","50","0.0025","0.29","3","0.5","0.05","1","80","5","8","0","0.5","10","96","251","4.0239043824701195"
"38","20","0.0025","0.29","3","0.5","0.05","1","80","5","8","0","0.5","10","114","288","4.003472222222222"
"40","20","0.0025","0.29","3","0.5","0.05","1","80","5","8","0","0.5","10","103","297","4.222222222222222"
"43","50","0.0025","0.29","3","0.5","0.05","1","80","5","8","0","0.5","10","19","241","4.145228215767635"
"43","50","0.0025","0.29","3","0.5","0.05","1","80","5","8","0","0.5","10","20","240","4.1375"
"40","20","0.0025","0.29","3","0.5","0.05","1","80","5","8","0","0.5","10","104","295","4.220338983050848"
"44","50","0.0025","0.29","3","0.5","0.05","1","80","5","8","0","0.5","10","0","229","3.925764192139738"
"43","50","0.0025","0.29","3","0.5","0.05","1","80","5","8","0","0.5","10","21","240","4.145833333333333"
"40","20","0.0025","0.29","3","0.5","0.05","1","80","5","8","0","0.5","10","105","294","4.217687074829932"
"41","50","0.0025","0.29","3","0.5","0.05","1","80","5","8","0","0.5","10","97","291","3.8419243986254297"
"38","20","0.0025","0.29","3","0.5","0.05","1","80","5","8","0","0.5","10","115","287","4.003484320557491"
"41","50","0.0025","0.29","3","0.5","0.05","1","80","5","8","0","0.5","10","98","290","4.127586206896551"
"38","20","0.0025","0.29","3","0.5","0.05","1","80","5","8","0","0.5","10","116","287","4.003484320557491"
"43","50","0.0025","0.29","3","0.5","0.05","1","80","5","8","0","0.5","10","22","240","4.1375"
"42","50","0.0025","0.29","3","0.5","0.05","1","80","5","8","0","0.5","10","97","260","3.8807692307692307"
"41","50","0.0025","0.29","3","0.5","0.05","1","80","5","8","0","0.5","10","99","289","4.141868512110727"
"38","20","0.0025","0.29","3","0.5","0.05","1","80","5","8","0","0.5","10","117","286","4.003496503496503"
"44","50","0.0025","0.29","3","0.5","0.05","1","80","5","8","0","0.5","10","1","228","3.8947368421052633"
"43","50","0.0025","0.29","3","0.5","0.05","1","80","5","8","0","0.5","10","23","240","4.145833333333333"
"42","50","0.0025","0.29","3","0.5","0.05","1","80","5","8","0","0.5","10","98","260","4.046153846153846"
"44","50","0.0025","0.29","3","0.5","0.05","1","80","5","8","0","0.5","10","2","227","3.920704845814978"
"43","50","0.0025","0.29","3","0.5","0.05","1","80","5","8","0","0.5","10","24","238","4.138655462184874"
"42","50","0.0025","0.29","3","0.5","0.05","1","80","5","8","0","0.5","10","99","260","4.030769230769231"
"44","50","0.0025","0.29","3","0.5","0.05","1","80","5","8","0","0.5","10","3","227","3.9251101321585904"
"40","20","0.0025","0.29","3","0.5","0.05","1","80","5","8","0","0.5","10","106","292","4.222602739726027"
"40","20","0.0025","0.29","3","0.5","0.05","1","80","5","8","0","0.5","10","107","291","4.22680412371134"
"41","50","0.0025","0.29","3","0.5","0.05","1","80","5","8","0","0.5","10","100","287","4.139372822299651"
"40","20","0.0025","0.29","3","0.5","0.05","1","80","5","8","0","0.5","10","108","290","4.227586206896552"
"38","20","0.0025","0.29","3","0.5","0.05","1","80","5","8","0","0.5","10","118","286","4.003496503496503"
"41","50","0.0025","0.29","3","0.5","0.05","1","80","5","8","0","0.5","10","101","286","4.143356643356643"
"42","50","0.0025","0.29","3","0.5","0.05","1","80","5","8","0","0.5","10","100","258","4.038759689922481"
"38","20","0.0025","0.29","3","0.5","0.05","1","80","5","8","0","0.5","10","119","286","4.003496503496503"
"44","50","0.0025","0.29","3","0.5","0.05","1","80","5","8","0","0.5","10","4","226","3.924778761061947"
"43","50","0.0025","0.29","3","0.5","0.05","1","80","5","8","0","0.5","10","25","254","3.87007874015748"
"41","50","0.0025","0.29","3","0.5","0.05","1","80","5","8","0","0.5","10","102","284","4.140845070422535"
"42","50","0.0025","0.29","3","0.5","0.05","1","80","5","8","0","0.5","10","101","256","4.03515625"
"44","50","0.0025","0.29","3","0.5","0.05","1","80","5","8","0","0.5","10","5","225","3.928888888888889"
"38","20","0.0025","0.29","3","0.5","0.05","1","80","5","8","0","0.5","10","120","285","4.003508771929824"
"43","50","0.0025","0.29","3","0.5","0.05","1","80","5","8","0","0.5","10","26","253","4.118577075098814"
"42","50","0.0025","0.29","3","0.5","0.05","1","80","5","8","0","0.5","10","102","254","4.039370078740157"
"44","50","0.0025","0.29","3","0.5","0.05","1","80","5","8","0","0.5","10","6","224","3.9285714285714284"
"43","50","0.0025","0.29","3","0.5","0.05","1","80","5","8","0","0.5","10","27","253","4.118577075098814"
"44","50","0.0025","0.29","3","0.5","0.05","1","80","5","8","0","0.5","10","7","221","3.927601809954751"
"41","50","0.0025","0.29","3","0.5","0.05","1","80","5","8","0","0.5","10","103","284","4.147887323943662"
"43","50","0.0025","0.29","3","0.5","0.05","1","80","5","8","0","0.5","10","28","252","4.111111111111111"
"42","50","0.0025","0.29","3","0.5","0.05","1","80","5","8","0","0.5","10","103","253","4.0355731225296445"
"44","50","0.0025","0.29","3","0.5","0.05","1","80","5","8","0","0.5","10","8","221","3.927601809954751"
"40","20","0.0025","0.29","3","0.5","0.05","1","80","5","8","0","0.5","10","109","301","4.026578073089701"
"43","50","0.0025","0.29","3","0.5","0.05","1","80","5","8","0","0.5","10","29","252","4.119047619047619"
"42","50","0.0025","0.29","3","0.5","0.05","1","80","5","8","0","0.5","10","104","251","4.039840637450199"
"45","50","0.0025","0.29","3","0.5","0.05","1","80","5","8","0","0.5","10","0","248","4.060483870967742"
"44","50","0.0025","0.29","3","0.5","0.05","1","80","5","8","0","0.5","10","9","220","3.9272727272727272"
"41","50","0.0025","0.29","3","0.5","0.05","1","80","5","8","0","0.5","10","104","283","4.141342756183746"
"43","50","0.0025","0.29","3","0.5","0.05","1","80","5","8","0","0.5","10","30","248","4.112903225806452"
"40","20","0.0025","0.29","3","0.5","0.05","1","80","5","8","0","0.5","10","110","299","4.207357859531773"
"42","50","0.0025","0.29","3","0.5","0.05","1","80","5","8","0","0.5","10","105","248","4.036290322580645"
"41","50","0.0025","0.29","3","0.5","0.05","1","80","5","8","0","0.5","10","105","281","4.142348754448399"
"40","20","0.0025","0.29","3","0.5","0.05","1","80","5","8","0","0.5","10","111","299","4.20066889632107"
"44","50","0.0025","0.29","3","0.5","0.05","1","80","5","8","0","0.5","10","10","220","3.9272727272727272"
"43","50","0.0025","0.29","3","0.5","0.05","1","80","5","8","0","0.5","10","31","247","4.1214574898785425"
"45","50","0.0025","0.29","3","0.5","0.05","1","80","5","8","0","0.5","10","1","248","4.120967741935484"
"44","50","0.0025","0.29","3","0.5","0.05","1","80","5","8","0","0.5","10","11","219","3.9269406392694064"
"43","50","0.0025","0.29","3","0.5","0.05","1","80","5","8","0","0.5","10","32","244","4.118852459016393"
"45","50","0.0025","0.29","3","0.5","0.05","1","80","5","8","0","0.5","10","2","248","4.016129032258065"
"44","50","0.0025","0.29","3","0.5","0.05","1","80","5","8","0","0.5","10","12","218","3.926605504587156"
"42","50","0.0025","0.29","3","0.5","0.05","1","80","5","8","0","0.5","10","106","247","4.044534412955466"
"43","50","0.0025","0.29","3","0.5","0.05","1","80","5","8","0","0.5","10","33","242","4.12396694214876"
"45","50","0.0025","0.29","3","0.5","0.05","1","80","5","8","0","0.5","10","3","247","4.016194331983805"
"40","20","0.0025","0.29","3","0.5","0.05","1","80","5","8","0","0.5","10","112","297","4.198653198653199"
"41","50","0.0025","0.29","3","0.5","0.05","1","80","5","8","0","0.5","10","106","278","4.133093525179856"
"42","50","0.0025","0.29","3","0.5","0.05","1","80","5","8","0","0.5","10","107","246","4.044715447154472"
"42","50","0.0025","0.29","3","0.5","0.05","1","80","5","8","0","0.5","10","108","244","4.049180327868853"
"41","50","0.0025","0.29","3","0.5","0.05","1","80","5","8","0","0.5","10","107","278","4.133093525179856"
"40","20","0.0025","0.29","3","0.5","0.05","1","80","5","8","0","0.5","10","113","296","4.199324324324325"
"40","20","0.0025","0.29","3","0.5","0.05","1","80","5","8","0","0.5","10","114","296","4.199324324324325"
"41","50","0.0025","0.29","3","0.5","0.05","1","80","5","8","0","0.5","10","108","277","4.129963898916968"
"45","50","0.0025","0.29","3","0.5","0.05","1","80","5","8","0","0.5","10","4","246","4.004065040650406"
"44","50","0.0025","0.29","3","0.5","0.05","1","80","5","8","0","0.5","10","13","228","3.736842105263158"
"43","50","0.0025","0.29","3","0.5","0.05","1","80","5","8","0","0.5","10","34","242","4.119834710743802"
"44","50","0.0025","0.29","3","0.5","0.05","1","80","5","8","0","0.5","10","14","228","3.8991228070175437"
"45","50","0.0025","0.29","3","0.5","0.05","1","80","5","8","0","0.5","10","5","246","4.012195121951219"
"43","50","0.0025","0.29","3","0.5","0.05","1","80","5","8","0","0.5","10","35","242","4.119834710743802"
"44","50","0.0025","0.29","3","0.5","0.05","1","80","5","8","0","0.5","10","15","227","3.898678414096916"
"43","50","0.0025","0.29","3","0.5","0.05","1","80","5","8","0","0.5","10","36","241","4.1203319502074685"
"45","50","0.0025","0.29","3","0.5","0.05","1","80","5","8","0","0.5","10","6","246","4.012195121951219"
"44","50","0.0025","0.29","3","0.5","0.05","1","80","5","8","0","0.5","10","16","227","3.9030837004405288"
"40","20","0.0025","0.29","3","0.5","0.05","1","80","5","8","0","0.5","10","115","296","4.199324324324325"
"44","50","0.0025","0.29","3","0.5","0.05","1","80","5","8","0","0.5","10","17","227","3.9030837004405288"
"42","50","0.0025","0.29","3","0.5","0.05","1","80","5","8","0","0.5","10","109","260","3.796153846153846"
"40","20","0.0025","0.29","3","0.5","0.05","1","80","5","8","0","0.5","10","116","294","4.200680272108843"
"45","50","0.0025","0.29","3","0.5","0.05","1","80","5","8","0","0.5","10","7","246","4.012195121951219"
"44","50","0.0025","0.29","3","0.5","0.05","1","80","5","8","0","0.5","10","18","226","3.9026548672566372"
"42","50","0.0025","0.29","3","0.5","0.05","1","80","5","8","0","0.5","10","110","260","4.084615384615384"
"40","20","0.0025","0.29","3","0.5","0.05","1","80","5","8","0","0.5","10","117","292","4.2020547945205475"
"45","50","0.0025","0.29","3","0.5","0.05","1","80","5","8","0","0.5","10","8","245","4.016326530612245"
"41","50","0.0025","0.29","3","0.5","0.05","1","80","5","8","0","0.5","10","109","288","3.951388888888889"
"42","50","0.0025","0.29","3","0.5","0.05","1","80","5","8","0","0.5","10","111","260","4.073076923076923"
"43","50","0.0025","0.29","3","0.5","0.05","1","80","5","8","0","0.5","10","37","253","3.909090909090909"
"45","50","0.0025","0.29","3","0.5","0.05","1","80","5","8","0","0.5","10","9","244","4.020491803278689"
"41","50","0.0025","0.29","3","0.5","0.05","1","80","5","8","0","0.5","10","110","285","4.150877192982456"
"43","50","0.0025","0.29","3","0.5","0.05","1","80","5","8","0","0.5","10","38","252","4.142857142857143"
"44","50","0.0025","0.29","3","0.5","0.05","1","80","5","8","0","0.5","10","19","225","3.902222222222222"
"41","50","0.0025","0.29","3","0.5","0.05","1","80","5","8","0","0.5","10","111","283","4.148409893992933"
"44","50","0.0025","0.29","3","0.5","0.05","1","80","5","8","0","0.5","10","20","225","3.902222222222222"
"43","50","0.0025","0.29","3","0.5","0.05","1","80","5","8","0","0.5","10","39","250","4.148"
"44","50","0.0025","0.29","3","0.5","0.05","1","80","5","8","0","0.5","10","21","224","3.9017857142857144"
"42","50","0.0025","0.29","3","0.5","0.05","1","80","5","8","0","0.5","10","112","259","4.081081081081081"
"45","50","0.0025","0.29","3","0.5","0.05","1","80","5","8","0","0.5","10","10","244","4.020491803278689"
"42","50","0.0025","0.29","3","0.5","0.05","1","80","5","8","0","0.5","10","113","258","4.073643410852713"
"45","50","0.0025","0.29","3","0.5","0.05","1","80","5","8","0","0.5","10","11","244","4.020491803278689"
"40","20","0.0025","0.29","3","0.5","0.05","1","80","5","8","0","0.5","10","118","288","4.201388888888889"
"42","50","0.0025","0.29","3","0.5","0.05","1","80","5","8","0","0.5","10","114","257","4.081712062256809"
"45","50","0.0025","0.29","3","0.5","0.05","1","80","5","8","0","0.5","10","12","244","4.020491803278689"
"40","20","0.0025","0.29","3","0.5","0.05","1","80","5","8","0","0.5","10","119","287","4.195121951219512"
"44","50","0.0025","0.29","3","0.5","0.05","1","80","5","8","0","0.5","10","22","223","3.901345291479821"
"43","50","0.0025","0.29","3","0.5","0.05","1","80","5","8","0","0.5","10","40","247","4.137651821862348"
"44","50","0.0025","0.29","3","0.5","0.05","1","80","5","8","0","0.5","10","23","223","3.901345291479821"
"40","20","0.0025","0.29","3","0.5","0.05","1","80","5","8","0","0.5","10","120","287","4.198606271777003"
"43","50","0.0025","0.29","3","0.5","0.05","1","80","5","8","0","0.5","10","41","247","4.1417004048583"
"41","50","0.0025","0.29","3","0.5","0.05","1","80","5","8","0","0.5","10","112","283","4.137809187279152"
"44","50","0.0025","0.29","3","0.5","0.05","1","80","5","8","0","0.5","10","24","223","3.901345291479821"
"43","50","0.0025","0.29","3","0.5","0.05","1","80","5","8","0","0.5","10","42","247","4.137651821862348"
"41","50","0.0025","0.29","3","0.5","0.05","1","80","5","8","0","0.5","10","113","280","4.142857142857143"
"41","50","0.0025","0.29","3","0.5","0.05","1","80","5","8","0","0.5","10","114","280","4.142857142857143"
"42","50","0.0025","0.29","3","0.5","0.05","1","80","5","8","0","0.5","10","115","256","4.0703125"
"45","50","0.0025","0.29","3","0.5","0.05","1","80","5","8","0","0.5","10","13","258","3.802325581395349"
"42","50","0.0025","0.29","3","0.5","0.05","1","80","5","8","0","0.5","10","116","255","4.078431372549019"
"44","50","0.0025","0.29","3","0.5","0.05","1","80","5","8","0","0.5","10","25","235","3.702127659574468"
"45","50","0.0025","0.29","3","0.5","0.05","1","80","5","8","0","0.5","10","14","257","4.007782101167315"
"42","50","0.0025","0.29","3","0.5","0.05","1","80","5","8","0","0.5","10","117","254","4.066929133858268"
"43","50","0.0025","0.29","3","0.5","0.05","1","80","5","8","0","0.5","10","43","246","4.142276422764228"
"44","50","0.0025","0.29","3","0.5","0.05","1","80","5","8","0","0.5","10","26","235","3.948936170212766"
"46","50","0.0025","0.29","3","0.5","0.05","1","80","5","8","0","0.5","10","0","226","3.924778761061947"
"45","50","0.0025","0.29","3","0.5","0.05","1","80","5","8","0","0.5","10","15","256","3.98828125"
"43","50","0.0025","0.29","3","0.5","0.05","1","80","5","8","0","0.5","10","44","246","4.138211382113822"
"44","50","0.0025","0.29","3","0.5","0.05","1","80","5","8","0","0.5","10","27","235","3.953191489361702"
"43","50","0.0025","0.29","3","0.5","0.05","1","80","5","8","0","0.5","10","45","246","4.142276422764228"
"41","50","0.0025","0.29","3","0.5","0.05","1","80","5","8","0","0.5","10","115","276","4.134057971014493"
"42","50","0.0025","0.29","3","0.5","0.05","1","80","5","8","0","0.5","10","118","251","4.067729083665339"
"41","50","0.0025","0.29","3","0.5","0.05","1","80","5","8","0","0.5","10","116","276","4.115942028985507"
"44","50","0.0025","0.29","3","0.5","0.05","1","80","5","8","0","0.5","10","28","235","3.948936170212766"
"45","50","0.0025","0.29","3","0.5","0.05","1","80","5","8","0","0.5","10","16","255","3.988235294117647"
"44","50","0.0025","0.29","3","0.5","0.05","1","80","5","8","0","0.5","10","29","235","3.953191489361702"
"41","50","0.0025","0.29","3","0.5","0.05","1","80","5","8","0","0.5","10","117","275","4.116363636363636"
"42","50","0.0025","0.29","3","0.5","0.05","1","80","5","8","0","0.5","10","119","250","4.056"
"46","50","0.0025","0.29","3","0.5","0.05","1","80","5","8","0","0.5","10","1","225","4.013333333333334"
"45","50","0.0025","0.29","3","0.5","0.05","1","80","5","8","0","0.5","10","17","254","3.9881889763779528"
"43","50","0.0025","0.29","3","0.5","0.05","1","80","5","8","0","0.5","10","46","246","4.138211382113822"
"44","50","0.0025","0.29","3","0.5","0.05","1","80","5","8","0","0.5","10","30","234","3.948717948717949"
"42","50","0.0025","0.29","3","0.5","0.05","1","80","5","8","0","0.5","10","120","249","4.0602409638554215"
"45","50","0.0025","0.29","3","0.5","0.05","1","80","5","8","0","0.5","10","18","254","3.9881889763779528"
"46","50","0.0025","0.29","3","0.5","0.05","1","80","5","8","0","0.5","10","2","225","4.0088888888888885"
"43","50","0.0025","0.29","3","0.5","0.05","1","80","5","8","0","0.5","10","47","246","4.142276422764228"
"46","50","0.0025","0.29","3","0.5","0.05","1","80","5","8","0","0.5","10","3","224","4.008928571428571"
"43","50","0.0025","0.29","3","0.5","0.05","1","80","5","8","0","0.5","10","48","246","4.138211382113822"
"44","50","0.0025","0.29","3","0.5","0.05","1","80","5","8","0","0.5","10","31","234","3.9572649572649574"
"44","50","0.0025","0.29","3","0.5","0.05","1","80","5","8","0","0.5","10","32","234","3.9572649572649574"
"45","50","0.0025","0.29","3","0.5","0.05","1","80","5","8","0","0.5","10","19","253","3.9881422924901186"
"44","50","0.0025","0.29","3","0.5","0.05","1","80","5","8","0","0.5","10","33","233","3.9570815450643777"
"45","50","0.0025","0.29","3","0.5","0.05","1","80","5","8","0","0.5","10","20","252","3.988095238095238"
"41","50","0.0025","0.29","3","0.5","0.05","1","80","5","8","0","0.5","10","118","274","4.113138686131387"
"46","50","0.0025","0.29","3","0.5","0.05","1","80","5","8","0","0.5","10","4","224","4.008928571428571"
"45","50","0.0025","0.29","3","0.5","0.05","1","80","5","8","0","0.5","10","21","252","3.988095238095238"
"41","50","0.0025","0.29","3","0.5","0.05","1","80","5","8","0","0.5","10","119","274","4.109489051094891"
"46","50","0.0025","0.29","3","0.5","0.05","1","80","5","8","0","0.5","10","5","224","4.008928571428571"
"47","50","0.0025","0.29","3","0.5","0.05","1","80","5","8","0","0.5","10","0","230","4.147826086956521"
"46","50","0.0025","0.29","3","0.5","0.05","1","80","5","8","0","0.5","10","6","222","4.013513513513513"
"41","50","0.0025","0.29","3","0.5","0.05","1","80","5","8","0","0.5","10","120","274","4.109489051094891"
"44","50","0.0025","0.29","3","0.5","0.05","1","80","5","8","0","0.5","10","34","232","3.956896551724138"
"44","50","0.0025","0.29","3","0.5","0.05","1","80","5","8","0","0.5","10","35","232","3.956896551724138"
"43","50","0.0025","0.29","3","0.5","0.05","1","80","5","8","0","0.5","10","49","282","3.595744680851064"
"44","50","0.0025","0.29","3","0.5","0.05","1","80","5","8","0","0.5","10","36","232","3.956896551724138"
"45","50","0.0025","0.29","3","0.5","0.05","1","80","5","8","0","0.5","10","22","252","3.988095238095238"
"43","50","0.0025","0.29","3","0.5","0.05","1","80","5","8","0","0.5","10","50","281","4.099644128113879"
"45","50","0.0025","0.29","3","0.5","0.05","1","80","5","8","0","0.5","10","23","249","3.9879518072289155"
"46","50","0.0025","0.29","3","0.5","0.05","1","80","5","8","0","0.5","10","7","221","4.018099547511312"
"47","50","0.0025","0.29","3","0.5","0.05","1","80","5","8","0","0.5","10","1","229","4.104803493449782"
"43","50","0.0025","0.29","3","0.5","0.05","1","80","5","8","0","0.5","10","51","279","4.086021505376344"
"46","50","0.0025","0.29","3","0.5","0.05","1","80","5","8","0","0.5","10","8","221","4.018099547511312"
"45","50","0.0025","0.29","3","0.5","0.05","1","80","5","8","0","0.5","10","24","248","3.9879032258064515"
"47","50","0.0025","0.29","3","0.5","0.05","1","80","5","8","0","0.5","10","2","228","4.065789473684211"
"46","50","0.0025","0.29","3","0.5","0.05","1","80","5","8","0","0.5","10","9","221","4.018099547511312"
"44","50","0.0025","0.29","3","0.5","0.05","1","80","5","8","0","0.5","10","37","246","3.731707317073171"
"47","50","0.0025","0.29","3","0.5","0.05","1","80","5","8","0","0.5","10","3","228","4.052631578947368"
"44","50","0.0025","0.29","3","0.5","0.05","1","80","5","8","0","0.5","10","38","246","3.9796747967479673"
"48","50","0.0025","0.29","3","0.5","0.05","1","80","5","8","0","0.5","10","0","256","3.98046875"
"44","50","0.0025","0.29","3","0.5","0.05","1","80","5","8","0","0.5","10","39","245","3.975510204081633"
"46","50","0.0025","0.29","3","0.5","0.05","1","80","5","8","0","0.5","10","10","221","4.018099547511312"
"43","50","0.0025","0.29","3","0.5","0.05","1","80","5","8","0","0.5","10","52","278","4.079136690647482"
"46","50","0.0025","0.29","3","0.5","0.05","1","80","5","8","0","0.5","10","11","221","4.018099547511312"
"47","50","0.0025","0.29","3","0.5","0.05","1","80","5","8","0","0.5","10","4","228","4.052631578947368"
"43","50","0.0025","0.29","3","0.5","0.05","1","80","5","8","0","0.5","10","53","278","4.071942446043166"
"47","50","0.0025","0.29","3","0.5","0.05","1","80","5","8","0","0.5","10","5","228","4.052631578947368"
"46","50","0.0025","0.29","3","0.5","0.05","1","80","5","8","0","0.5","10","12","220","4.0181818181818185"
"44","50","0.0025","0.29","3","0.5","0.05","1","80","5","8","0","0.5","10","40","245","3.975510204081633"
"43","50","0.0025","0.29","3","0.5","0.05","1","80","5","8","0","0.5","10","54","276","4.072463768115942"
"45","50","0.0025","0.29","3","0.5","0.05","1","80","5","8","0","0.5","10","25","275","3.596363636363636"
"47","50","0.0025","0.29","3","0.5","0.05","1","80","5","8","0","0.5","10","6","227","4.052863436123348"
"44","50","0.0025","0.29","3","0.5","0.05","1","80","5","8","0","0.5","10","41","243","3.983539094650206"
"45","50","0.0025","0.29","3","0.5","0.05","1","80","5","8","0","0.5","10","26","275","4.010909090909091"
"44","50","0.0025","0.29","3","0.5","0.05","1","80","5","8","0","0.5","10","42","243","3.983539094650206"
"48","50","0.0025","0.29","3","0.5","0.05","1","80","5","8","0","0.5","10","1","255","4.047058823529412"
"45","50","0.0025","0.29","3","0.5","0.05","1","80","5","8","0","0.5","10","27","275","4.0181818181818185"
"48","50","0.0025","0.29","3","0.5","0.05","1","80","5","8","0","0.5","10","2","253","4.019762845849803"
"47","50","0.0025","0.29","3","0.5","0.05","1","80","5","8","0","0.5","10","7","227","4.052863436123348"
"48","50","0.0025","0.29","3","0.5","0.05","1","80","5","8","0","0.5","10","3","252","4.027777777777778"
"46","50","0.0025","0.29","3","0.5","0.05","1","80","5","8","0","0.5","10","13","246","3.5934959349593494"
"47","50","0.0025","0.29","3","0.5","0.05","1","80","5","8","0","0.5","10","8","227","4.052863436123348"
"46","50","0.0025","0.29","3","0.5","0.05","1","80","5","8","0","0.5","10","14","246","4.020325203252033"
"43","50","0.0025","0.29","3","0.5","0.05","1","80","5","8","0","0.5","10","55","275","4.058181818181819"
"44","50","0.0025","0.29","3","0.5","0.05","1","80","5","8","0","0.5","10","43","242","3.9834710743801653"
"43","50","0.0025","0.29","3","0.5","0.05","1","80","5","8","0","0.5","10","56","275","4.0618181818181816"
"47","50","0.0025","0.29","3","0.5","0.05","1","80","5","8","0","0.5","10","9","226","4.048672566371682"
"46","50","0.0025","0.29","3","0.5","0.05","1","80","5","8","0","0.5","10","15","245","4"
"45","50","0.0025","0.29","3","0.5","0.05","1","80","5","8","0","0.5","10","28","275","4.0218181818181815"
"44","50","0.0025","0.29","3","0.5","0.05","1","80","5","8","0","0.5","10","44","241","3.979253112033195"
"43","50","0.0025","0.29","3","0.5","0.05","1","80","5","8","0","0.5","10","57","274","4.0583941605839415"
"45","50","0.0025","0.29","3","0.5","0.05","1","80","5","8","0","0.5","10","29","274","4.025547445255475"
"44","50","0.0025","0.29","3","0.5","0.05","1","80","5","8","0","0.5","10","45","240","3.9875"
"45","50","0.0025","0.29","3","0.5","0.05","1","80","5","8","0","0.5","10","30","272","4.025735294117647"
"46","50","0.0025","0.29","3","0.5","0.05","1","80","5","8","0","0.5","10","16","245","4"
"48","50","0.0025","0.29","3","0.5","0.05","1","80","5","8","0","0.5","10","4","249","4.036144578313253"
"47","50","0.0025","0.29","3","0.5","0.05","1","80","5","8","0","0.5","10","10","226","4.04424778761062"
"46","50","0.0025","0.29","3","0.5","0.05","1","80","5","8","0","0.5","10","17","245","4.004081632653061"
"47","50","0.0025","0.29","3","0.5","0.05","1","80","5","8","0","0.5","10","11","226","4.04424778761062"
"48","50","0.0025","0.29","3","0.5","0.05","1","80","5","8","0","0.5","10","5","248","4.044354838709677"
"46","50","0.0025","0.29","3","0.5","0.05","1","80","5","8","0","0.5","10","18","244","4.004098360655738"
"44","50","0.0025","0.29","3","0.5","0.05","1","80","5","8","0","0.5","10","46","240","3.9791666666666665"
"47","50","0.0025","0.29","3","0.5","0.05","1","80","5","8","0","0.5","10","12","224","4.040178571428571"
"43","50","0.0025","0.29","3","0.5","0.05","1","80","5","8","0","0.5","10","58","270","4.059259259259259"
"48","50","0.0025","0.29","3","0.5","0.05","1","80","5","8","0","0.5","10","6","248","4.044354838709677"
"44","50","0.0025","0.29","3","0.5","0.05","1","80","5","8","0","0.5","10","47","240","3.9791666666666665"
"43","50","0.0025","0.29","3","0.5","0.05","1","80","5","8","0","0.5","10","59","268","4.052238805970149"
"43","50","0.0025","0.29","3","0.5","0.05","1","80","5","8","0","0.5","10","60","266","4.048872180451128"
"44","50","0.0025","0.29","3","0.5","0.05","1","80","5","8","0","0.5","10","48","240","3.9791666666666665"
"45","50","0.0025","0.29","3","0.5","0.05","1","80","5","8","0","0.5","10","31","269","4.026022304832714"
"46","50","0.0025","0.29","3","0.5","0.05","1","80","5","8","0","0.5","10","19","243","4"
"45","50","0.0025","0.29","3","0.5","0.05","1","80","5","8","0","0.5","10","32","269","4.026022304832714"
"46","50","0.0025","0.29","3","0.5","0.05","1","80","5","8","0","0.5","10","20","240","4"
"45","50","0.0025","0.29","3","0.5","0.05","1","80","5","8","0","0.5","10","33","269","4.026022304832714"
"46","50","0.0025","0.29","3","0.5","0.05","1","80","5","8","0","0.5","10","21","239","4"
"48","50","0.0025","0.29","3","0.5","0.05","1","80","5","8","0","0.5","10","7","248","4.044354838709677"
"47","50","0.0025","0.29","3","0.5","0.05","1","80","5","8","0","0.5","10","13","235","3.8127659574468087"
"47","50","0.0025","0.29","3","0.5","0.05","1","80","5","8","0","0.5","10","14","235","4.051063829787234"
"44","50","0.0025","0.29","3","0.5","0.05","1","80","5","8","0","0.5","10","49","251","3.7888446215139444"
"48","50","0.0025","0.29","3","0.5","0.05","1","80","5","8","0","0.5","10","8","247","4.044534412955466"
"47","50","0.0025","0.29","3","0.5","0.05","1","80","5","8","0","0.5","10","15","235","4.051063829787234"
"44","50","0.0025","0.29","3","0.5","0.05","1","80","5","8","0","0.5","10","50","248","3.9838709677419355"
"48","50","0.0025","0.29","3","0.5","0.05","1","80","5","8","0","0.5","10","9","247","4.044534412955466"
"44","50","0.0025","0.29","3","0.5","0.05","1","80","5","8","0","0.5","10","51","245","3.979591836734694"
"46","50","0.0025","0.29","3","0.5","0.05","1","80","5","8","0","0.5","10","22","237","4"
"45","50","0.0025","0.29","3","0.5","0.05","1","80","5","8","0","0.5","10","34","269","4.029739776951673"
"46","50","0.0025","0.29","3","0.5","0.05","1","80","5","8","0","0.5","10","23","237","4.012658227848101"
"45","50","0.0025","0.29","3","0.5","0.05","1","80","5","8","0","0.5","10","35","268","4.026119402985074"
"47","50","0.0025","0.29","3","0.5","0.05","1","80","5","8","0","0.5","10","16","235","4.051063829787234"
"43","50","0.0025","0.29","3","0.5","0.05","1","80","5","8","0","0.5","10","61","279","3.8530465949820787"
"46","50","0.0025","0.29","3","0.5","0.05","1","80","5","8","0","0.5","10","24","235","4.012765957446809"
"47","50","0.0025","0.29","3","0.5","0.05","1","80","5","8","0","0.5","10","17","234","4.051282051282051"
"45","50","0.0025","0.29","3","0.5","0.05","1","80","5","8","0","0.5","10","36","265","4.030188679245283"
"43","50","0.0025","0.29","3","0.5","0.05","1","80","5","8","0","0.5","10","62","278","4.0647482014388485"
"47","50","0.0025","0.29","3","0.5","0.05","1","80","5","8","0","0.5","10","18","233","4.051502145922747"
"43","50","0.0025","0.29","3","0.5","0.05","1","80","5","8","0","0.5","10","63","276","4.068840579710145"
"48","50","0.0025","0.29","3","0.5","0.05","1","80","5","8","0","0.5","10","10","247","4.044534412955466"
"44","50","0.0025","0.29","3","0.5","0.05","1","80","5","8","0","0.5","10","52","244","4"
"48","50","0.0025","0.29","3","0.5","0.05","1","80","5","8","0","0.5","10","11","246","4.044715447154472"
"44","50","0.0025","0.29","3","0.5","0.05","1","80","5","8","0","0.5","10","53","240","4.008333333333334"
"48","50","0.0025","0.29","3","0.5","0.05","1","80","5","8","0","0.5","10","12","246","4.044715447154472"
"44","50","0.0025","0.29","3","0.5","0.05","1","80","5","8","0","0.5","10","54","236","4.016949152542373"
"47","50","0.0025","0.29","3","0.5","0.05","1","80","5","8","0","0.5","10","19","232","4.051724137931035"
"47","50","0.0025","0.29","3","0.5","0.05","1","80","5","8","0","0.5","10","20","231","4.0519480519480515"
"46","50","0.0025","0.29","3","0.5","0.05","1","80","5","8","0","0.5","10","25","251","3.756972111553785"
"47","50","0.0025","0.29","3","0.5","0.05","1","80","5","8","0","0.5","10","21","229","4.043668122270742"
"46","50","0.0025","0.29","3","0.5","0.05","1","80","5","8","0","0.5","10","26","250","4.048"
"43","50","0.0025","0.29","3","0.5","0.05","1","80","5","8","0","0.5","10","64","276","4.065217391304348"
"45","50","0.0025","0.29","3","0.5","0.05","1","80","5","8","0","0.5","10","37","281","3.804270462633452"
"46","50","0.0025","0.29","3","0.5","0.05","1","80","5","8","0","0.5","10","27","249","4.06425702811245"
"43","50","0.0025","0.29","3","0.5","0.05","1","80","5","8","0","0.5","10","65","275","4.072727272727272"
"45","50","0.0025","0.29","3","0.5","0.05","1","80","5","8","0","0.5","10","38","281","4.039145907473309"
"43","50","0.0025","0.29","3","0.5","0.05","1","80","5","8","0","0.5","10","66","275","4.0618181818181816"
"44","50","0.0025","0.29","3","0.5","0.05","1","80","5","8","0","0.5","10","55","235","4.0212765957446805"
"48","50","0.0025","0.29","3","0.5","0.05","1","80","5","8","0","0.5","10","13","262","3.767175572519084"
"45","50","0.0025","0.29","3","0.5","0.05","1","80","5","8","0","0.5","10","39","280","4.053571428571429"
"47","50","0.0025","0.29","3","0.5","0.05","1","80","5","8","0","0.5","10","22","228","4.048245614035087"
"48","50","0.0025","0.29","3","0.5","0.05","1","80","5","8","0","0.5","10","14","261","4.088122605363985"
"44","50","0.0025","0.29","3","0.5","0.05","1","80","5","8","0","0.5","10","56","234","4.02991452991453"
"47","50","0.0025","0.29","3","0.5","0.05","1","80","5","8","0","0.5","10","23","226","4.04424778761062"
"44","50","0.0025","0.29","3","0.5","0.05","1","80","5","8","0","0.5","10","57","234","4.021367521367521"
"48","50","0.0025","0.29","3","0.5","0.05","1","80","5","8","0","0.5","10","15","260","4.1"
"46","50","0.0025","0.29","3","0.5","0.05","1","80","5","8","0","0.5","10","28","248","4.068548387096774"
"47","50","0.0025","0.29","3","0.5","0.05","1","80","5","8","0","0.5","10","24","224","4.044642857142857"
"46","50","0.0025","0.29","3","0.5","0.05","1","80","5","8","0","0.5","10","29","248","4.068548387096774"
"43","50","0.0025","0.29","3","0.5","0.05","1","80","5","8","0","0.5","10","67","275","4.0618181818181816"
"46","50","0.0025","0.29","3","0.5","0.05","1","80","5","8","0","0.5","10","30","247","4.068825910931174"
"45","50","0.0025","0.29","3","0.5","0.05","1","80","5","8","0","0.5","10","40","280","4.05"
"43","50","0.0025","0.29","3","0.5","0.05","1","80","5","8","0","0.5","10","68","274","4.0583941605839415"
"48","50","0.0025","0.29","3","0.5","0.05","1","80","5","8","0","0.5","10","16","258","4.108527131782946"
"45","50","0.0025","0.29","3","0.5","0.05","1","80","5","8","0","0.5","10","41","278","4.0503597122302155"
"44","50","0.0025","0.29","3","0.5","0.05","1","80","5","8","0","0.5","10","58","234","4.0256410256410255"
"43","50","0.0025","0.29","3","0.5","0.05","1","80","5","8","0","0.5","10","69","274","4.0583941605839415"
"45","50","0.0025","0.29","3","0.5","0.05","1","80","5","8","0","0.5","10","42","276","4.050724637681159"
"44","50","0.0025","0.29","3","0.5","0.05","1","80","5","8","0","0.5","10","59","234","4.021367521367521"
"48","50","0.0025","0.29","3","0.5","0.05","1","80","5","8","0","0.5","10","17","257","4.097276264591439"
"44","50","0.0025","0.29","3","0.5","0.05","1","80","5","8","0","0.5","10","60","234","4.021367521367521"
"48","50","0.0025","0.29","3","0.5","0.05","1","80","5","8","0","0.5","10","18","256","4.1015625"
"47","50","0.0025","0.29","3","0.5","0.05","1","80","5","8","0","0.5","10","25","237","3.8227848101265822"
"46","50","0.0025","0.29","3","0.5","0.05","1","80","5","8","0","0.5","10","31","247","4.0728744939271255"
"47","50","0.0025","0.29","3","0.5","0.05","1","80","5","8","0","0.5","10","26","237","4.0928270042194095"
"46","50","0.0025","0.29","3","0.5","0.05","1","80","5","8","0","0.5","10","32","247","4.068825910931174"
"47","50","0.0025","0.29","3","0.5","0.05","1","80","5","8","0","0.5","10","27","237","4.105485232067511"
"46","50","0.0025","0.29","3","0.5","0.05","1","80","5","8","0","0.5","10","33","247","4.068825910931174"
"43","50","0.0025","0.29","3","0.5","0.05","1","80","5","8","0","0.5","10","70","273","4.062271062271062"
"43","50","0.0025","0.29","3","0.5","0.05","1","80","5","8","0","0.5","10","71","271","4.062730627306273"
"45","50","0.0025","0.29","3","0.5","0.05","1","80","5","8","0","0.5","10","43","272","4.051470588235294"
"48","50","0.0025","0.29","3","0.5","0.05","1","80","5","8","0","0.5","10","19","254","4.0984251968503935"
"43","50","0.0025","0.29","3","0.5","0.05","1","80","5","8","0","0.5","10","72","270","4.07037037037037"
"45","50","0.0025","0.29","3","0.5","0.05","1","80","5","8","0","0.5","10","44","271","4.051660516605166"
"44","50","0.0025","0.29","3","0.5","0.05","1","80","5","8","0","0.5","10","61","248","3.7620967741935485"
"48","50","0.0025","0.29","3","0.5","0.05","1","80","5","8","0","0.5","10","20","253","4.098814229249012"
"47","50","0.0025","0.29","3","0.5","0.05","1","80","5","8","0","0.5","10","28","237","4.10126582278481"
"46","50","0.0025","0.29","3","0.5","0.05","1","80","5","8","0","0.5","10","34","246","4.065040650406504"
"45","50","0.0025","0.29","3","0.5","0.05","1","80","5","8","0","0.5","10","45","271","4.051660516605166"
"44","50","0.0025","0.29","3","0.5","0.05","1","80","5","8","0","0.5","10","62","247","4.032388663967612"
"48","50","0.0025","0.29","3","0.5","0.05","1","80","5","8","0","0.5","10","21","252","4.099206349206349"
"47","50","0.0025","0.29","3","0.5","0.05","1","80","5","8","0","0.5","10","29","237","4.105485232067511"
"46","50","0.0025","0.29","3","0.5","0.05","1","80","5","8","0","0.5","10","35","245","4.0653061224489795"
"44","50","0.0025","0.29","3","0.5","0.05","1","80","5","8","0","0.5","10","63","246","4.008130081300813"
"47","50","0.0025","0.29","3","0.5","0.05","1","80","5","8","0","0.5","10","30","237","4.10126582278481"
"46","50","0.0025","0.29","3","0.5","0.05","1","80","5","8","0","0.5","10","36","243","4.061728395061729"
"47","50","0.0025","0.29","3","0.5","0.05","1","80","5","8","0","0.5","10","31","235","4.1063829787234045"
"48","50","0.0025","0.29","3","0.5","0.05","1","80","5","8","0","0.5","10","22","252","4.091269841269841"
"44","50","0.0025","0.29","3","0.5","0.05","1","80","5","8","0","0.5","10","64","246","3.991869918699187"
"43","50","0.0025","0.29","3","0.5","0.05","1","80","5","8","0","0.5","10","73","289","3.7993079584775087"
"47","50","0.0025","0.29","3","0.5","0.05","1","80","5","8","0","0.5","10","32","235","4.110638297872341"
"45","50","0.0025","0.29","3","0.5","0.05","1","80","5","8","0","0.5","10","46","269","4.052044609665428"
"48","50","0.0025","0.29","3","0.5","0.05","1","80","5","8","0","0.5","10","23","250","4.092"
"44","50","0.0025","0.29","3","0.5","0.05","1","80","5","8","0","0.5","10","65","242","3.987603305785124"
"47","50","0.0025","0.29","3","0.5","0.05","1","80","5","8","0","0.5","10","33","235","4.1063829787234045"
"43","50","0.0025","0.29","3","0.5","0.05","1","80","5","8","0","0.5","10","74","288","4.0625"
"45","50","0.0025","0.29","3","0.5","0.05","1","80","5","8","0","0.5","10","47","268","4.052238805970149"
"48","50","0.0025","0.29","3","0.5","0.05","1","80","5","8","0","0.5","10","24","249","4.092369477911647"
"44","50","0.0025","0.29","3","0.5","0.05","1","80","5","8","0","0.5","10","66","242","3.9834710743801653"
"43","50","0.0025","0.29","3","0.5","0.05","1","80","5","8","0","0.5","10","75","286","4.06993006993007"
"45","50","0.0025","0.29","3","0.5","0.05","1","80","5","8","0","0.5","10","48","265","4.049056603773585"
"46","50","0.0025","0.29","3","0.5","0.05","1","80","5","8","0","0.5","10","37","266","3.691729323308271"
"47","50","0.0025","0.29","3","0.5","0.05","1","80","5","8","0","0.5","10","34","235","4.1063829787234045"
"46","50","0.0025","0.29","3","0.5","0.05","1","80","5","8","0","0.5","10","38","265","4.071698113207547"
"46","50","0.0025","0.29","3","0.5","0.05","1","80","5","8","0","0.5","10","39","265","4.071698113207547"
"47","50","0.0025","0.29","3","0.5","0.05","1","80","5","8","0","0.5","10","35","235","4.1063829787234045"
"44","50","0.0025","0.29","3","0.5","0.05","1","80","5","8","0","0.5","10","67","242","3.9834710743801653"
"47","50","0.0025","0.29","3","0.5","0.05","1","80","5","8","0","0.5","10","36","233","4.1072961373390555"
"44","50","0.0025","0.29","3","0.5","0.05","1","80","5","8","0","0.5","10","68","242","3.9834710743801653"
"43","50","0.0025","0.29","3","0.5","0.05","1","80","5","8","0","0.5","10","76","284","4.066901408450704"
"44","50","0.0025","0.29","3","0.5","0.05","1","80","5","8","0","0.5","10","69","242","3.9834710743801653"
"43","50","0.0025","0.29","3","0.5","0.05","1","80","5","8","0","0.5","10","77","283","4.067137809187279"
"46","50","0.0025","0.29","3","0.5","0.05","1","80","5","8","0","0.5","10","40","265","4.067924528301887"
"48","50","0.0025","0.29","3","0.5","0.05","1","80","5","8","0","0.5","10","25","265","3.818867924528302"
"43","50","0.0025","0.29","3","0.5","0.05","1","80","5","8","0","0.5","10","78","281","4.067615658362989"
"46","50","0.0025","0.29","3","0.5","0.05","1","80","5","8","0","0.5","10","41","265","4.071698113207547"
"48","50","0.0025","0.29","3","0.5","0.05","1","80","5","8","0","0.5","10","26","265","4.067924528301887"
"45","50","0.0025","0.29","3","0.5","0.05","1","80","5","8","0","0.5","10","49","281","3.814946619217082"
"46","50","0.0025","0.29","3","0.5","0.05","1","80","5","8","0","0.5","10","42","265","4.071698113207547"
"48","50","0.0025","0.29","3","0.5","0.05","1","80","5","8","0","0.5","10","27","265","4.064150943396227"
"47","50","0.0025","0.29","3","0.5","0.05","1","80","5","8","0","0.5","10","37","244","3.889344262295082"
"45","50","0.0025","0.29","3","0.5","0.05","1","80","5","8","0","0.5","10","50","280","4.067857142857143"
"44","50","0.0025","0.29","3","0.5","0.05","1","80","5","8","0","0.5","10","70","241","3.983402489626556"
"47","50","0.0025","0.29","3","0.5","0.05","1","80","5","8","0","0.5","10","38","244","4.086065573770492"
"45","50","0.0025","0.29","3","0.5","0.05","1","80","5","8","0","0.5","10","51","279","4.057347670250896"
"44","50","0.0025","0.29","3","0.5","0.05","1","80","5","8","0","0.5","10","71","241","3.983402489626556"
"47","50","0.0025","0.29","3","0.5","0.05","1","80","5","8","0","0.5","10","39","242","4.078512396694215"
"44","50","0.0025","0.29","3","0.5","0.05","1","80","5","8","0","0.5","10","72","240","3.9833333333333334"
"46","50","0.0025","0.29","3","0.5","0.05","1","80","5","8","0","0.5","10","43","264","4.075757575757576"
"48","50","0.0025","0.29","3","0.5","0.05","1","80","5","8","0","0.5","10","28","263","4.064638783269962"
"46","50","0.0025","0.29","3","0.5","0.05","1","80","5","8","0","0.5","10","44","263","4.068441064638783"
"43","50","0.0025","0.29","3","0.5","0.05","1","80","5","8","0","0.5","10","79","280","4.060714285714286"
"48","50","0.0025","0.29","3","0.5","0.05","1","80","5","8","0","0.5","10","29","262","4.064885496183206"
"43","50","0.0025","0.29","3","0.5","0.05","1","80","5","8","0","0.5","10","80","280","4.067857142857143"
"46","50","0.0025","0.29","3","0.5","0.05","1","80","5","8","0","0.5","10","45","263","4.064638783269962"
"48","50","0.0025","0.29","3","0.5","0.05","1","80","5","8","0","0.5","10","30","262","4.068702290076335"
"45","50","0.0025","0.29","3","0.5","0.05","1","80","5","8","0","0.5","10","52","276","4.057971014492754"
"47","50","0.0025","0.29","3","0.5","0.05","1","80","5","8","0","0.5","10","40","241","4.078838174273859"
"43","50","0.0025","0.29","3","0.5","0.05","1","80","5","8","0","0.5","10","81","280","4.060714285714286"
"47","50","0.0025","0.29","3","0.5","0.05","1","80","5","8","0","0.5","10","41","241","4.078838174273859"
"45","50","0.0025","0.29","3","0.5","0.05","1","80","5","8","0","0.5","10","53","276","4.057971014492754"
"44","50","0.0025","0.29","3","0.5","0.05","1","80","5","8","0","0.5","10","73","255","3.7490196078431373"
"47","50","0.0025","0.29","3","0.5","0.05","1","80","5","8","0","0.5","10","42","240","4.079166666666667"
"45","50","0.0025","0.29","3","0.5","0.05","1","80","5","8","0","0.5","10","54","274","4.0583941605839415"
"44","50","0.0025","0.29","3","0.5","0.05","1","80","5","8","0","0.5","10","74","255","3.9686274509803923"
"46","50","0.0025","0.29","3","0.5","0.05","1","80","5","8","0","0.5","10","46","261","4.065134099616858"
"44","50","0.0025","0.29","3","0.5","0.05","1","80","5","8","0","0.5","10","75","254","3.968503937007874"
"48","50","0.0025","0.29","3","0.5","0.05","1","80","5","8","0","0.5","10","31","262","4.064885496183206"
"46","50","0.0025","0.29","3","0.5","0.05","1","80","5","8","0","0.5","10","47","261","4.065134099616858"
"48","50","0.0025","0.29","3","0.5","0.05","1","80","5","8","0","0.5","10","32","260","4.065384615384615"
"47","50","0.0025","0.29","3","0.5","0.05","1","80","5","8","0","0.5","10","43","240","4.079166666666667"
"43","50","0.0025","0.29","3","0.5","0.05","1","80","5","8","0","0.5","10","82","278","4.068345323741007"
"46","50","0.0025","0.29","3","0.5","0.05","1","80","5","8","0","0.5","10","48","260","4.065384615384615"
"48","50","0.0025","0.29","3","0.5","0.05","1","80","5","8","0","0.5","10","33","260","4.065384615384615"
"47","50","0.0025","0.29","3","0.5","0.05","1","80","5","8","0","0.5","10","44","239","4.079497907949791"
"43","50","0.0025","0.29","3","0.5","0.05","1","80","5","8","0","0.5","10","83","276","4.057971014492754"
"47","50","0.0025","0.29","3","0.5","0.05","1","80","5","8","0","0.5","10","45","239","4.079497907949791"
"44","50","0.0025","0.29","3","0.5","0.05","1","80","5","8","0","0.5","10","76","252","3.9642857142857144"
"43","50","0.0025","0.29","3","0.5","0.05","1","80","5","8","0","0.5","10","84","274","4.062043795620438"
"45","50","0.0025","0.29","3","0.5","0.05","1","80","5","8","0","0.5","10","55","272","4.055147058823529"
"44","50","0.0025","0.29","3","0.5","0.05","1","80","5","8","0","0.5","10","77","252","3.9722222222222223"
"45","50","0.0025","0.29","3","0.5","0.05","1","80","5","8","0","0.5","10","56","270","4.059259259259259"
"44","50","0.0025","0.29","3","0.5","0.05","1","80","5","8","0","0.5","10","78","252","3.9642857142857144"
"45","50","0.0025","0.29","3","0.5","0.05","1","80","5","8","0","0.5","10","57","269","4.055762081784387"
"48","50","0.0025","0.29","3","0.5","0.05","1","80","5","8","0","0.5","10","34","259","4.065637065637065"
"47","50","0.0025","0.29","3","0.5","0.05","1","80","5","8","0","0.5","10","46","239","4.079497907949791"
"48","50","0.0025","0.29","3","0.5","0.05","1","80","5","8","0","0.5","10","35","258","4.065891472868217"
"47","50","0.0025","0.29","3","0.5","0.05","1","80","5","8","0","0.5","10","47","239","4.079497907949791"
"48","50","0.0025","0.29","3","0.5","0.05","1","80","5","8","0","0.5","10","36","255","4.0627450980392155"
"47","50","0.0025","0.29","3","0.5","0.05","1","80","5","8","0","0.5","10","48","239","4.079497907949791"
"44","50","0.0025","0.29","3","0.5","0.05","1","80","5","8","0","0.5","10","79","251","3.9681274900398407"
"46","50","0.0025","0.29","3","0.5","0.05","1","80","5","8","0","0.5","10","49","273","3.8424908424908426"
"44","50","0.0025","0.29","3","0.5","0.05","1","80","5","8","0","0.5","10","80","250","3.968"
"46","50","0.0025","0.29","3","0.5","0.05","1","80","5","8","0","0.5","10","50","273","4.1098901098901095"
"44","50","0.0025","0.29","3","0.5","0.05","1","80","5","8","0","0.5","10","81","249","3.959839357429719"
"43","50","0.0025","0.29","3","0.5","0.05","1","80","5","8","0","0.5","10","85","277","3.9783393501805056"
"45","50","0.0025","0.29","3","0.5","0.05","1","80","5","8","0","0.5","10","58","269","4.059479553903346"
"46","50","0.0025","0.29","3","0.5","0.05","1","80","5","8","0","0.5","10","51","271","4.092250922509225"
"43","50","0.0025","0.29","3","0.5","0.05","1","80","5","8","0","0.5","10","86","276","4.050724637681159"
"45","50","0.0025","0.29","3","0.5","0.05","1","80","5","8","0","0.5","10","59","269","4.055762081784387"
"43","50","0.0025","0.29","3","0.5","0.05","1","80","5","8","0","0.5","10","87","276","4.047101449275362"
"45","50","0.0025","0.29","3","0.5","0.05","1","80","5","8","0","0.5","10","60","267","4.059925093632959"
"47","50","0.0025","0.29","3","0.5","0.05","1","80","5","8","0","0.5","10","49","254","3.8070866141732282"
"47","50","0.0025","0.29","3","0.5","0.05","1","80","5","8","0","0.5","10","50","254","4.0078740157480315"
"44","50","0.0025","0.29","3","0.5","0.05","1","80","5","8","0","0.5","10","82","249","3.9518072289156625"
"46","50","0.0025","0.29","3","0.5","0.05","1","80","5","8","0","0.5","10","52","271","4.095940959409594"
"47","50","0.0025","0.29","3","0.5","0.05","1","80","5","8","0","0.5","10","51","252","4.011904761904762"
"48","50","0.0025","0.29","3","0.5","0.05","1","80","5","8","0","0.5","10","37","277","3.740072202166065"
"44","50","0.0025","0.29","3","0.5","0.05","1","80","5","8","0","0.5","10","83","249","3.9518072289156625"
"46","50","0.0025","0.29","3","0.5","0.05","1","80","5","8","0","0.5","10","53","270","4.092592592592593"
"44","50","0.0025","0.29","3","0.5","0.05","1","80","5","8","0","0.5","10","84","248","3.9556451612903225"
"48","50","0.0025","0.29","3","0.5","0.05","1","80","5","8","0","0.5","10","38","276","4.068840579710145"
"43","50","0.0025","0.29","3","0.5","0.05","1","80","5","8","0","0.5","10","88","276","4.054347826086956"
"46","50","0.0025","0.29","3","0.5","0.05","1","80","5","8","0","0.5","10","54","269","4.096654275092937"
"48","50","0.0025","0.29","3","0.5","0.05","1","80","5","8","0","0.5","10","39","276","4.072463768115942"
"43","50","0.0025","0.29","3","0.5","0.05","1","80","5","8","0","0.5","10","89","276","4.050724637681159"
"47","50","0.0025","0.29","3","0.5","0.05","1","80","5","8","0","0.5","10","52","250","4.02"
"43","50","0.0025","0.29","3","0.5","0.05","1","80","5","8","0","0.5","10","90","274","4.054744525547445"
"47","50","0.0025","0.29","3","0.5","0.05","1","80","5","8","0","0.5","10","53","249","4.020080321285141"
"45","50","0.0025","0.29","3","0.5","0.05","1","80","5","8","0","0.5","10","61","290","3.720689655172414"
"47","50","0.0025","0.29","3","0.5","0.05","1","80","5","8","0","0.5","10","54","248","4.020161290322581"
"45","50","0.0025","0.29","3","0.5","0.05","1","80","5","8","0","0.5","10","62","289","4.0588235294117645"
"46","50","0.0025","0.29","3","0.5","0.05","1","80","5","8","0","0.5","10","55","267","4.104868913857678"
"44","50","0.0025","0.29","3","0.5","0.05","1","80","5","8","0","0.5","10","85","268","3.6194029850746268"
"48","50","0.0025","0.29","3","0.5","0.05","1","80","5","8","0","0.5","10","40","276","4.072463768115942"
"45","50","0.0025","0.29","3","0.5","0.05","1","80","5","8","0","0.5","10","63","289","4.0657439446366785"
"46","50","0.0025","0.29","3","0.5","0.05","1","80","5","8","0","0.5","10","56","265","4.10188679245283"
"44","50","0.0025","0.29","3","0.5","0.05","1","80","5","8","0","0.5","10","86","268","3.9776119402985075"
"43","50","0.0025","0.29","3","0.5","0.05","1","80","5","8","0","0.5","10","91","274","4.0510948905109485"
"48","50","0.0025","0.29","3","0.5","0.05","1","80","5","8","0","0.5","10","41","275","4.072727272727272"
"43","50","0.0025","0.29","3","0.5","0.05","1","80","5","8","0","0.5","10","92","274","4.054744525547445"
"44","50","0.0025","0.29","3","0.5","0.05","1","80","5","8","0","0.5","10","87","265","3.973584905660377"
"46","50","0.0025","0.29","3","0.5","0.05","1","80","5","8","0","0.5","10","57","265","4.1056603773584905"
"48","50","0.0025","0.29","3","0.5","0.05","1","80","5","8","0","0.5","10","42","274","4.076642335766423"
"43","50","0.0025","0.29","3","0.5","0.05","1","80","5","8","0","0.5","10","93","272","4.051470588235294"
"47","50","0.0025","0.29","3","0.5","0.05","1","80","5","8","0","0.5","10","55","247","4.020242914979757"
"47","50","0.0025","0.29","3","0.5","0.05","1","80","5","8","0","0.5","10","56","246","4.020325203252033"
"45","50","0.0025","0.29","3","0.5","0.05","1","80","5","8","0","0.5","10","64","288","4.069444444444445"
"47","50","0.0025","0.29","3","0.5","0.05","1","80","5","8","0","0.5","10","57","245","4.020408163265306"
"44","50","0.0025","0.29","3","0.5","0.05","1","80","5","8","0","0.5","10","88","264","3.9734848484848486"
"45","50","0.0025","0.29","3","0.5","0.05","1","80","5","8","0","0.5","10","65","288","4.069444444444445"
"46","50","0.0025","0.29","3","0.5","0.05","1","80","5","8","0","0.5","10","58","265","4.1056603773584905"
"43","50","0.0025","0.29","3","0.5","0.05","1","80","5","8","0","0.5","10","94","271","4.055350553505535"
"44","50","0.0025","0.29","3","0.5","0.05","1","80","5","8","0","0.5","10","89","264","3.9734848484848486"
"45","50","0.0025","0.29","3","0.5","0.05","1","80","5","8","0","0.5","10","66","288","4.072916666666667"
"48","50","0.0025","0.29","3","0.5","0.05","1","80","5","8","0","0.5","10","43","271","4.07380073800738"
"46","50","0.0025","0.29","3","0.5","0.05","1","80","5","8","0","0.5","10","59","265","4.1056603773584905"
"43","50","0.0025","0.29","3","0.5","0.05","1","80","5","8","0","0.5","10","95","270","4.051851851851852"
"44","50","0.0025","0.29","3","0.5","0.05","1","80","5","8","0","0.5","10","90","263","3.973384030418251"
"48","50","0.0025","0.29","3","0.5","0.05","1","80","5","8","0","0.5","10","44","271","4.070110701107011"
"46","50","0.0025","0.29","3","0.5","0.05","1","80","5","8","0","0.5","10","60","263","4.102661596958175"
"43","50","0.0025","0.29","3","0.5","0.05","1","80","5","8","0","0.5","10","96","269","4.055762081784387"
"47","50","0.0025","0.29","3","0.5","0.05","1","80","5","8","0","0.5","10","58","243","4.012345679012346"
"48","50","0.0025","0.29","3","0.5","0.05","1","80","5","8","0","0.5","10","45","270","4.066666666666666"
"47","50","0.0025","0.29","3","0.5","0.05","1","80","5","8","0","0.5","10","59","243","4.012345679012346"
"45","50","0.0025","0.29","3","0.5","0.05","1","80","5","8","0","0.5","10","67","285","4.0701754385964914"
"47","50","0.0025","0.29","3","0.5","0.05","1","80","5","8","0","0.5","10","60","243","4.012345679012346"
"44","50","0.0025","0.29","3","0.5","0.05","1","80","5","8","0","0.5","10","91","263","3.973384030418251"
"45","50","0.0025","0.29","3","0.5","0.05","1","80","5","8","0","0.5","10","68","284","4.070422535211268"
"44","50","0.0025","0.29","3","0.5","0.05","1","80","5","8","0","0.5","10","92","263","3.973384030418251"
"45","50","0.0025","0.29","3","0.5","0.05","1","80","5","8","0","0.5","10","69","284","4.059859154929577"
"44","50","0.0025","0.29","3","0.5","0.05","1","80","5","8","0","0.5","10","93","263","3.973384030418251"
"48","50","0.0025","0.29","3","0.5","0.05","1","80","5","8","0","0.5","10","46","269","4.063197026022305"
"43","50","0.0025","0.29","3","0.5","0.05","1","80","5","8","0","0.5","10","97","284","3.841549295774648"
"46","50","0.0025","0.29","3","0.5","0.05","1","80","5","8","0","0.5","10","61","280","3.825"
"48","50","0.0025","0.29","3","0.5","0.05","1","80","5","8","0","0.5","10","47","269","4.063197026022305"
"43","50","0.0025","0.29","3","0.5","0.05","1","80","5","8","0","0.5","10","98","284","4.073943661971831"
"46","50","0.0025","0.29","3","0.5","0.05","1","80","5","8","0","0.5","10","62","277","4.090252707581228"
"48","50","0.0025","0.29","3","0.5","0.05","1","80","5","8","0","0.5","10","48","267","4.067415730337078"
"43","50","0.0025","0.29","3","0.5","0.05","1","80","5","8","0","0.5","10","99","284","4.073943661971831"
"46","50","0.0025","0.29","3","0.5","0.05","1","80","5","8","0","0.5","10","63","276","4.101449275362318"
"44","50","0.0025","0.29","3","0.5","0.05","1","80","5","8","0","0.5","10","94","263","3.973384030418251"
"47","50","0.0025","0.29","3","0.5","0.05","1","80","5","8","0","0.5","10","61","280","3.4642857142857144"
"45","50","0.0025","0.29","3","0.5","0.05","1","80","5","8","0","0.5","10","70","284","4.070422535211268"
"44","50","0.0025","0.29","3","0.5","0.05","1","80","5","8","0","0.5","10","95","263","3.973384030418251"
"45","50","0.0025","0.29","3","0.5","0.05","1","80","5","8","0","0.5","10","71","283","4.060070671378092"
"47","50","0.0025","0.29","3","0.5","0.05","1","80","5","8","0","0.5","10","62","279","4.014336917562724"
"44","50","0.0025","0.29","3","0.5","0.05","1","80","5","8","0","0.5","10","96","262","3.9732824427480917"
"45","50","0.0025","0.29","3","0.5","0.05","1","80","5","8","0","0.5","10","72","282","4.070921985815603"
"43","50","0.0025","0.29","3","0.5","0.05","1","80","5","8","0","0.5","10","100","283","4.07773851590106"
"47","50","0.0025","0.29","3","0.5","0.05","1","80","5","8","0","0.5","10","63","276","4.010869565217392"
"43","50","0.0025","0.29","3","0.5","0.05","1","80","5","8","0","0.5","10","101","281","4.074733096085409"
"46","50","0.0025","0.29","3","0.5","0.05","1","80","5","8","0","0.5","10","64","276","4.101449275362318"
"43","50","0.0025","0.29","3","0.5","0.05","1","80","5","8","0","0.5","10","102","281","4.085409252669039"
"46","50","0.0025","0.29","3","0.5","0.05","1","80","5","8","0","0.5","10","65","276","4.105072463768116"
"46","50","0.0025","0.29","3","0.5","0.05","1","80","5","8","0","0.5","10","66","273","4.1098901098901095"
"48","50","0.0025","0.29","3","0.5","0.05","1","80","5","8","0","0.5","10","49","280","3.857142857142857"
"48","50","0.0025","0.29","3","0.5","0.05","1","80","5","8","0","0.5","10","50","278","4.079136690647482"
"47","50","0.0025","0.29","3","0.5","0.05","1","80","5","8","0","0.5","10","64","276","4.003623188405797"
"44","50","0.0025","0.29","3","0.5","0.05","1","80","5","8","0","0.5","10","97","281","3.6903914590747333"
"48","50","0.0025","0.29","3","0.5","0.05","1","80","5","8","0","0.5","10","51","276","4.0978260869565215"
"47","50","0.0025","0.29","3","0.5","0.05","1","80","5","8","0","0.5","10","65","273","4"
"43","50","0.0025","0.29","3","0.5","0.05","1","80","5","8","0","0.5","10","103","280","4.082142857142857"
"44","50","0.0025","0.29","3","0.5","0.05","1","80","5","8","0","0.5","10","98","280","3.9857142857142858"
"45","50","0.0025","0.29","3","0.5","0.05","1","80","5","8","0","0.5","10","73","290","3.93448275862069"
"47","50","0.0025","0.29","3","0.5","0.05","1","80","5","8","0","0.5","10","66","272","4.0036764705882355"
"43","50","0.0025","0.29","3","0.5","0.05","1","80","5","8","0","0.5","10","104","278","4.089928057553957"
"44","50","0.0025","0.29","3","0.5","0.05","1","80","5","8","0","0.5","10","99","280","3.9892857142857143"
"45","50","0.0025","0.29","3","0.5","0.05","1","80","5","8","0","0.5","10","74","286","4.083916083916084"
"46","50","0.0025","0.29","3","0.5","0.05","1","80","5","8","0","0.5","10","67","273","4.0989010989010985"
"43","50","0.0025","0.29","3","0.5","0.05","1","80","5","8","0","0.5","10","105","277","4.093862815884476"
"45","50","0.0025","0.29","3","0.5","0.05","1","80","5","8","0","0.5","10","75","285","4.073684210526316"
"46","50","0.0025","0.29","3","0.5","0.05","1","80","5","8","0","0.5","10","68","272","4.102941176470588"
"46","50","0.0025","0.29","3","0.5","0.05","1","80","5","8","0","0.5","10","69","272","4.095588235294118"
"48","50","0.0025","0.29","3","0.5","0.05","1","80","5","8","0","0.5","10","52","276","4.101449275362318"
"48","50","0.0025","0.29","3","0.5","0.05","1","80","5","8","0","0.5","10","53","276","4.105072463768116"
"44","50","0.0025","0.29","3","0.5","0.05","1","80","5","8","0","0.5","10","100","279","3.989247311827957"
"48","50","0.0025","0.29","3","0.5","0.05","1","80","5","8","0","0.5","10","54","276","4.105072463768116"
"47","50","0.0025","0.29","3","0.5","0.05","1","80","5","8","0","0.5","10","67","272","4"
"44","50","0.0025","0.29","3","0.5","0.05","1","80","5","8","0","0.5","10","101","279","3.992831541218638"
"43","50","0.0025","0.29","3","0.5","0.05","1","80","5","8","0","0.5","10","106","274","4.094890510948905"
"45","50","0.0025","0.29","3","0.5","0.05","1","80","5","8","0","0.5","10","76","285","4.077192982456141"
"47","50","0.0025","0.29","3","0.5","0.05","1","80","5","8","0","0.5","10","68","271","4.003690036900369"
"46","50","0.0025","0.29","3","0.5","0.05","1","80","5","8","0","0.5","10","70","272","4.102941176470588"
"44","50","0.0025","0.29","3","0.5","0.05","1","80","5","8","0","0.5","10","102","276","3.9927536231884058"
"43","50","0.0025","0.29","3","0.5","0.05","1","80","5","8","0","0.5","10","107","273","4.0989010989010985"
"47","50","0.0025","0.29","3","0.5","0.05","1","80","5","8","0","0.5","10","69","268","4"
"43","50","0.0025","0.29","3","0.5","0.05","1","80","5","8","0","0.5","10","108","273","4.087912087912088"
"45","50","0.0025","0.29","3","0.5","0.05","1","80","5","8","0","0.5","10","77","283","4.074204946996466"
"46","50","0.0025","0.29","3","0.5","0.05","1","80","5","8","0","0.5","10","71","271","4.099630996309963"
"45","50","0.0025","0.29","3","0.5","0.05","1","80","5","8","0","0.5","10","78","283","4.07773851590106"
"46","50","0.0025","0.29","3","0.5","0.05","1","80","5","8","0","0.5","10","72","271","4.1033210332103325"
"48","50","0.0025","0.29","3","0.5","0.05","1","80","5","8","0","0.5","10","55","275","4.1054545454545455"
"48","50","0.0025","0.29","3","0.5","0.05","1","80","5","8","0","0.5","10","56","273","4.1098901098901095"
"48","50","0.0025","0.29","3","0.5","0.05","1","80","5","8","0","0.5","10","57","270","4.107407407407408"
"44","50","0.0025","0.29","3","0.5","0.05","1","80","5","8","0","0.5","10","103","276","3.989130434782609"
"47","50","0.0025","0.29","3","0.5","0.05","1","80","5","8","0","0.5","10","70","266","4.003759398496241"
"44","50","0.0025","0.29","3","0.5","0.05","1","80","5","8","0","0.5","10","104","274","3.989051094890511"
"47","50","0.0025","0.29","3","0.5","0.05","1","80","5","8","0","0.5","10","71","266","4"
"45","50","0.0025","0.29","3","0.5","0.05","1","80","5","8","0","0.5","10","79","282","4.074468085106383"
"44","50","0.0025","0.29","3","0.5","0.05","1","80","5","8","0","0.5","10","105","272","3.988970588235294"
"47","50","0.0025","0.29","3","0.5","0.05","1","80","5","8","0","0.5","10","72","266","4.003759398496241"
"46","50","0.0025","0.29","3","0.5","0.05","1","80","5","8","0","0.5","10","73","293","3.7918088737201363"
"43","50","0.0025","0.29","3","0.5","0.05","1","80","5","8","0","0.5","10","109","282","3.9397163120567376"
"45","50","0.0025","0.29","3","0.5","0.05","1","80","5","8","0","0.5","10","80","282","4.078014184397163"
"46","50","0.0025","0.29","3","0.5","0.05","1","80","5","8","0","0.5","10","74","293","4.109215017064846"
"45","50","0.0025","0.29","3","0.5","0.05","1","80","5","8","0","0.5","10","81","281","4.074733096085409"
"43","50","0.0025","0.29","3","0.5","0.05","1","80","5","8","0","0.5","10","110","282","4.092198581560283"
"48","50","0.0025","0.29","3","0.5","0.05","1","80","5","8","0","0.5","10","58","268","4.097014925373134"
"46","50","0.0025","0.29","3","0.5","0.05","1","80","5","8","0","0.5","10","75","293","4.1194539249146755"
"43","50","0.0025","0.29","3","0.5","0.05","1","80","5","8","0","0.5","10","111","281","4.088967971530249"
"48","50","0.0025","0.29","3","0.5","0.05","1","80","5","8","0","0.5","10","59","266","4.093984962406015"
"48","50","0.0025","0.29","3","0.5","0.05","1","80","5","8","0","0.5","10","60","262","4.099236641221374"
"44","50","0.0025","0.29","3","0.5","0.05","1","80","5","8","0","0.5","10","106","272","3.988970588235294"
"44","50","0.0025","0.29","3","0.5","0.05","1","80","5","8","0","0.5","10","107","272","3.988970588235294"
"46","50","0.0025","0.29","3","0.5","0.05","1","80","5","8","0","0.5","10","76","289","4.117647058823529"
"45","50","0.0025","0.29","3","0.5","0.05","1","80","5","8","0","0.5","10","82","280","4.078571428571428"
"44","50","0.0025","0.29","3","0.5","0.05","1","80","5","8","0","0.5","10","108","270","3.988888888888889"
"43","50","0.0025","0.29","3","0.5","0.05","1","80","5","8","0","0.5","10","112","279","4.096774193548387"
"47","50","0.0025","0.29","3","0.5","0.05","1","80","5","8","0","0.5","10","73","286","3.7202797202797204"
"46","50","0.0025","0.29","3","0.5","0.05","1","80","5","8","0","0.5","10","77","288","4.128472222222222"
"45","50","0.0025","0.29","3","0.5","0.05","1","80","5","8","0","0.5","10","83","280","4.075"
"47","50","0.0025","0.29","3","0.5","0.05","1","80","5","8","0","0.5","10","74","281","4.0213523131672595"
"43","50","0.0025","0.29","3","0.5","0.05","1","80","5","8","0","0.5","10","113","279","4.093189964157706"
"46","50","0.0025","0.29","3","0.5","0.05","1","80","5","8","0","0.5","10","78","288","4.118055555555555"
"45","50","0.0025","0.29","3","0.5","0.05","1","80","5","8","0","0.5","10","84","280","4.078571428571428"
"47","50","0.0025","0.29","3","0.5","0.05","1","80","5","8","0","0.5","10","75","279","4.025089605734767"
"43","50","0.0025","0.29","3","0.5","0.05","1","80","5","8","0","0.5","10","114","275","4.094545454545455"
"48","50","0.0025","0.29","3","0.5","0.05","1","80","5","8","0","0.5","10","61","281","3.804270462633452"
"48","50","0.0025","0.29","3","0.5","0.05","1","80","5","8","0","0.5","10","62","280","4.089285714285714"
"44","50","0.0025","0.29","3","0.5","0.05","1","80","5","8","0","0.5","10","109","294","3.6496598639455784"
"46","50","0.0025","0.29","3","0.5","0.05","1","80","5","8","0","0.5","10","79","286","4.1223776223776225"
"43","50","0.0025","0.29","3","0.5","0.05","1","80","5","8","0","0.5","10","115","274","4.087591240875913"
"48","50","0.0025","0.29","3","0.5","0.05","1","80","5","8","0","0.5","10","63","279","4.100358422939068"
"47","50","0.0025","0.29","3","0.5","0.05","1","80","5","8","0","0.5","10","76","279","4.021505376344086"
"44","50","0.0025","0.29","3","0.5","0.05","1","80","5","8","0","0.5","10","110","293","3.9965870307167237"
"46","50","0.0025","0.29","3","0.5","0.05","1","80","5","8","0","0.5","10","80","286","4.125874125874126"
"43","50","0.0025","0.29","3","0.5","0.05","1","80","5","8","0","0.5","10","116","271","4.092250922509225"
"45","50","0.0025","0.29","3","0.5","0.05","1","80","5","8","0","0.5","10","85","292","3.8801369863013697"
"47","50","0.0025","0.29","3","0.5","0.05","1","80","5","8","0","0.5","10","77","277","4.018050541516246"
"43","50","0.0025","0.29","3","0.5","0.05","1","80","5","8","0","0.5","10","117","271","4.088560885608856"
"46","50","0.0025","0.29","3","0.5","0.05","1","80","5","8","0","0.5","10","81","283","4.127208480565371"
"44","50","0.0025","0.29","3","0.5","0.05","1","80","5","8","0","0.5","10","111","290","4.003448275862069"
"45","50","0.0025","0.29","3","0.5","0.05","1","80","5","8","0","0.5","10","86","291","4.072164948453608"
"47","50","0.0025","0.29","3","0.5","0.05","1","80","5","8","0","0.5","10","78","277","4.021660649819495"
"45","50","0.0025","0.29","3","0.5","0.05","1","80","5","8","0","0.5","10","87","290","4.06551724137931"
"48","50","0.0025","0.29","3","0.5","0.05","1","80","5","8","0","0.5","10","64","278","4.107913669064748"
"48","50","0.0025","0.29","3","0.5","0.05","1","80","5","8","0","0.5","10","65","277","4.1046931407942235"
"48","50","0.0025","0.29","3","0.5","0.05","1","80","5","8","0","0.5","10","66","276","4.101449275362318"
"44","50","0.0025","0.29","3","0.5","0.05","1","80","5","8","0","0.5","10","112","290","4.003448275862069"
"43","50","0.0025","0.29","3","0.5","0.05","1","80","5","8","0","0.5","10","118","270","4.092592592592593"
"46","50","0.0025","0.29","3","0.5","0.05","1","80","5","8","0","0.5","10","82","281","4.131672597864768"
"45","50","0.0025","0.29","3","0.5","0.05","1","80","5","8","0","0.5","10","88","290","4.068965517241379"
"47","50","0.0025","0.29","3","0.5","0.05","1","80","5","8","0","0.5","10","79","276","4.018115942028985"
"44","50","0.0025","0.29","3","0.5","0.05","1","80","5","8","0","0.5","10","113","288","3.9965277777777777"
"43","50","0.0025","0.29","3","0.5","0.05","1","80","5","8","0","0.5","10","119","270","4.0814814814814815"
"46","50","0.0025","0.29","3","0.5","0.05","1","80","5","8","0","0.5","10","83","280","4.125"
"47","50","0.0025","0.29","3","0.5","0.05","1","80","5","8","0","0.5","10","80","276","4.021739130434782"
"44","50","0.0025","0.29","3","0.5","0.05","1","80","5","8","0","0.5","10","114","288","3.9895833333333335"
"45","50","0.0025","0.29","3","0.5","0.05","1","80","5","8","0","0.5","10","89","290","4.06551724137931"
"43","50","0.0025","0.29","3","0.5","0.05","1","80","5","8","0","0.5","10","120","269","4.08550185873606"
"46","50","0.0025","0.29","3","0.5","0.05","1","80","5","8","0","0.5","10","84","279","4.129032258064516"
"47","50","0.0025","0.29","3","0.5","0.05","1","80","5","8","0","0.5","10","81","274","4.018248175182482"
"45","50","0.0025","0.29","3","0.5","0.05","1","80","5","8","0","0.5","10","90","290","4.068965517241379"
"48","50","0.0025","0.29","3","0.5","0.05","1","80","5","8","0","0.5","10","67","274","4.109489051094891"
"48","50","0.0025","0.29","3","0.5","0.05","1","80","5","8","0","0.5","10","68","272","4.106617647058823"
"48","50","0.0025","0.29","3","0.5","0.05","1","80","5","8","0","0.5","10","69","271","4.11070110701107"
"44","50","0.0025","0.29","3","0.5","0.05","1","80","5","8","0","0.5","10","115","288","3.9895833333333335"
"45","50","0.0025","0.29","3","0.5","0.05","1","80","5","8","0","0.5","10","91","289","4.0657439446366785"
"44","50","0.0025","0.29","3","0.5","0.05","1","80","5","8","0","0.5","10","116","288","3.9895833333333335"
"47","50","0.0025","0.29","3","0.5","0.05","1","80","5","8","0","0.5","10","82","274","4.025547445255475"
"45","50","0.0025","0.29","3","0.5","0.05","1","80","5","8","0","0.5","10","92","288","4.0625"
"44","50","0.0025","0.29","3","0.5","0.05","1","80","5","8","0","0.5","10","117","287","3.9930313588850175"
"47","50","0.0025","0.29","3","0.5","0.05","1","80","5","8","0","0.5","10","83","273","4.018315018315018"
"49","50","0.0025","0.29","3","0.5","0.05","1","80","5","8","0","0.5","10","0","260","4.0115384615384615"
"45","50","0.0025","0.29","3","0.5","0.05","1","80","5","8","0","0.5","10","93","287","4.059233449477352"
"46","50","0.0025","0.29","3","0.5","0.05","1","80","5","8","0","0.5","10","85","292","3.9452054794520546"
"47","50","0.0025","0.29","3","0.5","0.05","1","80","5","8","0","0.5","10","84","272","4.022058823529412"
"48","50","0.0025","0.29","3","0.5","0.05","1","80","5","8","0","0.5","10","70","270","4.103703703703704"
"46","50","0.0025","0.29","3","0.5","0.05","1","80","5","8","0","0.5","10","86","292","4.123287671232877"
"48","50","0.0025","0.29","3","0.5","0.05","1","80","5","8","0","0.5","10","71","268","4.100746268656716"
"46","50","0.0025","0.29","3","0.5","0.05","1","80","5","8","0","0.5","10","87","292","4.113013698630137"
"48","50","0.0025","0.29","3","0.5","0.05","1","80","5","8","0","0.5","10","72","265","4.09811320754717"
"44","50","0.0025","0.29","3","0.5","0.05","1","80","5","8","0","0.5","10","118","285","3.9964912280701754"
"44","50","0.0025","0.29","3","0.5","0.05","1","80","5","8","0","0.5","10","119","283","3.9964664310954063"
"49","50","0.0025","0.29","3","0.5","0.05","1","80","5","8","0","0.5","10","1","258","4.062015503875969"
"45","50","0.0025","0.29","3","0.5","0.05","1","80","5","8","0","0.5","10","94","284","4.063380281690141"
"44","50","0.0025","0.29","3","0.5","0.05","1","80","5","8","0","0.5","10","120","283","3.9964664310954063"
"49","50","0.0025","0.29","3","0.5","0.05","1","80","5","8","0","0.5","10","2","258","4.062015503875969"
"45","50","0.0025","0.29","3","0.5","0.05","1","80","5","8","0","0.5","10","95","282","4.0638297872340425"
"46","50","0.0025","0.29","3","0.5","0.05","1","80","5","8","0","0.5","10","88","292","4.11986301369863"
"45","50","0.0025","0.29","3","0.5","0.05","1","80","5","8","0","0.5","10","96","280","4.067857142857143"
"49","50","0.0025","0.29","3","0.5","0.05","1","80","5","8","0","0.5","10","3","258","4.062015503875969"
"47","50","0.0025","0.29","3","0.5","0.05","1","80","5","8","0","0.5","10","85","290","3.7586206896551726"
"46","50","0.0025","0.29","3","0.5","0.05","1","80","5","8","0","0.5","10","89","289","4.1211072664359865"
"47","50","0.0025","0.29","3","0.5","0.05","1","80","5","8","0","0.5","10","86","287","4.013937282229965"
"46","50","0.0025","0.29","3","0.5","0.05","1","80","5","8","0","0.5","10","90","288","4.125"
"47","50","0.0025","0.29","3","0.5","0.05","1","80","5","8","0","0.5","10","87","286","4.0174825174825175"
"48","50","0.0025","0.29","3","0.5","0.05","1","80","5","8","0","0.5","10","73","291","3.7353951890034365"
"49","50","0.0025","0.29","3","0.5","0.05","1","80","5","8","0","0.5","10","4","256","4.0546875"
"48","50","0.0025","0.29","3","0.5","0.05","1","80","5","8","0","0.5","10","74","289","4.0899653979238755"
"49","50","0.0025","0.29","3","0.5","0.05","1","80","5","8","0","0.5","10","5","256","4.046875"
"50","50","0.0025","0.29","3","0.5","0.05","1","80","5","8","0","0.5","10","0","259","4.0347490347490345"
"48","50","0.0025","0.29","3","0.5","0.05","1","80","5","8","0","0.5","10","75","286","4.0874125874125875"
"49","50","0.0025","0.29","3","0.5","0.05","1","80","5","8","0","0.5","10","6","253","4.047430830039525"
"46","50","0.0025","0.29","3","0.5","0.05","1","80","5","8","0","0.5","10","91","286","4.118881118881119"
"47","50","0.0025","0.29","3","0.5","0.05","1","80","5","8","0","0.5","10","88","286","4.013986013986014"
"46","50","0.0025","0.29","3","0.5","0.05","1","80","5","8","0","0.5","10","92","285","4.112280701754386"
"45","50","0.0025","0.29","3","0.5","0.05","1","80","5","8","0","0.5","10","97","293","3.8703071672354947"
"47","50","0.0025","0.29","3","0.5","0.05","1","80","5","8","0","0.5","10","89","285","4.010526315789473"
"46","50","0.0025","0.29","3","0.5","0.05","1","80","5","8","0","0.5","10","93","285","4.1192982456140355"
"45","50","0.0025","0.29","3","0.5","0.05","1","80","5","8","0","0.5","10","98","292","4.034246575342466"
"47","50","0.0025","0.29","3","0.5","0.05","1","80","5","8","0","0.5","10","90","284","4.014084507042254"
"45","50","0.0025","0.29","3","0.5","0.05","1","80","5","8","0","0.5","10","99","289","4.041522491349481"
"50","50","0.0025","0.29","3","0.5","0.05","1","80","5","8","0","0.5","10","1","258","4.116279069767442"
"48","50","0.0025","0.29","3","0.5","0.05","1","80","5","8","0","0.5","10","76","285","4.091228070175439"
"49","50","0.0025","0.29","3","0.5","0.05","1","80","5","8","0","0.5","10","7","251","4.047808764940239"
"50","50","0.0025","0.29","3","0.5","0.05","1","80","5","8","0","0.5","10","2","258","4.069767441860465"
"49","50","0.0025","0.29","3","0.5","0.05","1","80","5","8","0","0.5","10","8","251","4.047808764940239"
"48","50","0.0025","0.29","3","0.5","0.05","1","80","5","8","0","0.5","10","77","283","4.091872791519434"
"50","50","0.0025","0.29","3","0.5","0.05","1","80","5","8","0","0.5","10","3","258","4.058139534883721"
"49","50","0.0025","0.29","3","0.5","0.05","1","80","5","8","0","0.5","10","9","250","4.048"
"48","50","0.0025","0.29","3","0.5","0.05","1","80","5","8","0","0.5","10","78","283","4.084805653710247"
"46","50","0.0025","0.29","3","0.5","0.05","1","80","5","8","0","0.5","10","94","285","4.112280701754386"
"47","50","0.0025","0.29","3","0.5","0.05","1","80","5","8","0","0.5","10","91","284","4.01056338028169"
"46","50","0.0025","0.29","3","0.5","0.05","1","80","5","8","0","0.5","10","95","285","4.108771929824561"
"45","50","0.0025","0.29","3","0.5","0.05","1","80","5","8","0","0.5","10","100","288","4.048611111111111"
"47","50","0.0025","0.29","3","0.5","0.05","1","80","5","8","0","0.5","10","92","284","4.014084507042254"
"46","50","0.0025","0.29","3","0.5","0.05","1","80","5","8","0","0.5","10","96","285","4.112280701754386"
"45","50","0.0025","0.29","3","0.5","0.05","1","80","5","8","0","0.5","10","101","287","4.048780487804878"
"47","50","0.0025","0.29","3","0.5","0.05","1","80","5","8","0","0.5","10","93","283","4.010600706713781"
"50","50","0.0025","0.29","3","0.5","0.05","1","80","5","8","0","0.5","10","4","257","4.073929961089494"
"45","50","0.0025","0.29","3","0.5","0.05","1","80","5","8","0","0.5","10","102","287","4.052264808362369"
"49","50","0.0025","0.29","3","0.5","0.05","1","80","5","8","0","0.5","10","10","250","4.052"
"50","50","0.0025","0.29","3","0.5","0.05","1","80","5","8","0","0.5","10","5","255","4.074509803921568"
"48","50","0.0025","0.29","3","0.5","0.05","1","80","5","8","0","0.5","10","79","283","4.088339222614841"
"49","50","0.0025","0.29","3","0.5","0.05","1","80","5","8","0","0.5","10","11","250","4.048"
"50","50","0.0025","0.29","3","0.5","0.05","1","80","5","8","0","0.5","10","6","254","4.074803149606299"
"48","50","0.0025","0.29","3","0.5","0.05","1","80","5","8","0","0.5","10","80","283","4.084805653710247"
"49","50","0.0025","0.29","3","0.5","0.05","1","80","5","8","0","0.5","10","12","250","4.048"
"48","50","0.0025","0.29","3","0.5","0.05","1","80","5","8","0","0.5","10","81","282","4.092198581560283"
"47","50","0.0025","0.29","3","0.5","0.05","1","80","5","8","0","0.5","10","94","282","4.01418439716312"
"47","50","0.0025","0.29","3","0.5","0.05","1","80","5","8","0","0.5","10","95","282","4.01063829787234"
"45","50","0.0025","0.29","3","0.5","0.05","1","80","5","8","0","0.5","10","103","285","4.049122807017544"
"45","50","0.0025","0.29","3","0.5","0.05","1","80","5","8","0","0.5","10","104","285","4.052631578947368"
"47","50","0.0025","0.29","3","0.5","0.05","1","80","5","8","0","0.5","10","96","282","4.01418439716312"
"46","50","0.0025","0.29","3","0.5","0.05","1","80","5","8","0","0.5","10","97","310","3.7774193548387096"
"45","50","0.0025","0.29","3","0.5","0.05","1","80","5","8","0","0.5","10","105","283","4.049469964664311"
"50","50","0.0025","0.29","3","0.5","0.05","1","80","5","8","0","0.5","10","7","254","4.074803149606299"
"46","50","0.0025","0.29","3","0.5","0.05","1","80","5","8","0","0.5","10","98","308","4.12987012987013"
"49","50","0.0025","0.29","3","0.5","0.05","1","80","5","8","0","0.5","10","13","262","3.8625954198473282"
"48","50","0.0025","0.29","3","0.5","0.05","1","80","5","8","0","0.5","10","82","282","4.085106382978723"
"50","50","0.0025","0.29","3","0.5","0.05","1","80","5","8","0","0.5","10","8","252","4.075396825396825"
"46","50","0.0025","0.29","3","0.5","0.05","1","80","5","8","0","0.5","10","99","308","4.116883116883117"
"49","50","0.0025","0.29","3","0.5","0.05","1","80","5","8","0","0.5","10","14","262","4.064885496183206"
"48","50","0.0025","0.29","3","0.5","0.05","1","80","5","8","0","0.5","10","83","281","4.088967971530249"
"50","50","0.0025","0.29","3","0.5","0.05","1","80","5","8","0","0.5","10","9","252","4.075396825396825"
"48","50","0.0025","0.29","3","0.5","0.05","1","80","5","8","0","0.5","10","84","280","4.085714285714285"
"49","50","0.0025","0.29","3","0.5","0.05","1","80","5","8","0","0.5","10","15","259","4.06949806949807"
"45","50","0.0025","0.29","3","0.5","0.05","1","80","5","8","0","0.5","10","106","283","4.053003533568905"
"47","50","0.0025","0.29","3","0.5","0.05","1","80","5","8","0","0.5","10","97","313","3.6134185303514377"
"45","50","0.0025","0.29","3","0.5","0.05","1","80","5","8","0","0.5","10","107","282","4.046099290780142"
"50","50","0.0025","0.29","3","0.5","0.05","1","80","5","8","0","0.5","10","10","252","4.075396825396825"
"47","50","0.0025","0.29","3","0.5","0.05","1","80","5","8","0","0.5","10","98","311","4.051446945337621"
"49","50","0.0025","0.29","3","0.5","0.05","1","80","5","8","0","0.5","10","16","258","4.065891472868217"
"45","50","0.0025","0.29","3","0.5","0.05","1","80","5","8","0","0.5","10","108","282","4.046099290780142"
"46","50","0.0025","0.29","3","0.5","0.05","1","80","5","8","0","0.5","10","100","308","4.12987012987013"
"50","50","0.0025","0.29","3","0.5","0.05","1","80","5","8","0","0.5","10","11","252","4.075396825396825"
"47","50","0.0025","0.29","3","0.5","0.05","1","80","5","8","0","0.5","10","99","309","4.0453074433656955"
"49","50","0.0025","0.29","3","0.5","0.05","1","80","5","8","0","0.5","10","17","257","4.058365758754864"
"50","50","0.0025","0.29","3","0.5","0.05","1","80","5","8","0","0.5","10","12","251","4.075697211155378"
"46","50","0.0025","0.29","3","0.5","0.05","1","80","5","8","0","0.5","10","101","307","4.133550488599348"
"49","50","0.0025","0.29","3","0.5","0.05","1","80","5","8","0","0.5","10","18","256","4.0546875"
"46","50","0.0025","0.29","3","0.5","0.05","1","80","5","8","0","0.5","10","102","307","4.14657980456026"
"48","50","0.0025","0.29","3","0.5","0.05","1","80","5","8","0","0.5","10","85","291","3.9209621993127146"
"48","50","0.0025","0.29","3","0.5","0.05","1","80","5","8","0","0.5","10","86","290","4.086206896551724"
"48","50","0.0025","0.29","3","0.5","0.05","1","80","5","8","0","0.5","10","87","289","4.096885813148789"
"49","50","0.0025","0.29","3","0.5","0.05","1","80","5","8","0","0.5","10","19","256","4.0546875"
"45","50","0.0025","0.29","3","0.5","0.05","1","80","5","8","0","0.5","10","109","292","3.8801369863013697"
"50","50","0.0025","0.29","3","0.5","0.05","1","80","5","8","0","0.5","10","13","259","3.9343629343629343"
"47","50","0.0025","0.29","3","0.5","0.05","1","80","5","8","0","0.5","10","100","308","4.045454545454546"
"49","50","0.0025","0.29","3","0.5","0.05","1","80","5","8","0","0.5","10","20","255","4.0549019607843135"
"47","50","0.0025","0.29","3","0.5","0.05","1","80","5","8","0","0.5","10","101","307","4.04885993485342"
"50","50","0.0025","0.29","3","0.5","0.05","1","80","5","8","0","0.5","10","14","258","4.065891472868217"
"45","50","0.0025","0.29","3","0.5","0.05","1","80","5","8","0","0.5","10","110","290","4.062068965517241"
"46","50","0.0025","0.29","3","0.5","0.05","1","80","5","8","0","0.5","10","103","306","4.143790849673203"
"47","50","0.0025","0.29","3","0.5","0.05","1","80","5","8","0","0.5","10","102","305","4.049180327868853"
"49","50","0.0025","0.29","3","0.5","0.05","1","80","5","8","0","0.5","10","21","254","4.05511811023622"
"50","50","0.0025","0.29","3","0.5","0.05","1","80","5","8","0","0.5","10","15","258","4.069767441860465"
"48","50","0.0025","0.29","3","0.5","0.05","1","80","5","8","0","0.5","10","88","288","4.090277777777778"
"45","50","0.0025","0.29","3","0.5","0.05","1","80","5","8","0","0.5","10","111","290","4.055172413793104"
"46","50","0.0025","0.29","3","0.5","0.05","1","80","5","8","0","0.5","10","104","305","4.144262295081967"
"48","50","0.0025","0.29","3","0.5","0.05","1","80","5","8","0","0.5","10","89","287","4.087108013937282"
"46","50","0.0025","0.29","3","0.5","0.05","1","80","5","8","0","0.5","10","105","303","4.141914191419142"
"48","50","0.0025","0.29","3","0.5","0.05","1","80","5","8","0","0.5","10","90","284","4.088028169014085"
"50","50","0.0025","0.29","3","0.5","0.05","1","80","5","8","0","0.5","10","16","257","4.066147859922179"
"49","50","0.0025","0.29","3","0.5","0.05","1","80","5","8","0","0.5","10","22","253","4.055335968379446"
"50","50","0.0025","0.29","3","0.5","0.05","1","80","5","8","0","0.5","10","17","256","4.0703125"
"49","50","0.0025","0.29","3","0.5","0.05","1","80","5","8","0","0.5","10","23","252","4.055555555555555"
"45","50","0.0025","0.29","3","0.5","0.05","1","80","5","8","0","0.5","10","112","288","4.0625"
"50","50","0.0025","0.29","3","0.5","0.05","1","80","5","8","0","0.5","10","18","254","4.066929133858268"
"49","50","0.0025","0.29","3","0.5","0.05","1","80","5","8","0","0.5","10","24","248","4.056451612903226"
"45","50","0.0025","0.29","3","0.5","0.05","1","80","5","8","0","0.5","10","113","287","4.059233449477352"
"47","50","0.0025","0.29","3","0.5","0.05","1","80","5","8","0","0.5","10","103","304","4.0493421052631575"
"45","50","0.0025","0.29","3","0.5","0.05","1","80","5","8","0","0.5","10","114","286","4.055944055944056"
"46","50","0.0025","0.29","3","0.5","0.05","1","80","5","8","0","0.5","10","106","301","4.149501661129568"
"48","50","0.0025","0.29","3","0.5","0.05","1","80","5","8","0","0.5","10","91","283","4.095406360424028"
"47","50","0.0025","0.29","3","0.5","0.05","1","80","5","8","0","0.5","10","104","304","4.052631578947368"
"46","50","0.0025","0.29","3","0.5","0.05","1","80","5","8","0","0.5","10","107","301","4.146179401993355"
"48","50","0.0025","0.29","3","0.5","0.05","1","80","5","8","0","0.5","10","92","281","4.092526690391459"
"47","50","0.0025","0.29","3","0.5","0.05","1","80","5","8","0","0.5","10","105","303","4.0495049504950495"
"50","50","0.0025","0.29","3","0.5","0.05","1","80","5","8","0","0.5","10","19","254","4.066929133858268"
"46","50","0.0025","0.29","3","0.5","0.05","1","80","5","8","0","0.5","10","108","299","4.153846153846154"
"48","50","0.0025","0.29","3","0.5","0.05","1","80","5","8","0","0.5","10","93","280","4.0928571428571425"
"50","50","0.0025","0.29","3","0.5","0.05","1","80","5","8","0","0.5","10","20","253","4.063241106719367"
"50","50","0.0025","0.29","3","0.5","0.05","1","80","5","8","0","0.5","10","21","252","4.063492063492063"
"49","50","0.0025","0.29","3","0.5","0.05","1","80","5","8","0","0.5","10","25","265","3.7962264150943397"
"45","50","0.0025","0.29","3","0.5","0.05","1","80","5","8","0","0.5","10","115","285","4.056140350877193"
"49","50","0.0025","0.29","3","0.5","0.05","1","80","5","8","0","0.5","10","26","264","4.003787878787879"
"45","50","0.0025","0.29","3","0.5","0.05","1","80","5","8","0","0.5","10","116","285","4.056140350877193"
"49","50","0.0025","0.29","3","0.5","0.05","1","80","5","8","0","0.5","10","27","264","4.003787878787879"
"45","50","0.0025","0.29","3","0.5","0.05","1","80","5","8","0","0.5","10","117","284","4.056338028169014"
"47","50","0.0025","0.29","3","0.5","0.05","1","80","5","8","0","0.5","10","106","302","4.046357615894039"
"48","50","0.0025","0.29","3","0.5","0.05","1","80","5","8","0","0.5","10","94","279","4.086021505376344"
"50","50","0.0025","0.29","3","0.5","0.05","1","80","5","8","0","0.5","10","22","250","4.064"
"47","50","0.0025","0.29","3","0.5","0.05","1","80","5","8","0","0.5","10","107","302","4.043046357615894"
"50","50","0.0025","0.29","3","0.5","0.05","1","80","5","8","0","0.5","10","23","250","4.068"
"48","50","0.0025","0.29","3","0.5","0.05","1","80","5","8","0","0.5","10","95","277","4.093862815884476"
"49","50","0.0025","0.29","3","0.5","0.05","1","80","5","8","0","0.5","10","28","264","4.003787878787879"
"50","50","0.0025","0.29","3","0.5","0.05","1","80","5","8","0","0.5","10","24","250","4.064"
"47","50","0.0025","0.29","3","0.5","0.05","1","80","5","8","0","0.5","10","108","302","4.043046357615894"
"48","50","0.0025","0.29","3","0.5","0.05","1","80","5","8","0","0.5","10","96","277","4.086642599277979"
"46","50","0.0025","0.29","3","0.5","0.05","1","80","5","8","0","0.5","10","109","311","3.990353697749196"
"49","50","0.0025","0.29","3","0.5","0.05","1","80","5","8","0","0.5","10","29","264","4.003787878787879"
"49","50","0.0025","0.29","3","0.5","0.05","1","80","5","8","0","0.5","10","30","264","4.003787878787879"
"45","50","0.0025","0.29","3","0.5","0.05","1","80","5","8","0","0.5","10","118","283","4.056537102473499"
"46","50","0.0025","0.29","3","0.5","0.05","1","80","5","8","0","0.5","10","110","310","4.161290322580645"
"45","50","0.0025","0.29","3","0.5","0.05","1","80","5","8","0","0.5","10","119","282","4.056737588652482"
"46","50","0.0025","0.29","3","0.5","0.05","1","80","5","8","0","0.5","10","111","309","4.158576051779935"
"45","50","0.0025","0.29","3","0.5","0.05","1","80","5","8","0","0.5","10","120","281","4.056939501779359"
"49","50","0.0025","0.29","3","0.5","0.05","1","80","5","8","0","0.5","10","31","263","4.003802281368821"
"50","50","0.0025","0.29","3","0.5","0.05","1","80","5","8","0","0.5","10","25","261","3.89272030651341"
"49","50","0.0025","0.29","3","0.5","0.05","1","80","5","8","0","0.5","10","32","261","4.003831417624521"
"50","50","0.0025","0.29","3","0.5","0.05","1","80","5","8","0","0.5","10","26","261","4.053639846743295"
"49","50","0.0025","0.29","3","0.5","0.05","1","80","5","8","0","0.5","10","33","261","4.003831417624521"
"48","50","0.0025","0.29","3","0.5","0.05","1","80","5","8","0","0.5","10","97","291","3.8969072164948453"
"50","50","0.0025","0.29","3","0.5","0.05","1","80","5","8","0","0.5","10","27","261","4.049808429118774"
"46","50","0.0025","0.29","3","0.5","0.05","1","80","5","8","0","0.5","10","112","307","4.156351791530945"
"47","50","0.0025","0.29","3","0.5","0.05","1","80","5","8","0","0.5","10","109","312","3.891025641025641"
"48","50","0.0025","0.29","3","0.5","0.05","1","80","5","8","0","0.5","10","98","290","4.117241379310345"
"46","50","0.0025","0.29","3","0.5","0.05","1","80","5","8","0","0.5","10","113","307","4.159609120521172"
"47","50","0.0025","0.29","3","0.5","0.05","1","80","5","8","0","0.5","10","110","311","4.028938906752412"
"48","50","0.0025","0.29","3","0.5","0.05","1","80","5","8","0","0.5","10","99","289","4.1280276816609"
"49","50","0.0025","0.29","3","0.5","0.05","1","80","5","8","0","0.5","10","34","258","4.003875968992248"
"46","50","0.0025","0.29","3","0.5","0.05","1","80","5","8","0","0.5","10","114","304","4.154605263157895"
"50","50","0.0025","0.29","3","0.5","0.05","1","80","5","8","0","0.5","10","28","261","4.049808429118774"
"47","50","0.0025","0.29","3","0.5","0.05","1","80","5","8","0","0.5","10","111","308","4.035714285714286"
"49","50","0.0025","0.29","3","0.5","0.05","1","80","5","8","0","0.5","10","35","258","4.003875968992248"
"50","50","0.0025","0.29","3","0.5","0.05","1","80","5","8","0","0.5","10","29","260","4.05"
"49","50","0.0025","0.29","3","0.5","0.05","1","80","5","8","0","0.5","10","36","258","4.003875968992248"
"50","50","0.0025","0.29","3","0.5","0.05","1","80","5","8","0","0.5","10","30","260","4.05"
"48","50","0.0025","0.29","3","0.5","0.05","1","80","5","8","0","0.5","10","100","289","4.1280276816609"
"48","50","0.0025","0.29","3","0.5","0.05","1","80","5","8","0","0.5","10","101","289","4.134948096885813"
"50","50","0.0025","0.29","3","0.5","0.05","1","80","5","8","0","0.5","10","31","258","4.050387596899225"
"48","50","0.0025","0.29","3","0.5","0.05","1","80","5","8","0","0.5","10","102","288","4.131944444444445"
"46","50","0.0025","0.29","3","0.5","0.05","1","80","5","8","0","0.5","10","115","302","4.152317880794702"
"50","50","0.0025","0.29","3","0.5","0.05","1","80","5","8","0","0.5","10","32","257","4.0505836575875485"
"47","50","0.0025","0.29","3","0.5","0.05","1","80","5","8","0","0.5","10","112","304","4.032894736842105"
"46","50","0.0025","0.29","3","0.5","0.05","1","80","5","8","0","0.5","10","116","298","4.151006711409396"
"50","50","0.0025","0.29","3","0.5","0.05","1","80","5","8","0","0.5","10","33","257","4.0505836575875485"
"49","50","0.0025","0.29","3","0.5","0.05","1","80","5","8","0","0.5","10","37","272","3.7683823529411766"
"47","50","0.0025","0.29","3","0.5","0.05","1","80","5","8","0","0.5","10","113","303","4.033003300330033"
"49","50","0.0025","0.29","3","0.5","0.05","1","80","5","8","0","0.5","10","38","271","4.055350553505535"
"46","50","0.0025","0.29","3","0.5","0.05","1","80","5","8","0","0.5","10","117","292","4.154109589041096"
"48","50","0.0025","0.29","3","0.5","0.05","1","80","5","8","0","0.5","10","103","287","4.13588850174216"
"47","50","0.0025","0.29","3","0.5","0.05","1","80","5","8","0","0.5","10","114","302","4.0364238410596025"
"49","50","0.0025","0.29","3","0.5","0.05","1","80","5","8","0","0.5","10","39","271","4.047970479704797"
"48","50","0.0025","0.29","3","0.5","0.05","1","80","5","8","0","0.5","10","104","284","4.123239436619718"
"50","50","0.0025","0.29","3","0.5","0.05","1","80","5","8","0","0.5","10","34","256","4.05078125"
"48","50","0.0025","0.29","3","0.5","0.05","1","80","5","8","0","0.5","10","105","283","4.123674911660777"
"50","50","0.0025","0.29","3","0.5","0.05","1","80","5","8","0","0.5","10","35","256","4.05078125"
"50","50","0.0025","0.29","3","0.5","0.05","1","80","5","8","0","0.5","10","36","253","4.051383399209486"
"49","50","0.0025","0.29","3","0.5","0.05","1","80","5","8","0","0.5","10","40","271","4.055350553505535"
"49","50","0.0025","0.29","3","0.5","0.05","1","80","5","8","0","0.5","10","41","268","4.0559701492537314"
"49","50","0.0025","0.29","3","0.5","0.05","1","80","5","8","0","0.5","10","42","268","4.0559701492537314"
"46","50","0.0025","0.29","3","0.5","0.05","1","80","5","8","0","0.5","10","118","292","4.160958904109589"
"48","50","0.0025","0.29","3","0.5","0.05","1","80","5","8","0","0.5","10","106","283","4.11660777385159"
"47","50","0.0025","0.29","3","0.5","0.05","1","80","5","8","0","0.5","10","115","301","4.0365448504983386"
"46","50","0.0025","0.29","3","0.5","0.05","1","80","5","8","0","0.5","10","119","290","4.158620689655172"
"48","50","0.0025","0.29","3","0.5","0.05","1","80","5","8","0","0.5","10","107","283","4.123674911660777"
"47","50","0.0025","0.29","3","0.5","0.05","1","80","5","8","0","0.5","10","116","300","4.04"
"46","50","0.0025","0.29","3","0.5","0.05","1","80","5","8","0","0.5","10","120","289","4.162629757785467"
"48","50","0.0025","0.29","3","0.5","0.05","1","80","5","8","0","0.5","10","108","282","4.117021276595745"
"47","50","0.0025","0.29","3","0.5","0.05","1","80","5","8","0","0.5","10","117","298","4.0369127516778525"
"50","50","0.0025","0.29","3","0.5","0.05","1","80","5","8","0","0.5","10","37","261","3.896551724137931"
"49","50","0.0025","0.29","3","0.5","0.05","1","80","5","8","0","0.5","10","43","267","4.056179775280899"
"50","50","0.0025","0.29","3","0.5","0.05","1","80","5","8","0","0.5","10","38","261","4.0344827586206895"
"49","50","0.0025","0.29","3","0.5","0.05","1","80","5","8","0","0.5","10","44","266","4.056390977443609"
"49","50","0.0025","0.29","3","0.5","0.05","1","80","5","8","0","0.5","10","45","265","4.056603773584905"
"50","50","0.0025","0.29","3","0.5","0.05","1","80","5","8","0","0.5","10","39","260","4.0346153846153845"
"48","50","0.0025","0.29","3","0.5","0.05","1","80","5","8","0","0.5","10","109","300","3.8766666666666665"
"47","50","0.0025","0.29","3","0.5","0.05","1","80","5","8","0","0.5","10","118","296","4.037162162162162"
"49","50","0.0025","0.29","3","0.5","0.05","1","80","5","8","0","0.5","10","46","265","4.056603773584905"
"50","50","0.0025","0.29","3","0.5","0.05","1","80","5","8","0","0.5","10","40","259","4.0347490347490345"
"49","50","0.0025","0.29","3","0.5","0.05","1","80","5","8","0","0.5","10","47","263","4.057034220532319"
"47","50","0.0025","0.29","3","0.5","0.05","1","80","5","8","0","0.5","10","119","296","4.037162162162162"
"48","50","0.0025","0.29","3","0.5","0.05","1","80","5","8","0","0.5","10","110","300","4.096666666666667"
"50","50","0.0025","0.29","3","0.5","0.05","1","80","5","8","0","0.5","10","41","256","4.0390625"
"47","50","0.0025","0.29","3","0.5","0.05","1","80","5","8","0","0.5","10","120","296","4.037162162162162"
"49","50","0.0025","0.29","3","0.5","0.05","1","80","5","8","0","0.5","10","48","262","4.061068702290076"
"48","50","0.0025","0.29","3","0.5","0.05","1","80","5","8","0","0.5","10","111","300","4.1066666666666665"
"50","50","0.0025","0.29","3","0.5","0.05","1","80","5","8","0","0.5","10","42","256","4.04296875"
"48","50","0.0025","0.29","3","0.5","0.05","1","80","5","8","0","0.5","10","112","299","4.107023411371237"
"48","50","0.0025","0.29","3","0.5","0.05","1","80","5","8","0","0.5","10","113","298","4.110738255033557"
"50","50","0.0025","0.29","3","0.5","0.05","1","80","5","8","0","0.5","10","43","253","4.0395256916996045"
"50","50","0.0025","0.29","3","0.5","0.05","1","80","5","8","0","0.5","10","44","251","4.031872509960159"
"48","50","0.0025","0.29","3","0.5","0.05","1","80","5","8","0","0.5","10","114","297","4.107744107744108"
"50","50","0.0025","0.29","3","0.5","0.05","1","80","5","8","0","0.5","10","45","250","4.024"
"49","50","0.0025","0.29","3","0.5","0.05","1","80","5","8","0","0.5","10","49","284","3.742957746478873"
"49","50","0.0025","0.29","3","0.5","0.05","1","80","5","8","0","0.5","10","50","283","4.049469964664311"
"49","50","0.0025","0.29","3","0.5","0.05","1","80","5","8","0","0.5","10","51","283","4.074204946996466"
"48","50","0.0025","0.29","3","0.5","0.05","1","80","5","8","0","0.5","10","115","295","4.111864406779661"
"50","50","0.0025","0.29","3","0.5","0.05","1","80","5","8","0","0.5","10","46","248","4.024193548387097"
"48","50","0.0025","0.29","3","0.5","0.05","1","80","5","8","0","0.5","10","116","293","4.1160409556314"
"50","50","0.0025","0.29","3","0.5","0.05","1","80","5","8","0","0.5","10","47","247","4.0242914979757085"
"48","50","0.0025","0.29","3","0.5","0.05","1","80","5","8","0","0.5","10","117","293","4.109215017064846"
"50","50","0.0025","0.29","3","0.5","0.05","1","80","5","8","0","0.5","10","48","247","4.0242914979757085"
"49","50","0.0025","0.29","3","0.5","0.05","1","80","5","8","0","0.5","10","52","281","4.0711743772241995"
"49","50","0.0025","0.29","3","0.5","0.05","1","80","5","8","0","0.5","10","53","281","4.074733096085409"
"49","50","0.0025","0.29","3","0.5","0.05","1","80","5","8","0","0.5","10","54","280","4.071428571428571"
"48","50","0.0025","0.29","3","0.5","0.05","1","80","5","8","0","0.5","10","118","293","4.109215017064846"
"50","50","0.0025","0.29","3","0.5","0.05","1","80","5","8","0","0.5","10","49","260","3.8230769230769233"
"48","50","0.0025","0.29","3","0.5","0.05","1","80","5","8","0","0.5","10","119","293","4.1160409556314"
"50","50","0.0025","0.29","3","0.5","0.05","1","80","5","8","0","0.5","10","50","259","4.011583011583012"
"48","50","0.0025","0.29","3","0.5","0.05","1","80","5","8","0","0.5","10","120","293","4.109215017064846"
"49","50","0.0025","0.29","3","0.5","0.05","1","80","5","8","0","0.5","10","55","278","4.075539568345324"
"50","50","0.0025","0.29","3","0.5","0.05","1","80","5","8","0","0.5","10","51","259","4.007722007722008"
"49","50","0.0025","0.29","3","0.5","0.05","1","80","5","8","0","0.5","10","56","277","4.072202166064982"
"49","50","0.0025","0.29","3","0.5","0.05","1","80","5","8","0","0.5","10","57","276","4.083333333333333"
"50","50","0.0025","0.29","3","0.5","0.05","1","80","5","8","0","0.5","10","52","255","4.007843137254902"
"50","50","0.0025","0.29","3","0.5","0.05","1","80","5","8","0","0.5","10","53","255","4.007843137254902"
"50","50","0.0025","0.29","3","0.5","0.05","1","80","5","8","0","0.5","10","54","255","4.007843137254902"
"49","50","0.0025","0.29","3","0.5","0.05","1","80","5","8","0","0.5","10","58","275","4.076363636363636"
"49","50","0.0025","0.29","3","0.5","0.05","1","80","5","8","0","0.5","10","59","275","4.08"
"50","50","0.0025","0.29","3","0.5","0.05","1","80","5","8","0","0.5","10","55","254","4.0078740157480315"
"49","50","0.0025","0.29","3","0.5","0.05","1","80","5","8","0","0.5","10","60","275","4.08"
"50","50","0.0025","0.29","3","0.5","0.05","1","80","5","8","0","0.5","10","56","253","4.011857707509882"
"50","50","0.0025","0.29","3","0.5","0.05","1","80","5","8","0","0.5","10","57","252","4.015873015873016"
"50","50","0.0025","0.29","3","0.5","0.05","1","80","5","8","0","0.5","10","58","252","4.015873015873016"
"49","50","0.0025","0.29","3","0.5","0.05","1","80","5","8","0","0.5","10","61","286","3.923076923076923"
"50","50","0.0025","0.29","3","0.5","0.05","1","80","5","8","0","0.5","10","59","250","4.016"
"50","50","0.0025","0.29","3","0.5","0.05","1","80","5","8","0","0.5","10","60","249","4.016064257028113"
"49","50","0.0025","0.29","3","0.5","0.05","1","80","5","8","0","0.5","10","62","286","4.076923076923077"
"49","50","0.0025","0.29","3","0.5","0.05","1","80","5","8","0","0.5","10","63","284","4.077464788732394"
"49","50","0.0025","0.29","3","0.5","0.05","1","80","5","8","0","0.5","10","64","284","4.080985915492958"
"50","50","0.0025","0.29","3","0.5","0.05","1","80","5","8","0","0.5","10","61","255","3.8901960784313725"
"49","50","0.0025","0.29","3","0.5","0.05","1","80","5","8","0","0.5","10","65","281","4.07829181494662"
"50","50","0.0025","0.29","3","0.5","0.05","1","80","5","8","0","0.5","10","62","253","4.023715415019763"
"49","50","0.0025","0.29","3","0.5","0.05","1","80","5","8","0","0.5","10","66","279","4.082437275985663"
"50","50","0.0025","0.29","3","0.5","0.05","1","80","5","8","0","0.5","10","63","252","4.015873015873016"
"50","50","0.0025","0.29","3","0.5","0.05","1","80","5","8","0","0.5","10","64","250","4.012"
"50","50","0.0025","0.29","3","0.5","0.05","1","80","5","8","0","0.5","10","65","249","4.0120481927710845"
"49","50","0.0025","0.29","3","0.5","0.05","1","80","5","8","0","0.5","10","67","279","4.082437275985663"
"50","50","0.0025","0.29","3","0.5","0.05","1","80","5","8","0","0.5","10","66","249","4.0120481927710845"
"49","50","0.0025","0.29","3","0.5","0.05","1","80","5","8","0","0.5","10","68","278","4.08273381294964"
"49","50","0.0025","0.29","3","0.5","0.05","1","80","5","8","0","0.5","10","69","277","4.086642599277979"
"50","50","0.0025","0.29","3","0.5","0.05","1","80","5","8","0","0.5","10","67","249","4.0120481927710845"
"50","50","0.0025","0.29","3","0.5","0.05","1","80","5","8","0","0.5","10","68","248","4.012096774193548"
"50","50","0.0025","0.29","3","0.5","0.05","1","80","5","8","0","0.5","10","69","248","4.012096774193548"
"49","50","0.0025","0.29","3","0.5","0.05","1","80","5","8","0","0.5","10","70","277","4.086642599277979"
"49","50","0.0025","0.29","3","0.5","0.05","1","80","5","8","0","0.5","10","71","276","4.086956521739131"
"49","50","0.0025","0.29","3","0.5","0.05","1","80","5","8","0","0.5","10","72","276","4.090579710144928"
"50","50","0.0025","0.29","3","0.5","0.05","1","80","5","8","0","0.5","10","70","248","4.012096774193548"
"50","50","0.0025","0.29","3","0.5","0.05","1","80","5","8","0","0.5","10","71","247","4.012145748987854"
"50","50","0.0025","0.29","3","0.5","0.05","1","80","5","8","0","0.5","10","72","247","4.012145748987854"
"50","50","0.0025","0.29","3","0.5","0.05","1","80","5","8","0","0.5","10","73","257","3.8560311284046693"
"49","50","0.0025","0.29","3","0.5","0.05","1","80","5","8","0","0.5","10","73","278","4.0215827338129495"
"50","50","0.0025","0.29","3","0.5","0.05","1","80","5","8","0","0.5","10","74","256","4.01171875"
"49","50","0.0025","0.29","3","0.5","0.05","1","80","5","8","0","0.5","10","74","276","4.119565217391305"
"50","50","0.0025","0.29","3","0.5","0.05","1","80","5","8","0","0.5","10","75","251","4.00796812749004"
"49","50","0.0025","0.29","3","0.5","0.05","1","80","5","8","0","0.5","10","75","275","4.12"
"49","50","0.0025","0.29","3","0.5","0.05","1","80","5","8","0","0.5","10","76","273","4.1208791208791204"
"50","50","0.0025","0.29","3","0.5","0.05","1","80","5","8","0","0.5","10","76","250","4.008"
"49","50","0.0025","0.29","3","0.5","0.05","1","80","5","8","0","0.5","10","77","272","4.1213235294117645"
"50","50","0.0025","0.29","3","0.5","0.05","1","80","5","8","0","0.5","10","77","250","4.012"
"49","50","0.0025","0.29","3","0.5","0.05","1","80","5","8","0","0.5","10","78","270","4.125925925925926"
"50","50","0.0025","0.29","3","0.5","0.05","1","80","5","8","0","0.5","10","78","248","4.012096774193548"
"50","50","0.0025","0.29","3","0.5","0.05","1","80","5","8","0","0.5","10","79","246","4.012195121951219"
"49","50","0.0025","0.29","3","0.5","0.05","1","80","5","8","0","0.5","10","79","270","4.122222222222222"
"50","50","0.0025","0.29","3","0.5","0.05","1","80","5","8","0","0.5","10","80","246","4.012195121951219"
"49","50","0.0025","0.29","3","0.5","0.05","1","80","5","8","0","0.5","10","80","268","4.126865671641791"
"50","50","0.0025","0.29","3","0.5","0.05","1","80","5","8","0","0.5","10","81","246","4.012195121951219"
"49","50","0.0025","0.29","3","0.5","0.05","1","80","5","8","0","0.5","10","81","266","4.120300751879699"
"50","50","0.0025","0.29","3","0.5","0.05","1","80","5","8","0","0.5","10","82","245","4.012244897959183"
"50","50","0.0025","0.29","3","0.5","0.05","1","80","5","8","0","0.5","10","83","244","4.012295081967213"
"49","50","0.0025","0.29","3","0.5","0.05","1","80","5","8","0","0.5","10","82","265","4.1169811320754715"
"50","50","0.0025","0.29","3","0.5","0.05","1","80","5","8","0","0.5","10","84","243","4.012345679012346"
"49","50","0.0025","0.29","3","0.5","0.05","1","80","5","8","0","0.5","10","83","261","4.118773946360153"
"49","50","0.0025","0.29","3","0.5","0.05","1","80","5","8","0","0.5","10","84","260","4.115384615384615"
"50","50","0.0025","0.29","3","0.5","0.05","1","80","5","8","0","0.5","10","85","261","3.689655172413793"
"50","50","0.0025","0.29","3","0.5","0.05","1","80","5","8","0","0.5","10","86","261","4.015325670498084"
"50","50","0.0025","0.29","3","0.5","0.05","1","80","5","8","0","0.5","10","87","261","4.015325670498084"
"49","50","0.0025","0.29","3","0.5","0.05","1","80","5","8","0","0.5","10","85","276","3.8659420289855073"
"49","50","0.0025","0.29","3","0.5","0.05","1","80","5","8","0","0.5","10","86","274","4.113138686131387"
"49","50","0.0025","0.29","3","0.5","0.05","1","80","5","8","0","0.5","10","87","274","4.124087591240876"
"50","50","0.0025","0.29","3","0.5","0.05","1","80","5","8","0","0.5","10","88","260","4.015384615384615"
"50","50","0.0025","0.29","3","0.5","0.05","1","80","5","8","0","0.5","10","89","259","4.015444015444015"
"50","50","0.0025","0.29","3","0.5","0.05","1","80","5","8","0","0.5","10","90","258","4.011627906976744"
"49","50","0.0025","0.29","3","0.5","0.05","1","80","5","8","0","0.5","10","88","272","4.1286764705882355"
"49","50","0.0025","0.29","3","0.5","0.05","1","80","5","8","0","0.5","10","89","267","4.134831460674158"
"49","50","0.0025","0.29","3","0.5","0.05","1","80","5","8","0","0.5","10","90","265","4.128301886792453"
"50","50","0.0025","0.29","3","0.5","0.05","1","80","5","8","0","0.5","10","91","257","4"
"50","50","0.0025","0.29","3","0.5","0.05","1","80","5","8","0","0.5","10","92","256","4.00390625"
"50","50","0.0025","0.29","3","0.5","0.05","1","80","5","8","0","0.5","10","93","254","4"
"49","50","0.0025","0.29","3","0.5","0.05","1","80","5","8","0","0.5","10","91","265","4.132075471698113"
"49","50","0.0025","0.29","3","0.5","0.05","1","80","5","8","0","0.5","10","92","264","4.132575757575758"
"49","50","0.0025","0.29","3","0.5","0.05","1","80","5","8","0","0.5","10","93","264","4.132575757575758"
"50","50","0.0025","0.29","3","0.5","0.05","1","80","5","8","0","0.5","10","94","252","4.003968253968254"
"50","50","0.0025","0.29","3","0.5","0.05","1","80","5","8","0","0.5","10","95","252","4"
"50","50","0.0025","0.29","3","0.5","0.05","1","80","5","8","0","0.5","10","96","251","4.00398406374502"
"49","50","0.0025","0.29","3","0.5","0.05","1","80","5","8","0","0.5","10","94","264","4.132575757575758"
"49","50","0.0025","0.29","3","0.5","0.05","1","80","5","8","0","0.5","10","95","264","4.136363636363637"
"49","50","0.0025","0.29","3","0.5","0.05","1","80","5","8","0","0.5","10","96","264","4.132575757575758"
"50","50","0.0025","0.29","3","0.5","0.05","1","80","5","8","0","0.5","10","97","267","3.764044943820225"
"50","50","0.0025","0.29","3","0.5","0.05","1","80","5","8","0","0.5","10","98","266","4.003759398496241"
"50","50","0.0025","0.29","3","0.5","0.05","1","80","5","8","0","0.5","10","99","266","3.992481203007519"
"49","50","0.0025","0.29","3","0.5","0.05","1","80","5","8","0","0.5","10","97","294","3.7108843537414966"
"49","50","0.0025","0.29","3","0.5","0.05","1","80","5","8","0","0.5","10","98","294","4.13265306122449"
"50","50","0.0025","0.29","3","0.5","0.05","1","80","5","8","0","0.5","10","100","265","3.9924528301886792"
"49","50","0.0025","0.29","3","0.5","0.05","1","80","5","8","0","0.5","10","99","294","4.125850340136054"
"50","50","0.0025","0.29","3","0.5","0.05","1","80","5","8","0","0.5","10","101","261","3.9885057471264367"
"50","50","0.0025","0.29","3","0.5","0.05","1","80","5","8","0","0.5","10","102","261","3.9846743295019156"
"49","50","0.0025","0.29","3","0.5","0.05","1","80","5","8","0","0.5","10","100","294","4.125850340136054"
"49","50","0.0025","0.29","3","0.5","0.05","1","80","5","8","0","0.5","10","101","292","4.126712328767123"
"49","50","0.0025","0.29","3","0.5","0.05","1","80","5","8","0","0.5","10","102","290","4.13103448275862"
"50","50","0.0025","0.29","3","0.5","0.05","1","80","5","8","0","0.5","10","103","261","3.9846743295019156"
"50","50","0.0025","0.29","3","0.5","0.05","1","80","5","8","0","0.5","10","104","259","3.9806949806949805"
"50","50","0.0025","0.29","3","0.5","0.05","1","80","5","8","0","0.5","10","105","258","3.9806201550387597"
"49","50","0.0025","0.29","3","0.5","0.05","1","80","5","8","0","0.5","10","103","289","4.124567474048443"
"49","50","0.0025","0.29","3","0.5","0.05","1","80","5","8","0","0.5","10","104","289","4.1211072664359865"
"50","50","0.0025","0.29","3","0.5","0.05","1","80","5","8","0","0.5","10","106","258","3.9806201550387597"
"49","50","0.0025","0.29","3","0.5","0.05","1","80","5","8","0","0.5","10","105","288","4.128472222222222"
"50","50","0.0025","0.29","3","0.5","0.05","1","80","5","8","0","0.5","10","107","258","3.9806201550387597"
"50","50","0.0025","0.29","3","0.5","0.05","1","80","5","8","0","0.5","10","108","257","3.980544747081712"
"49","50","0.0025","0.29","3","0.5","0.05","1","80","5","8","0","0.5","10","106","287","4.121951219512195"
"49","50","0.0025","0.29","3","0.5","0.05","1","80","5","8","0","0.5","10","107","287","4.121951219512195"
"49","50","0.0025","0.29","3","0.5","0.05","1","80","5","8","0","0.5","10","108","286","4.125874125874126"
"50","50","0.0025","0.29","3","0.5","0.05","1","80","5","8","0","0.5","10","109","277","3.67870036101083"
"50","50","0.0025","0.29","3","0.5","0.05","1","80","5","8","0","0.5","10","110","277","3.967509025270758"
"50","50","0.0025","0.29","3","0.5","0.05","1","80","5","8","0","0.5","10","111","276","3.9746376811594204"
"50","50","0.0025","0.29","3","0.5","0.05","1","80","5","8","0","0.5","10","112","275","3.9745454545454546"
"49","50","0.0025","0.29","3","0.5","0.05","1","80","5","8","0","0.5","10","109","295","3.9966101694915253"
"50","50","0.0025","0.29","3","0.5","0.05","1","80","5","8","0","0.5","10","113","275","3.9745454545454546"
"49","50","0.0025","0.29","3","0.5","0.05","1","80","5","8","0","0.5","10","110","295","4.145762711864407"
"50","50","0.0025","0.29","3","0.5","0.05","1","80","5","8","0","0.5","10","114","275","3.9745454545454546"
"49","50","0.0025","0.29","3","0.5","0.05","1","80","5","8","0","0.5","10","111","293","4.139931740614334"
"50","50","0.0025","0.29","3","0.5","0.05","1","80","5","8","0","0.5","10","115","274","3.9744525547445257"
"50","50","0.0025","0.29","3","0.5","0.05","1","80","5","8","0","0.5","10","116","271","3.970479704797048"
"49","50","0.0025","0.29","3","0.5","0.05","1","80","5","8","0","0.5","10","112","288","4.142361111111111"
"50","50","0.0025","0.29","3","0.5","0.05","1","80","5","8","0","0.5","10","117","270","3.966666666666667"
"49","50","0.0025","0.29","3","0.5","0.05","1","80","5","8","0","0.5","10","113","288","4.142361111111111"
"49","50","0.0025","0.29","3","0.5","0.05","1","80","5","8","0","0.5","10","114","287","4.142857142857143"
"50","50","0.0025","0.29","3","0.5","0.05","1","80","5","8","0","0.5","10","118","270","3.966666666666667"
"50","50","0.0025","0.29","3","0.5","0.05","1","80","5","8","0","0.5","10","119","269","3.966542750929368"
"50","50","0.0025","0.29","3","0.5","0.05","1","80","5","8","0","0.5","10","120","268","3.966417910447761"
"49","50","0.0025","0.29","3","0.5","0.05","1","80","5","8","0","0.5","10","115","286","4.143356643356643"
"49","50","0.0025","0.29","3","0.5","0.05","1","80","5","8","0","0.5","10","116","285","4.143859649122807"
"49","50","0.0025","0.29","3","0.5","0.05","1","80","5","8","0","0.5","10","117","283","4.144876325088339"
"49","50","0.0025","0.29","3","0.5","0.05","1","80","5","8","0","0.5","10","118","283","4.144876325088339"
"49","50","0.0025","0.29","3","0.5","0.05","1","80","5","8","0","0.5","10","119","282","4.1453900709219855"
"49","50","0.0025","0.29","3","0.5","0.05","1","80","5","8","0","0.5","10","120","282","4.1453900709219855"
