"BehaviorSpace results (NetLogo 7.0.4)","Spreadsheet version 2.0"
"CVD_Risk_Behaviour.nlogox"
"member3_tlag_sweep"
"07/28/2026 20:31:23:531 +0530"
"min-pxcor","max-pxcor","min-pycor","max-pycor"
"-16","16","-16","16"
"[run number]","1","1","1","1","1","1","1","1","1","1","2","2","2","2","2","2","2","2","2","2","3","3","3","3","3","3","3","3","3","3","4","4","4","4","4","4","4","4","4","4","5","5","5","5","5","5","5","5","5","5","6","6","6","6","6","6","6","6","6","6","7","7","7","7","7","7","7","7","7","7","8","8","8","8","8","8","8","8","8","8","9","9","9","9","9","9","9","9","9","9","10","10","10","10","10","10","10","10","10","10","11","11","11","11","11","11","11","11","11","11","12","12","12","12","12","12","12","12","12","12","13","13","13","13","13","13","13","13","13","13","14","14","14","14","14","14","14","14","14","14","15","15","15","15","15","15","15","15","15","15","16","16","16","16","16","16","16","16","16","16","17","17","17","17","17","17","17","17","17","17","18","18","18","18","18","18","18","18","18","18","19","19","19","19","19","19","19","19","19","19","20","20","20","20","20","20","20","20","20","20","21","21","21","21","21","21","21","21","21","21","22","22","22","22","22","22","22","22","22","22","23","23","23","23","23","23","23","23","23","23","24","24","24","24","24","24","24","24","24","24","25","25","25","25","25","25","25","25","25","25","26","26","26","26","26","26","26","26","26","26","27","27","27","27","27","27","27","27","27","27","28","28","28","28","28","28","28","28","28","28","29","29","29","29","29","29","29","29","29","29","30","30","30","30","30","30","30","30","30","30"
"t_lag_years","2",,,,,,,,,,"2",,,,,,,,,,"2",,,,,,,,,,"2",,,,,,,,,,"2",,,,,,,,,,"2",,,,,,,,,,"2",,,,,,,,,,"2",,,,,,,,,,"2",,,,,,,,,,"2",,,,,,,,,,"5",,,,,,,,,,"5",,,,,,,,,,"5",,,,,,,,,,"5",,,,,,,,,,"5",,,,,,,,,,"5",,,,,,,,,,"5",,,,,,,,,,"5",,,,,,,,,,"5",,,,,,,,,,"5",,,,,,,,,,"10",,,,,,,,,,"10",,,,,,,,,,"10",,,,,,,,,,"10",,,,,,,,,,"10",,,,,,,,,,"10",,,,,,,,,,"10",,,,,,,,,,"10",,,,,,,,,,"10",,,,,,,,,,"10",,,,,,,,,
"[reporter]","[step]","report-mean-risk","report-deaths","report-total-agents","report-rewiring-events","report-mean-friends","report-pct-high-smoking","report-pct-high-alcohol","report-pct-high-diet","report-pct-high-inactivity","[step]","report-mean-risk","report-deaths","report-total-agents","report-rewiring-events","report-mean-friends","report-pct-high-smoking","report-pct-high-alcohol","report-pct-high-diet","report-pct-high-inactivity","[step]","report-mean-risk","report-deaths","report-total-agents","report-rewiring-events","report-mean-friends","report-pct-high-smoking","report-pct-high-alcohol","report-pct-high-diet","report-pct-high-inactivity","[step]","report-mean-risk","report-deaths","report-total-agents","report-rewiring-events","report-mean-friends","report-pct-high-smoking","report-pct-high-alcohol","report-pct-high-diet","report-pct-high-inactivity","[step]","report-mean-risk","report-deaths","report-total-agents","report-rewiring-events","report-mean-friends","report-pct-high-smoking","report-pct-high-alcohol","report-pct-high-diet","report-pct-high-inactivity","[step]","report-mean-risk","report-deaths","report-total-agents","report-rewiring-events","report-mean-friends","report-pct-high-smoking","report-pct-high-alcohol","report-pct-high-diet","report-pct-high-inactivity","[step]","report-mean-risk","report-deaths","report-total-agents","report-rewiring-events","report-mean-friends","report-pct-high-smoking","report-pct-high-alcohol","report-pct-high-diet","report-pct-high-inactivity","[step]","report-mean-risk","report-deaths","report-total-agents","report-rewiring-events","report-mean-friends","report-pct-high-smoking","report-pct-high-alcohol","report-pct-high-diet","report-pct-high-inactivity","[step]","report-mean-risk","report-deaths","report-total-agents","report-rewiring-events","report-mean-friends","report-pct-high-smoking","report-pct-high-alcohol","report-pct-high-diet","report-pct-high-inactivity","[step]","report-mean-risk","report-deaths","report-total-agents","report-rewiring-events","report-mean-friends","report-pct-high-smoking","report-pct-high-alcohol","report-pct-high-diet","report-pct-high-inactivity","[step]","report-mean-risk","report-deaths","report-total-agents","report-rewiring-events","report-mean-friends","report-pct-high-smoking","report-pct-high-alcohol","report-pct-high-diet","report-pct-high-inactivity","[step]","report-mean-risk","report-deaths","report-total-agents","report-rewiring-events","report-mean-friends","report-pct-high-smoking","report-pct-high-alcohol","report-pct-high-diet","report-pct-high-inactivity","[step]","report-mean-risk","report-deaths","report-total-agents","report-rewiring-events","report-mean-friends","report-pct-high-smoking","report-pct-high-alcohol","report-pct-high-diet","report-pct-high-inactivity","[step]","report-mean-risk","report-deaths","report-total-agents","report-rewiring-events","report-mean-friends","report-pct-high-smoking","report-pct-high-alcohol","report-pct-high-diet","report-pct-high-inactivity","[step]","report-mean-risk","report-deaths","report-total-agents","report-rewiring-events","report-mean-friends","report-pct-high-smoking","report-pct-high-alcohol","report-pct-high-diet","report-pct-high-inactivity","[step]","report-mean-risk","report-deaths","report-total-agents","report-rewiring-events","report-mean-friends","report-pct-high-smoking","report-pct-high-alcohol","report-pct-high-diet","report-pct-high-inactivity","[step]","report-mean-risk","report-deaths","report-total-agents","report-rewiring-events","report-mean-friends","report-pct-high-smoking","report-pct-high-alcohol","report-pct-high-diet","report-pct-high-inactivity","[step]","report-mean-risk","report-deaths","report-total-agents","report-rewiring-events","report-mean-friends","report-pct-high-smoking","report-pct-high-alcohol","report-pct-high-diet","report-pct-high-inactivity","[step]","report-mean-risk","report-deaths","report-total-agents","report-rewiring-events","report-mean-friends","report-pct-high-smoking","report-pct-high-alcohol","report-pct-high-diet","report-pct-high-inactivity","[step]","report-mean-risk","report-deaths","report-total-agents","report-rewiring-events","report-mean-friends","report-pct-high-smoking","report-pct-high-alcohol","report-pct-high-diet","report-pct-high-inactivity","[step]","report-mean-risk","report-deaths","report-total-agents","report-rewiring-events","report-mean-friends","report-pct-high-smoking","report-pct-high-alcohol","report-pct-high-diet","report-pct-high-inactivity","[step]","report-mean-risk","report-deaths","report-total-agents","report-rewiring-events","report-mean-friends","report-pct-high-smoking","report-pct-high-alcohol","report-pct-high-diet","report-pct-high-inactivity","[step]","report-mean-risk","report-deaths","report-total-agents","report-rewiring-events","report-mean-friends","report-pct-high-smoking","report-pct-high-alcohol","report-pct-high-diet","report-pct-high-inactivity","[step]","report-mean-risk","report-deaths","report-total-agents","report-rewiring-events","report-mean-friends","report-pct-high-smoking","report-pct-high-alcohol","report-pct-high-diet","report-pct-high-inactivity","[step]","report-mean-risk","report-deaths","report-total-agents","report-rewiring-events","report-mean-friends","report-pct-high-smoking","report-pct-high-alcohol","report-pct-high-diet","report-pct-high-inactivity","[step]","report-mean-risk","report-deaths","report-total-agents","report-rewiring-events","report-mean-friends","report-pct-high-smoking","report-pct-high-alcohol","report-pct-high-diet","report-pct-high-inactivity","[step]","report-mean-risk","report-deaths","report-total-agents","report-rewiring-events","report-mean-friends","report-pct-high-smoking","report-pct-high-alcohol","report-pct-high-diet","report-pct-high-inactivity","[step]","report-mean-risk","report-deaths","report-total-agents","report-rewiring-events","report-mean-friends","report-pct-high-smoking","report-pct-high-alcohol","report-pct-high-diet","report-pct-high-inactivity","[step]","report-mean-risk","report-deaths","report-total-agents","report-rewiring-events","report-mean-friends","report-pct-high-smoking","report-pct-high-alcohol","report-pct-high-diet","report-pct-high-inactivity","[step]","report-mean-risk","report-deaths","report-total-agents","report-rewiring-events","report-mean-friends","report-pct-high-smoking","report-pct-high-alcohol","report-pct-high-diet","report-pct-high-inactivity"
"[final]","120","3.9823321554770317","31","283","662","9.406360424028268","4.240282685512367","3.8869257950530036","1.7667844522968197","1.4134275618374559","120","4.111864406779661","30","295","637","9.376271186440677","0.6779661016949152","7.4576271186440675","5.762711864406779","5.423728813559322","120","3.9575289575289574","34","259","658","9.266409266409266","2.3166023166023164","3.861003861003861","1.5444015444015444","0.7722007722007722","120","3.9726027397260273","36","292","714","9.198630136986301","2.73972602739726","0","1.0273972602739727","5.136986301369863","120","3.9700374531835205","40","267","618","9.340823970037453","1.8726591760299625","0","5.617977528089888","2.6217228464419478","120","3.953488372093023","35","258","621","9.209302325581396","0.7751937984496124","4.263565891472868","5.426356589147287","0","120","4.190789473684211","43","304","716","9.171052631578947","8.223684210526315","3.6184210526315788","9.210526315789474","2.6315789473684212","120","4.131578947368421","42","266","766","9.368421052631579","1.8796992481203008","0.7518796992481203","8.270676691729323","10.150375939849624","120","4.0213523131672595","38","281","696","9.238434163701067","3.9145907473309607","0","6.761565836298932","4.98220640569395","120","4.088967971530249","35","281","603","9.295373665480428","7.117437722419929","4.6263345195729535","2.8469750889679717","5.693950177935943","120","3.9595588235294117","36","272","711","9.389705882352942","0","2.2058823529411766","3.676470588235294","6.25","120","3.8053097345132745","41","226","727","9.309734513274336","1.7699115044247788","0","3.5398230088495577","0","120","4.012145748987854","36","247","611","9.441295546558704","1.6194331983805668","0","6.477732793522267","4.048582995951417","120","3.960431654676259","43","278","704","9.266187050359711","4.316546762589928","3.597122302158273","1.7985611510791366","0.7194244604316546","120","4.003508771929824","29","285","663","9.256140350877192","3.8596491228070176","3.8596491228070176","3.1578947368421053","1.7543859649122806","120","4.011406844106464","23","263","597","9.368821292775666","2.2813688212927756","0.7604562737642585","5.32319391634981","2.2813688212927756","120","4.0239043824701195","42","251","683","9.402390438247012","1.1952191235059761","2.7888446215139444","2.7888446215139444","0.796812749003984","120","4.064406779661017","38","295","667","9.423728813559322","5.423728813559322","2.0338983050847457","5.423728813559322","3.389830508474576","120","4.013651877133106","33","293","639","9.235494880546074","7.508532423208191","5.460750853242321","0","2.7303754266211606","120","4.007692307692308","30","260","590","9.292307692307693","3.076923076923077","0.7692307692307693","4.615384615384615","3.8461538461538463","120","4.016233766233766","29","308","578","9.214285714285714","1.948051948051948","3.5714285714285716","3.896103896103896","2.5974025974025974","120","4.064846416382252","30","293","717","9.098976109215018","3.7542662116040955","5.1194539249146755","0","9.897610921501707","120","4.068100358422939","29","279","710","9.182795698924732","7.885304659498208","6.810035842293907","2.150537634408602","0.7168458781362007","120","4.016891891891892","30","296","679","9.317567567567568","5.405405405405405","1.0135135135135136","4.054054054054054","0.6756756756756757","120","4.161716171617162","28","303","657","9.214521452145215","6.270627062706271","8.250825082508252","7.260726072607261","3.6303630363036303","120","4.006849315068493","30","292","682","9.13013698630137","4.4520547945205475","1.36986301369863","0.684931506849315","6.8493150684931505","120","3.975206611570248","26","242","504","9.181818181818182","5.371900826446281","0","6.198347107438017","4.545454545454546","120","4.023411371237458","32","299","627","9.304347826086957","7.023411371237458","2.6755852842809364","0.6688963210702341","3.678929765886288","120","4.07051282051282","32","312","679","9.237179487179487","3.5256410256410255","2.2435897435897436","5.769230769230769","3.5256410256410255","120","3.956989247311828","28","279","682","9.254480286738351","4.659498207885305","2.150537634408602","4.301075268817204","1.4336917562724014"
"[min]","0","3.611111111111111","0","226","0","9.028112449799197","2.575107296137339","3.8869257950530036","0","0","0","3.7017543859649122","0","254","0","9.096774193548388","0.6644518272425249","2.3255813953488373","1.509433962264151","1.4705882352941178","0","3.597609561752988","0","216","0","9.040358744394618","0.7751937984496124","0.8130081300813008","0.796812749003984","0","0","3.6564625850340136","0","233","0","8.980842911877394","2.6666666666666665","0","0","4.044117647058823","0","3.661870503597122","0","243","0","9.087301587301587","0","0","3.9855072463768115","1.4705882352941178","0","3.596958174904943","0","226","0","8.96103896103896","0","0","2.0408163265306123","0","0","3.7865168539325844","0","226","0","8.972762645914397","7.011070110701107","1.3793103448275863","7.392996108949417","1.7241379310344827","0","3.578125","0","236","0","8.980694980694981","1.0909090909090908","0","1.2244897959183674","0","0","3.6975945017182132","0","249","0","9.11969111969112","3.5587188612099645","0","1.8115942028985508","2.641509433962264","0","3.7192307692307693","0","233","0","9.04382470119522","3.658536585365854","2.2900763358778624","1.4760147601476015","0.8130081300813008","0","3.5930232558139537","0","223","0","8.859437751004016","0","0","0.8620689655172413","0.8264462809917356","0","3.5458333333333334","0","216","0","8.905829596412556","1.694915254237288","0","1.7391304347826086","0","0","3.6463414634146343","0","218","0","9.02928870292887","0.7905138339920948","0","1.7621145374449338","0.819672131147541","0","3.5865724381625443","0","254","0","9.107913669064748","2.272727272727273","0","0","0.6872852233676976","0","3.659751037344398","0","219","0","9.020576131687243","2.5531914893617023","1.1673151750972763","0.8298755186721992","0","0","3.65531914893617","0","215","0","9.094827586206897","1.5873015873015872","0.7490636704119851","0.8849557522123894","1.5748031496062993","0","3.6961538461538463","0","239","0","9.02008032128514","0","1.593625498007968","2.2641509433962264","0","0","3.6494464944649447","0","242","0","9.088967971530248","0.796812749003984","0.7380073800738007","1.9455252918287937","0.7380073800738007","0","3.686411149825784","0","235","0","9.06338028169014","1.6528925619834711","1.4492753623188406","0","1.408450704225352","0","3.5789473684210527","0","212","0","8.988505747126437","0.819672131147541","0","3.041825095057034","0","0","3.612676056338028","0","247","0","9.003802281368822","0","1.8518518518518519","2.73972602739726","0","0","3.582995951417004","0","226","0","9.0446735395189","1.342281879194631","0.8547008547008547","0","2.2123893805309733","0","3.6162361623616235","0","226","0","8.950354609929079","0.7490636704119851","3.9285714285714284","0.704225352112676","0.6802721088435374","0","3.711340206185567","0","243","0","9.024221453287197","2.7027027027027026","0.9803921568627451","3.6184210526315788","0","0","3.6769230769230767","0","237","0","8.989830508474576","1.5037593984962405","2.032520325203252","3.076923076923077","3.3962264150943398","0","3.565040650406504","0","222","0","8.968421052631578","4.262295081967213","0.6802721088435374","0.6451612903225806","0.8771929824561403","0","3.6437246963562755","0","199","0","8.959016393442623","3.508771929824561","0","2.7777777777777777","3.6885245901639343","0","3.6746031746031744","0","228","0","9.101754385964913","3.7974683544303796","2.5559105431309903","0","1.4184397163120568","0","3.5819397993311037","0","233","0","8.993243243243244","0","0","3.3755274261603376","0.6493506493506493","0","3.526315789473684","0","216","0","8.88888888888889","0","0","0","1.3651877133105803"
"[max]","120","4.111587982832618","31","293","662","9.589519650655022","32.18884120171674","35.1931330472103","34.33476394849785","35.1931330472103","120","4.115511551155116","30","303","637","9.5859375","33.333333333333336","35.22727272727273","36.74242424242424","31.060606060606062","120","4.017699115044247","34","271","658","9.654545454545454","33.92070484581498","31.277533039647576","32.158590308370044","35.68281938325991","120","4.099173553719008","36","306","714","9.658119658119658","35.390946502057616","31.68724279835391","37.44855967078189","31.275720164609055","120","4.028","40","278","618","9.603174603174603","29.365079365079364","35.714285714285715","32.53968253968254","26.984126984126984","120","4.029411764705882","35","270","621","9.657894736842104","34.87394957983193","34.87394957983193","34.87394957983193","30.672268907563026","120","4.200836820083682","43","314","716","9.516014234875446","42.436974789915965","34.03361344537815","36.97478991596638","26.050420168067227","120","4.134545454545455","42","281","766","9.61344537815126","31.275720164609055","25.102880658436213","32.510288065843625","29.218106995884774","120","4.105882352941176","38","291","696","9.56","37.109375","33.203125","30.859375","33.59375","120","4.126984126984127","35","288","603","9.659574468085106","35.684647302904565","36.92946058091286","31.12033195020747","31.95020746887967","120","3.9834710743801653","36","280","711","9.591111111111111","30.472103004291846","26.180257510729614","31.330472103004293","31.759656652360515","120","4.017094017094017","41","240","727","9.52","35.8974358974359","36.75213675213675","33.76068376068376","28.205128205128204","120","4.057268722466961","36","255","611","9.552511415525114","36.12334801762115","29.07488986784141","35.242290748898675","32.59911894273128","120","4.068181818181818","43","293","704","9.618677042801556","31.060606060606062","32.57575757575758","34.09090909090909","37.5","120","4.066666666666666","29","296","663","9.535087719298245","33.191489361702125","37.87234042553192","31.914893617021278","32.765957446808514","120","4.0508474576271185","23","268","597","9.533333333333333","29.333333333333332","35.111111111111114","28.88888888888889","25.77777777777778","120","4.047244094488189","42","265","683","9.603238866396762","28.685258964143426","34.26294820717131","31.47410358565737","29.083665338645417","120","4.064406779661017","38","305","667","9.524590163934427","34.387351778656125","33.59683794466403","33.59683794466403","32.80632411067194","120","4.122362869198312","33","305","639","9.652542372881356","36.47540983606557","31.147540983606557","32.78688524590164","35.65573770491803","120","4.100456621004566","30","268","590","9.564814814814815","33.789954337899545","36.073059360730596","33.333333333333336","33.789954337899545","120","4.1607843137254905","29","320","578","9.656","34.509803921568626","36.86274509803921","36.86274509803921","34.509803921568626","120","4.067796610169491","30","311","717","9.487179487179487","31.779661016949152","32.6271186440678","33.05084745762712","30.084745762711865","120","4.068669527896995","29","294","710","9.68421052631579","29.23728813559322","33.898305084745765","29.661016949152543","32.6271186440678","120","4.192156862745098","30","307","679","9.601626016260163","36.470588235294116","36.07843137254902","39.21568627450981","33.333333333333336","120","4.19344262295082","28","318","657","9.531380753138075","28.74493927125506","28.74493927125506","37.24696356275304","35.62753036437247","120","4.082474226804123","30","314","682","9.625","32.751091703056765","30.131004366812228","31.87772925764192","31.87772925764192","120","4.083333333333333","26","256","504","9.56","30.097087378640776","33.49514563106796","35.43689320388349","31.553398058252426","120","4.172995780590718","32","313","627","9.668122270742359","37.552742616033754","34.59915611814346","34.59915611814346","40.08438818565401","120","4.185185185185185","32","318","679","9.656652360515022","34.5679012345679","32.098765432098766","37.44855967078189","37.03703703703704","120","4.016326530612245","28","293","682","9.581818181818182","34.51327433628319","36.283185840707965","28.761061946902654","31.858407079646017"
"[mean]","60","4.02339367045088","17.074380165289256","264.87603305785126","347.2809917355372","9.290851660472075","4.432704848996662","8.423062660434509","1.567881737317338","1.0782732177908858","60","4.047355933365858","17.00826446280992","279.5289256198347","337.1900826446281","9.327995597664964","2.7567847487656962","5.469192901253351","3.6911144002723986","3.9939498480429236","60","3.9317168390527573","16.14876033057851","243.03305785123968","356.3801652892562","9.270311882449027","2.206145497044367","3.4895517536659555","2.6924016589574236","1.550272037305686","60","4.020284625993788","14.59504132231405","270.5206611570248","345.3223140495868","9.282655144648869","5.3502688916002565","1.7686816447947544","2.259201366481498","5.774883771823936","60","3.94871822272062","17.68595041322314","261.2396694214876","310.8099173553719","9.346551683811755","1.1856024842391093","0.7561457458510048","5.506615552311294","2.3649764159731586","60","3.937677425307817","16.975206611570247","243.13223140495867","318.9917355371901","9.326155142495516","1.9370640850655458","3.0039618325532658","4.941985528747519","2.03921568745633","60","4.144920086484195","20.702479338842974","270.504132231405","375.198347107438","9.276455695955107","9.39089113557214","2.7039005388054367","9.174635282247129","2.889502957033184","60","3.982679562633814","18.958677685950413","260.0413223140496","388.41322314049586","9.305064242350612","2.4459999315955767","0.6106032043119168","4.924755977871625","6.84373232368614","60","4.027685562685773","20.52892561983471","265.504132231405","343.2892561983471","9.309902437253545","5.415972549045432","1.89788924670908","3.856841280389604","4.646607509266049","60","4.05449303782915","17.016528925619834","260.39669421487605","310.8595041322314","9.315146912012342","6.10744576292349","3.745601569890725","2.633837730043534","4.620061829690332","60","3.930424774467951","18.09090909090909","257.21487603305786","385.3884297520661","9.290117605342742","1.3671760116285085","2.056046511879846","3.7513146911067374","3.7614817303423957","60","3.903829530948445","22.115702479338843","227.53719008264463","377.2314049586777","9.284884715454224","3.5339619923578587","4.166519318418498","5.492841149995053","1.948096095972359","60","3.9901304209409036","13.785123966942148","237.9504132231405","289.90909090909093","9.294146943189087","2.8679400703124496","1.2652582190913482","5.651006241405661","2.368213051831908","60","3.965324558355366","20.56198347107438","277.0495867768595","354.6198347107438","9.352476854684971","5.250997908089838","1.6269860592889893","1.1661279408414331","1.3396679117045516","60","4.003129811860708","14.84297520661157","254.89256198347107","360.94214876033055","9.283069065555896","4.108834553387599","3.8634908994225565","3.181271201623972","2.8138098396561744","60","3.974105026008407","12.264462809917354","237.5206611570248","324.4710743801653","9.307244786682723","3.30626933312213","2.1952913036859982","3.3408052482111876","2.5500793421714096","60","3.99032272072344","18.735537190082646","252.20661157024793","359.75206611570246","9.33898083945172","1.1137915062321035","4.164054895889926","3.3565139040256904","0.8565237514616276","60","3.993417324410076","16.710743801652892","272.504132231405","331.4876033057851","9.301604151397472","2.861041886952284","2.0455782673612095","4.849997278351897","2.426012788725474","60","4.026430992218462","16.545454545454547","271.25619834710744","324.297520661157","9.297611461426165","5.301308427019327","4.355020714820945","4.397220414442504","3.544915653606635","60","3.980023918817665","11.561983471074381","239.52892561983472","301.31404958677683","9.293827797522967","3.032952346401176","1.8590944657561563","4.516149393887582","2.439297310633662","60","4.009603779892706","12.694214876033058","271.74380165289256","275.20661157024796","9.327873921985296","2.2779026301481196","3.3524818681055604","3.9369706121706107","1.83189755433708","60","3.964870575882057","11.652892561983471","268.09090909090907","346.6115702479339","9.253002539854695","2.7128673784947828","2.653799988697268","1.0868169381955388","6.571212676473975","60","4.018448135443713","11.611570247933884","263.7107438016529","351.1487603305785","9.273950751202227","3.86003345631177","5.877798163057098","1.9947408668984286","1.5592871326073348","60","4.037073105275242","12.983471074380166","285.77685950413223","352.90909090909093","9.295860706891814","5.7403191496452015","4.193315123522421","5.000034315299103","1.9296560310482354","60","4.084053372716311","13.330578512396695","272.5702479338843","338.20661157024796","9.294460035827472","4.4964632036873","7.485391481777779","6.346941268808077","5.0365001506013565","60","4.021531271927848","14.487603305785123","267.25619834710744","320.45454545454544","9.26042253084514","6.481655119951451","2.1300213703813133","2.9226049710027895","4.4381326132111045","60","4.014474307846442","12.140495867768594","225.63636363636363","233.1818181818182","9.30621743441071","4.832082334971659","0.72629721792582","5.7281422958595165","6.511485055295303","60","4.0320147393770815","14.115702479338843","274.10743801652893","313.8099173553719","9.317009548207178","5.998169761955818","4.6827136135815435","0.8320340171943793","3.5670300270789985","60","4.047955263205774","12.099173553719009","279.495867768595","335.97520661157023","9.285593123804182","2.817076298248941","2.2677336357714686","5.814001924831957","2.6591070383545543","60","3.9358472189757694","9.892561983471074","259.07438016528926","353.4793388429752","9.286261708308679","4.368000296827254","2.2338611541366147","2.077473695908692","2.8176131196611207"
"[total steps]","120","120","120","120","120","120","120","120","120","120","120","120","120","120","120","120","120","120","120","120","120","120","120","120","120","120","120","120","120","120","120","120","120","120","120","120","120","120","120","120","120","120","120","120","120","120","120","120","120","120","120","120","120","120","120","120","120","120","120","120","120","120","120","120","120","120","120","120","120","120","120","120","120","120","120","120","120","120","120","120","120","120","120","120","120","120","120","120","120","120","120","120","120","120","120","120","120","120","120","120","120","120","120","120","120","120","120","120","120","120","120","120","120","120","120","120","120","120","120","120","120","120","120","120","120","120","120","120","120","120","120","120","120","120","120","120","120","120","120","120","120","120","120","120","120","120","120","120","120","120","120","120","120","120","120","120","120","120","120","120","120","120","120","120","120","120","120","120","120","120","120","120","120","120","120","120","120","120","120","120","120","120","120","120","120","120","120","120","120","120","120","120","120","120","120","120","120","120","120","120","120","120","120","120","120","120","120","120","120","120","120","120","120","120","120","120","120","120","120","120","120","120","120","120","120","120","120","120","120","120","120","120","120","120","120","120","120","120","120","120","120","120","120","120","120","120","120","120","120","120","120","120","120","120","120","120","120","120","120","120","120","120","120","120","120","120","120","120","120","120","120","120","120","120","120","120","120","120","120","120","120","120","120","120","120","120","120","120","120","120","120","120","120","120","120","120","120","120","120","120"

"[all run data]","[step]","report-mean-risk","report-deaths","report-total-agents","report-rewiring-events","report-mean-friends","report-pct-high-smoking","report-pct-high-alcohol","report-pct-high-diet","report-pct-high-inactivity","[step]","report-mean-risk","report-deaths","report-total-agents","report-rewiring-events","report-mean-friends","report-pct-high-smoking","report-pct-high-alcohol","report-pct-high-diet","report-pct-high-inactivity","[step]","report-mean-risk","report-deaths","report-total-agents","report-rewiring-events","report-mean-friends","report-pct-high-smoking","report-pct-high-alcohol","report-pct-high-diet","report-pct-high-inactivity","[step]","report-mean-risk","report-deaths","report-total-agents","report-rewiring-events","report-mean-friends","report-pct-high-smoking","report-pct-high-alcohol","report-pct-high-diet","report-pct-high-inactivity","[step]","report-mean-risk","report-deaths","report-total-agents","report-rewiring-events","report-mean-friends","report-pct-high-smoking","report-pct-high-alcohol","report-pct-high-diet","report-pct-high-inactivity","[step]","report-mean-risk","report-deaths","report-total-agents","report-rewiring-events","report-mean-friends","report-pct-high-smoking","report-pct-high-alcohol","report-pct-high-diet","report-pct-high-inactivity","[step]","report-mean-risk","report-deaths","report-total-agents","report-rewiring-events","report-mean-friends","report-pct-high-smoking","report-pct-high-alcohol","report-pct-high-diet","report-pct-high-inactivity","[step]","report-mean-risk","report-deaths","report-total-agents","report-rewiring-events","report-mean-friends","report-pct-high-smoking","report-pct-high-alcohol","report-pct-high-diet","report-pct-high-inactivity","[step]","report-mean-risk","report-deaths","report-total-agents","report-rewiring-events","report-mean-friends","report-pct-high-smoking","report-pct-high-alcohol","report-pct-high-diet","report-pct-high-inactivity","[step]","report-mean-risk","report-deaths","report-total-agents","report-rewiring-events","report-mean-friends","report-pct-high-smoking","report-pct-high-alcohol","report-pct-high-diet","report-pct-high-inactivity","[step]","report-mean-risk","report-deaths","report-total-agents","report-rewiring-events","report-mean-friends","report-pct-high-smoking","report-pct-high-alcohol","report-pct-high-diet","report-pct-high-inactivity","[step]","report-mean-risk","report-deaths","report-total-agents","report-rewiring-events","report-mean-friends","report-pct-high-smoking","report-pct-high-alcohol","report-pct-high-diet","report-pct-high-inactivity","[step]","report-mean-risk","report-deaths","report-total-agents","report-rewiring-events","report-mean-friends","report-pct-high-smoking","report-pct-high-alcohol","report-pct-high-diet","report-pct-high-inactivity","[step]","report-mean-risk","report-deaths","report-total-agents","report-rewiring-events","report-mean-friends","report-pct-high-smoking","report-pct-high-alcohol","report-pct-high-diet","report-pct-high-inactivity","[step]","report-mean-risk","report-deaths","report-total-agents","report-rewiring-events","report-mean-friends","report-pct-high-smoking","report-pct-high-alcohol","report-pct-high-diet","report-pct-high-inactivity","[step]","report-mean-risk","report-deaths","report-total-agents","report-rewiring-events","report-mean-friends","report-pct-high-smoking","report-pct-high-alcohol","report-pct-high-diet","report-pct-high-inactivity","[step]","report-mean-risk","report-deaths","report-total-agents","report-rewiring-events","report-mean-friends","report-pct-high-smoking","report-pct-high-alcohol","report-pct-high-diet","report-pct-high-inactivity","[step]","report-mean-risk","report-deaths","report-total-agents","report-rewiring-events","report-mean-friends","report-pct-high-smoking","report-pct-high-alcohol","report-pct-high-diet","report-pct-high-inactivity","[step]","report-mean-risk","report-deaths","report-total-agents","report-rewiring-events","report-mean-friends","report-pct-high-smoking","report-pct-high-alcohol","report-pct-high-diet","report-pct-high-inactivity","[step]","report-mean-risk","report-deaths","report-total-agents","report-rewiring-events","report-mean-friends","report-pct-high-smoking","report-pct-high-alcohol","report-pct-high-diet","report-pct-high-inactivity","[step]","report-mean-risk","report-deaths","report-total-agents","report-rewiring-events","report-mean-friends","report-pct-high-smoking","report-pct-high-alcohol","report-pct-high-diet","report-pct-high-inactivity","[step]","report-mean-risk","report-deaths","report-total-agents","report-rewiring-events","report-mean-friends","report-pct-high-smoking","report-pct-high-alcohol","report-pct-high-diet","report-pct-high-inactivity","[step]","report-mean-risk","report-deaths","report-total-agents","report-rewiring-events","report-mean-friends","report-pct-high-smoking","report-pct-high-alcohol","report-pct-high-diet","report-pct-high-inactivity","[step]","report-mean-risk","report-deaths","report-total-agents","report-rewiring-events","report-mean-friends","report-pct-high-smoking","report-pct-high-alcohol","report-pct-high-diet","report-pct-high-inactivity","[step]","report-mean-risk","report-deaths","report-total-agents","report-rewiring-events","report-mean-friends","report-pct-high-smoking","report-pct-high-alcohol","report-pct-high-diet","report-pct-high-inactivity","[step]","report-mean-risk","report-deaths","report-total-agents","report-rewiring-events","report-mean-friends","report-pct-high-smoking","report-pct-high-alcohol","report-pct-high-diet","report-pct-high-inactivity","[step]","report-mean-risk","report-deaths","report-total-agents","report-rewiring-events","report-mean-friends","report-pct-high-smoking","report-pct-high-alcohol","report-pct-high-diet","report-pct-high-inactivity","[step]","report-mean-risk","report-deaths","report-total-agents","report-rewiring-events","report-mean-friends","report-pct-high-smoking","report-pct-high-alcohol","report-pct-high-diet","report-pct-high-inactivity","[step]","report-mean-risk","report-deaths","report-total-agents","report-rewiring-events","report-mean-friends","report-pct-high-smoking","report-pct-high-alcohol","report-pct-high-diet","report-pct-high-inactivity","[step]","report-mean-risk","report-deaths","report-total-agents","report-rewiring-events","report-mean-friends","report-pct-high-smoking","report-pct-high-alcohol","report-pct-high-diet","report-pct-high-inactivity"
,"0","4.111587982832618","0","233","0","9.141630901287554","32.18884120171674","35.1931330472103","34.33476394849785","35.1931330472103","0","4.015151515151516","0","264","0","9.159090909090908","33.333333333333336","35.22727272727273","36.74242424242424","31.060606060606062","0","3.9779735682819384","0","227","0","9.224669603524228","33.92070484581498","31.277533039647576","32.158590308370044","35.68281938325991","0","4.08641975308642","0","243","0","9.152263374485596","35.390946502057616","31.68724279835391","37.44855967078189","31.275720164609055","0","3.9126984126984126","0","252","0","9.087301587301587","29.365079365079364","35.714285714285715","32.53968253968254","26.984126984126984","0","4.008403361344538","0","238","0","9.218487394957982","34.87394957983193","34.87394957983193","34.87394957983193","30.672268907563026","0","4.105042016806722","0","238","0","9.159663865546218","42.436974789915965","34.03361344537815","36.97478991596638","26.050420168067227","0","3.6954732510288064","0","243","0","9.185185185185185","31.275720164609055","25.102880658436213","32.510288065843625","29.218106995884774","0","4.01171875","0","256","0","9.1328125","37.109375","33.203125","30.859375","33.59375","0","4.078838174273859","0","241","0","9.195020746887966","35.684647302904565","36.92946058091286","31.12033195020747","31.95020746887967","0","3.7939914163090127","0","233","0","9.150214592274677","30.472103004291846","26.180257510729614","31.330472103004293","31.759656652360515","0","4.017094017094017","0","234","0","9.11111111111111","35.8974358974359","36.75213675213675","33.76068376068376","28.205128205128204","0","4.057268722466961","0","227","0","9.17180616740088","36.12334801762115","29.07488986784141","35.242290748898675","32.59911894273128","0","4.015151515151516","0","264","0","9.143939393939394","31.060606060606062","32.57575757575758","34.09090909090909","37.5","0","4.051063829787234","0","235","0","9.140425531914893","33.191489361702125","37.87234042553192","31.914893617021278","32.765957446808514","0","3.8355555555555556","0","225","0","9.102222222222222","29.333333333333332","35.111111111111114","28.88888888888889","25.77777777777778","0","3.816733067729084","0","251","0","9.282868525896415","28.685258964143426","34.26294820717131","31.47410358565737","29.083665338645417","0","3.9881422924901186","0","253","0","9.193675889328063","34.387351778656125","33.59683794466403","33.59683794466403","32.80632411067194","0","4.110655737704918","0","244","0","9.163934426229508","36.47540983606557","31.147540983606557","32.78688524590164","35.65573770491803","0","4.073059360730594","0","219","0","9.031963470319635","33.789954337899545","36.073059360730596","33.333333333333336","33.789954337899545","0","4.1607843137254905","0","255","0","9.239215686274509","34.509803921568626","36.86274509803921","36.86274509803921","34.509803921568626","0","3.830508474576271","0","236","0","9.203389830508474","31.779661016949152","32.6271186440678","33.05084745762712","30.084745762711865","0","3.9788135593220337","0","236","0","9.228813559322035","29.23728813559322","33.898305084745765","29.661016949152543","32.6271186440678","0","4.192156862745098","0","255","0","9.2","36.470588235294116","36.07843137254902","39.21568627450981","33.333333333333336","0","3.789473684210526","0","247","0","9.157894736842104","28.74493927125506","28.74493927125506","37.24696356275304","35.62753036437247","0","4.004366812227074","0","229","0","9.179039301310043","32.751091703056765","30.131004366812228","31.87772925764192","31.87772925764192","0","3.936893203883495","0","206","0","9.223300970873787","30.097087378640776","33.49514563106796","35.43689320388349","31.553398058252426","0","4.172995780590718","0","237","0","9.265822784810126","37.552742616033754","34.59915611814346","34.59915611814346","40.08438818565401","0","4.185185185185185","0","243","0","9.135802469135802","34.5679012345679","32.098765432098766","37.44855967078189","37.03703703703704","0","3.9646017699115044","0","226","0","9.247787610619469","34.51327433628319","36.283185840707965","28.761061946902654","31.858407079646017"
,"1","4.034334763948498","0","233","30","9.399141630901287","3.8626609442060085","9.871244635193133","1.7167381974248928","2.575107296137339","1","4.053030303030303","0","264","22","9.325757575757576","4.924242424242424","5.681818181818182","4.545454545454546","3.409090909090909","1","4.017699115044247","1","226","20","9.36283185840708","5.752212389380531","5.3097345132743365","3.0973451327433628","0.4424778761061947","1","4.099173553719008","0","242","30","9.355371900826446","4.545454545454546","2.8925619834710745","5.785123966942149","8.264462809917354","1","4.011904761904762","0","252","24","9.277777777777779","4.365079365079365","1.9841269841269842","5.158730158730159","4.761904761904762","1","4.029411764705882","0","238","23","9.411764705882353","2.9411764705882355","4.621848739495798","7.142857142857143","5.042016806722689","1","4.110169491525424","0","236","22","9.271186440677965","11.440677966101696","3.389830508474576","10.59322033898305","4.237288135593221","1","3.8677685950413223","0","242","33","9.413223140495868","3.3057851239669422","2.479338842975207","2.479338842975207","1.2396694214876034","1","4.046875","0","256","33","9.390625","7.8125","5.859375","5.078125","5.46875","1","4.025","0","240","32","9.416666666666666","7.083333333333333","3.3333333333333335","3.75","4.166666666666667","1","3.9008620689655173","0","232","29","9.362068965517242","2.1551724137931036","1.293103448275862","3.8793103448275863","3.4482758620689653","1","4.012875536480687","1","233","30","9.321888412017167","5.150214592274678","5.579399141630901","7.296137339055794","1.2875536480686696","1","4.013215859030837","0","227","19","9.33920704845815","3.9647577092511015","4.405286343612334","1.7621145374449338","5.286343612334802","1","4.068181818181818","0","264","29","9.363636363636363","3.0303030303030303","3.787878787878788","3.787878787878788","2.6515151515151514","1","4.046808510638298","0","235","22","9.327659574468084","2.5531914893617023","8.936170212765957","2.978723404255319","3.404255319148936","1","3.8794642857142856","0","224","27","9.294642857142858","5.357142857142857","2.6785714285714284","3.125","3.5714285714285716","1","4","0","251","28","9.50597609561753","2.3904382470119523","3.9840637450199203","4.382470119521912","3.585657370517928","1","4.0355731225296445","0","253","25","9.391304347826088","1.5810276679841897","4.743083003952569","5.533596837944664","3.5573122529644268","1","4.090534979423868","1","243","23","9.308641975308642","2.05761316872428","6.172839506172839","9.876543209876543","5.349794238683128","1","4.100456621004566","0","219","29","9.296803652968036","5.936073059360731","5.936073059360731","3.65296803652968","4.109589041095891","1","4.129411764705883","0","255","25","9.435294117647059","4.313725490196078","4.705882352941177","5.098039215686274","5.882352941176471","1","3.978723404255319","0","235","22","9.370212765957447","4.680851063829787","2.978723404255319","5.957446808510638","2.978723404255319","1","4.029787234042553","0","235","28","9.446808510638299","2.978723404255319","5.531914893617022","2.978723404255319","5.1063829787234045","1","4.094117647058823","0","255","16","9.325490196078432","5.882352941176471","7.450980392156863","6.2745098039215685","5.098039215686274","1","4.0242914979757085","0","247","24","9.352226720647772","3.2388663967611335","3.6437246963562755","4.8582995951417","8.097165991902834","1","3.973684210526316","0","228","25","9.350877192982455","5.2631578947368425","4.824561403508772","3.0701754385964914","1.7543859649122806","1","4.033980582524272","0","206","22","9.436893203883495","7.281553398058253","2.912621359223301","6.796116504854369","8.737864077669903","1","4.080168776371308","0","237","27","9.49367088607595","3.7974683544303796","7.172995780590718","3.3755274261603376","4.641350210970464","1","4.144628099173554","0","242","26","9.305785123966942","2.479338842975207","3.71900826446281","4.958677685950414","9.917355371900827","1","3.9292035398230087","0","226","22","9.442477876106194","1.3274336283185841","3.982300884955752","3.5398230088495577","3.5398230088495577"
,"2","4.030042918454936","0","233","30","9.399141630901287","2.575107296137339","9.871244635193133","0","0.8583690987124464","2","4.030418250950571","0","263","22","9.307984790874524","3.041825095057034","3.041825095057034","2.661596958174905","2.661596958174905","2","3.982300884955752","1","226","20","9.36283185840708","2.6548672566371683","3.0973451327433628","2.2123893805309733","0","2","4.087136929460581","0","241","30","9.336099585062241","4.564315352697095","2.4896265560165975","3.319502074688797","6.639004149377594","2","4.028","0","250","24","9.208","3.6","1.6","4","2.4","2","4","1","237","23","9.367088607594937","1.2658227848101267","2.109704641350211","5.063291139240507","2.9535864978902953","2","4.1440677966101696","0","236","22","9.271186440677965","10.169491525423728","2.542372881355932","8.898305084745763","2.1186440677966103","2","3.871900826446281","0","242","33","9.413223140495868","2.0661157024793386","0.4132231404958678","2.0661157024793386","0.4132231404958678","2","4.094117647058823","0","255","33","9.349019607843138","7.450980392156863","4.313725490196078","3.5294117647058822","3.5294117647058822","2","4.03347280334728","1","239","32","9.372384937238493","4.602510460251046","2.510460251046025","2.510460251046025","1.6736401673640167","2","3.9310344827586206","0","232","29","9.362068965517242","2.1551724137931036","0","0.8620689655172413","1.7241379310344827","2","3.9827586206896552","1","232","30","9.28448275862069","3.8793103448275863","5.172413793103448","5.172413793103448","0.8620689655172413","2","3.973333333333333","0","225","19","9.27111111111111","2.6666666666666665","1.7777777777777777","1.7777777777777777","3.111111111111111","2","4.045454545454546","0","264","29","9.363636363636363","2.272727272727273","1.5151515151515151","3.409090909090909","1.5151515151515151","2","4.021459227467811","1","233","22","9.253218884120171","2.575107296137339","5.150214592274678","2.1459227467811157","0.4291845493562232","2","3.9417040358744395","0","223","27","9.246636771300448","3.587443946188341","1.7937219730941705","2.690582959641256","2.242152466367713","2","3.988","0","250","28","9.464","1.6","1.6","3.2","1.2","2","4.0476190476190474","0","252","25","9.357142857142858","1.5873015873015872","4.365079365079365","4.761904761904762","1.5873015873015872","2","4.090909090909091","2","242","23","9.264462809917354","1.6528925619834711","4.545454545454546","7.851239669421488","3.3057851239669422","2","4.095890410958904","0","219","29","9.296803652968036","4.109589041095891","4.109589041095891","4.109589041095891","2.2831050228310503","2","4.039370078740157","1","254","25","9.393700787401574","0.7874015748031497","1.968503937007874","4.330708661417323","2.7559055118110236","2","3.9574468085106385","0","235","22","9.370212765957447","2.5531914893617023","1.2765957446808511","2.127659574468085","2.5531914893617023","2","4.055555555555555","0","234","28","9.401709401709402","2.9914529914529915","6.410256410256411","1.7094017094017093","2.5641025641025643","2","4.071428571428571","1","252","16","9.206349206349206","5.555555555555555","5.158730158730159","4.761904761904762","3.1746031746031744","2","4.036585365853658","1","246","24","9.317073170731707","2.4390243902439024","2.032520325203252","3.252032520325203","6.504065040650406","2","3.969298245614035","0","228","25","9.350877192982455","6.140350877192983","1.7543859649122806","1.3157894736842106","0.8771929824561403","2","4.029411764705882","1","204","22","9.362745098039216","5.392156862745098","1.4705882352941178","4.901960784313726","6.862745098039215","2","4.080168776371308","0","237","27","9.49367088607595","4.219409282700422","4.219409282700422","0.8438818565400844","3.3755274261603376","2","4.1078838174273855","0","241","26","9.278008298755188","1.6597510373443984","1.6597510373443984","3.7344398340248963","5.809128630705394","2","3.9555555555555557","0","225","22","9.395555555555555","0","2.6666666666666665","1.7777777777777777","3.111111111111111"
,"3","4.038793103448276","0","232","30","9.35344827586207","2.586206896551724","10.344827586206897","0","0.8620689655172413","3","4.0344827586206895","1","261","22","9.233716475095786","3.0651340996168583","3.0651340996168583","2.681992337164751","2.681992337164751","3","3.9867256637168142","1","226","20","9.36283185840708","2.2123893805309733","3.0973451327433628","2.2123893805309733","0","3","4.087866108786611","0","239","30","9.246861924686192","4.602510460251046","2.510460251046025","2.510460251046025","6.694560669456067","3","4.0120481927710845","0","249","24","9.188755020080322","3.21285140562249","1.2048192771084338","4.016064257028113","2.0080321285140563","3","3.9788135593220337","1","236","23","9.322033898305085","0.847457627118644","0","5.084745762711864","2.9661016949152543","3","4.157446808510638","0","235","22","9.225531914893617","10.212765957446809","2.978723404255319","8.936170212765957","2.127659574468085","3","3.8677685950413223","0","242","33","9.413223140495868","2.0661157024793386","0","2.0661157024793386","0","3","4.098039215686274","0","255","33","9.349019607843138","7.450980392156863","4.705882352941177","2.7450980392156863","3.5294117647058822","3","4.03347280334728","1","239","32","9.372384937238493","4.602510460251046","2.510460251046025","2.510460251046025","1.6736401673640167","3","3.9310344827586206","0","232","29","9.362068965517242","2.1551724137931036","0","0.8620689655172413","1.7241379310344827","3","3.9827586206896552","1","232","30","9.28448275862069","3.8793103448275863","5.603448275862069","5.172413793103448","0","3","3.977777777777778","0","225","19","9.27111111111111","2.6666666666666665","1.7777777777777777","1.7777777777777777","2.2222222222222223","3","4.034220532319392","0","263","29","9.32319391634981","2.2813688212927756","1.1406844106463878","3.041825095057034","1.520912547528517","3","4.021551724137931","2","232","22","9.206896551724139","2.586206896551724","4.741379310344827","2.1551724137931036","0.8620689655172413","3","3.9414414414414414","0","222","27","9.207207207207206","3.6036036036036037","0.9009009009009009","1.8018018018018018","2.2522522522522523","3","3.988","0","250","28","9.464","1.2","1.6","3.2","1.2","3","4.027888446215139","0","251","25","9.322709163346614","1.593625498007968","2.3904382470119523","4.780876494023905","1.593625498007968","3","4.1203319502074685","2","241","23","9.228215767634854","1.6597510373443984","4.564315352697095","7.8838174273858925","3.319502074688797","3","4.073059360730594","0","219","29","9.296803652968036","3.65296803652968","3.1963470319634704","4.109589041095891","1.36986301369863","3","4.035433070866142","1","254","25","9.393700787401574","0.7874015748031497","1.968503937007874","4.330708661417323","2.3622047244094486","3","3.9358974358974357","0","234","22","9.324786324786325","2.5641025641025643","0.8547008547008547","0.8547008547008547","2.9914529914529915","3","4.068669527896995","0","233","28","9.381974248927039","2.575107296137339","6.437768240343348","1.7167381974248928","2.575107296137339","3","4.099206349206349","1","252","16","9.206349206349206","5.555555555555555","5.555555555555555","4.761904761904762","3.1746031746031744","3","4.036585365853658","1","246","24","9.317073170731707","2.4390243902439024","2.4390243902439024","3.252032520325203","6.097560975609756","3","3.9647577092511015","0","227","25","9.330396475770925","6.167400881057269","1.7621145374449338","0.8810572687224669","0.8810572687224669","3","4.044117647058823","1","204","22","9.362745098039216","4.901960784313726","0.49019607843137253","3.9215686274509802","6.862745098039215","3","4.088983050847458","0","236","27","9.466101694915254","3.8135593220338984","4.237288135593221","0.847457627118644","3.389830508474576","3","4.10126582278481","2","237","26","9.130801687763713","1.6877637130801688","1.6877637130801688","3.3755274261603376","5.485232067510548","3","3.9464285714285716","0","224","22","9.366071428571429","0","2.6785714285714284","1.3392857142857142","3.125"
,"4","4.038793103448276","0","232","41","9.448275862068966","2.586206896551724","10.344827586206897","0","0.8620689655172413","4","4.0346153846153845","1","260","48","9.392307692307693","3.076923076923077","3.076923076923077","2.6923076923076925","2.6923076923076925","4","3.986607142857143","1","224","37","9.419642857142858","2.232142857142857","3.125","2.232142857142857","0","4","4.088235294117647","0","238","64","9.487394957983193","4.621848739495798","2.5210084033613445","2.5210084033613445","6.722689075630252","4","3.9919678714859437","0","249","44","9.349397590361447","1.2048192771084338","0.8032128514056225","4.016064257028113","1.606425702811245","4","3.978723404255319","2","235","48","9.48936170212766","0.851063829787234","0","5.1063829787234045","2.978723404255319","4","4.170940170940171","0","234","52","9.461538461538462","10.256410256410257","2.9914529914529915","8.974358974358974","2.1367521367521367","4","3.871369294605809","0","241","47","9.485477178423237","2.074688796680498","0","2.074688796680498","0","4","4.094117647058823","0","255","54","9.513725490196078","7.450980392156863","4.313725490196078","2.7450980392156863","3.5294117647058822","4","4.046025104602511","1","239","53","9.548117154811715","4.602510460251046","2.510460251046025","2.510460251046025","1.6736401673640167","4","3.930735930735931","0","231","47","9.471861471861471","2.1645021645021645","0","0.8658008658008658","1.7316017316017316","4","3.987012987012987","1","231","51","9.437229437229437","3.896103896103896","5.627705627705628","5.194805194805195","0","4","3.977777777777778","0","225","37","9.431111111111111","2.6666666666666665","1.7777777777777777","1.7777777777777777","2.2222222222222223","4","4.019157088122605","1","261","52","9.432950191570882","2.2988505747126435","0.7662835249042146","2.681992337164751","0.7662835249042146","4","4.017316017316017","2","231","46","9.402597402597403","2.5974025974025974","4.761904761904762","2.1645021645021645","0.4329004329004329","4","3.9315068493150687","1","219","53","9.315068493150685","3.65296803652968","0.91324200913242","1.36986301369863","2.2831050228310503","4","3.976","0","250","44","9.592","1.2","1.6","3.2","0.4","4","4.024","0","250","40","9.4","1.6","1.6","4.8","1.6","4","4.120833333333334","2","240","54","9.441666666666666","1.6666666666666667","4.583333333333333","7.916666666666667","3.3333333333333335","4","4.073394495412844","0","218","46","9.403669724770642","3.669724770642202","3.2110091743119265","4.128440366972477","1.3761467889908257","4","4.039370078740157","1","254","46","9.559055118110237","0.7874015748031497","1.968503937007874","4.330708661417323","2.3622047244094486","4","3.9358974358974357","0","234","41","9.487179487179487","2.5641025641025643","0.8547008547008547","0.8547008547008547","2.9914529914529915","4","4.068669527896995","0","233","55","9.6137339055794","2.575107296137339","6.437768240343348","1.7167381974248928","2.575107296137339","4","4.103174603174603","1","252","51","9.484126984126984","5.555555555555555","5.555555555555555","4.761904761904762","3.1746031746031744","4","4.036734693877551","1","245","39","9.395918367346939","2.4489795918367347","2.4489795918367347","3.2653061224489797","6.122448979591836","4","3.9646017699115044","1","226","44","9.451327433628318","6.1946902654867255","1.7699115044247788","0.8849557522123894","0.8849557522123894","4","4.044117647058823","1","204","33","9.470588235294118","4.901960784313726","0","3.9215686274509802","6.862745098039215","4","4.0974576271186445","0","236","45","9.61864406779661","3.8135593220338984","4.237288135593221","0.847457627118644","3.389830508474576","4","4.10126582278481","2","237","63","9.443037974683545","1.6877637130801688","1.6877637130801688","3.3755274261603376","5.485232067510548","4","3.9502262443438916","1","221","38","9.375565610859729","0","2.7149321266968327","1.8099547511312217","2.262443438914027"
,"5","4.038793103448276","0","232","41","9.448275862068966","2.586206896551724","10.344827586206897","0","0.8620689655172413","5","4.0347490347490345","1","259","48","9.35907335907336","3.088803088803089","3.088803088803089","2.7027027027027026","2.7027027027027026","5","3.9864864864864864","1","222","37","9.324324324324325","2.2522522522522523","3.1531531531531534","2.2522522522522523","0","5","4.088235294117647","0","238","64","9.487394957983193","4.621848739495798","2.5210084033613445","2.5210084033613445","6.722689075630252","5","3.9919678714859437","0","249","44","9.349397590361447","1.2048192771084338","0.8032128514056225","4.016064257028113","1.606425702811245","5","3.9783549783549783","2","231","48","9.333333333333334","0.8658008658008658","0","5.194805194805195","3.0303030303030303","5","4.171673819742489","1","233","52","9.416309012875537","10.300429184549357","3.004291845493562","9.012875536480687","2.1459227467811157","5","3.871369294605809","0","241","47","9.485477178423237","2.074688796680498","0","2.074688796680498","0","5","4.0984251968503935","0","254","54","9.472440944881889","7.480314960629921","4.724409448818897","2.7559055118110236","3.543307086614173","5","4.046218487394958","1","238","53","9.521008403361344","4.621848739495798","2.5210084033613445","2.5210084033613445","1.680672268907563","5","3.9304347826086956","0","230","47","9.42608695652174","2.1739130434782608","0","0.8695652173913043","1.7391304347826086","5","3.987012987012987","1","231","51","9.437229437229437","3.896103896103896","5.627705627705628","5.194805194805195","0","5","3.977777777777778","0","225","37","9.431111111111111","2.6666666666666665","1.7777777777777777","1.7777777777777777","2.2222222222222223","5","4.019157088122605","1","261","52","9.432950191570882","2.2988505747126435","0.7662835249042146","2.681992337164751","0.7662835249042146","5","4.01304347826087","2","230","46","9.356521739130434","2.608695652173913","4.782608695652174","2.1739130434782608","0","5","3.949771689497717","1","219","53","9.315068493150685","3.65296803652968","0.91324200913242","1.82648401826484","2.2831050228310503","5","3.9759036144578315","0","249","44","9.550200803212851","1.2048192771084338","1.606425702811245","3.21285140562249","0","5","4.008032128514056","1","249","40","9.357429718875501","1.2048192771084338","1.2048192771084338","4.417670682730924","1.2048192771084338","5","4.122362869198312","2","237","54","9.341772151898734","1.6877637130801688","4.641350210970464","8.016877637130802","3.3755274261603376","5","4.073394495412844","0","218","46","9.403669724770642","3.669724770642202","3.2110091743119265","4.128440366972477","1.3761467889908257","5","4.05511811023622","1","254","46","9.559055118110237","0.7874015748031497","1.968503937007874","4.330708661417323","2.3622047244094486","5","3.9356223175965663","0","233","41","9.44206008583691","2.575107296137339","0.8583690987124464","0.8583690987124464","3.004291845493562","5","4.068669527896995","0","233","55","9.6137339055794","2.575107296137339","6.437768240343348","1.7167381974248928","2.575107296137339","5","4.103174603174603","1","252","51","9.484126984126984","5.555555555555555","5.555555555555555","4.761904761904762","3.1746031746031744","5","4.036885245901639","1","244","39","9.352459016393443","2.459016393442623","2.459016393442623","3.278688524590164","6.147540983606557","5","3.9646017699115044","1","226","44","9.451327433628318","6.1946902654867255","1.7699115044247788","0.8849557522123894","0.8849557522123894","5","4.044117647058823","1","204","33","9.470588235294118","4.901960784313726","0","3.9215686274509802","6.862745098039215","5","4.098290598290598","2","234","45","9.52991452991453","3.8461538461538463","4.273504273504273","0.8547008547008547","3.4188034188034186","5","4.102127659574468","2","235","63","9.353191489361702","1.702127659574468","1.702127659574468","3.404255319148936","5.531914893617022","5","3.95","1","220","38","9.327272727272728","0","2.727272727272727","1.8181818181818181","2.272727272727273"
,"6","4.038793103448276","0","232","41","9.448275862068966","2.586206896551724","10.344827586206897","0","0.8620689655172413","6","4.0347490347490345","1","259","48","9.35907335907336","3.088803088803089","3.088803088803089","2.7027027027027026","2.7027027027027026","6","3.9864864864864864","1","222","37","9.324324324324325","2.2522522522522523","3.1531531531531534","2.2522522522522523","0","6","4.088983050847458","0","236","64","9.398305084745763","4.661016949152542","2.542372881355932","2.542372881355932","6.779661016949152","6","3.995967741935484","0","248","44","9.32258064516129","1.2096774193548387","0.8064516129032258","4.032258064516129","1.6129032258064515","6","3.9783549783549783","2","231","48","9.333333333333334","0.8658008658008658","0","5.194805194805195","3.0303030303030303","6","4.171673819742489","1","233","52","9.416309012875537","10.300429184549357","3.004291845493562","9.012875536480687","2.1459227467811157","6","3.870833333333333","1","240","47","9.45","2.0833333333333335","0","2.0833333333333335","0","6","4.095238095238095","2","252","54","9.412698412698413","7.5396825396825395","4.365079365079365","2.7777777777777777","3.5714285714285716","6","4.046413502109704","2","237","53","9.485232067510548","4.641350210970464","2.5316455696202533","2.5316455696202533","1.6877637130801688","6","3.9342105263157894","0","228","47","9.368421052631579","2.192982456140351","0","0.8771929824561403","1.7543859649122806","6","3.9869565217391303","2","230","51","9.391304347826088","3.9130434782608696","5.6521739130434785","5.217391304347826","0","6","3.9774774774774775","0","222","37","9.342342342342342","2.7027027027027026","1.8018018018018018","1.8018018018018018","2.2522522522522523","6","4.019305019305019","1","259","52","9.35135135135135","2.3166023166023164","0.7722007722007722","2.7027027027027026","0.7722007722007722","6","4.017543859649122","2","228","46","9.289473684210526","2.6315789473684212","4.824561403508772","2.192982456140351","0","6","3.958904109589041","1","219","53","9.315068493150685","3.65296803652968","0.91324200913242","1.82648401826484","2.2831050228310503","6","3.971774193548387","0","248","44","9.508064516129032","1.2096774193548387","1.6129032258064515","3.225806451612903","0","6","3.9919028340080973","1","247","40","9.279352226720647","0.8097165991902834","0.8097165991902834","4.048582995951417","0.8097165991902834","6","4.122362869198312","2","237","54","9.341772151898734","1.6877637130801688","4.641350210970464","8.016877637130802","3.3755274261603376","6","4.073394495412844","0","218","46","9.403669724770642","3.669724770642202","3.2110091743119265","4.128440366972477","1.3761467889908257","6","4.059288537549407","1","253","46","9.517786561264822","0.7905138339920948","1.976284584980237","4.3478260869565215","2.3715415019762847","6","3.9393939393939394","1","231","41","9.35064935064935","2.5974025974025974","0.8658008658008658","0.8658008658008658","3.0303030303030303","6","4.064655172413793","0","232","55","9.586206896551724","2.586206896551724","6.0344827586206895","1.7241379310344827","2.586206896551724","6","4.103585657370518","1","251","51","9.450199203187251","5.577689243027889","5.577689243027889","4.780876494023905","3.187250996015936","6","4.036885245901639","1","244","39","9.352459016393443","2.459016393442623","2.459016393442623","3.278688524590164","6.147540983606557","6","3.96","2","225","44","9.404444444444444","5.777777777777778","1.3333333333333333","0.8888888888888888","0.8888888888888888","6","4.044334975369458","1","203","33","9.41871921182266","4.926108374384237","0","3.9408866995073892","6.896551724137931","6","4.098290598290598","2","234","45","9.52991452991453","3.8461538461538463","4.273504273504273","0.8547008547008547","3.4188034188034186","6","4.103004291845494","2","233","63","9.261802575107296","1.7167381974248928","1.7167381974248928","3.4334763948497855","5.579399141630901","6","3.95","1","220","38","9.327272727272728","0","2.727272727272727","1.8181818181818181","2.272727272727273"
,"7","4.038961038961039","0","231","57","9.54978354978355","2.5974025974025974","9.956709956709958","0","0.8658008658008658","7","4.034883720930233","1","258","63","9.434108527131784","3.10077519379845","3.10077519379845","2.7131782945736433","2.7131782945736433","7","3.986425339366516","1","221","60","9.484162895927602","2.262443438914027","3.167420814479638","2.262443438914027","0","7","4.089361702127659","0","235","88","9.557446808510639","4.680851063829787","2.5531914893617023","2.5531914893617023","6.808510638297872","7","4.004081632653061","0","245","61","9.33061224489796","1.2244897959183674","0.8163265306122449","4.081632653061225","1.6326530612244898","7","3.9783549783549783","2","231","78","9.593073593073592","0.8658008658008658","0","5.194805194805195","3.0303030303030303","7","4.175438596491228","2","228","71","9.359649122807017","10.087719298245615","3.0701754385964914","9.210526315789474","2.192982456140351","7","3.869747899159664","2","238","65","9.512605042016807","2.100840336134454","0","2.100840336134454","0","7","4.103585657370518","2","251","67","9.48207171314741","7.569721115537849","4.780876494023905","2.7888446215139444","3.585657370517928","7","4.046808510638298","2","235","68","9.523404255319148","4.680851063829787","2.5531914893617023","2.5531914893617023","1.702127659574468","7","3.9383259911894273","0","227","71","9.533039647577093","2.202643171806167","0","0.8810572687224669","1.7621145374449338","7","3.986842105263158","2","228","71","9.482456140350877","3.9473684210526314","5.701754385964913","5.2631578947368425","0","7","3.9774774774774775","0","222","50","9.45945945945946","2.7027027027027026","1.8018018018018018","1.8018018018018018","2.2522522522522523","7","4.01937984496124","2","258","81","9.550387596899224","2.3255813953488373","0.7751937984496124","2.7131782945736433","0.7751937984496124","7","4.021929824561403","2","228","74","9.535087719298245","2.6315789473684212","4.824561403508772","2.192982456140351","0","7","3.962962962962963","2","216","76","9.398148148148149","3.240740740740741","0.9259259259259259","1.8518518518518519","2.314814814814815","7","3.979757085020243","0","247","60","9.603238866396762","1.214574898785425","1.6194331983805668","3.2388663967611335","0","7","3.991869918699187","1","246","64","9.43089430894309","0.8130081300813008","0.8130081300813008","4.065040650406504","0.8130081300813008","7","4.122362869198312","2","237","82","9.578059071729959","1.6877637130801688","4.641350210970464","8.016877637130802","3.3755274261603376","7","4.073394495412844","0","218","61","9.541284403669724","3.669724770642202","3.2110091743119265","4.128440366972477","1.3761467889908257","7","4.059288537549407","1","253","58","9.612648221343873","0.7905138339920948","1.976284584980237","4.3478260869565215","2.3715415019762847","7","3.9391304347826086","2","230","60","9.478260869565217","2.608695652173913","0.8695652173913043","0.8695652173913043","3.0434782608695654","7","4.060869565217391","0","230","67","9.6","2.608695652173913","5.6521739130434785","1.7391304347826086","2.608695652173913","7","4.104417670682731","1","249","73","9.550200803212851","5.622489959839357","5.622489959839357","4.819277108433735","3.21285140562249","7","4.036885245901639","1","244","60","9.524590163934427","2.459016393442623","2.459016393442623","3.278688524590164","6.147540983606557","7","3.9598214285714284","3","224","64","9.544642857142858","5.357142857142857","0.8928571428571429","0.8928571428571429","0.8928571428571429","7","4.044334975369458","1","203","47","9.556650246305418","4.926108374384237","0","3.9408866995073892","6.896551724137931","7","4.098290598290598","2","234","60","9.658119658119658","3.8461538461538463","4.273504273504273","0.8547008547008547","3.4188034188034186","7","4.103004291845494","2","233","91","9.50214592274678","1.7167381974248928","1.7167381974248928","3.4334763948497855","5.579399141630901","7","3.95","1","220","66","9.581818181818182","0","2.727272727272727","1.8181818181818181","2.272727272727273"
,"8","4.038961038961039","0","231","57","9.54978354978355","2.5974025974025974","9.523809523809524","0","0.8658008658008658","8","4.03125","3","256","63","9.3828125","3.125","2.734375","2.34375","2.734375","8","3.9863636363636363","1","220","60","9.436363636363636","2.272727272727273","3.1818181818181817","2.272727272727273","0","8","4.089361702127659","0","235","88","9.557446808510639","4.680851063829787","2.5531914893617023","2.5531914893617023","6.808510638297872","8","4.004098360655738","1","244","61","9.28688524590164","1.2295081967213115","0.819672131147541","4.098360655737705","1.639344262295082","8","3.9783549783549783","2","231","78","9.593073593073592","0.8658008658008658","0","5.194805194805195","3.0303030303030303","8","4.171052631578948","2","228","71","9.359649122807017","9.649122807017545","3.0701754385964914","9.210526315789474","2.192982456140351","8","3.869747899159664","2","238","65","9.512605042016807","2.100840336134454","0","2.100840336134454","0","8","4.1","2","250","67","9.44","7.6","4.4","2.8","3.6","8","4.046808510638298","2","235","68","9.523404255319148","4.680851063829787","2.5531914893617023","2.5531914893617023","1.702127659574468","8","3.938053097345133","0","226","71","9.486725663716815","2.2123893805309733","0","0.8849557522123894","1.7699115044247788","8","3.986784140969163","2","227","71","9.462555066079295","3.9647577092511015","5.726872246696035","5.286343612334802","0","8","3.9774774774774775","0","222","50","9.45945945945946","2.7027027027027026","1.8018018018018018","1.8018018018018018","2.2522522522522523","8","4.01937984496124","2","258","81","9.550387596899224","2.3255813953488373","0.7751937984496124","2.7131782945736433","0.7751937984496124","8","4.026905829596412","3","223","74","9.309417040358744","2.690582959641256","4.932735426008969","2.242152466367713","0","8","3.962962962962963","2","216","76","9.398148148148149","2.7777777777777777","0.9259259259259259","1.8518518518518519","2.314814814814815","8","3.9796747967479673","1","246","60","9.560975609756097","1.2195121951219512","1.6260162601626016","3.252032520325203","0","8","3.991869918699187","1","246","64","9.43089430894309","0.8130081300813008","0.8130081300813008","4.065040650406504","0.8130081300813008","8","4.11864406779661","3","236","82","9.55084745762712","1.694915254237288","4.237288135593221","7.627118644067797","3.389830508474576","8","4.073732718894009","0","217","61","9.493087557603687","3.686635944700461","3.225806451612903","4.147465437788019","1.3824884792626728","8","4.059523809523809","1","252","58","9.571428571428571","0.7936507936507936","1.9841269841269842","4.365079365079365","2.380952380952381","8","3.938864628820961","3","229","60","9.43231441048035","2.6200873362445414","0.8733624454148472","0.8733624454148472","3.056768558951965","8","4.06113537117904","0","229","67","9.554585152838428","2.6200873362445414","5.676855895196507","1.7467248908296944","2.6200873362445414","8","4.104838709677419","1","248","73","9.516129032258064","5.645161290322581","5.645161290322581","4.838709677419355","3.225806451612903","8","4.033195020746888","2","241","60","9.402489626556017","2.4896265560165975","2.4896265560165975","3.319502074688797","5.809128630705394","8","3.9642857142857144","3","224","64","9.544642857142858","5.357142857142857","0.8928571428571429","0.8928571428571429","0.8928571428571429","8","4.044334975369458","1","203","47","9.556650246305418","4.926108374384237","0","3.9408866995073892","6.896551724137931","8","4.098290598290598","2","234","60","9.658119658119658","3.8461538461538463","4.273504273504273","0.8547008547008547","3.4188034188034186","8","4.103004291845494","2","233","91","9.50214592274678","1.7167381974248928","1.7167381974248928","3.4334763948497855","5.579399141630901","8","3.949771689497717","1","219","66","9.534246575342467","0","2.73972602739726","1.82648401826484","2.2831050228310503"
,"9","4.038961038961039","0","231","57","9.54978354978355","2.5974025974025974","9.523809523809524","0","0.8658008658008658","9","4.02734375","3","256","63","9.3828125","3.125","2.34375","1.953125","2.734375","9","3.9863636363636363","1","220","60","9.436363636363636","2.272727272727273","3.1818181818181817","2.272727272727273","0","9","4.089361702127659","0","235","88","9.557446808510639","4.680851063829787","2.5531914893617023","2.5531914893617023","6.808510638297872","9","4.004098360655738","1","244","61","9.28688524590164","1.2295081967213115","0.819672131147541","4.098360655737705","1.639344262295082","9","3.978165938864629","2","229","78","9.528384279475983","0.8733624454148472","0","5.240174672489083","3.056768558951965","9","4.171806167400881","2","227","71","9.312775330396477","9.691629955947137","3.0837004405286343","9.251101321585903","2.202643171806167","9","3.869747899159664","2","238","65","9.512605042016807","2.100840336134454","0","2.100840336134454","0","9","4.096","2","250","67","9.44","7.6","4","2.8","3.6","9","4.046808510638298","2","235","68","9.523404255319148","4.680851063829787","2.5531914893617023","2.5531914893617023","1.702127659574468","9","3.937777777777778","1","225","71","9.44","2.2222222222222223","0","0.8888888888888888","1.3333333333333333","9","3.9867256637168142","3","226","71","9.415929203539823","3.982300884955752","5.752212389380531","5.3097345132743365","0","9","3.9771689497716896","2","219","50","9.315068493150685","2.73972602739726","1.82648401826484","1.82648401826484","2.2831050228310503","9","4.01937984496124","2","258","81","9.550387596899224","2.3255813953488373","0.7751937984496124","2.7131782945736433","0.7751937984496124","9","4.027149321266968","3","221","74","9.239819004524886","2.7149321266968327","4.97737556561086","2.262443438914027","0","9","3.962962962962963","2","216","76","9.398148148148149","2.7777777777777777","0.9259259259259259","1.8518518518518519","2.314814814814815","9","3.9754098360655736","2","244","60","9.48360655737705","0.819672131147541","1.639344262295082","3.278688524590164","0","9","3.9918367346938775","1","245","64","9.387755102040817","0.8163265306122449","0.8163265306122449","4.081632653061225","0.8163265306122449","9","4.11864406779661","3","236","82","9.55084745762712","1.694915254237288","4.237288135593221","7.627118644067797","3.389830508474576","9","4.075117370892019","0","213","61","9.295774647887324","3.755868544600939","3.2863849765258215","4.225352112676056","1.408450704225352","9","4.056","3","250","58","9.488","0.4","2","4.4","2.4","9","3.93859649122807","3","228","60","9.394736842105264","2.6315789473684212","0.8771929824561403","0.8771929824561403","3.0701754385964914","9","4.06140350877193","0","228","67","9.508771929824562","2.6315789473684212","5.701754385964913","1.7543859649122806","2.6315789473684212","9","4.105263157894737","1","247","73","9.489878542510121","5.668016194331984","5.668016194331984","4.8582995951417","3.2388663967611335","9","4.033333333333333","2","240","60","9.375","2.5","2.5","3.3333333333333335","5.833333333333333","9","3.9642857142857144","3","224","64","9.544642857142858","5.357142857142857","0.8928571428571429","0.8928571428571429","0.8928571428571429","9","4.044776119402985","2","201","47","9.45273631840796","4.975124378109452","0","3.9800995024875623","6.965174129353234","9","4.1","2","230","60","9.478260869565217","3.9130434782608696","4.3478260869565215","0.8695652173913043","3.4782608695652173","9","4.103004291845494","2","233","91","9.50214592274678","1.7167381974248928","1.7167381974248928","3.4334763948497855","5.579399141630901","9","3.949771689497717","1","219","66","9.534246575342467","0","2.73972602739726","1.82648401826484","2.2831050228310503"
,"10","4.043668122270742","2","229","68","9.589519650655022","2.6200873362445414","9.606986899563319","0","0.8733624454148472","10","4.02734375","3","256","89","9.5859375","3.125","2.34375","1.953125","2.734375","10","3.9863636363636363","1","220","84","9.654545454545454","2.272727272727273","3.1818181818181817","2.272727272727273","0","10","4.089743589743589","0","234","105","9.658119658119658","4.700854700854701","2.5641025641025643","2.5641025641025643","6.837606837606837","10","4.004098360655738","1","244","88","9.508196721311476","1.2295081967213115","0.819672131147541","4.098360655737705","1.639344262295082","10","3.982456140350877","2","228","97","9.657894736842104","0.8771929824561403","0","5.2631578947368425","3.0701754385964914","10","4.171806167400881","2","227","91","9.48898678414097","9.691629955947137","3.0837004405286343","9.251101321585903","2.202643171806167","10","3.869747899159664","2","238","77","9.61344537815126","2.100840336134454","0","2.100840336134454","0","10","4.096","2","250","82","9.56","7.6","4","2.8","3.6","10","4.046808510638298","2","235","84","9.659574468085106","4.680851063829787","2.5531914893617023","2.5531914893617023","1.702127659574468","10","3.937777777777778","1","225","88","9.591111111111111","2.2222222222222223","0","0.8888888888888888","0.8888888888888888","10","3.986666666666667","3","225","88","9.52","4","5.777777777777778","5.333333333333333","0","10","3.9771689497716896","2","219","76","9.552511415525114","2.73972602739726","1.82648401826484","1.82648401826484","2.2831050228310503","10","4.019455252918288","2","257","95","9.618677042801556","2.3346303501945527","0.7782101167315175","2.7237354085603114","0.7782101167315175","10","4.027272727272727","3","220","105","9.472727272727273","2.727272727272727","5","2.272727272727273","0","10","3.9627906976744187","3","215","91","9.488372093023257","2.7906976744186047","0.9302325581395349","1.8604651162790697","2.3255813953488373","10","3.9794238683127574","2","243","76","9.572016460905349","0.823045267489712","1.646090534979424","3.292181069958848","0","10","3.9918032786885247","1","244","86","9.524590163934427","0.819672131147541","0.819672131147541","4.098360655737705","0.819672131147541","10","4.11864406779661","3","236","94","9.652542372881356","1.694915254237288","4.237288135593221","7.627118644067797","3.389830508474576","10","4.075117370892019","0","213","89","9.55868544600939","3.755868544600939","3.2863849765258215","4.225352112676056","1.408450704225352","10","4.052","3","250","79","9.656","0","2","4.4","2.4","10","3.933628318584071","3","226","76","9.442477876106194","2.6548672566371683","0.8849557522123894","0.8849557522123894","2.6548672566371683","10","4.06140350877193","0","228","87","9.68421052631579","2.6315789473684212","5.701754385964913","1.7543859649122806","2.6315789473684212","10","4.105691056910569","1","246","92","9.601626016260163","5.691056910569106","5.691056910569106","4.878048780487805","3.252032520325203","10","4.03347280334728","2","239","84","9.531380753138075","2.510460251046025","2.510460251046025","3.3472803347280333","5.857740585774058","10","3.9642857142857144","3","224","73","9.625","5.357142857142857","0.8928571428571429","0.8928571428571429","0.8928571428571429","10","4.045","3","200","63","9.56","5","0","4","7","10","4.100436681222708","2","229","87","9.668122270742359","3.930131004366812","4.366812227074236","0.8733624454148472","3.493449781659389","10","4.103004291845494","2","233","109","9.656652360515022","1.7167381974248928","1.7167381974248928","3.4334763948497855","5.579399141630901","10","3.94954128440367","1","218","76","9.577981651376147","0","2.7522935779816513","1.834862385321101","2.293577981651376"
,"11","4.043859649122807","2","228","68","9.543859649122806","2.6315789473684212","9.649122807017545","0","0.8771929824561403","11","4.02734375","3","256","89","9.5859375","3.125","2.34375","1.953125","2.734375","11","3.9863636363636363","1","220","84","9.654545454545454","2.272727272727273","3.1818181818181817","2.272727272727273","0","11","4.090128755364807","0","233","105","9.6137339055794","4.721030042918455","2.575107296137339","2.575107296137339","6.866952789699571","11","4.004098360655738","1","244","88","9.508196721311476","1.2295081967213115","0.819672131147541","4.098360655737705","1.639344262295082","11","3.986784140969163","2","227","97","9.612334801762115","0.8810572687224669","0","5.286343612334802","3.0837004405286343","11","4.172566371681416","3","226","91","9.442477876106194","9.734513274336283","3.0973451327433628","9.29203539823009","2.2123893805309733","11","3.869747899159664","2","238","77","9.61344537815126","2.100840336134454","0","2.100840336134454","0","11","4.096","2","250","82","9.56","7.6","4","2.8","3.6","11","4.047008547008547","2","234","84","9.632478632478632","4.700854700854701","2.5641025641025643","2.5641025641025643","1.7094017094017093","11","3.937219730941704","1","223","88","9.506726457399104","2.242152466367713","0","0.8968609865470852","0.8968609865470852","11","3.986607142857143","3","224","88","9.473214285714286","4.017857142857143","5.803571428571429","5.357142857142857","0","11","3.9771689497716896","2","219","76","9.552511415525114","2.73972602739726","1.82648401826484","1.82648401826484","2.2831050228310503","11","4.01953125","2","256","95","9.578125","2.34375","0.78125","2.734375","0.78125","11","4.027397260273973","3","219","105","9.4337899543379","2.73972602739726","5.0228310502283104","2.2831050228310503","0","11","3.9627906976744187","3","215","91","9.488372093023257","2.7906976744186047","0.9302325581395349","1.8604651162790697","2.3255813953488373","11","3.9834710743801653","2","242","76","9.52892561983471","0.8264462809917356","1.6528925619834711","3.3057851239669422","0","11","3.9918032786885247","1","244","86","9.524590163934427","0.819672131147541","0.819672131147541","4.098360655737705","0.819672131147541","11","4.11864406779661","3","236","94","9.652542372881356","1.694915254237288","4.237288135593221","7.627118644067797","3.389830508474576","11","4.0754716981132075","0","212","89","9.50943396226415","3.7735849056603774","3.30188679245283","4.245283018867925","1.4150943396226414","11","4.052","3","250","79","9.656","0","2","4.4","2.4","11","3.9292035398230087","3","226","76","9.442477876106194","2.6548672566371683","0.8849557522123894","0.8849557522123894","2.2123893805309733","11","4.061674008810573","0","227","87","9.638766519823788","2.643171806167401","5.726872246696035","1.7621145374449338","2.643171806167401","11","4.106995884773663","3","243","92","9.481481481481481","5.761316872427984","5.761316872427984","4.938271604938271","3.292181069958848","11","4.033613445378151","2","238","84","9.487394957983193","2.5210084033613445","2.5210084033613445","3.361344537815126","5.882352941176471","11","3.9641255605381165","3","223","73","9.57847533632287","5.381165919282512","0.8968609865470852","0.8968609865470852","0.8968609865470852","11","4.045","3","200","63","9.56","5","0","4","7","11","4.100436681222708","2","229","87","9.668122270742359","3.930131004366812","4.366812227074236","0.8733624454148472","3.493449781659389","11","4.103004291845494","2","233","109","9.656652360515022","1.7167381974248928","1.7167381974248928","3.4334763948497855","5.579399141630901","11","3.949074074074074","1","216","76","9.481481481481481","0","2.7777777777777777","1.8518518518518519","2.314814814814815"
,"12","4.04424778761062","2","226","68","9.460176991150442","2.6548672566371683","9.734513274336283","0","0.8849557522123894","12","4.02755905511811","4","254","89","9.503937007874017","3.1496062992125986","2.3622047244094486","1.968503937007874","2.7559055118110236","12","3.9863013698630136","2","219","84","9.616438356164384","2.2831050228310503","3.1963470319634704","2.2831050228310503","0","12","4.090128755364807","0","233","105","9.6137339055794","4.721030042918455","2.575107296137339","2.575107296137339","6.866952789699571","12","4.008230452674897","1","243","88","9.465020576131687","1.2345679012345678","0.823045267489712","4.11522633744856","1.646090534979424","12","3.9867256637168142","3","226","97","9.584070796460177","0.8849557522123894","0","5.3097345132743365","3.0973451327433628","12","4.172566371681416","3","226","91","9.442477876106194","9.734513274336283","3.0973451327433628","9.29203539823009","2.2123893805309733","12","3.869198312236287","2","237","77","9.586497890295359","2.109704641350211","0","2.109704641350211","0","12","4.096385542168675","3","249","82","9.550200803212851","7.228915662650603","4.016064257028113","2.8112449799196786","3.6144578313253013","12","4.047210300429184","2","233","84","9.59656652360515","4.721030042918455","2.575107296137339","2.575107296137339","1.7167381974248928","12","3.937219730941704","1","223","88","9.506726457399104","2.242152466367713","0","0.8968609865470852","0.8968609865470852","12","3.9864864864864864","3","222","88","9.396396396396396","4.054054054054054","5.8558558558558556","5.405405405405405","0","12","3.977064220183486","3","218","76","9.504587155963304","2.7522935779816513","1.834862385321101","1.834862385321101","2.293577981651376","12","4.019607843137255","2","255","95","9.537254901960784","2.3529411764705883","0.7843137254901961","2.7450980392156863","0.7843137254901961","12","4.027397260273973","3","219","105","9.4337899543379","2.73972602739726","5.0228310502283104","2.2831050228310503","0","12","3.9627906976744187","3","215","91","9.488372093023257","2.7906976744186047","0.9302325581395349","1.8604651162790697","2.3255813953488373","12","3.9834710743801653","2","242","76","9.52892561983471","0.8264462809917356","1.6528925619834711","3.3057851239669422","0","12","3.9917355371900825","2","242","86","9.438016528925619","0.8264462809917356","0.8264462809917356","4.132231404958677","0.8264462809917356","12","4.1191489361702125","3","235","94","9.617021276595745","1.702127659574468","4.25531914893617","7.659574468085107","3.404255319148936","12","4.0754716981132075","0","212","89","9.50943396226415","3.7735849056603774","3.30188679245283","4.245283018867925","1.4150943396226414","12","4.05241935483871","3","248","79","9.57258064516129","0","2.0161290322580645","4.435483870967742","2.4193548387096775","12","3.9292035398230087","3","226","76","9.442477876106194","2.6548672566371683","0.8849557522123894","0.8849557522123894","2.2123893805309733","12","4.061946902654867","0","226","87","9.601769911504425","2.6548672566371683","5.752212389380531","1.7699115044247788","2.6548672566371683","12","4.106995884773663","3","243","92","9.481481481481481","5.761316872427984","5.761316872427984","4.938271604938271","3.292181069958848","12","4.033755274261603","3","237","84","9.443037974683545","2.5316455696202533","2.5316455696202533","3.3755274261603376","5.9071729957805905","12","3.963963963963964","4","222","73","9.531531531531531","5.405405405405405","0.9009009009009009","0.9009009009009009","0.9009009009009009","12","4.045226130653266","4","199","63","9.547738693467336","5.025125628140704","0","4.0201005025125625","7.035175879396985","12","4.100877192982456","2","228","87","9.62280701754386","3.9473684210526314","4.385964912280702","0.8771929824561403","3.508771929824561","12","4.103004291845494","2","233","109","9.656652360515022","1.7167381974248928","1.7167381974248928","3.4334763948497855","5.579399141630901","12","3.949074074074074","1","216","76","9.481481481481481","0","2.7777777777777777","1.8518518518518519","2.314814814814815"
,"13","3.611111111111111","3","252","82","9.15079365079365","7.5396825396825395","15.079365079365079","2.380952380952381","5.555555555555555","13","3.859848484848485","4","264","104","9.492424242424242","4.166666666666667","4.545454545454546","2.272727272727273","4.166666666666667","13","3.7445887445887447","3","231","96","9.41125541125541","4.329004329004329","3.896103896103896","4.761904761904762","2.5974025974025974","13","3.889344262295082","0","244","114","9.532786885245901","7.377049180327869","3.6885245901639343","4.098360655737705","8.19672131147541","13","3.849802371541502","1","253","108","9.541501976284586","2.3715415019762847","1.976284584980237","5.138339920948616","3.5573122529644268","13","3.8177966101694913","3","236","110","9.516949152542374","2.9661016949152543","1.694915254237288","6.779661016949152","3.8135593220338984","13","3.8285714285714287","4","245","109","9.289795918367346","11.428571428571429","5.714285714285714","12.244897959183673","5.714285714285714","13","3.6991869918699187","2","246","85","9.495934959349594","2.032520325203252","0.8130081300813008","2.4390243902439024","1.6260162601626016","13","3.89272030651341","3","261","91","9.409961685823754","8.045977011494253","5.363984674329502","4.21455938697318","5.363984674329502","13","3.78714859437751","2","249","96","9.397590361445783","7.228915662650603","5.622489959839357","2.8112449799196786","3.21285140562249","13","3.6131687242798356","1","243","106","9.25925925925926","4.526748971193416","2.4691358024691357","3.7037037037037037","4.11522633744856","13","3.689075630252101","3","238","111","9.277310924369749","6.722689075630252","8.403361344537815","8.823529411764707","1.680672268907563","13","3.6737288135593222","3","236","86","9.26271186440678","4.237288135593221","4.661016949152542","5.084745762711864","5.084745762711864","13","3.8377358490566036","3","265","116","9.471698113207546","4.528301886792453","2.641509433962264","3.3962264150943398","2.2641509433962264","13","3.659751037344398","3","241","117","9.302904564315353","4.979253112033195","7.8838174273858925","4.979253112033195","1.2448132780082988","13","3.752212389380531","4","226","108","9.4070796460177","3.982300884955752","2.6548672566371683","3.5398230088495577","2.6548672566371683","13","3.8406374501992033","2","251","91","9.48207171314741","1.1952191235059761","2.3904382470119523","4.780876494023905","1.1952191235059761","13","3.802371541501976","3","253","101","9.40711462450593","1.5810276679841897","2.3715415019762847","4.743083003952569","1.5810276679841897","13","3.8406374501992033","3","251","105","9.386454183266933","3.585657370517928","6.374501992031872","9.163346613545817","5.179282868525896","13","3.8914027149321266","0","221","103","9.520361990950226","4.072398190045249","4.97737556561086","5.429864253393665","2.262443438914027","13","3.9365079365079363","4","252","92","9.642857142857142","1.1904761904761905","3.1746031746031744","5.158730158730159","2.7777777777777777","13","3.582995951417004","3","247","94","9.255060728744938","5.668016194331984","4.4534412955465585","3.2388663967611335","5.2631578947368425","13","3.7346938775510203","0","245","101","9.346938775510203","4.081632653061225","8.979591836734693","6.122448979591836","5.3061224489795915","13","3.736842105263158","3","266","113","9.300751879699249","7.894736842105263","7.894736842105263","7.894736842105263","5.639097744360902","13","3.6769230769230767","3","260","100","9.315384615384616","5.384615384615385","6.538461538461538","5.769230769230769","8.846153846153847","13","3.565040650406504","4","246","84","9.178861788617887","8.130081300813009","5.691056910569106","4.878048780487805","5.284552845528455","13","3.6454545454545455","4","220","74","9.227272727272727","8.636363636363637","2.727272727272727","5.909090909090909","10","13","3.6746031746031744","2","252","99","9.238095238095237","6.746031746031746","8.73015873015873","3.5714285714285716","6.349206349206349","13","3.763779527559055","2","254","116","9.307086614173228","3.543307086614173","5.118110236220472","6.692913385826771","7.480314960629921","13","3.675324675324675","1","231","90","9.41991341991342","3.896103896103896","5.194805194805195","4.761904761904762","3.896103896103896"
,"14","4.051587301587301","3","252","82","9.15079365079365","4.365079365079365","9.920634920634921","0","0","14","4.030418250950571","5","263","104","9.452471482889734","3.041825095057034","3.041825095057034","1.9011406844106464","4.182509505703422","14","3.9956709956709955","3","231","96","9.41125541125541","2.1645021645021645","3.0303030303030303","4.329004329004329","1.7316017316017316","14","4.090163934426229","0","244","114","9.532786885245901","6.557377049180328","2.459016393442623","2.459016393442623","6.557377049180328","14","4.007936507936508","2","252","108","9.507936507936508","1.1904761904761905","0.7936507936507936","4.365079365079365","2.380952380952381","14","3.9745762711864407","3","236","110","9.516949152542374","1.694915254237288","0","5.084745762711864","2.9661016949152543","14","4.192622950819672","4","244","109","9.245901639344263","10.245901639344263","3.278688524590164","9.426229508196721","3.278688524590164","14","3.869387755102041","2","245","85","9.453061224489796","2.0408163265306123","0","1.2244897959183674","0","14","4.1","4","260","91","9.36923076923077","6.538461538461538","3.8461538461538463","2.6923076923076925","4.230769230769231","14","4.0242914979757085","2","247","96","9.319838056680162","4.048582995951417","2.42914979757085","2.0242914979757085","1.214574898785425","14","3.9834710743801653","1","242","106","9.214876033057852","2.479338842975207","1.6528925619834711","3.3057851239669422","0.8264462809917356","14","3.991596638655462","3","238","111","9.277310924369749","3.7815126050420167","7.563025210084033","5.46218487394958","0.42016806722689076","14","4","3","235","86","9.217021276595744","3.404255319148936","1.702127659574468","3.8297872340425534","3.8297872340425534","14","4.007547169811321","3","265","116","9.471698113207546","3.7735849056603774","1.509433962264151","1.509433962264151","0.7547169811320755","14","4","3","241","117","9.302904564315353","3.319502074688797","5.394190871369295","0.8298755186721992","0","14","3.9601769911504423","4","226","108","9.4070796460177","2.6548672566371683","0.8849557522123894","1.7699115044247788","2.2123893805309733","14","3.9760956175298805","2","251","91","9.48207171314741","0.796812749003984","1.593625498007968","3.187250996015936","0","14","3.948207171314741","3","251","101","9.322709163346614","0.796812749003984","0.796812749003984","1.9920318725099602","0.796812749003984","14","4.115537848605578","3","251","105","9.386454183266933","3.585657370517928","3.585657370517928","7.569721115537849","3.585657370517928","14","4.036199095022624","0","221","103","9.520361990950226","2.7149321266968327","2.7149321266968327","4.072398190045249","1.3574660633484164","14","4.0239043824701195","4","251","92","9.601593625498008","0","1.9920318725099602","3.187250996015936","2.3904382470119523","14","3.9715447154471546","3","246","94","9.211382113821138","2.845528455284553","2.845528455284553","0.4065040650406504","4.878048780487805","14","4.065573770491803","0","244","101","9.30327868852459","2.459016393442623","6.557377049180328","2.0491803278688523","1.639344262295082","14","4.086466165413534","3","266","113","9.300751879699249","5.2631578947368425","5.2631578947368425","4.511278195488722","3.007518796992481","14","4.030769230769231","3","260","100","9.315384615384616","1.5384615384615385","4.230769230769231","3.076923076923077","5","14","4.032786885245901","4","244","84","9.09016393442623","7.377049180327869","3.278688524590164","2.459016393442623","1.2295081967213115","14","4.064220183486238","4","218","74","9.229357798165138","4.587155963302752","0.9174311926605505","3.669724770642202","7.798165137614679","14","4.055776892430279","2","251","99","9.195219123505977","3.9840637450199203","4.780876494023905","0","3.585657370517928","14","4.075098814229249","2","253","116","9.312252964426877","1.5810276679841897","1.1857707509881423","4.743083003952569","3.1620553359683794","14","4.004366812227074","1","229","90","9.327510917030567","1.7467248908296944","3.493449781659389","2.6200873362445414","2.183406113537118"
,"15","4.052208835341365","4","249","82","9.028112449799197","4.417670682730924","10.040160642570282","0","0","15","4.026615969581749","5","263","104","9.452471482889734","3.041825095057034","3.041825095057034","1.9011406844106464","4.182509505703422","15","3.9913419913419914","3","231","96","9.41125541125541","2.1645021645021645","3.0303030303030303","3.896103896103896","1.7316017316017316","15","4.086065573770492","0","244","114","9.532786885245901","6.147540983606557","2.459016393442623","2.459016393442623","6.557377049180328","15","4.007936507936508","2","252","108","9.507936507936508","1.1904761904761905","0.7936507936507936","4.761904761904762","2.380952380952381","15","3.9785407725321886","3","233","110","9.399141630901287","2.1459227467811157","0","4.721030042918455","3.004291845493562","15","4.192622950819672","4","244","109","9.245901639344263","10.245901639344263","2.8688524590163933","9.426229508196721","3.278688524590164","15","3.8677685950413223","3","242","85","9.338842975206612","2.0661157024793386","0","1.2396694214876034","0","15","4.1038461538461535","4","260","91","9.36923076923077","6.538461538461538","3.8461538461538463","2.6923076923076925","5","15","4.012195121951219","2","246","96","9.276422764227643","3.658536585365854","2.4390243902439024","1.6260162601626016","0.8130081300813008","15","3.975206611570248","1","242","106","9.214876033057852","2.0661157024793386","1.2396694214876034","2.479338842975207","0.8264462809917356","15","3.9957805907172994","3","237","111","9.232067510548523","3.7974683544303796","7.594936708860759","5.9071729957805905","0.4219409282700422","15","3.9957264957264957","3","234","86","9.17094017094017","3.4188034188034186","0.8547008547008547","3.8461538461538463","3.4188034188034186","15","4.011320754716981","3","265","116","9.471698113207546","3.7735849056603774","1.509433962264151","1.509433962264151","0.7547169811320755","15","4","3","241","117","9.302904564315353","3.319502074688797","5.394190871369295","0.8298755186721992","0","15","3.9644444444444447","4","225","108","9.36","2.6666666666666665","0.8888888888888888","2.2222222222222223","2.2222222222222223","15","3.976","2","250","91","9.448","0.8","1.6","3.2","0","15","3.948207171314741","3","251","101","9.322709163346614","0.796812749003984","0.796812749003984","1.9920318725099602","0.796812749003984","15","4.095617529880478","3","251","105","9.386454183266933","3.585657370517928","3.187250996015936","6.374501992031872","3.187250996015936","15","4.013636363636364","0","220","103","9.472727272727273","2.272727272727273","1.8181818181818181","4.090909090909091","1.3636363636363635","15","4.027888446215139","4","251","92","9.601593625498008","0","1.9920318725099602","3.187250996015936","2.3904382470119523","15","3.9549180327868854","4","244","94","9.139344262295081","2.8688524590163933","2.0491803278688523","0","4.098360655737705","15","4.05327868852459","0","244","101","9.30327868852459","2.459016393442623","6.147540983606557","1.639344262295082","1.2295081967213115","15","4.097744360902255","3","266","113","9.300751879699249","5.2631578947368425","5.2631578947368425","4.511278195488722","3.007518796992481","15","4.038759689922481","3","258","100","9.24031007751938","1.550387596899225","3.875968992248062","3.10077519379845","5.038759689922481","15","4.045267489711934","5","243","84","9.069958847736626","6.995884773662551","3.292181069958848","2.4691358024691357","1.646090534979424","15","4.068807339449541","4","218","74","9.229357798165138","4.587155963302752","0.9174311926605505","3.669724770642202","7.798165137614679","15","4.048192771084337","4","249","99","9.108433734939759","4.016064257028113","4.819277108433735","0","3.21285140562249","15","4.067460317460317","2","252","116","9.26984126984127","0","1.1904761904761905","5.9523809523809526","2.7777777777777777","15","3.982456140350877","1","228","90","9.280701754385966","0.8771929824561403","3.508771929824561","0.8771929824561403","2.192982456140351"
,"16","4.052208835341365","4","249","103","9.196787148594378","4.417670682730924","10.040160642570282","0","0","16","4.030418250950571","5","263","113","9.520912547528518","3.041825095057034","3.041825095057034","1.9011406844106464","4.182509505703422","16","3.995614035087719","3","228","104","9.342105263157896","2.192982456140351","3.0701754385964914","3.9473684210526314","1.7543859649122806","16","4.086776859504132","0","242","117","9.47107438016529","6.198347107438017","2.479338842975207","2.479338842975207","6.6115702479338845","16","4.015873015873016","2","252","120","9.603174603174603","1.1904761904761905","0.7936507936507936","4.761904761904762","2.380952380952381","16","3.9696969696969697","3","231","124","9.437229437229437","1.7316017316017316","0","4.761904761904762","3.0303030303030303","16","4.200819672131147","4","244","124","9.368852459016393","10.655737704918034","2.8688524590163933","9.426229508196721","3.6885245901639343","16","3.871369294605809","3","241","101","9.427385892116183","2.074688796680498","0","1.2448132780082988","0","16","4.104651162790698","4","258","98","9.34108527131783","6.589147286821706","3.875968992248062","2.7131782945736433","4.651162790697675","16","4.012195121951219","2","246","106","9.357723577235772","3.658536585365854","2.4390243902439024","1.6260162601626016","0.8130081300813008","16","3.979338842975207","1","242","117","9.305785123966942","2.479338842975207","1.2396694214876034","2.479338842975207","0.8264462809917356","16","3.9915611814345993","3","237","119","9.29957805907173","3.7974683544303796","7.594936708860759","5.485232067510548","0.4219409282700422","16","3.9871794871794872","3","234","97","9.264957264957266","3.4188034188034186","0.8547008547008547","3.8461538461538463","2.5641025641025643","16","4.011406844106464","5","263","124","9.452471482889734","3.802281368821293","1.520912547528517","1.520912547528517","0.7604562737642585","16","4","3","240","122","9.3","3.3333333333333335","5.416666666666667","0.8333333333333334","0","16","3.9596412556053813","5","223","122","9.390134529147982","2.690582959641256","0.8968609865470852","1.7937219730941705","2.242152466367713","16","3.9759036144578315","2","249","97","9.453815261044177","0.8032128514056225","1.606425702811245","3.21285140562249","0","16","3.9477911646586343","4","249","115","9.365461847389557","0.8032128514056225","0.8032128514056225","2.0080321285140563","0.8032128514056225","16","4.1","3","250","109","9.376","3.6","3.2","6.4","3.6","16","4.0181818181818185","0","220","108","9.518181818181818","2.272727272727273","1.8181818181818181","4.090909090909091","1.3636363636363635","16","4.024","4","250","101","9.632","0","2","3.2","2.4","16","3.94672131147541","4","244","111","9.278688524590164","2.8688524590163933","1.639344262295082","0","3.6885245901639343","16","4.05327868852459","0","244","108","9.360655737704919","2.459016393442623","6.147540983606557","1.639344262295082","1.2295081967213115","16","4.097744360902255","3","266","118","9.338345864661655","5.2631578947368425","5.2631578947368425","4.511278195488722","3.007518796992481","16","4.038910505836576","4","257","116","9.32295719844358","1.556420233463035","3.8910505836575875","3.11284046692607","5.058365758754864","16","4.045454545454546","5","242","96","9.12396694214876","7.024793388429752","3.3057851239669422","2.479338842975207","1.6528925619834711","16","4.068807339449541","4","218","81","9.293577981651376","4.587155963302752","0.9174311926605505","3.669724770642202","7.798165137614679","16","4.052208835341365","4","249","112","9.21285140562249","4.016064257028113","5.220883534136546","0","3.6144578313253013","16","4.063492063492063","2","252","128","9.365079365079366","0","1.1904761904761905","5.555555555555555","2.7777777777777777","16","3.973684210526316","1","228","101","9.37719298245614","0.8771929824561403","3.508771929824561","0","2.192982456140351"
,"17","4.060483870967742","4","248","103","9.209677419354838","4.435483870967742","10.080645161290322","0","0","17","4.026819923371647","5","261","113","9.440613026819923","3.0651340996168583","3.0651340996168583","1.9157088122605364","4.21455938697318","17","4","3","225","104","9.20888888888889","2.2222222222222223","3.111111111111111","4","1.7777777777777777","17","4.082644628099174","0","242","117","9.47107438016529","5.785123966942149","2.479338842975207","2.479338842975207","6.6115702479338845","17","4.00796812749004","3","251","120","9.56175298804781","1.1952191235059761","0.796812749003984","4.780876494023905","2.3904382470119523","17","3.9782608695652173","3","230","124","9.391304347826088","2.1739130434782608","0","4.782608695652174","3.0434782608695654","17","4.19672131147541","4","244","124","9.368852459016393","10.655737704918034","2.8688524590163933","9.426229508196721","3.278688524590164","17","3.87551867219917","3","241","101","9.427385892116183","2.074688796680498","0","1.2448132780082988","0","17","4.104651162790698","4","258","98","9.34108527131783","6.589147286821706","3.875968992248062","2.7131782945736433","5.038759689922481","17","4.012195121951219","2","246","106","9.357723577235772","3.658536585365854","2.4390243902439024","1.6260162601626016","0.8130081300813008","17","3.975103734439834","1","241","117","9.269709543568466","2.074688796680498","1.2448132780082988","2.4896265560165975","0.8298755186721992","17","3.9957627118644066","3","236","119","9.254237288135593","3.8135593220338984","7.627118644067797","5.932203389830509","0.423728813559322","17","3.9786324786324787","3","234","97","9.264957264957266","3.4188034188034186","0.8547008547008547","3.8461538461538463","1.7094017094017093","17","4.011494252873563","6","261","124","9.371647509578544","3.8314176245210727","1.5325670498084292","1.5325670498084292","0.7662835249042146","17","4","4","239","122","9.255230125523013","3.3472803347280333","5.439330543933054","0.8368200836820083","0","17","3.959090909090909","5","220","122","9.254545454545454","2.727272727272727","0.9090909090909091","1.8181818181818181","2.272727272727273","17","3.9757085020242915","3","247","97","9.376518218623481","0.8097165991902834","1.6194331983805668","3.2388663967611335","0","17","3.9477911646586343","4","249","115","9.365461847389557","0.8032128514056225","0.8032128514056225","2.0080321285140563","0.8032128514056225","17","4.096","3","250","109","9.376","3.6","3.2","6.4","3.2","17","4.018264840182648","0","219","108","9.525114155251142","2.2831050228310503","1.82648401826484","4.109589041095891","1.36986301369863","17","4.032","4","250","101","9.632","0","2","3.2","2.4","17","3.94672131147541","4","244","111","9.278688524590164","2.8688524590163933","1.639344262295082","0","3.6885245901639343","17","4.05327868852459","0","244","108","9.360655737704919","2.459016393442623","6.147540983606557","1.639344262295082","1.2295081967213115","17","4.098484848484849","3","264","118","9.287878787878787","5.303030303030303","5.303030303030303","4.545454545454546","3.0303030303030303","17","4.0390625","5","256","116","9.28125","1.5625","3.90625","3.125","5.078125","17","4.053719008264463","5","242","96","9.12396694214876","7.024793388429752","3.3057851239669422","2.479338842975207","1.6528925619834711","17","4.068807339449541","4","218","81","9.293577981651376","4.587155963302752","0.9174311926605505","3.669724770642202","7.798165137614679","17","4.06425702811245","4","249","112","9.21285140562249","4.016064257028113","4.819277108433735","0","4.016064257028113","17","4.06","3","250","128","9.28","0","1.2","5.6","2.4","17","3.9734513274336285","2","226","101","9.29203539823009","0.8849557522123894","3.5398230088495577","0","2.2123893805309733"
,"18","4.060728744939271","4","247","103","9.165991902834008","4.4534412955465585","10.121457489878543","0","0","18","4.019305019305019","6","259","113","9.35907335907336","2.7027027027027026","3.088803088803089","1.5444015444015444","3.861003861003861","18","4","5","222","104","9.072072072072071","2.2522522522522523","3.1531531531531534","4.054054054054054","1.8018018018018018","18","4.08298755186722","1","241","117","9.427385892116183","5.809128630705394","2.4896265560165975","2.4896265560165975","6.639004149377594","18","4.02","4","250","120","9.52","1.2","0.8","4.8","2.4","18","3.9695652173913043","3","230","124","9.391304347826088","1.7391304347826086","0","4.782608695652174","3.0434782608695654","18","4.19672131147541","4","244","124","9.368852459016393","10.655737704918034","2.8688524590163933","9.426229508196721","3.278688524590164","18","3.871369294605809","3","241","101","9.427385892116183","2.074688796680498","0","1.2448132780082988","0","18","4.1050583657587545","4","257","98","9.30739299610895","6.614785992217898","3.8910505836575875","2.7237354085603114","4.669260700389105","18","4.012195121951219","2","246","106","9.357723577235772","3.658536585365854","2.4390243902439024","1.6260162601626016","0.8130081300813008","18","3.975","1","240","117","9.225","2.0833333333333335","1.25","2.5","0.8333333333333334","18","3.9872340425531916","3","235","119","9.208510638297872","3.8297872340425534","7.23404255319149","5.531914893617022","0.425531914893617","18","3.978448275862069","4","232","97","9.181034482758621","3.4482758620689653","0.8620689655172413","3.8793103448275863","1.7241379310344827","18","4.0115384615384615","6","260","124","9.330769230769231","3.8461538461538463","1.5384615384615385","1.5384615384615385","0.7692307692307693","18","4","5","235","122","9.072340425531914","3.404255319148936","5.531914893617022","0.851063829787234","0","18","3.959090909090909","5","220","122","9.254545454545454","2.727272727272727","0.9090909090909091","1.8181818181818181","2.272727272727273","18","3.975609756097561","3","246","97","9.333333333333334","0.8130081300813008","1.6260162601626016","3.252032520325203","0","18","3.9475806451612905","4","248","115","9.32258064516129","0.8064516129032258","0.8064516129032258","2.0161290322580645","0.8064516129032258","18","4.096385542168675","3","249","109","9.333333333333334","3.6144578313253013","3.21285140562249","6.42570281124498","3.21285140562249","18","4.018348623853211","0","218","108","9.477064220183486","2.293577981651376","1.834862385321101","4.128440366972477","1.3761467889908257","18","4.032128514056225","4","249","101","9.590361445783133","0","2.0080321285140563","3.21285140562249","2.4096385542168677","18","3.950413223140496","4","242","111","9.231404958677686","2.8925619834710745","1.6528925619834711","0","3.3057851239669422","18","4.053719008264463","0","242","108","9.272727272727273","2.479338842975207","6.198347107438017","1.6528925619834711","1.2396694214876034","18","4.102661596958175","3","263","118","9.247148288973383","5.32319391634981","5.32319391634981","4.562737642585551","3.041825095057034","18","4.039370078740157","5","254","116","9.244094488188976","1.5748031496062993","3.937007874015748","3.1496062992125986","5.118110236220472","18","4.049792531120332","5","241","96","9.078838174273859","7.053941908713693","3.319502074688797","2.4896265560165975","1.6597510373443984","18","4.068807339449541","4","218","81","9.293577981651376","4.587155963302752","0.9174311926605505","3.669724770642202","7.798165137614679","18","4.064516129032258","4","248","112","9.169354838709678","4.032258064516129","4.838709677419355","0","4.032258064516129","18","4.056451612903226","3","248","128","9.193548387096774","0","1.2096774193548387","5.241935483870968","2.4193548387096775","18","3.977578475336323","2","223","101","9.147982062780269","0.8968609865470852","3.587443946188341","0","2.242152466367713"
,"19","4.061224489795919","4","245","119","9.273469387755101","4.489795918367347","9.795918367346939","0","0","19","4.015444015444015","6","259","133","9.513513513513514","2.7027027027027026","3.088803088803089","1.5444015444015444","3.861003861003861","19","3.995475113122172","5","221","142","9.366515837104073","2.262443438914027","3.167420814479638","4.072398190045249","1.8099547511312217","19","4.08298755186722","1","241","127","9.510373443983402","5.809128630705394","2.4896265560165975","2.4896265560165975","6.639004149377594","19","4.016064257028113","4","249","130","9.558232931726907","1.2048192771084338","0.8032128514056225","4.819277108433735","2.4096385542168677","19","3.9780701754385963","4","228","135","9.394736842105264","2.192982456140351","0","4.824561403508772","3.0701754385964914","19","4.197530864197531","4","243","131","9.390946502057613","10.699588477366255","2.880658436213992","9.465020576131687","3.292181069958848","19","3.87551867219917","3","241","112","9.518672199170124","2.074688796680498","0","1.2448132780082988","0","19","4.1050583657587545","4","257","110","9.400778210116732","6.614785992217898","3.8910505836575875","2.7237354085603114","5.058365758754864","19","4.012244897959183","2","245","110","9.346938775510203","3.673469387755102","2.4489795918367347","1.6326530612244898","0.8163265306122449","19","3.975","1","240","127","9.308333333333334","2.0833333333333335","1.25","2.5","0.8333333333333334","19","3.9871244635193133","5","233","133","9.236051502145923","3.8626609442060085","6.866952789699571","6.008583690987124","0.4291845493562232","19","3.9783549783549783","4","231","104","9.246753246753247","3.463203463203463","0.8658008658008658","3.896103896103896","1.7316017316017316","19","4.011583011583012","6","259","141","9.420849420849422","3.861003861003861","1.5444015444015444","1.5444015444015444","0.7722007722007722","19","4.004255319148936","5","235","149","9.302127659574468","3.8297872340425534","5.531914893617022","0.851063829787234","0","19","3.958904109589041","5","219","140","9.36986301369863","2.73972602739726","0.91324200913242","1.82648401826484","2.2831050228310503","19","3.9795081967213113","3","244","113","9.442622950819672","0.819672131147541","1.639344262295082","3.278688524590164","0","19","3.9471544715447155","4","246","134","9.390243902439025","0.8130081300813008","0.8130081300813008","2.032520325203252","0.8130081300813008","19","4.096774193548387","3","248","119","9.370967741935484","3.629032258064516","3.225806451612903","6.451612903225806","3.225806451612903","19","4.018433179723503","0","217","114","9.493087557603687","2.304147465437788","1.8433179723502304","4.147465437788019","1.3824884792626728","19","4.032128514056225","4","249","105","9.622489959839358","0","2.0080321285140563","3.21285140562249","2.4096385542168677","19","3.9583333333333335","5","240","125","9.258333333333333","2.9166666666666665","1.6666666666666667","0","3.3333333333333335","19","4.054166666666666","0","240","119","9.275","2.5","6.25","1.6666666666666667","1.25","19","4.106463878326996","3","263","127","9.315589353612168","5.32319391634981","5.32319391634981","4.562737642585551","3.041825095057034","19","4.043478260869565","5","253","138","9.438735177865613","1.5810276679841897","3.952569169960474","3.1620553359683794","5.533596837944664","19","4.053941908713693","5","241","109","9.186721991701244","7.053941908713693","3.319502074688797","2.4896265560165975","1.6597510373443984","19","4.068807339449541","4","218","85","9.330275229357799","4.587155963302752","0.9174311926605505","3.669724770642202","7.798165137614679","19","4.076612903225806","4","248","125","9.274193548387096","4.032258064516129","5.241935483870968","0","4.032258064516129","19","4.05668016194332","3","247","147","9.303643724696355","0","1.214574898785425","5.2631578947368425","2.42914979757085","19","3.977578475336323","2","223","131","9.417040358744394","0.8968609865470852","3.587443946188341","0","2.242152466367713"
,"20","4.061475409836065","5","244","119","9.229508196721312","4.508196721311475","9.836065573770492","0","0","20","4.015444015444015","6","259","133","9.513513513513514","2.7027027027027026","3.088803088803089","1.5444015444015444","3.861003861003861","20","3.9954545454545456","5","220","142","9.318181818181818","2.272727272727273","3.1818181818181817","4.090909090909091","1.8181818181818181","20","4.08298755186722","1","241","127","9.510373443983402","5.809128630705394","2.4896265560165975","2.4896265560165975","6.639004149377594","20","4.016064257028113","4","249","130","9.558232931726907","1.2048192771084338","0.8032128514056225","4.819277108433735","2.4096385542168677","20","3.9780701754385963","4","228","135","9.394736842105264","2.192982456140351","0","4.824561403508772","3.0701754385964914","20","4.198347107438017","4","242","131","9.347107438016529","10.743801652892563","2.8925619834710745","9.50413223140496","3.3057851239669422","20","3.871369294605809","3","241","112","9.518672199170124","2.074688796680498","0","1.2448132780082988","0","20","4.10546875","5","256","110","9.359375","6.640625","3.90625","2.734375","4.6875","20","4.012295081967213","2","244","110","9.311475409836065","3.6885245901639343","2.459016393442623","1.639344262295082","0.819672131147541","20","3.9748953974895396","1","239","127","9.263598326359833","2.092050209205021","1.2552301255230125","2.510460251046025","0.8368200836820083","20","3.9827586206896552","5","232","133","9.25","3.8793103448275863","6.4655172413793105","6.0344827586206895","0","20","3.982532751091703","4","229","104","9.222707423580786","3.493449781659389","0.8733624454148472","3.930131004366812","1.7467248908296944","20","4.011673151750973","8","257","141","9.33852140077821","3.8910505836575875","1.556420233463035","1.556420233463035","0.7782101167315175","20","4","6","232","149","9.293103448275861","3.4482758620689653","5.603448275862069","0.8620689655172413","0","20","3.958904109589041","5","219","140","9.36986301369863","2.73972602739726","0.91324200913242","1.82648401826484","2.2831050228310503","20","3.983539094650206","3","243","113","9.407407407407407","0.823045267489712","1.646090534979424","3.292181069958848","0","20","3.946938775510204","4","245","134","9.355102040816327","0.8163265306122449","0.8163265306122449","2.0408163265306123","0.8163265306122449","20","4.097165991902834","3","247","119","9.327935222672064","3.6437246963562755","3.2388663967611335","6.477732793522267","3.2388663967611335","20","4.018518518518518","0","216","114","9.453703703703704","2.314814814814815","1.8518518518518519","4.166666666666667","1.3888888888888888","20","4.032258064516129","4","248","105","9.588709677419354","0","2.0161290322580645","3.225806451612903","2.4193548387096775","20","3.9583333333333335","5","240","125","9.258333333333333","2.9166666666666665","1.6666666666666667","0","3.3333333333333335","20","4.054393305439331","0","239","119","9.230125523012552","2.510460251046025","6.2761506276150625","1.6736401673640167","1.2552301255230125","20","4.106463878326996","3","263","127","9.315589353612168","5.32319391634981","5.32319391634981","4.562737642585551","3.041825095057034","20","4.0396825396825395","6","252","138","9.396825396825397","1.5873015873015872","3.9682539682539684","3.1746031746031744","5.158730158730159","20","4.049792531120332","5","241","109","9.186721991701244","7.053941908713693","3.319502074688797","2.4896265560165975","1.6597510373443984","20","4.068807339449541","4","218","85","9.330275229357799","4.587155963302752","0.9174311926605505","3.669724770642202","7.798165137614679","20","4.0728744939271255","4","247","125","9.23076923076923","4.048582995951417","4.8582995951417","0","4.048582995951417","20","4.056910569105691","4","246","147","9.268292682926829","0","1.2195121951219512","5.284552845528455","2.4390243902439024","20","3.9774774774774775","2","222","131","9.36936936936937","0.9009009009009009","3.6036036036036037","0","2.2522522522522523"
,"21","4.065843621399177","6","243","119","9.193415637860083","4.938271604938271","9.876543209876543","0","0","21","4.007751937984496","7","258","133","9.472868217054264","2.7131782945736433","2.7131782945736433","1.550387596899225","3.488372093023256","21","3.9954337899543377","5","219","142","9.269406392694064","2.2831050228310503","3.1963470319634704","4.109589041095891","1.82648401826484","21","4.08298755186722","1","241","127","9.510373443983402","5.809128630705394","2.4896265560165975","2.4896265560165975","6.639004149377594","21","4.016064257028113","4","249","130","9.558232931726907","1.2048192771084338","0.8032128514056225","4.819277108433735","2.4096385542168677","21","3.9780701754385963","4","228","135","9.394736842105264","2.192982456140351","0","4.824561403508772","3.0701754385964914","21","4.200836820083682","4","239","131","9.280334728033473","10.878661087866108","2.510460251046025","9.623430962343097","3.3472803347280333","21","3.875","3","240","112","9.475","2.0833333333333335","0","1.25","0","21","4.105882352941176","6","255","110","9.325490196078432","6.666666666666667","3.9215686274509802","2.7450980392156863","5.098039215686274","21","4.012295081967213","2","244","110","9.311475409836065","3.6885245901639343","2.459016393442623","1.639344262295082","0.819672131147541","21","3.9748953974895396","1","239","127","9.263598326359833","2.092050209205021","1.2552301255230125","2.510460251046025","0.8368200836820083","21","3.978165938864629","6","229","133","9.117903930131005","3.930131004366812","6.11353711790393","6.11353711790393","0","21","3.9912663755458517","4","229","104","9.222707423580786","3.493449781659389","0.8733624454148472","4.366812227074236","1.7467248908296944","21","4.011673151750973","8","257","141","9.33852140077821","3.8910505836575875","1.556420233463035","1.556420233463035","0.7782101167315175","21","4","6","231","149","9.246753246753247","3.463203463203463","5.627705627705628","0.8658008658008658","0","21","3.958715596330275","5","218","140","9.36697247706422","2.7522935779816513","0.9174311926605505","1.834862385321101","2.293577981651376","21","3.9834710743801653","3","242","113","9.363636363636363","0.8264462809917356","1.6528925619834711","3.3057851239669422","0","21","3.946938775510204","4","245","134","9.355102040816327","0.8163265306122449","0.8163265306122449","2.0408163265306123","0.8163265306122449","21","4.097560975609756","3","246","119","9.284552845528456","3.658536585365854","3.252032520325203","6.504065040650406","3.252032520325203","21","4.018518518518518","0","216","114","9.453703703703704","2.314814814814815","1.8518518518518519","4.166666666666667","1.3888888888888888","21","4.032258064516129","4","248","105","9.588709677419354","0","2.0161290322580645","3.225806451612903","2.4193548387096775","21","3.957983193277311","5","238","125","9.168067226890756","2.9411764705882355","1.680672268907563","0","3.361344537815126","21","4.054393305439331","0","239","119","9.230125523012552","2.510460251046025","6.2761506276150625","1.6736401673640167","1.2552301255230125","21","4.106463878326996","3","263","127","9.315589353612168","5.32319391634981","5.32319391634981","4.562737642585551","3.041825095057034","21","4.039840637450199","6","251","138","9.354581673306773","1.593625498007968","3.9840637450199203","3.187250996015936","5.179282868525896","21","4.054393305439331","6","239","109","9.096234309623432","7.112970711297071","3.3472803347280333","2.510460251046025","1.6736401673640167","21","4.068807339449541","4","218","85","9.330275229357799","4.587155963302752","0.9174311926605505","3.669724770642202","7.798165137614679","21","4.069105691056911","4","246","125","9.1869918699187","4.065040650406504","4.878048780487805","0","3.658536585365854","21","4.056910569105691","4","246","147","9.268292682926829","0","1.2195121951219512","5.284552845528455","2.4390243902439024","21","3.97737556561086","2","221","131","9.321266968325792","0.9049773755656109","3.6199095022624435","0","2.262443438914027"
,"22","4.0578512396694215","7","242","136","9.289256198347108","4.545454545454546","9.50413223140496","0","0","22","4","7","258","147","9.581395348837209","2.7131782945736433","2.3255813953488373","1.550387596899225","3.10077519379845","22","3.9953917050691246","5","217","164","9.382488479262673","2.304147465437788","3.225806451612903","4.147465437788019","1.8433179723502304","22","4.08298755186722","1","241","136","9.5850622406639","5.809128630705394","2.4896265560165975","2.4896265560165975","6.639004149377594","22","4.016129032258065","4","248","137","9.57258064516129","1.2096774193548387","0.8064516129032258","4.838709677419355","2.4193548387096775","22","3.9780701754385963","4","228","147","9.5","2.192982456140351","0","4.824561403508772","3.0701754385964914","22","4.196652719665272","4","239","146","9.405857740585773","10.878661087866108","2.092050209205021","9.205020920502092","3.3472803347280333","22","3.8702928870292888","3","239","121","9.506276150627615","2.092050209205021","0","1.2552301255230125","0","22","4.102362204724409","7","254","121","9.377952755905511","6.299212598425197","3.937007874015748","2.7559055118110236","4.724409448818897","22","4.012396694214876","2","242","118","9.297520661157025","3.71900826446281","2.479338842975207","1.6528925619834711","0.8264462809917356","22","3.9788135593220337","2","236","135","9.194915254237289","2.1186440677966103","1.271186440677966","2.542372881355932","0.847457627118644","22","3.978165938864629","6","229","155","9.31004366812227","3.930131004366812","6.11353711790393","6.11353711790393","0","22","3.995614035087719","4","228","116","9.280701754385966","3.508771929824561","0.8771929824561403","4.385964912280702","2.192982456140351","22","4.01171875","8","256","159","9.4375","3.90625","1.5625","1.5625","0.78125","22","4","6","231","159","9.333333333333334","3.463203463203463","5.627705627705628","0.8658008658008658","0","22","3.958715596330275","5","218","153","9.486238532110091","2.7522935779816513","0.9174311926605505","1.834862385321101","2.293577981651376","22","3.9834710743801653","3","242","130","9.50413223140496","0.8264462809917356","1.6528925619834711","3.3057851239669422","0","22","3.94672131147541","4","244","149","9.434426229508198","0.819672131147541","0.819672131147541","2.0491803278688523","0.819672131147541","22","4.097560975609756","3","246","131","9.382113821138212","3.658536585365854","3.252032520325203","6.504065040650406","3.252032520325203","22","4.018518518518518","0","216","126","9.564814814814815","2.314814814814815","1.8518518518518519","4.166666666666667","1.3888888888888888","22","4.032258064516129","4","248","111","9.637096774193548","0","2.0161290322580645","3.225806451612903","2.4193548387096775","22","3.9535864978902953","5","237","153","9.40928270042194","2.9535864978902953","1.6877637130801688","0","2.9535864978902953","22","4.058577405857741","0","239","130","9.322175732217573","2.510460251046025","6.694560669456067","1.6736401673640167","1.2552301255230125","22","4.099616858237548","3","261","140","9.340996168582375","4.980842911877395","5.363984674329502","4.597701149425287","2.681992337164751","22","4.039840637450199","6","251","154","9.48207171314741","1.593625498007968","3.9840637450199203","3.187250996015936","5.179282868525896","22","4.054393305439331","6","239","130","9.271966527196653","7.112970711297071","3.7656903765690375","2.510460251046025","1.6736401673640167","22","4.059907834101383","4","217","88","9.317972350230415","4.147465437788019","0.9216589861751152","3.225806451612903","7.8341013824884795","22","4.065573770491803","4","244","140","9.229508196721312","4.098360655737705","4.918032786885246","0","3.278688524590164","22","4.057142857142857","4","245","164","9.363265306122448","0","1.2244897959183674","5.3061224489795915","2.4489795918367347","22","3.97737556561086","2","221","145","9.447963800904978","0.9049773755656109","3.6199095022624435","0","2.262443438914027"
,"23","4.058091286307054","7","241","136","9.244813278008298","4.564315352697095","9.54356846473029","0","0","23","4","7","258","147","9.581395348837209","2.7131782945736433","2.3255813953488373","1.550387596899225","3.10077519379845","23","3.9953703703703702","5","216","164","9.333333333333334","2.314814814814815","3.240740740740741","3.7037037037037037","1.8518518518518519","23","4.075313807531381","2","239","136","9.506276150627615","5.439330543933054","2.092050209205021","2.510460251046025","6.694560669456067","23","4.016129032258065","4","248","137","9.57258064516129","1.2096774193548387","0.8064516129032258","4.838709677419355","2.4193548387096775","23","3.973684210526316","4","228","147","9.5","2.192982456140351","0","4.824561403508772","3.0701754385964914","23","4.198312236286919","4","237","146","9.350210970464135","10.970464135021096","2.109704641350211","9.282700421940929","3.3755274261603376","23","3.8739495798319328","4","238","121","9.470588235294118","2.100840336134454","0","1.2605042016806722","0","23","4.102766798418973","8","253","121","9.33596837944664","6.324110671936759","3.952569169960474","2.766798418972332","5.138339920948616","23","4.012396694214876","2","242","118","9.297520661157025","3.71900826446281","2.479338842975207","1.6528925619834711","0.8264462809917356","23","3.9786324786324787","3","234","135","9.153846153846153","2.1367521367521367","1.2820512820512822","2.1367521367521367","0.8547008547008547","23","3.9780701754385963","6","228","155","9.263157894736842","3.9473684210526314","6.140350877192983","6.140350877192983","0","23","3.995614035087719","4","228","116","9.280701754385966","3.508771929824561","0.8771929824561403","4.824561403508772","1.7543859649122806","23","4.003937007874016","9","254","159","9.401574803149606","3.543307086614173","1.1811023622047243","1.5748031496062993","0.7874015748031497","23","4.004329004329004","6","231","159","9.333333333333334","3.896103896103896","5.627705627705628","0.8658008658008658","0","23","3.9585253456221197","5","217","153","9.43778801843318","2.7649769585253456","0.9216589861751152","1.8433179723502304","2.304147465437788","23","3.9834710743801653","3","242","130","9.50413223140496","0.8264462809917356","1.6528925619834711","3.3057851239669422","0","23","3.94672131147541","4","244","149","9.434426229508198","0.819672131147541","0.819672131147541","2.0491803278688523","0.819672131147541","23","4.097560975609756","3","246","131","9.382113821138212","3.658536585365854","3.252032520325203","6.504065040650406","3.252032520325203","23","4.018604651162791","0","215","126","9.516279069767442","2.3255813953488373","1.8604651162790697","4.186046511627907","1.3953488372093024","23","4.032388663967612","5","247","111","9.595141700404858","0","2.0242914979757085","3.2388663967611335","2.42914979757085","23","3.957627118644068","5","236","153","9.364406779661017","2.9661016949152543","1.694915254237288","0","2.9661016949152543","23","4.0548523206751055","1","237","130","9.248945147679326","2.5316455696202533","6.329113924050633","1.6877637130801688","1.2658227848101267","23","4.092307692307692","3","260","140","9.307692307692308","4.615384615384615","5.384615384615385","4.615384615384615","2.3076923076923075","23","4.04","6","250","154","9.44","1.6","4","3.2","5.2","23","4.059071729957806","6","237","130","9.189873417721518","7.172995780590718","3.7974683544303796","2.5316455696202533","1.6877637130801688","23","4.050925925925926","4","216","88","9.268518518518519","3.7037037037037037","0.9259259259259259","2.7777777777777777","7.87037037037037","23","4.065573770491803","4","244","140","9.229508196721312","4.098360655737705","4.918032786885246","0","3.278688524590164","23","4.057142857142857","4","245","164","9.363265306122448","0","1.2244897959183674","5.3061224489795915","2.4489795918367347","23","3.9771689497716896","2","219","145","9.360730593607306","0.91324200913242","3.65296803652968","0","2.2831050228310503"
,"24","4.058091286307054","7","241","136","9.244813278008298","4.564315352697095","9.54356846473029","0","0","24","4","8","257","147","9.540856031128405","2.7237354085603114","2.3346303501945527","1.556420233463035","3.11284046692607","24","3.9953703703703702","5","216","164","9.333333333333334","2.314814814814815","3.240740740740741","3.7037037037037037","1.8518518518518519","24","4.066945606694561","2","239","136","9.506276150627615","5.02092050209205","1.6736401673640167","2.510460251046025","6.694560669456067","24","4.016260162601626","5","246","137","9.487804878048781","1.2195121951219512","0.8130081300813008","4.878048780487805","2.4390243902439024","24","3.9780701754385963","4","228","147","9.5","2.192982456140351","0","4.824561403508772","3.0701754385964914","24","4.198312236286919","4","237","146","9.350210970464135","10.970464135021096","2.109704641350211","9.282700421940929","3.3755274261603376","24","3.8728813559322033","4","236","121","9.38135593220339","2.1186440677966103","0","1.271186440677966","0","24","4.103174603174603","8","252","121","9.30952380952381","6.349206349206349","3.9682539682539684","2.7777777777777777","4.761904761904762","24","4.012396694214876","2","242","118","9.297520661157025","3.71900826446281","2.479338842975207","1.6528925619834711","0.8264462809917356","24","3.9786324786324787","3","234","135","9.153846153846153","2.5641025641025643","1.2820512820512822","1.7094017094017093","0.8547008547008547","24","3.9780701754385963","6","228","155","9.263157894736842","3.9473684210526314","6.140350877192983","6.140350877192983","0","24","4","4","227","116","9.233480176211454","3.5242290748898677","0.8810572687224669","4.845814977973569","1.7621145374449338","24","3.9960629921259843","9","254","159","9.401574803149606","3.1496062992125986","0.7874015748031497","1.5748031496062993","0.7874015748031497","24","4","6","231","159","9.333333333333334","3.463203463203463","5.627705627705628","0.8658008658008658","0","24","3.9585253456221197","5","217","153","9.43778801843318","2.7649769585253456","0.9216589861751152","1.8433179723502304","2.304147465437788","24","3.98326359832636","3","239","130","9.372384937238493","0.8368200836820083","1.6736401673640167","3.3472803347280333","0","24","3.94672131147541","4","244","149","9.434426229508198","0.819672131147541","0.819672131147541","2.0491803278688523","0.819672131147541","24","4.09795918367347","4","245","131","9.338775510204082","3.673469387755102","3.2653061224489797","6.530612244897959","3.2653061224489797","24","4.018779342723005","0","213","126","9.417840375586854","2.347417840375587","1.8779342723004695","4.225352112676056","1.408450704225352","24","4.032388663967612","5","247","111","9.595141700404858","0","2.0242914979757085","3.2388663967611335","2.42914979757085","24","3.9617021276595743","5","235","153","9.319148936170214","2.978723404255319","1.702127659574468","0","2.978723404255319","24","4.0548523206751055","1","237","130","9.248945147679326","2.5316455696202533","6.329113924050633","1.6877637130801688","1.2658227848101267","24","4.0813953488372094","3","258","140","9.224806201550388","4.651162790697675","5.038759689922481","3.875968992248062","2.3255813953488373","24","4.04","6","250","154","9.44","1.6","4","3.2","5.2","24","4.0548523206751055","6","237","130","9.189873417721518","7.172995780590718","3.7974683544303796","2.5316455696202533","1.6877637130801688","24","4.050925925925926","4","216","88","9.268518518518519","3.7037037037037037","0.9259259259259259","2.7777777777777777","7.87037037037037","24","4.065573770491803","4","244","140","9.229508196721312","4.098360655737705","4.918032786885246","0","3.278688524590164","24","4.057142857142857","4","245","164","9.363265306122448","0","1.2244897959183674","5.3061224489795915","2.4489795918367347","24","3.9771689497716896","2","219","145","9.360730593607306","0.91324200913242","3.65296803652968","0","2.2831050228310503"
,"25","3.7606177606177607","7","259","152","9.166023166023166","6.563706563706564","9.652509652509652","1.9305019305019304","3.088803088803089","25","3.7472527472527473","8","273","148","9.304029304029305","5.128205128205129","3.663003663003663","3.663003663003663","4.395604395604396","25","3.6723404255319148","5","235","186","9.217021276595744","3.8297872340425534","4.680851063829787","5.957446808510638","4.25531914893617","25","3.6666666666666665","3","264","141","9.045454545454545","8.333333333333334","4.166666666666667","5.303030303030303","10.227272727272727","25","3.7701149425287355","6","261","144","9.363984674329503","3.0651340996168583","2.2988505747126435","7.2796934865900385","3.8314176245210727","25","3.8220338983050848","4","236","154","9.40677966101695","2.542372881355932","1.271186440677966","5.084745762711864","3.389830508474576","25","3.87109375","5","256","155","9.2890625","13.28125","3.90625","12.890625","5.46875","25","3.578125","4","256","138","9.21875","5.46875","2.734375","4.6875","3.125","25","3.897338403041825","8","263","138","9.406844106463879","7.604562737642586","5.7034220532319395","4.182509505703422","7.224334600760456","25","3.7192307692307693","3","260","133","9.153846153846153","5.769230769230769","5.769230769230769","4.230769230769231","3.4615384615384617","25","3.5930232558139537","4","258","150","9.031007751937985","6.2015503875969","4.263565891472868","4.263565891472868","3.10077519379845","25","3.778242677824268","6","239","170","9.355648535564853","5.439330543933054","5.857740585774058","7.949790794979079","2.510460251046025","25","3.830508474576271","4","236","130","9.305084745762711","5.508474576271187","2.1186440677966103","6.3559322033898304","2.542372881355932","25","3.5865724381625443","9","283","172","9.1660777385159","6.713780918727915","5.6537102473498235","2.8268551236749118","4.946996466431095","25","3.800829875518672","6","241","170","9.311203319502075","5.394190871369295","5.809128630705394","2.4896265560165975","1.2448132780082988","25","3.748898678414097","5","227","161","9.30396475770925","4.845814977973569","3.5242290748898677","3.5242290748898677","4.405286343612334","25","3.7019607843137257","3","255","151","9.286274509803922","3.1372549019607843","4.313725490196078","5.490196078431373","2.3529411764705883","25","3.7159533073929962","4","257","158","9.30739299610895","3.501945525291829","3.8910505836575875","3.11284046692607","2.3346303501945527","25","3.891472868217054","4","258","137","9.255813953488373","5.038759689922481","3.875968992248062","6.976744186046512","5.038759689922481","25","3.765486725663717","0","226","140","9.309734513274336","3.982300884955752","4.867256637168142","7.079646017699115","3.0973451327433628","25","3.801526717557252","5","262","119","9.351145038167939","1.9083969465648856","4.580152671755725","5.343511450381679","4.198473282442748","25","3.675889328063241","5","253","164","9.24110671936759","4.3478260869565215","4.3478260869565215","2.3715415019762847","5.928853754940712","25","3.703125","2","256","141","9.15625","5.46875","7.8125","4.6875","3.90625","25","3.8152173913043477","3","276","154","9.166666666666666","6.884057971014493","6.159420289855072","5.072463768115942","5.072463768115942","25","3.7827715355805243","6","267","159","9.220973782771535","3.745318352059925","5.992509363295881","5.617977528089888","5.992509363295881","25","3.75390625","6","256","145","9.1875","9.375","5.078125","4.6875","5.078125","25","3.9237668161434978","4","223","96","9.354260089686099","4.932735426008969","1.345291479820628","4.484304932735426","8.071748878923767","25","3.8007662835249043","4","261","147","9.210727969348659","6.896551724137931","5.363984674329502","1.9157088122605364","4.980842911877395","25","3.765151515151515","4","264","178","9.204545454545455","4.924242424242424","3.409090909090909","7.575757575757576","3.787878787878788","25","3.526315789473684","2","247","161","9.044534412955466","5.2631578947368425","7.287449392712551","2.0242914979757085","6.477732793522267"
,"26","4.019305019305019","7","259","152","9.166023166023166","4.2471042471042475","7.335907335907336","0","0.3861003861003861","26","4","8","272","148","9.264705882352942","2.9411764705882355","2.573529411764706","2.2058823529411766","1.4705882352941178","26","3.970212765957447","5","235","186","9.217021276595744","2.127659574468085","2.978723404255319","3.404255319148936","1.702127659574468","26","4.037878787878788","3","264","141","9.045454545454545","4.545454545454546","1.5151515151515151","3.0303030303030303","6.0606060606060606","26","3.9923076923076923","7","260","144","9.323076923076924","1.9230769230769231","0.7692307692307693","5.384615384615385","2.3076923076923075","26","3.9703389830508473","4","236","154","9.40677966101695","2.1186440677966103","0.847457627118644","4.661016949152542","3.389830508474576","26","4.16205533596838","5","253","155","9.162055335968379","9.090909090909092","1.5810276679841897","8.300395256916996","2.766798418972332","26","3.9453125","4","256","138","9.21875","4.296875","0.390625","3.515625","1.5625","26","4.076923076923077","9","260","138","9.292307692307693","5.769230769230769","3.8461538461538463","2.6923076923076925","4.615384615384615","26","4.0310077519379846","3","258","133","9.069767441860465","4.263565891472868","2.3255813953488373","1.937984496124031","1.550387596899225","26","3.9688715953307394","4","257","150","8.988326848249027","1.9455252918287937","1.556420233463035","3.501945525291829","1.1673151750972763","26","3.953781512605042","6","238","170","9.3109243697479","3.7815126050420167","3.7815126050420167","5.882352941176471","2.100840336134454","26","4.004237288135593","4","236","130","9.305084745762711","3.389830508474576","1.271186440677966","4.661016949152542","2.1186440677966103","26","3.9964664310954063","9","283","172","9.1660777385159","4.240282685512367","1.7667844522968197","1.7667844522968197","1.4134275618374559","26","3.991701244813278","6","241","170","9.311203319502075","4.564315352697095","4.149377593360996","1.6597510373443984","0.8298755186721992","26","3.982300884955752","5","226","161","9.256637168141593","2.6548672566371683","2.2123893805309733","0.8849557522123894","1.7699115044247788","26","4.011811023622047","3","254","151","9.244094488188976","0.7874015748031497","4.724409448818897","4.330708661417323","0","26","3.9571984435797667","4","257","158","9.30739299610895","1.9455252918287937","0.7782101167315175","1.9455252918287937","0.7782101167315175","26","4.065891472868217","4","258","137","9.255813953488373","3.488372093023256","3.10077519379845","5.426356589147287","3.10077519379845","26","4.04","1","225","140","9.262222222222222","3.111111111111111","2.6666666666666665","5.333333333333333","1.3333333333333333","26","4.034351145038168","5","262","119","9.351145038167939","0","3.053435114503817","3.435114503816794","2.2900763358778624","26","3.952191235059761","5","251","164","9.155378486055778","1.593625498007968","1.9920318725099602","0","3.585657370517928","26","4.051587301587301","3","252","141","9.023809523809524","2.380952380952381","5.158730158730159","1.5873015873015872","1.5873015873015872","26","4.094890510948905","3","274","154","9.087591240875913","5.839416058394161","5.109489051094891","4.37956204379562","2.18978102189781","26","4.033834586466165","7","266","159","9.180451127819548","1.5037593984962405","4.887218045112782","4.887218045112782","4.887218045112782","26","4.02734375","6","256","145","9.1875","7.03125","3.125","2.734375","1.953125","26","4.049773755656108","4","221","96","9.30316742081448","3.6199095022624435","0.9049773755656109","4.97737556561086","7.6923076923076925","26","4.061776061776062","5","259","147","9.127413127413128","5.019305019305019","3.861003861003861","0","4.2471042471042475","26","4.007604562737643","4","263","178","9.163498098859316","1.1406844106463878","0","4.942965779467681","1.9011406844106464","26","4.016326530612245","2","245","161","8.963265306122448","4.081632653061225","5.714285714285714","0.40816326530612246","3.2653061224489797"
,"27","4.011583011583012","7","259","152","9.166023166023166","4.2471042471042475","7.335907335907336","0","0","27","4","9","271","148","9.22509225092251","2.952029520295203","2.5830258302583027","2.2140221402214024","1.4760147601476015","27","3.9786324786324787","5","234","186","9.17094017094017","2.1367521367521367","2.9914529914529915","3.4188034188034186","1.7094017094017093","27","4.053639846743295","5","261","141","8.980842911877394","4.597701149425287","1.5325670498084292","4.21455938697318","6.130268199233717","27","3.9884615384615385","7","260","144","9.323076923076924","1.9230769230769231","0.7692307692307693","5.384615384615385","2.3076923076923075","27","3.9745762711864407","4","236","154","9.40677966101695","2.1186440677966103","0.847457627118644","4.661016949152542","3.389830508474576","27","4.146825396825397","5","252","155","9.166666666666666","8.333333333333334","1.5873015873015872","8.333333333333334","1.9841269841269842","27","3.940711462450593","6","253","138","9.098814229249012","3.1620553359683794","0","3.952569169960474","2.3715415019762847","27","4.077220077220077","9","259","138","9.250965250965251","5.7915057915057915","3.474903474903475","2.7027027027027026","4.633204633204633","27","4.034883720930233","3","258","133","9.069767441860465","4.263565891472868","2.3255813953488373","1.550387596899225","1.550387596899225","27","3.9688715953307394","4","257","150","8.988326848249027","1.9455252918287937","1.556420233463035","3.501945525291829","1.556420233463035","27","3.9533898305084745","7","236","170","9.228813559322035","3.8135593220338984","3.8135593220338984","5.932203389830509","2.1186440677966103","27","3.9957627118644066","4","236","130","9.305084745762711","3.389830508474576","1.271186440677966","4.661016949152542","1.271186440677966","27","3.9858156028368796","10","282","172","9.134751773049645","4.609929078014185","1.4184397163120568","1.4184397163120568","0.7092198581560284","27","3.9873949579831933","7","238","170","9.176470588235293","4.201680672268908","3.7815126050420167","1.680672268907563","0.8403361344537815","27","3.986607142857143","6","224","161","9.160714285714286","2.6785714285714284","2.232142857142857","0.8928571428571429","1.7857142857142858","27","4.011857707509882","3","253","151","9.201581027667984","0.7905138339920948","4.743083003952569","3.952569169960474","0","27","3.9568627450980394","5","255","158","9.239215686274509","1.5686274509803921","0.7843137254901961","1.9607843137254901","0.7843137254901961","27","4.066147859922179","4","257","137","9.214007782101167","3.501945525291829","3.11284046692607","5.447470817120623","3.11284046692607","27","4.03125","1","224","140","9.267857142857142","2.6785714285714284","2.6785714285714284","4.910714285714286","1.3392857142857142","27","4.030534351145038","5","262","119","9.351145038167939","0","3.053435114503817","3.053435114503817","2.2900763358778624","27","3.944223107569721","5","251","164","9.155378486055778","1.593625498007968","1.593625498007968","0","3.187250996015936","27","4.051587301587301","3","252","141","9.023809523809524","2.380952380952381","4.761904761904762","1.5873015873015872","1.1904761904761905","27","4.094890510948905","3","274","154","9.087591240875913","5.839416058394161","5.109489051094891","4.37956204379562","2.18978102189781","27","4.041353383458647","7","266","159","9.180451127819548","1.5037593984962405","5.2631578947368425","4.887218045112782","4.887218045112782","27","4.04296875","6","256","145","9.1875","7.421875","2.34375","2.34375","1.953125","27","4.05","4","220","96","9.254545454545454","3.6363636363636362","0.9090909090909091","5","7.7272727272727275","27","4.073359073359073","5","259","147","9.127413127413128","5.019305019305019","3.861003861003861","0","4.2471042471042475","27","4.022813688212928","4","263","178","9.163498098859316","1.1406844106463878","0","5.32319391634981","1.520912547528517","27","3.9794238683127574","2","243","161","8.88888888888889","3.7037037037037037","2.880658436213992","0","3.7037037037037037"
,"28","4.019305019305019","7","259","158","9.212355212355213","4.2471042471042475","7.335907335907336","0","0","28","4.011152416356877","9","269","156","9.20446096654275","2.973977695167286","2.6022304832713754","2.6022304832713754","1.486988847583643","28","3.9786324786324787","5","234","195","9.247863247863247","2.1367521367521367","2.9914529914529915","3.4188034188034186","1.7094017094017093","28","4.049808429118774","5","261","158","9.11111111111111","4.597701149425287","1.5325670498084292","3.8314176245210727","6.130268199233717","28","4.007692307692308","7","260","154","9.4","1.9230769230769231","0.7692307692307693","5.384615384615385","2.3076923076923075","28","3.970212765957447","4","235","160","9.412765957446808","2.127659574468085","0.851063829787234","4.680851063829787","3.404255319148936","28","4.143426294820717","5","251","171","9.250996015936256","8.366533864541832","1.593625498007968","7.968127490039841","1.9920318725099602","28","3.952569169960474","6","253","158","9.256916996047432","3.1620553359683794","0","5.138339920948616","2.3715415019762847","28","4.077519379844961","9","258","152","9.333333333333334","5.813953488372093","3.488372093023256","2.7131782945736433","4.651162790697675","28","4.0271317829457365","3","258","152","9.217054263565892","3.875968992248062","2.3255813953488373","1.550387596899225","1.550387596899225","28","3.972332015810277","6","253","173","9.003952569169961","1.976284584980237","1.5810276679841897","3.5573122529644268","1.5810276679841897","28","3.952991452991453","9","234","188","9.290598290598291","3.8461538461538463","3.8461538461538463","5.982905982905983","2.1367521367521367","28","3.9915254237288136","4","236","138","9.372881355932204","3.389830508474576","1.271186440677966","4.661016949152542","0.847457627118644","28","3.9858156028368796","10","282","181","9.198581560283689","4.609929078014185","0.7092198581560284","1.4184397163120568","0.7092198581560284","28","3.978902953586498","7","237","187","9.274261603375528","3.7974683544303796","3.7974683544303796","1.6877637130801688","0.8438818565400844","28","3.991031390134529","7","223","178","9.26457399103139","2.690582959641256","2.242152466367713","0.8968609865470852","1.7937219730941705","28","4.011904761904762","4","252","166","9.277777777777779","0.7936507936507936","4.761904761904762","3.9682539682539684","0","28","3.956692913385827","5","254","171","9.307086614173228","1.5748031496062993","0.7874015748031497","1.968503937007874","0.7874015748031497","28","4.066147859922179","4","257","144","9.268482490272374","3.501945525291829","3.11284046692607","5.447470817120623","3.11284046692607","28","4.03125","1","224","147","9.330357142857142","2.6785714285714284","2.6785714285714284","4.910714285714286","1.3392857142857142","28","4.034351145038168","5","262","124","9.389312977099237","0","3.053435114503817","3.053435114503817","2.2900763358778624","28","3.948207171314741","5","251","179","9.274900398406375","1.593625498007968","1.593625498007968","0","3.585657370517928","28","4.047808764940239","3","251","159","9.123505976095618","2.3904382470119523","4.382470119521912","1.593625498007968","1.1952191235059761","28","4.094890510948905","3","274","165","9.167883211678832","5.839416058394161","5.109489051094891","4.37956204379562","2.18978102189781","28","4.048872180451128","7","266","177","9.31578947368421","1.5037593984962405","6.390977443609023","4.887218045112782","4.887218045112782","28","4.03515625","6","256","154","9.2578125","7.03125","2.34375","2.34375","1.953125","28","4.05","4","220","107","9.354545454545455","3.6363636363636362","0.9090909090909091","5","7.7272727272727275","28","4.073643410852713","5","258","171","9.271317829457365","5.038759689922481","3.875968992248062","0","4.263565891472868","28","4.022813688212928","4","263","189","9.247148288973383","1.1406844106463878","0","4.942965779467681","1.520912547528517","28","3.9710743801652892","3","242","189","9.090909090909092","3.3057851239669422","2.479338842975207","0","3.71900826446281"
,"29","4.023255813953488","7","258","158","9.170542635658915","4.263565891472868","7.364341085271318","0","0","29","4","9","269","156","9.20446096654275","2.973977695167286","2.6022304832713754","1.858736059479554","1.486988847583643","29","3.982905982905983","5","234","195","9.247863247863247","2.1367521367521367","2.9914529914529915","3.8461538461538463","1.7094017094017093","29","4.046153846153846","6","260","158","9.069230769230769","4.615384615384615","1.5384615384615385","3.4615384615384617","6.153846153846154","29","4.007692307692308","7","260","154","9.4","1.9230769230769231","0.7692307692307693","5.384615384615385","2.3076923076923075","29","3.970212765957447","4","235","160","9.412765957446808","2.127659574468085","0.851063829787234","4.680851063829787","3.404255319148936","29","4.143426294820717","5","251","171","9.250996015936256","8.366533864541832","1.593625498007968","7.968127490039841","1.9920318725099602","29","3.9563492063492065","6","252","158","9.214285714285714","3.1746031746031744","0","5.158730158730159","2.380952380952381","29","4.078125","11","256","152","9.25","5.859375","3.515625","2.734375","4.6875","29","4.027237354085603","4","257","152","9.17509727626459","3.8910505836575875","2.3346303501945527","1.556420233463035","1.556420233463035","29","3.9762845849802373","6","253","173","9.003952569169961","1.976284584980237","1.5810276679841897","3.5573122529644268","1.5810276679841897","29","3.956896551724138","10","232","188","9.198275862068966","3.8793103448275863","3.8793103448275863","6.0344827586206895","2.1551724137931036","29","3.9915254237288136","4","236","138","9.372881355932204","3.389830508474576","1.271186440677966","4.661016949152542","0.847457627118644","29","3.9893617021276597","10","282","181","9.198581560283689","4.609929078014185","0.7092198581560284","1.4184397163120568","0.7092198581560284","29","3.9829787234042553","8","235","187","9.191489361702128","3.8297872340425534","3.8297872340425534","1.702127659574468","0.851063829787234","29","3.990990990990991","7","222","178","9.216216216216216","2.7027027027027026","2.2522522522522523","0.9009009009009009","1.8018018018018018","29","4.01195219123506","4","251","166","9.235059760956176","0.796812749003984","4.780876494023905","3.9840637450199203","0","29","3.956692913385827","5","254","171","9.307086614173228","1.5748031496062993","0.7874015748031497","1.968503937007874","0.7874015748031497","29","4.06640625","5","256","144","9.2265625","3.515625","3.125","5.46875","3.125","29","4.031390134529148","1","223","147","9.282511210762332","2.690582959641256","2.690582959641256","4.932735426008969","1.345291479820628","29","4.026717557251908","5","262","124","9.389312977099237","0","2.6717557251908395","3.053435114503817","2.2900763358778624","29","3.948","5","250","179","9.28","1.6","1.6","0","3.6","29","4.047808764940239","3","251","159","9.123505976095618","2.3904382470119523","4.382470119521912","1.593625498007968","1.1952191235059761","29","4.091575091575091","3","273","165","9.128205128205128","5.4945054945054945","5.128205128205129","4.395604395604396","2.197802197802198","29","4.0458015267175576","7","262","177","9.198473282442748","1.5267175572519085","6.106870229007634","4.961832061068702","4.961832061068702","29","4.03921568627451","7","255","154","9.215686274509803","6.666666666666667","2.7450980392156863","2.3529411764705883","1.9607843137254901","29","4.050228310502283","5","219","107","9.30593607305936","3.65296803652968","0.91324200913242","5.0228310502283104","7.762557077625571","29","4.065891472868217","5","258","171","9.271317829457365","5.038759689922481","3.875968992248062","0","4.263565891472868","29","4.022988505747127","4","261","189","9.164750957854405","1.1494252873563218","0","4.980842911877395","1.5325670498084292","29","3.970954356846473","3","241","189","9.04564315352697","3.319502074688797","2.4896265560165975","0","3.7344398340248963"
,"30","4.027450980392157","9","255","158","9.050980392156863","4.313725490196078","7.450980392156863","0","0","30","4.003731343283582","10","268","156","9.164179104477611","2.985074626865672","2.611940298507463","1.8656716417910448","1.492537313432836","30","3.987012987012987","7","231","195","9.125541125541126","2.1645021645021645","3.0303030303030303","4.329004329004329","1.7316017316017316","30","4.046153846153846","6","260","158","9.069230769230769","4.615384615384615","1.5384615384615385","3.4615384615384617","6.153846153846154","30","4.007751937984496","8","258","154","9.317829457364342","1.937984496124031","0.7751937984496124","5.426356589147287","2.3255813953488373","30","3.970212765957447","4","235","160","9.412765957446808","2.127659574468085","0.851063829787234","4.680851063829787","3.404255319148936","30","4.144578313253012","6","249","171","9.164658634538153","8.433734939759036","1.606425702811245","8.032128514056225","2.0080321285140563","30","3.956","7","250","158","9.128","3.2","0","5.2","2.4","30","4.078125","11","256","152","9.25","5.859375","3.515625","2.734375","4.6875","30","4.027237354085603","4","257","152","9.17509727626459","3.8910505836575875","2.3346303501945527","1.556420233463035","1.556420233463035","30","3.9718875502008033","8","249","173","8.859437751004016","1.606425702811245","1.606425702811245","3.6144578313253013","1.606425702811245","30","3.956896551724138","10","232","188","9.198275862068966","3.8793103448275863","3.8793103448275863","6.0344827586206895","2.1551724137931036","30","3.9914529914529915","4","234","138","9.282051282051283","3.4188034188034186","1.2820512820512822","4.700854700854701","0.8547008547008547","30","3.9893238434163703","11","281","181","9.160142348754448","4.6263345195729535","0.7117437722419929","1.4234875444839858","0.7117437722419929","30","3.978723404255319","8","235","187","9.191489361702128","3.8297872340425534","3.8297872340425534","1.702127659574468","0.851063829787234","30","3.990950226244344","7","221","178","9.203619909502262","2.7149321266968327","2.262443438914027","0.9049773755656109","1.8099547511312217","30","4.0120481927710845","5","249","166","9.156626506024097","0.8032128514056225","4.819277108433735","4.016064257028113","0","30","3.956692913385827","5","254","171","9.307086614173228","1.5748031496062993","0.7874015748031497","1.968503937007874","0.7874015748031497","30","4.066666666666666","6","255","144","9.184313725490195","3.5294117647058822","3.1372549019607843","5.490196078431373","3.1372549019607843","30","4.031531531531532","1","222","147","9.234234234234235","2.7027027027027026","2.7027027027027026","4.954954954954955","1.3513513513513513","30","4.034351145038168","5","262","124","9.389312977099237","0","3.053435114503817","3.053435114503817","2.2900763358778624","30","3.948","5","250","179","9.28","1.6","1.6","0","3.6","30","4.048","3","250","159","9.08","2.4","4.4","1.6","1.2","30","4.091911764705882","3","272","165","9.088235294117647","5.514705882352941","5.147058823529412","4.411764705882353","2.2058823529411766","30","4.045977011494253","8","261","177","9.157088122605364","1.5325670498084292","6.130268199233717","4.980842911877395","4.980842911877395","30","4.031372549019608","7","255","154","9.215686274509803","6.666666666666667","2.3529411764705883","2.3529411764705883","1.9607843137254901","30","4.055045871559633","6","218","107","9.256880733944953","4.128440366972477","0.9174311926605505","5.045871559633028","7.798165137614679","30","4.06640625","6","256","171","9.1875","5.078125","3.90625","0","4.296875","30","4.022988505747127","4","261","189","9.164750957854405","1.1494252873563218","0","4.980842911877395","1.5325670498084292","30","3.9707112970711296","4","239","189","8.95397489539749","3.3472803347280333","2.510460251046025","0","3.7656903765690375"
,"31","4.031372549019608","9","255","172","9.16078431372549","4.313725490196078","7.450980392156863","0","0","31","4","10","268","171","9.276119402985074","2.985074626865672","2.611940298507463","1.8656716417910448","1.492537313432836","31","3.9695652173913043","7","230","211","9.217391304347826","2.1739130434782608","3.0434782608695654","2.608695652173913","1.7391304347826086","31","4.046153846153846","6","260","169","9.153846153846153","4.615384615384615","1.5384615384615385","3.4615384615384617","6.153846153846154","31","4.007782101167315","9","257","163","9.346303501945526","1.9455252918287937","0.7782101167315175","5.447470817120623","2.3346303501945527","31","3.9699570815450644","4","233","164","9.36480686695279","2.1459227467811157","0.8583690987124464","4.721030042918455","3.4334763948497855","31","4.144578313253012","6","249","189","9.309236947791165","8.433734939759036","1.606425702811245","8.032128514056225","2.0080321285140563","31","3.9558232931726907","7","249","182","9.325301204819278","3.21285140562249","0","5.220883534136546","2.4096385542168677","31","4.078125","11","256","170","9.390625","5.859375","3.515625","2.734375","4.6875","31","4.02734375","4","256","158","9.1875","3.90625","2.34375","1.5625","1.5625","31","3.967611336032389","9","247","211","9.085020242914979","1.214574898785425","1.6194331983805668","3.6437246963562755","1.6194331983805668","31","3.9608695652173913","10","230","210","9.295652173913043","3.9130434782608696","3.9130434782608696","6.086956521739131","2.1739130434782608","31","3.9913793103448274","4","232","148","9.275862068965518","3.4482758620689653","1.293103448275862","4.741379310344827","0.8620689655172413","31","3.982142857142857","11","280","190","9.185714285714285","4.642857142857143","0.35714285714285715","1.0714285714285714","0.7142857142857143","31","3.9829787234042553","8","235","205","9.34468085106383","3.8297872340425534","3.8297872340425534","1.702127659574468","0.851063829787234","31","3.9909090909090907","8","220","190","9.263636363636364","2.727272727272727","2.272727272727273","0.9090909090909091","1.8181818181818181","31","4.012096774193548","6","248","182","9.241935483870968","0.8064516129032258","4.838709677419355","4.032258064516129","0","31","3.9563492063492065","6","252","177","9.26984126984127","1.5873015873015872","0.7936507936507936","1.9841269841269842","0.7936507936507936","31","4.066666666666666","6","255","155","9.270588235294118","3.5294117647058822","3.1372549019607843","5.490196078431373","3.1372549019607843","31","4.031531531531532","1","222","157","9.324324324324325","2.7027027027027026","2.7027027027027026","4.954954954954955","1.3513513513513513","31","4.023255813953488","5","258","128","9.255813953488373","0","2.7131782945736433","3.10077519379845","1.937984496124031","31","3.948","5","250","187","9.344","1.6","1.6","0","3.6","31","4.048192771084337","3","249","179","9.196787148594378","2.4096385542168677","4.417670682730924","1.606425702811245","1.2048192771084338","31","4.092250922509225","4","271","185","9.195571955719558","5.535055350553505","5.166051660516605","4.428044280442805","2.2140221402214024","31","4.046511627906977","9","258","194","9.162790697674419","1.550387596899225","6.2015503875969","5.038759689922481","5.038759689922481","31","4.035433070866142","7","254","162","9.291338582677165","6.692913385826771","2.3622047244094486","2.3622047244094486","1.968503937007874","31","4.0504587155963305","6","218","115","9.330275229357799","3.669724770642202","0.9174311926605505","5.045871559633028","7.798165137614679","31","4.06640625","6","256","184","9.2890625","5.078125","3.90625","0","4.296875","31","4.022988505747127","4","261","201","9.256704980842912","1.1494252873563218","0","4.980842911877395","1.5325670498084292","31","3.970464135021097","5","237","216","9.10548523206751","3.3755274261603376","2.5316455696202533","0","3.7974683544303796"
,"32","4.027450980392157","9","255","172","9.16078431372549","4.313725490196078","7.450980392156863","0","0","32","4.003759398496241","10","266","171","9.19548872180451","3.007518796992481","2.6315789473684212","1.8796992481203008","1.5037593984962405","32","3.96943231441048","8","229","211","9.170305676855895","2.183406113537118","3.056768558951965","2.6200873362445414","1.7467248908296944","32","4.046332046332046","6","259","169","9.111969111969112","4.633204633204633","1.5444015444015444","3.474903474903475","6.177606177606178","32","4.0078125","9","256","163","9.3046875","1.953125","0.78125","5.46875","2.34375","32","3.9696969696969697","5","231","164","9.272727272727273","2.1645021645021645","0.8658008658008658","4.761904761904762","3.463203463203463","32","4.149193548387097","7","248","189","9.266129032258064","8.46774193548387","1.6129032258064515","8.46774193548387","2.0161290322580645","32","3.9556451612903225","7","248","182","9.28225806451613","3.225806451612903","0","4.838709677419355","2.8225806451612905","32","4.074509803921568","11","255","170","9.35686274509804","5.882352941176471","3.1372549019607843","2.7450980392156863","4.705882352941177","32","4.02734375","4","256","158","9.1875","3.90625","2.34375","1.5625","1.5625","32","3.967479674796748","9","246","211","9.040650406504065","1.2195121951219512","1.6260162601626016","3.658536585365854","1.6260162601626016","32","3.9608695652173913","10","230","210","9.295652173913043","3.9130434782608696","3.9130434782608696","6.086956521739131","2.1739130434782608","32","3.9913793103448274","4","232","148","9.275862068965518","3.4482758620689653","1.293103448275862","4.741379310344827","0.8620689655172413","32","3.9748201438848922","13","278","190","9.107913669064748","4.676258992805756","0","0.7194244604316546","0.7194244604316546","32","3.978723404255319","8","235","205","9.34468085106383","3.8297872340425534","3.8297872340425534","1.702127659574468","0.851063829787234","32","3.9954128440366974","9","218","190","9.174311926605505","2.7522935779816513","2.293577981651376","0.9174311926605505","1.834862385321101","32","4.016129032258065","6","248","182","9.241935483870968","0.8064516129032258","5.241935483870968","4.032258064516129","0","32","3.9563492063492065","6","252","177","9.26984126984127","1.5873015873015872","0.7936507936507936","1.9841269841269842","0.7936507936507936","32","4.066666666666666","6","255","155","9.270588235294118","3.5294117647058822","3.1372549019607843","5.490196078431373","3.1372549019607843","32","4.031963470319635","3","219","157","9.205479452054794","2.73972602739726","2.73972602739726","5.0228310502283104","1.36986301369863","32","4.01937984496124","5","258","128","9.255813953488373","0","2.7131782945736433","3.10077519379845","1.550387596899225","32","3.9516129032258065","6","248","187","9.258064516129032","1.6129032258064515","1.6129032258064515","0","3.629032258064516","32","4.048387096774194","3","248","179","9.17741935483871","2.4193548387096775","4.435483870967742","1.6129032258064515","1.2096774193548387","32","4.088888888888889","4","270","185","9.155555555555555","5.555555555555555","4.814814814814815","4.444444444444445","2.2222222222222223","32","4.046511627906977","9","258","194","9.162790697674419","1.550387596899225","6.2015503875969","5.038759689922481","5.038759689922481","32","4.031746031746032","9","252","162","9.206349206349206","6.746031746031746","2.380952380952381","2.380952380952381","1.9841269841269842","32","4.0504587155963305","6","218","115","9.330275229357799","3.669724770642202","0.9174311926605505","5.045871559633028","7.798165137614679","32","4.066666666666666","6","255","184","9.24705882352941","5.098039215686274","3.9215686274509802","0","4.313725490196078","32","4.022988505747127","4","261","201","9.256704980842912","1.1494252873563218","0","4.980842911877395","1.5325670498084292","32","3.970464135021097","5","237","216","9.10548523206751","3.3755274261603376","2.5316455696202533","0","3.7974683544303796"
,"33","4.035433070866142","9","254","172","9.118110236220472","4.330708661417323","7.874015748031496","0","0","33","4","11","265","171","9.154716981132076","3.018867924528302","2.641509433962264","1.8867924528301887","1.509433962264151","33","3.969298245614035","9","228","211","9.12280701754386","2.192982456140351","3.0701754385964914","2.6315789473684212","1.7543859649122806","33","4.046332046332046","6","259","169","9.111969111969112","4.633204633204633","1.5444015444015444","3.474903474903475","6.177606177606178","33","4.0078125","9","256","163","9.3046875","1.953125","0.78125","5.46875","2.34375","33","3.96943231441048","5","229","164","9.179039301310043","2.183406113537118","0.8733624454148472","4.8034934497816595","3.493449781659389","33","4.1417004048583","8","247","189","9.222672064777328","8.502024291497976","1.6194331983805668","7.6923076923076925","2.0242914979757085","33","3.97165991902834","8","247","182","9.238866396761134","3.2388663967611335","0","4.8582995951417","4.048582995951417","33","4.066929133858268","12","254","170","9.31496062992126","5.511811023622047","2.7559055118110236","2.7559055118110236","4.724409448818897","33","4.02734375","4","256","158","9.1875","3.90625","2.34375","1.5625","1.5625","33","3.9673469387755103","9","245","211","8.995918367346938","1.2244897959183674","1.6326530612244898","3.673469387755102","1.6326530612244898","33","3.9608695652173913","10","230","210","9.295652173913043","3.9130434782608696","3.9130434782608696","6.086956521739131","2.1739130434782608","33","3.9913793103448274","4","232","148","9.275862068965518","3.4482758620689653","1.293103448275862","4.741379310344827","0.8620689655172413","33","3.9748201438848922","13","278","190","9.107913669064748","4.676258992805756","0","0.7194244604316546","0.7194244604316546","33","3.982832618025751","9","233","205","9.261802575107296","3.8626609442060085","3.8626609442060085","1.7167381974248928","0.8583690987124464","33","3.9953917050691246","9","217","190","9.133640552995391","2.7649769585253456","2.304147465437788","0.9216589861751152","1.8433179723502304","33","4.012295081967213","9","244","182","9.065573770491802","0.819672131147541","4.918032786885246","4.098360655737705","0","33","3.9563492063492065","6","252","177","9.26984126984127","1.5873015873015872","0.7936507936507936","1.9841269841269842","0.7936507936507936","33","4.070588235294117","6","255","155","9.270588235294118","3.5294117647058822","3.1372549019607843","5.490196078431373","3.5294117647058822","33","4.032110091743119","4","218","157","9.155963302752294","2.7522935779816513","2.7522935779816513","5.045871559633028","1.3761467889908257","33","4.023255813953488","5","258","128","9.255813953488373","0","3.10077519379845","3.10077519379845","1.550387596899225","33","3.9554655870445345","7","247","187","9.214574898785425","1.6194331983805668","1.6194331983805668","0","3.6437246963562755","33","4.048387096774194","3","248","179","9.17741935483871","2.4193548387096775","4.435483870967742","1.6129032258064515","1.2096774193548387","33","4.08550185873606","4","269","185","9.115241635687733","5.5762081784386615","4.4609665427509295","4.4609665427509295","2.2304832713754648","33","4.046875","9","256","194","9.0859375","1.5625","6.25","5.078125","5.078125","33","4.036144578313253","10","249","162","9.076305220883533","6.827309236947791","2.4096385542168677","2.4096385542168677","2.0080321285140563","33","4.055299539170507","6","217","115","9.28110599078341","3.686635944700461","0.9216589861751152","5.0691244239631335","7.8341013824884795","33","4.066666666666666","6","255","184","9.24705882352941","5.098039215686274","3.9215686274509802","0","4.313725490196078","33","4.022988505747127","4","261","201","9.256704980842912","1.1494252873563218","0","4.980842911877395","1.5325670498084292","33","3.9703389830508473","5","236","216","9.059322033898304","3.389830508474576","2.542372881355932","0","3.8135593220338984"
,"34","4.02755905511811","9","254","184","9.21259842519685","4.330708661417323","7.480314960629921","0","0","34","4.003787878787879","11","264","191","9.265151515151516","3.0303030303030303","2.6515151515151514","1.893939393939394","1.5151515151515151","34","3.968888888888889","9","225","227","9.12888888888889","2.2222222222222223","3.111111111111111","2.6666666666666665","1.7777777777777777","34","4.046332046332046","6","259","177","9.173745173745173","4.633204633204633","1.5444015444015444","3.474903474903475","6.177606177606178","34","4.007843137254902","10","255","173","9.341176470588236","1.9607843137254901","0.7843137254901961","5.490196078431373","2.3529411764705883","34","3.96943231441048","5","229","186","9.37117903930131","2.183406113537118","0.8733624454148472","4.8034934497816595","3.493449781659389","34","4.142276422764228","9","246","208","9.333333333333334","8.536585365853659","1.6260162601626016","7.723577235772358","2.032520325203252","34","3.967611336032389","8","247","200","9.384615384615385","3.2388663967611335","0","4.8582995951417","4.048582995951417","34","4.059288537549407","12","253","186","9.422924901185771","5.533596837944664","2.3715415019762847","2.766798418972332","4.3478260869565215","34","4.027667984189724","6","253","167","9.130434782608695","3.952569169960474","2.3715415019762847","1.5810276679841897","1.5810276679841897","34","3.9672131147540983","9","244","245","9.237704918032787","1.2295081967213115","1.639344262295082","3.6885245901639343","1.639344262295082","34","3.9608695652173913","10","230","227","9.443478260869565","3.9130434782608696","3.9130434782608696","6.086956521739131","2.1739130434782608","34","3.9913793103448274","4","232","158","9.362068965517242","3.4482758620689653","1.293103448275862","4.741379310344827","0.8620689655172413","34","3.9748201438848922","13","278","206","9.223021582733812","4.676258992805756","0","0.7194244604316546","0.7194244604316546","34","3.978448275862069","9","232","229","9.422413793103448","3.8793103448275863","3.8793103448275863","1.7241379310344827","0.8620689655172413","34","3.9953917050691246","9","217","213","9.345622119815669","2.7649769585253456","2.304147465437788","0.9216589861751152","1.8433179723502304","34","4.012295081967213","9","244","215","9.336065573770492","0.819672131147541","4.918032786885246","4.098360655737705","0","34","3.9563492063492065","6","252","190","9.373015873015873","1.5873015873015872","0.7936507936507936","1.9841269841269842","0.7936507936507936","34","4.067193675889328","7","253","161","9.233201581027668","3.5573122529644268","3.1620553359683794","5.533596837944664","3.1620553359683794","34","4.032258064516129","5","217","173","9.253456221198157","2.7649769585253456","2.7649769585253456","5.0691244239631335","1.3824884792626728","34","4.01953125","5","256","140","9.2890625","0","2.734375","3.125","1.5625","34","3.9591836734693877","7","245","199","9.224489795918368","1.6326530612244898","1.6326530612244898","0","3.673469387755102","34","4.044534412955466","4","247","202","9.327935222672064","2.0242914979757085","4.4534412955465585","1.6194331983805668","1.214574898785425","34","4.089219330855019","4","269","204","9.256505576208179","5.947955390334572","4.4609665427509295","4.4609665427509295","2.2304832713754648","34","4.047058823529412","9","255","218","9.231372549019607","1.5686274509803921","6.2745098039215685","5.098039215686274","5.098039215686274","34","4.036437246963563","10","247","185","9.182186234817813","6.882591093117409","2.42914979757085","2.42914979757085","2.0242914979757085","34","4.061032863849765","9","213","124","9.173708920187794","3.755868544600939","0.9389671361502347","5.164319248826291","7.981220657276995","34","4.066929133858268","6","254","194","9.283464566929133","5.118110236220472","3.937007874015748","0","4.330708661417323","34","4.023076923076923","5","260","206","9.253846153846155","1.1538461538461537","0","5","1.5384615384615385","34","3.9703389830508473","5","236","235","9.220338983050848","3.389830508474576","2.542372881355932","0","3.8135593220338984"
,"35","4.035714285714286","10","252","184","9.19047619047619","4.365079365079365","7.5396825396825395","0","0","35","4.003787878787879","11","264","191","9.265151515151516","3.0303030303030303","3.0303030303030303","1.893939393939394","1.5151515151515151","35","3.968888888888889","9","225","227","9.12888888888889","2.2222222222222223","3.111111111111111","2.6666666666666665","1.7777777777777777","35","4.038910505836576","6","257","177","9.089494163424124","4.280155642023346","1.1673151750972763","3.501945525291829","6.22568093385214","35","4.007843137254902","10","255","173","9.341176470588236","1.9607843137254901","0.7843137254901961","5.490196078431373","2.3529411764705883","35","3.96943231441048","5","229","186","9.37117903930131","2.183406113537118","0.8733624454148472","4.8034934497816595","3.493449781659389","35","4.142276422764228","9","246","208","9.333333333333334","8.536585365853659","1.6260162601626016","7.723577235772358","2.032520325203252","35","3.971311475409836","8","244","200","9.254098360655737","3.278688524590164","0","4.918032786885246","4.098360655737705","35","4.051383399209486","12","253","186","9.422924901185771","5.533596837944664","1.5810276679841897","2.766798418972332","4.3478260869565215","35","4.031746031746032","7","252","167","9.087301587301587","3.9682539682539684","2.380952380952381","1.5873015873015872","1.9841269841269842","35","3.9669421487603307","10","242","245","9.148760330578513","1.2396694214876034","1.6528925619834711","3.71900826446281","1.6528925619834711","35","3.960698689956332","11","229","227","9.397379912663755","3.930131004366812","3.930131004366812","6.11353711790393","2.183406113537118","35","3.9913793103448274","4","232","158","9.362068965517242","3.4482758620689653","1.293103448275862","4.741379310344827","0.8620689655172413","35","3.9748201438848922","13","278","206","9.223021582733812","4.676258992805756","0","0.7194244604316546","0.7194244604316546","35","3.982456140350877","10","228","229","9.24561403508772","3.9473684210526314","3.9473684210526314","1.7543859649122806","0.8771929824561403","35","3.9953917050691246","9","217","213","9.345622119815669","2.7649769585253456","2.304147465437788","0.9216589861751152","1.8433179723502304","35","4.008264462809917","9","242","215","9.24793388429752","0.8264462809917356","4.958677685950414","3.71900826446281","0","35","3.9563492063492065","6","252","190","9.373015873015873","1.5873015873015872","0.7936507936507936","1.9841269841269842","0.7936507936507936","35","4.067460317460317","8","252","161","9.19047619047619","3.5714285714285716","3.1746031746031744","5.555555555555555","3.1746031746031744","35","4.032407407407407","5","216","173","9.203703703703704","2.7777777777777777","2.7777777777777777","5.092592592592593","1.3888888888888888","35","4.019685039370079","5","254","140","9.21259842519685","0","2.7559055118110236","3.1496062992125986","1.5748031496062993","35","3.963265306122449","7","245","199","9.224489795918368","1.6326530612244898","1.6326530612244898","0","3.673469387755102","35","4.040816326530612","5","245","202","9.257142857142858","1.6326530612244898","4.489795918367347","1.6326530612244898","1.2244897959183674","35","4.086142322097379","4","267","204","9.213483146067416","5.617977528089888","4.49438202247191","4.49438202247191","2.247191011235955","35","4.0476190476190474","9","252","218","9.103174603174603","1.5873015873015872","6.349206349206349","5.158730158730159","5.158730158730159","35","4.040485829959514","10","247","185","9.182186234817813","6.882591093117409","2.42914979757085","2.42914979757085","2.0242914979757085","35","4.061032863849765","9","213","124","9.173708920187794","3.755868544600939","0.9389671361502347","5.164319248826291","7.981220657276995","35","4.066929133858268","6","254","194","9.283464566929133","5.118110236220472","3.937007874015748","0","4.330708661417323","35","4.023166023166024","5","259","206","9.212355212355213","1.1583011583011582","0","5.019305019305019","1.5444015444015444","35","3.9659574468085106","5","235","235","9.174468085106383","3.404255319148936","2.127659574468085","0","3.8297872340425534"
,"36","4.031746031746032","10","252","184","9.19047619047619","4.365079365079365","7.5396825396825395","0","0","36","4.007662835249042","12","261","191","9.18007662835249","3.0651340996168583","2.681992337164751","1.9157088122605364","1.5325670498084292","36","3.968609865470852","10","223","227","9.040358744394618","2.242152466367713","3.1390134529147984","2.690582959641256","1.7937219730941705","36","4.027450980392157","6","255","177","9.003921568627451","3.9215686274509802","0.7843137254901961","3.5294117647058822","5.882352941176471","36","4.0078740157480315","10","254","173","9.299212598425196","1.968503937007874","0.7874015748031497","5.511811023622047","2.3622047244094486","36","3.96943231441048","5","229","186","9.37117903930131","2.183406113537118","0.8733624454148472","4.8034934497816595","3.493449781659389","36","4.14344262295082","10","244","208","9.254098360655737","8.60655737704918","1.639344262295082","7.786885245901639","2.0491803278688523","36","3.9672131147540983","8","244","200","9.254098360655737","3.278688524590164","0","4.918032786885246","4.098360655737705","36","4.051383399209486","12","253","186","9.422924901185771","5.533596837944664","1.5810276679841897","2.766798418972332","4.3478260869565215","36","4.027888446215139","8","251","167","9.04382470119522","3.9840637450199203","2.3904382470119523","1.593625498007968","1.593625498007968","36","3.966804979253112","10","241","245","9.103734439834025","1.2448132780082988","1.6597510373443984","3.7344398340248963","1.6597510373443984","36","3.960526315789474","11","228","227","9.350877192982455","3.9473684210526314","3.9473684210526314","6.140350877192983","2.192982456140351","36","3.9956521739130433","5","230","158","9.269565217391305","3.4782608695652173","1.3043478260869565","4.782608695652174","0.8695652173913043","36","3.9748201438848922","13","278","206","9.223021582733812","4.676258992805756","0","0.7194244604316546","0.7194244604316546","36","3.9780701754385963","10","228","229","9.24561403508772","3.9473684210526314","3.9473684210526314","1.7543859649122806","0.8771929824561403","36","3.9953917050691246","9","217","213","9.345622119815669","2.7649769585253456","2.304147465437788","0.9216589861751152","1.8433179723502304","36","4.004166666666666","9","240","215","9.158333333333333","0.8333333333333334","5","3.3333333333333335","0","36","3.956175298804781","7","251","190","9.330677290836654","1.593625498007968","0.796812749003984","1.9920318725099602","0.796812749003984","36","4.067460317460317","8","252","161","9.19047619047619","3.5714285714285716","3.1746031746031744","5.555555555555555","3.1746031746031744","36","4.032407407407407","5","216","173","9.203703703703704","2.7777777777777777","2.7777777777777777","5.092592592592593","1.3888888888888888","36","4.015810276679842","6","253","140","9.1699604743083","0","2.766798418972332","3.1620553359683794","1.1857707509881423","36","3.9673469387755103","7","245","199","9.224489795918368","1.6326530612244898","1.6326530612244898","0","3.673469387755102","36","4.040816326530612","5","245","202","9.257142857142858","1.6326530612244898","4.489795918367347","1.6326530612244898","1.2244897959183674","36","4.089887640449438","4","267","204","9.213483146067416","5.992509363295881","4.49438202247191","4.49438202247191","2.247191011235955","36","4.0476190476190474","9","252","218","9.103174603174603","1.5873015873015872","6.349206349206349","5.158730158730159","5.158730158730159","36","4.036437246963563","10","247","185","9.182186234817813","6.882591093117409","2.42914979757085","2.42914979757085","2.0242914979757085","36","4.061032863849765","9","213","124","9.173708920187794","3.755868544600939","0.9389671361502347","5.164319248826291","7.981220657276995","36","4.067193675889328","7","253","194","9.24110671936759","5.138339920948616","3.952569169960474","0","4.3478260869565215","36","4.023166023166024","5","259","206","9.212355212355213","1.1583011583011582","0","5.019305019305019","1.5444015444015444","36","3.9617021276595743","5","235","235","9.174468085106383","3.404255319148936","1.702127659574468","0","3.8297872340425534"
,"37","3.7806691449814127","10","269","200","9.24907063197026","5.947955390334572","9.66542750929368","2.2304832713754648","1.858736059479554","37","3.7224199288256226","12","281","213","9.167259786476869","6.405693950177936","4.98220640569395","3.5587188612099645","3.9145907473309607","37","3.7106382978723405","13","235","258","9.285106382978723","1.702127659574468","6.382978723404255","5.531914893617022","4.680851063829787","37","3.7712177121771218","6","271","196","9.129151291512915","6.642066420664206","3.690036900369004","5.535055350553505","6.273062730627307","37","3.841509433962264","10","265","191","9.373584905660378","2.641509433962264","1.8867924528301887","6.7924528301886795","2.2641509433962264","37","3.691358024691358","8","243","193","9.193415637860083","4.11522633744856","3.292181069958848","6.172839506172839","4.938271604938271","37","3.7865168539325844","10","267","232","9.228464419475655","11.235955056179776","4.119850187265918","9.737827715355806","4.119850187265918","37","3.6566037735849055","8","265","219","9.116981132075471","4.150943396226415","0.7547169811320755","7.547169811320755","6.415094339622642","37","3.8533834586466167","12","266","203","9.345864661654135","6.7669172932330826","3.007518796992481","5.2631578947368425","6.390977443609023","37","3.803030303030303","9","264","189","9.280303030303031","6.4393939393939394","4.166666666666667","3.0303030303030303","4.924242424242424","37","3.7490196078431373","10","255","271","9.325490196078432","2.3529411764705883","3.5294117647058822","5.882352941176471","4.705882352941177","37","3.858974358974359","11","234","242","9.504273504273504","4.700854700854701","4.700854700854701","6.837606837606837","2.5641025641025643","37","3.8016528925619837","5","242","171","9.355371900826446","4.958677685950414","3.71900826446281","5.785123966942149","0.8264462809917356","37","3.818815331010453","14","287","212","9.303135888501743","6.620209059233449","1.7421602787456445","1.7421602787456445","1.7421602787456445","37","3.6747967479674797","10","246","249","9.195121951219512","6.504065040650406","5.284552845528455","3.658536585365854","3.658536585365854","37","3.65531914893617","9","235","223","9.148936170212766","5.1063829787234045","4.680851063829787","3.8297872340425534","3.404255319148936","37","3.8134920634920637","9","252","242","9.365079365079366","1.9841269841269842","6.349206349206349","3.9682539682539684","1.5873015873015872","37","3.6494464944649447","8","271","196","9.166051660516604","4.428044280442805","4.059040590405904","5.535055350553505","2.952029520295203","37","3.7683823529411766","8","272","183","9.154411764705882","6.985294117647059","4.411764705882353","7.720588235294118","5.514705882352941","37","3.629166666666667","5","240","185","9.133333333333333","4.166666666666667","6.25","7.5","3.75","37","3.859315589353612","6","263","164","9.32319391634981","1.1406844106463878","4.562737642585551","5.7034220532319395","1.1406844106463878","37","3.6503759398496243","7","266","222","9.150375939849624","3.7593984962406015","3.7593984962406015","3.007518796992481","8.270676691729323","37","3.944223107569721","5","251","222","9.442231075697212","2.7888446215139444","5.577689243027889","2.3904382470119523","1.1952191235059761","37","3.711340206185567","4","291","219","9.051546391752577","8.59106529209622","6.8728522336769755","7.560137457044673","4.123711340206185","37","3.8631178707224336","10","263","249","9.35361216730038","3.041825095057034","8.365019011406844","6.844106463878327","6.4638783269961975","37","3.9137254901960783","10","255","204","9.39607843137255","8.627450980392156","3.1372549019607843","4.705882352941177","2.7450980392156863","37","3.825892857142857","9","224","146","9.294642857142858","5.357142857142857","2.6785714285714284","6.696428571428571","9.375","37","3.740875912408759","7","274","213","9.18978102189781","8.75912408759124","7.664233576642336","2.5547445255474455","6.204379562043796","37","3.789090909090909","5","275","216","9.243636363636364","3.6363636363636362","2.1818181818181817","5.454545454545454","3.6363636363636362","37","3.63671875","5","256","252","9.1953125","4.296875","4.296875","1.953125","7.421875"
,"38","4.052044609665428","10","269","200","9.24907063197026","4.83271375464684","8.178438661710038","0.7434944237918215","0","38","4.050179211469534","12","279","213","9.096774193548388","2.867383512544803","4.301075268817204","2.5089605734767026","2.5089605734767026","38","3.970212765957447","13","235","258","9.285106382978723","1.702127659574468","4.25531914893617","3.404255319148936","1.2765957446808511","38","4.029520295202952","6","271","196","9.129151291512915","3.690036900369004","0.7380073800738007","3.321033210332103","5.535055350553505","38","3.9622641509433962","10","265","191","9.373584905660378","1.1320754716981132","0.7547169811320755","5.283018867924528","2.2641509433962264","38","3.9545454545454546","8","242","193","9.148760330578513","2.0661157024793386","0.8264462809917356","4.958677685950414","4.132231404958677","38","4.169172932330827","11","266","232","9.18796992481203","8.646616541353383","2.6315789473684212","8.270676691729323","4.135338345864661","38","4.003787878787879","8","264","219","9.075757575757576","3.0303030303030303","0.3787878787878788","4.545454545454546","7.575757575757576","38","4.079245283018868","13","265","203","9.30566037735849","5.283018867924528","2.641509433962264","3.018867924528302","5.283018867924528","38","4.049618320610687","10","262","189","9.198473282442748","4.580152671755725","2.2900763358778624","1.5267175572519085","4.961832061068702","38","3.972332015810277","11","253","271","9.24110671936759","1.5810276679841897","1.976284584980237","3.5573122529644268","2.3715415019762847","38","3.9523809523809526","13","231","242","9.367965367965368","3.0303030303030303","3.896103896103896","6.0606060606060606","2.1645021645021645","38","4.016528925619835","5","242","171","9.355371900826446","3.3057851239669422","0.8264462809917356","4.545454545454546","0.8264462809917356","38","3.993006993006993","14","286","212","9.265734265734265","5.594405594405594","0.6993006993006993","0","1.3986013986013985","38","4","10","245","249","9.151020408163266","3.673469387755102","1.2244897959183674","2.4489795918367347","3.2653061224489797","38","4.0042918454935625","10","233","223","9.124463519313304","4.721030042918455","3.8626609442060085","2.1459227467811157","1.7167381974248928","38","4.00398406374502","10","251","242","9.322709163346614","0.796812749003984","4.780876494023905","3.187250996015936","0","38","3.985239852398524","8","271","196","9.166051660516604","2.2140221402214024","2.2140221402214024","2.952029520295203","1.1070110701107012","38","4.04074074074074","10","270","183","9.074074074074074","3.3333333333333335","2.962962962962963","5.185185185185185","3.7037037037037037","38","3.9875","5","240","185","9.133333333333333","2.5","2.5","4.583333333333333","0.4166666666666667","38","4.022988505747127","6","261","164","9.31800766283525","0","2.681992337164751","3.4482758620689653","0.7662835249042146","38","4.003773584905661","8","265","222","9.10943396226415","2.2641509433962264","2.2641509433962264","1.8867924528301887","4.90566037735849","38","4.059760956175299","5","251","222","9.442231075697212","1.9920318725099602","5.577689243027889","1.9920318725099602","1.1952191235059761","38","4.103092783505154","4","291","219","9.051546391752577","7.903780068728523","4.123711340206185","4.810996563573883","2.0618556701030926","38","4.061068702290076","10","262","249","9.34351145038168","2.2900763358778624","7.251908396946565","5.343511450381679","4.198473282442748","38","4.070866141732283","10","254","204","9.354330708661417","8.26771653543307","1.968503937007874","4.724409448818897","2.7559055118110236","38","4.0675675675675675","9","222","146","9.207207207207206","4.504504504504505","0.9009009009009009","6.306306306306307","7.657657657657658","38","4.091240875912408","7","274","213","9.18978102189781","4.744525547445256","4.744525547445256","2.18978102189781","4.014598540145985","38","4.0618181818181816","5","275","216","9.243636363636364","2.1818181818181817","2.1818181818181817","5.090909090909091","2.5454545454545454","38","3.9647058823529413","5","255","252","9.16078431372549","3.5294117647058822","1.5686274509803921","0","3.9215686274509802"
,"39","4.048872180451128","12","266","200","9.12781954887218","4.511278195488722","8.270676691729323","0.7518796992481203","0","39","4.050179211469534","12","279","213","9.096774193548388","2.867383512544803","4.659498207885305","1.7921146953405018","2.867383512544803","39","3.9574468085106385","13","235","258","9.285106382978723","1.702127659574468","3.8297872340425534","2.978723404255319","0.851063829787234","39","4.014814814814815","6","270","196","9.088888888888889","3.7037037037037037","0.7407407407407407","2.5925925925925926","5.185185185185185","39","3.969811320754717","10","265","191","9.373584905660378","1.1320754716981132","0.7547169811320755","5.283018867924528","2.2641509433962264","39","3.958677685950413","8","242","193","9.148760330578513","2.0661157024793386","0.8264462809917356","4.958677685950414","4.132231404958677","39","4.151515151515151","11","264","232","9.106060606060606","8.712121212121213","2.272727272727273","7.954545454545454","2.272727272727273","39","4.037878787878788","8","264","219","9.075757575757576","3.0303030303030303","0.7575757575757576","4.924242424242424","7.954545454545454","39","4.0754716981132075","13","265","203","9.30566037735849","5.283018867924528","2.2641509433962264","2.641509433962264","5.283018867924528","39","4.053639846743295","10","261","189","9.157088122605364","4.597701149425287","2.2988505747126435","1.5325670498084292","4.597701149425287","39","3.9801587301587302","11","252","271","9.198412698412698","1.1904761904761905","1.9841269841269842","3.5714285714285716","2.380952380952381","39","3.9563318777292578","14","229","242","9.275109170305678","3.056768558951965","3.930131004366812","6.11353711790393","2.183406113537118","39","4.020661157024794","5","242","171","9.355371900826446","3.3057851239669422","0.8264462809917356","4.545454545454546","0.8264462809917356","39","3.993006993006993","14","286","212","9.265734265734265","5.944055944055944","0.34965034965034963","0","1.3986013986013985","39","4.016326530612245","10","245","249","9.151020408163266","3.673469387755102","1.2244897959183674","2.857142857142857","3.2653061224489797","39","4.004310344827586","10","232","223","9.094827586206897","4.310344827586207","3.4482758620689653","2.1551724137931036","1.7241379310344827","39","4.00398406374502","10","251","242","9.322709163346614","0.796812749003984","4.780876494023905","3.187250996015936","0","39","3.981549815498155","8","271","196","9.166051660516604","2.2140221402214024","1.4760147601476015","3.321033210332103","0.7380073800738007","39","4.048148148148148","10","270","183","9.074074074074074","3.3333333333333335","2.962962962962963","5.185185185185185","3.7037037037037037","39","3.9873949579831933","5","238","185","9.100840336134453","2.100840336134454","2.5210084033613445","4.621848739495798","0.8403361344537815","39","4.030651340996169","6","261","164","9.31800766283525","0","2.681992337164751","3.4482758620689653","0.7662835249042146","39","3.9924528301886792","8","265","222","9.10943396226415","1.509433962264151","1.509433962264151","2.2641509433962264","5.283018867924528","39","4.06","5","250","222","9.4","2","5.6","2","1.2","39","4.117647058823529","4","289","219","9.024221453287197","7.958477508650519","4.1522491349480966","5.190311418685121","2.0761245674740483","39","4.064885496183206","10","262","249","9.34351145038168","2.2900763358778624","7.633587786259542","4.961832061068702","4.198473282442748","39","4.066929133858268","10","254","204","9.354330708661417","7.874015748031496","1.5748031496062993","4.330708661417323","2.7559055118110236","39","4.076576576576577","9","222","146","9.207207207207206","4.504504504504505","0.9009009009009009","6.756756756756757","7.657657657657658","39","4.08029197080292","7","274","213","9.18978102189781","4.744525547445256","4.744525547445256","0.7299270072992701","4.37956204379562","39","4.054744525547445","5","274","216","9.211678832116789","2.18978102189781","1.4598540145985401","4.744525547445256","2.18978102189781","39","3.9645669291338583","5","254","252","9.149606299212598","3.543307086614173","1.5748031496062993","0","3.937007874015748"
,"40","4.0458015267175576","13","262","219","9.106870229007633","4.198473282442748","8.396946564885496","0.7633587786259542","0","40","4.050179211469534","12","279","231","9.225806451612904","2.867383512544803","4.301075268817204","1.7921146953405018","2.5089605734767026","40","3.956896551724138","13","232","272","9.267241379310345","1.7241379310344827","3.8793103448275863","3.0172413793103448","0.8620689655172413","40","4.018587360594796","6","269","205","9.144981412639405","3.717472118959108","0.7434944237918215","2.2304832713754648","5.204460966542751","40","3.9660377358490564","10","265","197","9.418867924528302","1.1320754716981132","0.7547169811320755","5.283018867924528","2.2641509433962264","40","3.9545454545454546","8","242","205","9.24793388429752","2.0661157024793386","0.8264462809917356","4.958677685950414","3.3057851239669422","40","4.1477272727272725","11","264","251","9.25","8.712121212121213","2.272727272727273","7.954545454545454","1.893939393939394","40","4.026515151515151","8","264","242","9.25","3.0303030303030303","0","4.545454545454546","7.954545454545454","40","4.076045627376426","13","263","207","9.254752851711027","5.32319391634981","2.2813688212927756","2.661596958174905","4.942965779467681","40","4.049808429118774","10","261","211","9.32567049808429","4.597701149425287","2.2988505747126435","1.5325670498084292","4.597701149425287","40","3.9801587301587302","11","252","290","9.34920634920635","1.1904761904761905","1.9841269841269842","3.5714285714285716","2.380952380952381","40","3.9555555555555557","15","225","256","9.235555555555555","3.111111111111111","4","6.222222222222222","2.2222222222222223","40","4.020746887966805","5","241","176","9.352697095435685","3.319502074688797","0.8298755186721992","4.564315352697095","0.8298755186721992","40","3.9965034965034967","14","286","229","9.384615384615385","5.944055944055944","0.6993006993006993","0","1.3986013986013985","40","4.016393442622951","11","244","265","9.237704918032787","3.6885245901639343","1.2295081967213115","2.8688524590163933","3.278688524590164","40","4.004329004329004","10","231","235","9.194805194805195","4.329004329004329","3.463203463203463","2.1645021645021645","1.7316017316017316","40","4.004","10","250","251","9.36","0.8","4.8","3.2","0","40","3.988888888888889","9","270","203","9.177777777777777","2.2222222222222223","1.4814814814814814","3.3333333333333335","0.7407407407407407","40","4.048148148148148","10","270","200","9.2","3.7037037037037037","2.962962962962963","5.185185185185185","3.7037037037037037","40","3.962025316455696","5","237","200","9.181434599156118","1.6877637130801688","2.5316455696202533","3.3755274261603376","0","40","4.022988505747127","6","261","174","9.39463601532567","0","2.681992337164751","3.0651340996168583","0.7662835249042146","40","3.981132075471698","8","265","236","9.215094339622642","1.509433962264151","1.509433962264151","1.509433962264151","4.90566037735849","40","4.0602409638554215","5","249","229","9.429718875502008","2.0080321285140563","5.622489959839357","2.0080321285140563","1.2048192771084338","40","4.117647058823529","4","289","241","9.176470588235293","7.958477508650519","4.1522491349480966","4.844290657439446","2.0761245674740483","40","4.068965517241379","10","261","261","9.39463601532567","2.2988505747126435","7.662835249042145","4.980842911877395","4.21455938697318","40","4.055335968379446","11","253","214","9.391304347826088","7.509881422924901","1.5810276679841897","3.952569169960474","2.766798418972332","40","4.076923076923077","9","221","160","9.30316742081448","4.524886877828054","0.9049773755656109","5.882352941176471","7.6923076923076925","40","4.076923076923077","7","273","222","9.216117216117215","4.761904761904762","4.761904761904762","0.7326007326007326","4.029304029304029","40","4.0583941605839415","5","274","224","9.27007299270073","2.18978102189781","1.4598540145985401","5.109489051094891","2.18978102189781","40","3.964426877470356","5","253","270","9.24901185770751","3.5573122529644268","1.5810276679841897","0","3.952569169960474"
,"41","4.045977011494253","13","261","219","9.10344827586207","4.21455938697318","8.42911877394636","0.7662835249042146","0","41","4.050179211469534","12","279","231","9.225806451612904","2.867383512544803","4.301075268817204","1.7921146953405018","2.867383512544803","41","3.9565217391304346","13","230","272","9.217391304347826","1.7391304347826086","3.9130434782608696","3.0434782608695654","0.8695652173913043","41","4.011152416356877","6","269","205","9.144981412639405","3.717472118959108","0.7434944237918215","2.2304832713754648","5.204460966542751","41","3.9696969696969697","11","264","197","9.378787878787879","1.1363636363636365","0.7575757575757576","5.303030303030303","2.272727272727273","41","3.950413223140496","8","242","205","9.24793388429752","2.0661157024793386","0.8264462809917356","4.958677685950414","3.3057851239669422","41","4.151162790697675","14","258","251","9.015503875968992","8.914728682170542","2.3255813953488373","7.751937984496124","1.937984496124031","41","4.03030303030303","8","264","242","9.25","3.0303030303030303","0","4.545454545454546","8.333333333333334","41","4.091603053435114","13","262","207","9.213740458015268","5.7251908396946565","2.2900763358778624","2.6717557251908395","4.961832061068702","41","4.053639846743295","10","261","211","9.32567049808429","4.597701149425287","2.2988505747126435","1.5325670498084292","4.597701149425287","41","3.9801587301587302","11","252","290","9.34920634920635","1.1904761904761905","1.9841269841269842","3.5714285714285716","2.380952380952381","41","3.9555555555555557","15","225","256","9.235555555555555","3.111111111111111","4","6.222222222222222","2.2222222222222223","41","4.020746887966805","5","241","176","9.352697095435685","3.319502074688797","0.8298755186721992","4.564315352697095","0.8298755186721992","41","3.98943661971831","14","284","229","9.345070422535212","5.985915492957746","0.352112676056338","0","1.408450704225352","41","4.016393442622951","11","244","265","9.237704918032787","3.6885245901639343","1.2295081967213115","2.8688524590163933","3.278688524590164","41","4.004347826086956","10","230","235","9.156521739130435","4.3478260869565215","3.4782608695652173","2.1739130434782608","1.7391304347826086","41","4.004032258064516","10","248","251","9.306451612903226","0.8064516129032258","4.838709677419355","3.225806451612903","0","41","3.9851851851851854","9","270","203","9.177777777777777","2.2222222222222223","1.4814814814814814","3.3333333333333335","0.7407407407407407","41","4.044609665427509","10","269","200","9.159851301115241","3.345724907063197","2.973977695167286","5.204460966542751","3.717472118959108","41","3.962025316455696","5","237","200","9.181434599156118","1.6877637130801688","2.5316455696202533","3.3755274261603376","0","41","4.022988505747127","6","261","174","9.39463601532567","0","2.681992337164751","3.0651340996168583","0.7662835249042146","41","3.980916030534351","8","262","236","9.091603053435115","1.5267175572519085","1.5267175572519085","1.5267175572519085","5.343511450381679","41","4.056451612903226","5","248","229","9.387096774193548","1.6129032258064515","5.645161290322581","2.0161290322580645","1.2096774193548387","41","4.118055555555555","5","288","241","9.13888888888889","7.986111111111111","4.166666666666667","4.861111111111111","2.0833333333333335","41","4.065134099616858","10","261","261","9.39463601532567","2.2988505747126435","7.662835249042145","4.980842911877395","4.21455938697318","41","4.063745019920319","11","251","214","9.306772908366534","7.569721115537849","1.593625498007968","3.9840637450199203","2.7888446215139444","41","4.081447963800905","9","221","160","9.30316742081448","4.524886877828054","0.9049773755656109","5.429864253393665","7.6923076923076925","41","4.077205882352941","7","272","222","9.176470588235293","4.779411764705882","4.779411764705882","0.7352941176470589","4.044117647058823","41","4.0583941605839415","5","274","224","9.27007299270073","2.18978102189781","1.8248175182481752","4.744525547445256","2.18978102189781","41","3.9682539682539684","5","252","270","9.206349206349206","3.9682539682539684","1.5873015873015872","0","3.9682539682539684"
,"42","4.046153846153846","13","260","219","9.061538461538461","4.230769230769231","8.461538461538462","0.7692307692307693","0","42","4.050541516245487","13","277","231","9.155234657039712","2.888086642599278","4.332129963898917","1.8050541516245486","2.527075812274368","42","3.9517543859649122","14","228","272","9.12280701754386","1.7543859649122806","3.9473684210526314","2.6315789473684212","0.8771929824561403","42","4.018587360594796","6","269","205","9.144981412639405","3.717472118959108","0.7434944237918215","2.2304832713754648","5.204460966542751","42","3.965909090909091","11","264","197","9.378787878787879","1.1363636363636365","0.7575757575757576","5.303030303030303","2.272727272727273","42","3.9545454545454546","8","242","205","9.24793388429752","2.0661157024793386","0.8264462809917356","4.958677685950414","3.3057851239669422","42","4.151750972762646","15","257","251","8.972762645914397","8.949416342412452","2.3346303501945527","7.392996108949417","1.9455252918287937","42","4.026717557251908","8","262","242","9.16793893129771","3.053435114503817","0","4.580152671755725","8.01526717557252","42","4.091603053435114","13","262","207","9.213740458015268","5.343511450381679","2.2900763358778624","2.6717557251908395","5.343511450381679","42","4.049808429118774","10","261","211","9.32567049808429","4.597701149425287","2.2988505747126435","1.5325670498084292","4.597701149425287","42","3.9800796812749004","12","251","290","9.306772908366534","1.1952191235059761","1.9920318725099602","3.585657370517928","2.3904382470119523","42","3.9555555555555557","15","225","256","9.235555555555555","3.111111111111111","4","6.222222222222222","2.2222222222222223","42","4.020746887966805","5","241","176","9.352697095435685","3.319502074688797","0.8298755186721992","4.564315352697095","0.8298755186721992","42","3.9964664310954063","14","283","229","9.307420494699647","6.007067137809187","0.7067137809187279","0","1.4134275618374559","42","4.016528925619835","11","242","265","9.148760330578513","3.71900826446281","1.2396694214876034","2.8925619834710745","3.3057851239669422","42","4.004347826086956","10","230","235","9.156521739130435","4.3478260869565215","3.4782608695652173","2.1739130434782608","1.7391304347826086","42","4.004032258064516","10","248","251","9.306451612903226","0.8064516129032258","4.838709677419355","3.225806451612903","0","42","3.9888475836431225","9","269","203","9.137546468401487","2.2304832713754648","1.486988847583643","3.345724907063197","0.7434944237918215","42","4.044776119402985","10","268","200","9.171641791044776","3.3582089552238807","2.985074626865672","5.223880597014926","3.7313432835820897","42","3.96137339055794","5","233","200","9.030042918454935","1.7167381974248928","2.1459227467811157","3.4334763948497855","0","42","4.027027027027027","6","259","174","9.32046332046332","0","2.7027027027027026","3.088803088803089","0.7722007722007722","42","3.980916030534351","8","262","236","9.091603053435115","1.5267175572519085","1.5267175572519085","1.5267175572519085","4.961832061068702","42","4.05668016194332","6","247","229","9.34412955465587","1.6194331983805668","5.668016194331984","2.0242914979757085","1.214574898785425","42","4.118055555555555","5","288","241","9.13888888888889","7.986111111111111","4.166666666666667","4.861111111111111","2.0833333333333335","42","4.073359073359073","11","259","261","9.312741312741313","2.3166023166023164","8.108108108108109","5.019305019305019","4.2471042471042475","42","4.056","11","250","214","9.264","7.6","1.6","3.2","2.8","42","4.081447963800905","9","221","160","9.30316742081448","4.524886877828054","0.9049773755656109","5.429864253393665","7.6923076923076925","42","4.07380073800738","8","271","222","9.136531365313653","4.428044280442805","4.797047970479705","0.7380073800738007","4.059040590405904","42","4.062271062271062","5","273","224","9.23076923076923","2.197802197802198","1.8315018315018314","5.128205128205129","2.197802197802198","42","3.9641434262948207","6","251","270","9.163346613545817","3.585657370517928","1.593625498007968","0","3.9840637450199203"
,"43","4.046332046332046","13","259","244","9.212355212355213","4.2471042471042475","8.494208494208495","0.7722007722007722","0","43","4.050724637681159","13","276","247","9.231884057971014","2.898550724637681","4.3478260869565215","1.8115942028985508","2.898550724637681","43","3.9517543859649122","14","228","298","9.350877192982455","1.7543859649122806","3.9473684210526314","2.6315789473684212","0.8771929824561403","43","4.011152416356877","6","269","215","9.219330855018587","3.717472118959108","0.7434944237918215","2.2304832713754648","5.204460966542751","43","3.973384030418251","11","263","207","9.414448669201521","1.1406844106463878","0.7604562737642585","5.32319391634981","2.2813688212927756","43","3.9502074688796682","9","241","210","9.244813278008298","2.074688796680498","0.8298755186721992","4.979253112033195","3.319502074688797","43","4.147859922178989","15","257","281","9.206225680933851","8.560311284046692","2.3346303501945527","7.392996108949417","1.9455252918287937","43","4.026923076923077","10","260","268","9.284615384615385","2.6923076923076925","0","4.615384615384615","8.076923076923077","43","4.088122605363985","13","261","228","9.333333333333334","5.363984674329502","2.2988505747126435","2.681992337164751","4.980842911877395","43","4.053846153846154","11","260","226","9.4","4.615384615384615","2.3076923076923075","1.5384615384615385","4.615384615384615","43","3.98","12","250","299","9.336","1.2","2","3.6","2.4","43","3.9551569506726456","16","223","275","9.318385650224215","3.1390134529147984","4.0358744394618835","6.278026905829597","2.242152466367713","43","4.020746887966805","5","241","185","9.427385892116183","3.319502074688797","0.8298755186721992","4.564315352697095","0.8298755186721992","43","3.9893617021276597","14","282","244","9.375886524822695","6.382978723404255","0","0","1.4184397163120568","43","4.016528925619835","11","242","290","9.355371900826446","3.71900826446281","1.2396694214876034","2.8925619834710745","3.3057851239669422","43","4.0131578947368425","10","228","246","9.201754385964913","4.385964912280702","3.508771929824561","2.192982456140351","1.7543859649122806","43","4.004032258064516","10","248","256","9.346774193548388","0.8064516129032258","4.838709677419355","3.225806451612903","0","43","3.973977695167286","9","269","216","9.234200743494425","2.2304832713754648","0.7434944237918215","3.345724907063197","0.7434944237918215","43","4.045112781954887","10","266","210","9.180451127819548","3.3834586466165413","3.007518796992481","5.2631578947368425","3.7593984962406015","43","3.961206896551724","6","232","219","9.14655172413793","1.7241379310344827","1.7241379310344827","3.4482758620689653","0","43","4.031128404669261","6","257","181","9.346303501945526","0","3.11284046692607","3.11284046692607","0.7782101167315175","43","3.9845559845559846","8","259","253","9.150579150579151","1.5444015444015444","1.5444015444015444","1.5444015444015444","5.405405405405405","43","4.05668016194332","6","247","239","9.425101214574898","1.6194331983805668","5.668016194331984","2.0242914979757085","1.214574898785425","43","4.108391608391608","5","286","255","9.20979020979021","7.6923076923076925","3.8461538461538463","4.895104895104895","1.7482517482517483","43","4.065637065637065","11","259","277","9.436293436293436","2.3166023166023164","7.722007722007722","5.019305019305019","4.2471042471042475","43","4.06","11","250","233","9.416","7.6","1.6","3.2","2.8","43","4.081818181818182","9","220","168","9.327272727272728","4.545454545454546","0.9090909090909091","5.454545454545454","7.7272727272727275","43","4.07380073800738","8","271","236","9.239852398523984","4.428044280442805","4.797047970479705","0.7380073800738007","4.059040590405904","43","4.058608058608058","5","273","240","9.347985347985349","2.197802197802198","1.8315018315018314","4.761904761904762","2.197802197802198","43","3.9681274900398407","6","251","289","9.314741035856574","3.9840637450199203","1.593625498007968","0","3.9840637450199203"
,"44","4.046511627906977","13","258","244","9.170542635658915","4.263565891472868","8.527131782945736","0.7751937984496124","0","44","4.054347826086956","13","276","247","9.231884057971014","2.898550724637681","4.3478260869565215","1.8115942028985508","2.898550724637681","44","3.951541850220264","14","227","298","9.30396475770925","1.7621145374449338","3.9647577092511015","2.643171806167401","0.8810572687224669","44","4.018656716417911","7","268","215","9.17910447761194","3.7313432835820897","0.746268656716418","2.2388059701492535","5.223880597014926","44","3.969465648854962","11","262","207","9.374045801526718","1.1450381679389312","0.7633587786259542","5.343511450381679","2.2900763358778624","44","3.9541666666666666","9","240","210","9.208333333333334","2.0833333333333335","0.8333333333333334","5","3.3333333333333335","44","4.1484375","16","256","281","9.1640625","8.59375","2.34375","7.421875","1.953125","44","4.027027027027027","10","259","268","9.243243243243244","2.3166023166023164","0","4.633204633204633","8.108108108108109","44","4.088461538461538","14","260","228","9.292307692307693","5.384615384615385","2.3076923076923075","2.6923076923076925","5","44","4.0505836575875485","11","257","226","9.27626459143969","4.669260700389105","2.3346303501945527","1.556420233463035","4.669260700389105","44","3.98","12","250","299","9.336","1.2","2","3.6","2.4","44","3.954954954954955","17","222","275","9.27027027027027","3.1531531531531534","4.054054054054054","6.306306306306307","2.2522522522522523","44","4.020746887966805","5","241","185","9.427385892116183","3.319502074688797","0.8298755186721992","4.564315352697095","0.8298755186721992","44","3.9858156028368796","14","282","244","9.375886524822695","6.028368794326241","0","0","1.4184397163120568","44","4.016528925619835","11","242","290","9.355371900826446","3.71900826446281","1.2396694214876034","2.8925619834710745","3.3057851239669422","44","4.0131578947368425","10","228","246","9.201754385964913","4.385964912280702","3.508771929824561","2.192982456140351","1.7543859649122806","44","4.004081632653061","11","245","256","9.224489795918368","0.8163265306122449","4.8979591836734695","3.2653061224489797","0","44","3.9813432835820897","9","268","216","9.194029850746269","2.2388059701492535","0.746268656716418","3.3582089552238807","0.746268656716418","44","4.041353383458647","10","266","210","9.180451127819548","3.3834586466165413","3.007518796992481","5.2631578947368425","3.7593984962406015","44","3.961038961038961","6","231","219","9.0995670995671","1.7316017316017316","1.7316017316017316","3.463203463203463","0","44","4.027237354085603","6","257","181","9.346303501945526","0","2.7237354085603114","3.11284046692607","0.7782101167315175","44","3.9922779922779923","8","259","253","9.150579150579151","1.5444015444015444","1.5444015444015444","1.5444015444015444","5.405405405405405","44","4.05668016194332","6","247","239","9.425101214574898","1.6194331983805668","5.668016194331984","2.0242914979757085","1.214574898785425","44","4.091872791519434","7","283","255","9.109540636042404","7.067137809187279","3.1802120141342756","4.946996466431095","1.4134275618374559","44","4.073929961089494","12","257","277","9.354085603112841","2.3346303501945527","7.782101167315175","5.058365758754864","4.280155642023346","44","4.056","11","250","233","9.416","7.6","1.6","3.2","2.8","44","4.082191780821918","9","219","168","9.278538812785389","4.566210045662101","0.91324200913242","5.47945205479452","7.762557077625571","44","4.074074074074074","8","270","236","9.244444444444444","4.444444444444445","4.814814814814815","0.7407407407407407","4.074074074074074","44","4.058608058608058","5","273","240","9.347985347985349","2.197802197802198","1.8315018315018314","4.761904761904762","2.197802197802198","44","3.9681274900398407","6","251","289","9.314741035856574","3.9840637450199203","1.593625498007968","0","3.9840637450199203"
,"45","4.046692607003891","14","257","244","9.136186770428015","4.280155642023346","8.560311284046692","0.7782101167315175","0","45","4.054744525547445","13","274","247","9.153284671532846","2.9197080291970803","4.37956204379562","1.8248175182481752","2.9197080291970803","45","3.951541850220264","14","227","298","9.30396475770925","1.7621145374449338","3.9647577092511015","2.643171806167401","0.8810572687224669","45","4.0111940298507465","7","268","215","9.17910447761194","3.7313432835820897","0.746268656716418","2.2388059701492535","5.223880597014926","45","3.9732824427480917","11","262","207","9.374045801526718","1.1450381679389312","0.7633587786259542","5.343511450381679","2.2900763358778624","45","3.9497907949790796","10","239","210","9.163179916317992","2.092050209205021","0.8368200836820083","5.02092050209205","3.3472803347280333","45","4.149019607843138","17","255","281","9.12156862745098","8.627450980392156","2.3529411764705883","7.450980392156863","1.9607843137254901","45","4.027027027027027","10","259","268","9.243243243243244","2.3166023166023164","0","4.633204633204633","8.108108108108109","45","4.0852713178294575","14","258","228","9.209302325581396","5.426356589147287","2.3255813953488373","2.7131782945736433","4.651162790697675","45","4.054474708171206","11","257","226","9.27626459143969","4.669260700389105","2.3346303501945527","1.556420233463035","4.669260700389105","45","3.975609756097561","16","246","299","9.16260162601626","0.8130081300813008","2.032520325203252","3.658536585365854","2.4390243902439024","45","3.958904109589041","17","219","275","9.132420091324201","3.1963470319634704","4.109589041095891","6.392694063926941","2.2831050228310503","45","4.016806722689076","7","238","185","9.302521008403362","2.9411764705882355","0.8403361344537815","4.621848739495798","0.8403361344537815","45","3.9857142857142858","14","280","244","9.307142857142857","6.071428571428571","0","0","1.4285714285714286","45","4.016597510373444","11","241","290","9.311203319502075","3.7344398340248963","1.2448132780082988","2.904564315352697","3.319502074688797","45","4.008810572687224","10","227","246","9.215859030837004","3.9647577092511015","3.5242290748898677","2.202643171806167","1.7621145374449338","45","4.004115226337449","12","243","256","9.1440329218107","0.823045267489712","4.938271604938271","3.292181069958848","0","45","3.9737827715355807","9","267","216","9.153558052434457","2.247191011235955","0.7490636704119851","3.3707865168539324","0.7490636704119851","45","4.0452830188679245","11","265","210","9.139622641509433","3.3962264150943398","3.018867924528302","5.283018867924528","3.7735849056603774","45","3.961038961038961","6","231","219","9.0995670995671","1.7316017316017316","1.7316017316017316","3.463203463203463","0","45","4.027237354085603","6","257","181","9.346303501945526","0","2.7237354085603114","3.11284046692607","0.7782101167315175","45","3.9845559845559846","8","259","253","9.150579150579151","1.5444015444015444","1.5444015444015444","1.5444015444015444","5.405405405405405","45","4.0528455284552845","6","246","239","9.382113821138212","1.6260162601626016","5.691056910569106","1.6260162601626016","1.2195121951219512","45","4.091872791519434","7","283","255","9.109540636042404","7.067137809187279","3.1802120141342756","4.946996466431095","1.4134275618374559","45","4.073929961089494","12","257","277","9.354085603112841","2.3346303501945527","7.782101167315175","5.058365758754864","4.280155642023346","45","4.06","11","250","233","9.416","7.6","1.6","3.2","2.8","45","4.08256880733945","9","218","168","9.229357798165138","4.587155963302752","0.9174311926605505","5.504587155963303","7.798165137614679","45","4.074074074074074","8","270","236","9.244444444444444","4.444444444444445","4.814814814814815","0.7407407407407407","4.074074074074074","45","4.0588235294117645","5","272","240","9.308823529411764","2.2058823529411766","1.838235294117647","4.779411764705882","2.2058823529411766","45","3.9681274900398407","6","251","289","9.314741035856574","3.9840637450199203","1.593625498007968","0","3.9840637450199203"
,"46","4.046875","14","256","275","9.3359375","4.296875","8.59375","0.78125","0","46","4.058608058608058","13","273","269","9.274725274725276","2.93040293040293","4.395604395604396","1.8315018315018314","2.93040293040293","46","3.951541850220264","14","227","310","9.409691629955947","1.7621145374449338","3.9647577092511015","2.643171806167401","0.8810572687224669","46","4.018656716417911","7","268","229","9.283582089552239","3.7313432835820897","0.746268656716418","2.2388059701492535","5.223880597014926","46","3.969465648854962","11","262","216","9.442748091603054","1.1450381679389312","0.7633587786259542","5.343511450381679","2.2900763358778624","46","3.9574468085106385","11","235","224","9.12340425531915","2.127659574468085","0.851063829787234","5.1063829787234045","2.978723404255319","46","4.1568627450980395","17","255","298","9.254901960784315","8.627450980392156","2.3529411764705883","8.235294117647058","1.9607843137254901","46","4.027027027027027","10","259","293","9.436293436293436","2.3166023166023164","0","4.633204633204633","8.108108108108109","46","4.089147286821706","14","258","249","9.372093023255815","5.426356589147287","2.3255813953488373","2.7131782945736433","5.038759689922481","46","4.05078125","11","256","250","9.421875","4.6875","2.34375","1.5625","4.6875","46","3.975609756097561","16","246","326","9.382113821138212","0.8130081300813008","2.032520325203252","3.658536585365854","2.4390243902439024","46","3.958715596330275","17","218","309","9.403669724770642","3.2110091743119265","4.128440366972477","6.422018348623853","2.293577981651376","46","4.012711864406779","7","236","205","9.44915254237288","2.542372881355932","0.847457627118644","4.661016949152542","0.847457627118644","46","3.9892857142857143","14","280","264","9.45","6.428571428571429","0","0","1.4285714285714286","46","4.016666666666667","11","240","305","9.4","3.75","1.25","2.9166666666666665","3.3333333333333335","46","4.004444444444444","10","225","261","9.253333333333334","3.5555555555555554","3.5555555555555554","2.2222222222222223","1.7777777777777777","46","4.0041322314049586","12","242","279","9.289256198347108","0.8264462809917356","4.958677685950414","3.3057851239669422","0","46","3.9812734082397006","9","267","231","9.265917602996256","2.247191011235955","0.7490636704119851","3.3707865168539324","0.7490636704119851","46","4.041666666666667","12","264","232","9.265151515151516","3.409090909090909","3.0303030303030303","5.303030303030303","3.787878787878788","46","3.9608695652173913","6","230","241","9.252173913043478","1.7391304347826086","1.7391304347826086","3.4782608695652173","0","46","4.027237354085603","6","257","193","9.439688715953308","0","2.7237354085603114","3.11284046692607","0.7782101167315175","46","3.9922779922779923","8","259","269","9.274131274131275","1.5444015444015444","1.5444015444015444","1.5444015444015444","5.405405405405405","46","4.049180327868853","7","244","253","9.40983606557377","1.639344262295082","5.737704918032787","1.2295081967213115","1.2295081967213115","46","4.092198581560283","8","282","273","9.198581560283689","7.092198581560283","3.1914893617021276","4.964539007092198","1.4184397163120568","46","4.0859375","13","256","284","9.3671875","2.34375","8.203125","5.078125","4.296875","46","4.056451612903226","11","248","245","9.435483870967742","7.661290322580645","1.6129032258064515","3.225806451612903","2.8225806451612905","46","4.08256880733945","9","218","177","9.311926605504587","4.587155963302752","0.9174311926605505","5.504587155963303","7.798165137614679","46","4.074074074074074","8","270","241","9.281481481481482","4.444444444444445","4.814814814814815","0.7407407407407407","4.074074074074074","46","4.0661764705882355","5","272","251","9.389705882352942","2.2058823529411766","2.573529411764706","4.779411764705882","2.2058823529411766","46","3.963855421686747","7","249","295","9.27710843373494","4.016064257028113","1.606425702811245","0","3.6144578313253013"
,"47","4.047244094488189","14","254","275","9.26771653543307","4.330708661417323","8.661417322834646","0.7874015748031497","0","47","4.055147058823529","14","272","269","9.235294117647058","2.9411764705882355","4.411764705882353","1.838235294117647","2.9411764705882355","47","3.950892857142857","15","224","310","9.3125","1.7857142857142858","4.017857142857143","2.6785714285714284","0.8928571428571429","47","4.01123595505618","7","267","229","9.250936329588015","3.745318352059925","0.7490636704119851","2.247191011235955","5.2434456928838955","47","3.9731800766283527","12","261","216","9.402298850574713","1.1494252873563218","0.7662835249042146","5.363984674329502","2.2988505747126435","47","3.9570815450643777","12","233","224","9.03862660944206","2.1459227467811157","0.8583690987124464","5.150214592274678","3.004291845493562","47","4.15748031496063","18","254","298","9.21259842519685","8.661417322834646","2.3622047244094486","7.874015748031496","1.968503937007874","47","4.0271317829457365","10","258","293","9.395348837209303","2.3255813953488373","0","4.651162790697675","8.13953488372093","47","4.081712062256809","14","257","249","9.346303501945526","5.447470817120623","2.3346303501945527","2.7237354085603114","4.280155642023346","47","4.0546875","11","256","250","9.421875","4.6875","2.34375","1.5625","4.6875","47","3.975609756097561","16","246","326","9.382113821138212","0.8130081300813008","2.032520325203252","3.658536585365854","2.4390243902439024","47","3.953917050691244","18","217","309","9.35483870967742","3.225806451612903","3.686635944700461","6.451612903225806","2.304147465437788","47","4.012765957446809","7","235","205","9.404255319148936","2.5531914893617023","0.851063829787234","4.680851063829787","0.851063829787234","47","3.985611510791367","15","278","264","9.37410071942446","6.115107913669065","0","0","1.4388489208633093","47","4.02092050209205","11","239","305","9.355648535564853","3.7656903765690375","1.2552301255230125","2.928870292887029","3.3472803347280333","47","4","10","224","261","9.267857142857142","3.5714285714285716","3.125","2.232142857142857","1.7857142857142858","47","4.0041322314049586","12","242","279","9.289256198347108","0.8264462809917356","4.958677685950414","3.3057851239669422","0","47","3.973684210526316","9","266","231","9.225563909774436","2.255639097744361","0.7518796992481203","3.3834586466165413","0.7518796992481203","47","4.0456273764258555","12","263","232","9.224334600760455","3.4220532319391634","3.041825095057034","5.32319391634981","3.802281368821293","47","3.9608695652173913","6","230","241","9.252173913043478","1.7391304347826086","1.7391304347826086","3.4782608695652173","0","47","4.02734375","6","256","193","9.3984375","0","2.734375","3.125","0.78125","47","3.9845559845559846","8","259","269","9.274131274131275","1.5444015444015444","1.5444015444015444","1.5444015444015444","5.405405405405405","47","4.049180327868853","7","244","253","9.40983606557377","1.639344262295082","5.737704918032787","1.2295081967213115","1.2295081967213115","47","4.092526690391459","8","281","273","9.167259786476869","7.117437722419929","3.202846975088968","4.98220640569395","1.4234875444839858","47","4.08984375","13","256","284","9.3671875","2.34375","8.984375","5.078125","4.296875","47","4.060975609756097","11","246","245","9.34959349593496","7.723577235772358","1.6260162601626016","3.252032520325203","2.845528455284553","47","4.082949308755761","9","217","177","9.262672811059907","4.608294930875576","0.9216589861751152","5.529953917050691","7.8341013824884795","47","4.074626865671642","9","268","241","9.223880597014926","4.477611940298507","4.850746268656716","0.746268656716418","4.104477611940299","47","4.059259259259259","6","270","251","9.311111111111112","2.2222222222222223","1.8518518518518519","4.814814814814815","2.2222222222222223","47","3.967871485943775","7","249","295","9.27710843373494","4.016064257028113","1.606425702811245","0","4.016064257028113"
,"48","4.047430830039525","14","253","275","9.233201581027668","4.3478260869565215","8.695652173913043","0.7905138339920948","0","48","4.059040590405904","14","271","269","9.195571955719558","2.952029520295203","4.428044280442805","1.845018450184502","2.952029520295203","48","3.950892857142857","15","224","310","9.3125","1.7857142857142858","4.017857142857143","2.6785714285714284","0.8928571428571429","48","4.018796992481203","8","266","229","9.210526315789474","3.7593984962406015","0.7518796992481203","2.255639097744361","5.2631578947368425","48","3.972972972972973","12","259","216","9.343629343629344","1.1583011583011582","0.7722007722007722","5.405405405405405","2.3166023166023164","48","3.9567099567099566","13","231","224","8.96103896103896","2.1645021645021645","0.8658008658008658","5.194805194805195","3.0303030303030303","48","4.158102766798419","19","253","298","9.1699604743083","8.695652173913043","2.3715415019762847","7.509881422924901","1.976284584980237","48","4.027237354085603","10","257","293","9.354085603112841","2.3346303501945527","0","4.669260700389105","8.171206225680933","48","4.078431372549019","15","255","249","9.262745098039217","5.098039215686274","2.3529411764705883","2.7450980392156863","4.313725490196078","48","4.05078125","11","256","250","9.421875","4.6875","2.34375","1.5625","4.6875","48","3.975510204081633","16","245","326","9.338775510204082","0.8163265306122449","2.0408163265306123","3.673469387755102","2.4489795918367347","48","3.9537037037037037","18","216","309","9.305555555555555","3.240740740740741","3.7037037037037037","6.481481481481482","2.314814814814815","48","4.012765957446809","7","235","205","9.404255319148936","2.5531914893617023","0.851063829787234","4.680851063829787","0.851063829787234","48","3.9855072463768115","16","276","264","9.297101449275363","6.159420289855072","0","0","1.4492753623188406","48","4.02510460251046","11","239","305","9.355648535564853","3.7656903765690375","1.2552301255230125","2.928870292887029","3.3472803347280333","48","4","11","222","261","9.17117117117117","3.6036036036036037","3.1531531531531534","2.2522522522522523","1.8018018018018018","48","4.004166666666666","13","240","279","9.2","0.8333333333333334","5","3.3333333333333335","0","48","3.981060606060606","10","264","231","9.151515151515152","2.272727272727273","0.7575757575757576","3.409090909090909","0.7575757575757576","48","4.042145593869732","12","261","232","9.164750957854405","3.4482758620689653","3.0651340996168583","5.363984674329502","3.8314176245210727","48","3.9608695652173913","6","230","241","9.252173913043478","1.7391304347826086","1.7391304347826086","3.4782608695652173","0","48","4.02734375","6","256","193","9.3984375","0","2.734375","3.125","0.78125","48","3.992248062015504","8","258","269","9.232558139534884","1.550387596899225","1.550387596899225","1.550387596899225","5.426356589147287","48","4.049586776859504","8","242","253","9.322314049586776","1.6528925619834711","5.785123966942149","1.2396694214876034","1.2396694214876034","48","4.092526690391459","8","281","273","9.167259786476869","7.117437722419929","3.202846975088968","4.98220640569395","1.4234875444839858","48","4.09375","13","256","284","9.3671875","2.34375","8.984375","5.078125","4.296875","48","4.057377049180328","12","244","245","9.262295081967213","7.786885245901639","1.639344262295082","3.278688524590164","2.8688524590163933","48","4.083333333333333","10","216","177","9.212962962962964","4.62962962962963","0.9259259259259259","5.555555555555555","7.87037037037037","48","4.074626865671642","9","268","241","9.223880597014926","4.477611940298507","4.850746268656716","0.746268656716418","4.104477611940299","48","4.063670411985019","6","267","251","9.243445692883896","2.247191011235955","2.247191011235955","4.868913857677903","2.247191011235955","48","3.967871485943775","7","249","295","9.27710843373494","4.016064257028113","1.606425702811245","0","4.016064257028113"
,"49","3.7785977859778597","14","271","301","9.22509225092251","5.904059040590406","10.70110701107011","3.321033210332103","3.321033210332103","49","3.9388489208633093","15","278","291","9.381294964028777","3.237410071942446","5.0359712230215825","2.5179856115107913","3.9568345323741005","49","3.6556016597510372","16","241","325","9.236514522821576","3.7344398340248963","7.468879668049793","4.979253112033195","2.904564315352697","49","3.74822695035461","8","282","243","9.24113475177305","6.028368794326241","3.5460992907801416","5.319148936170213","7.446808510638298","49","3.681159420289855","12","276","229","9.27536231884058","3.9855072463768115","1.4492753623188406","5.072463768115942","5.434782608695652","49","3.6706827309236947","13","249","251","9.188755020080322","2.8112449799196786","4.417670682730924","6.42570281124498","4.016064257028113","49","3.7971014492753623","19","276","323","9.195652173913043","10.144927536231885","4.3478260869565215","9.057971014492754","5.072463768115942","49","3.75","10","276","307","9.22463768115942","3.6231884057971016","2.1739130434782608","6.521739130434782","10.507246376811594","49","3.8582089552238807","16","268","269","9.335820895522389","6.343283582089552","3.3582089552238807","2.985074626865672","5.597014925373134","49","3.9022556390977443","11","266","262","9.466165413533835","5.2631578947368425","4.135338345864661","3.3834586466165413","5.639097744360902","49","3.661654135338346","16","266","340","9.135338345864662","2.255639097744361","4.887218045112782","5.639097744360902","3.7593984962406015","49","3.745614035087719","18","228","327","9.359649122807017","3.9473684210526314","5.2631578947368425","7.894736842105263","3.508771929824561","49","3.83265306122449","8","245","218","9.379591836734694","2.857142857142857","1.6326530612244898","6.122448979591836","2.857142857142857","49","3.7542662116040955","16","293","286","9.392491467576791","6.825938566552901","1.3651877133105803","1.3651877133105803","3.0716723549488054","49","3.7315175097276265","12","257","324","9.268482490272374","5.836575875486381","3.8910505836575875","4.669260700389105","5.447470817120623","49","3.6735537190082646","11","242","275","9.239669421487603","6.198347107438017","4.958677685950414","6.198347107438017","5.371900826446281","49","3.6961538461538463","13","260","298","9.261538461538462","2.6923076923076925","7.3076923076923075","4.615384615384615","3.4615384615384617","49","3.8284671532846715","10","274","250","9.313868613138686","3.6496350364963503","2.5547445255474455","4.744525547445256","1.4598540145985401","49","3.7714285714285714","12","280","252","9.185714285714285","5","4.285714285714286","7.142857142857143","6.071428571428571","49","3.711934156378601","7","243","248","9.25925925925926","3.7037037037037037","2.05761316872428","6.995884773662551","3.292181069958848","49","3.7765567765567765","6","273","202","9.179487179487179","2.93040293040293","4.029304029304029","5.86080586080586","3.2967032967032965","49","3.750915750915751","8","273","286","9.28937728937729","2.197802197802198","4.761904761904762","4.029304029304029","7.6923076923076925","49","3.6162361623616235","8","271","273","9.129151291512915","4.428044280442805","8.85608856088561","2.5830258302583027","5.904059040590406","49","3.8456375838926173","9","298","295","9.308724832214764","8.724832214765101","5.369127516778524","5.704697986577181","3.3557046979865772","49","3.9507575757575757","13","264","300","9.431818181818182","3.0303030303030303","9.848484848484848","5.681818181818182","4.924242424242424","49","3.8255813953488373","12","258","272","9.364341085271318","9.689922480620154","2.7131782945736433","5.813953488372093","3.875968992248062","49","3.7850877192982457","11","228","193","9.342105263157896","5.2631578947368425","0.8771929824561403","6.578947368421052","8.771929824561404","49","3.8048780487804876","9","287","252","9.149825783972126","7.317073170731708","6.2717770034843205","1.7421602787456445","6.2717770034843205","49","3.974169741697417","6","271","271","9.549815498154981","3.690036900369004","2.952029520295203","6.642066420664206","2.5830258302583027","49","3.741444866920152","7","263","312","9.368821292775666","6.083650190114068","3.802281368821293","1.520912547528517","5.7034220532319395"
,"50","4.0851851851851855","15","270","301","9.185185185185185","4.074074074074074","10.37037037037037","1.8518518518518519","0.7407407407407407","50","4.0503597122302155","15","278","291","9.381294964028777","2.8776978417266186","4.316546762589928","1.7985611510791366","2.8776978417266186","50","3.9414225941422596","16","239","325","9.146443514644352","1.2552301255230125","3.3472803347280333","1.6736401673640167","0.8368200836820083","50","4.039007092198582","8","282","243","9.24113475177305","4.609929078014185","1.4184397163120568","2.127659574468085","6.382978723404255","50","3.9456521739130435","12","276","229","9.27536231884058","0.7246376811594203","0.36231884057971014","3.9855072463768115","3.260869565217391","50","3.9556451612903225","14","248","251","9.14516129032258","1.6129032258064515","3.629032258064516","4.032258064516129","2.8225806451612905","50","4.13768115942029","19","276","323","9.195652173913043","7.246376811594203","1.4492753623188406","7.971014492753623","2.898550724637681","50","4.007246376811594","10","276","307","9.22463768115942","2.536231884057971","0.36231884057971014","4.3478260869565215","7.971014492753623","50","4.052830188679246","17","265","269","9.215094339622642","4.528301886792453","1.509433962264151","2.641509433962264","2.641509433962264","50","4.090566037735849","11","265","262","9.426415094339623","5.283018867924528","3.018867924528302","2.641509433962264","3.7735849056603774","50","3.9318181818181817","16","264","340","9.121212121212121","0.7575757575757576","1.5151515151515151","3.787878787878788","3.0303030303030303","50","3.9295154185022025","19","227","327","9.312775330396477","3.9647577092511015","4.845814977973569","6.607929515418502","2.202643171806167","50","4.012295081967213","8","244","218","9.336065573770492","2.459016393442623","0.819672131147541","4.508196721311475","0.819672131147541","50","3.979381443298969","16","291","286","9.31958762886598","6.185567010309279","0.3436426116838488","0","0.6872852233676976","50","4.046692607003891","12","257","324","9.268482490272374","5.058365758754864","1.1673151750972763","3.501945525291829","3.8910505836575875","50","4.045454545454546","11","242","275","9.239669421487603","3.3057851239669422","3.3057851239669422","4.958677685950414","2.479338842975207","50","4.003846153846154","13","260","298","9.261538461538462","0.7692307692307693","4.615384615384615","3.076923076923077","1.1538461538461537","50","3.981549815498155","11","271","250","9.195571955719558","2.2140221402214024","0.7380073800738007","4.059040590405904","0.7380073800738007","50","4.007168458781362","13","279","252","9.146953405017921","4.659498207885305","2.867383512544803","5.017921146953405","4.301075268817204","50","3.9917355371900825","7","242","248","9.214876033057852","1.6528925619834711","1.6528925619834711","4.132231404958677","1.6528925619834711","50","4.047794117647059","6","272","202","9.139705882352942","1.4705882352941178","2.573529411764706","4.044117647058823","1.1029411764705883","50","4.010989010989011","8","273","286","9.28937728937729","2.197802197802198","1.8315018315018314","1.8315018315018314","5.86080586080586","50","4.026119402985074","9","268","273","9.007462686567164","1.1194029850746268","6.343283582089552","1.492537313432836","1.492537313432836","50","4.101694915254237","10","295","295","9.2","6.779661016949152","4.745762711864407","5.423728813559322","3.0508474576271185","50","4.106060606060606","13","264","300","9.431818181818182","3.0303030303030303","10.227272727272727","6.4393939393939394","4.166666666666667","50","4.0390625","14","256","272","9.28125","7.421875","0.78125","3.125","2.34375","50","4.021929824561403","11","228","193","9.342105263157896","3.9473684210526314","0.43859649122807015","5.701754385964913","6.578947368421052","50","4.0524475524475525","9","286","252","9.13986013986014","4.545454545454546","4.895104895104895","0","2.797202797202797","50","4.062962962962963","6","270","271","9.511111111111111","2.2222222222222223","1.4814814814814814","5.555555555555555","2.2222222222222223","50","3.9348659003831417","8","261","312","9.28735632183908","4.21455938697318","0.7662835249042146","0","3.0651340996168583"
,"51","4.089219330855019","16","269","301","9.144981412639405","4.089219330855019","10.037174721189592","1.858736059479554","0.7434944237918215","51","4.050724637681159","15","276","291","9.326086956521738","2.898550724637681","4.3478260869565215","1.8115942028985508","2.898550724637681","51","3.9451476793248945","16","237","325","9.054852320675106","0.8438818565400844","2.9535864978902953","1.6877637130801688","0.8438818565400844","51","4.046428571428572","9","280","243","9.164285714285715","4.642857142857143","1.4285714285714286","2.142857142857143","5.714285714285714","51","3.9413919413919416","13","273","229","9.157509157509157","0","0","4.029304029304029","2.5641025641025643","51","3.9473684210526314","14","247","251","9.109311740890687","2.0242914979757085","3.6437246963562755","2.834008097165992","2.834008097165992","51","4.145985401459854","19","274","323","9.116788321167883","7.664233576642336","1.4598540145985401","7.664233576642336","2.9197080291970803","51","3.9963503649635035","12","274","307","9.153284671532846","1.8248175182481752","0","4.37956204379562","7.664233576642336","51","4.053231939163498","18","263","269","9.133079847908744","4.562737642585551","1.520912547528517","2.661596958174905","2.661596958174905","51","4.086792452830188","11","265","262","9.426415094339623","4.90566037735849","3.018867924528302","3.018867924528302","3.7735849056603774","51","3.9393939393939394","16","264","340","9.121212121212121","0.7575757575757576","1.893939393939394","3.409090909090909","3.0303030303030303","51","3.933920704845815","19","227","327","9.312775330396477","3.9647577092511015","4.845814977973569","6.607929515418502","2.202643171806167","51","4.012295081967213","8","244","218","9.336065573770492","2.459016393442623","0.819672131147541","4.508196721311475","0.819672131147541","51","3.9690721649484537","16","291","286","9.31958762886598","5.841924398625429","0","0","1.0309278350515463","51","4.042801556420233","12","257","324","9.268482490272374","4.280155642023346","1.1673151750972763","3.11284046692607","3.8910505836575875","51","4.05","11","240","275","9.15","3.3333333333333335","3.3333333333333335","5","2.5","51","4.011583011583012","13","259","298","9.22007722007722","0.7722007722007722","4.633204633204633","3.474903474903475","0.7722007722007722","51","3.977777777777778","11","270","250","9.155555555555555","2.2222222222222223","0.7407407407407407","4.074074074074074","0.7407407407407407","51","4.017985611510792","13","278","252","9.107913669064748","4.676258992805756","2.158273381294964","5.39568345323741","4.316546762589928","51","3.9833333333333334","8","240","248","9.133333333333333","1.25","1.6666666666666667","4.166666666666667","1.6666666666666667","51","4.040590405904059","6","271","202","9.099630996309964","2.2140221402214024","2.2140221402214024","3.690036900369004","0.7380073800738007","51","3.9963369963369964","8","273","286","9.28937728937729","2.197802197802198","1.465201465201465","0.7326007326007326","6.593406593406593","51","4.02621722846442","9","267","273","8.96629213483146","0.7490636704119851","6.367041198501872","1.4981273408239701","1.1235955056179776","51","4.084745762711864","10","295","295","9.2","6.101694915254237","4.406779661016949","5.423728813559322","2.3728813559322033","51","4.106060606060606","13","264","300","9.431818181818182","3.0303030303030303","10.984848484848484","6.4393939393939394","3.409090909090909","51","4.046875","14","256","272","9.28125","6.640625","0.78125","3.125","3.125","51","4.026315789473684","11","228","193","9.342105263157896","3.508771929824561","0.8771929824561403","5.701754385964913","6.578947368421052","51","4.059649122807017","9","285","252","9.101754385964913","4.56140350877193","5.614035087719298","0","2.807017543859649","51","4.062962962962963","6","270","271","9.511111111111111","2.2222222222222223","1.4814814814814814","5.555555555555555","2.2222222222222223","51","3.9386973180076628","8","261","312","9.28735632183908","4.597701149425287","0.7662835249042146","0","3.4482758620689653"
,"52","4.086142322097379","17","267","318","9.191011235955056","4.119850187265918","10.112359550561798","1.8726591760299625","0.7490636704119851","52","4.054347826086956","15","276","299","9.384057971014492","2.898550724637681","4.3478260869565215","1.8115942028985508","2.898550724637681","52","3.9404255319148938","17","235","340","9.08936170212766","0.851063829787234","2.5531914893617023","1.702127659574468","0.851063829787234","52","4.0503597122302155","10","278","255","9.172661870503598","4.676258992805756","1.4388489208633093","2.158273381294964","5.755395683453237","52","3.9411764705882355","13","272","247","9.25","0","0","4.044117647058823","1.4705882352941178","52","3.938775510204082","15","245","278","9.240816326530613","1.6326530612244898","3.673469387755102","2.0408163265306123","2.857142857142857","52","4.156934306569343","19","274","340","9.24087591240876","7.299270072992701","1.4598540145985401","8.02919708029197","2.9197080291970803","52","3.9963369963369964","13","273","317","9.186813186813186","1.8315018315018314","0","4.395604395604396","7.6923076923076925","52","4.0534351145038165","19","262","289","9.244274809160306","4.580152671755725","1.5267175572519085","2.6717557251908395","2.6717557251908395","52","4.090909090909091","11","264","270","9.446969696969697","4.924242424242424","3.0303030303030303","3.0303030303030303","3.787878787878788","52","3.9356060606060606","16","264","356","9.242424242424242","0.7575757575757576","1.5151515151515151","3.409090909090909","3.0303030303030303","52","3.9330357142857144","19","224","339","9.339285714285714","3.5714285714285716","4.910714285714286","6.696428571428571","2.232142857142857","52","4.012345679012346","8","243","226","9.358024691358025","2.4691358024691357","0.823045267489712","4.526748971193416","0.823045267489712","52","3.972413793103448","16","290","301","9.386206896551725","5.862068965517241","0","0","1.0344827586206897","52","4.05078125","12","256","335","9.3125","4.296875","1.171875","3.515625","3.90625","52","4.041666666666667","11","240","289","9.266666666666667","3.3333333333333335","2.9166666666666665","4.583333333333333","2.5","52","4.015444015444015","13","259","308","9.297297297297296","0.7722007722007722","4.633204633204633","3.474903474903475","0.7722007722007722","52","3.9814814814814814","11","270","274","9.333333333333334","2.2222222222222223","0.7407407407407407","4.074074074074074","0.7407407407407407","52","4.0108303249097474","13","277","267","9.220216606498195","4.693140794223827","2.1660649819494586","5.054151624548736","4.332129963898917","52","3.9833333333333334","8","240","262","9.25","0.8333333333333334","1.6666666666666667","4.166666666666667","1.6666666666666667","52","4.037037037037037","7","270","213","9.14074074074074","1.4814814814814814","1.8518518518518519","4.074074074074074","0.7407407407407407","52","3.996309963099631","8","271","294","9.269372693726938","2.2140221402214024","1.4760147601476015","0.7380073800738007","5.904059040590406","52","4.02621722846442","9","267","290","9.093632958801498","0.7490636704119851","6.367041198501872","1.4981273408239701","1.1235955056179776","52","4.081355932203389","10","295","304","9.261016949152543","6.101694915254237","4.406779661016949","5.423728813559322","2.0338983050847457","52","4.102661596958175","13","263","304","9.422053231939163","3.041825095057034","10.26615969581749","6.4638783269961975","3.4220532319391634","52","4.05078125","14","256","286","9.390625","6.640625","0.78125","3.125","3.515625","52","4.017543859649122","11","228","206","9.456140350877194","3.508771929824561","0","5.701754385964913","6.578947368421052","52","4.063157894736842","9","285","269","9.221052631578948","4.56140350877193","5.964912280701754","0","2.807017543859649","52","4.063197026022305","6","269","276","9.516728624535316","2.2304832713754648","1.486988847583643","5.5762081784386615","2.2304832713754648","52","3.9348659003831417","8","261","322","9.363984674329503","4.597701149425287","0.7662835249042146","0","3.0651340996168583"
,"53","4.082706766917293","17","266","318","9.150375939849624","4.135338345864661","9.398496240601503","1.8796992481203008","0.7518796992481203","53","4.050909090909091","15","275","299","9.345454545454546","2.909090909090909","4.363636363636363","1.8181818181818181","2.909090909090909","53","3.9361702127659575","17","235","340","9.08936170212766","0.851063829787234","2.5531914893617023","1.702127659574468","0.851063829787234","53","4.046931407942238","10","277","255","9.133574007220217","4.693140794223827","1.444043321299639","2.1660649819494586","5.776173285198556","53","3.9407407407407407","14","270","247","9.170370370370371","0","0","4.074074074074074","1.4814814814814814","53","3.942622950819672","15","244","278","9.19672131147541","2.0491803278688523","3.6885245901639343","2.0491803278688523","2.8688524590163933","53","4.157509157509158","20","273","340","9.2014652014652","7.326007326007326","1.465201465201465","8.058608058608058","2.93040293040293","53","4.003690036900369","14","271","317","9.107011070110701","2.2140221402214024","0","4.428044280442805","7.749077490774908","53","4.046153846153846","20","260","289","9.161538461538461","4.615384615384615","1.1538461538461537","2.3076923076923075","2.6923076923076925","53","4.091954022988506","12","261","270","9.32567049808429","4.980842911877395","3.0651340996168583","3.0651340996168583","3.8314176245210727","53","3.935361216730038","16","263","356","9.254752851711027","0.7604562737642585","1.9011406844106464","3.4220532319391634","2.661596958174905","53","3.9327354260089686","20","223","339","9.291479820627803","3.587443946188341","4.484304932735426","6.726457399103139","2.242152466367713","53","4.012396694214876","9","242","226","9.314049586776859","2.479338842975207","0.8264462809917356","4.545454545454546","0.8264462809917356","53","3.9688581314878895","16","289","301","9.356401384083044","5.882352941176471","0","0","1.0380622837370241","53","4.046875","12","256","335","9.3125","4.296875","1.171875","3.515625","3.90625","53","4.041666666666667","11","240","289","9.266666666666667","3.3333333333333335","2.9166666666666665","4.583333333333333","2.5","53","4.015444015444015","13","259","308","9.297297297297296","0.7722007722007722","4.633204633204633","3.088803088803089","0.7722007722007722","53","3.977777777777778","11","270","274","9.333333333333334","2.2222222222222223","0.7407407407407407","4.074074074074074","0.7407407407407407","53","4.0144927536231885","14","276","267","9.181159420289855","4.7101449275362315","2.1739130434782608","5.072463768115942","4.3478260869565215","53","3.9790794979079496","8","239","262","9.205020920502092","0.8368200836820083","1.6736401673640167","4.184100418410042","1.6736401673640167","53","4.037174721189591","8","269","213","9.100371747211897","1.858736059479554","1.858736059479554","4.089219330855019","0.7434944237918215","53","3.9925925925925925","8","270","294","9.22962962962963","2.2222222222222223","1.4814814814814814","0.7407407407407407","5.925925925925926","53","4.02621722846442","9","267","290","9.093632958801498","0.7490636704119851","6.367041198501872","1.4981273408239701","1.1235955056179776","53","4.081632653061225","10","294","304","9.224489795918368","6.122448979591836","4.421768707482993","5.442176870748299","2.0408163265306123","53","4.111111111111111","13","261","304","9.340996168582375","3.0651340996168583","10.727969348659004","6.513409961685824","3.4482758620689653","53","4.047058823529412","14","255","286","9.349019607843138","6.666666666666667","0.7843137254901961","3.1372549019607843","3.1372549019607843","53","4.017543859649122","11","228","206","9.456140350877194","3.508771929824561","0","5.701754385964913","6.578947368421052","53","4.059649122807017","9","285","269","9.221052631578948","4.56140350877193","5.614035087719298","0","2.807017543859649","53","4.063197026022305","6","269","276","9.516728624535316","2.2304832713754648","1.486988847583643","5.5762081784386615","2.2304832713754648","53","3.9386973180076628","8","261","322","9.363984674329503","4.597701149425287","0.7662835249042146","0","3.4482758620689653"
,"54","4.086792452830188","17","265","318","9.10943396226415","4.150943396226415","9.81132075471698","2.2641509433962264","0.7547169811320755","54","4.058181818181819","15","275","299","9.345454545454546","2.909090909090909","4.7272727272727275","1.8181818181818181","2.909090909090909","54","3.9401709401709404","17","234","340","9.042735042735043","0.8547008547008547","2.5641025641025643","1.7094017094017093","0.8547008547008547","54","4.043636363636364","11","275","255","9.054545454545455","4.7272727272727275","1.4545454545454546","1.8181818181818181","5.454545454545454","54","3.9407407407407407","14","270","247","9.170370370370371","0","0","4.074074074074074","1.4814814814814814","54","3.9382716049382718","16","243","278","9.152263374485596","1.646090534979424","3.7037037037037037","2.05761316872428","2.880658436213992","54","4.154981549815498","21","271","340","9.121771217712178","7.011070110701107","1.4760147601476015","8.118081180811808","2.952029520295203","54","4","16","268","317","8.985074626865671","1.8656716417910448","0","4.477611940298507","7.835820895522388","54","4.038610038610039","20","259","289","9.11969111969112","4.633204633204633","0.7722007722007722","1.9305019305019304","2.7027027027027026","54","4.1","12","260","270","9.284615384615385","5","3.076923076923077","3.076923076923077","3.8461538461538463","54","3.927480916030534","17","262","356","9.213740458015268","0.7633587786259542","1.5267175572519085","3.435114503816794","2.2900763358778624","54","3.9414414414414414","21","222","339","9.243243243243244","4.054054054054054","4.504504504504505","6.756756756756757","2.2522522522522523","54","4.012396694214876","9","242","226","9.314049586776859","2.479338842975207","0.8264462809917356","4.545454545454546","0.8264462809917356","54","3.9722222222222223","16","288","301","9.319444444444445","5.902777777777778","0","0","1.0416666666666667","54","4.05511811023622","13","254","335","9.228346456692913","4.330708661417323","1.1811023622047243","3.543307086614173","3.937007874015748","54","4.041666666666667","11","240","289","9.266666666666667","3.3333333333333335","2.9166666666666665","4.583333333333333","2.5","54","4.01556420233463","14","257","308","9.221789883268482","0.7782101167315175","4.669260700389105","3.11284046692607","0.7782101167315175","54","3.9814126394052045","11","269","274","9.293680297397769","2.2304832713754648","0.7434944237918215","4.089219330855019","0.7434944237918215","54","4.014545454545455","15","275","267","9.141818181818183","4.7272727272727275","2.1818181818181817","5.090909090909091","4.363636363636363","54","3.98744769874477","8","239","262","9.205020920502092","0.8368200836820083","1.6736401673640167","4.184100418410042","2.092050209205021","54","4.037453183520599","9","267","213","9.02621722846442","1.4981273408239701","1.8726591760299625","4.119850187265918","0.7490636704119851","54","3.992565055762082","9","269","294","9.197026022304833","2.2304832713754648","1.486988847583643","0.7434944237918215","5.5762081784386615","54","4.022641509433963","9","265","290","9.033962264150944","0.7547169811320755","6.037735849056604","1.509433962264151","1.1320754716981132","54","4.081632653061225","10","294","304","9.224489795918368","6.122448979591836","4.421768707482993","5.442176870748299","2.0408163265306123","54","4.104247104247104","14","259","304","9.266409266409266","3.088803088803089","10.424710424710424","6.563706563706564","3.474903474903475","54","4.043307086614173","14","254","286","9.307086614173228","6.692913385826771","0.7874015748031497","3.1496062992125986","2.7559055118110236","54","4.017543859649122","11","228","206","9.456140350877194","3.508771929824561","0","5.701754385964913","6.578947368421052","54","4.059859154929577","10","284","269","9.183098591549296","4.577464788732394","5.633802816901408","0","2.816901408450704","54","4.063432835820896","7","268","276","9.477611940298507","2.2388059701492535","1.492537313432836","5.597014925373134","2.2388059701492535","54","3.9346153846153844","8","260","322","9.323076923076924","4.615384615384615","0.7692307692307693","0","3.076923076923077"
,"55","4.083333333333333","18","264","344","9.265151515151516","4.166666666666667","9.469696969696969","1.893939393939394","0.7575757575757576","55","4.051660516605166","15","271","306","9.239852398523984","2.952029520295203","4.428044280442805","1.845018450184502","2.952029520295203","55","3.9356223175965663","17","233","369","9.270386266094421","0.8583690987124464","2.575107296137339","1.7167381974248928","0.8583690987124464","55","4.032846715328467","11","274","288","9.255474452554745","4.744525547445256","1.4598540145985401","1.4598540145985401","5.109489051094891","55","3.9407407407407407","14","270","269","9.333333333333334","0","0","4.074074074074074","1.4814814814814814","55","3.9421487603305785","16","242","306","9.347107438016529","2.0661157024793386","3.71900826446281","2.0661157024793386","2.8925619834710745","55","4.155555555555556","21","270","363","9.251851851851852","7.037037037037037","1.4814814814814814","8.148148148148149","2.962962962962963","55","4","18","265","353","9.139622641509433","1.8867924528301887","0","4.528301886792453","7.9245283018867925","55","4.038759689922481","21","258","315","9.286821705426357","4.263565891472868","0.7751937984496124","1.937984496124031","2.7131782945736433","55","4.096525096525096","13","259","288","9.382239382239382","5.019305019305019","3.088803088803089","3.088803088803089","3.861003861003861","55","3.9310344827586206","17","261","369","9.272030651340996","0.7662835249042146","1.9157088122605364","3.4482758620689653","2.2988505747126435","55","3.9363636363636365","22","220","357","9.309090909090909","3.6363636363636362","4.090909090909091","6.818181818181818","2.272727272727273","55","4.012448132780083","9","241","233","9.377593360995851","2.4896265560165975","0.8298755186721992","4.564315352697095","0.8298755186721992","55","3.9686411149825784","16","287","318","9.400696864111499","5.923344947735192","0","0","1.0452961672473868","55","4.051383399209486","13","253","351","9.33596837944664","4.3478260869565215","1.1857707509881423","3.1620553359683794","3.952569169960474","55","4.041841004184101","11","239","297","9.288702928870293","3.3472803347280333","2.928870292887029","4.602510460251046","2.510460251046025","55","4.015748031496063","14","254","319","9.181102362204724","0.7874015748031497","4.724409448818897","3.1496062992125986","0.7874015748031497","55","3.9813432835820897","11","268","288","9.395522388059701","2.2388059701492535","0.746268656716418","4.104477611940299","0.746268656716418","55","4.018248175182482","16","274","289","9.27007299270073","4.744525547445256","2.18978102189781","5.109489051094891","4.37956204379562","55","3.9789915966386555","8","238","271","9.235294117647058","0.8403361344537815","1.680672268907563","4.201680672268908","1.680672268907563","55","4.037878787878788","10","264","232","9.045454545454545","1.893939393939394","1.893939393939394","4.166666666666667","0.7575757575757576","55","3.9962546816479403","9","267","320","9.310861423220974","2.247191011235955","1.4981273408239701","0.7490636704119851","5.992509363295881","55","4.022641509433963","9","265","303","9.132075471698114","0.7547169811320755","6.037735849056604","1.509433962264151","1.1320754716981132","55","4.082191780821918","11","292","317","9.23972602739726","6.164383561643835","4.4520547945205475","5.47945205479452","2.0547945205479454","55","4.111969111969112","14","259","327","9.444015444015443","3.474903474903475","10.81081081081081","6.563706563706564","3.474903474903475","55","4.043478260869565","14","253","302","9.399209486166008","6.719367588932807","0.7905138339920948","3.1620553359683794","2.766798418972332","55","4.0176211453744495","11","227","212","9.462555066079295","3.5242290748898677","0","5.726872246696035","6.607929515418502","55","4.060070671378092","10","283","283","9.250883392226148","4.593639575971731","5.6537102473498235","0","2.8268551236749118","55","4.063670411985019","7","267","284","9.49812734082397","2.247191011235955","1.4981273408239701","5.617977528089888","2.247191011235955","55","3.9384615384615387","8","260","338","9.446153846153846","4.615384615384615","0.7692307692307693","0","3.4615384615384617"
,"56","4.083333333333333","18","264","344","9.265151515151516","4.166666666666667","9.848484848484848","1.893939393939394","0.7575757575757576","56","4.059259259259259","15","270","306","9.207407407407407","3.3333333333333335","4.444444444444445","1.8518518518518519","2.962962962962963","56","3.939914163090129","17","233","369","9.270386266094421","0.8583690987124464","2.575107296137339","1.7167381974248928","0.8583690987124464","56","4.029304029304029","11","273","288","9.216117216117215","4.761904761904762","1.465201465201465","1.465201465201465","4.761904761904762","56","3.940520446096654","14","269","269","9.293680297397769","0","0","4.089219330855019","1.486988847583643","56","3.93801652892562","16","242","306","9.347107438016529","1.6528925619834711","3.71900826446281","2.0661157024793386","2.8925619834710745","56","4.156716417910448","23","268","363","9.171641791044776","7.08955223880597","1.492537313432836","8.208955223880597","2.985074626865672","56","3.99618320610687","19","262","353","9.030534351145038","1.9083969465648856","0","4.198473282442748","7.633587786259542","56","4.038910505836576","21","257","315","9.284046692607005","4.280155642023346","0.7782101167315175","1.9455252918287937","2.7237354085603114","56","4.10077519379845","14","258","288","9.348837209302326","5.038759689922481","3.10077519379845","3.10077519379845","3.875968992248062","56","3.9269230769230767","18","260","369","9.23076923076923","0.7692307692307693","1.5384615384615385","3.4615384615384617","2.3076923076923075","56","3.9315068493150687","22","219","357","9.26027397260274","3.1963470319634704","4.109589041095891","6.392694063926941","2.2831050228310503","56","4.012448132780083","9","241","233","9.377593360995851","2.4896265560165975","0.8298755186721992","4.564315352697095","0.8298755186721992","56","3.9721254355400695","16","287","318","9.400696864111499","5.923344947735192","0","0","1.0452961672473868","56","4.051587301587301","13","252","351","9.293650793650794","4.365079365079365","1.1904761904761905","3.1746031746031744","3.9682539682539684","56","4.041841004184101","11","239","297","9.288702928870293","3.3472803347280333","2.928870292887029","4.602510460251046","2.510460251046025","56","4.019762845849803","14","253","319","9.138339920948617","0.7905138339920948","4.3478260869565215","3.5573122529644268","0.7905138339920948","56","3.988721804511278","12","266","288","9.31578947368421","2.255639097744361","0.7518796992481203","4.511278195488722","0.7518796992481203","56","4.021978021978022","16","273","289","9.23076923076923","4.761904761904762","2.197802197802198","5.128205128205129","4.395604395604396","56","3.9831932773109244","8","238","271","9.235294117647058","0.8403361344537815","1.680672268907563","4.201680672268908","1.680672268907563","56","4.037878787878788","10","264","232","9.045454545454545","1.893939393939394","1.893939393939394","4.166666666666667","0.7575757575757576","56","3.9962546816479403","9","267","320","9.310861423220974","2.247191011235955","1.4981273408239701","0.7490636704119851","5.617977528089888","56","4.022641509433963","9","265","303","9.132075471698114","0.7547169811320755","6.037735849056604","1.509433962264151","1.1320754716981132","56","4.083044982698962","13","289","317","9.1280276816609","6.228373702422146","4.498269896193771","5.536332179930795","2.0761245674740483","56","4.112403100775194","14","258","327","9.4031007751938","3.875968992248062","10.465116279069768","6.589147286821706","3.488372093023256","56","4.043478260869565","14","253","302","9.399209486166008","6.719367588932807","0.7905138339920948","3.1620553359683794","2.766798418972332","56","4.0176211453744495","11","227","212","9.462555066079295","3.5242290748898677","0","5.726872246696035","6.607929515418502","56","4.056939501779359","12","281","283","9.181494661921707","4.6263345195729535","5.693950177935943","0","2.491103202846975","56","4.06390977443609","7","266","284","9.458646616541353","2.255639097744361","1.5037593984962405","5.639097744360902","2.255639097744361","56","3.934108527131783","9","258","338","9.364341085271318","4.651162790697675","0.7751937984496124","0","3.10077519379845"
,"57","4.083333333333333","18","264","344","9.265151515151516","4.166666666666667","9.469696969696969","1.893939393939394","0.7575757575757576","57","4.052044609665428","15","269","306","9.174721189591079","2.973977695167286","4.4609665427509295","1.858736059479554","2.973977695167286","57","3.9356223175965663","17","233","369","9.270386266094421","0.8583690987124464","2.575107296137339","1.7167381974248928","0.8583690987124464","57","4.025830258302583","11","271","288","9.166051660516604","4.797047970479705","1.4760147601476015","1.4760147601476015","4.428044280442805","57","3.940074906367041","14","267","269","9.220973782771535","0","0","4.119850187265918","1.4981273408239701","57","3.9375","17","240","306","9.258333333333333","2.0833333333333335","3.75","2.0833333333333335","2.5","57","4.157303370786517","23","267","363","9.131086142322097","7.116104868913857","1.4981273408239701","8.239700374531836","2.9962546816479403","57","4","21","259","353","8.980694980694981","1.9305019305019304","0","4.2471042471042475","7.722007722007722","57","4.038910505836576","21","257","315","9.284046692607005","4.280155642023346","0.7782101167315175","1.9455252918287937","2.7237354085603114","57","4.10077519379845","14","258","288","9.348837209302326","5.426356589147287","3.10077519379845","3.10077519379845","3.875968992248062","57","3.9305019305019306","18","259","369","9.204633204633204","0.7722007722007722","1.9305019305019304","3.474903474903475","2.3166023166023164","57","3.9315068493150687","22","219","357","9.26027397260274","3.1963470319634704","4.109589041095891","6.392694063926941","2.2831050228310503","57","4.01255230125523","9","239","233","9.288702928870293","2.510460251046025","0.8368200836820083","4.602510460251046","0.8368200836820083","57","3.9686411149825784","16","287","318","9.400696864111499","5.923344947735192","0","0","1.0452961672473868","57","4.051792828685259","14","251","351","9.250996015936256","4.382470119521912","1.1952191235059761","3.187250996015936","3.9840637450199203","57","4.041841004184101","11","239","297","9.288702928870293","3.3472803347280333","2.928870292887029","4.602510460251046","2.510460251046025","57","4.0120481927710845","15","249","319","9.02008032128514","0.8032128514056225","4.016064257028113","3.21285140562249","0.40160642570281124","57","3.981132075471698","13","265","288","9.275471698113208","2.2641509433962264","0.7547169811320755","4.150943396226415","0.7547169811320755","57","4.021978021978022","16","273","289","9.23076923076923","4.761904761904762","2.197802197802198","5.128205128205129","4.395604395604396","57","3.9789915966386555","8","238","271","9.235294117647058","0.8403361344537815","1.680672268907563","4.201680672268908","1.680672268907563","57","4.038022813688213","10","263","232","9.003802281368822","1.9011406844106464","1.9011406844106464","4.182509505703422","0.7604562737642585","57","3.9962546816479403","9","267","320","9.310861423220974","2.247191011235955","1.4981273408239701","0.7490636704119851","5.992509363295881","57","4.019011406844107","10","263","303","9.05703422053232","0.7604562737642585","6.083650190114068","1.520912547528517","0.7604562737642585","57","4.083333333333333","13","288","317","9.090277777777779","6.25","4.513888888888889","5.555555555555555","2.0833333333333335","57","4.108949416342412","14","257","327","9.361867704280156","3.8910505836575875","10.116731517509727","6.614785992217898","3.501945525291829","57","4.0436507936507935","14","252","302","9.373015873015873","6.746031746031746","0.7936507936507936","3.1746031746031744","2.7777777777777777","57","4.0176211453744495","11","227","212","9.462555066079295","3.5242290748898677","0","5.726872246696035","6.607929515418502","57","4.05338078291815","12","281","283","9.181494661921707","4.6263345195729535","5.693950177935943","0","2.1352313167259784","57","4.06390977443609","7","266","284","9.458646616541353","2.255639097744361","1.5037593984962405","5.639097744360902","2.255639097744361","57","3.937743190661479","9","257","338","9.32295719844358","4.669260700389105","0.7782101167315175","0","3.501945525291829"
,"58","4.083650190114068","18","263","361","9.35361216730038","4.182509505703422","9.885931558935361","1.9011406844106464","0.7604562737642585","58","4.0559701492537314","15","268","327","9.291044776119403","2.985074626865672","4.477611940298507","1.8656716417910448","2.985074626865672","58","3.939655172413793","18","232","380","9.318965517241379","0.8620689655172413","2.586206896551724","1.7241379310344827","0.8620689655172413","58","4.025925925925926","11","270","311","9.296296296296296","4.814814814814815","1.4814814814814814","1.4814814814814814","4.444444444444445","58","3.939622641509434","14","265","291","9.30566037735849","0","0","4.150943396226415","1.509433962264151","58","3.924686192468619","18","239","329","9.405857740585773","1.6736401673640167","3.7656903765690375","2.092050209205021","1.6736401673640167","58","4.157894736842105","23","266","393","9.360902255639099","7.142857142857143","1.5037593984962405","8.270676691729323","3.007518796992481","58","4","21","258","393","9.271317829457365","1.937984496124031","0","4.263565891472868","7.751937984496124","58","4.038910505836576","21","257","331","9.408560311284047","4.280155642023346","0.7782101167315175","1.9455252918287937","2.7237354085603114","58","4.101167315175097","15","257","300","9.400778210116732","5.058365758754864","3.11284046692607","3.11284046692607","3.8910505836575875","58","3.9266409266409266","18","259","388","9.35135135135135","0.7722007722007722","1.5444015444015444","3.474903474903475","2.3166023166023164","58","3.9315068493150687","22","219","375","9.424657534246576","3.1963470319634704","4.109589041095891","6.392694063926941","2.2831050228310503","58","4.012605042016807","9","238","248","9.378151260504202","2.5210084033613445","0.8403361344537815","4.621848739495798","0.8403361344537815","58","3.9755244755244754","17","286","334","9.475524475524475","6.293706293706293","0","0","1.048951048951049","58","4.048","14","250","366","9.328","4.4","1.2","3.2","3.6","58","4.046413502109704","11","237","302","9.240506329113924","3.3755274261603376","2.9535864978902953","4.641350210970464","2.5316455696202533","58","4.012096774193548","16","248","353","9.25","0.8064516129032258","4.435483870967742","3.225806451612903","0","58","3.988593155893536","13","263","306","9.330798479087452","2.2813688212927756","0.7604562737642585","4.562737642585551","0.7604562737642585","58","4.021978021978022","16","273","310","9.384615384615385","4.761904761904762","2.197802197802198","5.128205128205129","4.395604395604396","58","3.9871794871794872","9","234","278","9.11965811965812","0.8547008547008547","1.7094017094017093","4.273504273504273","2.1367521367521367","58","4.038314176245211","11","261","256","9.11111111111111","1.9157088122605364","1.9157088122605364","4.21455938697318","0.7662835249042146","58","3.9962406015037595","9","266","335","9.38345864661654","2.255639097744361","1.5037593984962405","0.7518796992481203","5.639097744360902","58","4.019011406844107","10","263","317","9.163498098859316","0.7604562737642585","6.083650190114068","1.520912547528517","0.7604562737642585","58","4.087108013937282","14","287","348","9.275261324041812","6.2717770034843205","4.529616724738676","5.923344947735192","2.0905923344947737","58","4.11328125","14","256","343","9.4453125","3.90625","10.546875","6.640625","3.515625","58","4.0436507936507935","14","252","313","9.46031746031746","6.746031746031746","0.7936507936507936","3.1746031746031744","2.7777777777777777","58","4.017699115044247","12","226","221","9.495575221238939","3.5398230088495577","0","5.752212389380531","6.6371681415929205","58","4.053571428571429","12","280","301","9.271428571428572","4.642857142857143","5.714285714285714","0","2.142857142857143","58","4.06390977443609","7","266","300","9.578947368421053","2.255639097744361","1.5037593984962405","5.639097744360902","2.255639097744361","58","3.93359375","9","256","354","9.40625","4.6875","0.78125","0","3.125"
,"59","4.08745247148289","18","263","361","9.35361216730038","4.182509505703422","9.885931558935361","1.9011406844106464","0.7604562737642585","59","4.049056603773585","17","265","327","9.169811320754716","3.018867924528302","4.528301886792453","1.509433962264151","3.018867924528302","59","3.935344827586207","18","232","380","9.318965517241379","0.8620689655172413","2.586206896551724","1.7241379310344827","0.8620689655172413","59","4.025925925925926","11","270","311","9.296296296296296","4.814814814814815","1.4814814814814814","1.4814814814814814","4.444444444444445","59","3.946768060836502","14","263","291","9.224334600760455","0","0","4.182509505703422","1.520912547528517","59","3.9327731092436973","18","238","329","9.361344537815127","2.100840336134454","3.7815126050420167","2.100840336134454","2.100840336134454","59","4.158490566037736","23","265","393","9.328301886792453","7.169811320754717","1.509433962264151","8.30188679245283","3.018867924528302","59","4","22","257","393","9.237354085603112","1.9455252918287937","0","4.280155642023346","7.782101167315175","59","4.0390625","22","256","331","9.3671875","4.296875","0.78125","1.953125","2.734375","59","4.0984251968503935","16","254","300","9.31496062992126","5.118110236220472","3.1496062992125986","3.1496062992125986","3.937007874015748","59","3.933852140077821","18","257","388","9.268482490272374","0.7782101167315175","1.9455252918287937","3.501945525291829","2.3346303501945527","59","3.9315068493150687","22","219","375","9.424657534246576","3.1963470319634704","4.109589041095891","6.392694063926941","2.2831050228310503","59","4.012658227848101","9","237","248","9.350210970464135","2.5316455696202533","0.8438818565400844","4.641350210970464","0.8438818565400844","59","3.972027972027972","17","286","334","9.475524475524475","5.944055944055944","0","0","1.048951048951049","59","4.048387096774194","14","248","366","9.241935483870968","4.435483870967742","1.2096774193548387","3.225806451612903","3.629032258064516","59","4.050632911392405","11","237","302","9.240506329113924","3.3755274261603376","2.9535864978902953","4.641350210970464","2.5316455696202533","59","4.008130081300813","18","246","353","9.170731707317072","0.8130081300813008","4.471544715447155","2.845528455284553","0","59","3.9847908745247147","13","263","306","9.330798479087452","2.2813688212927756","0.7604562737642585","4.562737642585551","0.7604562737642585","59","4.022140221402214","17","271","310","9.306273062730627","4.797047970479705","2.2140221402214024","5.166051660516605","4.428044280442805","59","3.9786324786324787","9","234","278","9.11965811965812","0.8547008547008547","1.7094017094017093","4.273504273504273","1.7094017094017093","59","4.038461538461538","11","260","256","9.076923076923077","1.9230769230769231","1.9230769230769231","4.230769230769231","0.7692307692307693","59","3.9962264150943394","9","265","335","9.343396226415095","2.2641509433962264","1.509433962264151","0.7547169811320755","6.037735849056604","59","4.019011406844107","10","263","317","9.163498098859316","0.7604562737642585","6.083650190114068","1.520912547528517","0.7604562737642585","59","4.083623693379791","14","287","348","9.275261324041812","6.2717770034843205","4.529616724738676","5.574912891986063","2.0905923344947737","59","4.11328125","14","256","343","9.4453125","3.90625","10.546875","6.640625","3.515625","59","4.0436507936507935","14","252","313","9.46031746031746","6.746031746031746","0.7936507936507936","3.1746031746031744","2.7777777777777777","59","4.017699115044247","12","226","221","9.495575221238939","3.5398230088495577","0","5.752212389380531","6.6371681415929205","59","4.053763440860215","13","279","301","9.232974910394265","4.659498207885305","5.734767025089606","0","2.150537634408602","59","4.064150943396227","7","265","300","9.539622641509434","2.2641509433962264","1.509433962264151","5.660377358490566","2.2641509433962264","59","3.9375","9","256","354","9.40625","4.6875","0.78125","0","3.515625"
,"60","4.083969465648855","19","262","361","9.312977099236642","4.198473282442748","9.923664122137405","1.9083969465648856","0.7633587786259542","60","4.049242424242424","17","264","327","9.136363636363637","3.0303030303030303","4.166666666666667","1.5151515151515151","3.0303030303030303","60","3.935064935064935","18","231","380","9.307359307359308","0.8658008658008658","2.1645021645021645","1.7316017316017316","0.8658008658008658","60","4.026022304832714","12","269","311","9.256505576208179","4.83271375464684","1.486988847583643","1.486988847583643","4.4609665427509295","60","3.954198473282443","14","262","291","9.183206106870228","0","0","4.198473282442748","1.5267175572519085","60","3.9201680672268906","18","238","329","9.361344537815127","1.680672268907563","3.7815126050420167","2.100840336134454","1.2605042016806722","60","4.159090909090909","23","264","393","9.287878787878787","7.196969696969697","1.5151515151515151","8.333333333333334","3.0303030303030303","60","4","22","257","393","9.237354085603112","1.9455252918287937","0","4.280155642023346","7.782101167315175","60","4.0390625","22","256","331","9.3671875","4.296875","0.78125","1.953125","2.734375","60","4.102362204724409","16","254","300","9.31496062992126","5.118110236220472","3.1496062992125986","3.1496062992125986","3.937007874015748","60","3.929411764705882","18","255","388","9.2","0.7843137254901961","1.5686274509803921","3.5294117647058822","2.3529411764705883","60","3.9357798165137616","23","218","375","9.376146788990825","3.2110091743119265","4.128440366972477","6.422018348623853","2.7522935779816513","60","4.008510638297873","10","235","248","9.259574468085106","2.5531914893617023","0.425531914893617","4.680851063829787","0.851063829787234","60","3.9719298245614034","17","285","334","9.43859649122807","5.964912280701754","0","0","1.0526315789473684","60","4.049382716049383","16","243","366","9.020576131687243","4.526748971193416","1.2345679012345678","3.292181069958848","3.7037037037037037","60","4.0508474576271185","12","236","302","9.194915254237289","3.389830508474576","2.9661016949152543","4.661016949152542","2.542372881355932","60","4.004081632653061","19","245","353","9.126530612244897","0.8163265306122449","4.489795918367347","2.4489795918367347","0","60","3.988593155893536","13","263","306","9.330798479087452","2.2813688212927756","0.7604562737642585","4.562737642585551","0.7604562737642585","60","4.022304832713755","18","269","310","9.271375464684015","4.83271375464684","2.2304832713754648","5.204460966542751","4.4609665427509295","60","3.9827586206896552","9","232","278","9.025862068965518","0.8620689655172413","1.7241379310344827","4.310344827586207","1.7241379310344827","60","4.038610038610039","11","259","256","9.034749034749035","1.9305019305019304","1.9305019305019304","4.2471042471042475","0.7722007722007722","60","3.996212121212121","9","264","335","9.303030303030303","2.272727272727273","1.5151515151515151","0.7575757575757576","5.681818181818182","60","4.019083969465649","10","262","317","9.122137404580153","0.7633587786259542","6.106870229007634","1.5267175572519085","0.7633587786259542","60","4.08421052631579","14","285","348","9.291228070175439","6.315789473684211","4.2105263157894735","5.614035087719298","2.1052631578947367","60","4.1146245059288535","14","253","343","9.41501976284585","3.952569169960474","9.881422924901186","6.719367588932807","3.5573122529644268","60","4.0436507936507935","14","252","313","9.46031746031746","6.746031746031746","0.7936507936507936","3.1746031746031744","2.7777777777777777","60","4.017699115044247","12","226","221","9.495575221238939","3.5398230088495577","0","5.752212389380531","6.6371681415929205","60","4.053956834532374","14","278","301","9.194244604316546","4.676258992805756","5.755395683453237","0","2.158273381294964","60","4.0606060606060606","8","264","300","9.5","2.272727272727273","1.5151515151515151","5.303030303030303","2.272727272727273","60","3.933333333333333","9","255","354","9.364705882352942","4.705882352941177","0.39215686274509803","0","3.1372549019607843"
,"61","3.8664259927797833","19","277","379","9.350180505415162","5.776173285198556","9.747292418772563","3.6101083032490973","2.1660649819494586","61","3.7017543859649122","20","285","356","9.235087719298246","6.315789473684211","7.017543859649122","4.912280701754386","5.614035087719298","61","3.597609561752988","18","251","395","9.227091633466136","3.585657370517928","5.179282868525896","4.382470119521912","3.187250996015936","61","3.6564625850340136","13","294","334","9.170068027210885","7.142857142857143","4.421768707482993","4.081632653061225","7.8231292517006805","61","3.7925925925925927","16","270","315","9.37037037037037","1.1111111111111112","0.7407407407407407","4.814814814814815","2.962962962962963","61","3.796747967479675","18","246","351","9.495934959349594","3.252032520325203","4.471544715447155","2.845528455284553","2.032520325203252","61","3.89247311827957","24","279","410","9.304659498207885","9.67741935483871","3.5842293906810037","10.03584229390681","5.376344086021505","61","3.713768115942029","22","276","419","9.23913043478261","3.9855072463768115","2.1739130434782608","5.797101449275362","9.420289855072463","61","3.8438661710037176","22","269","345","9.368029739776953","4.83271375464684","2.2304832713754648","3.345724907063197","4.089219330855019","61","3.973076923076923","18","260","319","9.453846153846154","5.769230769230769","3.8461538461538463","3.8461538461538463","5.384615384615385","61","3.6951672862453533","18","269","409","9.24907063197026","1.858736059479554","4.83271375464684","4.4609665427509295","5.204460966542751","61","3.706140350877193","24","228","387","9.368421052631579","5.701754385964913","6.578947368421052","8.771929824561404","3.508771929824561","61","3.871369294605809","10","241","265","9.41908713692946","3.7344398340248963","0.4149377593360996","5.394190871369295","2.074688796680498","61","3.8758620689655174","18","290","340","9.455172413793104","6.206896551724138","1.0344827586206897","1.3793103448275863","2.0689655172413794","61","3.889328063241107","16","253","407","9.391304347826088","5.138339920948616","1.976284584980237","3.952569169960474","4.3478260869565215","61","3.808","12","250","327","9.296","5.2","4.4","6","4","61","3.7751937984496124","19","258","382","9.333333333333334","3.488372093023256","6.589147286821706","4.263565891472868","1.937984496124031","61","3.759856630824373","13","279","327","9.333333333333334","4.301075268817204","3.5842293906810037","7.885304659498208","2.5089605734767026","61","3.8464285714285715","18","280","332","9.385714285714286","5.714285714285714","2.142857142857143","5.357142857142857","6.071428571428571","61","3.7827868852459017","9","244","300","9.262295081967213","1.639344262295082","2.459016393442623","5.737704918032787","3.6885245901639343","61","3.9320754716981132","12","265","283","9.464150943396227","2.641509433962264","2.641509433962264","4.90566037735849","1.8867924528301887","61","3.7535714285714286","10","280","357","9.3","3.5714285714285716","3.5714285714285716","3.2142857142857144","7.857142857142857","61","3.6842105263157894","11","285","332","9.066666666666666","5.614035087719298","8.421052631578947","4.2105263157894735","4.2105263157894735","61","3.7901639344262295","14","305","366","9.265573770491804","7.868852459016393","5.901639344262295","7.868852459016393","3.9344262295081966","61","3.879245283018868","15","265","353","9.388679245283019","4.90566037735849","10.566037735849056","8.30188679245283","4.528301886792453","61","3.7555555555555555","15","270","320","9.192592592592593","8.88888888888889","2.962962962962963","5.185185185185185","5.185185185185185","61","3.8793103448275863","12","232","231","9.5","4.310344827586207","0.8620689655172413","6.896551724137931","7.327586206896552","61","3.9680851063829787","15","282","321","9.50354609929078","6.028368794326241","6.028368794326241","1.0638297872340425","3.5460992907801416","61","3.5819397993311037","8","299","318","9.090301003344482","6.0200668896321075","6.354515050167224","9.364548494983278","5.68561872909699","61","3.663003663003663","10","273","368","9.186813186813186","6.593406593406593","0.7326007326007326","2.93040293040293","5.86080586080586"
,"62","4.043636363636364","21","275","379","9.272727272727273","4","7.2727272727272725","1.8181818181818181","0.7272727272727273","62","4.08421052631579","20","285","356","9.235087719298246","3.8596491228070176","6.315789473684211","2.456140350877193","3.508771929824561","62","3.9243027888446216","18","251","395","9.227091633466136","0.796812749003984","2.3904382470119523","0.796812749003984","1.9920318725099602","62","4.041095890410959","14","292","334","9.095890410958905","5.47945205479452","1.7123287671232876","2.0547945205479454","4.109589041095891","62","3.933085501858736","17","269","315","9.33085501858736","0","0","4.089219330855019","1.486988847583643","62","3.9346938775510205","18","245","351","9.453061224489796","2.4489795918367347","3.673469387755102","3.2653061224489797","1.2244897959183674","62","4.17921146953405","24","279","410","9.304659498207885","8.243727598566307","2.150537634408602","9.31899641577061","3.5842293906810037","62","3.9854545454545454","22","275","419","9.2","1.0909090909090908","0","4","8","62","4.00374531835206","23","267","345","9.288389513108614","4.49438202247191","0.7490636704119851","1.8726591760299625","3.745318352059925","62","4.104247104247104","18","259","319","9.413127413127413","5.405405405405405","3.088803088803089","2.7027027027027026","5.019305019305019","62","3.958955223880597","19","268","409","9.208955223880597","0.746268656716418","2.2388059701492535","4.104477611940299","3.7313432835820897","62","3.951541850220264","25","227","387","9.321585903083701","3.9647577092511015","4.405286343612334","8.370044052863436","2.202643171806167","62","3.9873949579831933","11","238","265","9.294117647058824","2.5210084033613445","0","4.621848739495798","0.8403361344537815","62","3.9722222222222223","19","288","340","9.381944444444445","6.25","0.3472222222222222","0.3472222222222222","1.3888888888888888","62","4.019762845849803","16","253","407","9.391304347826088","4.3478260869565215","1.1857707509881423","3.5573122529644268","3.5573122529644268","62","4.008032128514056","12","249","327","9.25301204819277","3.21285140562249","2.0080321285140563","3.6144578313253013","2.4096385542168677","62","4.046511627906977","19","258","382","9.333333333333334","0.7751937984496124","5.038759689922481","3.875968992248062","0.7751937984496124","62","4.021505376344086","13","279","327","9.333333333333334","2.150537634408602","2.150537634408602","4.659498207885305","2.5089605734767026","62","3.9927536231884058","19","276","332","9.231884057971014","4.7101449275362315","1.4492753623188406","5.072463768115942","4.3478260869565215","62","3.9754098360655736","9","244","300","9.262295081967213","0.819672131147541","0.819672131147541","4.098360655737705","3.278688524590164","62","4.018939393939394","13","264","283","9.431818181818182","1.893939393939394","1.893939393939394","3.787878787878788","0.7575757575757576","62","3.9820143884892087","10","278","357","9.223021582733812","2.158273381294964","1.7985611510791366","1.079136690647482","6.83453237410072","62","4.02112676056338","12","284","332","9.028169014084508","2.464788732394366","5.633802816901408","2.112676056338028","1.408450704225352","62","4.026229508196721","14","305","366","9.265573770491804","5.573770491803279","3.6065573770491803","5.573770491803279","1.639344262295082","62","4.113207547169812","15","265","353","9.388679245283019","4.528301886792453","8.30188679245283","7.169811320754717","3.3962264150943398","62","4.062962962962963","15","270","320","9.192592592592593","6.296296296296297","1.4814814814814814","3.3333333333333335","4.074074074074074","62","4.025862068965517","12","232","231","9.5","4.741379310344827","0.43103448275862066","5.603448275862069","6.4655172413793105","62","4.056737588652482","15","282","321","9.50354609929078","5.319148936170213","5.673758865248227","0","2.127659574468085","62","4.104026845637584","8","298","318","9.060402684563758","2.684563758389262","3.3557046979865772","7.046979865771812","2.348993288590604","62","3.963235294117647","10","272","368","9.147058823529411","5.147058823529412","0","2.9411764705882355","2.573529411764706"
,"63","4.054744525547445","21","274","379","9.233576642335766","4.014598540145985","7.299270072992701","1.8248175182481752","0.7299270072992701","63","4.067137809187279","20","283","356","9.159010600706713","2.8268551236749118","6.360424028268551","2.1201413427561837","3.5335689045936394","63","3.912","18","250","395","9.184","0.8","1.6","0.8","2","63","4.030927835051546","14","291","334","9.058419243986254","5.498281786941581","1.3745704467353952","1.3745704467353952","4.123711340206185","63","3.932584269662921","17","267","315","9.250936329588015","0","0","4.119850187265918","1.4981273408239701","63","3.938775510204082","18","245","351","9.453061224489796","2.4489795918367347","3.673469387755102","3.2653061224489797","1.2244897959183674","63","4.182795698924731","24","279","410","9.304659498207885","8.243727598566307","2.150537634408602","10.03584229390681","3.225806451612903","63","3.9817518248175183","22","274","419","9.16058394160584","1.094890510948905","0","4.014598540145985","8.02919708029197","63","3.9962546816479403","23","267","345","9.288389513108614","4.119850187265918","0.7490636704119851","1.8726591760299625","3.745318352059925","63","4.108949416342412","18","257","319","9.369649805447471","5.447470817120623","3.11284046692607","3.11284046692607","5.058365758754864","63","3.970149253731343","19","268","409","9.208955223880597","0.746268656716418","2.2388059701492535","4.104477611940299","3.7313432835820897","63","3.9559471365638768","25","227","387","9.321585903083701","3.9647577092511015","4.845814977973569","7.929515418502203","2.202643171806167","63","3.9873417721518987","12","237","265","9.248945147679326","2.5316455696202533","0","4.641350210970464","0.8438818565400844","63","3.9722222222222223","19","288","340","9.381944444444445","6.25","0.3472222222222222","0.3472222222222222","1.3888888888888888","63","4.027777777777778","16","252","407","9.34920634920635","4.365079365079365","1.1904761904761905","3.5714285714285716","3.5714285714285716","63","4.008032128514056","12","249","327","9.25301204819277","3.21285140562249","2.0080321285140563","3.6144578313253013","2.4096385542168677","63","4.046875","21","256","382","9.25","0.78125","4.6875","3.515625","0.78125","63","4.025179856115108","13","278","327","9.29496402877698","2.158273381294964","2.158273381294964","4.676258992805756","2.5179856115107913","63","3.9927536231884058","19","276","332","9.231884057971014","4.7101449275362315","1.4492753623188406","5.072463768115942","4.3478260869565215","63","3.9754098360655736","9","244","300","9.262295081967213","0.819672131147541","0.819672131147541","4.098360655737705","3.278688524590164","63","4.022813688212928","13","263","283","9.391634980988593","1.9011406844106464","1.9011406844106464","4.182509505703422","0.7604562737642585","63","3.9748201438848922","10","278","357","9.223021582733812","2.158273381294964","1.4388489208633093","0.7194244604316546","6.474820143884892","63","4.01063829787234","13","282","332","8.950354609929079","2.127659574468085","6.028368794326241","1.4184397163120568","0.7092198581560284","63","4.036065573770492","14","305","366","9.265573770491804","6.229508196721311","3.6065573770491803","5.573770491803279","1.3114754098360655","63","4.09811320754717","15","265","353","9.388679245283019","4.528301886792453","6.7924528301886795","7.169811320754717","3.3962264150943398","63","4.062962962962963","15","270","320","9.192592592592593","6.296296296296297","1.4814814814814814","3.3333333333333335","4.074074074074074","63","4.030172413793103","12","232","231","9.5","4.741379310344827","0","5.603448275862069","6.4655172413793105","63","4.06049822064057","16","281","321","9.466192170818506","5.338078291814947","5.693950177935943","0","2.1352313167259784","63","4.097972972972973","9","296","318","8.993243243243244","2.027027027027027","2.7027027027027026","7.4324324324324325","2.027027027027027","63","3.9558823529411766","10","272","368","9.147058823529411","5.147058823529412","0","2.573529411764706","2.2058823529411766"
,"64","4.044280442804428","21","271","399","9.29889298892989","4.059040590405904","7.011070110701107","1.845018450184502","0.36900369003690037","64","4.060070671378092","20","283","371","9.265017667844523","2.4734982332155475","6.007067137809187","2.1201413427561837","3.1802120141342756","64","3.9156626506024095","18","249","402","9.196787148594378","0.8032128514056225","1.606425702811245","0.8032128514056225","2.0080321285140563","64","4.03125","14","288","361","9.166666666666666","5.555555555555555","1.3888888888888888","1.3888888888888888","4.166666666666667","64","3.932584269662921","17","267","332","9.378277153558052","0","0","4.119850187265918","1.4981273408239701","64","3.9385245901639343","18","244","358","9.549180327868852","2.459016393442623","3.6885245901639343","3.278688524590164","1.2295081967213115","64","4.180505415162455","24","277","419","9.292418772563177","8.303249097472925","1.8050541516245486","10.108303249097473","3.2490974729241877","64","3.985294117647059","23","272","435","9.198529411764707","1.1029411764705883","0","4.044117647058823","8.088235294117647","64","3.9924528301886792","25","265","358","9.30566037735849","4.150943396226415","0.37735849056603776","1.8867924528301887","3.7735849056603774","64","4.10546875","19","256","334","9.453125","5.859375","3.125","2.34375","5.078125","64","3.9700374531835205","19","267","419","9.243445692883896","0.7490636704119851","2.247191011235955","4.119850187265918","3.745318352059925","64","3.9461883408071747","28","223","399","9.300448430493274","4.0358744394618835","4.484304932735426","7.623318385650224","2.242152466367713","64","3.98728813559322","12","236","280","9.338983050847459","2.542372881355932","0","4.661016949152542","0.847457627118644","64","3.9721254355400695","20","287","351","9.421602787456447","6.2717770034843205","0.34843205574912894","0.34843205574912894","1.3937282229965158","64","4.035714285714286","16","252","414","9.404761904761905","4.365079365079365","1.1904761904761905","3.5714285714285716","3.5714285714285716","64","4.008032128514056","12","249","335","9.317269076305221","3.21285140562249","2.0080321285140563","3.6144578313253013","2.4096385542168677","64","4.047058823529412","21","255","397","9.325490196078432","0.7843137254901961","4.705882352941177","3.1372549019607843","0.7843137254901961","64","4.021660649819495","14","277","336","9.321299638989169","2.1660649819494586","2.1660649819494586","4.332129963898917","2.527075812274368","64","3.9927007299270074","19","274","358","9.35036496350365","4.744525547445256","1.4598540145985401","5.109489051094891","4.37956204379562","64","3.9753086419753085","9","243","314","9.333333333333334","0.823045267489712","0.823045267489712","4.11522633744856","3.292181069958848","64","4.019011406844107","13","263","296","9.490494296577946","1.9011406844106464","1.9011406844106464","3.802281368821293","0.7604562737642585","64","3.9744525547445257","13","274","377","9.211678832116789","2.18978102189781","1.4598540145985401","0.7299270072992701","6.569343065693431","64","4.0177304964539005","13","282","353","9.099290780141844","2.482269503546099","5.673758865248227","1.7730496453900708","0.7092198581560284","64","4.032894736842105","14","304","388","9.375","6.25","3.6184210526315788","5.2631578947368425","1.3157894736842106","64","4.09811320754717","15","265","360","9.441509433962263","4.528301886792453","6.7924528301886795","7.169811320754717","3.3962264150943398","64","4.063197026022305","15","269","327","9.20446096654275","6.319702602230484","1.486988847583643","3.345724907063197","4.089219330855019","64","4.030701754385965","13","228","235","9.368421052631579","4.824561403508772","0","5.701754385964913","6.140350877192983","64","4.060714285714286","16","280","328","9.478571428571428","5.357142857142857","5.714285714285714","0","2.142857142857143","64","4.091216216216216","9","296","333","9.094594594594595","2.027027027027027","2.364864864864865","7.094594594594595","2.027027027027027","64","3.955719557195572","10","271","387","9.247232472324724","5.166051660516605","0","2.5830258302583027","2.2140221402214024"
,"65","4.048148148148148","22","270","399","9.25925925925926","4.074074074074074","7.407407407407407","1.8518518518518519","0","65","4.063604240282685","20","283","371","9.265017667844523","2.4734982332155475","6.360424028268551","2.1201413427561837","3.5335689045936394","65","3.9116465863453813","18","249","402","9.196787148594378","0.8032128514056225","1.606425702811245","0.8032128514056225","2.0080321285140563","65","4.031358885017422","14","287","361","9.128919860627178","5.574912891986063","1.3937282229965158","1.3937282229965158","4.181184668989547","65","3.9320754716981132","18","265","332","9.29811320754717","0","0","4.150943396226415","1.509433962264151","65","3.9382716049382718","19","243","358","9.506172839506172","2.4691358024691357","3.7037037037037037","3.292181069958848","1.2345679012345678","65","4.184115523465704","24","277","419","9.292418772563177","8.303249097472925","2.1660649819494586","10.108303249097473","3.2490974729241877","65","3.9888475836431225","23","269","435","9.092936802973977","1.1152416356877324","0","4.089219330855019","8.178438661710038","65","3.988593155893536","25","263","358","9.224334600760455","4.182509505703422","0","1.9011406844106464","3.802281368821293","65","4.109375","19","256","334","9.453125","6.25","3.125","2.34375","5.078125","65","3.969811320754717","19","265","419","9.162264150943397","0.7547169811320755","2.2641509433962264","4.150943396226415","3.7735849056603774","65","3.940909090909091","30","220","399","9.163636363636364","4.090909090909091","4.090909090909091","7.7272727272727275","2.272727272727273","65","3.9871794871794872","12","234","280","9.282051282051283","2.5641025641025643","0","4.700854700854701","0.8547008547008547","65","3.9615384615384617","21","286","351","9.391608391608392","6.293706293706293","0","0","1.048951048951049","65","4.0436507936507935","16","252","414","9.404761904761905","4.365079365079365","1.1904761904761905","3.9682539682539684","3.5714285714285716","65","4.012295081967213","12","244","335","9.155737704918034","3.278688524590164","2.0491803278688523","3.278688524590164","2.459016393442623","65","4.047244094488189","21","254","397","9.283464566929133","0.7874015748031497","4.724409448818897","3.1496062992125986","0.7874015748031497","65","4.021739130434782","15","276","336","9.282608695652174","2.1739130434782608","2.1739130434782608","4.3478260869565215","2.536231884057971","65","3.9963235294117645","19","272","358","9.272058823529411","4.779411764705882","1.4705882352941178","5.147058823529412","4.411764705882353","65","3.975206611570248","10","242","314","9.289256198347108","0.8264462809917356","0.8264462809917356","4.132231404958677","3.3057851239669422","65","4.022900763358779","13","262","296","9.458015267175572","1.9083969465648856","1.9083969465648856","4.198473282442748","0.7633587786259542","65","3.978021978021978","13","273","377","9.172161172161172","2.197802197802198","1.465201465201465","0.7326007326007326","6.95970695970696","65","4.014285714285714","14","280","353","9.021428571428572","2.142857142857143","5.714285714285714","1.7857142857142858","0.7142857142857143","65","4.033003300330033","14","303","388","9.33993399339934","6.270627062706271","3.6303630363036303","5.2805280528052805","1.3201320132013201","65","4.1022727272727275","15","264","360","9.401515151515152","4.545454545454546","7.196969696969697","7.196969696969697","3.409090909090909","65","4.059479553903346","15","269","327","9.20446096654275","6.319702602230484","1.486988847583643","3.345724907063197","3.717472118959108","65","4.026431718061674","13","227","235","9.330396475770925","4.845814977973569","0","5.726872246696035","5.726872246696035","65","4.061151079136691","17","278","328","9.402877697841726","5.39568345323741","5.755395683453237","0","2.158273381294964","65","4.094594594594595","9","296","333","9.094594594594595","2.027027027027027","2.364864864864865","7.4324324324324325","2.027027027027027","65","3.955719557195572","10","271","387","9.247232472324724","5.166051660516605","0","2.5830258302583027","2.2140221402214024"
,"66","4.041044776119403","23","268","399","9.17910447761194","4.104477611940299","7.08955223880597","1.8656716417910448","0","66","4.0638297872340425","21","282","371","9.23404255319149","2.482269503546099","6.382978723404255","2.127659574468085","3.1914893617021276","66","3.9109311740890687","18","247","402","9.109311740890687","0.8097165991902834","1.214574898785425","0.8097165991902834","2.0242914979757085","66","4.031468531468532","14","286","361","9.090909090909092","5.594405594405594","1.3986013986013985","1.3986013986013985","4.195804195804196","66","3.9318181818181817","18","264","332","9.257575757575758","0","0","4.166666666666667","1.5151515151515151","66","3.9382716049382718","19","243","358","9.506172839506172","2.4691358024691357","3.7037037037037037","3.292181069958848","1.2345679012345678","66","4.176895306859206","24","277","419","9.292418772563177","8.303249097472925","1.444043321299639","10.108303249097473","3.2490974729241877","66","3.9888059701492535","24","268","435","9.059701492537313","1.1194029850746268","0","4.104477611940299","8.208955223880597","66","3.9885496183206106","25","262","358","9.183206106870228","4.198473282442748","0","1.9083969465648856","3.816793893129771","66","4.109375","19","256","334","9.453125","6.25","3.125","2.34375","5.078125","66","3.969811320754717","19","265","419","9.162264150943397","0.7547169811320755","2.2641509433962264","4.150943396226415","3.7735849056603774","66","3.940909090909091","30","220","399","9.163636363636364","4.090909090909091","4.090909090909091","7.7272727272727275","2.272727272727273","66","3.9871244635193133","12","233","280","9.236051502145923","2.575107296137339","0","4.721030042918455","0.8583690987124464","66","3.964788732394366","22","284","351","9.316901408450704","6.338028169014085","0","0","1.056338028169014","66","4.04","16","250","414","9.328","4.4","1.2","4","3.6","66","4.016393442622951","12","244","335","9.155737704918034","3.278688524590164","2.0491803278688523","2.8688524590163933","2.459016393442623","66","4.0436507936507935","21","252","397","9.198412698412698","0.7936507936507936","4.365079365079365","3.1746031746031744","0.7936507936507936","66","4.0218181818181815","16","275","336","9.243636363636364","2.1818181818181817","2.1818181818181817","4.363636363636363","2.5454545454545454","66","4","19","272","358","9.272058823529411","4.779411764705882","1.4705882352941178","5.147058823529412","4.411764705882353","66","3.975","12","240","314","9.2","0.8333333333333334","0.8333333333333334","4.166666666666667","3.3333333333333335","66","4.015384615384615","14","260","296","9.376923076923077","1.9230769230769231","1.9230769230769231","3.4615384615384617","0.7692307692307693","66","3.9743589743589745","13","273","377","9.172161172161172","2.197802197802198","1.465201465201465","0.7326007326007326","6.593406593406593","66","4.014336917562724","14","279","353","8.989247311827956","2.150537634408602","5.734767025089606","1.7921146953405018","0.7168458781362007","66","4.033003300330033","14","303","388","9.33993399339934","6.270627062706271","3.6303630363036303","5.2805280528052805","1.3201320132013201","66","4.114068441064639","16","263","360","9.361216730038024","4.562737642585551","7.984790874524715","7.224334600760456","3.4220532319391634","66","4.059701492537314","15","268","327","9.164179104477611","6.343283582089552","1.492537313432836","3.3582089552238807","3.7313432835820897","66","4.026431718061674","13","227","235","9.330396475770925","4.845814977973569","0","5.726872246696035","5.726872246696035","66","4.061371841155235","17","277","328","9.364620938628159","5.415162454873646","5.776173285198556","0","2.1660649819494586","66","4.091216216216216","9","296","333","9.094594594594595","2.027027027027027","2.364864864864865","7.094594594594595","2.027027027027027","66","3.9555555555555557","10","270","387","9.207407407407407","5.185185185185185","0","2.5925925925925926","2.2222222222222223"
,"67","4.048689138576779","24","267","429","9.363295880149813","4.119850187265918","7.49063670411985","1.8726591760299625","0","67","4.067857142857143","21","280","386","9.264285714285714","2.5","6.428571428571429","2.5","3.5714285714285716","67","3.902439024390244","19","246","417","9.1869918699187","0.8130081300813008","0.8130081300813008","0.8130081300813008","2.032520325203252","67","4.035087719298246","15","285","386","9.228070175438596","5.964912280701754","1.4035087719298245","1.4035087719298245","4.2105263157894735","67","3.931297709923664","19","262","347","9.290076335877863","0","0","4.198473282442748","1.5267175572519085","67","3.9382716049382718","19","243","362","9.539094650205762","2.4691358024691357","3.7037037037037037","3.292181069958848","1.2345679012345678","67","4.176895306859206","24","277","435","9.407942238267148","8.303249097472925","1.444043321299639","10.108303249097473","3.2490974729241877","67","3.9924528301886792","24","265","465","9.215094339622642","1.1320754716981132","0","4.150943396226415","8.30188679245283","67","3.9846153846153847","27","260","377","9.261538461538462","3.8461538461538463","0","1.9230769230769231","3.8461538461538463","67","4.109375","19","256","341","9.5078125","6.25","3.125","2.34375","5.078125","67","3.969811320754717","19","265","438","9.30566037735849","0.7547169811320755","2.2641509433962264","4.150943396226415","3.7735849056603774","67","3.9406392694063928","30","219","422","9.333333333333334","4.109589041095891","4.109589041095891","7.762557077625571","2.2831050228310503","67","3.9870689655172415","12","232","297","9.336206896551724","2.586206896551724","0","4.741379310344827","0.8620689655172413","67","3.9680851063829787","23","282","371","9.390070921985815","6.382978723404255","0","0","1.0638297872340425","67","4.04","16","250","422","9.392","4.4","1.2","3.6","3.6","67","4.016393442622951","12","244","359","9.352459016393443","3.278688524590164","2.0491803278688523","2.8688524590163933","2.459016393442623","67","4.044","21","250","419","9.312","0.8","4.4","3.2","0.8","67","4.0218181818181815","16","275","350","9.345454545454546","2.1818181818181817","2.1818181818181817","4.363636363636363","2.5454545454545454","67","3.9962962962962965","20","270","377","9.333333333333334","4.814814814814815","1.4814814814814814","5.185185185185185","4.074074074074074","67","3.9748953974895396","13","239","327","9.263598326359833","0.8368200836820083","0.8368200836820083","4.184100418410042","3.3472803347280333","67","4.015384615384615","14","260","313","9.507692307692308","1.9230769230769231","1.9230769230769231","3.4615384615384617","0.7692307692307693","67","3.974264705882353","13","272","397","9.286764705882353","2.2058823529411766","1.4705882352941178","0.7352941176470589","6.617647058823529","67","4.018050541516246","15","277","376","9.07581227436823","2.1660649819494586","5.776173285198556","1.8050541516245486","0.7220216606498195","67","4.033112582781457","15","302","399","9.37748344370861","6.291390728476821","3.642384105960265","5.298013245033113","1.3245033112582782","67","4.110266159695818","16","263","371","9.44486692015209","4.562737642585551","7.604562737642586","7.224334600760456","3.4220532319391634","67","4.059701492537314","15","268","335","9.223880597014926","6.343283582089552","1.492537313432836","3.3582089552238807","3.7313432835820897","67","4.0265486725663715","13","226","252","9.43362831858407","4.867256637168142","0","5.752212389380531","5.752212389380531","67","4.061594202898551","17","276","352","9.5","5.434782608695652","5.797101449275362","0","2.1739130434782608","67","4.088737201365188","9","293","346","9.10580204778157","2.04778156996587","2.3890784982935154","7.167235494880546","1.7064846416382253","67","3.9555555555555557","10","270","404","9.333333333333334","5.185185185185185","0","2.5925925925925926","2.2222222222222223"
,"68","4.0411985018726595","24","267","429","9.363295880149813","4.119850187265918","7.116104868913857","1.8726591760299625","0","68","4.067857142857143","21","280","386","9.264285714285714","2.5","6.785714285714286","2.142857142857143","3.2142857142857144","68","3.9065040650406506","19","246","417","9.1869918699187","0.8130081300813008","0.8130081300813008","0.8130081300813008","2.032520325203252","68","4.042253521126761","15","284","386","9.190140845070422","6.338028169014085","1.408450704225352","1.408450704225352","4.225352112676056","68","3.9310344827586206","20","261","347","9.24904214559387","0","0","4.21455938697318","1.5325670498084292","68","3.9382716049382718","19","243","362","9.539094650205762","2.4691358024691357","3.7037037037037037","3.292181069958848","1.2345679012345678","68","4.176895306859206","24","277","435","9.407942238267148","8.303249097472925","1.444043321299639","10.108303249097473","3.2490974729241877","68","4.003787878787879","24","264","465","9.227272727272727","1.1363636363636365","0","4.166666666666667","8.333333333333334","68","3.9846153846153847","27","260","377","9.261538461538462","3.8461538461538463","0","1.9230769230769231","3.8461538461538463","68","4.113725490196078","20","255","341","9.466666666666667","6.2745098039215685","3.1372549019607843","2.3529411764705883","5.098039215686274","68","3.969811320754717","19","265","438","9.30566037735849","0.7547169811320755","2.2641509433962264","4.150943396226415","3.7735849056603774","68","3.9403669724770642","30","218","422","9.293577981651376","4.128440366972477","4.128440366972477","7.798165137614679","2.293577981651376","68","3.986899563318777","14","229","297","9.231441048034934","2.6200873362445414","0","4.8034934497816595","0.8733624454148472","68","3.9679715302491103","24","281","371","9.352313167259787","6.405693950177936","0","0","1.0676156583629892","68","4.04","16","250","422","9.392","4.4","1.2","4","3.6","68","4.016528925619835","13","242","359","9.264462809917354","3.3057851239669422","2.0661157024793386","2.8925619834710745","2.479338842975207","68","4.044354838709677","22","248","419","9.233870967741936","0.8064516129032258","4.435483870967742","3.225806451612903","0.8064516129032258","68","4.018450184501845","19","271","350","9.202952029520295","1.845018450184502","2.2140221402214024","4.428044280442805","2.5830258302583027","68","3.9962962962962965","20","270","377","9.333333333333334","4.814814814814815","1.4814814814814814","5.185185185185185","4.074074074074074","68","3.9748953974895396","13","239","327","9.263598326359833","0.8368200836820083","0.8368200836820083","4.184100418410042","3.3472803347280333","68","4.007722007722008","15","259","313","9.467181467181467","1.5444015444015444","1.9305019305019304","3.088803088803089","0.7722007722007722","68","3.9667896678966788","13","271","397","9.247232472324724","2.2140221402214024","1.4760147601476015","0.7380073800738007","6.273062730627307","68","4.018115942028985","15","276","376","9.043478260869565","2.1739130434782608","5.434782608695652","1.8115942028985508","0.7246376811594203","68","4.033112582781457","15","302","399","9.37748344370861","6.291390728476821","3.642384105960265","5.298013245033113","1.3245033112582782","68","4.110266159695818","16","263","371","9.44486692015209","4.562737642585551","7.604562737642586","7.224334600760456","3.4220532319391634","68","4.059701492537314","15","268","335","9.223880597014926","6.343283582089552","1.492537313432836","3.3582089552238807","3.7313432835820897","68","4.0265486725663715","13","226","252","9.43362831858407","4.867256637168142","0","5.752212389380531","5.752212389380531","68","4.062043795620438","17","274","352","9.423357664233576","5.474452554744525","5.839416058394161","0","2.18978102189781","68","4.081911262798635","9","293","346","9.10580204778157","2.04778156996587","2.3890784982935154","6.825938566552901","1.3651877133105803","68","3.9553903345724906","10","269","404","9.293680297397769","5.204460966542751","0","2.6022304832713754","2.2304832713754648"
,"69","4.048689138576779","24","267","429","9.363295880149813","4.119850187265918","7.49063670411985","1.8726591760299625","0","69","4.0647482014388485","21","278","386","9.18705035971223","2.5179856115107913","6.474820143884892","2.158273381294964","3.597122302158273","69","3.902439024390244","19","246","417","9.1869918699187","0.8130081300813008","0.8130081300813008","0.8130081300813008","2.032520325203252","69","4.046099290780142","16","282","386","9.113475177304965","6.382978723404255","1.4184397163120568","1.4184397163120568","4.25531914893617","69","3.9310344827586206","20","261","347","9.24904214559387","0","0","4.21455938697318","1.5325670498084292","69","3.93801652892562","19","242","362","9.49586776859504","2.479338842975207","3.71900826446281","3.3057851239669422","1.2396694214876034","69","4.173913043478261","25","276","435","9.369565217391305","8.333333333333334","1.4492753623188406","9.782608695652174","3.260869565217391","69","4.003787878787879","24","264","465","9.227272727272727","1.1363636363636365","0","4.166666666666667","8.333333333333334","69","3.988372093023256","27","258","377","9.186046511627907","3.875968992248062","0","1.937984496124031","3.875968992248062","69","4.118110236220472","21","254","341","9.4251968503937","6.299212598425197","3.1496062992125986","2.3622047244094486","5.118110236220472","69","3.969811320754717","19","265","438","9.30566037735849","0.7547169811320755","2.2641509433962264","4.150943396226415","3.7735849056603774","69","3.9403669724770642","30","218","422","9.293577981651376","4.128440366972477","4.128440366972477","7.798165137614679","2.293577981651376","69","3.986899563318777","14","229","297","9.231441048034934","2.6200873362445414","0","4.8034934497816595","0.8733624454148472","69","3.967741935483871","25","279","371","9.275985663082437","6.451612903225806","0","0","1.075268817204301","69","4.04","16","250","422","9.392","4.4","1.2","3.6","3.6","69","4.016666666666667","13","240","359","9.175","3.3333333333333335","2.0833333333333335","2.9166666666666665","2.5","69","4.040485829959514","22","247","419","9.23076923076923","0.8097165991902834","4.4534412955465585","2.834008097165992","0.8097165991902834","69","4.018518518518518","19","270","350","9.162962962962963","1.4814814814814814","2.2222222222222223","4.444444444444445","2.5925925925925926","69","3.996282527881041","21","269","377","9.293680297397769","4.83271375464684","1.486988847583643","5.204460966542751","4.089219330855019","69","3.9747899159663866","13","238","327","9.218487394957982","0.8403361344537815","0.8403361344537815","4.201680672268908","3.361344537815126","69","4.015444015444015","15","259","313","9.467181467181467","1.9305019305019304","1.9305019305019304","3.474903474903475","0.7722007722007722","69","3.974169741697417","13","271","397","9.247232472324724","2.2140221402214024","1.4760147601476015","0.7380073800738007","6.642066420664206","69","4.014545454545455","15","275","376","9.003636363636364","2.1818181818181817","5.454545454545454","1.4545454545454546","0.7272727272727273","69","4.033112582781457","15","302","399","9.37748344370861","6.291390728476821","3.642384105960265","5.298013245033113","1.3245033112582782","69","4.110266159695818","16","263","371","9.44486692015209","4.562737642585551","7.604562737642586","7.224334600760456","3.4220532319391634","69","4.059925093632959","16","267","335","9.183520599250937","6.367041198501872","1.4981273408239701","3.3707865168539324","3.745318352059925","69","4.0265486725663715","13","226","252","9.43362831858407","4.867256637168142","0","5.752212389380531","5.752212389380531","69","4.062271062271062","18","273","352","9.384615384615385","5.4945054945054945","5.86080586080586","0","2.197802197802198","69","4.085324232081911","9","293","346","9.10580204778157","2.04778156996587","2.3890784982935154","7.167235494880546","1.3651877133105803","69","3.955223880597015","11","268","404","9.253731343283581","5.223880597014926","0","2.611940298507463","2.2388059701492535"
,"70","4.0411985018726595","24","267","441","9.453183520599252","4.119850187265918","7.116104868913857","1.8726591760299625","0","70","4.0647482014388485","21","278","406","9.33093525179856","2.5179856115107913","6.474820143884892","2.158273381294964","3.237410071942446","70","3.9065040650406506","19","246","430","9.292682926829269","0.8130081300813008","0.8130081300813008","0.8130081300813008","2.032520325203252","70","4.0462633451957295","17","281","407","9.224199288256228","6.405693950177936","1.4234875444839858","1.4234875444839858","4.270462633451957","70","3.9307692307692306","20","260","372","9.4","0","0","4.230769230769231","1.5384615384615385","70","3.941666666666667","21","240","369","9.466666666666667","2.5","4.166666666666667","3.3333333333333335","1.25","70","4.173913043478261","25","276","442","9.420289855072463","8.333333333333334","1.4492753623188406","9.782608695652174","3.260869565217391","70","4.007604562737643","24","263","490","9.376425855513308","1.1406844106463878","0","4.182509505703422","8.365019011406844","70","3.988372093023256","27","258","401","9.372093023255815","3.875968992248062","0","1.937984496124031","3.875968992248062","70","4.126984126984127","21","252","352","9.428571428571429","6.746031746031746","3.1746031746031744","2.380952380952381","5.555555555555555","70","3.9696969696969697","19","264","452","9.371212121212121","0.7575757575757576","2.272727272727273","4.166666666666667","3.787878787878788","70","3.9400921658986174","30","217","440","9.410138248847927","4.147465437788019","4.147465437788019","7.8341013824884795","2.304147465437788","70","3.986899563318777","14","229","321","9.441048034934498","2.6200873362445414","0","4.8034934497816595","0.8733624454148472","70","3.967391304347826","25","276","395","9.347826086956522","6.521739130434782","0","0","1.0869565217391304","70","4.040160642570281","17","249","431","9.421686746987952","4.417670682730924","1.2048192771084338","4.016064257028113","3.6144578313253013","70","4.016806722689076","14","238","382","9.277310924369749","3.361344537815126","2.100840336134454","2.9411764705882355","2.5210084033613445","70","4.036437246963563","22","247","444","9.433198380566802","0.8097165991902834","4.4534412955465585","2.42914979757085","0.8097165991902834","70","4.018587360594796","19","269","372","9.28624535315985","1.486988847583643","2.2304832713754648","4.4609665427509295","2.6022304832713754","70","3.996268656716418","21","268","396","9.455223880597014","4.850746268656716","1.492537313432836","5.223880597014926","4.104477611940299","70","3.9745762711864407","13","236","345","9.330508474576272","0.847457627118644","0.847457627118644","4.237288135593221","3.389830508474576","70","4.003875968992248","16","258","321","9.496124031007753","1.550387596899225","1.937984496124031","3.10077519379845","0.3875968992248062","70","3.9703703703703703","13","270","412","9.325925925925926","2.2222222222222223","1.4814814814814814","0.7407407407407407","6.666666666666667","70","4.010909090909091","15","275","408","9.236363636363636","2.1818181818181817","5.454545454545454","1.0909090909090908","0.7272727272727273","70","4.033112582781457","15","302","408","9.437086092715232","6.291390728476821","3.642384105960265","5.298013245033113","1.3245033112582782","70","4.1106870229007635","16","262","379","9.465648854961833","4.580152671755725","7.633587786259542","7.251908396946565","3.435114503816794","70","4.06015037593985","17","266","348","9.240601503759398","6.390977443609023","1.5037593984962405","3.3834586466165413","3.7593984962406015","70","4.0265486725663715","13","226","261","9.513274336283185","4.867256637168142","0","5.752212389380531","5.752212389380531","70","4.062271062271062","18","273","374","9.545787545787546","5.4945054945054945","5.86080586080586","0","2.197802197802198","70","4.081911262798635","9","293","363","9.22184300341297","2.04778156996587","2.3890784982935154","6.825938566552901","1.3651877133105803","70","3.955223880597015","11","268","417","9.350746268656716","5.223880597014926","0","2.611940298507463","2.2388059701492535"
,"71","4.048689138576779","24","267","441","9.453183520599252","4.119850187265918","7.49063670411985","1.8726591760299625","0","71","4.0647482014388485","21","278","406","9.33093525179856","2.5179856115107913","6.474820143884892","2.158273381294964","3.597122302158273","71","3.902439024390244","19","246","430","9.292682926829269","0.8130081300813008","0.8130081300813008","0.8130081300813008","2.032520325203252","71","4.0462633451957295","17","281","407","9.224199288256228","6.405693950177936","1.4234875444839858","1.4234875444839858","4.270462633451957","71","3.9343629343629343","21","259","372","9.366795366795367","0","0","4.633204633204633","1.5444015444015444","71","3.9375","21","240","369","9.466666666666667","2.5","3.75","3.3333333333333335","1.25","71","4.171532846715328","27","274","442","9.343065693430656","8.394160583941606","1.4598540145985401","9.489051094890511","3.2846715328467155","71","4.007692307692308","24","260","490","9.253846153846155","1.1538461538461537","0","4.230769230769231","8.461538461538462","71","3.9883268482490273","28","257","401","9.330739299610896","3.8910505836575875","0","1.9455252918287937","3.8910505836575875","71","4.12","22","250","352","9.36","6.4","3.2","2.4","5.2","71","3.965909090909091","19","264","452","9.371212121212121","0.7575757575757576","2.272727272727273","4.166666666666667","3.787878787878788","71","3.9400921658986174","30","217","440","9.410138248847927","4.147465437788019","4.147465437788019","7.8341013824884795","2.304147465437788","71","3.986784140969163","15","227","321","9.3568281938326","2.643171806167401","0","4.845814977973569","0.8810572687224669","71","3.9672727272727273","26","275","395","9.323636363636364","6.545454545454546","0","0","1.0909090909090908","71","4.040160642570281","17","249","431","9.421686746987952","4.417670682730924","1.2048192771084338","3.6144578313253013","3.6144578313253013","71","4.016806722689076","14","238","382","9.277310924369749","3.361344537815126","2.100840336134454","2.9411764705882355","2.5210084033613445","71","4.036585365853658","23","246","444","9.398373983739837","0.8130081300813008","4.471544715447155","2.4390243902439024","0.8130081300813008","71","4.0187265917602994","20","267","372","9.213483146067416","1.4981273408239701","2.247191011235955","4.49438202247191","2.6217228464419478","71","3.9962546816479403","21","267","396","9.415730337078651","4.868913857677903","1.4981273408239701","5.2434456928838955","4.119850187265918","71","3.974468085106383","14","235","345","9.285106382978723","0.851063829787234","0.851063829787234","4.25531914893617","3.404255319148936","71","4.007751937984496","16","258","321","9.496124031007753","1.937984496124031","1.937984496124031","3.488372093023256","0","71","3.962825278810409","13","269","412","9.28624535315985","2.2304832713754648","1.486988847583643","0.7434944237918215","6.319702602230484","71","4.007272727272727","15","275","408","9.236363636363636","2.1818181818181817","5.454545454545454","0.7272727272727273","0.7272727272727273","71","4.033557046979865","17","298","408","9.295302013422818","6.375838926174497","3.3557046979865772","5.369127516778524","1.342281879194631","71","4.111111111111111","16","261","379","9.425287356321839","4.597701149425287","7.662835249042145","7.2796934865900385","3.4482758620689653","71","4.06015037593985","17","266","348","9.240601503759398","6.390977443609023","1.5037593984962405","3.3834586466165413","3.7593984962406015","71","4.0265486725663715","13","226","261","9.513274336283185","4.867256637168142","0","5.752212389380531","5.752212389380531","71","4.055762081784387","20","269","374","9.427509293680297","5.5762081784386615","5.204460966542751","0","2.2304832713754648","71","4.081911262798635","9","293","363","9.22184300341297","2.04778156996587","2.3890784982935154","6.825938566552901","1.3651877133105803","71","3.955056179775281","11","267","417","9.318352059925093","5.2434456928838955","0","2.6217228464419478","2.247191011235955"
,"72","4.0411985018726595","24","267","441","9.453183520599252","4.119850187265918","7.116104868913857","1.8726591760299625","0","72","4.068840579710145","22","276","406","9.31159420289855","2.536231884057971","6.884057971014493","2.1739130434782608","3.260869565217391","72","3.9065040650406506","19","246","430","9.292682926829269","0.8130081300813008","0.8130081300813008","0.8130081300813008","2.032520325203252","72","4.0462633451957295","17","281","407","9.224199288256228","6.405693950177936","1.4234875444839858","1.4234875444839858","4.270462633451957","72","3.941860465116279","22","258","372","9.325581395348838","0","0","5.426356589147287","1.550387596899225","72","3.937238493723849","21","239","369","9.430962343096235","2.510460251046025","3.7656903765690375","3.3472803347280333","1.2552301255230125","72","4.171532846715328","27","274","442","9.343065693430656","8.394160583941606","1.4598540145985401","9.489051094890511","3.2846715328467155","72","4.007692307692308","24","260","490","9.253846153846155","1.1538461538461537","0","4.230769230769231","8.461538461538462","72","3.9883268482490273","28","257","401","9.330739299610896","3.8910505836575875","0","1.9455252918287937","3.8910505836575875","72","4.120967741935484","23","248","352","9.274193548387096","6.451612903225806","3.225806451612903","2.4193548387096775","5.241935483870968","72","3.9734848484848486","19","264","452","9.371212121212121","0.7575757575757576","2.272727272727273","4.545454545454546","3.787878787878788","72","3.9400921658986174","30","217","440","9.410138248847927","4.147465437788019","4.147465437788019","7.8341013824884795","2.304147465437788","72","3.986666666666667","15","225","321","9.262222222222222","2.6666666666666665","0","4.888888888888889","0.8888888888888888","72","3.9633699633699635","26","273","395","9.252747252747254","6.227106227106227","0","0","0.7326007326007326","72","4.044176706827309","17","249","431","9.421686746987952","4.417670682730924","1.2048192771084338","4.417670682730924","3.6144578313253013","72","4.016806722689076","14","238","382","9.277310924369749","3.361344537815126","2.100840336134454","2.9411764705882355","2.5210084033613445","72","4.036734693877551","23","245","444","9.355102040816327","0.8163265306122449","4.489795918367347","2.4489795918367347","0.8163265306122449","72","4.022641509433963","22","265","372","9.139622641509433","1.509433962264151","2.2641509433962264","4.90566037735849","2.641509433962264","72","3.9962546816479403","21","267","396","9.415730337078651","4.868913857677903","1.4981273408239701","5.2434456928838955","4.119850187265918","72","3.974468085106383","14","235","345","9.285106382978723","0.851063829787234","0.851063829787234","4.25531914893617","3.404255319148936","72","4","16","257","321","9.463035019455253","1.556420233463035","1.9455252918287937","3.11284046692607","0","72","3.970260223048327","13","269","412","9.28624535315985","2.2304832713754648","1.486988847583643","0.7434944237918215","6.691449814126394","72","4.007299270072993","15","274","408","9.197080291970803","2.18978102189781","5.474452554744525","0.7299270072992701","0.7299270072992701","72","4.033670033670034","18","297","408","9.25925925925926","6.397306397306397","3.0303030303030303","5.3872053872053876","1.3468013468013469","72","4.114942528735632","16","261","379","9.425287356321839","4.597701149425287","7.662835249042145","7.662835249042145","3.4482758620689653","72","4.06015037593985","17","266","348","9.240601503759398","6.390977443609023","1.5037593984962405","3.3834586466165413","3.7593984962406015","72","4.0265486725663715","13","226","261","9.513274336283185","4.867256637168142","0","5.752212389380531","5.752212389380531","72","4.055762081784387","20","269","374","9.427509293680297","5.5762081784386615","5.204460966542751","0","2.2304832713754648","72","4.081911262798635","9","293","363","9.22184300341297","2.04778156996587","2.3890784982935154","6.825938566552901","1.3651877133105803","72","3.955056179775281","11","267","417","9.318352059925093","5.2434456928838955","0","2.6217228464419478","2.247191011235955"
,"73","3.88768115942029","24","276","445","9.376811594202898","5.072463768115942","9.420289855072463","3.260869565217391","1.4492753623188406","73","3.8823529411764706","22","289","421","9.321799307958477","3.114186851211073","7.612456747404845","4.1522491349480966","4.498269896193771","73","3.7209302325581395","19","258","438","9.248062015503876","2.7131782945736433","3.10077519379845","1.550387596899225","2.7131782945736433","73","3.9615384615384617","17","286","424","9.44055944055944","7.3426573426573425","2.097902097902098","1.7482517482517483","4.195804195804196","73","3.8233082706766917","22","266","387","9.443609022556391","0.7518796992481203","1.5037593984962405","7.142857142857143","2.255639097744361","73","3.7661290322580645","23","248","382","9.387096774193548","3.225806451612903","4.838709677419355","6.451612903225806","3.225806451612903","73","3.79933110367893","27","299","459","9.210702341137123","11.705685618729097","5.016722408026756","13.043478260869565","4.682274247491639","73","3.8450184501845017","24","271","509","9.394833948339484","2.952029520295203","2.2140221402214024","5.166051660516605","9.59409594095941","73","3.717391304347826","28","276","421","9.246376811594203","6.521739130434782","2.898550724637681","4.3478260869565215","6.159420289855072","73","3.8555133079847907","23","263","371","9.269961977186313","8.365019011406844","4.562737642585551","4.562737642585551","7.604562737642586","73","3.7302158273381294","21","278","464","9.273381294964029","2.5179856115107913","2.8776978417266186","6.115107913669065","6.474820143884892","73","3.5458333333333334","30","240","454","9.166666666666666","6.666666666666667","7.5","9.166666666666666","5","73","3.6463414634146343","15","246","340","9.203252032520325","4.878048780487805","2.845528455284553","8.130081300813009","4.065040650406504","73","3.823321554770318","26","283","423","9.462897526501767","7.773851590106007","0.7067137809187279","2.1201413427561837","2.1201413427561837","73","3.8106060606060606","17","264","438","9.272727272727273","7.196969696969697","4.166666666666667","3.787878787878788","4.924242424242424","73","3.83739837398374","15","246","402","9.365853658536585","3.252032520325203","3.252032520325203","4.878048780487805","3.252032520325203","73","3.7748091603053435","23","262","462","9.305343511450381","2.2900763358778624","6.106870229007634","3.816793893129771","1.5267175572519085","73","3.6782006920415227","22","289","396","9.162629757785467","3.8062283737024223","5.882352941176471","8.650519031141869","6.920415224913495","73","3.686411149825784","23","287","411","9.289198606271777","7.665505226480836","4.529616724738676","7.665505226480836","5.574912891986063","73","3.7211155378486054","14","251","362","9.290836653386455","2.7888446215139444","3.585657370517928","5.179282868525896","5.577689243027889","73","3.612676056338028","16","284","331","9.288732394366198","5.633802816901408","5.985915492957746","9.154929577464788","3.5211267605633805","73","3.7385159010600706","13","283","432","9.314487632508834","3.8869257950530036","3.8869257950530036","3.5335689045936394","8.8339222614841","73","3.8257839721254356","15","287","422","9.275261324041812","5.574912891986063","5.923344947735192","1.7421602787456445","2.7874564459930316","73","3.8852459016393444","19","305","429","9.429508196721311","7.540983606557377","3.6065573770491803","5.573770491803279","2.2950819672131146","73","3.8185053380782916","16","281","388","9.195729537366548","7.473309608540926","9.252669039145907","7.829181494661921","6.405693950177936","73","3.6610169491525424","17","295","364","9.057627118644067","10.847457627118644","3.7288135593220337","6.440677966101695","7.11864406779661","73","3.9391304347826086","13","230","267","9.504347826086956","6.086956521739131","1.3043478260869565","6.086956521739131","6.086956521739131","73","3.7832167832167833","20","286","392","9.335664335664335","8.041958041958042","6.293706293706293","1.3986013986013985","5.244755244755245","73","3.7714285714285714","9","315","373","9.155555555555555","4.761904761904762","5.714285714285714","10.158730158730158","3.492063492063492","73","3.7314487632508833","11","283","424","9.27208480565371","7.420494699646643","1.0600706713780919","5.6537102473498235","3.1802120141342756"
,"74","4.04014598540146","24","274","445","9.306569343065693","4.014598540145985","8.02919708029197","1.8248175182481752","0","74","4.0899653979238755","22","289","421","9.321799307958477","2.422145328719723","6.920415224913495","4.498269896193771","3.8062283737024223","74","3.9108527131782944","19","258","438","9.248062015503876","0.7751937984496124","2.7131782945736433","1.550387596899225","1.1627906976744187","74","4.049295774647887","17","284","424","9.366197183098592","7.394366197183099","1.408450704225352","1.408450704225352","4.225352112676056","74","3.9431818181818183","23","264","387","9.363636363636363","0","0","5.303030303030303","1.5151515151515151","74","3.939516129032258","23","248","382","9.387096774193548","1.6129032258064515","3.629032258064516","4.435483870967742","0.4032258064516129","74","4.197324414715719","27","299","459","9.210702341137123","9.698996655518394","2.0066889632107023","10.367892976588628","3.3444816053511706","74","4.0335820895522385","24","268","509","9.305970149253731","1.8656716417910448","0","5.223880597014926","8.955223880597014","74","3.996376811594203","28","276","421","9.246376811594203","3.9855072463768115","0","1.8115942028985508","5.072463768115942","74","4.102661596958175","23","263","371","9.269961977186313","6.844106463878327","4.182509505703422","2.661596958174905","6.844106463878327","74","3.9748201438848922","21","278","464","9.273381294964029","1.4388489208633093","2.8776978417266186","4.676258992805756","5.0359712230215825","74","3.8958333333333335","30","240","454","9.166666666666666","4.583333333333333","4.583333333333333","5","2.0833333333333335","74","4.016260162601626","15","246","340","9.203252032520325","2.845528455284553","1.6260162601626016","6.504065040650406","1.2195121951219512","74","3.9645390070921986","26","282","423","9.425531914893616","6.028368794326241","0","0","1.0638297872340425","74","4.0418250950570345","17","263","438","9.2319391634981","4.182509505703422","3.041825095057034","3.041825095057034","4.562737642585551","74","4.0081632653061225","15","245","402","9.322448979591837","3.2653061224489797","2.0408163265306123","3.2653061224489797","3.2653061224489797","74","4.011494252873563","23","261","462","9.333333333333334","0","4.980842911877395","2.681992337164751","0.7662835249042146","74","4.031358885017422","23","287","396","9.13588850174216","2.0905923344947737","2.0905923344947737","5.574912891986063","3.484320557491289","74","4.007042253521127","24","284","411","9.17605633802817","5.633802816901408","4.577464788732394","3.5211267605633805","1.408450704225352","74","3.956175298804781","14","251","362","9.290836653386455","2.7888446215139444","1.593625498007968","4.382470119521912","2.7888446215139444","74","4.01056338028169","16","284","331","9.288732394366198","3.8732394366197185","3.5211267605633805","3.5211267605633805","0","74","4.0177304964539005","13","282","432","9.28368794326241","3.1914893617021276","2.8368794326241136","2.127659574468085","7.801418439716312","74","4.035087719298246","16","285","422","9.2","4.2105263157894735","5.2631578947368425","1.0526315789473684","1.4035087719298245","74","4.006666666666667","19","300","429","9.266666666666667","5.333333333333333","3","4.666666666666667","0.6666666666666666","74","4.128113879003559","16","281","388","9.195729537366548","6.049822064056939","8.185053380782918","6.761565836298932","3.9145907473309607","74","4.067796610169491","17","295","364","9.057627118644067","6.101694915254237","1.3559322033898304","3.389830508474576","6.101694915254237","74","4.022026431718062","14","227","267","9.365638766519824","4.405286343612334","0","5.726872246696035","5.726872246696035","74","4.031468531468532","20","286","392","9.335664335664335","5.944055944055944","4.895104895104895","0","2.097902097902098","74","4.092651757188499","11","313","373","9.092651757188499","3.194888178913738","3.194888178913738","5.7507987220447285","1.2779552715654952","74","3.978798586572438","11","283","424","9.27208480565371","6.007067137809187","1.4134275618374559","3.8869257950530036","2.1201413427561837"
,"75","4.0476190476190474","25","273","445","9.267399267399268","4.395604395604396","8.058608058608058","1.8315018315018314","0","75","4.097222222222222","22","288","421","9.284722222222221","2.4305555555555554","6.944444444444445","4.513888888888889","4.513888888888889","75","3.9031007751937983","19","258","438","9.248062015503876","0.7751937984496124","2.7131782945736433","1.550387596899225","0.7751937984496124","75","4.0462633451957295","19","281","424","9.252669039145907","6.761565836298932","1.4234875444839858","1.4234875444839858","4.270462633451957","75","3.9431818181818183","23","264","387","9.363636363636363","0","0","5.303030303030303","1.5151515151515151","75","3.9392712550607287","23","247","382","9.352226720647772","1.6194331983805668","3.6437246963562755","4.8582995951417","0","75","4.175675675675675","27","296","459","9.121621621621621","9.45945945945946","1.6891891891891893","9.45945945945946","2.364864864864865","75","4.044943820224719","25","267","509","9.265917602996256","1.8726591760299625","0","5.2434456928838955","9.363295880149813","75","3.9927007299270074","29","274","421","9.167883211678832","4.014598540145985","0","1.8248175182481752","4.744525547445256","75","4.1106870229007635","24","262","371","9.229007633587786","6.870229007633588","4.580152671755725","2.2900763358778624","6.870229007633588","75","3.971014492753623","22","276","464","9.231884057971014","1.4492753623188406","2.898550724637681","4.7101449275362315","5.072463768115942","75","3.8987341772151898","30","237","454","9.037974683544304","4.219409282700422","4.641350210970464","5.063291139240507","2.109704641350211","75","4.004098360655738","15","244","340","9.114754098360656","2.459016393442623","0.819672131147541","6.557377049180328","1.2295081967213115","75","3.9572953736654806","26","281","423","9.387900355871887","6.049822064056939","0","0","0.7117437722419929","75","4.0458015267175576","18","262","438","9.19083969465649","3.816793893129771","2.6717557251908395","3.435114503816794","4.198473282442748","75","4.012244897959183","15","245","402","9.322448979591837","3.2653061224489797","2.0408163265306123","2.857142857142857","3.673469387755102","75","4.0115384615384615","24","260","462","9.292307692307693","0","5","2.3076923076923075","0.7692307692307693","75","4.038461538461538","24","286","396","9.097902097902098","2.097902097902098","2.097902097902098","5.944055944055944","3.4965034965034967","75","4.010600706713781","24","283","411","9.137809187279151","6.360424028268551","4.240282685512367","2.4734982332155475","1.4134275618374559","75","3.96","14","250","362","9.248","2.8","1.2","4.8","2.4","75","4.007067137809187","16","283","331","9.30035335689046","3.8869257950530036","3.5335689045936394","3.1802120141342756","0","75","4.00709219858156","13","282","432","9.28368794326241","2.8368794326241136","2.482269503546099","1.4184397163120568","8.51063829787234","75","4.028169014084507","16","284","422","9.183098591549296","4.225352112676056","5.28169014084507","0.704225352112676","0.704225352112676","75","4.006666666666667","19","300","429","9.266666666666667","5.333333333333333","3","4.666666666666667","0.6666666666666666","75","4.132142857142857","17","280","388","9.157142857142857","6.428571428571429","7.857142857142857","6.785714285714286","3.9285714285714284","75","4.078231292517007","17","294","364","9.020408163265307","6.462585034013605","1.3605442176870748","3.741496598639456","6.122448979591836","75","4.039823008849558","15","226","267","9.31858407079646","4.867256637168142","0","5.752212389380531","5.752212389380531","75","4.031468531468532","20","286","392","9.335664335664335","6.293706293706293","4.195804195804196","0","2.097902097902098","75","4.083870967741936","13","310","373","8.993548387096775","2.903225806451613","2.5806451612903225","5.806451612903226","1.2903225806451613","75","3.98220640569395","11","281","424","9.195729537366548","6.049822064056939","1.4234875444839858","3.5587188612099645","2.1352313167259784"
,"76","4.036764705882353","25","272","459","9.330882352941176","4.044117647058823","7.720588235294118","1.838235294117647","0","76","4.100694444444445","22","288","435","9.381944444444445","2.4305555555555554","7.291666666666667","4.166666666666667","4.513888888888889","76","3.906614785992218","19","257","442","9.237354085603112","0.7782101167315175","2.7237354085603114","1.556420233463035","0.7782101167315175","76","4.046428571428572","19","280","443","9.378571428571428","6.785714285714286","1.4285714285714286","1.4285714285714286","4.285714285714286","76","3.9429657794676807","24","263","394","9.384030418250951","0","0","5.32319391634981","1.520912547528517","76","3.9392712550607287","23","247","392","9.433198380566802","1.6194331983805668","4.048582995951417","4.4534412955465585","0","76","4.163822525597269","29","293","472","9.112627986348123","9.215017064846416","2.04778156996587","8.19112627986348","2.3890784982935154","76","4.037453183520599","25","267","520","9.348314606741573","1.8726591760299625","0","5.2434456928838955","8.98876404494382","76","4.0036496350364965","29","274","432","9.248175182481752","4.014598540145985","0","2.18978102189781","4.744525547445256","76","4.103448275862069","25","261","383","9.279693486590038","6.896551724137931","4.21455938697318","2.2988505747126435","6.896551724137931","76","3.9744525547445257","23","274","482","9.284671532846716","1.4598540145985401","2.9197080291970803","4.744525547445256","5.109489051094891","76","3.8818565400843883","30","237","470","9.172995780590718","3.3755274261603376","4.641350210970464","4.219409282700422","2.109704641350211","76","4.008230452674897","16","243","356","9.209876543209877","2.4691358024691357","0.823045267489712","6.584362139917696","1.2345679012345678","76","3.960573476702509","27","279","437","9.412186379928315","6.093189964157706","0","0","0.7168458781362007","76","4.038314176245211","18","261","450","9.241379310344827","3.4482758620689653","2.681992337164751","3.0651340996168583","4.21455938697318","76","4.008230452674897","16","243","409","9.292181069958847","3.292181069958848","2.05761316872428","2.880658436213992","3.292181069958848","76","4.0115384615384615","24","260","475","9.392307692307693","0","5","2.3076923076923075","0.7692307692307693","76","4.03859649122807","24","285","415","9.192982456140351","2.1052631578947367","2.1052631578947367","5.964912280701754","3.508771929824561","76","4.0177304964539005","24","282","431","9.25531914893617","6.382978723404255","4.609929078014185","2.482269503546099","1.4184397163120568","76","3.9518072289156625","14","249","373","9.357429718875501","2.4096385542168677","0.8032128514056225","4.417670682730924","2.4096385542168677","76","4","17","279","337","9.189964157706093","3.5842293906810037","3.942652329749104","2.867383512544803","0","76","4.00355871886121","14","281","438","9.295373665480428","2.8469750889679717","2.491103202846975","1.4234875444839858","7.829181494661921","76","4.028368794326241","16","282","445","9.27659574468085","4.25531914893617","5.319148936170213","0.7092198581560284","0.7092198581560284","76","4.01","19","300","451","9.413333333333334","5.333333333333333","3","4.666666666666667","0.6666666666666666","76","4.132616487455197","17","279","409","9.268817204301076","6.451612903225806","7.526881720430108","6.810035842293907","3.942652329749104","76","4.071672354948806","17","293","380","9.092150170648464","6.143344709897611","1.3651877133105803","3.4129692832764507","6.143344709897611","76","4.030973451327434","15","226","288","9.504424778761061","4.424778761061947","0","5.752212389380531","5.752212389380531","76","4.038461538461538","20","286","396","9.363636363636363","6.993006993006993","4.195804195804196","0","2.097902097902098","76","4.080645161290323","13","310","397","9.148387096774194","2.903225806451613","2.5806451612903225","5.483870967741935","1.2903225806451613","76","3.9714285714285715","11","280","441","9.278571428571428","5.714285714285714","1.4285714285714286","3.9285714285714284","1.4285714285714286"
,"77","4.047970479704797","25","271","459","9.291512915129152","4.428044280442805","8.118081180811808","1.845018450184502","0","77","4.100694444444445","22","288","435","9.381944444444445","2.4305555555555554","6.944444444444445","4.513888888888889","4.861111111111111","77","3.90234375","19","256","442","9.203125","0.78125","2.734375","1.5625","0.78125","77","4.046594982078853","19","279","443","9.340501792114695","6.810035842293907","1.4336917562724014","1.4336917562724014","4.301075268817204","77","3.946360153256705","24","261","394","9.31800766283525","0","0","5.363984674329502","1.5325670498084292","77","3.934959349593496","23","246","392","9.390243902439025","1.6260162601626016","3.658536585365854","4.471544715447155","0","77","4.160409556313994","29","293","472","9.112627986348123","9.215017064846416","1.7064846416382253","8.532423208191126","2.04778156996587","77","4.041353383458647","25","266","520","9.31578947368421","1.8796992481203008","0","5.2631578947368425","9.398496240601503","77","3.9963369963369964","29","273","432","9.208791208791208","4.029304029304029","0","1.8315018315018314","4.761904761904762","77","4.111969111969112","25","259","383","9.243243243243244","6.94980694980695","4.2471042471042475","2.3166023166023164","6.94980694980695","77","3.9705882352941178","25","272","482","9.205882352941176","1.4705882352941178","2.9411764705882355","4.779411764705882","5.147058823529412","77","3.8813559322033897","30","236","470","9.177966101694915","2.9661016949152543","4.661016949152542","4.237288135593221","2.1186440677966103","77","4.016666666666667","18","240","356","9.075","2.0833333333333335","0.8333333333333334","7.083333333333333","1.25","77","3.964028776978417","27","278","437","9.37410071942446","6.115107913669065","0","0","0.7194244604316546","77","4.042307692307692","19","260","450","9.2","3.4615384615384617","2.6923076923076925","3.4615384615384617","4.230769230769231","77","4","16","243","409","9.292181069958847","3.292181069958848","2.05761316872428","2.880658436213992","2.4691358024691357","77","4.011627906976744","25","258","475","9.310077519379846","0","5.038759689922481","2.3255813953488373","0.7751937984496124","77","4.042253521126761","24","284","415","9.19718309859155","2.112676056338028","2.112676056338028","6.338028169014085","3.5211267605633805","77","4.01779359430605","24","281","431","9.217081850533807","6.405693950177936","4.98220640569395","2.491103202846975","1.4234875444839858","77","3.9475806451612905","14","248","373","9.314516129032258","2.4193548387096775","0.4032258064516129","4.435483870967742","2.4193548387096775","77","4","17","277","337","9.11913357400722","3.6101083032490973","3.6101083032490973","3.2490974729241877","0","77","4.003571428571429","14","280","438","9.257142857142858","2.857142857142857","2.5","1.4285714285714286","8.214285714285714","77","4.02846975088968","16","281","445","9.238434163701067","4.270462633451957","5.338078291814947","0.7117437722419929","0.7117437722419929","77","4.006688963210703","19","299","451","9.377926421404682","5.351170568561873","3.0100334448160537","4.682274247491639","0.6688963210702341","77","4.136690647482014","17","278","409","9.258992805755396","6.474820143884892","7.194244604316546","7.194244604316546","3.9568345323741005","77","4.079037800687285","17","291","380","9.017182130584192","6.185567010309279","1.3745704467353952","3.7800687285223367","6.529209621993127","77","4.035555555555556","15","225","288","9.457777777777778","4.888888888888889","0","5.777777777777778","5.777777777777778","77","4.034965034965035","20","286","396","9.363636363636363","6.643356643356643","4.195804195804196","0","2.097902097902098","77","4.074918566775244","13","307","397","9.04885993485342","2.9315960912052117","2.2801302931596092","5.2117263843648205","1.3029315960912051","77","3.9714285714285715","11","280","441","9.278571428571428","6.071428571428571","1.4285714285714286","3.5714285714285716","1.4285714285714286"
,"78","4.037037037037037","25","270","459","9.251851851851852","4.074074074074074","7.777777777777778","1.8518518518518519","0","78","4.097560975609756","22","287","435","9.37979094076655","2.4390243902439024","6.968641114982578","4.181184668989547","4.181184668989547","78","3.905511811023622","19","254","442","9.118110236220472","0.7874015748031497","2.7559055118110236","1.5748031496062993","0.7874015748031497","78","4.046762589928058","20","278","443","9.302158273381295","6.83453237410072","1.4388489208633093","1.4388489208633093","4.316546762589928","78","3.95","24","260","394","9.276923076923078","0","0","5.769230769230769","1.5384615384615385","78","3.9346938775510205","23","245","392","9.346938775510203","1.6326530612244898","3.2653061224489797","4.489795918367347","0","78","4.155172413793103","29","290","472","9.048275862068966","9.310344827586206","1.3793103448275863","8.275862068965518","1.7241379310344827","78","4.037735849056604","26","265","520","9.275471698113208","1.8867924528301887","0","5.283018867924528","9.056603773584905","78","4","29","272","432","9.169117647058824","4.044117647058823","0","1.838235294117647","4.779411764705882","78","4.1050583657587545","25","257","383","9.15953307392996","7.003891050583658","3.8910505836575875","2.3346303501945527","7.003891050583658","78","3.974074074074074","26","270","482","9.125925925925927","1.4814814814814814","2.962962962962963","4.814814814814815","5.185185185185185","78","3.880851063829787","30","235","470","9.140425531914893","2.978723404255319","4.680851063829787","4.25531914893617","2.127659574468085","78","4.02092050209205","18","239","356","9.02928870292887","1.6736401673640167","0.8368200836820083","7.531380753138075","1.2552301255230125","78","3.9746376811594204","27","276","437","9.297101449275363","6.159420289855072","0","0","0.7246376811594203","78","4.038610038610039","20","259","450","9.158301158301159","3.474903474903475","2.7027027027027026","3.088803088803089","4.2471042471042475","78","4.0041322314049586","16","242","409","9.24793388429752","3.3057851239669422","2.0661157024793386","2.8925619834710745","2.479338842975207","78","4.01171875","27","256","475","9.2265625","0","5.078125","2.34375","0.78125","78","4.049822064056939","25","281","415","9.088967971530248","2.1352313167259784","2.1352313167259784","6.761565836298932","3.5587188612099645","78","4.017857142857143","24","280","431","9.178571428571429","6.428571428571429","4.642857142857143","2.5","1.4285714285714286","78","3.9475806451612905","14","248","373","9.314516129032258","2.4193548387096775","0.4032258064516129","4.435483870967742","2.4193548387096775","78","4","17","277","337","9.11913357400722","3.6101083032490973","3.9711191335740073","2.888086642599278","0","78","4.007142857142857","14","280","438","9.257142857142858","2.857142857142857","2.5","1.4285714285714286","8.214285714285714","78","4.0285714285714285","16","280","445","9.207142857142857","4.285714285714286","5.357142857142857","0.7142857142857143","0.7142857142857143","78","4.006734006734007","19","297","451","9.306397306397306","5.3872053872053876","3.0303030303030303","4.377104377104377","0.6734006734006734","78","4.133574007220217","17","277","409","9.220216606498195","6.498194945848375","7.2202166064981945","6.859205776173285","3.9711191335740073","78","4.065292096219931","17","291","380","9.017182130584192","5.498281786941581","1.3745704467353952","3.4364261168384878","6.185567010309279","78","4.040178571428571","16","224","288","9.410714285714286","4.910714285714286","0","5.803571428571429","5.803571428571429","78","4.034965034965035","20","286","396","9.363636363636363","6.643356643356643","4.195804195804196","0","2.097902097902098","78","4.078431372549019","14","306","397","9.019607843137255","2.9411764705882355","2.287581699346405","5.555555555555555","1.3071895424836601","78","3.9714285714285715","11","280","441","9.278571428571428","5.714285714285714","1.4285714285714286","3.9285714285714284","1.4285714285714286"
,"79","4.048148148148148","25","270","484","9.437037037037037","4.444444444444445","8.148148148148149","1.8518518518518519","0","79","4.097560975609756","22","287","442","9.428571428571429","2.4390243902439024","6.620209059233449","4.529616724738676","4.181184668989547","79","3.9011857707509883","19","253","462","9.233201581027668","0.7905138339920948","2.766798418972332","1.5810276679841897","0.7905138339920948","79","4.047101449275362","21","276","468","9.41304347826087","6.884057971014493","1.4492753623188406","1.4492753623188406","4.3478260869565215","79","3.945945945945946","24","259","410","9.35907335907336","0","0","5.405405405405405","1.5444015444015444","79","3.9385245901639343","23","244","404","9.401639344262295","1.639344262295082","3.278688524590164","4.508196721311475","0","79","4.165517241379311","29","290","502","9.255172413793103","9.310344827586206","1.3793103448275863","8.96551724137931","1.7241379310344827","79","4.041509433962264","26","265","533","9.373584905660378","1.8867924528301887","0","5.283018867924528","9.433962264150944","79","4","29","272","452","9.316176470588236","4.044117647058823","0","2.2058823529411766","4.779411764705882","79","4.1171875","25","256","400","9.25","7.03125","4.296875","2.34375","7.421875","79","3.966417910447761","26","268","505","9.216417910447761","1.492537313432836","2.985074626865672","4.477611940298507","5.223880597014926","79","3.888412017167382","30","233","478","9.124463519313304","3.004291845493562","4.721030042918455","3.8626609442060085","2.1459227467811157","79","4.0210084033613445","18","238","382","9.201680672268907","1.680672268907563","0.8403361344537815","7.563025210084033","1.2605042016806722","79","3.9709090909090907","28","275","456","9.396363636363636","6.181818181818182","0","0","0.7272727272727273","79","4.042801556420233","20","257","466","9.198443579766536","3.501945525291829","2.7237354085603114","3.501945525291829","4.280155642023346","79","4.008264462809917","16","242","428","9.40495867768595","3.3057851239669422","2.0661157024793386","2.8925619834710745","2.479338842975207","79","4.007843137254902","27","255","493","9.372549019607844","0","4.705882352941177","2.3529411764705883","0.7843137254901961","79","4.0462633451957295","25","281","445","9.302491103202847","2.1352313167259784","2.1352313167259784","6.405693950177936","3.9145907473309607","79","4.017857142857143","24","280","453","9.335714285714285","6.428571428571429","5","2.5","1.4285714285714286","79","3.9475806451612905","14","248","383","9.39516129032258","2.4193548387096775","0.4032258064516129","4.435483870967742","2.4193548387096775","79","4","18","276","364","9.27536231884058","3.6231884057971016","3.6231884057971016","3.260869565217391","0","79","4.003571428571429","14","280","451","9.35","2.857142857142857","2.5","1.4285714285714286","8.214285714285714","79","4.028673835125448","17","279","472","9.362007168458781","4.301075268817204","5.376344086021505","0.7168458781362007","0.7168458781362007","79","3.9966101694915253","19","295","470","9.36949152542373","5.423728813559322","2.711864406779661","4.406779661016949","0.3389830508474576","79","4.138181818181818","17","275","423","9.243636363636364","6.545454545454546","7.2727272727272725","7.2727272727272725","4","79","4.065972222222222","18","288","402","9.07638888888889","5.555555555555555","1.3888888888888888","3.4722222222222223","6.25","79","4.044843049327354","16","223","298","9.452914798206278","4.932735426008969","0","5.829596412556054","5.829596412556054","79","4.035087719298246","20","285","400","9.35438596491228","6.666666666666667","4.2105263157894735","0","2.1052631578947367","79","4.07516339869281","14","306","428","9.222222222222221","2.9411764705882355","2.287581699346405","5.228758169934641","1.3071895424836601","79","3.971223021582734","11","278","453","9.287769784172662","6.115107913669065","1.4388489208633093","3.237410071942446","1.4388489208633093"
,"80","4.04089219330855","25","269","484","9.397769516728625","4.4609665427509295","7.806691449814126","1.858736059479554","0","80","4.097560975609756","22","287","442","9.428571428571429","2.4390243902439024","6.968641114982578","4.181184668989547","3.832752613240418","80","3.9051383399209487","19","253","462","9.233201581027668","0.7905138339920948","2.766798418972332","1.5810276679841897","0.7905138339920948","80","4.047445255474453","22","274","468","9.35036496350365","6.569343065693431","1.4598540145985401","1.4598540145985401","4.37956204379562","80","3.945736434108527","24","258","410","9.317829457364342","0","0","5.426356589147287","1.550387596899225","80","3.9419087136929463","25","241","404","9.278008298755188","1.6597510373443984","3.319502074688797","4.564315352697095","0","80","4.166666666666667","29","288","502","9.1875","9.722222222222221","1.3888888888888888","8.680555555555555","1.7361111111111112","80","4.037735849056604","26","265","533","9.373584905660378","1.8867924528301887","0","5.283018867924528","9.056603773584905","80","4","30","271","452","9.276752767527675","4.059040590405904","0","1.845018450184502","4.797047970479705","80","4.109803921568627","26","255","400","9.207843137254901","7.0588235294117645","4.313725490196078","2.3529411764705883","7.0588235294117645","80","3.970149253731343","26","268","505","9.216417910447761","1.492537313432836","2.985074626865672","4.477611940298507","5.223880597014926","80","3.892703862660944","30","233","478","9.124463519313304","3.4334763948497855","5.150214592274678","3.4334763948497855","2.1459227467811157","80","4.016949152542373","18","236","382","9.152542372881356","1.694915254237288","0.847457627118644","7.203389830508475","1.271186440677966","80","3.9705882352941178","28","272","456","9.279411764705882","6.25","0","0","0.7352941176470589","80","4.0505836575875485","20","257","466","9.198443579766536","3.8910505836575875","3.11284046692607","3.501945525291829","4.280155642023346","80","4.008264462809917","16","242","428","9.40495867768595","3.3057851239669422","2.0661157024793386","2.8925619834710745","2.479338842975207","80","4.003952569169961","27","253","493","9.296442687747035","0","4.3478260869565215","2.3715415019762847","0.7905138339920948","80","4.056939501779359","25","281","445","9.302491103202847","2.1352313167259784","2.1352313167259784","6.761565836298932","3.9145907473309607","80","4.021505376344086","25","279","453","9.297491039426523","6.451612903225806","5.017921146953405","2.5089605734767026","1.4336917562724014","80","3.9473684210526314","14","247","383","9.352226720647772","2.42914979757085","0.4048582995951417","4.4534412955465585","2.42914979757085","80","4","18","275","364","9.243636363636364","4","3.6363636363636362","2.909090909090909","0","80","4.007142857142857","14","280","451","9.35","2.857142857142857","2.5","1.4285714285714286","8.214285714285714","80","4.028880866425993","17","277","472","9.28519855595668","4.332129963898917","5.415162454873646","0.7220216606498195","0.7220216606498195","80","3.993174061433447","19","293","470","9.296928327645052","5.1194539249146755","2.3890784982935154","4.436860068259386","0","80","4.145985401459854","17","274","423","9.218978102189782","6.569343065693431","7.664233576642336","7.299270072992701","4.014598540145985","80","4.066202090592334","18","287","402","9.038327526132404","5.574912891986063","1.3937282229965158","3.484320557491289","6.2717770034843205","80","4.045045045045045","17","222","298","9.405405405405405","4.954954954954955","0","5.8558558558558556","5.8558558558558556","80","4.035211267605634","21","284","400","9.316901408450704","6.690140845070423","4.225352112676056","0","2.112676056338028","80","4.078431372549019","14","306","428","9.222222222222221","2.9411764705882355","2.287581699346405","5.555555555555555","1.3071895424836601","80","3.9709090909090907","11","275","453","9.170909090909092","6.181818181818182","1.4545454545454546","3.272727272727273","1.4545454545454546"
,"81","4.048507462686567","25","268","484","9.35820895522388","4.477611940298507","8.208955223880597","1.8656716417910448","0","81","4.097560975609756","22","287","442","9.428571428571429","2.4390243902439024","6.620209059233449","4.529616724738676","4.181184668989547","81","3.9011857707509883","19","253","462","9.233201581027668","0.7905138339920948","2.766798418972332","1.5810276679841897","0.7905138339920948","81","4.047445255474453","22","274","468","9.35036496350365","6.204379562043796","1.4598540145985401","1.4598540145985401","4.37956204379562","81","3.945525291828794","25","257","410","9.284046692607005","0","0","5.447470817120623","1.556420233463035","81","3.9419087136929463","25","241","404","9.278008298755188","1.6597510373443984","3.319502074688797","4.564315352697095","0","81","4.170731707317073","29","287","502","9.149825783972126","9.75609756097561","1.3937282229965158","9.059233449477352","1.7421602787456445","81","4.0418250950570345","27","263","533","9.29277566539924","1.9011406844106464","0","4.942965779467681","9.505703422053232","81","4","30","270","452","9.237037037037037","4.074074074074074","0","2.2222222222222223","4.814814814814815","81","4.1141732283464565","27","254","400","9.165354330708661","7.086614173228346","4.330708661417323","2.3622047244094486","7.086614173228346","81","3.9625468164794007","27","267","505","9.176029962546817","1.1235955056179776","2.9962546816479403","4.49438202247191","5.2434456928838955","81","3.891304347826087","30","230","478","9","3.0434782608695654","4.782608695652174","3.4782608695652173","2.1739130434782608","81","4.016949152542373","18","236","382","9.152542372881356","1.694915254237288","0.847457627118644","7.203389830508475","1.271186440677966","81","3.9705882352941178","28","272","456","9.279411764705882","6.25","0","0","0.7352941176470589","81","4.05859375","20","256","466","9.2109375","4.296875","3.515625","3.125","4.6875","81","4.008298755186722","16","241","428","9.360995850622407","3.319502074688797","2.074688796680498","2.904564315352697","2.4896265560165975","81","4.007905138339921","27","253","493","9.296442687747035","0","4.743083003952569","2.3715415019762847","0.7905138339920948","81","4.057142857142857","25","280","445","9.264285714285714","2.142857142857143","2.142857142857143","6.785714285714286","3.9285714285714284","81","4.025089605734767","25","279","453","9.297491039426523","6.451612903225806","5.376344086021505","2.5089605734767026","1.7921146953405018","81","3.9471544715447155","15","246","383","9.308943089430894","2.4390243902439024","0.4065040650406504","4.471544715447155","2.4390243902439024","81","4","20","273","364","9.164835164835164","3.663003663003663","3.663003663003663","3.2967032967032965","0","81","4.003584229390681","14","279","451","9.311827956989248","2.867383512544803","2.5089605734767026","1.4336917562724014","8.243727598566307","81","4.028880866425993","17","277","472","9.28519855595668","4.332129963898917","5.415162454873646","0.7220216606498195","0.7220216606498195","81","3.9896907216494846","19","291","470","9.243986254295532","4.810996563573883","2.4054982817869415","4.123711340206185","0","81","4.139705882352941","17","272","423","9.147058823529411","6.617647058823529","7.352941176470588","6.985294117647059","4.044117647058823","81","4.063157894736842","18","285","402","8.968421052631578","5.2631578947368425","1.4035087719298245","3.1578947368421053","6.315789473684211","81","4.045045045045045","17","222","298","9.405405405405405","4.954954954954955","0","5.8558558558558556","5.8558558558558556","81","4.035211267605634","21","284","400","9.316901408450704","6.690140845070423","4.225352112676056","0","2.112676056338028","81","4.078431372549019","14","306","428","9.222222222222221","2.9411764705882355","2.287581699346405","5.555555555555555","1.3071895424836601","81","3.9709090909090907","11","275","453","9.170909090909092","6.181818181818182","1.4545454545454546","3.272727272727273","1.4545454545454546"
,"82","4.041044776119403","25","268","499","9.470149253731343","4.477611940298507","7.835820895522388","1.8656716417910448","0","82","4.0979020979020975","23","286","445","9.412587412587413","2.4475524475524475","6.993006993006993","4.195804195804196","3.8461538461538463","82","3.9047619047619047","20","252","469","9.246031746031745","0.7936507936507936","2.7777777777777777","1.5873015873015872","0.7936507936507936","82","4.043956043956044","22","273","494","9.501831501831502","6.227106227106227","1.465201465201465","1.465201465201465","4.395604395604396","82","3.9453125","25","256","420","9.3203125","0","0","5.46875","1.5625","82","3.9419087136929463","25","241","428","9.477178423236515","1.6597510373443984","3.319502074688797","4.564315352697095","0","82","4.167247386759582","29","287","526","9.317073170731707","9.75609756097561","1.3937282229965158","8.710801393728223","1.7421602787456445","82","4.038314176245211","28","261","543","9.302681992337165","1.9157088122605364","0","4.597701149425287","9.195402298850574","82","4","30","268","463","9.246268656716419","4.104477611940299","0","1.8656716417910448","4.850746268656716","82","4.1141732283464565","27","254","424","9.354330708661417","7.480314960629921","4.330708661417323","2.3622047244094486","7.086614173228346","82","3.9622641509433962","28","265","532","9.30566037735849","0.7547169811320755","3.018867924528302","4.528301886792453","5.283018867924528","82","3.8903508771929824","31","228","505","9.149122807017545","3.0701754385964914","4.824561403508772","3.508771929824561","2.192982456140351","82","4.021459227467811","19","233","395","9.124463519313304","1.7167381974248928","0.8583690987124464","7.296137339055794","1.2875536480686696","82","3.970479704797048","28","271","490","9.490774907749078","6.273062730627307","0","0","0.7380073800738007","82","4.0625","20","256","480","9.3203125","4.296875","3.515625","3.515625","4.6875","82","4.008333333333334","17","240","438","9.4","3.3333333333333335","2.0833333333333335","2.9166666666666665","2.5","82","4.003968253968254","28","252","504","9.341269841269842","0","4.365079365079365","2.380952380952381","0.7936507936507936","82","4.057347670250896","26","279","464","9.362007168458781","2.150537634408602","2.150537634408602","6.810035842293907","3.942652329749104","82","4.03584229390681","25","279","470","9.419354838709678","6.451612903225806","5.734767025089606","2.5089605734767026","2.150537634408602","82","3.950617283950617","16","243","397","9.292181069958847","2.4691358024691357","0.411522633744856","4.526748971193416","2.4691358024691357","82","4","20","273","392","9.36996336996337","4.029304029304029","3.663003663003663","2.93040293040293","0","82","4.007220216606498","14","277","457","9.28519855595668","2.888086642599278","2.527075812274368","1.444043321299639","8.303249097472925","82","4.028880866425993","17","277","497","9.465703971119133","4.332129963898917","5.415162454873646","0.7220216606498195","0.7220216606498195","82","3.9931034482758623","19","290","494","9.420689655172414","4.827586206896552","2.413793103448276","4.137931034482759","0","82","4.143382352941177","17","272","443","9.294117647058824","6.617647058823529","7.352941176470588","6.985294117647059","4.411764705882353","82","4.060070671378092","19","283","433","9.123674911660778","4.946996466431095","1.4134275618374559","2.8268551236749118","6.360424028268551","82","4.036363636363636","17","220","310","9.436363636363636","4.545454545454546","0","5.909090909090909","5.454545454545454","82","4.035335689045937","21","283","414","9.378091872791519","6.713780918727915","4.240282685512367","0","2.1201413427561837","82","4.078431372549019","14","306","442","9.313725490196079","2.9411764705882355","2.287581699346405","5.555555555555555","1.3071895424836601","82","3.9635036496350367","11","274","472","9.291970802919709","5.839416058394161","1.4598540145985401","2.9197080291970803","1.4598540145985401"
,"83","4.048689138576779","25","267","499","9.430711610486892","4.49438202247191","8.239700374531836","1.8726591760299625","0","83","4.0979020979020975","23","286","445","9.412587412587413","2.4475524475524475","6.643356643356643","4.545454545454546","4.195804195804196","83","3.9","21","250","469","9.16","0.8","2.8","1.6","0.8","83","4.0476190476190474","22","273","494","9.501831501831502","6.227106227106227","1.465201465201465","1.465201465201465","4.395604395604396","83","3.9453125","25","256","420","9.3203125","0","0","5.46875","1.5625","83","3.9414225941422596","26","239","428","9.389121338912133","1.6736401673640167","3.3472803347280333","4.602510460251046","0","83","4.164335664335664","29","286","526","9.27972027972028","9.44055944055944","1.3986013986013985","8.741258741258742","1.7482517482517483","83","4.046332046332046","28","259","543","9.227799227799228","1.9305019305019304","0","4.633204633204633","9.652509652509652","83","3.996268656716418","30","268","463","9.246268656716419","4.104477611940299","0","1.8656716417910448","4.850746268656716","83","4.1141732283464565","27","254","424","9.354330708661417","7.086614173228346","4.330708661417323","2.3622047244094486","7.086614173228346","83","3.9584905660377356","28","265","532","9.30566037735849","0.7547169811320755","3.018867924528302","4.528301886792453","5.283018867924528","83","3.888888888888889","31","225","505","9.004444444444445","3.111111111111111","4.888888888888889","3.5555555555555554","2.2222222222222223","83","4.021645021645021","20","231","395","9.030303030303031","1.7316017316017316","0.8658008658008658","7.359307359307359","0.8658008658008658","83","3.970260223048327","29","269","490","9.41263940520446","6.319702602230484","0","0","0.7434944237918215","83","4.0546875","20","256","480","9.3203125","4.296875","3.515625","3.125","4.296875","83","4.008333333333334","17","240","438","9.4","3.3333333333333335","2.0833333333333335","2.9166666666666665","2.5","83","4.007936507936508","28","252","504","9.341269841269842","0","4.761904761904762","2.380952380952381","0.7936507936507936","83","4.057553956834532","27","278","464","9.323741007194245","2.158273381294964","2.158273381294964","6.83453237410072","3.9568345323741005","83","4.032258064516129","25","279","470","9.419354838709678","6.451612903225806","5.734767025089606","2.5089605734767026","2.150537634408602","83","3.9421487603305785","16","242","397","9.24793388429752","2.479338842975207","0","4.132231404958677","2.479338842975207","83","3.9963235294117645","21","272","392","9.330882352941176","3.676470588235294","3.676470588235294","3.3088235294117645","0","83","4.003636363636364","14","275","457","9.214545454545455","2.909090909090909","2.5454545454545454","1.4545454545454546","8.363636363636363","83","4.028985507246377","17","276","497","9.427536231884059","4.3478260869565215","5.434782608695652","0.7246376811594203","0.7246376811594203","83","3.98961937716263","20","289","494","9.384083044982699","4.844290657439446","2.422145328719723","4.1522491349480966","0","83","4.139705882352941","17","272","443","9.294117647058824","6.617647058823529","7.352941176470588","6.985294117647059","4.044117647058823","83","4.060283687943262","19","282","433","9.092198581560284","4.964539007092198","1.4184397163120568","2.8368794326241136","6.382978723404255","83","4.027397260273973","17","219","310","9.397260273972602","4.109589041095891","0","5.936073059360731","5.0228310502283104","83","4.035460992907802","21","282","414","9.340425531914894","6.73758865248227","4.25531914893617","0","2.127659574468085","83","4.075409836065574","15","305","442","9.278688524590164","2.9508196721311477","2.2950819672131146","5.245901639344262","1.3114754098360655","83","3.9562043795620436","11","274","472","9.291970802919709","5.474452554744525","1.4598540145985401","2.5547445255474455","1.4598540145985401"
,"84","4.0411985018726595","25","267","499","9.430711610486892","4.49438202247191","7.865168539325842","1.8726591760299625","0","84","4.099644128113879","24","281","445","9.224199288256228","2.1352313167259784","7.117437722419929","4.270462633451957","3.9145907473309607","84","3.904","21","250","469","9.16","0.8","2.8","1.6","0.8","84","4.040441176470588","22","272","494","9.463235294117647","6.25","1.4705882352941178","1.1029411764705883","4.044117647058823","84","3.9448818897637796","26","254","420","9.236220472440944","0","0","5.511811023622047","1.5748031496062993","84","3.9414225941422596","26","239","428","9.389121338912133","1.6736401673640167","3.3472803347280333","4.602510460251046","0","84","4.1649122807017545","29","285","526","9.242105263157894","9.473684210526315","1.4035087719298245","8.771929824561404","1.7543859649122806","84","4.046332046332046","28","259","543","9.227799227799228","1.9305019305019304","0","4.633204633204633","9.266409266409266","84","4","30","266","463","9.165413533834586","4.135338345864661","0","1.8796992481203008","4.887218045112782","84","4.1106719367588935","27","253","424","9.312252964426877","7.1146245059288535","4.3478260869565215","2.3715415019762847","7.1146245059288535","84","3.9622641509433962","28","265","532","9.30566037735849","0.7547169811320755","3.018867924528302","4.528301886792453","5.283018867924528","84","3.8789237668161434","32","223","505","8.905829596412556","2.242152466367713","4.0358744394618835","3.587443946188341","2.242152466367713","84","4.017316017316017","20","231","395","9.030303030303031","1.7316017316017316","0.8658008658008658","7.359307359307359","0.8658008658008658","84","3.970149253731343","29","268","490","9.373134328358208","6.343283582089552","0","0","0.746268656716418","84","4.059288537549407","21","253","480","9.193675889328063","4.3478260869565215","3.5573122529644268","3.5573122529644268","4.3478260869565215","84","4.008474576271187","17","236","438","9.220338983050848","3.389830508474576","2.1186440677966103","2.9661016949152543","2.542372881355932","84","4.004","29","250","504","9.296","0","4.4","2.4","0.8","84","4.0577617328519855","27","277","464","9.292418772563177","2.1660649819494586","2.1660649819494586","6.859205776173285","3.9711191335740073","84","4.0359712230215825","26","278","470","9.381294964028777","6.474820143884892","5.755395683453237","2.5179856115107913","2.158273381294964","84","3.9460580912863072","16","241","397","9.203319502074688","2.4896265560165975","0","3.7344398340248963","2.4896265560165975","84","4","21","272","392","9.330882352941176","4.044117647058823","3.676470588235294","2.9411764705882355","0","84","4.007299270072993","15","274","457","9.175182481751825","2.9197080291970803","2.5547445255474455","1.4598540145985401","8.394160583941606","84","4.029090909090909","17","275","497","9.403636363636364","4.363636363636363","5.454545454545454","0.7272727272727273","0.7272727272727273","84","3.9930795847750864","20","289","494","9.384083044982699","4.844290657439446","2.422145328719723","4.1522491349480966","0","84","4.140740740740741","17","270","443","9.237037037037037","6.666666666666667","7.407407407407407","7.037037037037037","4.074074074074074","84","4.056737588652482","19","282","433","9.092198581560284","4.964539007092198","1.4184397163120568","2.8368794326241136","6.382978723404255","84","4.027397260273973","17","219","310","9.397260273972602","4.109589041095891","0","5.936073059360731","5.0228310502283104","84","4.039145907473309","21","281","414","9.302491103202847","7.117437722419929","4.270462633451957","0","2.1352313167259784","84","4.079207920792079","16","303","442","9.214521452145215","2.9702970297029703","2.31023102310231","5.6105610561056105","1.3201320132013201","84","3.956043956043956","12","273","472","9.252747252747254","5.4945054945054945","1.465201465201465","2.5641025641025643","1.465201465201465"
,"85","3.8185053380782916","25","281","513","9.323843416370106","5.693950177935943","9.608540925266905","3.202846975088968","2.8469750889679717","85","3.8366666666666664","24","300","474","9.366666666666667","3.3333333333333335","8.666666666666666","6.666666666666667","7","85","3.7061068702290076","22","262","493","9.297709923664122","3.053435114503817","4.961832061068702","3.435114503816794","3.053435114503817","85","3.8551236749116606","23","283","508","9.392226148409893","8.12720848056537","2.8268551236749118","2.8268551236749118","4.593639575971731","85","3.708955223880597","28","268","443","9.298507462686567","2.985074626865672","2.611940298507463","6.7164179104477615","2.611940298507463","85","3.7222222222222223","27","252","440","9.34920634920635","3.5714285714285716","7.142857142857143","5.555555555555555","1.1904761904761905","85","4.082474226804123","29","291","541","9.491408934707904","9.278350515463918","2.4054982817869415","9.278350515463918","2.0618556701030926","85","3.8529411764705883","28","272","569","9.301470588235293","3.3088235294117645","1.1029411764705883","6.25","11.029411764705882","85","3.782142857142857","30","280","490","9.3","5.357142857142857","1.4285714285714286","5","6.428571428571429","85","3.7581227436823106","27","277","436","9.184115523465705","8.303249097472925","8.303249097472925","5.054151624548736","9.747292418772563","85","3.786231884057971","28","276","553","9.420289855072463","1.8115942028985508","4.3478260869565215","6.159420289855072","5.072463768115942","85","3.6738197424892705","34","233","539","9.296137339055795","3.8626609442060085","5.579399141630901","5.150214592274678","5.150214592274678","85","3.6963562753036436","22","247","421","9.149797570850202","4.048582995951417","2.42914979757085","8.906882591093117","4.048582995951417","85","3.6923076923076925","30","286","508","9.363636363636363","6.993006993006993","2.797202797202797","1.7482517482517483","3.4965034965034967","85","3.6895306859205776","21","277","498","9.133574007220217","6.498194945848375","7.581227436823105","5.415162454873646","7.581227436823105","85","3.8008130081300813","18","246","456","9.40650406504065","3.658536585365854","2.845528455284553","4.878048780487805","4.878048780487805","85","3.7660377358490567","29","265","523","9.275471698113208","1.1320754716981132","5.660377358490566","4.90566037735849","3.3962264150943398","85","3.8225255972696246","27","293","489","9.372013651877133","3.4129692832764507","2.7303754266211606","7.508532423208191","6.484641638225256","85","3.812925170068027","26","294","478","9.312925170068027","8.503401360544217","7.482993197278912","3.741496598639456","3.741496598639456","85","3.5789473684210527","16","266","421","9.172932330827068","4.887218045112782","1.8796992481203008","6.7669172932330826","4.135338345864661","85","3.800699300699301","21","286","408","9.328671328671328","4.195804195804196","4.895104895104895","5.244755244755245","1.7482517482517483","85","3.782758620689655","15","290","473","9.310344827586206","3.4482758620689653","4.482758620689655","3.103448275862069","9.655172413793103","85","3.8159722222222223","17","288","517","9.354166666666666","6.25","6.944444444444445","2.0833333333333335","2.4305555555555554","85","3.758169934640523","20","306","508","9.372549019607844","7.516339869281046","3.9215686274509802","5.228758169934641","3.2679738562091503","85","3.716666666666667","17","300","457","9.046666666666667","9.333333333333334","11","10.666666666666666","7.333333333333333","85","3.8288590604026846","19","298","462","9.315436241610739","6.040268456375839","3.6912751677852347","4.026845637583893","8.724832214765101","85","3.769230769230769","17","234","322","9.239316239316238","5.982905982905983","2.1367521367521367","7.6923076923076925","5.128205128205129","85","3.824324324324324","21","296","432","9.364864864864865","9.45945945945946","6.756756756756757","2.027027027027027","4.054054054054054","85","3.941747572815534","18","309","462","9.36569579288026","3.236245954692557","3.883495145631068","6.148867313915858","2.26537216828479","85","3.8028169014084505","12","284","488","9.373239436619718","6.690140845070423","2.464788732394366","2.816901408450704","2.816901408450704"
,"86","4.057142857142857","25","280","513","9.285714285714286","4.642857142857143","8.214285714285714","1.7857142857142858","1.7857142857142858","86","4.11","24","300","474","9.366666666666667","1.6666666666666667","7","5.666666666666667","4.333333333333333","86","3.950381679389313","22","262","493","9.297709923664122","1.9083969465648856","3.816793893129771","2.2900763358778624","1.5267175572519085","86","4.035335689045937","23","283","508","9.392226148409893","6.007067137809187","1.4134275618374559","0.7067137809187279","4.240282685512367","86","3.9363295880149813","28","267","443","9.258426966292134","0.37453183520599254","1.1235955056179776","6.367041198501872","1.4981273408239701","86","3.9362549800796813","27","251","440","9.306772908366534","1.593625498007968","4.382470119521912","4.382470119521912","0.398406374501992","86","4.155172413793103","30","290","541","9.462068965517242","9.310344827586206","2.0689655172413794","7.931034482758621","1.7241379310344827","86","4.062962962962963","29","270","569","9.22962962962963","1.8518518518518519","0.7407407407407407","5.555555555555555","9.25925925925926","86","4.028776978417266","30","278","490","9.223021582733812","3.9568345323741005","0","4.676258992805756","5.0359712230215825","86","4.11231884057971","28","276","436","9.144927536231885","7.608695652173913","5.434782608695652","2.1739130434782608","6.521739130434782","86","3.948717948717949","29","273","553","9.304029304029305","0","2.93040293040293","4.395604395604396","5.4945054945054945","86","3.9004329004329006","34","231","539","9.281385281385282","2.5974025974025974","3.896103896103896","3.463203463203463","3.463203463203463","86","4.032520325203252","22","246","421","9.146341463414634","2.4390243902439024","1.2195121951219512","7.317073170731708","4.471544715447155","86","3.9719298245614034","30","285","508","9.333333333333334","6.666666666666667","2.456140350877193","0","1.0526315789473684","86","4.064981949458484","21","277","498","9.133574007220217","4.332129963898917","5.054151624548736","3.9711191335740073","3.9711191335740073","86","3.991869918699187","18","246","456","9.40650406504065","2.4390243902439024","1.2195121951219512","2.845528455284553","2.4390243902439024","86","4","29","265","523","9.275471698113208","1.1320754716981132","4.150943396226415","2.2641509433962264","0.7547169811320755","86","4.041237113402062","27","291","489","9.29896907216495","3.4364261168384878","2.4054982817869415","6.529209621993127","4.4673539518900345","86","4.051020408163265","26","294","478","9.312925170068027","7.142857142857143","6.122448979591836","2.380952380952381","3.061224489795918","86","3.9809885931558937","17","263","421","9.05703422053232","3.802281368821293","0.7604562737642585","3.802281368821293","2.2813688212927756","86","4.006993006993007","21","286","408","9.328671328671328","4.545454545454546","4.545454545454546","2.797202797202797","1.048951048951049","86","3.9757785467128026","15","289","473","9.280276816608996","2.0761245674740483","2.422145328719723","0.3460207612456747","7.26643598615917","86","4.024647887323944","19","284","517","9.204225352112676","4.929577464788732","4.929577464788732","2.112676056338028","0.704225352112676","86","4.0198675496688745","20","302","508","9.2317880794702","4.635761589403973","3.3112582781456954","4.304635761589404","1.3245033112582782","86","4.1806020066889635","18","299","457","9.010033444816054","6.688963210702341","8.695652173913043","8.695652173913043","6.0200668896321075","86","4.074074074074074","19","297","462","9.27946127946128","4.713804713804714","3.0303030303030303","2.6936026936026938","7.070707070707071","86","4.030042918454936","18","233","322","9.193133047210301","4.291845493562231","0","5.579399141630901","5.150214592274678","86","4.037162162162162","21","296","432","9.364864864864865","7.77027027027027","4.391891891891892","1.3513513513513513","2.027027027027027","86","4.058441558441558","18","308","462","9.331168831168831","2.9220779220779223","2.272727272727273","5.194805194805195","0.6493506493506493","86","3.943462897526502","13","283","488","9.335689045936396","5.6537102473498235","1.7667844522968197","2.4734982332155475","2.1201413427561837"
,"87","4.053571428571429","25","280","513","9.285714285714286","4.285714285714286","7.857142857142857","1.7857142857142858","1.4285714285714286","87","4.11","24","300","474","9.366666666666667","1.6666666666666667","7","5.666666666666667","4.666666666666667","87","3.9580152671755724","22","262","493","9.297709923664122","2.2900763358778624","4.198473282442748","2.2900763358778624","1.5267175572519085","87","4.046099290780142","24","282","508","9.354609929078014","6.382978723404255","1.7730496453900708","0.7092198581560284","4.609929078014185","87","3.9285714285714284","28","266","443","9.218045112781954","0","0","7.142857142857143","1.5037593984962405","87","3.939516129032258","28","248","440","9.17741935483871","1.6129032258064515","4.435483870967742","4.435483870967742","0","87","4.155709342560554","31","289","541","9.42560553633218","9.342560553633218","2.0761245674740483","7.958477508650519","1.7301038062283738","87","4.0783582089552235","30","268","569","9.149253731343284","1.8656716417910448","0.746268656716418","5.597014925373134","9.701492537313433","87","4.0215827338129495","30","278","490","9.223021582733812","3.9568345323741005","0","4.676258992805756","4.676258992805756","87","4.094202898550725","28","276","436","9.144927536231885","7.608695652173913","3.9855072463768115","2.1739130434782608","6.521739130434782","87","3.9298892988929888","30","271","553","9.239852398523984","0","1.845018450184502","4.059040590405904","5.166051660516605","87","3.8933333333333335","35","225","539","9.022222222222222","2.2222222222222223","3.5555555555555554","3.5555555555555554","3.5555555555555554","87","4.036885245901639","23","244","421","9.057377049180328","2.459016393442623","0.819672131147541","7.377049180327869","3.278688524590164","87","3.9789473684210526","30","285","508","9.333333333333334","5.964912280701754","2.1052631578947367","0","0.7017543859649122","87","4.0577617328519855","21","277","498","9.133574007220217","3.9711191335740073","4.332129963898917","3.6101083032490973","3.9711191335740073","87","3.9959349593495936","18","246","456","9.40650406504065","2.4390243902439024","1.2195121951219512","2.845528455284553","2.845528455284553","87","4.007547169811321","29","265","523","9.275471698113208","1.1320754716981132","4.528301886792453","2.2641509433962264","0.7547169811320755","87","4.055172413793104","27","290","489","9.26206896551724","3.793103448275862","2.0689655172413794","6.551724137931035","4.137931034482759","87","4.034013605442177","26","294","478","9.312925170068027","7.142857142857143","6.122448979591836","1.3605442176870748","2.7210884353741496","87","3.9693486590038316","18","261","421","8.988505747126437","4.21455938697318","0","3.8314176245210727","2.2988505747126435","87","3.9965034965034967","21","286","408","9.328671328671328","4.195804195804196","4.195804195804196","2.797202797202797","1.048951048951049","87","3.982638888888889","15","288","473","9.243055555555555","2.0833333333333335","2.4305555555555554","0","6.944444444444445","87","4.024822695035461","19","282","517","9.127659574468085","4.964539007092198","4.609929078014185","2.127659574468085","0.7092198581560284","87","4.026578073089701","20","301","508","9.196013289036545","3.9867109634551494","3.3222591362126246","4.651162790697675","1.6611295681063123","87","4.177257525083612","18","299","457","9.010033444816054","6.0200668896321075","8.361204013377927","8.02675585284281","5.351170568561873","87","4.0606060606060606","19","297","462","9.27946127946128","4.713804713804714","2.0202020202020203","2.6936026936026938","6.734006734006734","87","4.030042918454936","18","233","322","9.193133047210301","4.291845493562231","0","5.579399141630901","5.150214592274678","87","4.030508474576271","21","295","432","9.328813559322034","8.135593220338983","4.067796610169491","0.6779661016949152","2.0338983050847457","87","4.062091503267974","19","306","462","9.287581699346406","2.9411764705882355","2.287581699346405","5.228758169934641","0.6535947712418301","87","3.939929328621908","13","283","488","9.335689045936396","6.007067137809187","1.4134275618374559","2.4734982332155475","1.7667844522968197"
,"88","4.046594982078853","25","279","522","9.311827956989248","3.942652329749104","7.885304659498208","1.7921146953405018","1.4336917562724014","88","4.110367892976589","24","299","482","9.384615384615385","1.6722408026755853","7.023411371237458","5.68561872909699","4.3478260869565215","88","3.95","22","260","502","9.292307692307693","2.3076923076923075","3.076923076923077","2.3076923076923075","1.5384615384615385","88","4.04270462633452","24","281","517","9.380782918149466","6.405693950177936","1.4234875444839858","0.7117437722419929","4.6263345195729535","88","3.928030303030303","28","264","458","9.25","0","0","7.196969696969697","1.5151515151515151","88","3.935222672064777","29","247","459","9.287449392712551","1.214574898785425","4.4534412955465585","4.4534412955465585","0","88","4.159169550173011","31","289","554","9.515570934256056","9.688581314878892","2.0761245674740483","7.958477508650519","1.7301038062283738","88","4.063432835820896","30","268","590","9.305970149253731","1.8656716417910448","0.746268656716418","5.597014925373134","8.955223880597014","88","4.0324909747292415","30","277","510","9.328519855595667","3.9711191335740073","0","5.054151624548736","5.054151624548736","88","4.094545454545455","29","275","453","9.229090909090909","7.636363636363637","4","2.1818181818181817","6.545454545454546","88","3.9298892988929888","30","271","572","9.380073800738007","0","1.4760147601476015","3.690036900369004","5.535055350553505","88","3.8973214285714284","35","224","563","9.241071428571429","1.7857142857142858","3.5714285714285716","3.5714285714285716","3.125","88","4.032921810699588","24","243","440","9.168724279835391","2.4691358024691357","0.823045267489712","7.407407407407407","3.292181069958848","88","3.9717314487632507","31","283","519","9.335689045936396","5.6537102473498235","2.1201413427561837","0","0.7067137809187279","88","4.064981949458484","21","277","507","9.1985559566787","3.9711191335740073","4.693140794223827","3.9711191335740073","3.9711191335740073","88","3.9918367346938775","19","245","467","9.453061224489796","2.4489795918367347","1.2244897959183674","2.857142857142857","2.4489795918367347","88","4.003787878787879","30","264","528","9.272727272727273","1.1363636363636365","4.166666666666667","2.272727272727273","0.7575757575757576","88","4.055363321799308","27","289","511","9.377162629757786","3.4602076124567476","2.0761245674740483","6.57439446366782","3.8062283737024223","88","4.040816326530612","26","294","485","9.360544217687075","7.142857142857143","6.122448979591836","1.3605442176870748","2.7210884353741496","88","3.9731800766283527","18","261","443","9.157088122605364","3.8314176245210727","0","3.8314176245210727","2.2988505747126435","88","4.003496503496503","21","286","416","9.384615384615385","4.545454545454546","4.195804195804196","2.797202797202797","1.048951048951049","88","3.979020979020979","15","286","486","9.258741258741258","2.097902097902098","2.4475524475524475","0","6.993006993006993","88","4.024822695035461","19","282","544","9.319148936170214","4.964539007092198","4.609929078014185","2.127659574468085","0.7092198581560284","88","4.013377926421405","20","299","528","9.297658862876254","3.678929765886288","3.3444816053511706","4.013377926421405","0.6688963210702341","88","4.168350168350169","18","297","470","9.063973063973064","6.0606060606060606","8.080808080808081","8.080808080808081","5.05050505050505","88","4.0673400673400675","19","297","472","9.346801346801346","4.713804713804714","2.0202020202020203","3.0303030303030303","7.070707070707071","88","4.030172413793103","18","232","331","9.224137931034482","4.310344827586207","0","5.603448275862069","5.172413793103448","88","4.0272108843537415","21","294","443","9.394557823129253","7.8231292517006805","4.081632653061225","0.6802721088435374","2.0408163265306123","88","4.062295081967213","20","305","477","9.350819672131147","2.9508196721311477","2.2950819672131146","5.245901639344262","0.6557377049180327","88","3.9323843416370106","13","281","501","9.352313167259787","5.693950177935943","1.4234875444839858","2.491103202846975","1.4234875444839858"
,"89","4.064516129032258","25","279","522","9.311827956989248","4.301075268817204","7.885304659498208","1.7921146953405018","1.4336917562724014","89","4.10738255033557","24","298","482","9.348993288590604","1.6778523489932886","6.7114093959731544","5.704697986577181","4.697986577181208","89","3.9461538461538463","22","260","502","9.292307692307693","2.3076923076923075","3.076923076923077","2.3076923076923075","1.5384615384615385","89","4.042857142857143","24","280","517","9.342857142857143","6.071428571428571","1.7857142857142858","0.7142857142857143","4.642857142857143","89","3.927480916030534","29","262","458","9.16793893129771","0","0","7.251908396946565","1.5267175572519085","89","3.9224489795918367","30","245","459","9.2","0","4.489795918367347","4.489795918367347","0","89","4.153846153846154","33","286","554","9.405594405594405","9.090909090909092","2.097902097902098","8.041958041958042","1.7482517482517483","89","4.074626865671642","30","268","590","9.305970149253731","1.8656716417910448","0.746268656716418","5.597014925373134","9.328358208955224","89","4.021978021978022","31","273","510","9.179487179487179","4.029304029304029","0","4.761904761904762","4.761904761904762","89","4.088560885608856","30","271","453","9.07011070110701","7.749077490774908","4.059040590405904","1.845018450184502","6.273062730627307","89","3.922509225092251","30","271","572","9.380073800738007","0","1.4760147601476015","3.690036900369004","5.166051660516605","89","3.89237668161435","35","223","563","9.192825112107624","1.7937219730941705","3.587443946188341","3.587443946188341","3.1390134529147984","89","4.037190082644628","24","242","440","9.12396694214876","2.479338842975207","0.8264462809917356","7.43801652892562","3.3057851239669422","89","3.9717314487632507","31","283","519","9.335689045936396","5.30035335689046","2.1201413427561837","0","0.7067137809187279","89","4.061594202898551","21","276","507","9.195652173913043","3.9855072463768115","4.7101449275362315","3.6231884057971016","3.9855072463768115","89","3.9959016393442623","19","244","467","9.40983606557377","2.459016393442623","1.2295081967213115","2.8688524590163933","2.8688524590163933","89","4.007604562737643","31","263","528","9.2319391634981","1.1406844106463878","4.182509505703422","2.2813688212927756","0.7604562737642585","89","4.0588235294117645","27","289","511","9.377162629757786","3.4602076124567476","2.0761245674740483","6.57439446366782","4.1522491349480966","89","4.037800687285223","26","291","485","9.25085910652921","6.8728522336769755","6.185567010309279","1.3745704467353952","2.4054982817869415","89","3.9692307692307693","19","260","443","9.115384615384615","4.230769230769231","0","3.8461538461538463","2.3076923076923075","89","3.9965034965034967","21","286","416","9.384615384615385","4.195804195804196","4.195804195804196","2.797202797202797","1.048951048951049","89","3.9825174825174825","15","286","486","9.258741258741258","2.097902097902098","2.4475524475524475","0","7.3426573426573425","89","4.02491103202847","19","281","544","9.281138790035588","4.98220640569395","4.6263345195729535","2.1352313167259784","0.7117437722419929","89","4.006711409395973","20","298","528","9.268456375838927","3.3557046979865772","3.3557046979865772","4.026845637583893","0.33557046979865773","89","4.168918918918919","18","296","470","9.027027027027026","6.081081081081081","8.108108108108109","8.108108108108109","5.0675675675675675","89","4.063973063973064","19","297","472","9.346801346801346","5.05050505050505","2.0202020202020203","2.6936026936026938","6.734006734006734","89","4.03030303030303","18","231","331","9.177489177489177","4.329004329004329","0","5.627705627705628","5.194805194805195","89","4.030716723549488","21","293","443","9.358361774744028","8.19112627986348","4.09556313993174","0.6825938566552902","2.04778156996587","89","4.06312292358804","21","301","477","9.209302325581396","2.990033222591362","2.3255813953488373","5.3156146179401995","0.6644518272425249","89","3.939068100358423","13","279","501","9.32616487455197","6.093189964157706","1.4336917562724014","2.5089605734767026","1.4336917562724014"
,"90","4.057347670250896","25","279","522","9.311827956989248","3.942652329749104","7.885304659498208","1.7921146953405018","1.4336917562724014","90","4.104377104377105","25","297","482","9.313131313131313","1.6835016835016836","6.397306397306397","5.723905723905724","4.377104377104377","90","3.9498069498069497","23","259","502","9.250965250965251","2.3166023166023164","3.088803088803089","2.3166023166023164","1.5444015444015444","90","4.046594982078853","24","279","517","9.304659498207885","6.451612903225806","1.7921146953405018","0.7168458781362007","4.659498207885305","90","3.927480916030534","29","262","458","9.16793893129771","0","0","7.251908396946565","1.5267175572519085","90","3.9224489795918367","30","245","459","9.2","0","4.489795918367347","4.489795918367347","0","90","4.157894736842105","33","285","554","9.368421052631579","9.473684210526315","2.1052631578947367","8.070175438596491","1.7543859649122806","90","4.067164179104478","30","268","590","9.305970149253731","1.8656716417910448","0.746268656716418","5.597014925373134","8.955223880597014","90","4.025735294117647","32","272","510","9.139705882352942","4.044117647058823","0","4.779411764705882","4.779411764705882","90","4.081180811808118","30","271","453","9.07011070110701","7.749077490774908","4.059040590405904","1.4760147601476015","5.904059040590406","90","3.9296296296296296","30","270","572","9.34074074074074","0","1.4814814814814814","3.7037037037037037","5.555555555555555","90","3.901345291479821","35","223","563","9.192825112107624","1.7937219730941705","3.587443946188341","3.587443946188341","3.587443946188341","90","4.04149377593361","24","241","440","9.136929460580912","2.4896265560165975","0.8298755186721992","7.468879668049793","3.319502074688797","90","3.9680851063829787","31","282","519","9.304964539007091","5.319148936170213","2.127659574468085","0","0.7092198581560284","90","4.0618181818181816","21","275","507","9.156363636363636","4","4.363636363636363","4","4","90","3.9917695473251027","19","243","467","9.382716049382717","2.4691358024691357","1.2345679012345678","2.880658436213992","2.05761316872428","90","4.007662835249042","33","261","528","9.149425287356323","1.1494252873563218","3.4482758620689653","2.681992337164751","0.7662835249042146","90","4.055363321799308","27","289","511","9.377162629757786","3.4602076124567476","2.0761245674740483","6.57439446366782","3.8062283737024223","90","4.034364261168385","26","291","485","9.25085910652921","6.8728522336769755","6.185567010309279","1.3745704467353952","2.0618556701030926","90","3.973076923076923","19","260","443","9.115384615384615","3.8461538461538463","0","3.8461538461538463","2.3076923076923075","90","4.003508771929824","21","285","416","9.347368421052632","4.56140350877193","4.2105263157894735","2.807017543859649","1.0526315789473684","90","3.9895104895104896","15","286","486","9.258741258741258","2.097902097902098","2.4475524475524475","0","8.041958041958042","90","4.02491103202847","19","281","544","9.281138790035588","4.98220640569395","4.6263345195729535","2.1352313167259784","0.7117437722419929","90","4.003378378378378","20","296","528","9.195945945945946","3.0405405405405403","3.3783783783783785","3.7162162162162162","0","90","4.169491525423729","18","295","470","8.989830508474576","6.101694915254237","8.135593220338983","8.135593220338983","5.084745762711864","90","4.0606060606060606","19","297","472","9.346801346801346","4.713804713804714","2.0202020202020203","2.6936026936026938","6.734006734006734","90","4.026200873362446","18","229","331","9.08296943231441","4.366812227074236","0","5.240174672489083","5.240174672489083","90","4.027397260273973","21","292","443","9.321917808219178","7.876712328767123","4.109589041095891","0.684931506849315","2.0547945205479454","90","4.063545150501672","22","299","477","9.137123745819398","3.0100334448160537","2.3411371237458196","5.351170568561873","0.6688963210702341","90","3.9422382671480145","14","277","501","9.249097472924188","6.137184115523466","1.444043321299639","2.527075812274368","1.444043321299639"
,"91","4.0647482014388485","25","278","532","9.345323741007194","4.316546762589928","7.913669064748201","1.7985611510791366","1.4388489208633093","91","4.108108108108108","25","296","501","9.412162162162161","1.6891891891891893","6.756756756756757","5.405405405405405","4.72972972972973","91","3.945945945945946","23","259","517","9.366795366795367","2.3166023166023164","3.088803088803089","2.3166023166023164","1.5444015444015444","91","4.039568345323741","25","278","538","9.417266187050359","6.115107913669065","1.4388489208633093","0.7194244604316546","4.676258992805756","91","3.927480916030534","29","262","478","9.320610687022901","0","0","7.251908396946565","1.5267175572519085","91","3.9224489795918367","30","245","476","9.338775510204082","0","4.489795918367347","4.489795918367347","0","91","4.15547703180212","34","283","572","9.434628975265017","9.187279151943462","2.1201413427561837","8.12720848056537","1.7667844522968197","91","4.067164179104478","30","268","608","9.440298507462687","1.8656716417910448","0.746268656716418","5.597014925373134","9.328358208955224","91","4.025830258302583","32","271","537","9.29889298892989","4.059040590405904","0","4.797047970479705","5.166051660516605","91","4.0814814814814815","30","270","477","9.207407407407407","7.777777777777778","4.074074074074074","1.4814814814814814","5.925925925925926","91","3.9141791044776117","31","268","589","9.388059701492537","0","1.492537313432836","3.3582089552238807","4.850746268656716","91","3.89237668161435","35","223","581","9.354260089686099","1.7937219730941705","3.587443946188341","3.587443946188341","3.1390134529147984","91","4.045643153526971","24","241","456","9.269709543568466","2.4896265560165975","0.8298755186721992","7.468879668049793","3.319502074688797","91","3.971631205673759","31","282","536","9.425531914893616","5.319148936170213","2.127659574468085","0","0.7092198581560284","91","4.0625","23","272","519","9.125","4.044117647058823","4.411764705882353","4.044117647058823","4.044117647058823","91","3.9958677685950414","19","242","485","9.487603305785123","2.479338842975207","1.2396694214876034","2.8925619834710745","2.0661157024793386","91","4.007662835249042","33","261","549","9.310344827586206","1.1494252873563218","3.8314176245210727","2.2988505747126435","0.7662835249042146","91","4.059027777777778","28","288","520","9.402777777777779","3.4722222222222223","2.0833333333333335","6.597222222222222","4.166666666666667","91","4.037800687285223","26","291","490","9.285223367697595","6.8728522336769755","6.185567010309279","1.3745704467353952","2.0618556701030926","91","3.972972972972973","20","259","458","9.18918918918919","4.2471042471042475","0","3.861003861003861","2.3166023166023164","91","3.9964912280701754","21","285","423","9.396491228070175","4.2105263157894735","4.2105263157894735","2.807017543859649","1.0526315789473684","91","3.9895104895104896","15","286","500","9.356643356643357","2.097902097902098","2.4475524475524475","0","8.041958041958042","91","4.021428571428571","20","280","566","9.4","5","4.285714285714286","2.142857142857143","0.7142857142857143","91","4.003378378378378","20","296","552","9.358108108108109","2.7027027027027026","3.3783783783783785","4.054054054054054","0","91","4.170068027210885","18","294","495","9.122448979591837","6.122448979591836","8.16326530612245","8.16326530612245","5.1020408163265305","91","4.0608108108108105","20","296","482","9.378378378378379","4.72972972972973","2.027027027027027","2.7027027027027026","6.756756756756757","91","4.026200873362446","18","229","347","9.222707423580786","4.366812227074236","0","5.240174672489083","5.240174672489083","91","4.030821917808219","21","292","457","9.417808219178083","8.219178082191782","4.109589041095891","0.684931506849315","2.0547945205479454","91","4.063758389261745","22","298","508","9.308724832214764","3.0201342281879193","2.348993288590604","5.369127516778524","0.6711409395973155","91","3.9384057971014492","14","276","520","9.355072463768115","5.797101449275362","1.4492753623188406","2.536231884057971","1.4492753623188406"
,"92","4.057553956834532","25","278","532","9.345323741007194","3.9568345323741005","7.913669064748201","1.7985611510791366","1.4388489208633093","92","4.1058020477815695","26","293","501","9.303754266211604","1.7064846416382253","6.484641638225256","5.1194539249146755","4.436860068259386","92","3.9498069498069497","23","259","517","9.366795366795367","2.3166023166023164","3.088803088803089","2.3166023166023164","1.5444015444015444","92","4.036101083032491","26","277","538","9.379061371841155","6.137184115523466","1.444043321299639","0.7220216606498195","4.693140794223827","92","3.923076923076923","30","260","478","9.253846153846155","0","0","6.923076923076923","1.5384615384615385","92","3.926530612244898","30","245","476","9.338775510204082","0","4.489795918367347","4.8979591836734695","0","92","4.156028368794326","34","282","572","9.397163120567376","9.21985815602837","2.127659574468085","8.156028368794326","1.7730496453900708","92","4.067669172932331","30","266","608","9.360902255639099","1.8796992481203008","0.7518796992481203","5.639097744360902","9.022556390977444","92","4.022388059701493","33","268","537","9.194029850746269","4.104477611940299","0","4.850746268656716","4.477611940298507","92","4.0851851851851855","30","270","477","9.207407407407407","7.777777777777778","4.074074074074074","1.4814814814814814","6.296296296296297","92","3.9101123595505616","32","267","589","9.348314606741573","0","1.4981273408239701","2.9962546816479403","4.868913857677903","92","3.8963963963963963","35","222","581","9.306306306306306","1.8018018018018018","3.6036036036036037","3.6036036036036037","3.1531531531531534","92","4.041666666666667","24","240","456","9.225","2.5","0.8333333333333334","7.5","3.3333333333333335","92","3.967857142857143","31","280","536","9.35","5.357142857142857","2.142857142857143","0","0.7142857142857143","92","4.059040590405904","23","271","519","9.084870848708487","4.059040590405904","4.428044280442805","3.690036900369004","4.059040590405904","92","3.991701244813278","19","241","485","9.443983402489627","2.4896265560165975","1.2448132780082988","2.904564315352697","1.6597510373443984","92","4.011627906976744","33","258","549","9.286821705426357","1.1627906976744187","3.488372093023256","2.3255813953488373","0.7751937984496124","92","4.059440559440559","29","286","520","9.342657342657343","3.4965034965034967","2.097902097902098","6.643356643356643","4.195804195804196","92","4.037931034482758","26","290","490","9.248275862068965","6.896551724137931","6.206896551724138","1.3793103448275863","2.0689655172413794","92","3.9767441860465116","21","258","458","9.147286821705427","4.263565891472868","0","3.875968992248062","2.3255813953488373","92","4.003508771929824","21","285","423","9.396491228070175","4.56140350877193","4.2105263157894735","2.807017543859649","1.0526315789473684","92","3.9895104895104896","15","286","500","9.356643356643357","2.097902097902098","2.4475524475524475","0","8.041958041958042","92","4.017857142857143","20","280","566","9.4","5","3.9285714285714284","2.142857142857143","0.7142857142857143","92","4.003378378378378","20","296","552","9.358108108108109","2.7027027027027026","3.3783783783783785","3.7162162162162162","0","92","4.174061433447099","18","293","495","9.085324232081911","6.143344709897611","8.19112627986348","8.19112627986348","5.1194539249146755","92","4.071428571428571","21","294","482","9.312925170068027","5.1020408163265305","2.0408163265306123","2.7210884353741496","6.802721088435374","92","4.026200873362446","18","229","347","9.222707423580786","4.366812227074236","0","5.240174672489083","5.240174672489083","92","4.027491408934708","21","291","457","9.381443298969073","7.903780068728523","4.123711340206185","0.6872852233676976","2.0618556701030926","92","4.063973063973064","22","297","508","9.272727272727273","3.0303030303030303","2.356902356902357","5.3872053872053876","0.6734006734006734","92","3.9420289855072466","14","276","520","9.355072463768115","6.159420289855072","1.4492753623188406","2.536231884057971","1.4492753623188406"
,"93","4.068345323741007","25","278","532","9.345323741007194","4.676258992805756","7.913669064748201","1.7985611510791366","1.4388489208633093","93","4.109965635738831","26","291","501","9.237113402061855","1.3745704467353952","6.8728522336769755","5.498281786941581","4.810996563573883","93","3.945736434108527","23","258","517","9.325581395348838","2.3255813953488373","3.10077519379845","2.3255813953488373","1.550387596899225","93","4.0398550724637685","26","276","538","9.340579710144928","6.159420289855072","1.4492753623188406","0.7246376811594203","4.7101449275362315","93","3.923076923076923","30","260","478","9.253846153846155","0","0","6.923076923076923","1.5384615384615385","93","3.9224489795918367","30","245","476","9.338775510204082","0","4.489795918367347","4.489795918367347","0","93","4.156583629893238","34","281","572","9.366548042704625","9.252669039145907","2.1352313167259784","8.185053380782918","1.7793594306049823","93","4.075187969924812","30","266","608","9.360902255639099","1.8796992481203008","0.7518796992481203","5.639097744360902","9.398496240601503","93","4.014925373134329","33","268","537","9.194029850746269","4.104477611940299","0","4.850746268656716","4.104477611940299","93","4.0814814814814815","30","270","477","9.207407407407407","7.777777777777778","4.074074074074074","1.4814814814814814","5.925925925925926","93","3.906015037593985","32","266","589","9.308270676691729","0","1.5037593984962405","3.007518796992481","4.511278195488722","93","3.890909090909091","35","220","581","9.272727272727273","1.8181818181818181","3.6363636363636362","3.6363636363636362","3.1818181818181817","93","4.045833333333333","24","240","456","9.225","2.5","0.8333333333333334","7.5","3.3333333333333335","93","3.967741935483871","31","279","536","9.311827956989248","5.017921146953405","2.150537634408602","0","0.7168458781362007","93","4.066666666666666","23","270","519","9.051851851851852","4.074074074074074","4.444444444444445","4.074074074074074","4.074074074074074","93","3.995833333333333","19","240","485","9.4","2.5","1.25","2.9166666666666665","2.0833333333333335","93","4.019455252918288","33","257","549","9.245136186770427","1.1673151750972763","3.8910505836575875","2.3346303501945527","0.7782101167315175","93","4.059649122807017","29","285","520","9.312280701754386","3.508771929824561","2.1052631578947367","6.666666666666667","4.2105263157894735","93","4.037931034482758","26","290","490","9.248275862068965","6.896551724137931","6.206896551724138","1.3793103448275863","2.0689655172413794","93","3.9767441860465116","21","258","458","9.147286821705427","4.263565891472868","0","3.875968992248062","2.3255813953488373","93","3.9964788732394365","21","284","423","9.359154929577464","4.225352112676056","4.225352112676056","2.816901408450704","1.056338028169014","93","3.992982456140351","16","285","500","9.319298245614036","2.1052631578947367","2.456140350877193","0","8.421052631578947","93","4.017985611510792","20","278","566","9.323741007194245","5.0359712230215825","3.9568345323741005","2.158273381294964","0.7194244604316546","93","4.003378378378378","20","296","552","9.358108108108109","2.7027027027027026","3.3783783783783785","4.054054054054054","0","93","4.174657534246576","18","292","495","9.047945205479452","6.506849315068493","8.219178082191782","8.219178082191782","5.136986301369863","93","4.078498293515358","21","293","482","9.276450511945393","4.778156996587031","2.04778156996587","2.7303754266211606","6.825938566552901","93","4.026315789473684","18","228","347","9.175438596491228","4.385964912280702","0","5.2631578947368425","5.2631578947368425","93","4.031141868512111","22","289","457","9.321799307958477","8.304498269896193","3.8062283737024223","0.6920415224913494","2.0761245674740483","93","4.063973063973064","22","297","508","9.272727272727273","3.0303030303030303","2.356902356902357","5.3872053872053876","0.6734006734006734","93","3.9413919413919416","16","273","520","9.238095238095237","5.86080586080586","1.465201465201465","2.5641025641025643","1.465201465201465"
,"94","4.057553956834532","25","278","543","9.424460431654676","3.9568345323741005","7.913669064748201","1.7985611510791366","1.4388489208633093","94","4.110344827586207","26","290","522","9.351724137931035","1.7241379310344827","6.896551724137931","5.172413793103448","4.482758620689655","94","3.949612403100775","23","258","529","9.418604651162791","2.3255813953488373","3.10077519379845","2.3255813953488373","1.550387596899225","94","4.036231884057971","26","276","554","9.456521739130435","6.159420289855072","1.4492753623188406","0.7246376811594203","4.7101449275362315","94","3.923076923076923","30","260","499","9.415384615384616","0","0","6.923076923076923","1.5384615384615385","94","3.925925925925926","30","243","488","9.349794238683128","0","4.526748971193416","4.526748971193416","0","94","4.156583629893238","34","281","593","9.516014234875446","9.252669039145907","2.1352313167259784","8.185053380782918","1.7793594306049823","94","4.068181818181818","31","264","618","9.356060606060606","1.893939393939394","0.7575757575757576","5.681818181818182","9.090909090909092","94","4.018656716417911","33","268","566","9.41044776119403","4.104477611940299","0","4.850746268656716","4.104477611940299","94","4.0851851851851855","30","270","490","9.303703703703704","7.777777777777778","4.074074074074074","1.4814814814814814","6.296296296296297","94","3.909433962264151","32","265","610","9.426415094339623","0","1.509433962264151","3.018867924528302","4.90566037735849","94","3.894977168949772","35","219","599","9.452054794520548","1.82648401826484","3.65296803652968","3.65296803652968","3.1963470319634704","94","4.0423728813559325","25","236","475","9.211864406779661","2.1186440677966103","0.847457627118644","7.627118644067797","3.389830508474576","94","3.963898916967509","32","277","556","9.379061371841155","5.054151624548736","2.1660649819494586","0","0.7220216606498195","94","4.063197026022305","23","269","543","9.189591078066915","3.717472118959108","4.4609665427509295","3.717472118959108","4.089219330855019","94","3.9916666666666667","19","240","501","9.533333333333333","2.5","1.25","2.9166666666666665","1.6666666666666667","94","4.019607843137255","33","255","567","9.301960784313726","1.1764705882352942","3.9215686274509802","2.3529411764705883","0.7843137254901961","94","4.059649122807017","29","285","538","9.43859649122807","3.508771929824561","2.1052631578947367","6.666666666666667","4.2105263157894735","94","4.034722222222222","27","288","496","9.215277777777779","6.597222222222222","6.25","1.3888888888888888","2.0833333333333335","94","3.9766536964980546","22","257","476","9.245136186770427","4.280155642023346","0","3.8910505836575875","2.3346303501945527","94","4.003521126760563","21","284","429","9.401408450704226","4.577464788732394","4.225352112676056","2.816901408450704","1.056338028169014","94","3.992957746478873","17","284","513","9.373239436619718","2.112676056338028","2.464788732394366","0","8.450704225352112","94","4.018050541516246","20","277","580","9.386281588447654","5.054151624548736","3.9711191335740073","2.1660649819494586","0.7220216606498195","94","4.003389830508475","20","295","563","9.396610169491526","2.711864406779661","3.389830508474576","3.7288135593220337","0","94","4.178082191780822","18","292","522","9.232876712328768","6.506849315068493","8.219178082191782","8.219178082191782","5.136986301369863","94","4.078767123287672","22","292","503","9.383561643835616","4.794520547945205","2.0547945205479454","2.73972602739726","6.8493150684931505","94","4.0265486725663715","18","226","363","9.221238938053098","4.424778761061947","0","5.3097345132743365","5.3097345132743365","94","4.027777777777778","22","288","476","9.416666666666666","7.986111111111111","3.4722222222222223","0.6944444444444444","2.0833333333333335","94","4.063973063973064","22","297","528","9.407407407407407","3.0303030303030303","2.356902356902357","5.3872053872053876","0.6734006734006734","94","3.9483394833948338","17","271","537","9.284132841328413","6.273062730627307","1.4760147601476015","2.5830258302583027","1.4760147601476015"
,"95","4.064981949458484","25","277","543","9.40072202166065","4.332129963898917","7.9422382671480145","1.8050541516245486","1.444043321299639","95","4.107638888888889","26","288","522","9.277777777777779","1.3888888888888888","6.944444444444445","5.208333333333333","4.861111111111111","95","3.945525291828794","24","257","529","9.377431906614786","2.3346303501945527","3.11284046692607","2.3346303501945527","1.556420233463035","95","4.04","26","275","554","9.418181818181818","6.181818181818182","1.4545454545454546","0.7272727272727273","4.7272727272727275","95","3.923076923076923","30","260","499","9.415384615384616","0","0","6.923076923076923","1.5384615384615385","95","3.925925925925926","30","243","488","9.349794238683128","0","4.526748971193416","4.526748971193416","0","95","4.1571428571428575","35","280","593","9.478571428571428","9.285714285714286","2.142857142857143","8.214285714285714","1.7857142857142858","95","4.076045627376426","31","263","618","9.315589353612168","1.9011406844106464","0.7604562737642585","5.7034220532319395","9.505703422053232","95","4.014925373134329","33","268","566","9.41044776119403","4.104477611940299","0","4.850746268656716","4.104477611940299","95","4.0817843866171","30","269","490","9.263940520446097","7.806691449814126","4.089219330855019","1.486988847583643","5.947955390334572","95","3.913207547169811","32","265","610","9.426415094339623","0","1.509433962264151","3.3962264150943398","4.90566037735849","95","3.894977168949772","35","219","599","9.452054794520548","1.82648401826484","3.65296803652968","3.65296803652968","3.1963470319634704","95","4.047008547008547","26","234","475","9.136752136752136","1.7094017094017093","0.8547008547008547","7.264957264957265","3.4188034188034186","95","3.967509025270758","32","277","556","9.379061371841155","5.054151624548736","2.1660649819494586","0","0.7220216606498195","95","4.0559701492537314","23","268","543","9.149253731343284","3.3582089552238807","4.477611940298507","4.104477611940299","3.7313432835820897","95","3.99581589958159","19","239","501","9.489539748953975","2.510460251046025","1.2552301255230125","2.928870292887029","2.092050209205021","95","4.019607843137255","33","255","567","9.301960784313726","1.1764705882352942","3.9215686274509802","2.3529411764705883","0.7843137254901961","95","4.059649122807017","29","285","538","9.43859649122807","3.508771929824561","2.1052631578947367","6.666666666666667","4.2105263157894735","95","4.031578947368421","28","285","496","9.101754385964913","6.315789473684211","6.315789473684211","1.4035087719298245","2.1052631578947367","95","3.9766536964980546","22","257","476","9.245136186770427","4.280155642023346","0","3.8910505836575875","2.3346303501945527","95","3.9964788732394365","21","284","429","9.401408450704226","4.225352112676056","4.225352112676056","2.816901408450704","1.056338028169014","95","4.007168458781362","19","279","513","9.182795698924732","2.150537634408602","2.5089605734767026","0","9.31899641577061","95","4.018050541516246","20","277","580","9.386281588447654","5.054151624548736","3.9711191335740073","2.1660649819494586","0.7220216606498195","95","4.006802721088436","20","294","563","9.360544217687075","2.7210884353741496","3.401360544217687","4.081632653061225","0","95","4.171232876712328","18","292","522","9.232876712328768","6.164383561643835","8.219178082191782","8.219178082191782","5.136986301369863","95","4.082474226804123","22","291","503","9.347079037800688","4.810996563573883","2.0618556701030926","3.0927835051546393","6.8728522336769755","95","4.0265486725663715","18","226","363","9.221238938053098","4.424778761061947","0","5.3097345132743365","5.3097345132743365","95","4.028169014084507","24","284","476","9.28169014084507","8.098591549295774","3.1690140845070425","0.704225352112676","1.7605633802816902","95","4.064406779661017","24","295","528","9.335593220338984","3.0508474576271185","2.3728813559322033","5.423728813559322","0.6779661016949152","95","3.944649446494465","17","271","537","9.284132841328413","5.904059040590406","1.4760147601476015","2.5830258302583027","1.4760147601476015"
,"96","4.054347826086956","25","276","543","9.36231884057971","3.9855072463768115","7.608695652173913","1.8115942028985508","1.4492753623188406","96","4.101045296167247","27","287","522","9.247386759581882","1.3937282229965158","6.620209059233449","4.878048780487805","4.529616724738676","96","3.94921875","25","256","529","9.3359375","2.34375","3.125","2.34375","1.5625","96","4.032967032967033","27","273","554","9.340659340659341","6.227106227106227","1.098901098901099","0.7326007326007326","4.761904761904762","96","3.9302325581395348","30","258","499","9.387596899224807","0","0","6.976744186046512","1.550387596899225","96","3.925311203319502","30","241","488","9.261410788381744","0","4.564315352697095","4.564315352697095","0","96","4.1571428571428575","35","280","593","9.478571428571428","9.285714285714286","2.142857142857143","8.214285714285714","1.7857142857142858","96","4.064638783269962","31","263","618","9.315589353612168","1.9011406844106464","0.7604562737642585","5.7034220532319395","9.125475285171103","96","4.018656716417911","33","268","566","9.41044776119403","4.104477611940299","0","4.850746268656716","4.104477611940299","96","4.0817843866171","30","269","490","9.263940520446097","7.806691449814126","4.089219330855019","1.486988847583643","5.947955390334572","96","3.91254752851711","32","263","610","9.346007604562738","0","1.520912547528517","3.041825095057034","4.942965779467681","96","3.8944954128440368","36","218","599","9.403669724770642","1.834862385321101","3.669724770642202","3.669724770642202","3.2110091743119265","96","4.051502145922747","26","233","475","9.098712446351932","1.7167381974248928","0.8583690987124464","7.296137339055794","3.4334763948497855","96","3.963768115942029","32","276","556","9.340579710144928","5.072463768115942","2.1739130434782608","0","0.7246376811594203","96","4.056179775280899","24","267","543","9.116104868913858","3.3707865168539324","4.49438202247191","3.745318352059925","3.745318352059925","96","3.991596638655462","20","238","501","9.445378151260504","2.5210084033613445","1.2605042016806722","2.9411764705882355","1.680672268907563","96","4.019607843137255","33","255","567","9.301960784313726","1.1764705882352942","3.9215686274509802","2.3529411764705883","0.7843137254901961","96","4.059859154929577","30","284","538","9.401408450704226","3.5211267605633805","2.112676056338028","6.690140845070423","4.225352112676056","96","4.03169014084507","28","284","496","9.06338028169014","6.338028169014085","6.338028169014085","1.408450704225352","2.112676056338028","96","3.9765625","22","256","476","9.203125","4.296875","0","3.90625","2.34375","96","4.00354609929078","21","282","429","9.368794326241135","4.609929078014185","4.25531914893617","2.8368794326241136","1.0638297872340425","96","4.017985611510792","19","278","513","9.151079136690647","2.158273381294964","2.5179856115107913","0","9.712230215827338","96","4.0181818181818185","21","275","580","9.309090909090909","5.090909090909091","4","2.1818181818181817","0.7272727272727273","96","4.003412969283277","21","293","563","9.331058020477816","2.7303754266211606","3.4129692832764507","3.7542662116040955","0","96","4.175257731958763","19","291","522","9.195876288659793","6.185567010309279","8.24742268041237","8.24742268041237","5.154639175257732","96","4.076124567474048","24","289","503","9.273356401384083","4.498269896193771","2.0761245674740483","2.7681660899653977","6.920415224913495","96","4.022321428571429","19","224","363","9.1875","4.017857142857143","0","5.357142857142857","4.910714285714286","96","4.0212765957446805","24","282","476","9.212765957446809","7.446808510638298","2.8368794326241136","0.7092198581560284","1.4184397163120568","96","4.0646258503401365","25","294","528","9.299319727891156","3.061224489795918","2.380952380952381","5.442176870748299","0.6802721088435374","96","3.948148148148148","18","270","537","9.251851851851852","6.296296296296297","1.4814814814814814","2.5925925925925926","1.4814814814814814"
,"97","3.852233676975945","25","291","553","9.326460481099657","6.185567010309279","8.934707903780069","3.4364261168384878","2.7491408934707904","97","3.8943894389438944","27","303","548","9.247524752475247","2.6402640264026402","8.250825082508252","5.9405940594059405","6.930693069306931","97","3.726937269372694","25","271","541","9.276752767527675","5.166051660516605","5.535055350553505","4.059040590405904","2.5830258302583027","97","3.7560137457044673","28","291","574","9.264604810996564","7.216494845360825","3.0927835051546393","3.7800687285223367","7.216494845360825","97","3.7047970479704797","31","271","515","9.328413284132841","2.2140221402214024","0.7380073800738007","8.118081180811808","3.321033210332103","97","3.596958174904943","30","263","513","9.1787072243346","3.4220532319391634","7.224334600760456","7.984790874524715","3.4220532319391634","97","3.8929765886287626","35","299","610","9.33779264214047","11.37123745819398","4.682274247491639","10.702341137123746","4.013377926421405","97","3.7829181494661923","32","281","635","9.274021352313166","3.202846975088968","1.7793594306049823","8.185053380782918","11.743772241992882","97","3.797872340425532","33","282","583","9.382978723404255","5.319148936170213","2.127659574468085","7.092198581560283","5.673758865248227","97","3.8526315789473684","30","285","502","9.305263157894737","9.473684210526315","6.315789473684211","3.8596491228070176","7.017543859649122","97","3.800738007380074","32","271","627","9.439114391143912","0.7380073800738007","1.4760147601476015","4.428044280442805","5.166051660516605","97","3.646551724137931","37","232","614","9.327586206896552","4.741379310344827","4.741379310344827","6.4655172413793105","3.4482758620689653","97","3.731225296442688","26","253","505","9.24110671936759","5.533596837944664","3.952569169960474","9.486166007905139","4.3478260869565215","97","3.7847222222222223","32","288","571","9.375","6.25","3.125","1.3888888888888888","1.3888888888888888","97","3.7291666666666665","25","288","566","9.229166666666666","5.555555555555555","6.25","6.25","5.555555555555555","97","3.700389105058366","20","257","516","9.284046692607005","4.669260700389105","2.3346303501945527","5.836575875486381","3.11284046692607","97","3.8679245283018866","33","265","580","9.403773584905661","1.8867924528301887","5.660377358490566","3.3962264150943398","1.509433962264151","97","3.767213114754098","31","305","547","9.259016393442623","6.557377049180328","4.590163934426229","8.852459016393443","4.590163934426229","97","3.8737201365187715","28","293","524","9.34470989761092","7.849829351535837","6.484641638225256","2.7303754266211606","3.7542662116040955","97","3.8446969696969697","23","264","494","9.424242424242424","5.681818181818182","1.893939393939394","5.303030303030303","3.409090909090909","97","3.6963696369636962","21","303","437","9.089108910891088","5.9405940594059405","6.270627062706271","5.9405940594059405","3.9603960396039604","97","3.691029900332226","20","301","548","9.22923588039867","4.318936877076412","5.647840531561462","1.3289036544850499","10.299003322259136","97","3.8767605633802815","22","284","598","9.387323943661972","7.394366197183099","5.633802816901408","3.1690140845070425","1.056338028169014","97","3.848684210526316","21","304","581","9.388157894736842","3.9473684210526314","3.9473684210526314","5.921052631578948","0.9868421052631579","97","3.9161290322580644","19","310","543","9.174193548387096","9.03225806451613","10.96774193548387","9.03225806451613","6.774193548387097","97","3.8453947368421053","24","304","522","9.282894736842104","6.907894736842105","3.9473684210526314","3.289473684210526","8.881578947368421","97","3.6437246963562755","19","247","384","9.093117408906883","6.477732793522267","2.42914979757085","8.097165991902834","7.287449392712551","97","3.7959866220735785","24","299","503","9.297658862876254","8.02675585284281","3.3444816053511706","2.0066889632107023","4.682274247491639","97","3.9304635761589406","25","302","546","9.450331125827814","4.966887417218543","2.980132450331126","6.622516556291391","1.9867549668874172","97","3.638225255972696","18","293","559","9.276450511945393","7.508532423208191","3.4129692832764507","4.09556313993174","3.7542662116040955"
,"98","4.0137931034482754","25","290","553","9.289655172413793","3.793103448275862","7.241379310344827","1.7241379310344827","1.3793103448275863","98","4.112211221122112","27","303","548","9.247524752475247","1.3201320132013201","6.930693069306931","5.9405940594059405","5.2805280528052805","98","3.9296296296296296","25","270","541","9.237037037037037","2.2222222222222223","3.7037037037037037","2.2222222222222223","0.7407407407407407","98","4.0344827586206895","29","290","574","9.227586206896552","6.551724137931035","0.3448275862068966","0.6896551724137931","6.206896551724138","98","3.911439114391144","31","271","515","9.328413284132841","0.36900369003690037","0","6.273062730627307","2.5830258302583027","98","3.954022988505747","31","261","513","9.095785440613026","1.5325670498084292","4.980842911877395","4.980842911877395","0","98","4.167224080267559","35","299","610","9.33779264214047","9.03010033444816","2.6755852842809364","9.364548494983278","2.6755852842809364","98","4.07168458781362","33","279","635","9.197132616487455","1.7921146953405018","0.7168458781362007","6.093189964157706","10.03584229390681","98","4.0213523131672595","33","281","583","9.345195729537366","3.5587188612099645","0","6.405693950177936","3.9145907473309607","98","4.098245614035088","30","285","502","9.305263157894737","7.719298245614035","4.56140350877193","2.807017543859649","5.614035087719298","98","3.9074074074074074","32","270","627","9.4","0","1.4814814814814814","3.7037037037037037","4.814814814814815","98","3.8521739130434782","37","230","614","9.234782608695653","1.7391304347826086","1.3043478260869565","1.7391304347826086","1.3043478260869565","98","4.031620553359684","26","253","505","9.24110671936759","1.1857707509881423","1.1857707509881423","7.905138339920948","3.1620553359683794","98","3.9545454545454546","33","286","571","9.3006993006993","4.895104895104895","3.4965034965034967","0.6993006993006993","0.6993006993006993","98","4.006968641114983","26","287","566","9.19163763066202","3.1358885017421603","3.832752613240418","3.1358885017421603","3.1358885017421603","98","3.972762645914397","20","257","516","9.284046692607005","2.3346303501945527","0.7782101167315175","3.8910505836575875","1.9455252918287937","98","4","35","262","580","9.282442748091603","0.7633587786259542","3.816793893129771","2.6717557251908395","0.7633587786259542","98","4.049180327868853","31","305","547","9.259016393442623","3.9344262295081966","2.622950819672131","5.573770491803279","2.9508196721311477","98","4.027491408934708","28","291","524","9.271477663230241","7.903780068728523","5.498281786941581","1.0309278350515463","2.4054982817869415","98","3.9923954372623576","24","263","494","9.384030418250951","4.182509505703422","0","3.041825095057034","2.2813688212927756","98","4.0495049504950495","21","303","437","9.089108910891088","4.62046204620462","4.62046204620462","3.6303630363036303","1.6501650165016502","98","4.006711409395973","21","298","548","9.120805369127517","1.342281879194631","3.6912751677852347","0","8.389261744966444","98","4.03169014084507","22","284","598","9.387323943661972","6.690140845070423","4.577464788732394","1.7605633802816902","0.704225352112676","98","4.006578947368421","21","304","581","9.388157894736842","3.289473684210526","3.289473684210526","3.6184210526315788","0","98","4.180645161290323","19","310","543","9.174193548387096","7.096774193548387","9.35483870967742","7.419354838709677","5.806451612903226","98","4.075907590759076","24","303","522","9.247524752475247","5.9405940594059405","1.3201320132013201","2.6402640264026402","6.930693069306931","98","4.016393442622951","19","244","384","8.959016393442623","5.327868852459017","0.4098360655737705","6.557377049180328","3.6885245901639343","98","3.9932885906040267","24","298","503","9.261744966442953","6.7114093959731544","2.684563758389262","0.6711409395973155","3.0201342281879193","98","4.056478405315614","25","301","546","9.415282392026578","4.651162790697675","2.3255813953488373","5.980066445182724","0.6644518272425249","98","3.938566552901024","18","293","559","9.276450511945393","5.802047781569966","2.04778156996587","2.3890784982935154","2.04778156996587"
,"99","4.020689655172414","25","290","553","9.289655172413793","4.137931034482759","7.241379310344827","1.7241379310344827","1.3793103448275863","99","4.108910891089109","27","303","548","9.247524752475247","1.3201320132013201","6.600660066006601","5.9405940594059405","5.6105610561056105","99","3.9291044776119404","26","268","541","9.156716417910447","2.2388059701492535","3.7313432835820897","2.2388059701492535","0.746268656716418","99","4.044982698961937","30","289","574","9.190311418685122","5.190311418685121","0.6920415224913494","0.6920415224913494","6.57439446366782","99","3.933333333333333","31","270","515","9.28888888888889","0.7407407407407407","0","6.296296296296297","2.5925925925925926","99","3.953846153846154","31","260","513","9.053846153846154","0.7692307692307693","5.384615384615385","5.384615384615385","0","99","4.174496644295302","36","298","610","9.302013422818792","9.060402684563758","2.684563758389262","9.060402684563758","2.684563758389262","99","4.078853046594982","33","279","635","9.197132616487455","2.150537634408602","0.7168458781362007","6.093189964157706","10.03584229390681","99","4.01779359430605","33","281","583","9.345195729537366","3.5587188612099645","0","6.405693950177936","3.9145907473309607","99","4.099644128113879","32","281","502","9.153024911032029","7.829181494661921","4.98220640569395","2.8469750889679717","5.693950177935943","99","3.9138576779026217","33","267","627","9.288389513108614","0","1.4981273408239701","4.119850187265918","4.868913857677903","99","3.8384279475982535","37","229","614","9.187772925764191","1.7467248908296944","0","1.7467248908296944","1.3100436681222707","99","4.0355731225296445","26","253","505","9.24110671936759","0.7905138339920948","1.1857707509881423","8.300395256916996","3.1620553359683794","99","3.961267605633803","34","284","571","9.232394366197184","4.929577464788732","3.5211267605633805","0.704225352112676","0.704225352112676","99","3.9894736842105263","26","285","566","9.178947368421053","3.1578947368421053","4.2105263157894735","3.1578947368421053","2.1052631578947367","99","3.9766536964980546","20","257","516","9.284046692607005","2.3346303501945527","1.1673151750972763","3.8910505836575875","2.3346303501945527","99","4.007662835249042","35","261","580","9.256704980842912","1.1494252873563218","3.8314176245210727","2.681992337164751","0.7662835249042146","99","4.0495049504950495","32","303","547","9.188118811881187","3.9603960396039604","2.6402640264026402","5.6105610561056105","2.31023102310231","99","4.02076124567474","29","289","524","9.211072664359861","7.612456747404845","5.536332179930795","0.6920415224913494","2.0761245674740483","99","3.9923664122137406","25","262","494","9.34351145038168","3.816793893129771","0","3.435114503816794","2.2900763358778624","99","4.0495049504950495","21","303","437","9.089108910891088","3.3003300330033003","4.29042904290429","3.6303630363036303","1.6501650165016502","99","4.016891891891892","21","296","548","9.06081081081081","1.3513513513513513","3.7162162162162162","0","8.783783783783784","99","4.035211267605634","22","284","598","9.387323943661972","7.042253521126761","4.577464788732394","1.7605633802816902","0.704225352112676","99","4.009868421052632","21","304","581","9.388157894736842","3.289473684210526","3.289473684210526","3.9473684210526314","0","99","4.190938511326861","20","309","543","9.13915857605178","7.119741100323624","9.385113268608414","7.119741100323624","6.472491909385114","99","4.069306930693069","24","303","522","9.247524752475247","5.9405940594059405","1.3201320132013201","2.6402640264026402","6.600660066006601","99","4.008196721311475","19","244","384","8.959016393442623","4.508196721311475","0","6.557377049180328","4.098360655737705","99","4","24","297","503","9.225589225589225","7.070707070707071","2.6936026936026938","0.6734006734006734","3.0303030303030303","99","4.05685618729097","26","299","546","9.351170568561873","4.682274247491639","2.3411371237458196","6.0200668896321075","0.6688963210702341","99","3.9377162629757785","19","289","559","9.190311418685122","5.190311418685121","1.7301038062283738","2.422145328719723","1.7301038062283738"
,"100","4.0137931034482754","25","290","563","9.358620689655172","3.793103448275862","7.241379310344827","1.7241379310344827","1.3793103448275863","100","4.115511551155116","27","303","557","9.306930693069306","1.3201320132013201","6.600660066006601","6.270627062706271","5.6105610561056105","100","3.9288389513108615","27","267","556","9.235955056179776","2.247191011235955","3.745318352059925","2.247191011235955","0.7490636704119851","100","4.038062283737024","30","289","595","9.335640138408305","4.844290657439446","0.6920415224913494","0.6920415224913494","6.57439446366782","100","3.936802973977695","31","269","529","9.397769516728625","0.37174721189591076","0","5.947955390334572","2.973977695167286","100","3.9613899613899615","31","259","535","9.181467181467182","1.1583011583011582","4.633204633204633","5.7915057915057915","0","100","4.172297297297297","36","296","618","9.29054054054054","8.783783783783784","2.7027027027027026","9.121621621621621","2.7027027027027026","100","4.0830324909747295","33","277","659","9.299638989169676","1.8050541516245486","0.7220216606498195","6.137184115523466","10.108303249097473","100","4.0213523131672595","33","281","593","9.416370106761565","3.5587188612099645","0","6.405693950177936","3.9145907473309607","100","4.0964285714285715","32","280","520","9.242857142857142","7.5","4.642857142857143","2.857142857142857","5.714285714285714","100","3.9135338345864663","33","266","646","9.406015037593985","0","1.5037593984962405","3.7593984962406015","4.887218045112782","100","3.8427947598253276","37","229","625","9.283842794759826","1.7467248908296944","0","1.7467248908296944","1.3100436681222707","100","4.027667984189724","26","253","517","9.33596837944664","0.7905138339920948","1.1857707509881423","7.509881422924901","3.1620553359683794","100","3.9572953736654806","36","281","597","9.309608540925266","4.270462633451957","3.5587188612099645","0.7117437722419929","0.7117437722419929","100","3.9964912280701754","26","285","578","9.263157894736842","3.1578947368421053","3.8596491228070176","3.1578947368421053","2.1052631578947367","100","3.97265625","20","256","524","9.3046875","2.34375","1.171875","3.515625","1.953125","100","4","35","260","598","9.361538461538462","0","3.8461538461538463","2.6923076923076925","0.7692307692307693","100","4.052980132450331","33","302","563","9.258278145695364","3.9735099337748343","2.6490066225165565","5.629139072847682","2.6490066225165565","100","4.017361111111111","29","288","548","9.340277777777779","7.638888888888889","5.555555555555555","0","2.0833333333333335","100","3.992337164750958","25","261","508","9.409961685823754","4.21455938697318","0","3.0651340996168583","2.2988505747126435","100","4.04983388704319","21","301","459","9.209302325581396","4.318936877076412","3.9867109634551494","3.3222591362126246","1.3289036544850499","100","4.013559322033898","21","295","573","9.193220338983052","1.3559322033898304","3.7288135593220337","0","8.474576271186441","100","4.024734982332156","22","283","602","9.378091872791519","6.360424028268551","4.593639575971731","1.4134275618374559","0.7067137809187279","100","4.006578947368421","21","304","587","9.427631578947368","3.289473684210526","3.289473684210526","3.6184210526315788","0","100","4.188311688311688","20","308","557","9.207792207792208","7.142857142857143","9.415584415584416","7.142857142857143","5.8441558441558445","100","4.076158940397351","24","302","539","9.324503311258278","5.960264900662252","1.3245033112582782","2.6490066225165565","6.622516556291391","100","4.004098360655738","19","244","398","9.073770491803279","4.508196721311475","0","6.557377049180328","3.6885245901639343","100","4","24","296","520","9.304054054054054","7.094594594594595","2.7027027027027026","0.6756756756756757","3.0405405405405403","100","4.0574324324324325","28","296","562","9.35135135135135","4.72972972972973","2.364864864864865","6.081081081081081","0.6756756756756757","100","3.937282229965157","19","287","572","9.205574912891986","5.574912891986063","1.7421602787456445","2.4390243902439024","1.3937282229965158"
,"101","4.02076124567474","25","289","563","9.321799307958477","4.1522491349480966","7.26643598615917","1.7301038062283738","1.3840830449826989","101","4.1092715231788075","27","302","557","9.271523178807946","1.3245033112582782","6.953642384105961","5.960264900662252","5.298013245033113","101","3.9323308270676693","27","266","556","9.19548872180451","2.255639097744361","3.7593984962406015","2.255639097744361","0.7518796992481203","101","4.045296167247387","30","287","595","9.275261324041812","5.2264808362369335","0.6968641114982579","0.6968641114982579","6.620209059233449","101","3.933085501858736","31","269","529","9.397769516728625","0","0","5.5762081784386615","2.6022304832713754","101","3.945525291828794","31","257","535","9.09727626459144","0.7782101167315175","3.8910505836575875","5.836575875486381","0","101","4.172297297297297","36","296","618","9.29054054054054","8.783783783783784","2.7027027027027026","9.121621621621621","2.7027027027027026","101","4.083636363636364","35","275","659","9.221818181818183","1.8181818181818181","0.7272727272727273","6.181818181818182","9.818181818181818","101","4.017857142857143","33","280","593","9.378571428571428","3.5714285714285716","0","6.428571428571429","3.9285714285714284","101","4.097122302158273","32","278","520","9.172661870503598","7.553956834532374","5.0359712230215825","2.8776978417266186","5.755395683453237","101","3.9135338345864663","33","266","646","9.406015037593985","0","1.5037593984962405","3.7593984962406015","4.887218045112782","101","3.8384279475982535","37","229","625","9.283842794759826","1.7467248908296944","0","1.7467248908296944","1.3100436681222707","101","4.027667984189724","26","253","517","9.33596837944664","0.7905138339920948","1.1857707509881423","7.509881422924901","3.1620553359683794","101","3.960573476702509","37","279","597","9.232974910394265","4.301075268817204","3.5842293906810037","0.7168458781362007","0.7168458781362007","101","4","26","285","578","9.263157894736842","3.1578947368421053","4.2105263157894735","3.1578947368421053","2.1052631578947367","101","3.97265625","20","256","524","9.3046875","2.34375","1.171875","3.515625","1.953125","101","3.9922779922779923","36","259","598","9.32046332046332","0","3.474903474903475","2.3166023166023164","0.7722007722007722","101","4.049668874172186","33","302","563","9.258278145695364","3.9735099337748343","2.6490066225165565","5.629139072847682","2.3178807947019866","101","4.024305555555555","29","288","548","9.340277777777779","7.638888888888889","5.555555555555555","0","2.0833333333333335","101","3.992337164750958","25","261","508","9.409961685823754","4.21455938697318","0","3.0651340996168583","2.2988505747126435","101","4.050167224080267","22","299","459","9.137123745819398","4.013377926421405","4.013377926421405","3.678929765886288","1.3377926421404682","101","4.01360544217687","22","294","573","9.156462585034014","1.3605442176870748","3.741496598639456","0","8.503401360544217","101","4.02846975088968","22","281","602","9.352313167259787","6.761565836298932","4.6263345195729535","1.4234875444839858","0.7117437722419929","101","4.00990099009901","22","303","587","9.392739273927393","3.3003300330033003","3.3003300330033003","3.9603960396039604","0","101","4.192182410423452","20","307","557","9.19869706840391","7.166123778501628","9.446254071661238","7.166123778501628","6.188925081433225","101","4.073333333333333","25","300","539","9.253333333333334","5.666666666666667","1.3333333333333333","2.6666666666666665","6.666666666666667","101","4.004098360655738","19","244","398","9.073770491803279","4.508196721311475","0","6.557377049180328","3.6885245901639343","101","4","24","296","520","9.304054054054054","7.094594594594595","2.7027027027027026","0.6756756756756757","3.0405405405405403","101","4.0574324324324325","28","296","562","9.35135135135135","4.72972972972973","2.364864864864865","6.081081081081081","0.6756756756756757","101","3.9335664335664338","20","286","572","9.167832167832168","5.244755244755245","1.7482517482517483","2.4475524475524475","1.3986013986013985"
,"102","4.020833333333333","26","288","563","9.291666666666666","3.8194444444444446","7.986111111111111","1.7361111111111112","1.3888888888888888","102","4.102990033222591","27","301","557","9.235880398671096","1.3289036544850499","6.312292358803987","5.980066445182724","4.983388704318937","102","3.939622641509434","27","265","556","9.154716981132076","2.2641509433962264","3.7735849056603774","2.2641509433962264","0.7547169811320755","102","4.031468531468532","31","286","595","9.237762237762238","4.895104895104895","0.6993006993006993","0.34965034965034963","6.293706293706293","102","3.9291044776119404","31","268","529","9.35820895522388","0","0","5.597014925373134","2.611940298507463","102","3.9610894941634243","31","257","535","9.09727626459144","1.1673151750972763","4.669260700389105","5.836575875486381","0","102","4.170068027210885","36","294","618","9.217687074829932","8.843537414965986","2.7210884353741496","8.843537414965986","2.7210884353741496","102","4.083636363636364","35","275","659","9.221818181818183","1.8181818181818181","0.7272727272727273","6.181818181818182","10.181818181818182","102","4.021660649819495","35","277","593","9.263537906137184","3.6101083032490973","0","6.498194945848375","3.9711191335740073","102","4.097122302158273","32","278","520","9.172661870503598","7.553956834532374","4.676258992805756","2.8776978417266186","5.755395683453237","102","3.913207547169811","34","265","646","9.366037735849057","0","1.509433962264151","3.7735849056603774","4.90566037735849","102","3.8427947598253276","37","229","625","9.283842794759826","1.7467248908296944","0","1.7467248908296944","1.3100436681222707","102","4.027777777777778","27","252","517","9.293650793650794","0.7936507936507936","1.1904761904761905","7.5396825396825395","3.1746031746031744","102","3.967741935483871","37","279","597","9.232974910394265","4.301075268817204","3.5842293906810037","0.7168458781362007","0.7168458781362007","102","4","26","284","578","9.232394366197184","3.1690140845070425","3.8732394366197185","3.1690140845070425","2.112676056338028","102","3.97244094488189","20","254","524","9.220472440944881","2.3622047244094486","1.1811023622047243","3.543307086614173","1.5748031496062993","102","3.992217898832685","36","257","598","9.26070038910506","0","3.501945525291829","2.3346303501945527","0.7782101167315175","102","4.053156146179402","33","301","563","9.22923588039867","3.9867109634551494","2.6578073089700998","5.647840531561462","2.6578073089700998","102","4.017421602787456","29","287","548","9.337979094076655","7.317073170731708","5.574912891986063","0","2.0905923344947737","102","3.9922779922779923","25","259","508","9.335907335907336","4.2471042471042475","0","3.088803088803089","2.3166023166023164","102","4.043918918918919","23","296","459","9.08108108108108","3.7162162162162162","4.054054054054054","3.3783783783783785","1.3513513513513513","102","4.010309278350515","22","291","573","9.0446735395189","1.3745704467353952","3.7800687285223367","0","8.24742268041237","102","4.021428571428571","22","280","602","9.314285714285715","6.071428571428571","4.642857142857143","1.4285714285714286","0.7142857142857143","102","4.009933774834437","22","302","587","9.357615894039736","3.3112582781456954","3.3112582781456954","3.642384105960265","0","102","4.185667752442996","20","307","557","9.19869706840391","7.166123778501628","9.446254071661238","7.166123778501628","5.537459283387622","102","4.07","25","300","539","9.253333333333334","5.333333333333333","1.3333333333333333","2.6666666666666665","6.666666666666667","102","4.004098360655738","19","244","398","9.073770491803279","4.508196721311475","0","6.557377049180328","3.6885245901639343","102","4","24","296","520","9.304054054054054","7.094594594594595","2.7027027027027026","0.6756756756756757","3.0405405405405403","102","4.057823129251701","28","294","562","9.27891156462585","4.761904761904762","2.380952380952381","6.122448979591836","0.6802721088435374","102","3.937062937062937","20","286","572","9.167832167832168","5.594405594405594","1.7482517482517483","2.4475524475524475","1.3986013986013985"
,"103","4.020833333333333","26","288","575","9.375","4.166666666666667","7.291666666666667","1.7361111111111112","1.3888888888888888","103","4.1066666666666665","28","300","578","9.34","1.3333333333333333","6.666666666666667","6","5.333333333333333","103","3.9320754716981132","27","265","575","9.29811320754717","2.2641509433962264","3.7735849056603774","2.2641509433962264","0.7547169811320755","103","4.021052631578947","31","285","613","9.326315789473684","4.2105263157894735","0.7017543859649122","0","5.964912280701754","103","3.932584269662921","32","267","536","9.370786516853933","0","0","5.617977528089888","2.6217228464419478","103","3.945525291828794","31","257","549","9.206225680933851","0.7782101167315175","3.8910505836575875","5.836575875486381","0","103","4.171232876712328","36","292","635","9.267123287671232","8.904109589041095","2.73972602739726","8.904109589041095","2.73972602739726","103","4.08058608058608","36","273","679","9.296703296703297","1.8315018315018314","0.7326007326007326","6.227106227106227","9.89010989010989","103","4.018115942028985","35","276","615","9.384057971014492","3.6231884057971016","0","6.521739130434782","3.9855072463768115","103","4.097472924187725","33","277","544","9.306859205776174","7.9422382671480145","4.693140794223827","2.888086642599278","5.776173285198556","103","3.912878787878788","34","264","664","9.469696969696969","0","1.5151515151515151","3.787878787878788","4.924242424242424","103","3.8370044052863435","38","227","635","9.277533039647578","1.7621145374449338","0","1.7621145374449338","1.3215859030837005","103","4.024","28","250","525","9.272","0.8","1.2","7.2","3.2","103","3.963898916967509","38","277","630","9.393501805054152","4.332129963898917","3.6101083032490973","0.7220216606498195","0.7220216606498195","103","4","26","284","592","9.330985915492958","3.1690140845070425","4.225352112676056","3.1690140845070425","2.112676056338028","103","3.97244094488189","20","254","533","9.291338582677165","2.3622047244094486","1.1811023622047243","3.543307086614173","1.968503937007874","103","3.9961089494163424","36","257","626","9.478599221789883","0","3.8910505836575875","2.3346303501945527","0.7782101167315175","103","4.050167224080267","33","299","578","9.264214046822742","4.013377926421405","2.6755852842809364","5.68561872909699","2.3411371237458196","103","4.017421602787456","29","287","565","9.456445993031359","6.968641114982578","5.574912891986063","0","2.0905923344947737","103","3.9922779922779923","25","259","527","9.482625482625483","4.2471042471042475","0","3.088803088803089","2.3166023166023164","103","4.054054054054054","23","296","483","9.243243243243244","4.391891891891892","4.054054054054054","3.7162162162162162","1.3513513513513513","103","4.006872852233677","22","291","605","9.264604810996564","1.3745704467353952","3.7800687285223367","0","7.903780068728523","103","4.028673835125448","22","279","617","9.383512544802867","6.451612903225806","4.659498207885305","1.4336917562724014","1.075268817204301","103","4.009933774834437","22","302","596","9.417218543046358","3.3112582781456954","3.3112582781456954","3.9735099337748343","0","103","4.185667752442996","20","307","567","9.26384364820847","7.166123778501628","9.446254071661238","7.166123778501628","5.537459283387622","103","4.070469798657718","25","298","559","9.322147651006711","5.369127516778524","1.342281879194631","2.684563758389262","6.7114093959731544","103","4.004098360655738","19","244","414","9.204918032786885","4.508196721311475","0","6.557377049180328","3.6885245901639343","103","4","24","296","533","9.391891891891891","7.094594594594595","2.7027027027027026","0.6756756756756757","3.0405405405405403","103","4.0580204778157","28","293","585","9.399317406143345","4.778156996587031","2.3890784982935154","6.143344709897611","0.6825938566552902","103","3.9335664335664338","20","286","594","9.321678321678322","5.244755244755245","1.7482517482517483","2.4475524475524475","1.3986013986013985"
,"104","4.017421602787456","27","287","575","9.337979094076655","3.832752613240418","7.665505226480836","1.7421602787456445","1.3937282229965158","104","4.107023411371237","28","299","578","9.311036789297658","1.3377926421404682","6.688963210702341","5.68561872909699","5.016722408026756","104","3.9393939393939394","28","264","575","9.257575757575758","2.272727272727273","3.787878787878788","2.272727272727273","0.7575757575757576","104","4.01056338028169","31","284","613","9.288732394366198","3.8732394366197185","0.704225352112676","0","5.633802816901408","104","3.9288389513108615","32","267","536","9.370786516853933","0","0","5.617977528089888","2.6217228464419478","104","3.9610894941634243","31","257","549","9.206225680933851","1.1673151750972763","4.669260700389105","5.836575875486381","0","104","4.171232876712328","36","292","635","9.267123287671232","8.904109589041095","2.73972602739726","8.904109589041095","2.73972602739726","104","4.0962962962962965","37","270","679","9.222222222222221","1.8518518518518519","0.7407407407407407","6.296296296296297","10.37037037037037","104","4.021739130434782","35","276","615","9.384057971014492","3.6231884057971016","0","6.521739130434782","3.9855072463768115","104","4.083333333333333","33","276","544","9.268115942028986","7.246376811594203","3.6231884057971016","2.898550724637681","5.797101449275362","104","3.912878787878788","34","264","664","9.469696969696969","0","1.5151515151515151","3.787878787878788","4.924242424242424","104","3.8392857142857144","38","224","635","9.133928571428571","1.7857142857142858","0","1.7857142857142858","1.3392857142857142","104","4.02","28","250","525","9.272","0.8","1.2","6.8","3.2","104","3.963636363636364","39","275","630","9.33090909090909","4.363636363636363","3.6363636363636362","0.7272727272727273","0.7272727272727273","104","4","26","283","592","9.293286219081272","3.1802120141342756","3.8869257950530036","3.1802120141342756","2.1201413427561837","104","3.972332015810277","20","253","533","9.24901185770751","1.976284584980237","1.1857707509881423","3.5573122529644268","1.5810276679841897","104","3.996078431372549","37","255","626","9.39607843137255","0","3.9215686274509802","2.3529411764705883","0.7843137254901961","104","4.053511705685619","33","299","578","9.264214046822742","4.013377926421405","2.6755852842809364","5.68561872909699","2.6755852842809364","104","4.020905923344948","29","287","565","9.456445993031359","6.968641114982578","5.923344947735192","0","2.0905923344947737","104","3.992248062015504","26","258","527","9.44186046511628","4.263565891472868","0","3.10077519379845","2.3255813953488373","104","4.050675675675675","23","296","483","9.243243243243244","4.391891891891892","4.054054054054054","3.3783783783783785","1.3513513513513513","104","4.010309278350515","22","291","605","9.264604810996564","1.3745704467353952","3.7800687285223367","0","8.24742268041237","104","4.021505376344086","22","279","617","9.383512544802867","6.093189964157706","4.659498207885305","1.4336917562724014","0.7168458781362007","104","4.003311258278146","22","302","596","9.417218543046358","3.3112582781456954","3.3112582781456954","3.642384105960265","0","104","4.185667752442996","20","307","567","9.26384364820847","7.166123778501628","9.446254071661238","7.166123778501628","5.537459283387622","104","4.064406779661017","25","295","559","9.254237288135593","5.423728813559322","1.0169491525423728","2.3728813559322033","6.779661016949152","104","4.004098360655738","19","244","414","9.204918032786885","4.508196721311475","0","6.557377049180328","3.6885245901639343","104","3.9966101694915253","24","295","533","9.35593220338983","6.779661016949152","2.711864406779661","0.6779661016949152","3.0508474576271185","104","4.061855670103093","28","291","585","9.347079037800688","4.810996563573883","2.4054982817869415","6.185567010309279","0.6872852233676976","104","3.9335664335664338","20","286","594","9.321678321678322","5.594405594405594","1.3986013986013985","2.4475524475524475","1.3986013986013985"
,"105","4.017543859649122","27","285","575","9.263157894736842","4.2105263157894735","7.017543859649122","1.7543859649122806","1.4035087719298245","105","4.111111111111111","29","297","578","9.245791245791246","1.3468013468013469","6.734006734006734","5.3872053872053876","5.3872053872053876","105","3.931558935361217","28","263","575","9.216730038022813","2.2813688212927756","3.802281368821293","2.2813688212927756","0.7604562737642585","105","4.007067137809187","31","283","613","9.293286219081272","3.5335689045936394","0.7067137809187279","0","5.30035335689046","105","3.932584269662921","32","267","536","9.370786516853933","0","0","5.617977528089888","2.6217228464419478","105","3.9453125","31","256","549","9.1640625","0.78125","3.90625","5.859375","0","105","4.171232876712328","36","292","635","9.267123287671232","8.904109589041095","2.73972602739726","8.904109589041095","2.73972602739726","105","4.096654275092937","37","269","679","9.182156133828997","1.858736059479554","0.7434944237918215","6.319702602230484","10.408921933085502","105","4.0218181818181815","35","275","615","9.352727272727273","3.6363636363636362","0","6.909090909090909","4","105","4.079710144927536","33","276","544","9.268115942028986","6.884057971014493","3.9855072463768115","2.898550724637681","5.797101449275362","105","3.91254752851711","34","263","664","9.437262357414449","0","1.520912547528517","3.802281368821293","4.942965779467681","105","3.830357142857143","38","224","635","9.133928571428571","1.7857142857142858","0","1.7857142857142858","1.3392857142857142","105","4.020080321285141","28","249","525","9.236947791164658","0.8032128514056225","1.2048192771084338","6.827309236947791","3.21285140562249","105","3.963636363636364","39","275","630","9.33090909090909","4.363636363636363","3.6363636363636362","0.7272727272727273","0.7272727272727273","105","4","26","283","592","9.293286219081272","3.1802120141342756","4.240282685512367","3.1802120141342756","2.1201413427561837","105","3.9722222222222223","20","252","533","9.206349206349206","1.5873015873015872","1.1904761904761905","3.5714285714285716","1.9841269841269842","105","3.996078431372549","37","255","626","9.39607843137255","0","3.9215686274509802","2.3529411764705883","0.7843137254901961","105","4.050335570469799","33","298","578","9.228187919463087","4.026845637583893","2.684563758389262","5.704697986577181","2.348993288590604","105","4.024390243902439","29","287","565","9.456445993031359","6.968641114982578","6.2717770034843205","0","2.0905923344947737","105","3.992217898832685","26","257","527","9.400778210116732","4.280155642023346","0","3.11284046692607","2.3346303501945527","105","4.054237288135593","23","295","483","9.247457627118644","4.406779661016949","4.067796610169491","3.7288135593220337","1.3559322033898304","105","4.006872852233677","22","291","605","9.264604810996564","1.3745704467353952","3.7800687285223367","0","7.903780068728523","105","4.021505376344086","22","279","617","9.383512544802867","6.093189964157706","4.659498207885305","1.4336917562724014","0.7168458781362007","105","4.006666666666667","24","300","596","9.346666666666666","3.3333333333333335","3.3333333333333335","3.6666666666666665","0","105","4.19016393442623","21","305","567","9.193442622950819","6.885245901639344","9.508196721311476","7.213114754098361","5.573770491803279","105","4.057823129251701","25","294","559","9.217687074829932","5.442176870748299","0.6802721088435374","2.0408163265306123","6.802721088435374","105","4.004098360655738","19","244","414","9.204918032786885","4.508196721311475","0","6.557377049180328","3.6885245901639343","105","3.9966101694915253","24","295","533","9.35593220338983","6.779661016949152","2.711864406779661","0.6779661016949152","3.0508474576271185","105","4.06551724137931","28","290","585","9.317241379310344","4.827586206896552","2.413793103448276","6.206896551724138","0.6896551724137931","105","3.933098591549296","20","284","594","9.246478873239436","5.28169014084507","1.408450704225352","2.464788732394366","1.408450704225352"
,"106","4.014035087719298","27","285","590","9.368421052631579","3.8596491228070176","7.368421052631579","1.7543859649122806","1.4035087719298245","106","4.114478114478114","29","297","602","9.407407407407407","1.3468013468013469","6.734006734006734","5.723905723905724","5.3872053872053876","106","3.942528735632184","28","261","592","9.264367816091953","2.2988505747126435","3.8314176245210727","2.2988505747126435","0.7662835249042146","106","4.003533568904594","31","283","631","9.420494699646643","3.5335689045936394","0.7067137809187279","0","5.30035335689046","106","3.9285714285714284","33","266","544","9.390977443609023","0","0","5.639097744360902","2.6315789473684212","106","3.9609375","31","256","564","9.28125","1.171875","4.6875","5.859375","0","106","4.171232876712328","36","292","649","9.363013698630137","8.904109589041095","2.73972602739726","8.904109589041095","2.73972602739726","106","4.097378277153558","38","267","702","9.280898876404494","1.8726591760299625","0.7490636704119851","6.367041198501872","10.486891385767791","106","4.018450184501845","35","271","629","9.313653136531366","3.690036900369004","0","6.273062730627307","4.059040590405904","106","4.079710144927536","33","276","564","9.41304347826087","6.884057971014493","3.6231884057971016","2.898550724637681","5.797101449275362","106","3.9122137404580153","35","262","672","9.458015267175572","0","1.5267175572519085","3.816793893129771","4.961832061068702","106","3.8385650224215246","38","223","662","9.327354260089686","1.7937219730941705","0","1.7937219730941705","1.345291479820628","106","4.020161290322581","28","248","541","9.32258064516129","0.8064516129032258","1.2096774193548387","6.854838709677419","3.225806451612903","106","3.9635036496350367","39","274","654","9.467153284671532","4.37956204379562","3.6496350364963503","0.7299270072992701","0.7299270072992701","106","4","26","283","605","9.385159010600706","3.1802120141342756","3.8869257950530036","3.1802120141342756","2.1201413427561837","106","3.9760956175298805","20","251","548","9.282868525896415","1.593625498007968","0.796812749003984","4.382470119521912","1.593625498007968","106","4","37","254","641","9.472440944881889","0","3.937007874015748","2.3622047244094486","0.7874015748031497","106","4.0608108108108105","33","296","591","9.25","4.054054054054054","2.7027027027027026","5.743243243243243","2.7027027027027026","106","4.024390243902439","29","287","571","9.498257839721255","6.968641114982578","6.2717770034843205","0","2.0905923344947737","106","3.992156862745098","27","255","543","9.443137254901961","4.313725490196078","0","3.1372549019607843","2.3529411764705883","106","4.0479452054794525","24","292","496","9.273972602739725","4.109589041095891","4.109589041095891","3.4246575342465753","1.36986301369863","106","4.010344827586207","22","290","619","9.324137931034484","1.3793103448275863","3.793103448275862","0","8.275862068965518","106","4.0215827338129495","22","278","627","9.417266187050359","6.115107913669065","4.676258992805756","1.4388489208633093","0.7194244604316546","106","4.01","24","300","611","9.446666666666667","3.3333333333333335","3.3333333333333335","3.6666666666666665","0","106","4.19344262295082","21","305","585","9.311475409836065","6.557377049180328","9.508196721311476","7.213114754098361","5.573770491803279","106","4.0580204778157","25","293","587","9.372013651877133","5.460750853242321","0.6825938566552902","2.04778156996587","6.825938566552901","106","4.004098360655738","19","244","419","9.245901639344263","4.508196721311475","0","6.557377049180328","3.6885245901639343","106","3.993197278911565","25","294","546","9.408163265306122","6.462585034013605","2.7210884353741496","0.6802721088435374","3.061224489795918","106","4.06551724137931","28","290","603","9.441379310344828","4.827586206896552","2.413793103448276","6.206896551724138","0.6896551724137931","106","3.9361702127659575","21","282","608","9.26950354609929","5.319148936170213","1.4184397163120568","2.482269503546099","1.4184397163120568"
,"107","4.017605633802817","27","284","590","9.366197183098592","4.225352112676056","7.042253521126761","1.7605633802816902","1.408450704225352","107","4.111486486486487","29","296","602","9.371621621621621","1.3513513513513513","6.756756756756757","5.405405405405405","5.405405405405405","107","3.942084942084942","29","259","592","9.18918918918919","2.3166023166023164","3.861003861003861","2.3166023166023164","0.7722007722007722","107","4.007067137809187","31","283","631","9.420494699646643","3.5335689045936394","0.7067137809187279","0","5.30035335689046","107","3.928030303030303","33","264","544","9.31060606060606","0","0","5.681818181818182","2.6515151515151514","107","3.9453125","31","256","564","9.28125","0.78125","3.90625","5.859375","0","107","4.175257731958763","36","291","649","9.333333333333334","8.934707903780069","2.7491408934707904","8.934707903780069","3.0927835051546393","107","4.09811320754717","38","265","702","9.260377358490565","1.8867924528301887","0.7547169811320755","6.415094339622642","10.18867924528302","107","4.014760147601476","35","271","629","9.313653136531366","3.690036900369004","0","6.273062730627307","4.059040590405904","107","4.083333333333333","33","276","564","9.41304347826087","6.884057971014493","3.9855072463768115","2.898550724637681","5.797101449275362","107","3.9122137404580153","35","262","672","9.458015267175572","0","1.5267175572519085","3.816793893129771","4.961832061068702","107","3.8295964125560538","38","223","662","9.327354260089686","1.7937219730941705","0","1.7937219730941705","1.345291479820628","107","4.020325203252033","30","246","541","9.235772357723578","0.8130081300813008","1.2195121951219512","6.9105691056910565","3.252032520325203","107","3.9635036496350367","39","274","654","9.467153284671532","4.37956204379562","3.6496350364963503","0.7299270072992701","0.7299270072992701","107","4","27","282","605","9.347517730496454","3.1914893617021276","4.25531914893617","3.1914893617021276","2.127659574468085","107","3.9800796812749004","20","251","548","9.282868525896415","1.593625498007968","0.796812749003984","4.780876494023905","1.9920318725099602","107","4.003937007874016","37","254","641","9.472440944881889","0","3.937007874015748","2.3622047244094486","0.7874015748031497","107","4.057627118644068","33","295","591","9.220338983050848","4.067796610169491","2.711864406779661","5.762711864406779","2.3728813559322033","107","4.024475524475524","29","286","571","9.461538461538462","6.993006993006993","6.293706293706293","0","2.097902097902098","107","3.992156862745098","27","255","543","9.443137254901961","4.313725490196078","0","3.1372549019607843","2.3529411764705883","107","4.027397260273973","24","292","496","9.273972602739725","3.4246575342465753","4.109589041095891","2.73972602739726","1.36986301369863","107","4.010380622837371","22","289","619","9.28719723183391","1.3840830449826989","3.8062283737024223","0","8.304498269896193","107","4.0218181818181815","23","275","627","9.301818181818183","6.181818181818182","4.7272727272727275","1.4545454545454546","0.7272727272727273","107","4.003355704697986","25","298","611","9.375838926174497","3.3557046979865772","3.3557046979865772","3.6912751677852347","0","107","4.19344262295082","21","305","585","9.311475409836065","6.557377049180328","9.508196721311476","7.213114754098361","5.573770491803279","107","4.0580204778157","25","293","587","9.372013651877133","5.460750853242321","0.6825938566552902","2.04778156996587","6.825938566552901","107","4.004115226337449","20","243","419","9.201646090534979","4.526748971193416","0","6.584362139917696","3.7037037037037037","107","3.993197278911565","25","294","546","9.408163265306122","6.122448979591836","2.7210884353741496","0.6802721088435374","3.401360544217687","107","4.0657439446366785","28","289","603","9.40484429065744","4.844290657439446","2.422145328719723","6.228373702422146","0.6920415224913494","107","3.925531914893617","21","282","608","9.26950354609929","4.25531914893617","1.4184397163120568","2.482269503546099","1.4184397163120568"
,"108","4.021201413427562","28","283","590","9.328621908127209","4.240282685512367","7.420494699646643","1.7667844522968197","1.4134275618374559","108","4.112244897959184","29","294","602","9.312925170068027","1.3605442176870748","6.462585034013605","5.782312925170068","5.442176870748299","108","3.9416342412451364","30","257","592","9.17509727626459","2.3346303501945527","3.8910505836575875","2.3346303501945527","0.7782101167315175","108","4.00354609929078","31","282","631","9.382978723404255","3.5460992907801416","0.7092198581560284","0","5.319148936170213","108","3.927480916030534","35","262","544","9.229007633587786","0","0","5.7251908396946565","2.6717557251908395","108","3.9607843137254903","32","255","564","9.239215686274509","1.1764705882352942","4.705882352941177","5.882352941176471","0","108","4.172413793103448","36","290","649","9.296551724137931","8.96551724137931","2.7586206896551726","8.96551724137931","2.7586206896551726","108","4.106060606060606","38","264","702","9.227272727272727","1.893939393939394","0.7575757575757576","6.4393939393939394","10.606060606060606","108","4.018518518518518","35","270","629","9.274074074074074","3.7037037037037037","0","6.296296296296297","4.074074074074074","108","4.083941605839416","33","274","564","9.335766423357665","7.299270072992701","3.6496350364963503","2.9197080291970803","5.839416058394161","108","3.9122137404580153","35","262","672","9.458015267175572","0","1.5267175572519085","3.816793893129771","4.961832061068702","108","3.8385650224215246","38","223","662","9.327354260089686","1.7937219730941705","0","1.7937219730941705","1.345291479820628","108","4.020491803278689","32","244","541","9.163934426229508","0.819672131147541","1.2295081967213115","6.967213114754099","3.278688524590164","108","3.9633699633699635","39","273","654","9.428571428571429","4.395604395604396","3.663003663003663","0.7326007326007326","0.7326007326007326","108","4","27","282","605","9.347517730496454","3.1914893617021276","3.900709219858156","3.1914893617021276","2.127659574468085","108","3.9800796812749004","20","251","548","9.282868525896415","1.593625498007968","0.796812749003984","4.780876494023905","1.593625498007968","108","4.003952569169961","37","253","641","9.446640316205533","0","3.952569169960474","2.3715415019762847","0.7905138339920948","108","4.057823129251701","34","294","591","9.183673469387756","4.081632653061225","2.7210884353741496","5.442176870748299","2.7210884353741496","108","4.024475524475524","29","286","571","9.461538461538462","6.993006993006993","6.293706293706293","0","2.097902097902098","108","3.992156862745098","27","255","543","9.443137254901961","4.313725490196078","0","3.1372549019607843","2.3529411764705883","108","4.0344827586206895","25","290","496","9.206896551724139","3.793103448275862","4.137931034482759","2.7586206896551726","1.3793103448275863","108","4.020833333333333","22","288","619","9.25","1.3888888888888888","3.8194444444444446","0","9.375","108","4.025547445255475","24","274","627","9.262773722627736","6.569343065693431","4.744525547445256","1.4598540145985401","0.7299270072992701","108","4.0067796610169495","27","295","611","9.267796610169492","3.389830508474576","3.0508474576271185","3.7288135593220337","0","108","4.190789473684211","21","304","585","9.276315789473685","6.25","9.868421052631579","6.907894736842105","5.592105263157895","108","4.0580204778157","25","293","587","9.372013651877133","5.460750853242321","0.6825938566552902","2.04778156996587","6.825938566552901","108","4.0041322314049586","21","242","419","9.15702479338843","4.545454545454546","0","6.6115702479338845","3.71900826446281","108","3.9897610921501707","25","293","546","9.372013651877133","6.143344709897611","2.7303754266211606","0.6825938566552902","3.0716723549488054","108","4.066433566433567","29","286","603","9.314685314685315","4.895104895104895","2.4475524475524475","6.293706293706293","0.6993006993006993","108","3.942857142857143","21","280","608","9.2","5.357142857142857","1.4285714285714286","2.5","1.4285714285714286"
,"109","3.83617747440273","28","293","600","9.331058020477816","4.778156996587031","7.849829351535837","1.7064846416382253","2.7303754266211606","109","3.9800664451827243","30","301","616","9.428571428571429","2.6578073089700998","7.308970099667774","7.308970099667774","6.312292358803987","109","3.738007380073801","30","271","613","9.291512915129152","3.690036900369004","5.904059040590406","4.059040590405904","2.2140221402214024","109","3.679738562091503","31","306","645","9.196078431372548","4.57516339869281","2.287581699346405","3.2679738562091503","7.516339869281046","109","3.661870503597122","37","278","565","9.359712230215827","2.8776978417266186","3.237410071942446","6.83453237410072","4.676258992805756","109","3.72962962962963","32","270","577","9.244444444444444","1.8518518518518519","5.185185185185185","7.407407407407407","1.1111111111111112","109","3.840764331210191","37","314","662","9.159235668789808","11.146496815286625","5.732484076433121","12.101910828025478","5.732484076433121","109","3.9130434782608696","38","276","726","9.420289855072463","4.3478260869565215","2.898550724637681","8.333333333333334","11.231884057971014","109","3.6975945017182132","35","291","653","9.285223367697595","6.8728522336769755","2.0618556701030926","7.560137457044673","5.841924398625429","109","3.875","33","288","578","9.333333333333334","7.986111111111111","6.25","4.166666666666667","7.291666666666667","109","3.6464285714285714","35","280","678","9.32857142857143","2.5","3.5714285714285716","5.357142857142857","7.857142857142857","109","3.6186440677966103","38","236","681","9.35593220338983","2.1186440677966103","1.271186440677966","4.237288135593221","2.1186440677966103","109","3.847058823529412","32","255","567","9.419607843137255","1.9607843137254901","2.3529411764705883","7.8431372549019605","3.9215686274509802","109","3.7430555555555554","40","288","669","9.395833333333334","6.25","3.8194444444444446","2.4305555555555554","2.4305555555555554","109","3.810810810810811","27","296","624","9.385135135135135","5.0675675675675675","6.081081081081081","4.054054054054054","2.7027027027027026","109","3.712686567164179","21","268","562","9.253731343283581","4.104477611940299","3.3582089552238807","6.343283582089552","4.477611940298507","109","3.9034749034749034","38","259","652","9.482625482625483","1.9305019305019304","5.019305019305019","4.2471042471042475","1.9305019305019304","109","3.9210526315789473","34","304","614","9.388157894736842","5.2631578947368425","2.960526315789474","6.578947368421052","3.6184210526315788","109","3.734426229508197","29","305","582","9.272131147540984","8.852459016393443","8.19672131147541","2.622950819672131","5.573770491803279","109","3.764925373134328","29","268","553","9.335820895522389","6.343283582089552","1.492537313432836","5.223880597014926","4.104477611940299","109","3.653125","25","320","515","9.0875","5.9375","6.25","5","5.9375","109","3.720257234726688","22","311","638","9.17684887459807","5.144694533762058","5.787781350482315","1.607717041800643","10.610932475884244","109","3.7551020408163267","24","294","643","9.231292517006803","8.503401360544217","7.142857142857143","3.401360544217687","2.0408163265306123","109","3.8273615635179152","28","307","633","9.374592833876221","5.2117263843648205","3.257328990228013","5.537459283387622","1.9543973941368078","109","3.9685534591194966","22","318","597","9.30817610062893","6.60377358490566","10.062893081761006","7.861635220125786","6.918238993710692","109","3.748407643312102","25","314","602","9.26751592356688","7.32484076433121","4.140127388535032","3.1847133757961785","8.598726114649681","109","3.75390625","23","256","429","9.1796875","6.640625","2.734375","8.203125","5.46875","109","3.68370607028754","28","313","559","9.309904153354633","7.987220447284345","4.792332268370607","4.15335463258786","5.111821086261981","109","3.6320754716981134","29","318","625","9.10062893081761","7.232704402515723","5.9748427672955975","8.176100628930818","3.7735849056603774","109","3.7645051194539247","21","293","631","9.378839590443686","5.802047781569966","3.0716723549488054","3.7542662116040955","2.7303754266211606"
,"110","3.993150684931507","29","292","600","9.294520547945206","4.109589041095891","5.136986301369863","1.7123287671232876","1.36986301369863","110","4.1096345514950166","30","301","616","9.428571428571429","0.6644518272425249","7.308970099667774","5.980066445182724","5.3156146179401995","110","3.9516728624535316","31","269","613","9.219330855018587","2.2304832713754648","4.089219330855019","2.2304832713754648","0.7434944237918215","110","3.9703947368421053","32","304","645","9.125","2.960526315789474","0","0.9868421052631579","5.2631578947368425","110","3.963768115942029","37","276","565","9.282608695652174","1.8115942028985508","0","5.797101449275362","2.536231884057971","110","3.9407407407407407","32","270","577","9.244444444444444","0.7407407407407407","4.074074074074074","5.555555555555555","0","110","4.191082802547771","37","314","662","9.159235668789808","8.280254777070065","3.5031847133757963","9.554140127388536","2.8662420382165603","110","4.130434782608695","38","276","726","9.420289855072463","1.8115942028985508","1.8115942028985508","7.608695652173913","9.782608695652174","110","4.030927835051546","35","291","653","9.285223367697595","5.154639175257732","0.3436426116838488","6.8728522336769755","5.498281786941581","110","4.086805555555555","33","288","578","9.333333333333334","6.944444444444445","4.513888888888889","2.7777777777777777","5.555555555555555","110","3.9535714285714287","35","280","678","9.32857142857143","0.35714285714285715","2.142857142857143","4.285714285714286","7.142857142857143","110","3.8135593220338984","38","236","681","9.35593220338983","1.694915254237288","0","3.389830508474576","0.423728813559322","110","4.003952569169961","34","253","567","9.33596837944664","1.5810276679841897","0.3952569169960474","6.719367588932807","3.952569169960474","110","3.951219512195122","40","287","669","9.358885017421603","4.181184668989547","3.484320557491289","1.3937282229965158","0.6968641114982579","110","4.023728813559322","27","295","624","9.349152542372881","3.389830508474576","4.406779661016949","3.7288135593220337","2.711864406779661","110","4","21","267","562","9.213483146067416","1.8726591760299625","0.7490636704119851","5.992509363295881","1.8726591760299625","110","4.038610038610039","38","259","652","9.482625482625483","1.1583011583011582","3.474903474903475","3.474903474903475","0.7722007722007722","110","4.052805280528053","34","303","614","9.353135313531354","5.2805280528052805","2.31023102310231","5.6105610561056105","3.3003300330033003","110","4.029508196721311","29","305","582","9.272131147540984","7.213114754098361","6.557377049180328","0.32786885245901637","3.6065573770491803","110","3.9962546816479403","29","267","553","9.295880149812733","2.9962546816479403","0.7490636704119851","4.49438202247191","3.745318352059925","110","4.021943573667712","25","319","515","9.090909090909092","3.134796238244514","3.761755485893417","3.761755485893417","2.5078369905956115","110","4.035483870967742","23","310","638","9.141935483870968","3.870967741935484","4.193548387096774","0.3225806451612903","10.32258064516129","110","4.020408163265306","24","294","643","9.231292517006803","6.462585034013605","5.442176870748299","1.7006802721088434","0.6802721088435374","110","4.026058631921824","28","307","633","9.374592833876221","5.2117263843648205","1.9543973941368078","4.234527687296417","0.6514657980456026","110","4.163522012578617","22","318","597","9.30817610062893","5.9748427672955975","8.80503144654088","7.232704402515723","4.716981132075472","110","4.019292604501608","27","311","602","9.202572347266882","4.501607717041801","1.9292604501607717","0.9646302250803859","6.752411575562701","110","3.984313725490196","23","255","429","9.137254901960784","5.098039215686274","0","7.0588235294117645","4.313725490196078","110","4.0095846645367414","28","313","559","9.309904153354633","6.7092651757188495","2.5559105431309903","0.9584664536741214","3.5143769968051117","110","4.034591194968553","29","318","625","9.10062893081761","3.7735849056603774","2.20125786163522","5.660377358490566","2.20125786163522","110","3.9761092150170647","21","293","631","9.378839590443686","5.1194539249146755","2.7303754266211606","4.436860068259386","2.3890784982935154"
,"111","3.98972602739726","29","292","600","9.294520547945206","3.767123287671233","4.4520547945205475","1.7123287671232876","1.36986301369863","111","4.096345514950166","30","301","616","9.428571428571429","0.6644518272425249","7.308970099667774","5.3156146179401995","5.3156146179401995","111","3.9479553903345725","31","269","613","9.219330855018587","2.2304832713754648","3.717472118959108","2.2304832713754648","0.7434944237918215","111","3.9834437086092715","33","302","645","9.059602649006623","3.3112582781456954","0","0.9933774834437086","5.298013245033113","111","3.971014492753623","37","276","565","9.282608695652174","1.8115942028985508","0","6.159420289855072","2.536231884057971","111","3.9407407407407407","32","270","577","9.244444444444444","0.7407407407407407","3.7037037037037037","5.555555555555555","0","111","4.187898089171974","37","314","662","9.159235668789808","8.280254777070065","3.5031847133757963","9.235668789808917","2.5477707006369426","111","4.130909090909091","38","275","726","9.381818181818181","1.8181818181818181","1.4545454545454546","7.636363636363637","9.818181818181818","111","4.013745704467354","35","291","653","9.285223367697595","5.154639175257732","0","6.529209621993127","4.810996563573883","111","4.083333333333333","33","288","578","9.333333333333334","6.944444444444445","4.166666666666667","2.7777777777777777","5.902777777777778","111","3.942652329749104","35","279","678","9.347670250896057","0","2.150537634408602","3.942652329749104","5.734767025089606","111","3.799145299145299","39","234","681","9.264957264957266","1.7094017094017093","0","3.4188034188034186","0","111","4.015873015873016","34","252","567","9.293650793650794","1.5873015873015872","0","6.746031746031746","3.9682539682539684","111","3.9581881533101044","40","287","669","9.358885017421603","4.181184668989547","3.484320557491289","1.3937282229965158","0.6968641114982579","111","4.006802721088436","27","294","624","9.312925170068027","3.061224489795918","4.421768707482993","3.061224489795918","2.380952380952381","111","4.007490636704119","21","267","562","9.213483146067416","2.247191011235955","0.7490636704119851","5.617977528089888","2.247191011235955","111","4.042635658914729","39","258","652","9.44186046511628","1.1627906976744187","3.875968992248062","3.488372093023256","0.7751937984496124","111","4.052980132450331","34","302","614","9.317880794701987","5.298013245033113","1.9867549668874172","5.960264900662252","2.980132450331126","111","4.006578947368421","29","304","582","9.236842105263158","6.907894736842105","5.592105263157895","0","2.6315789473684212","111","4.00374531835206","29","267","553","9.295880149812733","2.9962546816479403","0.7490636704119851","4.49438202247191","3.745318352059925","111","4.025078369905956","25","319","515","9.090909090909092","2.5078369905956115","3.761755485893417","3.761755485893417","2.5078369905956115","111","4.058441558441558","24","308","638","9.071428571428571","3.5714285714285716","4.220779220779221","0.6493506493506493","10.38961038961039","111","4.030927835051546","24","291","643","9.120274914089347","6.529209621993127","5.841924398625429","2.0618556701030926","0.6872852233676976","111","4.016339869281046","29","306","633","9.339869281045752","5.228758169934641","0.9803921568627451","3.9215686274509802","0.6535947712418301","111","4.161904761904762","24","315","597","9.219047619047618","5.714285714285714","8.571428571428571","6.984126984126984","4.126984126984127","111","4.016129032258065","27","310","602","9.167741935483871","4.838709677419355","1.2903225806451613","0.6451612903225806","6.774193548387097","111","3.9722222222222223","25","252","429","9.015873015873016","5.158730158730159","0","6.349206349206349","4.365079365079365","111","4.022508038585209","28","311","559","9.241157556270096","6.752411575562701","2.572347266881029","0.6430868167202572","3.536977491961415","111","4.053459119496855","29","318","625","9.10062893081761","3.459119496855346","2.20125786163522","5.660377358490566","2.830188679245283","111","3.945392491467577","21","293","631","9.378839590443686","4.436860068259386","2.04778156996587","3.7542662116040955","1.3651877133105803"
,"112","3.98961937716263","30","289","611","9.259515570934257","4.1522491349480966","4.498269896193771","1.7301038062283738","1.3840830449826989","112","4.1096345514950166","30","301","623","9.475083056478406","0.6644518272425249","7.308970099667774","5.647840531561462","5.3156146179401995","112","3.9477611940298507","31","268","627","9.283582089552239","2.2388059701492535","3.7313432835820897","2.2388059701492535","0.746268656716418","112","3.97","33","300","663","9.14","2.6666666666666665","0","1","5","112","3.967391304347826","37","276","583","9.41304347826087","1.8115942028985508","0","5.797101449275362","2.536231884057971","112","3.940520446096654","32","269","580","9.226765799256505","0.7434944237918215","4.089219330855019","5.204460966542751","0","112","4.1916932907348246","37","313","672","9.188498402555911","8.30670926517572","3.5143769968051117","9.26517571884984","2.5559105431309903","112","4.134545454545455","38","275","738","9.469090909090909","1.8181818181818181","1.8181818181818181","7.636363636363637","9.818181818181818","112","4.020618556701031","35","291","658","9.31958762886598","5.154639175257732","0","6.8728522336769755","4.810996563573883","112","4.086805555555555","33","288","584","9.375","6.944444444444445","4.513888888888889","2.7777777777777777","5.555555555555555","112","3.9422382671480145","35","277","683","9.306859205776174","0","2.1660649819494586","3.6101083032490973","6.137184115523466","112","3.8068669527896994","39","233","691","9.304721030042918","1.7167381974248928","0","3.4334763948497855","0","112","4.015873015873016","34","252","582","9.412698412698413","1.5873015873015872","0","6.746031746031746","3.9682539682539684","112","3.9581881533101044","40","287","677","9.414634146341463","4.181184668989547","3.484320557491289","1.3937282229965158","0.6968641114982579","112","4.01360544217687","27","294","634","9.380952380952381","3.061224489795918","4.421768707482993","3.061224489795918","2.7210884353741496","112","4.007490636704119","21","267","586","9.393258426966293","2.247191011235955","0.7490636704119851","5.2434456928838955","2.6217228464419478","112","4.038759689922481","39","258","659","9.496124031007753","1.1627906976744187","3.488372093023256","3.488372093023256","0.7751937984496124","112","4.056291390728477","34","302","626","9.397350993377483","5.298013245033113","1.9867549668874172","5.298013245033113","3.3112582781456954","112","4.003289473684211","29","304","597","9.335526315789474","6.907894736842105","5.2631578947368425","0","2.6315789473684212","112","4.00374531835206","29","267","568","9.408239700374532","2.9962546816479403","0.7490636704119851","4.49438202247191","3.745318352059925","112","4.028301886792453","26","318","528","9.138364779874214","2.830188679245283","3.7735849056603774","3.7735849056603774","2.5157232704402515","112","4.065789473684211","24","304","666","9.111842105263158","3.6184210526315788","4.276315789473684","0.6578947368421053","10.526315789473685","112","4.038062283737024","25","289","665","9.204152249134948","6.57439446366782","6.57439446366782","1.7301038062283738","0.6920415224913494","112","4.016501650165017","29","303","644","9.326732673267326","5.2805280528052805","0.9900990099009901","3.9603960396039604","0.6600660066006601","112","4.158730158730159","24","315","620","9.365079365079366","6.349206349206349","8.253968253968255","6.984126984126984","3.492063492063492","112","4.01628664495114","27","307","619","9.192182410423452","4.5602605863192185","1.3029315960912051","0.6514657980456026","7.166123778501628","112","3.9760956175298805","25","251","452","9.155378486055778","5.179282868525896","0","6.374501992031872","4.382470119521912","112","4.0227272727272725","30","308","576","9.285714285714286","6.818181818181818","2.5974025974025974","0.6493506493506493","3.5714285714285716","112","4.066037735849057","29","318","637","9.176100628930818","3.459119496855346","2.20125786163522","5.660377358490566","3.1446540880503147","112","3.9452054794520546","22","292","639","9.397260273972602","4.109589041095891","2.0547945205479454","4.109589041095891","1.36986301369863"
,"113","3.989547038327526","30","287","611","9.184668989547038","3.832752613240418","4.529616724738676","1.7421602787456445","1.3937282229965158","113","4.102990033222591","30","301","623","9.475083056478406","0.6644518272425249","7.308970099667774","5.3156146179401995","5.3156146179401995","113","3.9477611940298507","31","268","627","9.283582089552239","2.2388059701492535","3.7313432835820897","2.2388059701492535","0.746268656716418","113","3.9731543624161074","34","298","663","9.073825503355705","2.684563758389262","0","1.0067114093959733","5.033557046979865","113","3.9672727272727273","37","275","583","9.374545454545455","1.8181818181818181","0","5.454545454545454","2.5454545454545454","113","3.9398496240601504","32","266","580","9.172932330827068","0.7518796992481203","3.7593984962406015","5.2631578947368425","0","113","4.192926045016077","38","311","672","9.118971061093248","8.360128617363344","3.536977491961415","9.32475884244373","2.572347266881029","113","4.124542124542124","40","273","738","9.3992673992674","1.8315018315018314","0.7326007326007326","7.6923076923076925","9.89010989010989","113","4.013840830449827","36","289","658","9.245674740484429","5.190311418685121","0","6.57439446366782","4.844290657439446","113","4.083333333333333","33","288","584","9.375","6.944444444444445","4.166666666666667","2.7777777777777777","5.902777777777778","113","3.9422382671480145","35","277","683","9.306859205776174","0","2.1660649819494586","3.6101083032490973","6.137184115523466","113","3.7974137931034484","40","232","691","9.258620689655173","1.7241379310344827","0","3.4482758620689653","0","113","4.015873015873016","34","252","582","9.412698412698413","1.5873015873015872","0","6.746031746031746","3.9682539682539684","113","3.957894736842105","40","285","677","9.340350877192982","4.2105263157894735","3.508771929824561","1.4035087719298245","0.7017543859649122","113","4.010204081632653","27","294","634","9.380952380952381","3.401360544217687","4.421768707482993","3.061224489795918","2.380952380952381","113","4.00374531835206","21","267","586","9.393258426966293","2.247191011235955","0.7490636704119851","5.2434456928838955","2.247191011235955","113","4.035019455252918","39","257","659","9.455252918287938","1.1673151750972763","3.501945525291829","3.11284046692607","0.7782101167315175","113","4.056478405315614","35","301","626","9.362126245847175","5.3156146179401995","1.9933554817275747","5.3156146179401995","2.990033222591362","113","4.003322259136213","31","301","597","9.22923588039867","6.976744186046512","5.3156146179401995","0","2.6578073089700998","113","4.007490636704119","29","267","568","9.408239700374532","2.9962546816479403","1.1235955056179776","4.49438202247191","3.745318352059925","113","4.025316455696203","26","316","528","9.069620253164556","2.5316455696202533","3.7974683544303796","3.7974683544303796","2.5316455696202533","113","4.0625","24","304","666","9.111842105263158","3.6184210526315788","4.605263157894737","0.6578947368421053","9.868421052631579","113","4.055749128919861","26","287","665","9.128919860627178","6.620209059233449","6.620209059233449","2.0905923344947737","0.6968641114982579","113","4.013201320132013","29","303","644","9.326732673267326","5.2805280528052805","0.9900990099009901","3.9603960396039604","0.6600660066006601","113","4.159744408945687","24","313","620","9.303514376996805","6.0702875399361025","8.30670926517572","7.0287539936102235","3.5143769968051117","113","4.00983606557377","28","305","619","9.121311475409836","4.262295081967213","1.3114754098360655","0.6557377049180327","6.885245901639344","113","3.971774193548387","25","248","452","9.024193548387096","5.241935483870968","0","6.048387096774194","4.435483870967742","113","4.022801302931596","30","307","576","9.250814332247558","6.840390879478828","2.6058631921824102","0.6514657980456026","3.583061889250814","113","4.069400630914826","30","317","637","9.141955835962145","3.470031545741325","2.2082018927444795","5.678233438485805","3.470031545741325","113","3.9518900343642613","22","291","639","9.360824742268042","4.810996563573883","2.0618556701030926","4.123711340206185","1.3745704467353952"
,"114","3.9894736842105263","30","285","611","9.108771929824561","4.2105263157894735","4.56140350877193","1.7543859649122806","1.4035087719298245","114","4.1096345514950166","30","301","623","9.475083056478406","0.6644518272425249","7.308970099667774","5.647840531561462","5.3156146179401995","114","3.9477611940298507","31","268","627","9.283582089552239","2.2388059701492535","3.7313432835820897","2.2388059701492535","0.746268656716418","114","3.972972972972973","34","296","663","9","2.7027027027027026","0","1.0135135135135136","5.0675675675675675","114","3.9708029197080292","38","274","583","9.343065693430656","1.8248175182481752","0","5.474452554744525","2.5547445255474455","114","3.950943396226415","32","265","580","9.169811320754716","0.7547169811320755","4.528301886792453","5.283018867924528","0","114","4.194174757281553","40","309","672","9.048543689320388","8.414239482200648","3.559870550161812","9.385113268608414","2.588996763754045","114","4.1286764705882355","41","272","738","9.360294117647058","1.838235294117647","0.7352941176470589","8.088235294117647","9.926470588235293","114","4.020833333333333","36","288","658","9.215277777777779","5.208333333333333","0","6.944444444444445","4.861111111111111","114","4.086805555555555","33","288","584","9.375","6.944444444444445","4.513888888888889","2.7777777777777777","5.555555555555555","114","3.9422382671480145","35","277","683","9.306859205776174","0","2.1660649819494586","3.6101083032490973","6.137184115523466","114","3.8043478260869565","41","230","691","9.173913043478262","1.7391304347826086","0","3.4782608695652173","0","114","4.01593625498008","34","251","582","9.378486055776893","1.593625498007968","0","6.772908366533865","3.9840637450199203","114","3.957894736842105","40","285","677","9.340350877192982","4.2105263157894735","3.508771929824561","1.4035087719298245","0.7017543859649122","114","4.020477815699659","27","293","634","9.34470989761092","3.7542662116040955","4.436860068259386","3.0716723549488054","2.7303754266211606","114","4.00374531835206","21","267","586","9.393258426966293","2.247191011235955","0.7490636704119851","5.2434456928838955","2.247191011235955","114","4.0234375","39","256","659","9.4140625","1.171875","2.734375","2.734375","0.78125","114","4.063973063973064","37","297","626","9.218855218855218","5.3872053872053876","2.0202020202020203","5.3872053872053876","3.367003367003367","114","4.006666666666667","32","300","597","9.2","7","5.333333333333333","0","2.6666666666666665","114","4.007547169811321","30","265","568","9.328301886792453","3.018867924528302","0.7547169811320755","4.528301886792453","4.150943396226415","114","4.025477707006369","26","314","528","9.050955414012739","2.229299363057325","3.821656050955414","4.140127388535032","2.5477707006369426","114","4.0627062706270625","24","303","666","9.082508250825082","3.6303630363036303","4.29042904290429","0.33003300330033003","10.561056105610561","114","4.052264808362369","26","287","665","9.128919860627178","6.620209059233449","6.620209059233449","1.7421602787456445","0.6968641114982579","114","4.016501650165017","29","303","644","9.326732673267326","5.2805280528052805","0.9900990099009901","3.9603960396039604","0.6600660066006601","114","4.154340836012862","25","311","620","9.234726688102894","6.109324758842444","8.038585209003216","7.07395498392283","3.536977491961415","114","4.009868421052632","29","304","619","9.092105263157896","4.276315789473684","1.3157894736842106","0.6578947368421053","6.907894736842105","114","3.9635627530364372","25","247","452","8.979757085020243","5.2631578947368425","0","5.668016194331984","4.4534412955465585","114","4.022875816993464","30","306","576","9.215686274509803","6.862745098039215","2.6143790849673203","0.6535947712418301","3.5947712418300655","114","4.066246056782334","30","317","637","9.141955835962145","3.470031545741325","2.2082018927444795","5.678233438485805","3.1545741324921135","114","3.9444444444444446","23","288","639","9.25","4.513888888888889","2.0833333333333335","3.8194444444444446","1.3888888888888888"
,"115","3.9858657243816253","31","283","644","9.279151943462898","3.8869257950530036","4.240282685512367","1.7667844522968197","1.4134275618374559","115","4.102990033222591","30","301","630","9.521594684385382","0.6644518272425249","7.308970099667774","5.3156146179401995","5.3156146179401995","115","3.9473684210526314","32","266","638","9.285714285714286","2.255639097744361","3.7593984962406015","2.255639097744361","0.7518796992481203","115","3.976271186440678","35","295","691","9.152542372881356","2.711864406779661","0","1.0169491525423728","5.084745762711864","115","3.9708029197080292","38","274","598","9.452554744525548","1.8248175182481752","0","5.474452554744525","2.5547445255474455","115","3.9471698113207547","32","265","596","9.290566037735848","0.7547169811320755","3.7735849056603774","5.283018867924528","0","115","4.197411003236246","40","309","696","9.20388349514563","8.414239482200648","3.559870550161812","9.70873786407767","2.588996763754045","115","4.125","41","272","751","9.455882352941176","1.838235294117647","0.7352941176470589","7.720588235294118","9.926470588235293","115","4.013937282229965","36","287","674","9.303135888501743","5.2264808362369335","0","6.620209059233449","4.878048780487805","115","4.083916083916084","34","286","590","9.34965034965035","6.993006993006993","4.195804195804196","2.797202797202797","5.944055944055944","115","3.949275362318841","35","276","700","9.41304347826087","0","2.1739130434782608","3.6231884057971016","6.521739130434782","115","3.7956521739130435","41","230","710","9.339130434782609","1.7391304347826086","0","3.4782608695652173","0","115","4.01593625498008","34","251","596","9.49003984063745","1.593625498007968","0","6.772908366533865","3.9840637450199203","115","3.9577464788732395","40","284","685","9.359154929577464","4.225352112676056","3.5211267605633805","1.408450704225352","0.704225352112676","115","4.010273972602739","27","292","651","9.431506849315069","3.767123287671233","4.4520547945205475","3.0821917808219177","2.0547945205479454","115","4.00374531835206","21","267","592","9.438202247191011","2.247191011235955","0.7490636704119851","5.2434456928838955","2.247191011235955","115","4.03125","39","256","669","9.4921875","1.171875","3.515625","2.734375","0.78125","115","4.0606060606060606","37","297","647","9.36026936026936","5.3872053872053876","2.0202020202020203","5.3872053872053876","3.0303030303030303","115","4.01","32","300","620","9.353333333333333","7","5.333333333333333","0","2.6666666666666665","115","4.003773584905661","30","265","574","9.373584905660378","3.018867924528302","0.7547169811320755","4.528301886792453","3.7735849056603774","115","4.016025641025641","26","312","548","9.153846153846153","1.9230769230769231","3.5256410256410255","3.8461538461538463","2.5641025641025643","115","4.056291390728477","25","302","695","9.23841059602649","3.642384105960265","4.304635761589404","0.6622516556291391","9.602649006622517","115","4.059233449477352","26","287","687","9.282229965156795","6.968641114982578","6.620209059233449","2.0905923344947737","0.6968641114982579","115","4.01328903654485","29","301","657","9.3421926910299","5.3156146179401995","0.9966777408637874","3.9867109634551494","0.6644518272425249","115","4.157556270096463","25","311","637","9.344051446945338","6.109324758842444","8.038585209003216","7.07395498392283","3.536977491961415","115","4.009933774834437","29","302","647","9.205298013245033","4.635761589403973","1.3245033112582782","0.6622516556291391","6.622516556291391","115","3.967479674796748","25","246","482","9.178861788617887","5.284552845528455","0","5.691056910569106","4.471544715447155","115","4.022950819672131","30","305","600","9.337704918032786","6.885245901639344","2.622950819672131","0.6557377049180327","3.6065573770491803","115","4.06984126984127","31","315","659","9.212698412698412","3.492063492063492","2.2222222222222223","5.714285714285714","3.492063492063492","115","3.951388888888889","23","288","658","9.381944444444445","4.861111111111111","2.0833333333333335","4.166666666666667","1.3888888888888888"
,"116","3.9823321554770317","31","283","644","9.279151943462898","4.240282685512367","3.8869257950530036","1.7667844522968197","1.4134275618374559","116","4.11","30","300","630","9.486666666666666","0.6666666666666666","7.333333333333333","5.666666666666667","5.333333333333333","116","3.9473684210526314","32","266","638","9.285714285714286","2.255639097744361","3.7593984962406015","2.255639097744361","0.7518796992481203","116","3.976271186440678","35","295","691","9.152542372881356","2.711864406779661","0","1.0169491525423728","5.423728813559322","116","3.9705882352941178","39","272","598","9.375","1.838235294117647","0","5.514705882352941","2.573529411764706","116","3.9543726235741445","33","263","596","9.209125475285171","0.7604562737642585","4.182509505703422","5.32319391634981","0","116","4.194174757281553","40","309","696","9.20388349514563","8.414239482200648","3.559870550161812","9.385113268608414","2.588996763754045","116","4.125461254612546","41","271","751","9.416974169741698","1.845018450184502","0.7380073800738007","7.749077490774908","9.96309963099631","116","4.020979020979021","36","286","674","9.265734265734265","5.244755244755245","0","6.993006993006993","4.895104895104895","116","4.091228070175439","34","285","590","9.312280701754386","7.017543859649122","4.56140350877193","2.807017543859649","5.964912280701754","116","3.9456521739130435","35","276","700","9.41304347826087","0","2.1739130434782608","3.6231884057971016","6.159420289855072","116","3.8034934497816595","41","229","710","9.292576419213974","1.7467248908296944","0","3.493449781659389","0","116","4.016","34","250","596","9.448","1.6","0","6.8","4","116","3.9572953736654806","40","281","685","9.245551601423488","4.270462633451957","3.5587188612099645","1.4234875444839858","0.7117437722419929","116","4","27","291","651","9.395189003436426","3.7800687285223367","3.7800687285223367","3.0927835051546393","1.3745704467353952","116","4.00374531835206","21","267","592","9.438202247191011","2.247191011235955","0.7490636704119851","5.2434456928838955","2.247191011235955","116","4.0236220472440944","40","254","669","9.409448818897637","1.1811023622047243","2.7559055118110236","2.7559055118110236","0.7874015748031497","116","4.0641891891891895","37","296","647","9.324324324324325","5.405405405405405","2.027027027027027","5.405405405405405","3.3783783783783785","116","4.013333333333334","32","300","620","9.353333333333333","7.333333333333333","5.333333333333333","0","2.6666666666666665","116","4.00763358778626","30","262","574","9.251908396946565","3.053435114503817","0.7633587786259542","4.580152671755725","3.816793893129771","116","4.016129032258065","27","310","548","9.09032258064516","1.935483870967742","3.5483870967741935","3.870967741935484","2.5806451612903225","116","4.0602006688963215","28","299","695","9.130434782608695","3.678929765886288","4.3478260869565215","0","10.702341137123746","116","4.066666666666666","28","285","687","9.20701754385965","7.719298245614035","6.666666666666667","2.1052631578947367","0.7017543859649122","116","4.016611295681063","29","301","657","9.3421926910299","5.3156146179401995","0.9966777408637874","3.9867109634551494","0.6644518272425249","116","4.158064516129032","25","310","637","9.30967741935484","6.129032258064516","8.064516129032258","7.096774193548387","3.5483870967741935","116","4.010033444816053","29","299","647","9.096989966555183","4.3478260869565215","1.3377926421404682","0.6688963210702341","7.023411371237458","116","3.9673469387755103","25","245","482","9.13469387755102","5.3061224489795915","0","5.714285714285714","4.489795918367347","116","4.023255813953488","30","301","600","9.196013289036545","6.976744186046512","2.6578073089700998","0.6644518272425249","3.654485049833887","116","4.070063694267516","31","314","659","9.178343949044587","3.5031847133757963","2.229299363057325","5.732484076433121","3.5031847133757963","116","3.944055944055944","25","286","658","9.307692307692308","4.195804195804196","2.097902097902098","4.195804195804196","1.3986013986013985"
,"117","3.9823321554770317","31","283","644","9.279151943462898","3.8869257950530036","3.8869257950530036","1.7667844522968197","1.4134275618374559","117","4.104026845637584","30","298","630","9.416107382550335","0.6711409395973155","7.382550335570469","5.369127516778524","5.369127516778524","117","3.9507575757575757","33","264","638","9.272727272727273","2.272727272727273","3.787878787878788","1.893939393939394","0.7575757575757576","117","3.976271186440678","35","295","691","9.152542372881356","2.711864406779661","0","1.0169491525423728","5.084745762711864","117","3.9703703703703703","39","270","598","9.311111111111112","1.8518518518518519","0","5.555555555555555","2.5925925925925926","117","3.950191570881226","33","261","596","9.14176245210728","0.7662835249042146","3.8314176245210727","5.363984674329502","0","117","4.194805194805195","40","308","696","9.175324675324676","8.441558441558442","3.5714285714285716","9.415584415584416","2.5974025974025974","117","4.12639405204461","42","269","751","9.338289962825279","1.858736059479554","0.7434944237918215","7.806691449814126","10.037174721189592","117","4.02112676056338","37","284","674","9.190140845070422","5.28169014084507","0","6.690140845070423","4.929577464788732","117","4.084507042253521","34","284","590","9.274647887323944","7.042253521126761","4.225352112676056","2.816901408450704","5.985915492957746","117","3.9527272727272726","35","275","700","9.374545454545455","0","2.1818181818181817","3.6363636363636362","6.181818181818182","117","3.7991266375545854","41","229","710","9.292576419213974","1.7467248908296944","0","3.493449781659389","0","117","4.012096774193548","35","248","596","9.362903225806452","1.6129032258064515","0","6.451612903225806","4.032258064516129","117","3.9572953736654806","40","281","685","9.245551601423488","4.270462633451957","3.5587188612099645","1.4234875444839858","0.7117437722419929","117","4","28","290","651","9.358620689655172","3.793103448275862","4.137931034482759","3.103448275862069","1.3793103448275863","117","4.003759398496241","21","266","592","9.451127819548873","2.255639097744361","0.7518796992481203","5.2631578947368425","2.255639097744361","117","4.027667984189724","40","253","669","9.367588932806324","1.1857707509881423","3.1620553359683794","2.766798418972332","0.7905138339920948","117","4.0641891891891895","37","296","647","9.324324324324325","5.405405405405405","2.027027027027027","5.405405405405405","3.3783783783783785","117","4.013377926421405","32","299","620","9.31772575250836","7.357859531772576","5.351170568561873","0","2.6755852842809364","117","4.007662835249042","30","261","574","9.210727969348659","3.0651340996168583","0.7662835249042146","4.597701149425287","3.8314176245210727","117","4.016181229773463","28","309","548","9.055016181229773","1.941747572815534","3.559870550161812","3.883495145631068","2.588996763754045","117","4.050167224080267","28","299","695","9.130434782608695","3.678929765886288","4.3478260869565215","0","9.698996655518394","117","4.067375886524823","28","282","687","9.106382978723405","7.801418439716312","6.73758865248227","2.127659574468085","0.7092198581560284","117","4.013333333333334","29","300","657","9.306666666666667","5.333333333333333","1","4","0.6666666666666666","117","4.159090909090909","26","308","637","9.253246753246753","6.1688311688311686","8.116883116883116","7.142857142857143","3.5714285714285716","117","4.006688963210703","29","299","647","9.096989966555183","4.3478260869565215","1.3377926421404682","0.6688963210702341","6.688963210702341","117","3.9714285714285715","25","245","482","9.13469387755102","5.3061224489795915","0","6.122448979591836","4.489795918367347","117","4.023255813953488","30","301","600","9.196013289036545","6.976744186046512","2.6578073089700998","0.6644518272425249","3.654485049833887","117","4.070063694267516","31","314","659","9.178343949044587","3.5031847133757963","2.229299363057325","5.732484076433121","3.5031847133757963","117","3.9473684210526314","25","285","658","9.27017543859649","4.56140350877193","2.1052631578947367","4.2105263157894735","1.4035087719298245"
,"118","3.9823321554770317","31","283","662","9.406360424028268","4.240282685512367","3.8869257950530036","1.7667844522968197","1.4134275618374559","118","4.111111111111111","30","297","637","9.441077441077441","0.6734006734006734","7.407407407407407","5.723905723905724","5.3872053872053876","118","3.9543726235741445","33","263","658","9.429657794676807","2.2813688212927756","3.802281368821293","1.520912547528517","0.7604562737642585","118","3.9727891156462585","35","294","714","9.272108843537415","2.7210884353741496","0","1.0204081632653061","5.1020408163265305","118","3.970260223048327","40","269","618","9.420074349442379","1.858736059479554","0","5.5762081784386615","2.6022304832713754","118","3.9575289575289574","35","259","621","9.250965250965251","0.7722007722007722","4.633204633204633","5.405405405405405","0","118","4.189542483660131","42","306","716","9.241830065359476","8.169934640522875","3.5947712418300655","9.15032679738562","2.6143790849673203","118","4.12639405204461","42","269","766","9.449814126394052","1.858736059479554","0.7434944237918215","7.806691449814126","10.037174721189592","118","4.024734982332156","37","283","696","9.307420494699647","4.593639575971731","0","7.067137809187279","4.946996466431095","118","4.091872791519434","34","283","603","9.371024734982333","7.420494699646643","4.593639575971731","2.8268551236749118","5.6537102473498235","118","3.96","35","275","711","9.454545454545455","0","2.1818181818181817","3.6363636363636362","6.181818181818182","118","3.807017543859649","41","228","727","9.394736842105264","1.7543859649122806","0","3.508771929824561","0","118","4.012096774193548","35","248","611","9.483870967741936","1.6129032258064515","0","6.451612903225806","4.032258064516129","118","3.9571428571428573","41","280","704","9.342857142857143","4.285714285714286","3.5714285714285716","1.4285714285714286","0.7142857142857143","118","4","28","288","663","9.368055555555555","3.8194444444444446","3.8194444444444446","3.125","1.3888888888888888","118","4.003773584905661","21","265","597","9.449056603773585","2.2641509433962264","0.7547169811320755","5.283018867924528","2.2641509433962264","118","4.023809523809524","41","252","683","9.436507936507937","1.1904761904761905","2.7777777777777777","2.7777777777777777","0.7936507936507936","118","4.064406779661017","38","295","667","9.423728813559322","5.423728813559322","2.0338983050847457","5.423728813559322","3.389830508474576","118","4.013468013468014","32","297","639","9.38047138047138","7.407407407407407","5.3872053872053876","0","2.6936026936026938","118","4.007662835249042","30","261","590","9.333333333333334","3.0651340996168583","0.7662835249042146","4.597701149425287","3.8314176245210727","118","4.016181229773463","28","309","578","9.249190938511326","1.941747572815534","3.559870550161812","3.883495145631068","2.588996763754045","118","4.057239057239057","29","297","717","9.218855218855218","3.7037037037037037","4.713804713804714","0","10.1010101010101","118","4.067375886524823","28","282","710","9.26950354609929","7.801418439716312","6.73758865248227","2.127659574468085","0.7092198581560284","118","4.016722408026756","30","299","679","9.418060200668897","5.351170568561873","1.0033444816053512","4.013377926421405","0.6688963210702341","118","4.160130718954249","26","306","657","9.313725490196079","6.209150326797386","8.169934640522875","7.189542483660131","3.5947712418300655","118","4.006756756756757","29","296","682","9.256756756756756","4.391891891891892","1.3513513513513513","0.6756756756756757","6.756756756756757","118","3.971311475409836","25","244","504","9.270491803278688","5.327868852459017","0","6.147540983606557","4.508196721311475","118","4.023255813953488","30","301","627","9.375415282392026","6.976744186046512","2.6578073089700998","0.6644518272425249","3.654485049833887","118","4.0702875399361025","31","313","679","9.271565495207668","3.5143769968051117","2.236421725239617","5.7507987220447285","3.5143769968051117","118","3.950530035335689","26","283","682","9.371024734982333","4.946996466431095","2.1201413427561837","4.240282685512367","1.4134275618374559"
,"119","3.9823321554770317","31","283","662","9.406360424028268","3.8869257950530036","3.8869257950530036","1.7667844522968197","1.4134275618374559","119","4.10472972972973","30","296","637","9.412162162162161","0.6756756756756757","7.4324324324324325","5.405405405405405","5.405405405405405","119","3.9543726235741445","33","263","658","9.429657794676807","2.2813688212927756","3.802281368821293","1.520912547528517","0.7604562737642585","119","3.9761092150170647","35","293","714","9.235494880546074","2.7303754266211606","0","1.023890784982935","5.1194539249146755","119","3.970149253731343","40","268","618","9.380597014925373","1.8656716417910448","0","5.597014925373134","2.611940298507463","119","3.949612403100775","35","258","621","9.209302325581396","0.7751937984496124","3.875968992248062","5.426356589147287","0","119","4.183006535947713","42","306","716","9.241830065359476","7.516339869281046","3.5947712418300655","9.15032679738562","2.6143790849673203","119","4.130597014925373","42","268","766","9.41044776119403","1.8656716417910448","0.746268656716418","8.208955223880597","10.074626865671641","119","4.02846975088968","38","281","696","9.238434163701067","4.270462633451957","0","7.117437722419929","4.98220640569395","119","4.088967971530249","35","281","603","9.295373665480428","7.117437722419929","4.6263345195729535","2.8469750889679717","6.049822064056939","119","3.956043956043956","36","273","711","9.377289377289378","0","2.197802197802198","3.663003663003663","6.227106227106227","119","3.806167400881057","41","227","727","9.348017621145374","1.7621145374449338","0","3.5242290748898677","0","119","4.012145748987854","36","247","611","9.441295546558704","1.6194331983805668","0","6.477732793522267","4.048582995951417","119","3.9568345323741005","43","278","704","9.266187050359711","4.316546762589928","3.597122302158273","1.4388489208633093","0.7194244604316546","119","4","28","287","663","9.331010452961673","3.832752613240418","4.181184668989547","3.1358885017421603","1.3937282229965158","119","4.007604562737643","23","263","597","9.368821292775666","2.2813688212927756","0.7604562737642585","5.32319391634981","2.2813688212927756","119","4.027777777777778","41","252","683","9.436507936507937","1.1904761904761905","3.1746031746031744","2.7777777777777777","0.7936507936507936","119","4.061016949152543","38","295","667","9.423728813559322","5.423728813559322","2.0338983050847457","5.423728813559322","3.0508474576271185","119","4.013559322033898","32","295","639","9.308474576271186","7.4576271186440675","5.423728813559322","0","2.711864406779661","119","4.007692307692308","30","260","590","9.292307692307693","3.076923076923077","0.7692307692307693","4.615384615384615","3.8461538461538463","119","4.016181229773463","28","309","578","9.249190938511326","1.941747572815534","3.559870550161812","3.883495145631068","2.588996763754045","119","4.067796610169491","29","295","717","9.172881355932203","3.7288135593220337","5.084745762711864","0","10.508474576271187","119","4.068100358422939","29","279","710","9.182795698924732","7.885304659498208","6.810035842293907","2.150537634408602","0.7168458781362007","119","4.016891891891892","30","296","679","9.317567567567568","5.405405405405405","1.0135135135135136","4.054054054054054","0.6756756756756757","119","4.163398692810458","26","306","657","9.313725490196079","6.5359477124183005","8.169934640522875","7.189542483660131","3.5947712418300655","119","4.006802721088436","29","294","682","9.183673469387756","4.421768707482993","1.3605442176870748","0.6802721088435374","6.802721088435374","119","3.9753086419753085","25","243","504","9.22633744855967","5.349794238683128","0","6.172839506172839","4.526748971193416","119","4.023411371237458","32","299","627","9.304347826086957","7.023411371237458","2.6755852842809364","0.6688963210702341","3.678929765886288","119","4.07051282051282","32","312","679","9.237179487179487","3.5256410256410255","2.2435897435897436","5.769230769230769","3.5256410256410255","119","3.950354609929078","27","282","682","9.333333333333334","4.964539007092198","2.127659574468085","4.25531914893617","1.4184397163120568"
,"120","3.9823321554770317","31","283","662","9.406360424028268","4.240282685512367","3.8869257950530036","1.7667844522968197","1.4134275618374559","120","4.111864406779661","30","295","637","9.376271186440677","0.6779661016949152","7.4576271186440675","5.762711864406779","5.423728813559322","120","3.9575289575289574","34","259","658","9.266409266409266","2.3166023166023164","3.861003861003861","1.5444015444015444","0.7722007722007722","120","3.9726027397260273","36","292","714","9.198630136986301","2.73972602739726","0","1.0273972602739727","5.136986301369863","120","3.9700374531835205","40","267","618","9.340823970037453","1.8726591760299625","0","5.617977528089888","2.6217228464419478","120","3.953488372093023","35","258","621","9.209302325581396","0.7751937984496124","4.263565891472868","5.426356589147287","0","120","4.190789473684211","43","304","716","9.171052631578947","8.223684210526315","3.6184210526315788","9.210526315789474","2.6315789473684212","120","4.131578947368421","42","266","766","9.368421052631579","1.8796992481203008","0.7518796992481203","8.270676691729323","10.150375939849624","120","4.0213523131672595","38","281","696","9.238434163701067","3.9145907473309607","0","6.761565836298932","4.98220640569395","120","4.088967971530249","35","281","603","9.295373665480428","7.117437722419929","4.6263345195729535","2.8469750889679717","5.693950177935943","120","3.9595588235294117","36","272","711","9.389705882352942","0","2.2058823529411766","3.676470588235294","6.25","120","3.8053097345132745","41","226","727","9.309734513274336","1.7699115044247788","0","3.5398230088495577","0","120","4.012145748987854","36","247","611","9.441295546558704","1.6194331983805668","0","6.477732793522267","4.048582995951417","120","3.960431654676259","43","278","704","9.266187050359711","4.316546762589928","3.597122302158273","1.7985611510791366","0.7194244604316546","120","4.003508771929824","29","285","663","9.256140350877192","3.8596491228070176","3.8596491228070176","3.1578947368421053","1.7543859649122806","120","4.011406844106464","23","263","597","9.368821292775666","2.2813688212927756","0.7604562737642585","5.32319391634981","2.2813688212927756","120","4.0239043824701195","42","251","683","9.402390438247012","1.1952191235059761","2.7888446215139444","2.7888446215139444","0.796812749003984","120","4.064406779661017","38","295","667","9.423728813559322","5.423728813559322","2.0338983050847457","5.423728813559322","3.389830508474576","120","4.013651877133106","33","293","639","9.235494880546074","7.508532423208191","5.460750853242321","0","2.7303754266211606","120","4.007692307692308","30","260","590","9.292307692307693","3.076923076923077","0.7692307692307693","4.615384615384615","3.8461538461538463","120","4.016233766233766","29","308","578","9.214285714285714","1.948051948051948","3.5714285714285716","3.896103896103896","2.5974025974025974","120","4.064846416382252","30","293","717","9.098976109215018","3.7542662116040955","5.1194539249146755","0","9.897610921501707","120","4.068100358422939","29","279","710","9.182795698924732","7.885304659498208","6.810035842293907","2.150537634408602","0.7168458781362007","120","4.016891891891892","30","296","679","9.317567567567568","5.405405405405405","1.0135135135135136","4.054054054054054","0.6756756756756757","120","4.161716171617162","28","303","657","9.214521452145215","6.270627062706271","8.250825082508252","7.260726072607261","3.6303630363036303","120","4.006849315068493","30","292","682","9.13013698630137","4.4520547945205475","1.36986301369863","0.684931506849315","6.8493150684931505","120","3.975206611570248","26","242","504","9.181818181818182","5.371900826446281","0","6.198347107438017","4.545454545454546","120","4.023411371237458","32","299","627","9.304347826086957","7.023411371237458","2.6755852842809364","0.6688963210702341","3.678929765886288","120","4.07051282051282","32","312","679","9.237179487179487","3.5256410256410255","2.2435897435897436","5.769230769230769","3.5256410256410255","120","3.956989247311828","28","279","682","9.254480286738351","4.659498207885305","2.150537634408602","4.301075268817204","1.4336917562724014"
