"BehaviorSpace results (NetLogo 7.0.4)","Spreadsheet version 2.0"
"CVD_Risk_Behaviour.nlogox"
"member3_rft_sweep"
"07/28/2026 19:56:57:119 +0530"
"min-pxcor","max-pxcor","min-pycor","max-pycor"
"-16","16","-16","16"
"[run number]","1","1","1","1","1","1","1","1","1","1","2","2","2","2","2","2","2","2","2","2","3","3","3","3","3","3","3","3","3","3","4","4","4","4","4","4","4","4","4","4","5","5","5","5","5","5","5","5","5","5","6","6","6","6","6","6","6","6","6","6","7","7","7","7","7","7","7","7","7","7","8","8","8","8","8","8","8","8","8","8","9","9","9","9","9","9","9","9","9","9","10","10","10","10","10","10","10","10","10","10","11","11","11","11","11","11","11","11","11","11","12","12","12","12","12","12","12","12","12","12","13","13","13","13","13","13","13","13","13","13","14","14","14","14","14","14","14","14","14","14","15","15","15","15","15","15","15","15","15","15","16","16","16","16","16","16","16","16","16","16","17","17","17","17","17","17","17","17","17","17","18","18","18","18","18","18","18","18","18","18","19","19","19","19","19","19","19","19","19","19","20","20","20","20","20","20","20","20","20","20","21","21","21","21","21","21","21","21","21","21","22","22","22","22","22","22","22","22","22","22","23","23","23","23","23","23","23","23","23","23","24","24","24","24","24","24","24","24","24","24","25","25","25","25","25","25","25","25","25","25","26","26","26","26","26","26","26","26","26","26","27","27","27","27","27","27","27","27","27","27","28","28","28","28","28","28","28","28","28","28","29","29","29","29","29","29","29","29","29","29","30","30","30","30","30","30","30","30","30","30","31","31","31","31","31","31","31","31","31","31","32","32","32","32","32","32","32","32","32","32","33","33","33","33","33","33","33","33","33","33","34","34","34","34","34","34","34","34","34","34","35","35","35","35","35","35","35","35","35","35","36","36","36","36","36","36","36","36","36","36","37","37","37","37","37","37","37","37","37","37","38","38","38","38","38","38","38","38","38","38","39","39","39","39","39","39","39","39","39","39","40","40","40","40","40","40","40","40","40","40"
"relapse_friend_threshold","0.25",,,,,,,,,,"0.25",,,,,,,,,,"0.25",,,,,,,,,,"0.25",,,,,,,,,,"0.25",,,,,,,,,,"0.25",,,,,,,,,,"0.25",,,,,,,,,,"0.25",,,,,,,,,,"0.25",,,,,,,,,,"0.25",,,,,,,,,,"0.5",,,,,,,,,,"0.5",,,,,,,,,,"0.5",,,,,,,,,,"0.5",,,,,,,,,,"0.5",,,,,,,,,,"0.5",,,,,,,,,,"0.5",,,,,,,,,,"0.5",,,,,,,,,,"0.5",,,,,,,,,,"0.5",,,,,,,,,,"0.75",,,,,,,,,,"0.75",,,,,,,,,,"0.75",,,,,,,,,,"0.75",,,,,,,,,,"0.75",,,,,,,,,,"0.75",,,,,,,,,,"0.75",,,,,,,,,,"0.75",,,,,,,,,,"0.75",,,,,,,,,,"0.75",,,,,,,,,,"1",,,,,,,,,,"1",,,,,,,,,,"1",,,,,,,,,,"1",,,,,,,,,,"1",,,,,,,,,,"1",,,,,,,,,,"1",,,,,,,,,,"1",,,,,,,,,,"1",,,,,,,,,,"1",,,,,,,,,
"[reporter]","[step]","report-mean-risk","report-deaths","report-total-agents","report-rewiring-events","report-mean-friends","report-pct-high-smoking","report-pct-high-alcohol","report-pct-high-diet","report-pct-high-inactivity","[step]","report-mean-risk","report-deaths","report-total-agents","report-rewiring-events","report-mean-friends","report-pct-high-smoking","report-pct-high-alcohol","report-pct-high-diet","report-pct-high-inactivity","[step]","report-mean-risk","report-deaths","report-total-agents","report-rewiring-events","report-mean-friends","report-pct-high-smoking","report-pct-high-alcohol","report-pct-high-diet","report-pct-high-inactivity","[step]","report-mean-risk","report-deaths","report-total-agents","report-rewiring-events","report-mean-friends","report-pct-high-smoking","report-pct-high-alcohol","report-pct-high-diet","report-pct-high-inactivity","[step]","report-mean-risk","report-deaths","report-total-agents","report-rewiring-events","report-mean-friends","report-pct-high-smoking","report-pct-high-alcohol","report-pct-high-diet","report-pct-high-inactivity","[step]","report-mean-risk","report-deaths","report-total-agents","report-rewiring-events","report-mean-friends","report-pct-high-smoking","report-pct-high-alcohol","report-pct-high-diet","report-pct-high-inactivity","[step]","report-mean-risk","report-deaths","report-total-agents","report-rewiring-events","report-mean-friends","report-pct-high-smoking","report-pct-high-alcohol","report-pct-high-diet","report-pct-high-inactivity","[step]","report-mean-risk","report-deaths","report-total-agents","report-rewiring-events","report-mean-friends","report-pct-high-smoking","report-pct-high-alcohol","report-pct-high-diet","report-pct-high-inactivity","[step]","report-mean-risk","report-deaths","report-total-agents","report-rewiring-events","report-mean-friends","report-pct-high-smoking","report-pct-high-alcohol","report-pct-high-diet","report-pct-high-inactivity","[step]","report-mean-risk","report-deaths","report-total-agents","report-rewiring-events","report-mean-friends","report-pct-high-smoking","report-pct-high-alcohol","report-pct-high-diet","report-pct-high-inactivity","[step]","report-mean-risk","report-deaths","report-total-agents","report-rewiring-events","report-mean-friends","report-pct-high-smoking","report-pct-high-alcohol","report-pct-high-diet","report-pct-high-inactivity","[step]","report-mean-risk","report-deaths","report-total-agents","report-rewiring-events","report-mean-friends","report-pct-high-smoking","report-pct-high-alcohol","report-pct-high-diet","report-pct-high-inactivity","[step]","report-mean-risk","report-deaths","report-total-agents","report-rewiring-events","report-mean-friends","report-pct-high-smoking","report-pct-high-alcohol","report-pct-high-diet","report-pct-high-inactivity","[step]","report-mean-risk","report-deaths","report-total-agents","report-rewiring-events","report-mean-friends","report-pct-high-smoking","report-pct-high-alcohol","report-pct-high-diet","report-pct-high-inactivity","[step]","report-mean-risk","report-deaths","report-total-agents","report-rewiring-events","report-mean-friends","report-pct-high-smoking","report-pct-high-alcohol","report-pct-high-diet","report-pct-high-inactivity","[step]","report-mean-risk","report-deaths","report-total-agents","report-rewiring-events","report-mean-friends","report-pct-high-smoking","report-pct-high-alcohol","report-pct-high-diet","report-pct-high-inactivity","[step]","report-mean-risk","report-deaths","report-total-agents","report-rewiring-events","report-mean-friends","report-pct-high-smoking","report-pct-high-alcohol","report-pct-high-diet","report-pct-high-inactivity","[step]","report-mean-risk","report-deaths","report-total-agents","report-rewiring-events","report-mean-friends","report-pct-high-smoking","report-pct-high-alcohol","report-pct-high-diet","report-pct-high-inactivity","[step]","report-mean-risk","report-deaths","report-total-agents","report-rewiring-events","report-mean-friends","report-pct-high-smoking","report-pct-high-alcohol","report-pct-high-diet","report-pct-high-inactivity","[step]","report-mean-risk","report-deaths","report-total-agents","report-rewiring-events","report-mean-friends","report-pct-high-smoking","report-pct-high-alcohol","report-pct-high-diet","report-pct-high-inactivity","[step]","report-mean-risk","report-deaths","report-total-agents","report-rewiring-events","report-mean-friends","report-pct-high-smoking","report-pct-high-alcohol","report-pct-high-diet","report-pct-high-inactivity","[step]","report-mean-risk","report-deaths","report-total-agents","report-rewiring-events","report-mean-friends","report-pct-high-smoking","report-pct-high-alcohol","report-pct-high-diet","report-pct-high-inactivity","[step]","report-mean-risk","report-deaths","report-total-agents","report-rewiring-events","report-mean-friends","report-pct-high-smoking","report-pct-high-alcohol","report-pct-high-diet","report-pct-high-inactivity","[step]","report-mean-risk","report-deaths","report-total-agents","report-rewiring-events","report-mean-friends","report-pct-high-smoking","report-pct-high-alcohol","report-pct-high-diet","report-pct-high-inactivity","[step]","report-mean-risk","report-deaths","report-total-agents","report-rewiring-events","report-mean-friends","report-pct-high-smoking","report-pct-high-alcohol","report-pct-high-diet","report-pct-high-inactivity","[step]","report-mean-risk","report-deaths","report-total-agents","report-rewiring-events","report-mean-friends","report-pct-high-smoking","report-pct-high-alcohol","report-pct-high-diet","report-pct-high-inactivity","[step]","report-mean-risk","report-deaths","report-total-agents","report-rewiring-events","report-mean-friends","report-pct-high-smoking","report-pct-high-alcohol","report-pct-high-diet","report-pct-high-inactivity","[step]","report-mean-risk","report-deaths","report-total-agents","report-rewiring-events","report-mean-friends","report-pct-high-smoking","report-pct-high-alcohol","report-pct-high-diet","report-pct-high-inactivity","[step]","report-mean-risk","report-deaths","report-total-agents","report-rewiring-events","report-mean-friends","report-pct-high-smoking","report-pct-high-alcohol","report-pct-high-diet","report-pct-high-inactivity","[step]","report-mean-risk","report-deaths","report-total-agents","report-rewiring-events","report-mean-friends","report-pct-high-smoking","report-pct-high-alcohol","report-pct-high-diet","report-pct-high-inactivity","[step]","report-mean-risk","report-deaths","report-total-agents","report-rewiring-events","report-mean-friends","report-pct-high-smoking","report-pct-high-alcohol","report-pct-high-diet","report-pct-high-inactivity","[step]","report-mean-risk","report-deaths","report-total-agents","report-rewiring-events","report-mean-friends","report-pct-high-smoking","report-pct-high-alcohol","report-pct-high-diet","report-pct-high-inactivity","[step]","report-mean-risk","report-deaths","report-total-agents","report-rewiring-events","report-mean-friends","report-pct-high-smoking","report-pct-high-alcohol","report-pct-high-diet","report-pct-high-inactivity","[step]","report-mean-risk","report-deaths","report-total-agents","report-rewiring-events","report-mean-friends","report-pct-high-smoking","report-pct-high-alcohol","report-pct-high-diet","report-pct-high-inactivity","[step]","report-mean-risk","report-deaths","report-total-agents","report-rewiring-events","report-mean-friends","report-pct-high-smoking","report-pct-high-alcohol","report-pct-high-diet","report-pct-high-inactivity","[step]","report-mean-risk","report-deaths","report-total-agents","report-rewiring-events","report-mean-friends","report-pct-high-smoking","report-pct-high-alcohol","report-pct-high-diet","report-pct-high-inactivity","[step]","report-mean-risk","report-deaths","report-total-agents","report-rewiring-events","report-mean-friends","report-pct-high-smoking","report-pct-high-alcohol","report-pct-high-diet","report-pct-high-inactivity","[step]","report-mean-risk","report-deaths","report-total-agents","report-rewiring-events","report-mean-friends","report-pct-high-smoking","report-pct-high-alcohol","report-pct-high-diet","report-pct-high-inactivity","[step]","report-mean-risk","report-deaths","report-total-agents","report-rewiring-events","report-mean-friends","report-pct-high-smoking","report-pct-high-alcohol","report-pct-high-diet","report-pct-high-inactivity","[step]","report-mean-risk","report-deaths","report-total-agents","report-rewiring-events","report-mean-friends","report-pct-high-smoking","report-pct-high-alcohol","report-pct-high-diet","report-pct-high-inactivity"
"[final]","120","4.092150170648464","24","293","758","9.365187713310581","8.532423208191126","8.19112627986348","1.3651877133105803","3.0716723549488054","120","4.561594202898551","31","276","733","9.442028985507246","2.1739130434782608","18.47826086956522","37.31884057971015","2.536231884057971","120","3.9711538461538463","43","312","712","9.41025641025641","1.2820512820512822","4.8076923076923075","0","3.2051282051282053","120","4.276595744680851","33","282","759","9.361702127659575","2.8368794326241136","6.028368794326241","4.25531914893617","22.340425531914892","120","4.158301158301159","37","259","655","9.212355212355213","11.96911196911197","5.7915057915057915","3.088803088803089","4.633204633204633","120","4.104895104895105","36","286","789","9.293706293706293","4.545454545454546","5.244755244755245","3.8461538461538463","2.097902097902098","120","4.361486486486487","36","296","755","9.358108108108109","19.594594594594593","7.094594594594595","5.743243243243243","10.472972972972974","120","4.057553956834532","39","278","741","9.474820143884893","0.7194244604316546","6.83453237410072","0","7.913669064748201","120","4.104026845637584","34","298","780","9.308724832214764","6.040268456375839","2.348993288590604","17.78523489932886","0","120","4.196013289036545","35","301","733","9.315614617940199","11.960132890365449","9.966777408637874","3.3222591362126246","2.3255813953488373","120","4.1038461538461535","36","260","648","9.176923076923076","4.615384615384615","3.8461538461538463","1.5384615384615385","6.153846153846154","120","3.9453781512605044","48","238","564","9.243697478991596","6.302521008403361","2.100840336134454","0.8403361344537815","3.361344537815126","120","4.035714285714286","35","280","596","9.321428571428571","3.2142857142857144","1.4285714285714286","3.5714285714285716","5.357142857142857","120","4.195555555555556","33","225","488","9.297777777777778","3.111111111111111","8.88888888888889","4.444444444444445","8.444444444444445","120","3.9051383399209487","33","253","605","9.50197628458498","2.3715415019762847","1.5810276679841897","1.5810276679841897","0.7905138339920948","120","4.136363636363637","36","308","768","9.46103896103896","5.51948051948052","3.896103896103896","2.272727272727273","8.441558441558442","120","3.9622641509433962","35","265","716","9.245283018867925","3.3962264150943398","1.8867924528301887","3.7735849056603774","2.641509433962264","120","3.891385767790262","31","267","695","9.400749063670412","3.3707865168539324","0.7490636704119851","3.745318352059925","0","120","4.08203125","35","256","710","9.1171875","10.15625","3.90625","0.78125","8.203125","120","4.08029197080292","28","274","639","9.328467153284672","5.109489051094891","4.37956204379562","0.7299270072992701","6.204379562043796","120","3.911439114391144","25","271","660","9.48339483394834","1.845018450184502","1.845018450184502","2.952029520295203","2.5830258302583027","120","3.8773946360153255","37","261","597","9.118773946360154","3.4482758620689653","0","0","0","120","3.913207547169811","35","265","732","9.313207547169812","6.415094339622642","0.7547169811320755","0","3.018867924528302","120","4.146179401993355","26","301","731","9.295681063122924","4.983388704318937","6.312292358803987","7.641196013289036","3.3222591362126246","120","4.113475177304965","32","282","680","9.382978723404255","3.1914893617021276","3.900709219858156","7.092198581560283","3.1914893617021276","120","3.967741935483871","38","279","774","9.283154121863799","8.602150537634408","1.4336917562724014","0.7168458781362007","0.7168458781362007","120","3.9788732394366195","47","284","639","9.28169014084507","5.28169014084507","1.408450704225352","1.408450704225352","4.577464788732394","120","3.8703703703703702","31","270","628","9.148148148148149","7.037037037037037","0","1.4814814814814814","0","120","4.155234657039712","32","277","659","9.24187725631769","8.303249097472925","9.386281588447654","3.9711191335740073","4.693140794223827","120","4.0657439446366785","37","289","676","9.211072664359861","3.8062283737024223","5.536332179930795","3.114186851211073","2.422145328719723","120","3.898245614035088","30","285","615","9.27017543859649","1.4035087719298245","0.7017543859649122","2.456140350877193","0.7017543859649122","120","4.06640625","35","256","696","9.4140625","6.25","0.78125","7.03125","0.78125","120","4.028368794326241","37","282","712","9.347517730496454","7.801418439716312","2.127659574468085","1.7730496453900708","3.5460992907801416","120","4.180769230769231","42","260","717","9.492307692307692","9.615384615384615","6.923076923076923","0","7.3076923076923075","120","4.0285714285714285","38","245","605","9.346938775510203","7.346938775510204","0.8163265306122449","5.714285714285714","0","120","4.059016393442623","41","305","773","9.337704918032786","5.245901639344262","1.639344262295082","4.590163934426229","3.278688524590164","120","3.966666666666667","30","270","702","9.281481481481482","6.666666666666667","2.962962962962963","2.962962962962963","1.4814814814814814","120","4.003508771929824","35","285","673","9.228070175438596","3.508771929824561","0","0.7017543859649122","6.666666666666667","120","3.9895833333333335","30","288","724","9.409722222222221","4.166666666666667","2.0833333333333335","3.8194444444444446","1.3888888888888888","120","4.072916666666667","46","288","732","9.097222222222221","5.555555555555555","4.513888888888889","6.597222222222222","2.0833333333333335"
"[min]","0","3.6702127659574466","0","235","0","8.725274725274724","3.3834586466165413","2.0491803278688523","0","0.7633587786259542","0","3.684","0","211","0","8.862903225806452","0","0","6.986899563318778","1.9607843137254901","0","3.5665529010238908","0","235","0","8.906574394463668","0.6644518272425249","4.166666666666667","0","2.8925619834710745","0","3.692607003891051","0","233","0","8.904761904761905","1.4981273408239701","2.1818181818181817","0.7434944237918215","5.1063829787234045","0","3.756637168141593","0","203","0","8.949308755760368","3.864734299516908","5.303030303030303","1.6","0.9090909090909091","0","3.6267605633802815","0","250","0","8.826568265682656","0.6968641114982579","0.7662835249042146","0.7662835249042146","1.5267175572519085","0","3.688212927756654","0","222","0","8.849420849420849","6.273062730627307","0","1.2","3.0701754385964914","0","3.6704545454545454","0","242","0","9.01195219123506","0.7092198581560284","3.252032520325203","0","0.7575757575757576","0","3.5625","0","221","0","8.924901185770752","0.7067137809187279","0","4.25531914893617","0","0","3.545816733067729","0","226","0","9.044444444444444","2.611940298507463","0.8032128514056225","0.796812749003984","0.3460207612456747","0","3.791044776119403","0","230","0","9.050420168067227","1.7316017316017316","0.8333333333333334","0","3.90625","0","3.580246913580247","0","219","0","9.090909090909092","5.676855895196507","0","0.7936507936507936","0","0","3.569811320754717","0","222","0","8.965779467680608","0.8583690987124464","0.8695652173913043","3.1690140845070425","3.71900826446281","0","3.8854625550660793","0","212","0","9.12","1.7777777777777777","0.9090909090909091","3.8793103448275863","3.7037037037037037","0","3.6254826254826256","0","230","0","9.04313725490196","1.520912547528517","0","0.78125","0","0","3.5966666666666667","0","248","0","8.931818181818182","3.041825095057034","0.7272727272727273","2.2435897435897436","3.952569169960474","0","3.605577689243028","0","211","0","8.962406015037594","1.9841269841269842","0.847457627118644","3.1963470319634704","2.5089605734767026","0","3.4776119402985075","0","211","0","8.924242424242424","0","0","3.6363636363636362","0","0","3.7408906882591095","0","222","0","8.992307692307692","6.329113924050633","2.109704641350211","0","0.851063829787234","0","3.7248062015503876","0","218","0","9.130434782608695","2.7888446215139444","0","0.7117437722419929","5.303030303030303","0","3.543396226415094","0","214","0","8.97338403041825","1.7985611510791366","1.465201465201465","1.3392857142857142","2.5179856115107913","0","3.4980842911877397","0","213","0","8.921161825726141","1.646090534979424","0","0","0","0","3.6070175438596492","0","242","0","8.91891891891892","5.072463768115942","0","0","1.4184397163120568","0","3.6457564575645756","0","234","0","8.907894736842104","0","2.3346303501945527","0.819672131147541","1.9230769230769231","0","3.6205533596837944","0","231","0","8.977941176470589","2.074688796680498","0","0.7326007326007326","0","0","3.6470588235294117","0","227","0","8.984962406015038","6.390977443609023","0","0","0.6968641114982579","0","3.6006944444444446","0","236","0","9.022388059701493","2.2900763358778624","0.7936507936507936","1.1450381679389312","2.2140221402214024","0","3.6099290780141846","0","231","0","8.980392156862745","4.979253112033195","0","0","0","0","3.690677966101695","0","219","0","9.081967213114755","3.0172413793103448","1.7316017316017316","2.586206896551724","0.8620689655172413","0","3.5847176079734218","0","232","0","8.909090909090908","1.7094017094017093","4.819277108433735","0","1.4598540145985401","0","3.56140350877193","0","227","0","9.12","0.7490636704119851","0","2.3890784982935154","0","0","3.6563706563706564","0","228","0","8.939759036144578","3.10077519379845","0","4.184100418410042","0","0","3.5824175824175826","0","239","0","9.007352941176471","2.8112449799196786","2.0689655172413794","1.1904761904761905","1.550387596899225","0","3.5905797101449277","0","225","0","8.88","2.4390243902439024","3.0303030303030303","0","3.930131004366812","0","3.752","0","216","0","9.062240663900415","4.201680672268908","0.796812749003984","5.042016806722689","0","0","3.5671641791044775","0","246","0","8.96245733788396","0.7490636704119851","0","0.78125","2.8662420382165603","0","3.633587786259542","0","229","0","9.02661596958175","4.583333333333333","1.646090534979424","1.6666666666666667","1.4388489208633093","0","3.528735632183908","0","236","0","9.0199203187251","0","0","0","4.8979591836734695","0","3.620071684587814","0","235","0","8.956521739130435","2.1660649819494586","1.6666666666666667","2.5179856115107913","0.7751937984496124","0","3.7336065573770494","0","225","0","9.006711409395972","3.404255319148936","0.851063829787234","6.147540983606557","0.819672131147541"
"[max]","120","4.123015873015873","24","303","758","9.594936708860759","29.79591836734694","39.59183673469388","32.6530612244898","34.285714285714285","120","4.584837545126354","31","283","733","9.592592592592593","33.484162895927604","28.506787330316744","39.35018050541516","33.0316742081448","120","4.08641975308642","43","322","712","9.601694915254237","33.333333333333336","35.390946502057616","33.333333333333336","34.5679012345679","120","4.282608695652174","33","294","759","9.591489361702127","27.68595041322314","33.05785123966942","33.88429752066116","35.12396694214876","120","4.165938864628821","37","272","655","9.637254901960784","34.285714285714285","36.666666666666664","31.904761904761905","36.19047619047619","120","4.116838487972508","36","301","789","9.683794466403162","36.50190114068441","29.657794676806084","31.55893536121673","32.69961977186312","120","4.361486486486487","36","312","755","9.63963963963964","31.73913043478261","27.82608695652174","27.82608695652174","37.82608695652174","120","4.108695652173913","39","295","741","9.59670781893004","32","32.8","29.6","28","120","4.104026845637584","34","320","780","9.508771929824562","34.48275862068966","34.48275862068966","36.63793103448276","33.189655172413794","120","4.196013289036545","35","313","733","9.58590308370044","35.8974358974359","29.914529914529915","35.47008547008547","33.333333333333336","120","4.146825396825397","36","268","648","9.59656652360515","37.295081967213115","38.9344262295082","31.557377049180328","34.01639344262295","120","4.013100436681222","48","256","564","9.546666666666667","34.49781659388646","35.80786026200873","29.25764192139738","31.87772925764192","120","4.059055118110236","35","288","596","9.608888888888888","31.6017316017316","32.03463203463203","34.63203463203463","35.93073593073593","120","4.206140350877193","33","237","488","9.530516431924882","34.22222222222222","29.333333333333332","30.666666666666668","38.666666666666664","120","4","33","273","605","9.584313725490196","32.78688524590164","31.9672131147541","33.19672131147541","31.557377049180328","120","4.136363636363637","36","324","768","9.672","33.46456692913386","35.43307086614173","33.07086614173228","33.46456692913386","120","4.080508474576271","35","280","716","9.565217391304348","38.009049773755656","35.74660633484163","32.57918552036199","33.0316742081448","120","3.956896551724138","31","277","695","9.577981651376147","33.63228699551569","26.905829596412556","30.94170403587444","31.838565022421523","120","4.135371179039302","35","266","710","9.535714285714286","35.714285714285715","37.81512605042017","31.51260504201681","31.092436974789916","120","4.123595505617978","28","283","639","9.666666666666666","32.17391304347826","28.695652173913043","33.47826086956522","38.26086956521739","120","4.160869565217391","25","280","660","9.547445255474452","31.11111111111111","32.888888888888886","31.555555555555557","28.444444444444443","120","3.9461883408071747","37","271","597","9.581395348837209","33.63228699551569","29.59641255605381","37.66816143497758","30.044843049327355","120","4.072","35","290","732","9.69672131147541","38","31.6","30","33.2","120","4.161184210526316","26","314","731","9.61344537815126","33.87755102040816","33.06122448979592","29.79591836734694","34.285714285714285","120","4.129824561403509","32","291","680","9.6137339055794","33.333333333333336","30.041152263374485","34.5679012345679","30.45267489711934","120","4.113924050632911","38","289","774","9.543726235741445","33.61344537815126","32.773109243697476","37.39495798319328","34.87394957983193","120","4.016460905349795","47","290","639","9.640167364016737","35.390946502057616","30.45267489711934","37.44855967078189","37.44855967078189","120","3.96137339055794","31","282","628","9.554621848739496","30.08130081300813","27.642276422764226","26.829268292682926","30.48780487804878","120","4.171929824561404","32","285","659","9.697777777777778","36.05150214592275","30.472103004291846","32.61802575107296","30.901287553648068","120","4.108208955223881","37","303","676","9.665236051502147","31.799163179916317","33.05439330543933","29.288702928870293","38.07531380753138","120","3.9743589743589745","30","293","615","9.606986899563319","30.76923076923077","33.76068376068376","32.9059829059829","29.914529914529915","120","4.077220077220077","35","269","696","9.543103448275861","27.983539094650205","35.390946502057616","38.68312757201646","27.983539094650205","120","4.075396825396825","37","293","712","9.588709677419354","37.301587301587304","28.96825396825397","39.682539682539684","31.349206349206348","120","4.193548387096774","42","283","717","9.602941176470589","31.330472103004293","32.61802575107296","37.33905579399141","33.47639484978541","120","4.105504587155964","38","252","605","9.68609865470852","31.092436974789916","36.554621848739494","33.61344537815126","34.87394957983193","120","4.059016393442623","41","317","773","9.592","32.69230769230769","26.53846153846154","35.38461538461539","32.30769230769231","120","4.046332046332046","30","281","702","9.551867219917012","35.24590163934426","29.508196721311474","36.47540983606557","29.918032786885245","120","4.061224489795919","35","299","673","9.554621848739496","34.69387755102041","31.836734693877553","32.6530612244898","39.59183673469388","120","4.08843537414966","30","299","724","9.61864406779661","29.87551867219917","36.51452282157676","33.60995850622407","32.780082987551864","120","4.198473282442748","46","300","732","9.605263157894736","30.252100840336134","29.831932773109244","39.075630252100844","29.831932773109244"
"[mean]","60","4.036590850002205","12.75206611570248","265.2314049586777","378.64462809917353","9.308365984847331","5.866691032104581","6.779000367930063","1.4358739683117898","2.487009800997204","60","4.294820217377311","16.380165289256198","252.1404958677686","379.3636363636364","9.28563484239495","2.84157461186245","8.994348280870975","21.021598028295745","4.459031223645829","60","3.993844589932664","18.735537190082646","277.8595041322314","337.9834710743802","9.301857658018243","2.1903473906523003","6.69489300798305","1.273465123892991","4.617850763019505","60","4.160591260198114","13.818181818181818","266.4793388429752","372.8429752066116","9.27295376475628","2.801185299067318","3.8669756768819603","2.6297304023127865","17.50628063690682","60","4.097000298568931","16.289256198347108","240.1900826446281","312.8677685950413","9.252570229395584","8.368470459489991","8.05473301031731","3.066917097040679","4.615045883366159","60","4.023486751973081","18.545454545454547","276.6942148760331","397.6115702479339","9.300410155956717","2.4960742719588738","4.251755736103465","2.996369063124328","2.5575515729657825","60","4.12004380652733","15.884297520661157","269.8264462809917","369.64462809917353","9.266371754179472","11.665016135370898","1.7382185405875359","3.6457356272638495","7.3042700253596875","60","4.0358495749207375","15.619834710743802","271.10743801652893","385.9834710743802","9.2857868569415","2.759705971848022","6.466595557055965","0.7011992289274571","5.25934409939753","60","4.002785053940187","14.59504132231405","272.08264462809916","367.9586776859504","9.233876108440455","2.6723417675260284","2.6892618203767404","8.956369019840505","2.057022863603893","60","4.009947353796894","16.94214876033058","274.5123966942149","364.41322314049586","9.285895825449021","6.060056526534185","4.893908446641128","2.616574728338337","1.9557637175690852","60","4.078683535048388","17.58677685950413","246.1404958677686","325.5123966942149","9.337207429064023","4.9100692761974365","3.0183552872731174","1.6696996796399175","5.633340364185674","60","3.928418279151396","23.520661157024794","238.65289256198346","281.45454545454544","9.31127864312403","7.562889047484789","1.450012947972373","2.599180714405579","1.2527236938162039","60","4.003739448170327","17.34710743801653","252.71074380165288","296.05785123966945","9.29225404814768","3.1181756692560354","2.2457871649102605","4.529130339862613","5.290446696909308","60","4.125814518839965","15.727272727272727","222.1404958677686","277.7603305785124","9.37410469888126","3.8537890518584557","5.400659648046206","6.498052401031268","6.178810084187392","60","3.9119425712489964","15.305785123966942","255.55371900826447","313.93388429752065","9.337065004921529","3.60088198596719","1.768874477070304","2.3510692885808147","1.015375620270473","60","4.056063378021324","16.710743801652892","283.3305785123967","381.64462809917353","9.274743655167061","5.126043320065593","3.2873706399008533","3.8812936446957456","6.923372157890035","60","3.99067270418808","14.661157024793388","245.38842975206612","344.60330578512395","9.275429569838623","3.4810703139991905","2.1687678093237905","4.272987924626399","4.588198202592732","60","3.8989479086908747","14.388429752066116","236.8595041322314","328.90909090909093","9.25830539407766","1.5695128463741115","0.8592404929688116","5.082817642908988","2.388018509065331","60","4.056201486206982","17.975206611570247","239.86776859504133","390.495867768595","9.262093720815189","9.841864278597416","3.8546291373032378","1.2413576764789018","5.240329430471577","60","4.0390573045141","11.727272727272727","249.65289256198346","329.45454545454544","9.3476302780497","4.761943814221278","2.253915969918231","2.2907536274589533","6.838905455304701","60","4.014183087109861","12.561983471074381","250.47107438016528","339.39669421487605","9.287152678056882","3.5981762057612876","4.705862510049906","3.886780640090312","4.906601701690742","60","3.8456635070406526","18.181818181818183","243.27272727272728","314.2809917355372","9.270986111464955","3.5818047030720988","1.0404725979230267","0.5391381713886375","1.4965912843353744","60","3.957316816812771","15.62809917355372","270.89256198347107","354.3223140495868","9.285991412805625","7.9249265111980005","1.6755931768711632","1.069409976253662","2.551839468460016","60","4.066931585562136","11.859504132231406","273.495867768595","367.31404958677683","9.297199913826637","2.6525733593971657","5.6635314439294255","5.505402847110827","3.5541303761002787","60","4.03389586006628","13.677685950413224","269.2314049586777","349.7603305785124","9.310001862154948","2.9207354935488543","3.3377781115206053","4.106312810837171","2.9913170420967394","60","3.9893981492825166","16.578512396694215","261.78512396694214","418.68595041322317","9.281504704420255","8.865782805115245","1.3604037085673057","1.130633500494575","1.8488774149040885","60","3.9603864363559524","23.512396694214875","260.495867768595","313.4876033057851","9.303584115296358","4.331278125615114","1.8601466168183738","1.8365399370712603","3.657013755104132","60","3.9058028967080842","13.231404958677686","249.39669421487602","319.11570247933884","9.329520077821938","6.502956882483473","0.4887697734714956","1.293581068397403","0.8064577050386744","60","4.044728058713297","15.487603305785123","252.0909090909091","342.12396694214874","9.292606691476351","6.06196628203308","6.193220916156635","4.0971918392840765","4.038034091642141","60","4.061791429785788","18.520661157024794","267.8677685950413","356.8512396694215","9.302806369290186","4.343550537708145","6.7400781894255175","1.9350600627471246","3.330827231839945","60","3.897325438051358","13.900826446280991","261.87603305785126","314.2314049586777","9.328440295857034","2.0789033862491695","2.1411210367908766","3.2273392383418296","1.1066862310676269","60","4.035299258065028","16.231404958677686","249.79338842975207","375.8677685950413","9.255323400705356","4.969879112342577","1.5490579662915376","6.892814956453418","1.6144571374625847","60","3.9954093614401076","17.09090909090909","259.4793388429752","356.1818181818182","9.313518729204619","5.380500619709087","3.036547091975328","3.164801577711729","2.956295739364065","60","4.10468136812037","20.520661157024794","245.82644628099175","335.45454545454544","9.317264573004344","5.402989684949492","5.088901970451454","2.7512275647072735","7.798550179105404","60","4.053310262511232","17.132231404958677","235.28099173553719","327.59504132231405","9.31256461901149","6.137127909548887","1.846247752250708","6.755796781184891","1.8995788019185746","60","3.9777407796995337","21.322314049586776","284.0165289256198","412.58677685950414","9.299852635168985","3.6901052734134816","1.7622125355092901","3.151902134437422","4.000746376947398","60","3.993759715661435","12.578512396694215","257.41322314049586","374.3057851239669","9.298084229504944","6.709593918793827","2.9543024626296903","3.3406741581829316","2.708851198341605","60","3.96305301415451","14.619834710743802","272.3305785123967","358.6115702479339","9.28611173833383","2.7315083362198425","0.5698989476438657","0.8103229587032595","7.108647354139696","60","4.024262484855478","14.016528925619834","277.02479338842977","350.0082644628099","9.29663259474888","4.197516479320726","4.190404893828834","4.111393493311368","1.907698743356265","60","4.118409441567929","21.115702479338843","253.099173553719","376.26446280991735","9.264023503436658","6.188865472553669","3.550331449315655","8.127345215511816","3.162531607612946"
"[total steps]","120","120","120","120","120","120","120","120","120","120","120","120","120","120","120","120","120","120","120","120","120","120","120","120","120","120","120","120","120","120","120","120","120","120","120","120","120","120","120","120","120","120","120","120","120","120","120","120","120","120","120","120","120","120","120","120","120","120","120","120","120","120","120","120","120","120","120","120","120","120","120","120","120","120","120","120","120","120","120","120","120","120","120","120","120","120","120","120","120","120","120","120","120","120","120","120","120","120","120","120","120","120","120","120","120","120","120","120","120","120","120","120","120","120","120","120","120","120","120","120","120","120","120","120","120","120","120","120","120","120","120","120","120","120","120","120","120","120","120","120","120","120","120","120","120","120","120","120","120","120","120","120","120","120","120","120","120","120","120","120","120","120","120","120","120","120","120","120","120","120","120","120","120","120","120","120","120","120","120","120","120","120","120","120","120","120","120","120","120","120","120","120","120","120","120","120","120","120","120","120","120","120","120","120","120","120","120","120","120","120","120","120","120","120","120","120","120","120","120","120","120","120","120","120","120","120","120","120","120","120","120","120","120","120","120","120","120","120","120","120","120","120","120","120","120","120","120","120","120","120","120","120","120","120","120","120","120","120","120","120","120","120","120","120","120","120","120","120","120","120","120","120","120","120","120","120","120","120","120","120","120","120","120","120","120","120","120","120","120","120","120","120","120","120","120","120","120","120","120","120","120","120","120","120","120","120","120","120","120","120","120","120","120","120","120","120","120","120","120","120","120","120","120","120","120","120","120","120","120","120","120","120","120","120","120","120","120","120","120","120","120","120","120","120","120","120","120","120","120","120","120","120","120","120","120","120","120","120","120","120","120","120","120","120","120","120","120","120","120","120","120","120","120","120","120","120","120","120","120","120","120","120","120","120","120","120","120","120","120","120","120","120","120","120","120","120","120","120","120","120"

"[all run data]","[step]","report-mean-risk","report-deaths","report-total-agents","report-rewiring-events","report-mean-friends","report-pct-high-smoking","report-pct-high-alcohol","report-pct-high-diet","report-pct-high-inactivity","[step]","report-mean-risk","report-deaths","report-total-agents","report-rewiring-events","report-mean-friends","report-pct-high-smoking","report-pct-high-alcohol","report-pct-high-diet","report-pct-high-inactivity","[step]","report-mean-risk","report-deaths","report-total-agents","report-rewiring-events","report-mean-friends","report-pct-high-smoking","report-pct-high-alcohol","report-pct-high-diet","report-pct-high-inactivity","[step]","report-mean-risk","report-deaths","report-total-agents","report-rewiring-events","report-mean-friends","report-pct-high-smoking","report-pct-high-alcohol","report-pct-high-diet","report-pct-high-inactivity","[step]","report-mean-risk","report-deaths","report-total-agents","report-rewiring-events","report-mean-friends","report-pct-high-smoking","report-pct-high-alcohol","report-pct-high-diet","report-pct-high-inactivity","[step]","report-mean-risk","report-deaths","report-total-agents","report-rewiring-events","report-mean-friends","report-pct-high-smoking","report-pct-high-alcohol","report-pct-high-diet","report-pct-high-inactivity","[step]","report-mean-risk","report-deaths","report-total-agents","report-rewiring-events","report-mean-friends","report-pct-high-smoking","report-pct-high-alcohol","report-pct-high-diet","report-pct-high-inactivity","[step]","report-mean-risk","report-deaths","report-total-agents","report-rewiring-events","report-mean-friends","report-pct-high-smoking","report-pct-high-alcohol","report-pct-high-diet","report-pct-high-inactivity","[step]","report-mean-risk","report-deaths","report-total-agents","report-rewiring-events","report-mean-friends","report-pct-high-smoking","report-pct-high-alcohol","report-pct-high-diet","report-pct-high-inactivity","[step]","report-mean-risk","report-deaths","report-total-agents","report-rewiring-events","report-mean-friends","report-pct-high-smoking","report-pct-high-alcohol","report-pct-high-diet","report-pct-high-inactivity","[step]","report-mean-risk","report-deaths","report-total-agents","report-rewiring-events","report-mean-friends","report-pct-high-smoking","report-pct-high-alcohol","report-pct-high-diet","report-pct-high-inactivity","[step]","report-mean-risk","report-deaths","report-total-agents","report-rewiring-events","report-mean-friends","report-pct-high-smoking","report-pct-high-alcohol","report-pct-high-diet","report-pct-high-inactivity","[step]","report-mean-risk","report-deaths","report-total-agents","report-rewiring-events","report-mean-friends","report-pct-high-smoking","report-pct-high-alcohol","report-pct-high-diet","report-pct-high-inactivity","[step]","report-mean-risk","report-deaths","report-total-agents","report-rewiring-events","report-mean-friends","report-pct-high-smoking","report-pct-high-alcohol","report-pct-high-diet","report-pct-high-inactivity","[step]","report-mean-risk","report-deaths","report-total-agents","report-rewiring-events","report-mean-friends","report-pct-high-smoking","report-pct-high-alcohol","report-pct-high-diet","report-pct-high-inactivity","[step]","report-mean-risk","report-deaths","report-total-agents","report-rewiring-events","report-mean-friends","report-pct-high-smoking","report-pct-high-alcohol","report-pct-high-diet","report-pct-high-inactivity","[step]","report-mean-risk","report-deaths","report-total-agents","report-rewiring-events","report-mean-friends","report-pct-high-smoking","report-pct-high-alcohol","report-pct-high-diet","report-pct-high-inactivity","[step]","report-mean-risk","report-deaths","report-total-agents","report-rewiring-events","report-mean-friends","report-pct-high-smoking","report-pct-high-alcohol","report-pct-high-diet","report-pct-high-inactivity","[step]","report-mean-risk","report-deaths","report-total-agents","report-rewiring-events","report-mean-friends","report-pct-high-smoking","report-pct-high-alcohol","report-pct-high-diet","report-pct-high-inactivity","[step]","report-mean-risk","report-deaths","report-total-agents","report-rewiring-events","report-mean-friends","report-pct-high-smoking","report-pct-high-alcohol","report-pct-high-diet","report-pct-high-inactivity","[step]","report-mean-risk","report-deaths","report-total-agents","report-rewiring-events","report-mean-friends","report-pct-high-smoking","report-pct-high-alcohol","report-pct-high-diet","report-pct-high-inactivity","[step]","report-mean-risk","report-deaths","report-total-agents","report-rewiring-events","report-mean-friends","report-pct-high-smoking","report-pct-high-alcohol","report-pct-high-diet","report-pct-high-inactivity","[step]","report-mean-risk","report-deaths","report-total-agents","report-rewiring-events","report-mean-friends","report-pct-high-smoking","report-pct-high-alcohol","report-pct-high-diet","report-pct-high-inactivity","[step]","report-mean-risk","report-deaths","report-total-agents","report-rewiring-events","report-mean-friends","report-pct-high-smoking","report-pct-high-alcohol","report-pct-high-diet","report-pct-high-inactivity","[step]","report-mean-risk","report-deaths","report-total-agents","report-rewiring-events","report-mean-friends","report-pct-high-smoking","report-pct-high-alcohol","report-pct-high-diet","report-pct-high-inactivity","[step]","report-mean-risk","report-deaths","report-total-agents","report-rewiring-events","report-mean-friends","report-pct-high-smoking","report-pct-high-alcohol","report-pct-high-diet","report-pct-high-inactivity","[step]","report-mean-risk","report-deaths","report-total-agents","report-rewiring-events","report-mean-friends","report-pct-high-smoking","report-pct-high-alcohol","report-pct-high-diet","report-pct-high-inactivity","[step]","report-mean-risk","report-deaths","report-total-agents","report-rewiring-events","report-mean-friends","report-pct-high-smoking","report-pct-high-alcohol","report-pct-high-diet","report-pct-high-inactivity","[step]","report-mean-risk","report-deaths","report-total-agents","report-rewiring-events","report-mean-friends","report-pct-high-smoking","report-pct-high-alcohol","report-pct-high-diet","report-pct-high-inactivity","[step]","report-mean-risk","report-deaths","report-total-agents","report-rewiring-events","report-mean-friends","report-pct-high-smoking","report-pct-high-alcohol","report-pct-high-diet","report-pct-high-inactivity","[step]","report-mean-risk","report-deaths","report-total-agents","report-rewiring-events","report-mean-friends","report-pct-high-smoking","report-pct-high-alcohol","report-pct-high-diet","report-pct-high-inactivity","[step]","report-mean-risk","report-deaths","report-total-agents","report-rewiring-events","report-mean-friends","report-pct-high-smoking","report-pct-high-alcohol","report-pct-high-diet","report-pct-high-inactivity","[step]","report-mean-risk","report-deaths","report-total-agents","report-rewiring-events","report-mean-friends","report-pct-high-smoking","report-pct-high-alcohol","report-pct-high-diet","report-pct-high-inactivity","[step]","report-mean-risk","report-deaths","report-total-agents","report-rewiring-events","report-mean-friends","report-pct-high-smoking","report-pct-high-alcohol","report-pct-high-diet","report-pct-high-inactivity","[step]","report-mean-risk","report-deaths","report-total-agents","report-rewiring-events","report-mean-friends","report-pct-high-smoking","report-pct-high-alcohol","report-pct-high-diet","report-pct-high-inactivity","[step]","report-mean-risk","report-deaths","report-total-agents","report-rewiring-events","report-mean-friends","report-pct-high-smoking","report-pct-high-alcohol","report-pct-high-diet","report-pct-high-inactivity","[step]","report-mean-risk","report-deaths","report-total-agents","report-rewiring-events","report-mean-friends","report-pct-high-smoking","report-pct-high-alcohol","report-pct-high-diet","report-pct-high-inactivity","[step]","report-mean-risk","report-deaths","report-total-agents","report-rewiring-events","report-mean-friends","report-pct-high-smoking","report-pct-high-alcohol","report-pct-high-diet","report-pct-high-inactivity","[step]","report-mean-risk","report-deaths","report-total-agents","report-rewiring-events","report-mean-friends","report-pct-high-smoking","report-pct-high-alcohol","report-pct-high-diet","report-pct-high-inactivity","[step]","report-mean-risk","report-deaths","report-total-agents","report-rewiring-events","report-mean-friends","report-pct-high-smoking","report-pct-high-alcohol","report-pct-high-diet","report-pct-high-inactivity"
,"0","4.069387755102041","0","245","0","9.191836734693878","29.79591836734694","39.59183673469388","32.6530612244898","34.285714285714285","0","3.9592760180995477","0","221","0","9.14027149321267","33.484162895927604","28.506787330316744","33.93665158371041","33.0316742081448","0","4.082304526748971","0","243","0","9.119341563786008","33.333333333333336","35.390946502057616","33.333333333333336","34.5679012345679","0","4.053719008264463","0","242","0","9.132231404958677","27.68595041322314","33.05785123966942","33.88429752066116","35.12396694214876","0","4.071428571428571","0","210","0","9.219047619047618","34.285714285714285","36.666666666666664","31.904761904761905","36.19047619047619","0","3.935361216730038","0","263","0","9.285171102661597","36.50190114068441","29.657794676806084","31.55893536121673","32.69961977186312","0","3.8434782608695652","0","230","0","9.11304347826087","31.73913043478261","27.82608695652174","27.82608695652174","37.82608695652174","0","3.8","0","250","0","9.12","32","32.8","29.6","28","0","4.056034482758621","0","232","0","9.120689655172415","34.48275862068966","34.48275862068966","36.63793103448276","33.189655172413794","0","3.9786324786324787","0","234","0","9.205128205128204","35.8974358974359","29.914529914529915","35.47008547008547","33.333333333333336","0","4.102459016393443","0","244","0","9.188524590163935","37.295081967213115","38.9344262295082","31.557377049180328","34.01639344262295","0","4.013100436681222","0","229","0","9.196506550218341","34.49781659388646","35.80786026200873","29.25764192139738","31.87772925764192","0","4.03030303030303","0","231","0","9.116883116883116","31.6017316017316","32.03463203463203","34.63203463203463","35.93073593073593","0","4.013333333333334","0","225","0","9.12","34.22222222222222","29.333333333333332","30.666666666666668","38.666666666666664","0","3.9754098360655736","0","244","0","9.09016393442623","32.78688524590164","31.9672131147541","33.19672131147541","31.557377049180328","0","4","0","254","0","9.204724409448819","33.46456692913386","35.43307086614173","33.07086614173228","33.46456692913386","0","3.981900452488688","0","221","0","9.06787330316742","38.009049773755656","35.74660633484163","32.57918552036199","33.0316742081448","0","3.8340807174887894","0","223","0","9.192825112107624","33.63228699551569","26.905829596412556","30.94170403587444","31.838565022421523","0","4.03781512605042","0","238","0","9.159663865546218","35.714285714285715","37.81512605042017","31.51260504201681","31.092436974789916","0","3.9608695652173913","0","230","0","9.130434782608695","32.17391304347826","28.695652173913043","33.47826086956522","38.26086956521739","0","3.928888888888889","0","225","0","9.182222222222222","31.11111111111111","32.888888888888886","31.555555555555557","28.444444444444443","0","3.9461883408071747","0","223","0","9.210762331838565","33.63228699551569","29.59641255605381","37.66816143497758","30.044843049327355","0","4.004","0","250","0","9.28","38","31.6","30","33.2","0","3.951020408163265","0","245","0","9.183673469387756","33.87755102040816","33.06122448979592","29.79591836734694","34.285714285714285","0","3.888888888888889","0","243","0","9.168724279835391","33.333333333333336","30.041152263374485","34.5679012345679","30.45267489711934","0","4.105042016806722","0","238","0","9.117647058823529","33.61344537815126","32.773109243697476","37.39495798319328","34.87394957983193","0","4.016460905349795","0","243","0","9.209876543209877","35.390946502057616","30.45267489711934","37.44855967078189","37.44855967078189","0","3.7886178861788617","0","246","0","9.048780487804878","30.08130081300813","27.642276422764226","26.829268292682926","30.48780487804878","0","4.030042918454936","0","233","0","9.21030042918455","36.05150214592275","30.472103004291846","32.61802575107296","30.901287553648068","0","4.096234309623431","0","239","0","9.221757322175732","31.799163179916317","33.05439330543933","29.288702928870293","38.07531380753138","0","3.824786324786325","0","234","0","9.213675213675213","30.76923076923077","33.76068376068376","32.9059829059829","29.914529914529915","0","3.962962962962963","0","243","0","9.185185185185185","27.983539094650205","35.390946502057616","38.68312757201646","27.983539094650205","0","4.055555555555555","0","252","0","9.206349206349206","37.301587301587304","28.96825396825397","39.682539682539684","31.349206349206348","0","4.03862660944206","0","233","0","9.064377682403434","31.330472103004293","32.61802575107296","37.33905579399141","33.47639484978541","0","4.0210084033613445","0","238","0","9.084033613445378","31.092436974789916","36.554621848739494","33.61344537815126","34.87394957983193","0","3.8807692307692307","0","260","0","9.13076923076923","32.69230769230769","26.53846153846154","35.38461538461539","32.30769230769231","0","4.004098360655738","0","244","0","9.188524590163935","35.24590163934426","29.508196721311474","36.47540983606557","29.918032786885245","0","4.061224489795919","0","245","0","9.085714285714285","34.69387755102041","31.836734693877553","32.6530612244898","39.59183673469388","0","3.979253112033195","0","241","0","9.178423236514522","29.87551867219917","36.51452282157676","33.60995850622407","32.780082987551864","0","3.9747899159663866","0","238","0","9.126050420168067","30.252100840336134","29.831932773109244","39.075630252100844","29.831932773109244"
,"1","3.9959183673469387","0","245","28","9.420408163265305","4.081632653061225","3.2653061224489797","1.2244897959183674","2.0408163265306123","1","4.040723981900452","0","221","32","9.429864253393665","0.9049773755656109","1.3574660633484164","7.239819004524887","9.95475113122172","1","4.08641975308642","0","243","35","9.407407407407407","3.7037037037037037","11.11111111111111","3.292181069958848","5.349794238683128","1","4.099173553719008","0","242","29","9.37190082644628","1.6528925619834711","6.198347107438017","7.43801652892562","6.6115702479338845","1","4.08133971291866","0","209","21","9.368421052631579","4.784688995215311","8.133971291866029","5.2631578947368425","2.8708133971291865","1","3.9731800766283527","0","261","29","9.440613026819923","1.1494252873563218","4.21455938697318","3.0651340996168583","2.2988505747126435","1","3.995633187772926","0","229","28","9.31004366812227","8.296943231441048","1.7467248908296944","2.183406113537118","6.11353711790393","1","3.9357429718875503","0","249","26","9.309236947791165","2.8112449799196786","4.819277108433735","1.2048192771084338","1.606425702811245","1","4.096069868995633","0","229","21","9.179039301310043","2.183406113537118","3.930131004366812","10.043668122270743","3.493449781659389","1","3.9401709401709404","0","234","19","9.367521367521368","7.264957264957265","1.7094017094017093","2.5641025641025643","5.128205128205129","1","4.095041322314049","1","242","29","9.338842975206612","4.958677685950414","3.71900826446281","0.8264462809917356","7.024793388429752","1","3.9912663755458517","0","229","23","9.397379912663755","8.296943231441048","3.930131004366812","4.8034934497816595","1.7467248908296944","1","3.9695652173913043","0","230","25","9.28695652173913","3.4782608695652173","2.608695652173913","6.086956521739131","7.391304347826087","1","4.1466666666666665","0","225","25","9.342222222222222","2.6666666666666665","6.666666666666667","8.88888888888889","10.666666666666666","1","4","0","242","27","9.231404958677686","6.198347107438017","2.8925619834710745","7.024793388429752","2.479338842975207","1","4.1141732283464565","0","254","24","9.393700787401574","3.543307086614173","4.724409448818897","7.874015748031496","6.299212598425197","1","4.0181818181818185","0","220","26","9.254545454545454","5.454545454545454","4.090909090909091","4.545454545454546","5.909090909090909","1","3.9279279279279278","0","222","17","9.297297297297296","2.2522522522522523","1.3513513513513513","8.558558558558559","4.954954954954955","1","4.063291139240507","0","237","29","9.358649789029537","8.438818565400844","8.016877637130802","0.4219409282700422","1.2658227848101267","1","4.069565217391304","0","230","22","9.321739130434782","5.217391304347826","0.8695652173913043","1.7391304347826086","8.695652173913043","1","4.128888888888889","0","225","28","9.431111111111111","3.111111111111111","7.111111111111111","5.333333333333333","7.555555555555555","1","3.90990990990991","0","222","25","9.387387387387387","4.954954954954955","4.054054054054054","3.6036036036036037","3.1531531531531534","1","4.072","0","250","26","9.488","11.2","5.2","2","7.6","1","3.983673469387755","0","245","27","9.404081632653062","2.4489795918367347","2.4489795918367347","3.2653061224489797","5.3061224489795915","1","3.979338842975207","0","242","25","9.338842975206612","3.71900826446281","2.479338842975207","4.132231404958677","1.2396694214876034","1","4.113924050632911","1","237","23","9.265822784810126","10.126582278481013","2.9535864978902953","4.219409282700422","4.641350210970464","1","4.004115226337449","0","243","26","9.423868312757202","5.349794238683128","1.2345679012345678","2.4691358024691357","7.407407407407407","1","3.8934426229508197","1","244","33","9.229508196721312","7.786885245901639","1.2295081967213115","2.0491803278688523","2.459016393442623","1","3.9184549356223175","0","233","23","9.407725321888412","4.721030042918455","2.1459227467811157","4.291845493562231","1.7167381974248928","1","4.100840336134453","0","238","24","9.378151260504202","2.9411764705882355","7.142857142857143","3.361344537815126","5.042016806722689","1","3.9743589743589745","0","234","19","9.376068376068377","2.9914529914529915","6.837606837606837","4.700854700854701","2.5641025641025643","1","4.066115702479339","0","242","21","9.314049586776859","4.958677685950414","2.0661157024793386","8.677685950413224","2.0661157024793386","1","4.075396825396825","0","252","31","9.452380952380953","5.9523809523809526","5.9523809523809526","5.158730158730159","4.365079365079365","1","4.060344827586207","1","232","31","9.28448275862069","2.586206896551724","4.741379310344827","6.896551724137931","5.603448275862069","1","4.0588235294117645","0","238","31","9.344537815126051","4.201680672268908","3.361344537815126","6.302521008403361","0.8403361344537815","1","3.9147286821705425","1","258","40","9.356589147286822","1.550387596899225","1.550387596899225","1.1627906976744187","4.651162790697675","1","3.987603305785124","0","242","29","9.355371900826446","7.43801652892562","4.545454545454546","4.132231404958677","2.8925619834710745","1","3.9346938775510205","0","245","29","9.322448979591837","2.0408163265306123","0.40816326530612246","2.857142857142857","5.714285714285714","1","4.083333333333333","0","240","29","9.375","4.583333333333333","3.75","5.833333333333333","3.75","1","4.072033898305085","0","236","29","9.279661016949152","3.8135593220338984","1.694915254237288","13.135593220338983","2.542372881355932"
,"2","4.028688524590164","0","244","28","9.37704918032787","4.098360655737705","2.0491803278688523","0.819672131147541","1.639344262295082","2","4.031674208144796","0","221","32","9.429864253393665","0.9049773755656109","0","7.239819004524887","6.334841628959276","2","4.045454545454546","0","242","35","9.388429752066116","1.6528925619834711","8.264462809917354","1.6528925619834711","3.3057851239669422","2","4.086776859504132","0","242","29","9.37190082644628","2.0661157024793386","3.71900826446281","2.8925619834710745","5.371900826446281","2","4.06280193236715","0","207","21","9.304347826086957","3.864734299516908","7.729468599033816","3.3816425120772946","0.966183574879227","2","3.9655172413793105","0","261","29","9.440613026819923","0.7662835249042146","0.7662835249042146","1.9157088122605364","2.2988505747126435","2","4.048245614035087","1","228","28","9.289473684210526","8.771929824561404","0.43859649122807015","2.192982456140351","3.0701754385964914","2","3.9959514170040484","0","247","26","9.246963562753036","2.834008097165992","4.048582995951417","0.8097165991902834","0.8097165991902834","2","4.06113537117904","0","229","21","9.179039301310043","0.8733624454148472","2.6200873362445414","7.423580786026201","1.7467248908296944","2","3.923076923076923","0","234","19","9.367521367521368","5.128205128205129","1.7094017094017093","0.8547008547008547","3.4188034188034186","2","4.045833333333333","1","240","29","9.3","2.5","0.8333333333333334","0","6.666666666666667","2","3.925764192139738","0","229","23","9.397379912663755","5.676855895196507","2.6200873362445414","2.183406113537118","0","2","3.965217391304348","0","230","25","9.28695652173913","1.7391304347826086","0.8695652173913043","3.9130434782608696","4.782608695652174","2","4.111111111111111","0","225","25","9.342222222222222","1.7777777777777777","3.111111111111111","7.111111111111111","6.222222222222222","2","3.9458333333333333","0","240","27","9.15","5","0.4166666666666667","3.75","0.8333333333333334","2","4.086614173228346","0","254","24","9.393700787401574","3.937007874015748","1.968503937007874","5.118110236220472","5.118110236220472","2","4.0228310502283104","0","219","26","9.205479452054794","3.1963470319634704","1.36986301369863","3.1963470319634704","4.566210045662101","2","3.9411764705882355","0","221","17","9.2579185520362","0.9049773755656109","0","5.429864253393665","2.7149321266968327","2","4.042553191489362","1","235","29","9.27659574468085","7.659574468085107","4.25531914893617","0","0.851063829787234","2","4.061674008810573","0","227","22","9.233480176211454","3.9647577092511015","0","0.8810572687224669","7.048458149779735","2","4.142222222222222","0","225","28","9.431111111111111","3.111111111111111","6.666666666666667","2.2222222222222223","6.666666666666667","2","3.8783783783783785","0","222","25","9.387387387387387","2.7027027027027026","0.9009009009009009","0","2.2522522522522523","2","3.996","0","250","26","9.488","10.4","0.4","1.6","2.4","2","4.016393442622951","0","244","27","9.360655737704919","1.2295081967213115","2.459016393442623","0.819672131147541","3.6885245901639343","2","3.9502074688796682","0","241","25","9.294605809128631","2.074688796680498","0.8298755186721992","1.6597510373443984","0","2","4.09704641350211","1","237","23","9.265822784810126","8.016877637130802","1.2658227848101267","2.9535864978902953","1.6877637130801688","2","4","0","242","26","9.380165289256198","3.71900826446281","0.8264462809917356","1.2396694214876034","4.545454545454546","2","3.9098360655737703","1","244","33","9.229508196721312","5.737704918032787","0","1.2295081967213115","0.819672131147541","2","3.9525862068965516","0","232","23","9.362068965517242","3.0172413793103448","3.4482758620689653","3.0172413793103448","0.8620689655172413","2","4.080168776371308","0","237","24","9.333333333333334","2.109704641350211","5.9071729957805905","0.8438818565400844","5.485232067510548","2","3.952991452991453","0","234","19","9.376068376068377","1.7094017094017093","3.4188034188034186","2.5641025641025643","0.8547008547008547","2","4.050209205020921","0","239","21","9.179916317991632","3.3472803347280333","1.6736401673640167","4.184100418410042","2.510460251046025","2","4.007936507936508","0","252","31","9.452380952380953","3.5714285714285716","4.761904761904762","1.9841269841269842","1.5873015873015872","2","4.091703056768559","4","229","31","9.152838427947598","2.6200873362445414","5.240174672489083","4.8034934497816595","3.930131004366812","2","4.080851063829787","1","235","31","9.217021276595744","5.1063829787234045","1.2765957446808511","5.957446808510638","0.851063829787234","2","3.9612403100775193","1","258","40","9.356589147286822","0.7751937984496124","0.7751937984496124","1.550387596899225","4.263565891472868","2","4.024896265560166","0","241","29","9.311203319502075","6.639004149377594","2.904564315352697","3.7344398340248963","2.074688796680498","2","3.914285714285714","0","245","29","9.322448979591837","0","0.8163265306122449","0.40816326530612246","4.8979591836734695","2","4.070833333333334","0","240","29","9.375","4.166666666666667","1.6666666666666667","4.583333333333333","0.8333333333333334","2","4.051063829787234","0","235","29","9.23404255319149","3.404255319148936","0.851063829787234","7.23404255319149","0.851063829787234"
,"3","4.016528925619835","1","242","28","9.297520661157025","4.132231404958677","2.0661157024793386","0","1.6528925619834711","3","4.0542986425339365","0","221","32","9.429864253393665","0.9049773755656109","0","7.239819004524887","6.787330316742081","3","4.045454545454546","0","242","35","9.388429752066116","1.6528925619834711","7.43801652892562","1.6528925619834711","2.8925619834710745","3","4.090909090909091","0","242","29","9.37190082644628","2.0661157024793386","3.71900826446281","2.8925619834710745","5.371900826446281","3","4.072463768115942","0","207","21","9.304347826086957","3.864734299516908","7.729468599033816","2.898550724637681","0.966183574879227","3","3.973076923076923","1","260","29","9.4","0.7692307692307693","0.7692307692307693","2.3076923076923075","2.3076923076923075","3","4.053097345132743","1","226","28","9.20353982300885","8.4070796460177","0","2.2123893805309733","3.0973451327433628","3","3.991869918699187","0","246","26","9.21951219512195","2.845528455284553","3.252032520325203","0.8130081300813008","0.8130081300813008","3","4.0524017467248905","0","229","21","9.179039301310043","0.8733624454148472","1.3100436681222707","7.423580786026201","1.7467248908296944","3","3.9572649572649574","0","234","19","9.367521367521368","4.700854700854701","1.7094017094017093","0.8547008547008547","2.5641025641025643","3","4.054393305439331","2","239","29","9.255230125523013","2.510460251046025","0.8368200836820083","0","6.694560669456067","3","3.9342105263157894","0","228","23","9.350877192982455","5.701754385964913","2.6315789473684212","2.6315789473684212","0","3","3.973913043478261","0","230","25","9.28695652173913","1.7391304347826086","0.8695652173913043","3.9130434782608696","3.9130434782608696","3","4.115555555555556","0","225","25","9.342222222222222","1.7777777777777777","2.2222222222222223","7.111111111111111","6.222222222222222","3","3.9453781512605044","0","238","27","9.067226890756302","5.042016806722689","0.42016806722689076","2.5210084033613445","0.8403361344537815","3","4.086956521739131","0","253","24","9.359683794466402","3.952569169960474","2.3715415019762847","5.138339920948616","3.952569169960474","3","4.022935779816514","0","218","26","9.155963302752294","3.2110091743119265","0.9174311926605505","3.669724770642202","4.587155963302752","3","3.9272727272727272","0","220","17","9.209090909090909","0.9090909090909091","0","5.454545454545454","1.8181818181818181","3","4.021459227467811","1","233","29","9.201716738197424","7.725321888412017","2.575107296137339","0","0.8583690987124464","3","4.062222222222222","0","225","22","9.146666666666667","3.5555555555555554","0","0.8888888888888888","7.111111111111111","3","4.142222222222222","0","225","28","9.431111111111111","3.111111111111111","6.666666666666667","1.7777777777777777","6.222222222222222","3","3.8636363636363638","2","220","25","9.290909090909091","2.727272727272727","0.9090909090909091","0","0.9090909090909091","3","4","0","249","26","9.453815261044177","10.441767068273093","0.8032128514056225","1.2048192771084338","1.606425702811245","3","4.016393442622951","0","244","27","9.360655737704919","0.819672131147541","2.459016393442623","0.819672131147541","3.6885245901639343","3","3.9581589958158996","0","239","25","9.205020920502092","2.510460251046025","0.8368200836820083","1.6736401673640167","0","3","4.0928270042194095","1","237","23","9.265822784810126","8.016877637130802","1.2658227848101267","2.109704641350211","1.6877637130801688","3","4","0","242","26","9.380165289256198","3.71900826446281","0.8264462809917356","1.2396694214876034","4.132231404958677","3","3.9139344262295084","1","244","33","9.229508196721312","5.737704918032787","0","0.819672131147541","0.819672131147541","3","3.9567099567099566","0","231","23","9.341991341991342","3.0303030303030303","3.0303030303030303","2.5974025974025974","0.8658008658008658","3","4.072033898305085","1","236","24","9.288135593220339","2.1186440677966103","5.932203389830509","0","4.237288135593221","3","3.96137339055794","0","233","19","9.330472103004292","1.7167381974248928","3.4334763948497855","2.575107296137339","0.8583690987124464","3","4.063025210084033","1","238","21","9.134453781512605","3.361344537815126","1.680672268907563","4.201680672268908","2.5210084033613445","3","4.007936507936508","0","252","31","9.452380952380953","3.5714285714285716","4.761904761904762","1.1904761904761905","1.5873015873015872","3","4.087719298245614","4","228","31","9.114035087719298","2.6315789473684212","5.2631578947368425","4.385964912280702","3.9473684210526314","3","4.081545064377682","1","233","31","9.133047210300429","5.150214592274678","0.8583690987124464","6.008583690987124","0.8583690987124464","3","3.9609375","1","256","40","9.2734375","0.78125","0.78125","0.78125","4.296875","3","4.024896265560166","0","241","29","9.311203319502075","6.639004149377594","2.4896265560165975","2.074688796680498","2.074688796680498","3","3.914285714285714","0","245","29","9.322448979591837","0","0","0","5.3061224489795915","3","4.075313807531381","0","239","29","9.330543933054393","4.602510460251046","1.6736401673640167","4.602510460251046","0.8368200836820083","3","4.068085106382979","0","235","29","9.23404255319149","3.404255319148936","0.851063829787234","6.808510638297872","0.851063829787234"
,"4","4.016597510373444","1","241","52","9.452282157676349","4.149377593360996","2.074688796680498","0","1.6597510373443984","4","4.049773755656108","0","221","44","9.538461538461538","0.9049773755656109","0","7.239819004524887","6.334841628959276","4","4.053941908713693","0","241","50","9.493775933609959","1.6597510373443984","7.468879668049793","1.6597510373443984","2.904564315352697","4","4.095435684647303","0","241","45","9.46058091286307","2.074688796680498","3.7344398340248963","2.904564315352697","5.394190871369295","4","4.072815533980583","0","206","47","9.514563106796116","3.883495145631068","8.25242718446602","2.912621359223301","0.970873786407767","4","3.965250965250965","1","259","49","9.513513513513514","0.7722007722007722","0.7722007722007722","1.5444015444015444","2.3166023166023164","4","4.053097345132743","1","226","53","9.424778761061948","8.4070796460177","0","2.2123893805309733","3.0973451327433628","4","3.9959349593495936","0","246","51","9.422764227642276","2.845528455284553","3.252032520325203","0.8130081300813008","0.8130081300813008","4","4.052631578947368","0","228","48","9.37719298245614","0.8771929824561403","1.3157894736842106","7.456140350877193","1.7543859649122806","4","3.9527896995708156","0","233","41","9.510729613733906","4.721030042918455","1.7167381974248928","0.8583690987124464","2.575107296137339","4","4.054393305439331","2","239","49","9.422594142259415","2.510460251046025","0.8368200836820083","0","6.694560669456067","4","3.9342105263157894","0","228","39","9.491228070175438","5.701754385964913","2.6315789473684212","2.192982456140351","0","4","3.9782608695652173","0","230","52","9.521739130434783","1.7391304347826086","0.8695652173913043","3.9130434782608696","3.9130434782608696","4","4.129464285714286","0","224","43","9.491071428571429","1.7857142857142858","2.6785714285714284","7.142857142857143","6.25","4","3.9327731092436973","0","238","62","9.361344537815127","5.042016806722689","0.42016806722689076","1.680672268907563","0.8403361344537815","4","4.07905138339921","0","253","44","9.517786561264822","3.952569169960474","1.5810276679841897","5.138339920948616","3.952569169960474","4","4.045871559633028","0","218","52","9.394495412844037","3.2110091743119265","0.9174311926605505","3.669724770642202","4.587155963302752","4","3.9269406392694064","0","219","41","9.378995433789955","0.91324200913242","0","5.47945205479452","1.82648401826484","4","4.0257510729613735","1","233","59","9.459227467811159","7.725321888412017","2.1459227467811157","0","0.8583690987124464","4","4.062222222222222","0","225","55","9.44","3.5555555555555554","0","0.8888888888888888","7.111111111111111","4","4.133928571428571","0","224","42","9.508928571428571","3.125","6.696428571428571","1.3392857142857142","5.803571428571429","4","3.863013698630137","2","219","49","9.461187214611872","2.73972602739726","0.91324200913242","0","0.91324200913242","4","3.9919354838709675","0","248","43","9.580645161290322","10.483870967741936","0.4032258064516129","0.8064516129032258","1.6129032258064515","4","4.016393442622951","0","244","52","9.565573770491802","0.819672131147541","2.459016393442623","0.819672131147541","3.6885245901639343","4","3.962025316455696","1","237","53","9.38396624472574","2.5316455696202533","0.4219409282700422","1.6877637130801688","0","4","4.0928270042194095","1","237","43","9.434599156118143","8.016877637130802","1.2658227848101267","1.6877637130801688","1.6877637130801688","4","4","0","242","51","9.586776859504132","3.71900826446281","0.8264462809917356","1.2396694214876034","4.132231404958677","4","3.9139344262295084","1","244","55","9.40983606557377","5.737704918032787","0","0.819672131147541","0.819672131147541","4","3.9393939393939394","0","231","39","9.480519480519481","3.0303030303030303","1.7316017316017316","2.5974025974025974","0.8658008658008658","4","4.068376068376068","1","234","46","9.401709401709402","1.7094017094017093","5.982905982905983","0","4.273504273504273","4","3.96137339055794","0","233","34","9.459227467811159","1.7167381974248928","3.4334763948497855","2.575107296137339","0.8583690987124464","4","4.063291139240507","2","237","50","9.333333333333334","3.3755274261603376","1.6877637130801688","4.219409282700422","2.5316455696202533","4","3.992","0","250","50","9.52","3.6","3.6","1.2","1.6","4","4.087719298245614","4","228","67","9.429824561403509","2.6315789473684212","5.2631578947368425","4.385964912280702","3.9473684210526314","4","4.082251082251083","2","231","65","9.35930735930736","5.194805194805195","0.8658008658008658","6.0606060606060606","0.8658008658008658","4","3.9607843137254903","1","255","72","9.498039215686275","0.7843137254901961","0.7843137254901961","0.7843137254901961","4.313725490196078","4","4.029045643153527","0","241","58","9.551867219917012","6.639004149377594","2.4896265560165975","2.4896265560165975","2.074688796680498","4","3.9173553719008263","0","242","47","9.338842975206612","0","0","0","4.958677685950414","4","4.071129707112971","0","239","50","9.506276150627615","4.184100418410042","1.6736401673640167","4.602510460251046","0.8368200836820083","4","4.068669527896995","0","233","57","9.381974248927039","3.4334763948497855","0.8583690987124464","6.866952789699571","0.8583690987124464"
,"5","4.016597510373444","1","241","52","9.452282157676349","4.149377593360996","2.074688796680498","0","1.6597510373443984","5","4.054794520547945","0","219","44","9.442922374429223","0.91324200913242","0","7.30593607305936","6.8493150684931505","5","4.053941908713693","0","241","50","9.493775933609959","1.6597510373443984","7.053941908713693","1.6597510373443984","3.319502074688797","5","4.091286307053942","0","241","45","9.46058091286307","2.074688796680498","3.7344398340248963","2.904564315352697","5.394190871369295","5","4.077669902912621","0","206","47","9.514563106796116","3.883495145631068","7.766990291262136","2.912621359223301","0.970873786407767","5","3.969111969111969","1","259","49","9.513513513513514","0.7722007722007722","0.7722007722007722","1.5444015444015444","2.3166023166023164","5","4.053097345132743","1","226","53","9.424778761061948","8.4070796460177","0","2.2123893805309733","3.0973451327433628","5","3.9959183673469387","0","245","51","9.395918367346939","2.857142857142857","3.2653061224489797","0.8163265306122449","0.8163265306122449","5","4.052631578947368","0","228","48","9.37719298245614","0.8771929824561403","1.3157894736842106","7.456140350877193","1.7543859649122806","5","3.9570815450643777","0","233","41","9.510729613733906","4.721030042918455","1.7167381974248928","0.8583690987124464","2.575107296137339","5","4.054393305439331","2","239","49","9.422594142259415","2.510460251046025","0.8368200836820083","0","6.694560669456067","5","3.933628318584071","1","226","39","9.398230088495575","5.752212389380531","2.6548672566371683","2.6548672566371683","0","5","3.9782608695652173","0","230","52","9.521739130434783","1.7391304347826086","0.8695652173913043","3.9130434782608696","3.9130434782608696","5","4.127272727272727","2","220","43","9.336363636363636","1.8181818181818181","2.727272727272727","7.2727272727272725","5.909090909090909","5","3.9322033898305087","1","236","62","9.271186440677965","5.084745762711864","0.423728813559322","1.694915254237288","0.847457627118644","5","4.07905138339921","0","253","44","9.517786561264822","3.952569169960474","1.5810276679841897","5.138339920948616","3.952569169960474","5","4.055299539170507","0","217","52","9.345622119815669","3.225806451612903","0.9216589861751152","3.686635944700461","5.0691244239631335","5","3.9269406392694064","0","219","41","9.378995433789955","0.91324200913242","0","5.47945205479452","1.82648401826484","5","4.0257510729613735","1","233","59","9.459227467811159","7.725321888412017","2.1459227467811157","0","0.8583690987124464","5","4.0625","0","224","55","9.410714285714286","3.5714285714285716","0","0.8928571428571429","7.142857142857143","5","4.135746606334842","1","221","42","9.366515837104073","3.167420814479638","6.787330316742081","1.3574660633484164","5.882352941176471","5","3.8623853211009176","3","218","49","9.412844036697248","2.7522935779816513","0.9174311926605505","0","0.9174311926605505","5","3.995967741935484","0","248","43","9.580645161290322","10.483870967741936","0.8064516129032258","0.8064516129032258","1.6129032258064515","5","4.016528925619835","0","242","52","9.479338842975206","0.8264462809917356","2.479338842975207","0.8264462809917356","3.71900826446281","5","3.957627118644068","1","236","53","9.338983050847459","2.542372881355932","0","1.694915254237288","0","5","4.093617021276596","1","235","43","9.34468085106383","8.085106382978724","1.2765957446808511","1.702127659574468","1.702127659574468","5","4","0","242","51","9.586776859504132","3.71900826446281","0.8264462809917356","1.2396694214876034","4.132231404958677","5","3.9139344262295084","1","244","55","9.40983606557377","5.737704918032787","0","0.819672131147541","0.819672131147541","5","3.9437229437229435","0","231","39","9.480519480519481","3.0303030303030303","1.7316017316017316","2.5974025974025974","0.8658008658008658","5","4.068376068376068","1","234","46","9.401709401709402","1.7094017094017093","5.982905982905983","0","4.273504273504273","5","3.961206896551724","0","232","34","9.413793103448276","1.7241379310344827","3.4482758620689653","2.586206896551724","0.8620689655172413","5","4.071729957805907","2","237","50","9.333333333333334","3.3755274261603376","1.6877637130801688","4.219409282700422","2.5316455696202533","5","3.9879518072289155","0","249","50","9.485943775100402","3.6144578313253013","3.21285140562249","1.2048192771084338","1.606425702811245","5","4.087719298245614","4","228","67","9.429824561403509","2.6315789473684212","5.2631578947368425","4.385964912280702","3.9473684210526314","5","4.082251082251083","2","231","65","9.35930735930736","5.194805194805195","0.8658008658008658","6.0606060606060606","0.8658008658008658","5","3.9606299212598426","1","254","72","9.456692913385826","0.7874015748031497","0.7874015748031497","0.7874015748031497","4.330708661417323","5","4.0375","0","240","58","9.525","6.666666666666667","2.5","1.6666666666666667","2.0833333333333335","5","3.9214876033057853","0","242","47","9.338842975206612","0","0","0","4.958677685950414","5","4.075313807531381","0","239","50","9.506276150627615","4.602510460251046","1.6736401673640167","4.602510460251046","0.8368200836820083","5","4.06926406926407","1","231","57","9.307359307359308","3.463203463203463","0.8658008658008658","6.926406926406926","0.8658008658008658"
,"6","4.016806722689076","1","238","52","9.336134453781513","4.201680672268908","2.100840336134454","0","1.680672268907563","6","4.050925925925926","3","216","44","9.296296296296296","0.9259259259259259","0","7.407407407407407","6.481481481481482","6","4.046025104602511","0","239","50","9.405857740585773","1.6736401673640167","6.694560669456067","1.2552301255230125","2.928870292887029","6","4.0928270042194095","0","237","45","9.29957805907173","2.109704641350211","3.7974683544303796","2.5316455696202533","5.485232067510548","6","4.077669902912621","0","206","47","9.514563106796116","3.883495145631068","7.766990291262136","2.912621359223301","0.970873786407767","6","3.96875","1","256","49","9.4140625","0.78125","0.78125","1.5625","2.34375","6","4.053333333333334","1","225","53","9.386666666666667","8.444444444444445","0","2.2222222222222223","3.111111111111111","6","3.9959183673469387","0","245","51","9.395918367346939","2.857142857142857","3.2653061224489797","0.8163265306122449","0.8163265306122449","6","4.052631578947368","0","228","48","9.37719298245614","0.8771929824561403","1.3157894736842106","7.456140350877193","1.7543859649122806","6","3.9519650655021836","1","229","41","9.327510917030567","4.8034934497816595","1.7467248908296944","0.8733624454148472","2.6200873362445414","6","4.0548523206751055","3","237","49","9.341772151898734","2.5316455696202533","0.8438818565400844","0","6.751054852320675","6","3.9292035398230087","1","226","39","9.398230088495575","5.752212389380531","2.6548672566371683","1.7699115044247788","0","6","3.9780701754385963","0","228","52","9.429824561403509","1.7543859649122806","0.8771929824561403","3.9473684210526314","3.9473684210526314","6","4.127853881278539","2","219","43","9.287671232876713","1.82648401826484","2.73972602739726","7.30593607305936","5.936073059360731","6","3.927659574468085","2","235","62","9.225531914893617","5.1063829787234045","0","1.702127659574468","0.851063829787234","6","4.07905138339921","0","253","44","9.517786561264822","3.952569169960474","1.5810276679841897","5.138339920948616","3.952569169960474","6","4.050925925925926","0","216","52","9.296296296296296","3.240740740740741","0.9259259259259259","3.7037037037037037","4.62962962962963","6","3.926605504587156","0","218","41","9.330275229357799","0.9174311926605505","0","5.504587155963303","1.834862385321101","6","4.0257510729613735","1","233","59","9.459227467811159","7.725321888412017","2.1459227467811157","0","0.8583690987124464","6","4.0625","0","224","55","9.410714285714286","3.5714285714285716","0","0.8928571428571429","7.142857142857143","6","4.136986301369863","1","219","42","9.296803652968036","3.1963470319634704","6.8493150684931505","1.36986301369863","5.936073059360731","6","3.8617511520737327","3","217","49","9.373271889400922","2.7649769585253456","0.9216589861751152","0","0.9216589861751152","6","3.9878542510121457","0","247","43","9.538461538461538","10.526315789473685","0","0.8097165991902834","1.6194331983805668","6","4.016666666666667","0","240","52","9.391666666666667","0.8333333333333334","2.5","0.8333333333333334","3.75","6","3.957627118644068","1","236","53","9.338983050847459","2.542372881355932","0","1.694915254237288","0","6","4.094420600858369","1","233","43","9.28755364806867","8.15450643776824","1.2875536480686696","1.7167381974248928","1.7167381974248928","6","4","1","241","51","9.568464730290456","3.7344398340248963","0.8298755186721992","1.2448132780082988","4.149377593360996","6","3.9132231404958677","2","242","55","9.330578512396695","5.785123966942149","0","0.8264462809917356","0.8264462809917356","6","3.93859649122807","0","228","39","9.43859649122807","3.0701754385964914","1.7543859649122806","2.6315789473684212","0.8771929824561403","6","4.068376068376068","1","234","46","9.401709401709402","1.7094017094017093","5.982905982905983","0","4.273504273504273","6","3.961206896551724","0","232","34","9.413793103448276","1.7241379310344827","3.4482758620689653","2.586206896551724","0.8620689655172413","6","4.072033898305085","2","236","50","9.313559322033898","3.389830508474576","1.694915254237288","4.237288135593221","2.542372881355932","6","3.9838709677419355","0","248","50","9.443548387096774","3.629032258064516","2.8225806451612905","1.2096774193548387","1.6129032258064515","6","4.0881057268722465","5","227","67","9.383259911894273","2.643171806167401","5.286343612334802","4.405286343612334","3.9647577092511015","6","4.083333333333333","3","228","65","9.25438596491228","5.2631578947368425","0.8771929824561403","6.140350877192983","0.8771929824561403","6","3.960474308300395","1","253","72","9.430830039525691","0.7905138339920948","0.7905138339920948","0.7905138339920948","4.3478260869565215","6","4.03347280334728","0","239","58","9.481171548117155","6.694560669456067","2.510460251046025","1.6736401673640167","2.092050209205021","6","3.921161825726141","0","241","47","9.294605809128631","0","0","0","4.979253112033195","6","4.071428571428571","0","238","50","9.46218487394958","4.201680672268908","1.680672268907563","4.621848739495798","0.8403361344537815","6","4.069565217391304","1","230","57","9.26086956521739","3.4782608695652173","0.8695652173913043","6.956521739130435","0.8695652173913043"
,"7","4.016806722689076","1","238","78","9.554621848739496","4.201680672268908","2.100840336134454","0","1.680672268907563","7","4.055555555555555","3","216","76","9.592592592592593","0.9259259259259259","0","7.407407407407407","6.944444444444445","7","4.046413502109704","1","237","70","9.50210970464135","1.6877637130801688","6.329113924050633","0.8438818565400844","3.3755274261603376","7","4.088983050847458","0","236","66","9.466101694915254","2.1186440677966103","3.8135593220338984","2.542372881355932","5.508474576271187","7","4.087804878048781","0","205","60","9.590243902439024","3.902439024390244","8.78048780487805","2.926829268292683","0.975609756097561","7","3.96875","1","256","74","9.609375","0.78125","0.78125","1.5625","2.34375","7","4.0488888888888885","1","225","73","9.564444444444444","8","0","2.2222222222222223","3.111111111111111","7","3.9959183673469387","0","245","69","9.542857142857143","2.857142857142857","3.2653061224489797","0.8163265306122449","0.8163265306122449","7","4.052631578947368","0","228","63","9.508771929824562","0.8771929824561403","1.3157894736842106","7.456140350877193","1.7543859649122806","7","3.9563318777292578","1","229","62","9.510917030567686","4.8034934497816595","1.7467248908296944","0.8733624454148472","2.6200873362445414","7","4.05531914893617","4","235","77","9.48936170212766","2.5531914893617023","0.851063829787234","0","6.808510638297872","7","3.924107142857143","1","224","60","9.491071428571429","5.803571428571429","2.6785714285714284","1.7857142857142858","0","7","3.9780701754385963","0","228","65","9.543859649122806","1.7543859649122806","0.8771929824561403","3.9473684210526314","3.9473684210526314","7","4.129032258064516","3","217","68","9.428571428571429","1.8433179723502304","2.7649769585253456","7.373271889400922","5.990783410138249","7","3.923076923076923","2","234","81","9.341880341880342","4.700854700854701","0","1.7094017094017093","0.8547008547008547","7","4.079365079365079","0","252","61","9.61111111111111","3.9682539682539684","1.5873015873015872","5.158730158730159","3.9682539682539684","7","4.050925925925926","0","216","79","9.546296296296296","3.240740740740741","0.9259259259259259","3.7037037037037037","4.62962962962963","7","3.926605504587156","0","218","56","9.46788990825688","0.9174311926605505","0","5.504587155963303","1.834862385321101","7","4.03056768558952","3","229","80","9.458515283842795","7.860262008733624","2.183406113537118","0","0.8733624454148472","7","4.062780269058296","1","223","75","9.542600896860986","3.587443946188341","0","0.8968609865470852","7.174887892376682","7","4.136986301369863","1","219","64","9.497716894977168","3.1963470319634704","6.8493150684931505","1.36986301369863","5.936073059360731","7","3.8617511520737327","3","217","70","9.566820276497696","2.7649769585253456","0.9216589861751152","0","0.9216589861751152","7","3.9918367346938775","0","245","58","9.575510204081633","10.612244897959183","0","0.8163265306122449","1.6326530612244898","7","4.01673640167364","0","239","72","9.514644351464435","0.8368200836820083","2.510460251046025","0.8368200836820083","3.7656903765690375","7","3.957627118644068","1","236","76","9.533898305084746","2.542372881355932","0","1.694915254237288","0","7","4.094827586206897","1","232","70","9.474137931034482","8.189655172413794","1.293103448275862","1.7241379310344827","1.7241379310344827","7","4","1","239","66","9.640167364016737","3.7656903765690375","0.8368200836820083","1.2552301255230125","4.184100418410042","7","3.9132231404958677","2","242","77","9.512396694214877","5.785123966942149","0","0.8264462809917356","0.8264462809917356","7","3.942982456140351","0","228","60","9.62280701754386","3.0701754385964914","1.7543859649122806","2.6315789473684212","0.8771929824561403","7","4.068376068376068","1","234","69","9.598290598290598","1.7094017094017093","5.982905982905983","0","4.273504273504273","7","3.9608695652173913","1","230","49","9.452173913043477","1.7391304347826086","3.4782608695652173","2.608695652173913","0.8695652173913043","7","4.072033898305085","2","236","75","9.525423728813559","3.389830508474576","1.694915254237288","4.237288135593221","2.542372881355932","7","3.983805668016194","1","247","66","9.530364372469636","3.6437246963562755","2.834008097165992","1.214574898785425","1.6194331983805668","7","4.088495575221239","6","226","80","9.451327433628318","2.6548672566371683","5.3097345132743365","3.982300884955752","3.982300884955752","7","4.088495575221239","3","226","96","9.442477876106194","5.3097345132743365","0.8849557522123894","6.1946902654867255","0.8849557522123894","7","3.956175298804781","1","251","92","9.53784860557769","0.796812749003984","0.398406374501992","0.796812749003984","3.9840637450199203","7","4.0423728813559325","0","236","76","9.5","6.779661016949152","2.542372881355932","1.694915254237288","2.1186440677966103","7","3.921161825726141","0","241","72","9.50207468879668","0","0","0","4.979253112033195","7","4.075949367088608","0","237","64","9.535864978902953","4.641350210970464","1.6877637130801688","4.641350210970464","0.8438818565400844","7","4.069565217391304","1","230","82","9.478260869565217","3.4782608695652173","0.8695652173913043","6.956521739130435","0.8695652173913043"
,"8","4.016806722689076","1","238","78","9.554621848739496","4.201680672268908","2.100840336134454","0","1.680672268907563","8","4.051162790697674","3","215","76","9.544186046511628","0.46511627906976744","0","7.906976744186046","6.046511627906977","8","4.046610169491525","1","236","70","9.474576271186441","1.694915254237288","6.3559322033898304","0.847457627118644","3.389830508474576","8","4.089361702127659","0","235","66","9.429787234042553","2.127659574468085","3.8297872340425534","2.127659574468085","5.1063829787234045","8","4.082926829268293","0","205","60","9.590243902439024","3.902439024390244","8.292682926829269","2.926829268292683","0.975609756097561","8","3.968503937007874","2","254","74","9.535433070866143","0.7874015748031497","0.7874015748031497","1.5748031496062993","2.3622047244094486","8","4.0488888888888885","1","225","73","9.564444444444444","8","0","2.2222222222222223","3.111111111111111","8","4.004098360655738","0","244","69","9.5","2.8688524590163933","3.278688524590164","1.2295081967213115","0.819672131147541","8","4.052863436123348","0","227","63","9.462555066079295","0.8810572687224669","1.3215859030837005","7.488986784140969","1.7621145374449338","8","3.9559471365638768","3","227","62","9.427312775330396","4.845814977973569","1.7621145374449338","0.8810572687224669","3.0837004405286343","8","4.051502145922747","4","233","77","9.407725321888412","2.1459227467811157","0.8583690987124464","0","6.437768240343348","8","3.9285714285714284","1","224","60","9.491071428571429","5.803571428571429","2.6785714285714284","1.7857142857142858","0","8","3.9779735682819384","0","227","65","9.533039647577093","1.7621145374449338","0.8810572687224669","3.9647577092511015","3.9647577092511015","8","4.129032258064516","3","217","68","9.428571428571429","1.8433179723502304","2.7649769585253456","7.373271889400922","5.990783410138249","8","3.923076923076923","2","234","81","9.341880341880342","4.700854700854701","0","1.7094017094017093","0.8547008547008547","8","4.079681274900398","0","251","61","9.569721115537849","3.9840637450199203","1.593625498007968","5.179282868525896","3.9840637450199203","8","4.055813953488372","1","215","79","9.497674418604651","3.255813953488372","0.9302325581395349","3.7209302325581395","5.116279069767442","8","3.926605504587156","0","218","56","9.46788990825688","0.9174311926605505","0","5.504587155963303","1.834862385321101","8","4.034934497816594","3","229","80","9.458515283842795","7.860262008733624","2.183406113537118","0","0.8733624454148472","8","4.063063063063063","1","222","75","9.495495495495495","3.6036036036036037","0","0.9009009009009009","7.207207207207207","8","4.137614678899083","1","218","64","9.46788990825688","3.2110091743119265","6.8807339449541285","1.3761467889908257","5.963302752293578","8","3.8617511520737327","3","217","70","9.566820276497696","2.7649769585253456","0.9216589861751152","0","0.9216589861751152","8","3.9918367346938775","0","245","58","9.575510204081633","10.612244897959183","0","0.8163265306122449","1.6326530612244898","8","4.01673640167364","0","239","72","9.514644351464435","0.8368200836820083","2.510460251046025","0.8368200836820083","3.7656903765690375","8","3.9574468085106385","1","235","76","9.48936170212766","2.5531914893617023","0","1.702127659574468","0","8","4.094827586206897","1","232","70","9.474137931034482","8.189655172413794","1.293103448275862","1.7241379310344827","1.7241379310344827","8","4","1","238","66","9.630252100840336","3.7815126050420167","0.8403361344537815","1.2605042016806722","4.201680672268908","8","3.9208333333333334","3","240","77","9.425","5.833333333333333","0","0.8333333333333334","0.8333333333333334","8","3.938053097345133","1","226","60","9.557522123893806","3.0973451327433628","1.7699115044247788","2.6548672566371683","0.8849557522123894","8","4.068376068376068","1","234","69","9.598290598290598","1.7094017094017093","5.982905982905983","0","4.273504273504273","8","3.960698689956332","1","229","49","9.406113537117903","1.7467248908296944","3.493449781659389","2.6200873362445414","0.8733624454148472","8","4.072961373390558","3","233","75","9.42489270386266","3.4334763948497855","1.7167381974248928","4.291845493562231","2.575107296137339","8","3.983673469387755","1","245","66","9.453061224489796","3.673469387755102","2.857142857142857","1.2244897959183674","1.6326530612244898","8","4.088495575221239","6","226","80","9.451327433628318","2.6548672566371683","5.3097345132743365","3.5398230088495577","3.982300884955752","8","4.0941704035874436","4","223","96","9.309417040358744","5.381165919282512","0.8968609865470852","6.278026905829597","0.8968609865470852","8","3.952","1","250","92","9.496","0.8","0","0.8","3.6","8","4.042735042735043","0","234","76","9.41025641025641","6.837606837606837","2.5641025641025643","1.7094017094017093","2.1367521367521367","8","3.9208333333333334","1","240","72","9.458333333333334","0","0","0","5","8","4.071729957805907","0","237","64","9.535864978902953","4.219409282700422","1.6877637130801688","4.641350210970464","0.8438818565400844","8","4.0701754385964914","1","228","82","9.394736842105264","3.508771929824561","0.8771929824561403","7.017543859649122","0.8771929824561403"
,"9","4.016806722689076","1","238","78","9.554621848739496","4.201680672268908","2.100840336134454","0","1.680672268907563","9","4.046511627906977","3","215","76","9.544186046511628","0","0","7.906976744186046","5.5813953488372094","9","4.0423728813559325","1","236","70","9.474576271186441","1.694915254237288","6.3559322033898304","0.847457627118644","2.9661016949152543","9","4.085106382978723","0","235","66","9.429787234042553","2.127659574468085","3.8297872340425534","1.702127659574468","5.1063829787234045","9","4.092682926829268","0","205","60","9.590243902439024","3.902439024390244","9.268292682926829","2.926829268292683","0.975609756097561","9","3.964426877470356","3","253","74","9.494071146245059","0.7905138339920948","0.7905138339920948","1.5810276679841897","1.976284584980237","9","4.04954954954955","2","222","73","9.423423423423424","8.108108108108109","0","2.2522522522522523","3.1531531531531534","9","4.004098360655738","0","244","69","9.5","2.8688524590163933","3.278688524590164","0.819672131147541","0.819672131147541","9","4.052863436123348","0","227","63","9.462555066079295","0.8810572687224669","1.3215859030837005","7.488986784140969","1.7621145374449338","9","3.9559471365638768","3","227","62","9.427312775330396","4.845814977973569","1.7621145374449338","0.8810572687224669","2.643171806167401","9","4.0476190476190474","4","231","77","9.333333333333334","1.7316017316017316","0.8658008658008658","0","6.0606060606060606","9","3.9324324324324325","3","222","60","9.414414414414415","5.8558558558558556","2.7027027027027026","1.8018018018018018","0","9","3.9779735682819384","0","227","65","9.533039647577093","1.7621145374449338","0.8810572687224669","3.9647577092511015","3.9647577092511015","9","4.129032258064516","3","217","68","9.428571428571429","1.8433179723502304","2.7649769585253456","7.373271889400922","5.990783410138249","9","3.92274678111588","2","233","81","9.296137339055795","4.721030042918455","0","1.7167381974248928","0.8583690987124464","9","4.08","0","250","61","9.528","4","1.6","5.2","4","9","4.0514018691588785","1","214","79","9.457943925233645","3.2710280373831777","0.9345794392523364","3.7383177570093458","4.672897196261682","9","3.926605504587156","0","218","56","9.46788990825688","0.9174311926605505","0","5.504587155963303","1.834862385321101","9","4.035242290748899","4","227","80","9.365638766519824","7.929515418502203","2.202643171806167","0","0.8810572687224669","9","4.063063063063063","1","222","75","9.495495495495495","3.6036036036036037","0","0.9009009009009009","7.207207207207207","9","4.138248847926267","1","217","64","9.419354838709678","3.225806451612903","6.912442396313364","1.3824884792626728","5.990783410138249","9","3.861111111111111","3","216","70","9.518518518518519","2.7777777777777777","0.9259259259259259","0","0.9259259259259259","9","3.9918032786885247","0","244","58","9.532786885245901","10.655737704918034","0","0.819672131147541","1.639344262295082","9","4.016806722689076","0","238","72","9.487394957983193","0.8403361344537815","2.5210084033613445","0.8403361344537815","3.7815126050420167","9","3.9572649572649574","1","234","76","9.444444444444445","2.5641025641025643","0","1.7094017094017093","0","9","4.095652173913043","1","230","70","9.382608695652173","8.26086956521739","1.3043478260869565","1.7391304347826086","1.7391304347826086","9","4","1","238","66","9.630252100840336","3.7815126050420167","0.8403361344537815","1.2605042016806722","4.201680672268908","9","3.932489451476793","4","237","77","9.316455696202532","5.9071729957805905","0","0.8438818565400844","0.8438818565400844","9","3.942222222222222","2","225","60","9.511111111111111","3.111111111111111","1.7777777777777777","2.6666666666666665","0.8888888888888888","9","4.068669527896995","1","233","69","9.553648068669528","1.7167381974248928","6.008583690987124","0","4.291845493562231","9","3.960698689956332","1","229","49","9.406113537117903","1.7467248908296944","3.493449781659389","2.6200873362445414","0.8733624454148472","9","4.072961373390558","3","233","75","9.42489270386266","3.4334763948497855","1.7167381974248928","4.291845493562231","2.575107296137339","9","3.983673469387755","1","245","66","9.453061224489796","3.673469387755102","2.857142857142857","1.2244897959183674","1.6326530612244898","9","4.088495575221239","6","226","80","9.451327433628318","2.6548672566371683","5.3097345132743365","3.5398230088495577","3.982300884955752","9","4.094594594594595","4","222","96","9.27027027027027","5.405405405405405","0.9009009009009009","6.306306306306307","0.9009009009009009","9","3.952","1","250","92","9.496","0.8","0","0.8","3.6","9","4.038793103448276","1","232","76","9.35344827586207","6.4655172413793105","2.1551724137931036","1.7241379310344827","2.1551724137931036","9","3.9201680672268906","2","238","72","9.369747899159664","0","0","0","5.042016806722689","9","4.075949367088608","0","237","64","9.535864978902953","4.641350210970464","1.6877637130801688","4.641350210970464","0.8438818565400844","9","4.0701754385964914","1","228","82","9.394736842105264","3.508771929824561","0.8771929824561403","7.017543859649122","0.8771929824561403"
,"10","4.0168776371308015","1","237","87","9.594936708860759","4.219409282700422","2.109704641350211","0","1.6877637130801688","10","4.042253521126761","4","213","86","9.539906103286384","0","0","7.511737089201878","5.633802816901408","10","4.0423728813559325","1","236","85","9.601694915254237","1.694915254237288","6.3559322033898304","0.847457627118644","2.9661016949152543","10","4.089361702127659","0","235","85","9.591489361702127","2.127659574468085","3.8297872340425534","1.702127659574468","5.531914893617022","10","4.0931372549019605","0","204","70","9.637254901960784","4.411764705882353","8.823529411764707","2.9411764705882355","0.9803921568627451","10","3.960474308300395","3","253","98","9.683794466403162","0.7905138339920948","0.7905138339920948","1.5810276679841897","1.5810276679841897","10","4.04954954954955","2","222","97","9.63963963963964","8.108108108108109","0","2.2522522522522523","3.1531531531531534","10","4.004115226337449","0","243","86","9.59670781893004","2.880658436213992","3.292181069958848","0.823045267489712","0.823045267489712","10","4.053333333333334","0","225","77","9.502222222222223","0.8888888888888888","1.3333333333333333","7.555555555555555","1.7777777777777777","10","3.951541850220264","3","227","80","9.58590308370044","4.845814977973569","1.7621145374449338","0.8810572687224669","2.643171806167401","10","4.0476190476190474","4","231","101","9.541125541125542","1.7316017316017316","0.8658008658008658","0","6.0606060606060606","10","3.932126696832579","3","221","79","9.538461538461538","5.882352941176471","2.7149321266968327","1.8099547511312217","0","10","3.9820627802690582","2","223","76","9.47085201793722","1.7937219730941705","0.8968609865470852","4.0358744394618835","4.0358744394618835","10","4.130232558139535","3","215","80","9.44186046511628","1.8604651162790697","2.7906976744186047","7.441860465116279","6.046511627906977","10","3.9267241379310347","3","232","100","9.413793103448276","4.741379310344827","0","1.7241379310344827","0.8620689655172413","10","4.08","0","250","79","9.672","4","1.6","5.2","4","10","4.056603773584905","3","212","94","9.528301886792454","3.30188679245283","0.9433962264150944","3.7735849056603774","4.716981132075472","10","3.926605504587156","0","218","68","9.577981651376147","0.9174311926605505","0","5.504587155963303","1.834862385321101","10","4.03125","5","224","114","9.535714285714286","7.589285714285714","2.232142857142857","0","0.8928571428571429","10","4.063063063063063","1","222","94","9.666666666666666","3.6036036036036037","0","0.9009009009009009","7.207207207207207","10","4.138888888888889","1","216","83","9.546296296296296","3.240740740740741","6.944444444444445","1.3888888888888888","6.018518518518518","10","3.86046511627907","3","215","81","9.581395348837209","2.7906976744186047","0.9302325581395349","0","0.9302325581395349","10","3.9918032786885247","0","244","78","9.69672131147541","10.655737704918034","0","0.819672131147541","1.639344262295082","10","4.016806722689076","0","238","87","9.61344537815126","0.8403361344537815","2.5210084033613445","0.8403361344537815","3.7815126050420167","10","3.9570815450643777","2","233","101","9.6137339055794","2.575107296137339","0","1.7167381974248928","0","10","4.0964912280701755","1","228","90","9.464912280701755","8.333333333333334","1.3157894736842106","1.7543859649122806","1.7543859649122806","10","4","3","236","71","9.584745762711865","3.8135593220338984","0.847457627118644","1.271186440677966","4.237288135593221","10","3.932489451476793","4","237","105","9.552742616033756","5.9071729957805905","0","0.8438818565400844","0.8438818565400844","10","3.937777777777778","2","225","81","9.697777777777778","3.111111111111111","1.7777777777777777","2.6666666666666665","0.8888888888888888","10","4.068669527896995","1","233","82","9.665236051502147","1.7167381974248928","6.008583690987124","0","4.291845493562231","10","3.960698689956332","1","229","72","9.606986899563319","1.7467248908296944","3.493449781659389","2.6200873362445414","0.8733624454148472","10","4.073275862068965","3","232","94","9.543103448275861","3.4482758620689653","1.7241379310344827","4.310344827586207","2.586206896551724","10","3.9836065573770494","1","244","82","9.540983606557377","3.6885245901639343","2.8688524590163933","1.2295081967213115","1.639344262295082","10","4.088888888888889","7","225","90","9.493333333333334","2.6666666666666665","5.333333333333333","3.5555555555555554","4","10","4.094594594594595","4","222","119","9.477477477477477","5.405405405405405","0.9009009009009009","6.306306306306307","0.9009009009009009","10","3.952","1","250","104","9.592","0.8","0","0.8","3.6","10","4.034934497816594","1","229","103","9.449781659388647","5.676855895196507","1.7467248908296944","1.7467248908296944","2.183406113537118","10","3.9201680672268906","2","238","94","9.554621848739496","0","0","0","5.042016806722689","10","4.072033898305085","0","236","79","9.61864406779661","4.237288135593221","1.694915254237288","4.661016949152542","0.847457627118644","10","4.0701754385964914","1","228","106","9.605263157894736","3.508771929824561","0.8771929824561403","7.017543859649122","0.8771929824561403"
,"11","4.016949152542373","2","236","87","9.567796610169491","4.237288135593221","2.1186440677966103","0","1.694915254237288","11","4.032863849765258","4","213","86","9.539906103286384","0","0","7.511737089201878","4.694835680751174","11","4.042553191489362","1","235","85","9.557446808510639","1.702127659574468","6.382978723404255","0.851063829787234","2.978723404255319","11","4.090128755364807","1","233","85","9.50214592274678","2.1459227467811157","3.8626609442060085","1.7167381974248928","5.579399141630901","11","4.088235294117647","0","204","70","9.637254901960784","3.9215686274509802","8.823529411764707","2.9411764705882355","0.9803921568627451","11","3.960474308300395","3","253","98","9.683794466403162","0.7905138339920948","0.7905138339920948","1.5810276679841897","1.5810276679841897","11","4.054054054054054","2","222","97","9.63963963963964","8.558558558558559","0","2.2522522522522523","3.1531531531531534","11","4.004115226337449","0","243","86","9.59670781893004","2.880658436213992","3.292181069958848","0.823045267489712","0.823045267489712","11","4.053333333333334","0","225","77","9.502222222222223","0.8888888888888888","1.3333333333333333","7.555555555555555","1.7777777777777777","11","3.9559471365638768","3","227","80","9.58590308370044","4.845814977973569","1.7621145374449338","0.8810572687224669","2.643171806167401","11","4.047826086956522","4","230","101","9.495652173913044","1.7391304347826086","0.8695652173913043","0","6.086956521739131","11","3.932126696832579","3","221","79","9.538461538461538","5.882352941176471","2.7149321266968327","1.8099547511312217","0","11","3.9864864864864864","2","222","76","9.423423423423424","1.8018018018018018","0.9009009009009009","4.054054054054054","4.054054054054054","11","4.130841121495327","3","214","80","9.392523364485982","1.8691588785046729","2.803738317757009","7.4766355140186915","6.074766355140187","11","3.9304347826086956","3","230","100","9.330434782608696","4.782608695652174","0","1.7391304347826086","0.8695652173913043","11","4.080645161290323","0","248","79","9.596774193548388","4.032258064516129","1.6129032258064515","5.241935483870968","4.032258064516129","11","4.061320754716981","3","212","94","9.528301886792454","3.30188679245283","0.9433962264150944","3.7735849056603774","4.716981132075472","11","3.9262672811059907","0","217","68","9.52995391705069","0.9216589861751152","0","5.529953917050691","1.8433179723502304","11","4.026785714285714","5","224","114","9.535714285714286","7.142857142857143","2.232142857142857","0","0.8928571428571429","11","4.0636363636363635","1","220","94","9.572727272727272","3.6363636363636362","0","0.9090909090909091","7.2727272727272725","11","4.1395348837209305","1","215","83","9.497674418604651","3.255813953488372","6.976744186046512","1.3953488372093024","6.046511627906977","11","3.859154929577465","4","213","81","9.492957746478874","2.816901408450704","0.9389671361502347","0","0.9389671361502347","11","3.9918032786885247","0","244","78","9.69672131147541","10.655737704918034","0","0.819672131147541","1.639344262295082","11","4.017021276595744","0","235","87","9.480851063829787","0.851063829787234","2.5531914893617023","0.851063829787234","3.8297872340425534","11","3.961038961038961","2","231","101","9.523809523809524","2.5974025974025974","0","1.7316017316017316","0","11","4.096916299559472","1","227","90","9.418502202643172","8.370044052863436","1.3215859030837005","1.7621145374449338","1.7621145374449338","11","4","3","236","71","9.584745762711865","3.8135593220338984","0.847457627118644","1.271186440677966","4.237288135593221","11","3.932489451476793","4","237","105","9.552742616033756","5.9071729957805905","0","0.8438818565400844","0.8438818565400844","11","3.945945945945946","3","222","81","9.603603603603604","3.1531531531531534","1.8018018018018018","2.7027027027027026","0.9009009009009009","11","4.068965517241379","1","232","82","9.620689655172415","1.7241379310344827","6.0344827586206895","0","4.310344827586207","11","3.960526315789474","2","228","72","9.578947368421053","1.7543859649122806","3.508771929824561","2.6315789473684212","0.8771929824561403","11","4.073593073593074","4","231","94","9.497835497835498","3.463203463203463","1.7316017316017316","4.329004329004329","2.5974025974025974","11","3.9834710743801653","1","242","82","9.454545454545455","3.71900826446281","2.8925619834710745","1.2396694214876034","1.6528925619834711","11","4.088888888888889","7","225","90","9.493333333333334","2.6666666666666665","5.333333333333333","3.5555555555555554","4","11","4.094594594594595","4","222","119","9.477477477477477","5.405405405405405","0.9009009009009009","6.306306306306307","0.9009009009009009","11","3.9518072289156625","2","249","104","9.550200803212851","0.8032128514056225","0","0.8032128514056225","3.6144578313253013","11","4.034934497816594","1","229","103","9.449781659388647","5.240174672489083","1.7467248908296944","1.7467248908296944","2.183406113537118","11","3.919831223628692","2","237","94","9.51054852320675","0","0","0","5.063291139240507","11","4.076271186440678","0","236","79","9.61864406779661","4.661016949152542","1.694915254237288","4.661016949152542","0.847457627118644","11","4.0701754385964914","1","228","106","9.605263157894736","3.508771929824561","0.8771929824561403","7.017543859649122","0.8771929824561403"
,"12","4.017021276595744","2","235","87","9.523404255319148","4.25531914893617","2.127659574468085","0","1.702127659574468","12","4.042654028436019","5","211","86","9.440758293838863","0","0","7.5829383886255926","4.739336492890995","12","4.042553191489362","1","235","85","9.557446808510639","1.702127659574468","6.382978723404255","0.851063829787234","2.978723404255319","12","4.090128755364807","1","233","85","9.50214592274678","2.1459227467811157","3.8626609442060085","1.7167381974248928","5.579399141630901","12","4.098522167487685","0","203","70","9.596059113300493","3.9408866995073892","9.852216748768473","2.955665024630542","0.9852216748768473","12","3.96","3","250","98","9.56","0.8","0.8","1.2","1.6","12","4.04954954954955","2","222","97","9.63963963963964","8.108108108108109","0","2.2522522522522523","3.1531531531531534","12","4.008264462809917","0","242","86","9.553719008264462","2.8925619834710745","3.3057851239669422","1.2396694214876034","0.8264462809917356","12","4.049773755656108","2","221","77","9.34841628959276","0.9049773755656109","1.3574660633484164","7.239819004524887","1.8099547511312217","12","3.9513274336283186","3","226","80","9.539823008849558","4.867256637168142","1.7699115044247788","0.8849557522123894","2.6548672566371683","12","4.047826086956522","4","230","101","9.495652173913044","1.7391304347826086","0.8695652173913043","0","6.086956521739131","12","3.936651583710407","3","221","79","9.538461538461538","6.334841628959276","2.7149321266968327","1.8099547511312217","0","12","3.9864864864864864","2","222","76","9.423423423423424","1.8018018018018018","0.9009009009009009","4.054054054054054","4.054054054054054","12","4.130841121495327","3","214","80","9.392523364485982","1.8691588785046729","2.803738317757009","7.4766355140186915","6.074766355140187","12","3.9304347826086956","3","230","100","9.330434782608696","4.782608695652174","0","1.7391304347826086","0.8695652173913043","12","4.080645161290323","0","248","79","9.596774193548388","4.032258064516129","1.6129032258064515","5.241935483870968","4.032258064516129","12","4.0663507109004735","3","211","94","9.47867298578199","3.3175355450236967","0.9478672985781991","3.7914691943127963","4.739336492890995","12","3.925925925925926","0","216","68","9.481481481481481","0.9259259259259259","0","5.555555555555555","1.8518518518518519","12","4.026905829596412","6","223","114","9.488789237668161","7.174887892376682","2.242152466367713","0","0.8968609865470852","12","4.064220183486238","1","218","94","9.495412844036696","3.669724770642202","0","0.9174311926605505","7.339449541284404","12","4.135514018691588","2","214","83","9.448598130841122","3.2710280373831777","7.009345794392523","1.4018691588785046","5.607476635514018","12","3.859154929577465","4","213","81","9.492957746478874","2.816901408450704","0.9389671361502347","0","0.9389671361502347","12","3.9958677685950414","0","242","78","9.611570247933884","10.743801652892563","0","0.8264462809917356","1.6528925619834711","12","4.017094017094017","0","234","87","9.444444444444445","0.8547008547008547","2.5641025641025643","0.8547008547008547","3.8461538461538463","12","3.965367965367965","2","231","101","9.523809523809524","2.5974025974025974","0","1.7316017316017316","0","12","4.096916299559472","1","227","90","9.418502202643172","8.370044052863436","1.3215859030837005","1.7621145374449338","1.7621145374449338","12","4","3","236","71","9.584745762711865","3.8135593220338984","0.847457627118644","1.271186440677966","4.237288135593221","12","3.9322033898305087","4","236","105","9.508474576271187","5.932203389830509","0","0.847457627118644","0.847457627118644","12","3.9406392694063928","3","219","81","9.461187214611872","3.1963470319634704","1.82648401826484","2.73972602739726","0.91324200913242","12","4.068965517241379","1","232","82","9.620689655172415","1.7241379310344827","6.0344827586206895","0","4.310344827586207","12","3.960352422907489","2","227","72","9.533039647577093","1.7621145374449338","3.5242290748898677","2.643171806167401","0.8810572687224669","12","4.073913043478261","4","230","94","9.452173913043477","3.4782608695652173","1.7391304347826086","4.3478260869565215","2.608695652173913","12","3.991701244813278","1","241","82","9.41908713692946","3.319502074688797","2.904564315352697","1.2448132780082988","1.6597510373443984","12","4.088888888888889","7","225","90","9.493333333333334","2.6666666666666665","5.333333333333333","3.5555555555555554","4","12","4.095022624434389","4","221","119","9.447963800904978","5.429864253393665","0.9049773755656109","6.334841628959276","0.9049773755656109","12","3.9516129032258065","2","248","104","9.524193548387096","0.8064516129032258","0","0.8064516129032258","3.629032258064516","12","4.034934497816594","1","229","103","9.449781659388647","5.240174672489083","1.7467248908296944","1.7467248908296944","2.183406113537118","12","3.919491525423729","2","236","94","9.466101694915254","0","0","0","5.084745762711864","12","4.068085106382979","0","235","79","9.582978723404254","3.8297872340425534","1.702127659574468","4.680851063829787","0.851063829787234","12","4.066666666666666","1","225","106","9.466666666666667","3.5555555555555554","0.8888888888888888","6.666666666666667","0.8888888888888888"
,"13","3.7019607843137257","2","255","105","9.24705882352941","3.9215686274509802","5.098039215686274","2.7450980392156863","1.9607843137254901","13","3.7423580786026203","5","229","112","9.388646288209607","3.930131004366812","4.366812227074236","10.480349344978166","6.11353711790393","13","3.7401574803149606","1","254","102","9.440944881889763","2.3622047244094486","7.874015748031496","2.7559055118110236","5.905511811023622","13","3.692607003891051","1","257","102","9.17509727626459","5.836575875486381","7.392996108949417","5.447470817120623","8.560311284046692","13","3.772727272727273","0","220","83","9.345454545454546","6.818181818181818","10.454545454545455","5","3.1818181818181817","13","3.75","3","264","114","9.454545454545455","1.893939393939394","2.6515151515151514","2.272727272727273","3.0303030303030303","13","3.7148760330578514","2","242","104","9.214876033057852","11.570247933884298","4.132231404958677","3.71900826446281","5.371900826446281","13","3.6704545454545454","0","264","94","9.25","5.681818181818182","6.818181818181818","4.924242424242424","3.409090909090909","13","3.7711864406779663","3","236","107","9.338983050847459","2.542372881355932","2.9661016949152543","8.474576271186441","4.237288135593221","13","3.545816733067729","3","251","93","9.266932270916335","7.569721115537849","5.577689243027889","3.585657370517928","5.577689243027889","13","3.906779661016949","4","236","119","9.567796610169491","3.8135593220338984","2.1186440677966103","1.271186440677966","6.779661016949152","13","3.7850877192982457","3","228","88","9.482456140350877","7.456140350877193","3.0701754385964914","2.6315789473684212","0.8771929824561403","13","3.8646288209606987","2","229","92","9.554585152838428","2.6200873362445414","1.7467248908296944","4.366812227074236","3.930131004366812","13","3.9641255605381165","3","223","98","9.47085201793722","3.587443946188341","5.829596412556054","8.52017937219731","7.174887892376682","13","3.6747967479674797","3","246","120","9.40650406504065","6.9105691056910565","2.4390243902439024","4.065040650406504","4.065040650406504","13","3.8620689655172415","0","261","93","9.494252873563218","4.980842911877395","2.681992337164751","7.2796934865900385","4.980842911877395","13","3.8088888888888888","3","225","113","9.422222222222222","4.444444444444445","3.111111111111111","6.222222222222222","7.111111111111111","13","3.6724890829694323","1","229","86","9.362445414847162","3.493449781659389","2.6200873362445414","7.423580786026201","3.930131004366812","13","3.7521008403361344","6","238","137","9.38655462184874","8.403361344537815","3.7815126050420167","0.8403361344537815","4.201680672268908","13","3.786324786324786","1","234","114","9.452991452991453","6.410256410256411","1.2820512820512822","2.9914529914529915","8.11965811965812","13","3.8260869565217392","2","230","101","9.28695652173913","5.217391304347826","9.565217391304348","4.782608695652174","6.956521739130435","13","3.5608695652173914","4","230","93","9.28695652173913","4.782608695652174","2.608695652173913","3.9130434782608696","3.9130434782608696","13","3.6203007518796992","1","266","90","9.19548872180451","12.030075187969924","2.6315789473684212","2.6315789473684212","3.7593984962406015","13","3.6862745098039214","0","255","108","9.27843137254902","3.5294117647058822","6.2745098039215685","5.490196078431373","6.666666666666667","13","3.6205533596837944","2","253","120","9.264822134387352","4.3478260869565215","3.1620553359683794","5.138339920948616","2.766798418972332","13","3.675889328063241","1","253","105","9.217391304347826","10.671936758893281","2.3715415019762847","3.5573122529644268","5.138339920948616","13","3.734126984126984","3","252","82","9.325396825396826","6.349206349206349","3.9682539682539684","2.7777777777777777","5.9523809523809526","13","3.7269076305220885","4","249","115","9.502008032128513","7.228915662650603","0.40160642570281124","3.21285140562249","2.4096385542168677","13","3.708154506437768","3","233","101","9.399141630901287","6.008583690987124","3.8626609442060085","4.291845493562231","1.7167381974248928","13","3.729083665338645","2","251","92","9.274900398406375","5.179282868525896","7.968127490039841","2.3904382470119523","6.772908366533865","13","3.654471544715447","2","246","83","9.276422764227643","4.878048780487805","4.878048780487805","4.471544715447155","2.845528455284553","13","3.8666666666666667","5","240","114","9.458333333333334","5","3.75","6.25","3.75","13","3.8714859437751006","1","249","104","9.566265060240964","2.8112449799196786","4.016064257028113","2.4096385542168677","2.0080321285140563","13","3.8813559322033897","8","236","105","9.415254237288135","4.237288135593221","7.627118644067797","5.084745762711864","7.627118644067797","13","4.040178571428571","4","224","138","9.678571428571429","6.25","1.7857142857142858","6.25","1.3392857142857142","13","3.7976653696498053","2","257","119","9.540856031128405","2.3346303501945527","1.1673151750972763","2.3346303501945527","5.058365758754864","13","3.7868852459016393","1","244","121","9.418032786885245","6.557377049180328","2.459016393442623","3.6885245901639343","3.278688524590164","13","3.528735632183908","2","261","118","9.164750957854405","3.0651340996168583","5.363984674329502","3.0651340996168583","7.662835249042145","13","3.6563706563706564","0","259","90","9.235521235521235","5.405405405405405","5.019305019305019","6.94980694980695","2.3166023166023164","13","3.7336065573770494","2","244","122","9.352459016393443","6.557377049180328","3.6885245901639343","8.19672131147541","4.098360655737705"
,"14","4.011764705882353","2","255","105","9.24705882352941","4.313725490196078","4.313725490196078","0.7843137254901961","1.5686274509803921","14","4.096069868995633","5","229","112","9.388646288209607","0.4366812227074236","0","6.986899563318778","5.676855895196507","14","4.02755905511811","1","254","102","9.440944881889763","1.5748031496062993","6.692913385826771","0.7874015748031497","4.330708661417323","14","4.098039215686274","2","255","102","9.090196078431372","2.7450980392156863","3.5294117647058822","2.7450980392156863","7.450980392156863","14","4.090909090909091","0","220","83","9.345454545454546","6.363636363636363","8.181818181818182","3.6363636363636362","0.9090909090909091","14","3.992337164750958","4","261","114","9.333333333333334","1.9157088122605364","1.9157088122605364","0.7662835249042146","1.5325670498084292","14","4.066390041493776","2","241","104","9.1701244813278","7.8838174273858925","0","3.319502074688797","3.7344398340248963","14","4.015151515151516","0","264","94","9.25","2.6515151515151514","5.303030303030303","0.7575757575757576","0.7575757575757576","14","3.9957446808510637","3","235","107","9.293617021276596","0.851063829787234","0.425531914893617","5.1063829787234045","1.702127659574468","14","3.9362549800796813","3","251","93","9.266932270916335","4.780876494023905","1.1952191235059761","0.796812749003984","2.3904382470119523","14","4.0423728813559325","4","236","119","9.567796610169491","2.9661016949152543","1.271186440677966","0","5.508474576271187","14","3.93859649122807","3","228","88","9.482456140350877","6.578947368421052","2.6315789473684212","3.0701754385964914","0","14","3.969298245614035","3","228","92","9.508771929824562","1.7543859649122806","0.8771929824561403","3.9473684210526314","3.9473684210526314","14","4.143497757847534","3","223","98","9.47085201793722","1.7937219730941705","3.1390134529147984","8.52017937219731","5.829596412556054","14","3.9471544715447155","3","246","120","9.40650406504065","4.471544715447155","0","2.4390243902439024","2.032520325203252","14","4.030888030888031","1","259","93","9.413127413127413","3.861003861003861","0.7722007722007722","5.019305019305019","4.2471042471042475","14","4.057777777777778","3","225","113","9.422222222222222","3.111111111111111","0.8888888888888888","3.5555555555555554","5.777777777777778","14","3.933920704845815","1","227","86","9.268722466960352","0.8810572687224669","0","5.726872246696035","3.0837004405286343","14","4.033755274261603","6","237","137","9.341772151898734","6.329113924050633","2.109704641350211","0","2.109704641350211","14","4.038461538461538","1","234","114","9.452991452991453","4.273504273504273","0.42735042735042733","1.7094017094017093","7.264957264957265","14","4.160869565217391","2","230","101","9.28695652173913","3.9130434782608696","6.521739130434782","3.4782608695652173","6.086956521739131","14","3.882608695652174","4","230","93","9.28695652173913","2.608695652173913","0.8695652173913043","1.3043478260869565","1.7391304347826086","14","3.9732824427480917","2","262","90","9.030534351145038","8.778625954198473","0.3816793893129771","0.7633587786259542","1.5267175572519085","14","4.03921568627451","0","255","108","9.27843137254902","0.7843137254901961","3.1372549019607843","2.7450980392156863","4.313725490196078","14","4.003952569169961","2","253","120","9.264822134387352","2.3715415019762847","1.1857707509881423","2.766798418972332","1.976284584980237","14","4.036144578313253","2","249","105","9.052208835341366","10.040160642570282","1.2048192771084338","0.8032128514056225","1.606425702811245","14","3.99601593625498","3","251","82","9.282868525896415","4.780876494023905","1.593625498007968","1.1952191235059761","3.9840637450199203","14","3.935483870967742","4","248","115","9.459677419354838","5.645161290322581","0","2.0161290322580645","0.8064516129032258","14","3.978448275862069","3","232","101","9.35344827586207","5.172413793103448","3.8793103448275863","3.0172413793103448","1.293103448275862","14","4.0602409638554215","2","249","92","9.188755020080322","3.6144578313253013","5.220883534136546","0.40160642570281124","4.016064257028113","14","3.926530612244898","2","245","83","9.23265306122449","2.0408163265306123","3.2653061224489797","3.2653061224489797","0.40816326530612246","14","4.075313807531381","5","239","114","9.414225941422593","3.3472803347280333","1.6736401673640167","5.02092050209205","2.928870292887029","14","3.995983935742972","1","249","104","9.566265060240964","2.8112449799196786","2.8112449799196786","2.0080321285140563","1.606425702811245","14","4.122881355932203","8","236","105","9.415254237288135","3.8135593220338984","5.932203389830509","3.8135593220338984","5.084745762711864","14","4.098214285714286","4","224","138","9.678571428571429","5.803571428571429","0.8928571428571429","6.25","0.8928571428571429","14","3.9494163424124515","2","257","119","9.540856031128405","1.1673151750972763","0.7782101167315175","1.556420233463035","4.280155642023346","14","4.008230452674897","1","243","121","9.37448559670782","4.938271604938271","1.646090534979424","2.880658436213992","2.05761316872428","14","3.9613899613899615","2","259","118","9.08108108108108","1.1583011583011582","0.3861003861003861","0","6.94980694980695","14","4.046511627906977","0","258","90","9.193798449612403","3.10077519379845","4.263565891472868","5.426356589147287","0.7751937984496124","14","4.094262295081967","2","244","122","9.352459016393443","4.098360655737705","3.278688524590164","6.147540983606557","0.819672131147541"
,"15","4.011904761904762","2","252","105","9.119047619047619","3.9682539682539684","5.158730158730159","0.7936507936507936","1.5873015873015872","15","4.135371179039302","5","229","112","9.388646288209607","1.3100436681222707","0","7.423580786026201","6.986899563318778","15","4.02755905511811","1","254","102","9.440944881889763","1.5748031496062993","6.692913385826771","0.7874015748031497","4.330708661417323","15","4.101960784313725","2","255","102","9.090196078431372","2.7450980392156863","3.5294117647058822","2.3529411764705883","7.8431372549019605","15","4.0963302752293576","0","218","83","9.247706422018348","5.963302752293578","8.256880733944953","3.669724770642202","0.9174311926605505","15","3.996153846153846","4","260","114","9.292307692307693","1.5384615384615385","1.9230769230769231","0.7692307692307693","1.5384615384615385","15","4.074688796680498","2","241","104","9.1701244813278","7.468879668049793","0","3.7344398340248963","3.7344398340248963","15","4.026615969581749","0","263","94","9.209125475285171","3.041825095057034","5.32319391634981","0.7604562737642585","0.7604562737642585","15","3.9829787234042553","3","235","107","9.293617021276596","0.851063829787234","0","4.25531914893617","1.702127659574468","15","3.9397590361445785","3","249","93","9.180722891566266","4.819277108433735","0.8032128514056225","0.8032128514056225","2.0080321285140563","15","4.0423728813559325","4","236","119","9.567796610169491","2.9661016949152543","1.271186440677966","0","5.508474576271187","15","3.9383259911894273","4","227","88","9.43612334801762","6.607929515418502","2.643171806167401","2.643171806167401","0","15","3.969298245614035","3","228","92","9.508771929824562","1.7543859649122806","0.8771929824561403","3.9473684210526314","3.9473684210526314","15","4.143497757847534","3","223","98","9.47085201793722","1.7937219730941705","2.690582959641256","8.968609865470851","5.829596412556054","15","3.9390243902439024","3","246","120","9.40650406504065","4.471544715447155","0","2.4390243902439024","1.2195121951219512","15","4.038759689922481","2","258","93","9.372093023255815","3.875968992248062","0.7751937984496124","5.038759689922481","4.651162790697675","15","4.053571428571429","3","224","113","9.375","3.125","0.8928571428571429","3.5714285714285716","5.803571428571429","15","3.94273127753304","1","227","86","9.268722466960352","0.8810572687224669","0","5.286343612334802","3.0837004405286343","15","4.034042553191489","6","235","137","9.251063829787235","6.382978723404255","2.127659574468085","0","2.127659574468085","15","4.0256410256410255","1","234","114","9.452991452991453","4.273504273504273","0.42735042735042733","1.2820512820512822","6.837606837606837","15","4.156521739130435","2","230","101","9.28695652173913","3.9130434782608696","6.086956521739131","3.4782608695652173","5.6521739130434785","15","3.8728070175438596","5","228","93","9.219298245614034","2.6315789473684212","0.8771929824561403","0","1.7543859649122806","15","3.976833976833977","2","259","90","8.91891891891892","8.494208494208495","0","0.7722007722007722","1.5444015444015444","15","4.047244094488189","0","254","108","9.236220472440944","0.7874015748031497","3.1496062992125986","2.7559055118110236","4.330708661417323","15","3.996031746031746","2","252","120","9.26984126984127","2.380952380952381","0.7936507936507936","2.380952380952381","1.9841269841269842","15","4.036144578313253","2","249","105","9.052208835341366","10.040160642570282","1.2048192771084338","0.8032128514056225","1.606425702811245","15","3.9800796812749004","3","251","82","9.282868525896415","4.780876494023905","1.593625498007968","1.1952191235059761","2.7888446215139444","15","3.943548387096774","4","248","115","9.459677419354838","5.645161290322581","0","2.0161290322580645","0.8064516129032258","15","3.9827586206896552","3","232","101","9.35344827586207","5.603448275862069","4.310344827586207","2.586206896551724","0.8620689655172413","15","4.052208835341365","2","249","92","9.188755020080322","3.21285140562249","4.819277108433735","0","4.016064257028113","15","3.910204081632653","2","245","83","9.23265306122449","2.0408163265306123","2.857142857142857","2.857142857142857","0","15","4.067226890756302","5","238","114","9.369747899159664","3.361344537815126","1.680672268907563","5.042016806722689","2.5210084033613445","15","3.995983935742972","1","249","104","9.566265060240964","2.8112449799196786","2.8112449799196786","2.0080321285140563","1.606425702811245","15","4.13135593220339","8","236","105","9.415254237288135","3.389830508474576","5.932203389830509","4.237288135593221","5.932203389830509","15","4.098654708520179","5","223","138","9.632286995515695","5.829596412556054","0.8968609865470852","6.278026905829597","0.8968609865470852","15","3.9453125","2","256","119","9.5","0.78125","0.78125","1.5625","4.296875","15","4.008230452674897","1","243","121","9.37448559670782","4.938271604938271","1.646090534979424","2.4691358024691357","2.05761316872428","15","3.9689922480620154","2","258","118","9.03875968992248","1.550387596899225","0","0","7.364341085271318","15","4.046511627906977","0","258","90","9.193798449612403","3.10077519379845","4.263565891472868","5.038759689922481","0.7751937984496124","15","4.103305785123967","4","242","122","9.264462809917354","4.958677685950414","3.3057851239669422","6.198347107438017","0.8264462809917356"
,"16","4.015873015873016","2","252","119","9.23015873015873","3.9682539682539684","5.555555555555555","0.7936507936507936","1.5873015873015872","16","4.135964912280702","6","228","120","9.412280701754385","1.7543859649122806","0","7.894736842105263","6.578947368421052","16","4.02755905511811","1","254","110","9.503937007874017","1.5748031496062993","6.692913385826771","0.7874015748031497","4.330708661417323","16","4.1146245059288535","2","253","117","9.130434782608695","2.766798418972332","3.5573122529644268","2.3715415019762847","7.905138339920948","16","4.0963302752293576","0","218","88","9.293577981651376","5.504587155963303","7.339449541284404","3.669724770642202","1.3761467889908257","16","3.996138996138996","4","259","135","9.428571428571429","1.9305019305019304","1.9305019305019304","0.7722007722007722","1.5444015444015444","16","4.08298755186722","2","241","114","9.253112033195022","7.8838174273858925","0","3.7344398340248963","3.7344398340248963","16","4.022813688212928","0","263","108","9.315589353612168","3.041825095057034","4.942965779467681","0.7604562737642585","0.7604562737642585","16","3.982905982905983","3","234","118","9.341880341880342","0.8547008547008547","0","4.273504273504273","1.7094017094017093","16","3.9357429718875503","3","249","103","9.261044176706827","4.417670682730924","0.8032128514056225","0.8032128514056225","1.606425702811245","16","4.0423728813559325","4","236","122","9.59322033898305","2.9661016949152543","1.271186440677966","0","5.508474576271187","16","3.9469026548672566","5","226","102","9.513274336283185","6.6371681415929205","2.6548672566371683","3.0973451327433628","0","16","3.969298245614035","3","228","100","9.578947368421053","1.7543859649122806","0.8771929824561403","3.9473684210526314","3.9473684210526314","16","4.14027149321267","4","221","106","9.447963800904978","1.8099547511312217","2.7149321266968327","8.597285067873303","5.882352941176471","16","3.9430894308943087","3","246","125","9.447154471544716","4.471544715447155","0","2.4390243902439024","1.6260162601626016","16","4.046511627906977","2","258","108","9.488372093023257","3.875968992248062","0.7751937984496124","5.038759689922481","4.651162790697675","16","4.062780269058296","4","223","122","9.408071748878923","3.1390134529147984","0.8968609865470852","3.587443946188341","5.829596412556054","16","3.9469026548672566","1","226","95","9.300884955752212","0.8849557522123894","0","5.3097345132743365","3.0973451327433628","16","4.038297872340426","6","235","151","9.370212765957447","6.808510638297872","2.127659574468085","0","2.127659574468085","16","4.02991452991453","1","234","122","9.521367521367521","4.273504273504273","0.42735042735042733","1.7094017094017093","6.837606837606837","16","4.157205240174672","2","229","106","9.301310043668122","3.930131004366812","6.11353711790393","3.493449781659389","5.676855895196507","16","3.8722466960352424","5","227","101","9.242290748898679","2.643171806167401","0.8810572687224669","0","1.7621145374449338","16","3.972972972972973","2","259","112","9.088803088803088","8.494208494208495","0","0.7722007722007722","1.5444015444015444","16","4.047430830039525","0","253","121","9.312252964426877","0.7905138339920948","3.1620553359683794","2.766798418972332","4.3478260869565215","16","3.996031746031746","2","252","129","9.341269841269842","2.380952380952381","0.7936507936507936","2.380952380952381","1.9841269841269842","16","4.040485829959514","2","247","133","9.206477732793521","10.121457489878543","1.214574898785425","0.8097165991902834","1.6194331983805668","16","3.98","4","250","92","9.32","4.8","1.6","1.2","2.8","16","3.9471544715447155","4","246","124","9.447154471544716","5.691056910569106","0","2.032520325203252","0.8130081300813008","16","3.9740259740259742","4","231","113","9.41125541125541","5.194805194805195","3.896103896103896","2.5974025974025974","0.8658008658008658","16","4.05241935483871","2","248","103","9.233870967741936","3.225806451612903","4.838709677419355","0","4.032258064516129","16","3.914285714285714","2","245","90","9.289795918367346","2.0408163265306123","3.2653061224489797","2.857142857142857","0","16","4.067510548523207","5","237","123","9.40084388185654","3.3755274261603376","1.6877637130801688","4.641350210970464","2.5316455696202533","16","3.995967741935484","2","248","112","9.588709677419354","2.8225806451612905","2.8225806451612905","2.0161290322580645","1.6129032258064515","16","4.132478632478633","8","234","107","9.418803418803419","3.8461538461538463","6.410256410256411","4.273504273504273","5.128205128205129","16","4.098654708520179","5","223","144","9.68609865470852","5.829596412556054","0.8968609865470852","6.278026905829597","0.8968609865470852","16","3.9448818897637796","2","254","126","9.527559055118111","0.7874015748031497","0.7874015748031497","1.5748031496062993","4.330708661417323","16","4.004166666666666","1","240","129","9.316666666666666","4.583333333333333","1.6666666666666667","2.5","2.0833333333333335","16","3.964980544747082","2","257","137","9.151750972762645","1.556420233463035","0","0","7.003891050583658","16","4.046692607003891","1","257","107","9.284046692607005","3.11284046692607","4.280155642023346","5.058365758754864","0.7782101167315175","16","4.104166666666667","4","240","132","9.258333333333333","5","3.3333333333333335","6.25","0.8333333333333334"
,"17","4.023809523809524","2","252","119","9.23015873015873","3.9682539682539684","6.349206349206349","0.7936507936507936","1.5873015873015872","17","4.135964912280702","6","228","120","9.412280701754385","1.7543859649122806","0","7.456140350877193","6.578947368421052","17","4.031620553359684","1","253","110","9.462450592885375","1.5810276679841897","7.1146245059288535","0.7905138339920948","4.3478260869565215","17","4.115079365079365","2","252","117","9.095238095238095","2.7777777777777777","3.5714285714285716","2.380952380952381","7.936507936507937","17","4.091743119266055","0","218","88","9.293577981651376","5.504587155963303","7.339449541284404","3.669724770642202","0.9174311926605505","17","4","4","258","135","9.387596899224807","1.937984496124031","1.937984496124031","1.1627906976744187","1.550387596899225","17","4.079166666666667","2","240","114","9.208333333333334","7.5","0","3.75","4.166666666666667","17","4.026717557251908","0","262","108","9.274809160305344","2.6717557251908395","5.7251908396946565","0.7633587786259542","1.1450381679389312","17","3.982905982905983","3","234","118","9.341880341880342","0.8547008547008547","0","4.273504273504273","1.7094017094017093","17","3.9357429718875503","3","249","103","9.261044176706827","4.417670682730924","0.8032128514056225","0.8032128514056225","1.606425702811245","17","4.0423728813559325","4","236","122","9.59322033898305","2.9661016949152543","1.271186440677966","0","5.508474576271187","17","3.942222222222222","6","225","102","9.475555555555555","6.666666666666667","2.6666666666666665","2.6666666666666665","0","17","3.969298245614035","3","228","100","9.578947368421053","1.7543859649122806","0.8771929824561403","3.9473684210526314","3.9473684210526314","17","4.13302752293578","5","218","106","9.321100917431192","1.834862385321101","2.7522935779816513","8.715596330275229","5.045871559633028","17","3.934959349593496","3","246","125","9.447154471544716","4.471544715447155","0","2.4390243902439024","0.8130081300813008","17","4.0546875","2","256","108","9.4140625","3.90625","0.78125","5.078125","4.6875","17","4.063063063063063","4","222","122","9.36936936936937","3.1531531531531534","0.9009009009009009","3.6036036036036037","5.8558558558558556","17","3.9466666666666668","1","225","95","9.253333333333334","0.8888888888888888","0","5.333333333333333","3.111111111111111","17","4.034042553191489","6","235","151","9.370212765957447","6.382978723404255","2.127659574468085","0","2.127659574468085","17","4.0256410256410255","1","234","122","9.521367521367521","4.273504273504273","0.42735042735042733","1.2820512820512822","6.837606837606837","17","4.157205240174672","2","229","106","9.301310043668122","3.930131004366812","6.11353711790393","3.493449781659389","5.676855895196507","17","3.8716814159292037","5","226","101","9.194690265486726","2.6548672566371683","0.8849557522123894","0","1.7699115044247788","17","3.9728682170542635","2","258","112","9.046511627906977","8.527131782945736","0","0.7751937984496124","1.550387596899225","17","4.0476190476190474","1","252","121","9.26984126984127","0.7936507936507936","3.1746031746031744","2.7777777777777777","4.365079365079365","17","3.996031746031746","2","252","129","9.341269841269842","2.380952380952381","0.7936507936507936","2.380952380952381","1.9841269841269842","17","4.044715447154472","2","246","133","9.16260162601626","10.16260162601626","1.2195121951219512","0.8130081300813008","1.6260162601626016","17","3.97165991902834","5","247","92","9.206477732793521","4.4534412955465585","1.6194331983805668","1.214574898785425","2.42914979757085","17","3.94672131147541","5","244","124","9.360655737704919","5.737704918032787","0","2.0491803278688523","0.819672131147541","17","3.9869565217391303","4","230","113","9.373913043478261","5.6521739130434785","4.3478260869565215","2.608695652173913","0.8695652173913043","17","4.05241935483871","2","248","103","9.233870967741936","3.225806451612903","4.838709677419355","0","4.032258064516129","17","3.9098360655737703","2","244","90","9.245901639344263","2.0491803278688523","2.8688524590163933","2.8688524590163933","0","17","4.068085106382979","5","235","123","9.310638297872341","3.404255319148936","1.702127659574468","5.1063829787234045","2.5531914893617023","17","3.9959183673469387","3","245","112","9.461224489795919","2.857142857142857","2.857142857142857","2.0408163265306123","1.6326530612244898","17","4.128755364806867","8","233","107","9.373390557939913","3.4334763948497855","6.008583690987124","4.291845493562231","5.579399141630901","17","4.103139013452915","5","223","144","9.68609865470852","5.829596412556054","1.345291479820628","6.278026905829597","1.345291479820628","17","3.9448818897637796","2","254","126","9.527559055118111","0.7874015748031497","0.7874015748031497","1.5748031496062993","4.330708661417323","17","4.00418410041841","2","239","129","9.271966527196653","4.602510460251046","1.6736401673640167","2.510460251046025","2.092050209205021","17","3.9688715953307394","2","257","137","9.151750972762645","1.556420233463035","0","0","7.392996108949417","17","4.046692607003891","1","257","107","9.284046692607005","3.11284046692607","4.280155642023346","5.058365758754864","0.7782101167315175","17","4.104602510460251","5","239","132","9.213389121338912","5.02092050209205","3.3472803347280333","6.2761506276150625","0.8368200836820083"
,"18","4.0199203187251","2","251","119","9.187250996015937","3.585657370517928","5.9760956175298805","1.1952191235059761","1.593625498007968","18","4.136563876651983","6","227","120","9.374449339207048","1.3215859030837005","0","7.488986784140969","6.607929515418502","18","4.01984126984127","2","252","110","9.420634920634921","1.5873015873015872","5.9523809523809526","0.7936507936507936","4.365079365079365","18","4.115079365079365","2","252","117","9.095238095238095","2.7777777777777777","3.5714285714285716","2.380952380952381","7.936507936507937","18","4.091743119266055","0","218","88","9.293577981651376","5.504587155963303","7.339449541284404","3.669724770642202","0.9174311926605505","18","3.996078431372549","5","255","135","9.270588235294118","1.9607843137254901","1.9607843137254901","0.7843137254901961","1.5686274509803921","18","4.066666666666666","2","240","114","9.208333333333334","7.5","0","2.9166666666666665","3.75","18","4.027027027027027","1","259","108","9.150579150579151","3.088803088803089","5.405405405405405","0.7722007722007722","0.7722007722007722","18","3.982905982905983","3","234","118","9.341880341880342","0.8547008547008547","0","4.273504273504273","1.7094017094017093","18","3.9357429718875503","3","249","103","9.261044176706827","4.417670682730924","0.8032128514056225","0.8032128514056225","1.606425702811245","18","4.042918454935623","5","233","122","9.459227467811159","3.004291845493562","1.2875536480686696","0","5.579399141630901","18","3.937777777777778","6","225","102","9.475555555555555","6.666666666666667","2.6666666666666665","2.2222222222222223","0","18","3.9691629955947136","4","227","100","9.541850220264317","1.7621145374449338","0.8810572687224669","3.9647577092511015","3.9647577092511015","18","4.119815668202765","6","217","106","9.271889400921658","1.8433179723502304","2.304147465437788","8.294930875576037","4.608294930875576","18","3.934959349593496","3","246","125","9.447154471544716","4.471544715447155","0","2.4390243902439024","0.8130081300813008","18","4.0546875","2","256","108","9.4140625","3.90625","0.78125","5.078125","4.6875","18","4.063063063063063","4","222","122","9.36936936936937","3.1531531531531534","0.9009009009009009","3.6036036036036037","5.8558558558558556","18","3.9464285714285716","1","224","95","9.205357142857142","0.8928571428571429","0","5.357142857142857","3.125","18","4.038461538461538","6","234","151","9.324786324786325","6.837606837606837","2.1367521367521367","0","2.1367521367521367","18","4.030042918454936","2","233","122","9.476394849785407","4.291845493562231","0.4291845493562232","1.7167381974248928","6.866952789699571","18","4.1535087719298245","3","228","106","9.271929824561404","3.9473684210526314","6.140350877192983","3.508771929824561","5.2631578947368425","18","3.8716814159292037","5","226","101","9.194690265486726","2.6548672566371683","0.8849557522123894","0","1.7699115044247788","18","3.972762645914397","3","257","112","9.003891050583658","8.560311284046692","0","0.7782101167315175","1.556420233463035","18","4.0476190476190474","1","252","121","9.26984126984127","0.7936507936507936","3.1746031746031744","2.7777777777777777","4.365079365079365","18","3.996031746031746","2","252","129","9.341269841269842","2.380952380952381","0.7936507936507936","2.380952380952381","1.9841269841269842","18","4.044897959183674","2","245","133","9.126530612244897","10.204081632653061","1.2244897959183674","0.8163265306122449","1.6326530612244898","18","3.9715447154471546","5","246","92","9.16260162601626","4.471544715447155","1.6260162601626016","1.2195121951219512","2.4390243902439024","18","3.94672131147541","5","244","124","9.360655737704919","5.737704918032787","0","2.0491803278688523","0.819672131147541","18","3.982456140350877","5","228","113","9.280701754385966","5.2631578947368425","3.9473684210526314","2.6315789473684212","0.8771929824561403","18","4.052631578947368","3","247","103","9.190283400809717","3.2388663967611335","4.8582995951417","0","4.048582995951417","18","3.9098360655737703","2","244","90","9.245901639344263","2.0491803278688523","2.459016393442623","3.278688524590164","0","18","4.068376068376068","6","234","123","9.264957264957266","3.4188034188034186","1.7094017094017093","4.700854700854701","2.5641025641025643","18","3.9959183673469387","3","245","112","9.461224489795919","2.857142857142857","2.857142857142857","2.0408163265306123","1.6326530612244898","18","4.133620689655173","9","232","107","9.327586206896552","3.8793103448275863","6.4655172413793105","4.310344827586207","5.172413793103448","18","4.098654708520179","5","223","144","9.68609865470852","5.829596412556054","0.8968609865470852","6.278026905829597","0.8968609865470852","18","3.940711462450593","3","253","126","9.486166007905139","0.7905138339920948","0.7905138339920948","1.5810276679841897","3.952569169960474","18","4.00418410041841","2","239","129","9.271966527196653","4.602510460251046","1.6736401673640167","2.510460251046025","2.092050209205021","18","3.9686274509803923","3","255","137","9.066666666666666","1.9607843137254901","0","0","7.0588235294117645","18","4.046692607003891","1","257","107","9.284046692607005","3.11284046692607","4.280155642023346","5.058365758754864","0.7782101167315175","18","4.105042016806722","6","238","132","9.176470588235293","5.042016806722689","3.361344537815126","6.302521008403361","0.8403361344537815"
,"19","4.020080321285141","3","249","131","9.27710843373494","3.6144578313253013","6.42570281124498","0.8032128514056225","1.606425702811245","19","4.136563876651983","6","227","130","9.462555066079295","1.3215859030837005","0","7.929515418502203","6.167400881057269","19","4.0239043824701195","3","251","119","9.450199203187251","1.593625498007968","5.9760956175298805","0.796812749003984","4.780876494023905","19","4.115079365079365","2","252","130","9.198412698412698","2.7777777777777777","3.5714285714285716","2.380952380952381","7.936507936507937","19","4.087557603686636","0","217","96","9.36405529953917","5.529953917050691","7.373271889400922","3.225806451612903","0.9216589861751152","19","4","5","254","157","9.409448818897637","1.968503937007874","2.3622047244094486","0.7874015748031497","1.5748031496062993","19","4.066666666666666","2","240","123","9.283333333333333","7.5","0","2.9166666666666665","3.75","19","4.019305019305019","1","259","130","9.32046332046332","2.7027027027027026","5.405405405405405","0.7722007722007722","0.7722007722007722","19","3.9827586206896552","4","232","131","9.362068965517242","0.8620689655172413","0","4.310344827586207","1.7241379310344827","19","3.935483870967742","3","248","111","9.28225806451613","4.435483870967742","0.8064516129032258","0.8064516129032258","1.6129032258064515","19","4.042918454935623","5","233","132","9.545064377682403","3.004291845493562","1.2875536480686696","0","5.579399141630901","19","3.937777777777778","6","225","110","9.546666666666667","6.666666666666667","2.6666666666666665","2.2222222222222223","0","19","3.9690265486725664","5","226","108","9.56637168141593","1.7699115044247788","0.8849557522123894","3.982300884955752","3.982300884955752","19","4.106481481481482","7","216","123","9.37962962962963","1.8518518518518519","1.3888888888888888","7.87037037037037","4.62962962962963","19","3.934959349593496","3","246","128","9.471544715447154","4.471544715447155","0","2.4390243902439024","0.8130081300813008","19","4.0546875","2","256","117","9.484375","3.90625","0.78125","5.078125","4.6875","19","4.063063063063063","4","222","131","9.45045045045045","3.1531531531531534","0.9009009009009009","3.6036036036036037","5.8558558558558556","19","3.9504504504504503","2","222","112","9.27027027027027","0.9009009009009009","0","5.405405405405405","3.1531531531531534","19","4.047008547008547","6","234","163","9.427350427350428","7.6923076923076925","2.1367521367521367","0","2.1367521367521367","19","4.021645021645021","3","231","129","9.445887445887445","4.329004329004329","0.4329004329004329","0.8658008658008658","6.926406926406926","19","4.154867256637168","3","226","112","9.230088495575222","3.982300884955752","6.1946902654867255","3.5398230088495577","5.3097345132743365","19","3.8716814159292037","5","226","111","9.283185840707965","2.6548672566371683","0.8849557522123894","0","1.7699115044247788","19","3.9765625","3","256","135","9.140625","8.59375","0","0.78125","1.5625","19","4.0476190476190474","1","252","130","9.341269841269842","0.7936507936507936","3.1746031746031744","2.7777777777777777","4.365079365079365","19","4","2","251","135","9.346613545816734","2.3904382470119523","0.796812749003984","2.3904382470119523","2.3904382470119523","19","4.045081967213115","2","244","159","9.295081967213115","10.245901639344263","1.2295081967213115","0.819672131147541","1.639344262295082","19","3.9714285714285715","5","245","106","9.23265306122449","4.489795918367347","1.6326530612244898","1.2244897959183674","2.4489795918367347","19","3.9465020576131686","5","243","137","9.423868312757202","5.761316872427984","0","2.05761316872428","0.823045267489712","19","3.9911504424778763","5","226","130","9.336283185840708","5.752212389380531","4.424778761061947","2.6548672566371683","0.8849557522123894","19","4.0528455284552845","3","246","116","9.252032520325203","3.252032520325203","4.878048780487805","0","4.065040650406504","19","3.9057377049180326","2","244","104","9.360655737704919","2.0491803278688523","2.459016393442623","2.8688524590163933","0","19","4.068669527896995","6","233","141","9.373390557939913","3.4334763948497855","1.7167381974248928","5.150214592274678","2.575107296137339","19","3.9959016393442623","3","244","127","9.581967213114755","2.8688524590163933","2.8688524590163933","2.0491803278688523","1.639344262295082","19","4.130434782608695","9","230","114","9.295652173913043","3.4782608695652173","6.086956521739131","4.3478260869565215","5.6521739130434785","19","4.103603603603603","5","222","148","9.675675675675675","5.8558558558558556","1.3513513513513513","6.306306306306307","1.3513513513513513","19","3.9362549800796813","3","251","140","9.51394422310757","0.796812749003984","0.796812749003984","1.593625498007968","3.585657370517928","19","4.0042194092827","2","237","140","9.274261603375528","4.641350210970464","1.6877637130801688","2.5316455696202533","2.109704641350211","19","3.968503937007874","3","254","153","9.149606299212598","1.5748031496062993","0","0","7.480314960629921","19","4.0390625","1","256","115","9.3046875","2.734375","3.90625","5.078125","0.78125","19","4.105042016806722","6","238","153","9.352941176470589","5.042016806722689","3.361344537815126","6.302521008403361","0.8403361344537815"
,"20","4.020080321285141","3","249","131","9.27710843373494","3.6144578313253013","6.42570281124498","0.8032128514056225","1.606425702811245","20","4.13215859030837","6","227","130","9.462555066079295","1.3215859030837005","0","7.488986784140969","6.167400881057269","20","4.0239043824701195","3","251","119","9.450199203187251","1.593625498007968","5.9760956175298805","0.796812749003984","4.780876494023905","20","4.115079365079365","2","252","130","9.198412698412698","2.7777777777777777","3.5714285714285716","2.380952380952381","7.936507936507937","20","4.083720930232558","1","215","96","9.265116279069767","5.116279069767442","7.906976744186046","2.7906976744186047","0.9302325581395349","20","3.996031746031746","6","252","157","9.341269841269842","1.9841269841269842","1.9841269841269842","0.7936507936507936","1.5873015873015872","20","4.070833333333334","2","240","123","9.283333333333333","7.5","0","3.3333333333333335","3.75","20","4.03515625","2","256","130","9.1953125","3.515625","5.859375","0.78125","0.78125","20","3.982683982683983","5","231","131","9.316017316017316","0.8658008658008658","0","4.329004329004329","1.7316017316017316","20","3.9390243902439024","3","246","111","9.195121951219512","4.878048780487805","0.8130081300813008","0.8130081300813008","1.6260162601626016","20","4.042918454935623","5","233","132","9.545064377682403","3.004291845493562","1.2875536480686696","0","5.579399141630901","20","3.937777777777778","6","225","110","9.546666666666667","6.666666666666667","2.6666666666666665","2.2222222222222223","0","20","3.9690265486725664","5","226","108","9.56637168141593","1.7699115044247788","0.8849557522123894","3.982300884955752","3.982300884955752","20","4.102325581395349","7","215","123","9.330232558139535","1.8604651162790697","0.9302325581395349","7.906976744186046","4.651162790697675","20","3.9346938775510205","3","245","128","9.428571428571429","4.489795918367347","0","2.4489795918367347","0.8163265306122449","20","4.0546875","2","256","117","9.484375","3.90625","0.78125","5.078125","4.6875","20","4.063063063063063","4","222","131","9.45045045045045","3.1531531531531534","0.9009009009009009","3.6036036036036037","5.8558558558558556","20","3.9504504504504503","2","222","112","9.27027027027027","0.9009009009009009","0","5.405405405405405","3.1531531531531534","20","4.051282051282051","6","234","163","9.427350427350428","8.11965811965812","2.1367521367521367","0","2.1367521367521367","20","4.013215859030837","3","227","129","9.286343612334802","3.9647577092511015","0.44052863436123346","0.8810572687224669","6.607929515418502","20","4.154867256637168","3","226","112","9.230088495575222","3.982300884955752","6.1946902654867255","3.5398230088495577","5.3097345132743365","20","3.8716814159292037","5","226","111","9.283185840707965","2.6548672566371683","0.8849557522123894","0","1.7699115044247788","20","3.9765625","3","256","135","9.140625","8.59375","0","0.78125","1.5625","20","4.0476190476190474","1","252","130","9.341269841269842","0.7936507936507936","3.1746031746031744","2.7777777777777777","4.365079365079365","20","4.00398406374502","2","251","135","9.346613545816734","2.3904382470119523","0.796812749003984","2.3904382470119523","2.7888446215139444","20","4.053497942386831","2","243","159","9.300411522633745","10.2880658436214","1.2345679012345678","0.823045267489712","1.646090534979424","20","3.9714285714285715","5","245","106","9.23265306122449","4.489795918367347","1.6326530612244898","1.2244897959183674","2.4489795918367347","20","3.9465020576131686","5","243","137","9.423868312757202","5.761316872427984","0","2.05761316872428","0.823045267489712","20","3.991031390134529","6","223","130","9.210762331838565","5.829596412556054","4.484304932735426","2.690582959641256","0.8968609865470852","20","4.053061224489796","3","245","116","9.208163265306123","3.2653061224489797","4.8979591836734695","0","4.081632653061225","20","3.9057377049180326","2","244","104","9.360655737704919","2.0491803278688523","2.459016393442623","2.8688524590163933","0","20","4.072961373390558","6","233","141","9.373390557939913","3.4334763948497855","1.7167381974248928","5.150214592274678","2.575107296137339","20","3.9958847736625516","3","243","127","9.539094650205762","2.880658436213992","2.880658436213992","2.05761316872428","1.646090534979424","20","4.130434782608695","9","230","114","9.295652173913043","3.4782608695652173","6.086956521739131","4.3478260869565215","5.6521739130434785","20","4.099547511312217","5","221","148","9.638009049773755","5.882352941176471","0.9049773755656109","6.334841628959276","0.9049773755656109","20","3.944","3","250","140","9.48","0.8","0.8","1.6","3.6","20","4.0042194092827","2","237","140","9.274261603375528","4.641350210970464","1.6877637130801688","2.5316455696202533","2.109704641350211","20","3.9641434262948207","4","251","153","9.0199203187251","1.593625498007968","0","0","7.171314741035856","20","4.031372549019608","1","255","115","9.262745098039217","2.3529411764705883","3.5294117647058822","5.098039215686274","0.7843137254901961","20","4.1059322033898304","6","236","153","9.271186440677965","5.084745762711864","3.389830508474576","6.3559322033898304","0.847457627118644"
,"21","4.020080321285141","3","249","131","9.27710843373494","3.6144578313253013","6.42570281124498","0.8032128514056225","1.606425702811245","21","4.136563876651983","6","227","130","9.462555066079295","1.3215859030837005","0","7.929515418502203","6.167400881057269","21","4.016","3","250","119","9.408","1.6","5.6","0.8","4.4","21","4.1195219123505975","2","251","130","9.171314741035857","2.7888446215139444","3.585657370517928","2.3904382470119523","8.366533864541832","21","4.074766355140187","1","214","96","9.22429906542056","4.672897196261682","7.4766355140186915","2.803738317757009","0.9345794392523364","21","3.99601593625498","6","251","157","9.306772908366534","1.9920318725099602","1.9920318725099602","0.796812749003984","1.593625498007968","21","4.070833333333334","2","240","123","9.283333333333333","7.916666666666667","0","2.9166666666666665","3.75","21","4.0199203187251","2","251","130","9.01195219123506","2.7888446215139444","5.577689243027889","0.796812749003984","0.796812749003984","21","3.982683982683983","5","231","131","9.316017316017316","0.8658008658008658","0","4.329004329004329","1.7316017316017316","21","3.934156378600823","5","243","111","9.061728395061728","4.526748971193416","0.823045267489712","0.823045267489712","1.646090534979424","21","4.042918454935623","5","233","132","9.545064377682403","3.004291845493562","1.2875536480686696","0","5.579399141630901","21","3.9375","6","224","110","9.508928571428571","6.696428571428571","2.6785714285714284","2.232142857142857","0","21","3.968888888888889","5","225","108","9.52","1.7777777777777777","0.8888888888888888","4","4","21","4.102325581395349","7","215","123","9.330232558139535","1.8604651162790697","0.9302325581395349","7.906976744186046","4.651162790697675","21","3.9385245901639343","3","244","128","9.385245901639344","4.508196721311475","0","2.459016393442623","0.819672131147541","21","4.0546875","2","256","117","9.484375","3.90625","0.78125","5.078125","4.6875","21","4.068181818181818","4","220","131","9.363636363636363","3.1818181818181817","0.9090909090909091","3.6363636363636362","6.363636363636363","21","3.9504504504504503","2","222","112","9.27027027027027","0.9009009009009009","0","5.405405405405405","3.1531531531531534","21","4.047210300429184","6","233","163","9.381974248927039","7.725321888412017","2.1459227467811157","0","2.1459227467811157","21","4.013215859030837","3","227","129","9.286343612334802","3.9647577092511015","0.44052863436123346","0.8810572687224669","6.607929515418502","21","4.151111111111111","3","225","112","9.182222222222222","4","6.222222222222222","3.5555555555555554","4.888888888888889","21","3.8716814159292037","5","226","111","9.283185840707965","2.6548672566371683","0.8849557522123894","0","1.7699115044247788","21","3.9765625","3","256","135","9.140625","8.59375","0","0.78125","1.5625","21","4.051792828685259","1","251","130","9.298804780876495","0.796812749003984","3.187250996015936","2.7888446215139444","4.382470119521912","21","4.00398406374502","2","251","135","9.346613545816734","2.3904382470119523","0.796812749003984","2.3904382470119523","2.7888446215139444","21","4.06198347107438","3","242","159","9.256198347107437","10.330578512396695","1.2396694214876034","0.8264462809917356","1.6528925619834711","21","3.971311475409836","5","244","106","9.188524590163935","4.508196721311475","1.639344262295082","1.2295081967213115","2.459016393442623","21","3.946280991735537","5","242","137","9.388429752066116","5.785123966942149","0","2.0661157024793386","0.8264462809917356","21","4","6","221","130","9.113122171945701","5.882352941176471","4.524886877828054","2.7149321266968327","0.9049773755656109","21","4.053061224489796","3","245","116","9.208163265306123","3.2653061224489797","4.8979591836734695","0","4.081632653061225","21","3.9132231404958677","2","242","104","9.272727272727273","2.0661157024793386","2.479338842975207","2.8925619834710745","0","21","4.068965517241379","7","232","141","9.327586206896552","3.4482758620689653","1.7241379310344827","5.172413793103448","2.1551724137931036","21","3.9958847736625516","3","243","127","9.539094650205762","2.880658436213992","2.880658436213992","2.05761316872428","1.646090534979424","21","4.12719298245614","9","228","114","9.201754385964913","3.508771929824561","6.140350877192983","3.9473684210526314","5.701754385964913","21","4.104072398190045","5","221","148","9.638009049773755","5.882352941176471","1.3574660633484164","6.334841628959276","1.3574660633484164","21","3.9516129032258065","3","248","140","9.403225806451612","0.8064516129032258","0.8064516129032258","1.6129032258064515","3.629032258064516","21","4.0042194092827","2","237","140","9.274261603375528","4.641350210970464","1.6877637130801688","2.5316455696202533","2.109704641350211","21","3.9681274900398407","4","251","153","9.0199203187251","1.593625498007968","0","0","7.569721115537849","21","4.031372549019608","1","255","115","9.262745098039217","2.3529411764705883","3.5294117647058822","5.098039215686274","0.7843137254901961","21","4.1063829787234045","6","235","153","9.225531914893617","5.1063829787234045","3.404255319148936","6.382978723404255","0.851063829787234"
,"22","4.020242914979757","5","247","142","9.279352226720647","3.6437246963562755","6.477732793522267","0.8097165991902834","1.6194331983805668","22","4.142857142857143","6","224","134","9.428571428571429","1.3392857142857142","0","8.482142857142858","6.25","22","4.016064257028113","3","249","128","9.437751004016064","1.606425702811245","5.622489959839357","0.8032128514056225","4.417670682730924","22","4.115537848605578","2","251","138","9.235059760956176","2.7888446215139444","3.585657370517928","2.3904382470119523","7.968127490039841","22","4.071090047393365","3","211","107","9.175355450236967","4.739336492890995","7.109004739336493","2.843601895734597","0.9478672985781991","22","4","6","251","181","9.49800796812749","1.9920318725099602","1.9920318725099602","0.796812749003984","1.9920318725099602","22","4.066666666666666","2","240","129","9.333333333333334","7.5","0","2.9166666666666665","3.75","22","4.031872509960159","2","251","159","9.243027888446216","3.585657370517928","5.577689243027889","0.796812749003984","0.796812749003984","22","3.982683982683983","5","231","142","9.41125541125541","0.8658008658008658","0","4.329004329004329","1.7316017316017316","22","3.9300411522633745","5","243","136","9.267489711934155","4.526748971193416","0.823045267489712","0.823045267489712","1.646090534979424","22","4.042918454935623","5","233","138","9.59656652360515","3.004291845493562","1.2875536480686696","0","5.579399141630901","22","3.9363636363636365","7","220","118","9.472727272727273","6.818181818181818","2.727272727272727","2.272727272727273","0","22","3.968888888888889","5","225","118","9.608888888888888","1.7777777777777777","0.8888888888888888","4","4","22","4.102325581395349","7","215","138","9.469767441860466","1.8604651162790697","0.9302325581395349","7.906976744186046","4.651162790697675","22","3.94238683127572","3","243","136","9.407407407407407","4.526748971193416","0","2.4691358024691357","0.823045267489712","22","4.059288537549407","2","253","126","9.486166007905139","3.952569169960474","0.7905138339920948","5.138339920948616","5.138339920948616","22","4.063926940639269","4","219","143","9.424657534246576","3.1963470319634704","0.91324200913242","3.65296803652968","5.936073059360731","22","3.9502262443438916","2","221","131","9.393665158371041","0.9049773755656109","0","5.429864253393665","3.167420814479638","22","4.047413793103448","6","232","171","9.405172413793103","7.758620689655173","2.1551724137931036","0","2.1551724137931036","22","4.013215859030837","3","227","148","9.45374449339207","3.9647577092511015","0.44052863436123346","0.8810572687224669","6.607929515418502","22","4.1466666666666665","3","225","125","9.297777777777778","4","6.222222222222222","3.5555555555555554","4.444444444444445","22","3.8716814159292037","5","226","118","9.345132743362832","2.6548672566371683","0.8849557522123894","0","1.7699115044247788","22","3.9765625","3","256","152","9.2734375","8.59375","0","0.78125","1.5625","22","4.048192771084337","1","249","137","9.269076305220883","0.8032128514056225","2.8112449799196786","2.8112449799196786","4.417670682730924","22","4.00398406374502","2","251","142","9.402390438247012","2.3904382470119523","0.796812749003984","2.3904382470119523","2.7888446215139444","22","4.0625","4","240","177","9.316666666666666","10.416666666666666","1.25","0.8333333333333334","1.6666666666666667","22","3.97119341563786","6","243","122","9.275720164609053","4.526748971193416","1.646090534979424","1.2345679012345678","2.4691358024691357","22","3.946280991735537","5","242","153","9.520661157024794","5.785123966942149","0","2.0661157024793386","0.8264462809917356","22","3.995475113122172","6","221","160","9.384615384615385","5.882352941176471","4.524886877828054","2.7149321266968327","0.9049773755656109","22","4.053941908713693","4","241","131","9.153526970954356","3.319502074688797","4.979253112033195","0","4.149377593360996","22","3.9214876033057853","2","242","113","9.347107438016529","2.0661157024793386","2.479338842975207","2.8925619834710745","0","22","4.065217391304348","8","230","156","9.373913043478261","3.4782608695652173","1.7391304347826086","5.217391304347826","1.7391304347826086","22","3.9958677685950414","3","242","136","9.570247933884298","2.8925619834710745","2.8925619834710745","2.0661157024793386","1.6528925619834711","22","4.12280701754386","9","228","132","9.359649122807017","3.508771929824561","6.140350877192983","3.508771929824561","5.701754385964913","22","4.100456621004566","5","219","150","9.570776255707763","5.936073059360731","0.91324200913242","6.392694063926941","0.91324200913242","22","3.951417004048583","3","247","157","9.497975708502024","0.8097165991902834","0.8097165991902834","1.6194331983805668","3.6437246963562755","22","4.012765957446809","2","235","159","9.404255319148936","4.680851063829787","1.702127659574468","2.5531914893617023","2.127659574468085","22","3.9641434262948207","4","251","175","9.195219123505977","1.593625498007968","0","0","7.171314741035856","22","4.031496062992126","2","254","127","9.31496062992126","2.3622047244094486","3.543307086614173","5.118110236220472","0.7874015748031497","22","4.1068376068376065","6","234","170","9.324786324786325","5.128205128205129","3.4188034188034186","6.410256410256411","0.8547008547008547"
,"23","4.020325203252033","5","246","142","9.235772357723578","3.658536585365854","6.504065040650406","0.8130081300813008","1.6260162601626016","23","4.143497757847534","7","223","134","9.38116591928251","1.345291479820628","0","8.52017937219731","6.278026905829597","23","4.016064257028113","3","249","128","9.437751004016064","1.606425702811245","5.622489959839357","0.8032128514056225","4.417670682730924","23","4.115537848605578","2","251","138","9.235059760956176","2.7888446215139444","3.585657370517928","2.3904382470119523","7.968127490039841","23","4.080952380952381","3","210","107","9.133333333333333","5.238095238095238","7.619047619047619","2.857142857142857","0.9523809523809523","23","3.99601593625498","6","251","181","9.49800796812749","1.9920318725099602","1.9920318725099602","0.796812749003984","1.593625498007968","23","4.075","2","240","129","9.333333333333334","7.916666666666667","0","3.3333333333333335","3.75","23","4.01593625498008","2","251","159","9.243027888446216","2.7888446215139444","5.179282868525896","0.796812749003984","0.796812749003984","23","3.982683982683983","5","231","142","9.41125541125541","0.8658008658008658","0","4.329004329004329","1.7316017316017316","23","3.93801652892562","5","242","136","9.223140495867769","4.545454545454546","0.8264462809917356","1.2396694214876034","1.6528925619834711","23","4.042918454935623","5","233","138","9.59656652360515","3.004291845493562","1.2875536480686696","0","5.579399141630901","23","3.9363636363636365","7","220","118","9.472727272727273","6.818181818181818","2.727272727272727","2.272727272727273","0","23","3.96875","5","224","118","9.5625","1.7857142857142858","0.8928571428571429","4.017857142857143","4.017857142857143","23","4.102325581395349","7","215","138","9.469767441860466","1.8604651162790697","0.9302325581395349","7.906976744186046","4.651162790697675","23","3.9421487603305785","3","242","136","9.363636363636363","4.545454545454546","0","2.479338842975207","0.8264462809917356","23","4.063241106719367","2","253","126","9.486166007905139","3.952569169960474","0.7905138339920948","5.138339920948616","5.533596837944664","23","4.063926940639269","4","219","143","9.424657534246576","3.1963470319634704","0.91324200913242","3.65296803652968","5.936073059360731","23","3.9454545454545453","3","220","131","9.345454545454546","0.45454545454545453","0","5.454545454545454","3.1818181818181817","23","4.047826086956522","6","230","171","9.31304347826087","7.826086956521739","2.1739130434782608","0","2.1739130434782608","23","4.013215859030837","3","227","148","9.45374449339207","3.9647577092511015","0.44052863436123346","0.8810572687224669","6.607929515418502","23","4.148648648648648","4","222","125","9.17117117117117","4.054054054054054","6.306306306306307","3.6036036036036037","4.504504504504505","23","3.8716814159292037","5","226","118","9.345132743362832","2.6548672566371683","0.8849557522123894","0","1.7699115044247788","23","3.9765625","3","256","152","9.2734375","8.59375","0","0.78125","1.5625","23","4.044354838709677","1","248","137","9.225806451612904","0.8064516129032258","2.4193548387096775","2.8225806451612905","4.435483870967742","23","4.004","2","250","142","9.36","2.4","0.8","2.4","2.8","23","4.062761506276151","4","239","177","9.271966527196653","10.460251046025105","1.2552301255230125","0.8368200836820083","1.6736401673640167","23","3.9710743801652892","7","242","122","9.24793388429752","4.545454545454546","1.6528925619834711","1.2396694214876034","2.479338842975207","23","3.9460580912863072","5","241","153","9.477178423236515","5.394190871369295","0","2.074688796680498","0.8298755186721992","23","3.9954545454545456","7","220","160","9.336363636363636","5.909090909090909","4.545454545454546","2.727272727272727","0.9090909090909091","23","4.053941908713693","4","241","131","9.153526970954356","3.319502074688797","4.979253112033195","0","4.149377593360996","23","3.91701244813278","2","241","113","9.302904564315353","2.074688796680498","2.4896265560165975","2.904564315352697","0","23","4.065217391304348","8","230","156","9.373913043478261","3.4782608695652173","1.7391304347826086","5.217391304347826","1.7391304347826086","23","3.995850622406639","3","241","136","9.526970954356846","2.904564315352697","2.904564315352697","2.074688796680498","1.6597510373443984","23","4.12280701754386","9","228","132","9.359649122807017","3.508771929824561","6.140350877192983","3.508771929824561","5.701754385964913","23","4.105504587155964","5","218","150","9.522935779816514","5.963302752293578","1.3761467889908257","6.422018348623853","1.3761467889908257","23","3.951417004048583","3","247","157","9.497975708502024","0.8097165991902834","0.8097165991902834","1.6194331983805668","3.6437246963562755","23","4.0212765957446805","2","235","159","9.404255319148936","4.680851063829787","1.702127659574468","2.5531914893617023","2.127659574468085","23","3.9641434262948207","4","251","175","9.195219123505977","1.593625498007968","0","0","7.171314741035856","23","4.031496062992126","2","254","127","9.31496062992126","2.3622047244094486","3.543307086614173","5.118110236220472","0.7874015748031497","23","4.1072961373390555","6","233","170","9.278969957081545","5.150214592274678","3.4334763948497855","6.437768240343348","0.8583690987124464"
,"24","4.020491803278689","6","244","142","9.147540983606557","3.6885245901639343","6.147540983606557","0.819672131147541","1.639344262295082","24","4.148648648648648","7","222","134","9.333333333333334","1.3513513513513513","0","8.558558558558559","6.756756756756757","24","4.020080321285141","3","249","128","9.437751004016064","1.606425702811245","5.622489959839357","0.8032128514056225","4.819277108433735","24","4.115537848605578","2","251","138","9.235059760956176","2.7888446215139444","3.585657370517928","2.3904382470119523","7.968127490039841","24","4.081730769230769","5","208","107","9.038461538461538","4.8076923076923075","8.173076923076923","2.8846153846153846","0.9615384615384616","24","3.99601593625498","6","251","181","9.49800796812749","1.9920318725099602","1.9920318725099602","0.796812749003984","1.593625498007968","24","4.070833333333334","2","240","129","9.333333333333334","7.916666666666667","0","2.9166666666666665","3.75","24","4.032128514056225","3","249","159","9.188755020080322","3.21285140562249","5.622489959839357","0.8032128514056225","0.8032128514056225","24","3.982608695652174","5","230","142","9.365217391304348","0.8695652173913043","0","4.3478260869565215","1.7391304347826086","24","3.941666666666667","6","240","136","9.133333333333333","4.583333333333333","0.8333333333333334","0.8333333333333334","1.6666666666666667","24","4.043103448275862","5","232","138","9.551724137931034","3.0172413793103448","1.293103448275862","0","5.603448275862069","24","3.9315068493150687","7","219","118","9.461187214611872","6.8493150684931505","2.73972602739726","1.82648401826484","0","24","3.9732142857142856","5","224","118","9.5625","1.7857142857142858","0.8928571428571429","4.017857142857143","4.464285714285714","24","4.102325581395349","7","215","138","9.469767441860466","1.8604651162790697","0.9302325581395349","7.906976744186046","4.651162790697675","24","3.941666666666667","3","240","136","9.275","4.583333333333333","0","2.5","0.8333333333333334","24","4.063492063492063","3","252","126","9.444444444444445","3.9682539682539684","0.7936507936507936","5.158730158730159","5.555555555555555","24","4.064220183486238","4","218","143","9.376146788990825","3.2110091743119265","0.9174311926605505","3.669724770642202","5.963302752293578","24","3.9406392694063928","4","219","131","9.296803652968036","0","0","5.47945205479452","3.1963470319634704","24","4.048034934497816","6","229","171","9.275109170305678","7.860262008733624","2.183406113537118","0","2.183406113537118","24","4.013274336283186","3","226","148","9.4070796460177","3.982300884955752","0.4424778761061947","0.8849557522123894","6.6371681415929205","24","4.149321266968326","4","221","125","9.122171945701357","4.072398190045249","6.334841628959276","3.6199095022624435","4.524886877828054","24","3.874439461883408","8","223","118","9.201793721973095","2.690582959641256","0.8968609865470852","0","1.7937219730941705","24","3.9765625","3","256","152","9.2734375","8.59375","0","0.78125","1.5625","24","4.044534412955466","1","247","137","9.182186234817813","0.8097165991902834","2.42914979757085","2.834008097165992","4.4534412955465585","24","4.004","2","250","142","9.36","2.4","0.8","2.4","2.8","24","4.062761506276151","4","239","177","9.271966527196653","10.460251046025105","1.2552301255230125","0.8368200836820083","1.6736401673640167","24","3.975103734439834","7","241","122","9.269709543568466","4.564315352697095","1.6597510373443984","1.2448132780082988","2.4896265560165975","24","3.9460580912863072","5","241","153","9.477178423236515","4.979253112033195","0","2.074688796680498","0.8298755186721992","24","3.9954337899543377","7","219","160","9.287671232876713","5.936073059360731","4.566210045662101","2.73972602739726","0.91324200913242","24","4.054166666666666","5","240","131","9.108333333333333","3.3333333333333335","5","0","4.166666666666667","24","3.920502092050209","3","239","113","9.213389121338912","2.092050209205021","2.510460251046025","2.928870292887029","0","24","4.065789473684211","9","228","156","9.280701754385966","3.508771929824561","1.7543859649122806","5.2631578947368425","1.7543859649122806","24","3.995850622406639","3","241","136","9.526970954356846","2.904564315352697","2.904564315352697","2.074688796680498","1.6597510373443984","24","4.12280701754386","9","228","132","9.359649122807017","3.508771929824561","6.140350877192983","3.508771929824561","5.701754385964913","24","4.101851851851852","5","216","150","9.444444444444445","6.018518518518518","0.9259259259259259","6.481481481481482","0.9259259259259259","24","3.951219512195122","3","246","157","9.455284552845528","0.8130081300813008","0.8130081300813008","1.6260162601626016","3.658536585365854","24","4.021367521367521","2","234","159","9.35897435897436","4.700854700854701","1.7094017094017093","2.5641025641025643","2.1367521367521367","24","3.9641434262948207","4","251","175","9.195219123505977","1.593625498007968","0","0","7.171314741035856","24","4.036","4","250","127","9.168","2.4","3.6","5.2","0.8","24","4.107758620689655","6","232","170","9.232758620689655","5.172413793103448","3.4482758620689653","6.4655172413793105","0.8620689655172413"
,"25","3.81640625","6","256","164","9.421875","6.25","7.8125","2.34375","2.734375","25","3.684","7","250","151","8.944","5.6","4.4","11.6","9.6","25","3.859922178988327","4","257","140","9.416342412451362","3.501945525291829","6.614785992217898","1.9455252918287937","5.058365758754864","25","3.825278810408922","2","269","145","9.16728624535316","4.4609665427509295","4.83271375464684","4.83271375464684","10.780669144981413","25","3.756637168141593","5","226","129","9.132743362831858","7.964601769911504","7.964601769911504","5.752212389380531","6.1946902654867255","25","3.817490494296578","6","263","187","9.338403041825096","2.2813688212927756","3.4220532319391634","2.2813688212927756","3.041825095057034","25","3.688212927756654","3","263","133","9.011406844106464","11.406844106463879","2.2813688212927756","4.562737642585551","6.844106463878327","25","3.7954545454545454","3","264","184","9.257575757575758","4.924242424242424","6.4393939393939394","2.272727272727273","3.787878787878788","25","3.5625","5","256","155","9.0546875","3.90625","2.734375","8.203125","6.640625","25","3.6964980544747084","6","257","161","9.32295719844358","7.003891050583658","3.8910505836575875","2.3346303501945527","4.669260700389105","25","3.924686192468619","5","239","150","9.556485355648535","3.7656903765690375","2.928870292887029","0.8368200836820083","6.2761506276150625","25","3.6869565217391305","9","230","132","9.330434782608696","6.956521739130435","3.0434782608695654","5.217391304347826","2.1739130434782608","25","3.7142857142857144","5","238","129","9.302521008403362","3.361344537815126","3.361344537815126","6.722689075630252","5.882352941176471","25","3.9547511312217196","7","221","147","9.457013574660634","4.072398190045249","1.8099547511312217","8.144796380090497","7.239819004524887","25","3.6254826254826256","4","259","159","9.166023166023166","5.7915057915057915","3.861003861003861","3.861003861003861","4.2471042471042475","25","3.6956521739130435","3","276","140","9.181159420289855","5.797101449275362","4.7101449275362315","6.521739130434782","7.971014492753623","25","3.7203389830508473","4","236","153","9.186440677966102","6.3559322033898304","3.389830508474576","6.779661016949152","7.627118644067797","25","3.7510917030567685","4","229","149","9.388646288209607","1.7467248908296944","0.4366812227074236","7.423580786026201","4.366812227074236","25","3.752032520325203","6","246","186","9.211382113821138","8.94308943089431","5.691056910569106","2.4390243902439024","3.252032520325203","25","3.7261410788381744","5","241","161","9.336099585062241","5.394190871369295","2.4896265560165975","3.319502074688797","9.54356846473029","25","3.8208333333333333","4","240","141","9.158333333333333","5.416666666666667","7.083333333333333","6.25","7.916666666666667","25","3.676595744680851","8","235","133","9.310638297872341","4.25531914893617","3.8297872340425534","1.2765957446808511","3.404255319148936","25","3.840909090909091","3","264","161","9.31060606060606","9.090909090909092","2.272727272727273","1.5151515151515151","2.272727272727273","25","3.8122605363984676","1","261","155","9.241379310344827","1.1494252873563218","3.8314176245210727","4.21455938697318","6.513409961685824","25","3.6254545454545455","2","275","148","9.098181818181818","5.090909090909091","5.818181818181818","7.2727272727272725","4.7272727272727275","25","3.692015209125475","4","263","197","9.171102661596958","11.787072243346008","3.4220532319391634","3.041825095057034","4.942965779467681","25","3.719844357976654","8","257","136","9.27626459143969","6.614785992217898","3.11284046692607","1.9455252918287937","3.501945525291829","25","3.8801652892561984","5","242","160","9.512396694214877","5.371900826446281","0","2.479338842975207","1.2396694214876034","25","3.690677966101695","7","236","178","9.305084745762711","6.3559322033898304","6.779661016949152","4.661016949152542","3.8135593220338984","25","3.8300395256916997","6","253","160","9.280632411067193","4.3478260869565215","5.928853754940712","2.3715415019762847","5.928853754940712","25","3.6264591439688716","3","257","130","9.190661478599221","3.501945525291829","5.447470817120623","5.836575875486381","3.11284046692607","25","3.7663934426229506","9","244","174","9.180327868852459","4.508196721311475","3.278688524590164","7.786885245901639","2.8688524590163933","25","3.76078431372549","4","255","151","9.435294117647059","5.098039215686274","3.9215686274509802","4.705882352941177","4.705882352941177","25","3.789473684210526","9","247","142","9.157894736842104","5.2631578947368425","7.6923076923076925","5.2631578947368425","8.097165991902834","25","3.856521739130435","5","230","164","9.295652173913043","6.956521739130435","3.0434782608695654","8.26086956521739","2.608695652173913","25","3.5671641791044775","5","268","165","9.223880597014926","3.7313432835820897","4.104477611940299","4.850746268656716","5.970149253731344","25","3.7035573122529644","2","253","170","9.280632411067193","6.719367588932807","5.928853754940712","5.138339920948616","3.952569169960474","25","3.616788321167883","4","274","184","9.102189781021897","4.37956204379562","2.5547445255474455","2.9197080291970803","10.218978102189782","25","3.620071684587814","4","279","152","9.060931899641577","3.942652329749104","5.734767025089606","7.885304659498208","4.301075268817204","25","3.873469387755102","6","245","187","9.33061224489796","6.938775510204081","4.8979591836734695","7.755102040816326","4.489795918367347"
,"26","4.05859375","6","256","164","9.421875","4.6875","6.640625","0.390625","1.5625","26","4.181451612903226","7","248","151","8.862903225806452","2.4193548387096775","2.0161290322580645","10.483870967741936","6.451612903225806","26","4.03515625","4","256","140","9.4296875","1.5625","7.421875","0.78125","3.90625","26","4.141791044776119","3","268","145","9.126865671641792","2.611940298507463","5.223880597014926","1.492537313432836","10.447761194029852","26","4.112107623318385","7","223","129","9.04932735426009","7.174887892376682","8.52017937219731","3.1390134529147984","3.587443946188341","26","3.984732824427481","6","262","187","9.297709923664122","1.9083969465648856","2.2900763358778624","1.9083969465648856","1.5267175572519085","26","4.10727969348659","3","261","133","8.9272030651341","9.96168582375479","1.5325670498084292","3.0651340996168583","4.597701149425287","26","4.0418250950570345","3","263","184","9.2319391634981","3.4220532319391634","4.942965779467681","0.7604562737642585","0.7604562737642585","26","3.9960474308300395","6","253","155","8.924901185770752","3.1620553359683794","1.5810276679841897","5.533596837944664","1.5810276679841897","26","3.9844357976653697","6","257","161","9.32295719844358","4.669260700389105","2.3346303501945527","1.556420233463035","1.9455252918287937","26","4.075313807531381","5","239","150","9.556485355648535","3.7656903765690375","2.928870292887029","0.41841004184100417","5.439330543933054","26","3.9298245614035086","11","228","132","9.24561403508772","6.578947368421052","1.3157894736842106","3.508771929824561","0.43859649122807015","26","4.004237288135593","7","236","129","9.211864406779661","1.694915254237288","2.1186440677966103","5.084745762711864","3.8135593220338984","26","4.1045454545454545","7","220","147","9.409090909090908","3.1818181818181817","0.9090909090909091","7.7272727272727275","4.545454545454546","26","3.964980544747082","4","257","159","9.120622568093385","4.669260700389105","1.9455252918287937","1.9455252918287937","0.7782101167315175","26","4.0218181818181815","3","275","140","9.178181818181818","3.6363636363636362","0.7272727272727273","3.272727272727273","5.818181818181818","26","4.038135593220339","4","236","153","9.186440677966102","3.389830508474576","0.847457627118644","3.8135593220338984","5.932203389830509","26","3.9210526315789473","4","228","149","9.394736842105264","0","0","6.140350877192983","3.9473684210526314","26","4.09795918367347","6","245","186","9.16734693877551","9.387755102040817","3.2653061224489797","0.8163265306122449","3.2653061224489797","26","4.029166666666667","6","240","161","9.3","3.3333333333333335","0","0.8333333333333334","6.25","26","4.117154811715481","5","239","141","9.112970711297072","3.7656903765690375","5.857740585774058","4.184100418410042","5.857740585774058","26","3.8663793103448274","9","232","133","9.198275862068966","2.586206896551724","1.7241379310344827","0.43103448275862066","0.8620689655172413","26","4","4","263","161","9.269961977186313","9.885931558935361","1.520912547528517","0.7604562737642585","1.520912547528517","26","4.042307692307692","1","260","155","9.2","0.7692307692307693","3.076923076923077","3.8461538461538463","5.384615384615385","26","4.014598540145985","2","274","148","9.058394160583942","2.5547445255474455","1.4598540145985401","1.4598540145985401","2.9197080291970803","26","4.019157088122605","6","261","197","9.088122605363985","9.578544061302683","1.5325670498084292","0.7662835249042146","1.5325670498084292","26","3.9883268482490273","8","257","136","9.27626459143969","3.8910505836575875","1.556420233463035","1.1673151750972763","3.11284046692607","26","3.9419087136929463","5","241","160","9.468879668049793","4.979253112033195","0","1.6597510373443984","0.8298755186721992","26","4.021367521367521","8","234","178","9.213675213675213","5.982905982905983","4.700854700854701","3.8461538461538463","2.1367521367521367","26","4.071146245059288","6","253","160","9.280632411067193","3.1620553359683794","5.533596837944664","1.1857707509881423","4.743083003952569","26","3.9299610894941632","3","257","130","9.190661478599221","1.9455252918287937","3.11284046692607","4.280155642023346","1.1673151750972763","26","4.041152263374485","9","243","174","9.135802469135802","3.292181069958848","1.2345679012345678","6.584362139917696","1.646090534979424","26","4.003921568627451","4","255","151","9.435294117647059","3.9215686274509802","2.7450980392156863","1.9607843137254901","1.9607843137254901","26","4.0728744939271255","9","247","142","9.157894736842104","2.834008097165992","4.048582995951417","2.42914979757085","6.882591093117409","26","4.091703056768559","5","229","164","9.248908296943231","6.986899563318778","0.8733624454148472","6.11353711790393","2.183406113537118","26","3.947565543071161","6","267","165","9.183520599250937","0.7490636704119851","0.37453183520599254","1.4981273408239701","4.49438202247191","26","4.00796812749004","3","251","170","9.195219123505977","4.780876494023905","2.7888446215139444","2.7888446215139444","1.9920318725099602","26","4.010948905109489","4","274","184","9.102189781021897","1.8248175182481752","1.094890510948905","0.7299270072992701","7.664233576642336","26","4.018050541516246","4","277","152","8.989169675090253","2.1660649819494586","3.2490974729241877","3.2490974729241877","1.8050541516245486","26","4.1387755102040815","6","245","187","9.33061224489796","6.122448979591836","2.4489795918367347","6.938775510204081","2.4489795918367347"
,"27","4.051181102362205","6","254","164","9.338582677165354","4.724409448818897","6.299212598425197","0","1.5748031496062993","27","4.17741935483871","7","248","151","8.862903225806452","2.0161290322580645","3.225806451612903","9.67741935483871","6.048387096774194","27","4.03125","4","256","140","9.4296875","1.5625","7.421875","0.78125","3.90625","27","4.134831460674158","4","267","145","9.093632958801498","2.6217228464419478","4.119850187265918","1.4981273408239701","11.235955056179776","27","4.13063063063063","7","222","129","9","8.108108108108109","9.00900900900901","2.7027027027027026","3.1531531531531534","27","3.9885496183206106","6","262","187","9.297709923664122","1.9083969465648856","3.053435114503817","1.9083969465648856","1.5267175572519085","27","4.06949806949807","5","259","133","8.849420849420849","8.88030888030888","0.7722007722007722","2.3166023166023164","3.861003861003861","27","4.038022813688213","3","263","184","9.2319391634981","3.041825095057034","4.942965779467681","0.7604562737642585","0.7604562737642585","27","4","6","253","155","8.924901185770752","2.766798418972332","1.1857707509881423","5.138339920948616","1.5810276679841897","27","3.9765625","6","256","161","9.28125","4.296875","1.953125","1.5625","1.5625","27","4.075313807531381","5","239","150","9.556485355648535","3.7656903765690375","2.928870292887029","0","5.439330543933054","27","3.920704845814978","12","227","132","9.198237885462555","6.607929515418502","0","3.5242290748898677","0.44052863436123346","27","4","7","236","129","9.211864406779661","1.694915254237288","2.1186440677966103","4.661016949152542","3.8135593220338984","27","4.109589041095891","7","219","147","9.36986301369863","3.1963470319634704","0.91324200913242","7.762557077625571","4.109589041095891","27","3.9490196078431374","5","255","159","9.04313725490196","4.313725490196078","1.5686274509803921","1.5686274509803921","0.7843137254901961","27","4.029197080291971","3","274","140","9.138686131386862","3.6496350364963503","0.7299270072992701","3.2846715328467155","5.839416058394161","27","4.038135593220339","4","236","153","9.186440677966102","3.389830508474576","0.847457627118644","3.389830508474576","6.3559322033898304","27","3.9155555555555557","5","225","149","9.253333333333334","0","0","6.222222222222222","3.5555555555555554","27","4.1020408163265305","6","245","186","9.16734693877551","10.204081632653061","2.857142857142857","0.8163265306122449","3.2653061224489797","27","4.020833333333333","6","240","161","9.3","2.9166666666666665","0","0.8333333333333334","6.25","27","4.122362869198312","5","237","141","9.021097046413502","3.7974683544303796","5.485232067510548","5.063291139240507","5.9071729957805905","27","3.8701298701298703","9","231","133","9.151515151515152","1.7316017316017316","2.1645021645021645","0","0.8658008658008658","27","3.9961977186311786","4","263","161","9.269961977186313","9.125475285171103","1.9011406844106464","0.7604562737642585","1.520912547528517","27","4.038759689922481","1","258","155","9.155038759689923","0.7751937984496124","2.7131782945736433","3.488372093023256","4.263565891472868","27","4.007352941176471","3","272","148","8.977941176470589","2.2058823529411766","1.4705882352941178","1.4705882352941178","2.9411764705882355","27","4.003846153846154","6","260","197","9.046153846153846","9.23076923076923","1.1538461538461537","0.7692307692307693","1.5384615384615385","27","3.984375","9","256","136","9.234375","3.90625","1.5625","1.171875","3.125","27","3.933333333333333","5","240","160","9.425","5","0","0.4166666666666667","0.8333333333333334","27","4.034188034188034","8","234","178","9.213675213675213","6.410256410256411","4.700854700854701","3.8461538461538463","2.1367521367521367","27","4.071428571428571","7","252","160","9.238095238095237","3.1746031746031744","5.555555555555555","1.1904761904761905","4.761904761904762","27","3.9299610894941632","3","257","130","9.190661478599221","1.9455252918287937","3.11284046692607","4.280155642023346","0.7782101167315175","27","4.041322314049586","9","242","174","9.090909090909092","3.3057851239669422","0.8264462809917356","6.6115702479338845","1.6528925619834711","27","4.003952569169961","4","253","151","9.351778656126482","3.952569169960474","2.766798418972332","1.976284584980237","1.976284584980237","27","4.065040650406504","9","246","142","9.16260162601626","2.4390243902439024","3.658536585365854","2.4390243902439024","6.9105691056910565","27","4.092105263157895","5","228","164","9.210526315789474","7.017543859649122","1.3157894736842106","6.140350877192983","2.6315789473684212","27","3.9622641509433962","6","265","165","9.10188679245283","0.7547169811320755","0.7547169811320755","1.509433962264151","4.528301886792453","27","4.004","3","250","170","9.152","4.8","2.4","2.4","2","27","4.018315018315018","4","273","184","9.062271062271062","2.197802197802198","0.3663003663003663","1.098901098901099","7.326007326007326","27","4.021739130434782","4","276","152","8.956521739130435","2.1739130434782608","3.6231884057971016","3.260869565217391","1.8115942028985508","27","4.1387755102040815","6","245","187","9.33061224489796","6.122448979591836","2.4489795918367347","6.938775510204081","2.4489795918367347"
,"28","4.062992125984252","6","254","178","9.448818897637794","4.724409448818897","7.480314960629921","0","1.5748031496062993","28","4.173387096774194","7","248","174","9.048387096774194","2.0161290322580645","2.8225806451612905","9.67741935483871","5.241935483870968","28","4.027450980392157","5","255","143","9.411764705882353","1.5686274509803921","7.450980392156863","0.7843137254901961","3.5294117647058822","28","4.139097744360902","5","266","157","9.142857142857142","2.6315789473684212","4.511278195488722","1.1278195488721805","11.278195488721805","28","4.132420091324201","9","219","148","9.031963470319635","7.30593607305936","9.132420091324201","3.1963470319634704","3.1963470319634704","28","4","7","261","198","9.340996168582375","1.9157088122605364","2.681992337164751","1.9157088122605364","1.5325670498084292","28","4.093023255813954","5","258","159","9.007751937984496","9.689922480620154","1.1627906976744187","1.937984496124031","4.651162790697675","28","4.038022813688213","3","263","194","9.307984790874524","3.041825095057034","4.942965779467681","0.7604562737642585","0.7604562737642585","28","4.003952569169961","6","253","176","9.090909090909092","2.766798418972332","1.5810276679841897","5.138339920948616","1.5810276679841897","28","3.984313725490196","7","255","176","9.35686274509804","4.705882352941177","1.9607843137254901","1.9607843137254901","1.5686274509803921","28","4.075313807531381","5","239","154","9.589958158995817","3.7656903765690375","2.928870292887029","0","5.439330543933054","28","3.920353982300885","13","226","141","9.230088495575222","6.6371681415929205","0","3.5398230088495577","0.4424778761061947","28","4","7","235","136","9.225531914893617","1.702127659574468","2.127659574468085","4.680851063829787","3.8297872340425534","28","4.106481481481482","8","216","162","9.36111111111111","3.240740740740741","0.9259259259259259","7.87037037037037","3.7037037037037037","28","3.9448818897637796","6","254","180","9.165354330708661","4.330708661417323","1.5748031496062993","1.5748031496062993","0.7874015748031497","28","4.021897810218978","3","274","154","9.24087591240876","3.6496350364963503","0.7299270072992701","3.2846715328467155","5.839416058394161","28","4.038135593220339","4","236","159","9.23728813559322","3.389830508474576","0.847457627118644","3.389830508474576","6.3559322033898304","28","3.9049773755656108","5","221","162","9.18552036199095","0","0","5.429864253393665","3.167420814479638","28","4.102880658436214","7","243","197","9.176954732510287","9.876543209876543","3.292181069958848","0.823045267489712","3.292181069958848","28","4.0210084033613445","8","238","171","9.294117647058824","2.9411764705882355","0","0.8403361344537815","6.302521008403361","28","4.122881355932203","6","236","159","9.135593220338983","3.8135593220338984","5.508474576271187","5.084745762711864","5.932203389830509","28","3.865217391304348","9","230","143","9.191304347826087","1.7391304347826086","2.1739130434782608","0","0.8695652173913043","28","3.9961977186311786","4","263","173","9.361216730038024","9.505703422053232","1.520912547528517","0.7604562737642585","1.520912547528517","28","4.038910505836576","1","257","171","9.237354085603112","0.38910505836575876","2.3346303501945527","3.11284046692607","4.280155642023346","28","4.011029411764706","3","272","167","9.117647058823529","2.2058823529411766","1.4705882352941178","1.4705882352941178","2.9411764705882355","28","4","7","255","218","9.035294117647059","9.019607843137255","1.1764705882352942","0.7843137254901961","1.5686274509803921","28","3.988235294117647","9","255","142","9.239215686274509","3.9215686274509802","1.1764705882352942","1.1764705882352942","3.1372549019607843","28","3.9291666666666667","5","240","172","9.525","5","0","0","0.8333333333333334","28","4.034334763948498","8","233","192","9.28755364806867","6.008583690987124","4.721030042918455","3.8626609442060085","2.1459227467811157","28","4.0717131474103585","8","251","177","9.330677290836654","3.187250996015936","5.577689243027889","1.1952191235059761","4.780876494023905","28","3.9299610894941632","3","257","145","9.30739299610895","1.9455252918287937","3.11284046692607","3.8910505836575875","0.7782101167315175","28","4.041322314049586","9","242","188","9.206611570247935","3.3057851239669422","0.8264462809917356","6.6115702479338845","1.6528925619834711","28","4","4","252","159","9.373015873015873","3.9682539682539684","2.7777777777777777","1.5873015873015872","1.9841269841269842","28","4.061475409836065","10","244","154","9.172131147540984","2.459016393442623","3.6885245901639343","2.459016393442623","6.967213114754099","28","4.084070796460177","5","226","177","9.230088495575222","6.6371681415929205","0.8849557522123894","6.1946902654867255","2.2123893805309733","28","3.9583333333333335","6","264","182","9.18939393939394","0.7575757575757576","0.7575757575757576","1.5151515151515151","4.166666666666667","28","4.008064516129032","3","248","184","9.17741935483871","4.838709677419355","2.4193548387096775","2.4193548387096775","2.0161290322580645","28","4.011029411764706","4","272","200","9.139705882352942","1.838235294117647","0","0.7352941176470589","7.720588235294118","28","4.021739130434782","4","276","167","9.065217391304348","2.1739130434782608","3.260869565217391","3.260869565217391","1.8115942028985508","28","4.1387755102040815","6","245","199","9.428571428571429","6.122448979591836","2.4489795918367347","6.938775510204081","2.4489795918367347"
,"29","4.05511811023622","6","254","178","9.448818897637794","4.724409448818897","6.692913385826771","0","1.5748031496062993","29","4.189516129032258","7","248","174","9.048387096774194","2.0161290322580645","2.8225806451612905","11.290322580645162","5.645161290322581","29","4.027450980392157","5","255","143","9.411764705882353","1.5686274509803921","7.450980392156863","0.7843137254901961","3.5294117647058822","29","4.1358490566037736","5","265","157","9.10188679245283","2.641509433962264","4.528301886792453","0.7547169811320755","11.69811320754717","29","4.13302752293578","9","218","148","8.98165137614679","7.798165137614679","9.174311926605505","2.7522935779816513","3.2110091743119265","29","4.007662835249042","7","261","198","9.340996168582375","1.9157088122605364","2.681992337164751","1.9157088122605364","1.5325670498084292","29","4.09765625","7","256","159","8.9375","8.984375","1.171875","1.953125","5.078125","29","4.038022813688213","3","263","194","9.307984790874524","3.041825095057034","4.942965779467681","0.7604562737642585","0.7604562737642585","29","4.007905138339921","6","253","176","9.090909090909092","3.5573122529644268","1.1857707509881423","5.138339920948616","1.5810276679841897","29","3.9761904761904763","7","252","176","9.238095238095237","4.365079365079365","1.9841269841269842","1.5873015873015872","1.5873015873015872","29","4.075949367088608","6","237","154","9.50210970464135","3.7974683544303796","2.9535864978902953","0","5.485232067510548","29","3.920353982300885","13","226","141","9.230088495575222","6.6371681415929205","0","3.5398230088495577","0.4424778761061947","29","4","7","234","136","9.188034188034187","1.7094017094017093","2.1367521367521367","4.700854700854701","3.8461538461538463","29","4.1069767441860465","9","215","162","9.311627906976744","3.255813953488372","0.9302325581395349","7.906976744186046","3.7209302325581395","29","3.9488188976377954","6","254","180","9.165354330708661","4.330708661417323","1.5748031496062993","1.968503937007874","0.7874015748031497","29","4.021978021978022","4","273","154","9.2014652014652","3.663003663003663","0.7326007326007326","3.2967032967032965","5.86080586080586","29","4.0423728813559325","4","236","159","9.23728813559322","3.389830508474576","1.271186440677966","3.389830508474576","6.3559322033898304","29","3.903669724770642","6","218","162","9.036697247706423","0","0","5.504587155963303","3.2110091743119265","29","4.090909090909091","7","242","197","9.132231404958677","9.090909090909092","2.8925619834710745","0.8264462809917356","3.3057851239669422","29","4.0210970464135025","8","237","171","9.248945147679326","2.9535864978902953","0","0.8438818565400844","6.329113924050633","29","4.122881355932203","6","236","159","9.135593220338983","3.8135593220338984","5.508474576271187","5.084745762711864","5.932203389830509","29","3.865217391304348","9","230","143","9.191304347826087","1.7391304347826086","2.1739130434782608","0","0.8695652173913043","29","3.9923664122137406","4","262","173","9.320610687022901","8.778625954198473","1.9083969465648856","0.7633587786259542","1.5267175572519085","29","4.038910505836576","1","257","171","9.237354085603112","0","2.3346303501945527","3.501945525291829","4.280155642023346","29","4.014760147601476","3","271","167","9.07749077490775","2.2140221402214024","1.4760147601476015","1.4760147601476015","2.952029520295203","29","4.0078740157480315","7","254","218","9.031496062992126","9.05511811023622","1.1811023622047243","0.7874015748031497","1.5748031496062993","29","3.9801587301587302","10","252","142","9.119047619047619","3.5714285714285716","0.7936507936507936","1.1904761904761905","3.1746031746031744","29","3.9291666666666667","5","240","172","9.525","5","0","0","0.8333333333333334","29","4.034334763948498","8","233","192","9.28755364806867","6.008583690987124","4.721030042918455","3.8626609442060085","2.1459227467811157","29","4.072","9","250","177","9.296","3.2","5.6","1.2","4.8","29","3.92578125","3","256","145","9.265625","1.953125","3.125","3.515625","0.78125","29","4.041322314049586","9","242","188","9.206611570247935","3.3057851239669422","0.8264462809917356","6.6115702479338845","1.6528925619834711","29","4.00398406374502","4","251","159","9.330677290836654","3.9840637450199203","2.7888446215139444","1.593625498007968","1.9920318725099602","29","4.066115702479339","10","242","154","9.090909090909092","2.479338842975207","3.71900826446281","2.479338842975207","7.024793388429752","29","4.084070796460177","5","226","177","9.230088495575222","6.1946902654867255","1.3274336283185841","6.1946902654867255","2.6548672566371683","29","3.9580152671755724","7","262","182","9.129770992366412","0.7633587786259542","0.7633587786259542","1.5267175572519085","4.198473282442748","29","4.012195121951219","3","246","184","9.097560975609756","4.878048780487805","2.4390243902439024","2.4390243902439024","2.032520325203252","29","4.018450184501845","5","271","200","9.107011070110701","2.2140221402214024","0","1.1070110701107012","7.749077490774908","29","4.021739130434782","4","276","167","9.065217391304348","2.1739130434782608","3.6231884057971016","3.260869565217391","1.8115942028985508","29","4.135245901639344","6","244","199","9.385245901639344","5.737704918032787","2.459016393442623","6.967213114754099","2.459016393442623"
,"30","4.066929133858268","6","254","178","9.448818897637794","4.724409448818897","7.874015748031496","0","1.5748031496062993","30","4.190283400809717","8","247","174","9.004048582995951","2.0242914979757085","2.42914979757085","11.336032388663968","5.668016194331984","30","4.03921568627451","5","255","143","9.411764705882353","1.5686274509803921","8.235294117647058","0.7843137254901961","3.9215686274509802","30","4.143396226415095","5","265","157","9.10188679245283","2.641509433962264","4.90566037735849","0.7547169811320755","11.69811320754717","30","4.1336405529953915","9","217","148","8.949308755760368","6.912442396313364","9.67741935483871","3.225806451612903","3.225806451612903","30","4.011494252873563","7","261","198","9.340996168582375","1.9157088122605364","2.681992337164751","2.2988505747126435","1.5325670498084292","30","4.102362204724409","8","254","159","8.850393700787402","9.84251968503937","1.1811023622047243","1.968503937007874","4.724409448818897","30","4.046153846153846","3","260","194","9.184615384615384","3.076923076923077","5.384615384615385","0.7692307692307693","0.7692307692307693","30","4.003968253968254","6","252","176","9.047619047619047","3.1746031746031744","1.1904761904761905","5.158730158730159","1.5873015873015872","30","3.9761904761904763","7","252","176","9.238095238095237","4.365079365079365","1.9841269841269842","1.5873015873015872","1.5873015873015872","30","4.075949367088608","6","237","154","9.50210970464135","3.7974683544303796","2.9535864978902953","0","5.485232067510548","30","3.92","13","225","141","9.182222222222222","6.666666666666667","0","3.5555555555555554","0.4444444444444444","30","4","8","233","136","9.141630901287554","1.2875536480686696","2.1459227467811157","4.291845493562231","4.291845493562231","30","4.107476635514018","9","214","162","9.261682242990654","3.2710280373831777","0.9345794392523364","7.94392523364486","3.7383177570093458","30","3.9448818897637796","6","254","180","9.165354330708661","4.330708661417323","1.5748031496062993","1.5748031496062993","0.7874015748031497","30","4.022058823529412","5","272","154","9.161764705882353","3.676470588235294","0.7352941176470589","3.3088235294117645","5.882352941176471","30","4.038461538461538","4","234","159","9.145299145299145","3.4188034188034186","0.8547008547008547","3.4188034188034186","6.410256410256411","30","3.903669724770642","6","218","162","9.036697247706423","0","0","5.504587155963303","3.2110091743119265","30","4.099173553719008","7","242","197","9.132231404958677","9.090909090909092","3.71900826446281","0.8264462809917356","3.3057851239669422","30","4.0210970464135025","8","237","171","9.248945147679326","2.9535864978902953","0","0.8438818565400844","6.329113924050633","30","4.1239316239316235","6","234","159","9.042735042735043","3.8461538461538463","5.555555555555555","5.128205128205129","5.982905982905983","30","3.8602620087336246","10","229","143","9.14410480349345","1.7467248908296944","1.7467248908296944","0","0.8733624454148472","30","3.992337164750958","5","261","173","9.279693486590038","9.195402298850574","1.5325670498084292","0.7662835249042146","1.5325670498084292","30","4.043137254901961","2","255","171","9.16078431372549","0","2.3529411764705883","3.1372549019607843","4.313725490196078","30","4.014760147601476","3","271","167","9.07749077490775","2.2140221402214024","1.4760147601476015","1.4760147601476015","2.952029520295203","30","4.0078740157480315","7","254","218","9.031496062992126","9.05511811023622","1.1811023622047243","0.7874015748031497","1.5748031496062993","30","3.9840637450199203","11","251","142","9.07569721115538","3.585657370517928","0.796812749003984","1.1952191235059761","3.187250996015936","30","3.928870292887029","5","239","172","9.481171548117155","5.02092050209205","0","0","0.8368200836820083","30","4.0344827586206895","8","232","192","9.241379310344827","6.0344827586206895","4.741379310344827","3.8793103448275863","2.1551724137931036","30","4.072289156626506","9","249","177","9.25301204819277","3.21285140562249","5.622489959839357","1.2048192771084338","4.819277108433735","30","3.93359375","3","256","145","9.265625","1.953125","3.125","3.515625","0.78125","30","4.041666666666667","9","240","188","9.125","3.3333333333333335","0.8333333333333334","6.666666666666667","1.6666666666666667","30","4.004","4","250","159","9.288","4","2.8","1.6","2","30","4.062240663900415","11","241","154","9.070539419087137","2.4896265560165975","3.7344398340248963","2.4896265560165975","7.053941908713693","30","4.079646017699115","5","226","177","9.230088495575222","6.1946902654867255","0.8849557522123894","6.1946902654867255","2.2123893805309733","30","3.9580152671755724","7","262","182","9.129770992366412","0.7633587786259542","0.7633587786259542","1.5267175572519085","4.198473282442748","30","4.012195121951219","3","246","184","9.097560975609756","4.878048780487805","2.4390243902439024","2.4390243902439024","2.032520325203252","30","4.011111111111111","5","270","200","9.074074074074074","1.8518518518518519","0","0.7407407407407407","7.777777777777778","30","4.021897810218978","4","274","167","8.985401459854014","2.18978102189781","3.2846715328467155","3.2846715328467155","1.8248175182481752","30","4.136363636363637","6","242","199","9.305785123966942","5.785123966942149","2.479338842975207","7.024793388429752","2.479338842975207"
,"31","4.059288537549407","6","253","189","9.494071146245059","4.743083003952569","7.1146245059288535","0","1.5810276679841897","31","4.208163265306123","9","245","190","9.044897959183674","2.0408163265306123","2.857142857142857","12.653061224489797","5.714285714285714","31","4.031372549019608","5","255","152","9.48235294117647","1.5686274509803921","7.450980392156863","0.7843137254901961","3.9215686274509802","31","4.132075471698113","5","265","178","9.260377358490565","2.641509433962264","4.150943396226415","0.7547169811320755","11.69811320754717","31","4.12037037037037","9","216","170","9.101851851851851","6.481481481481482","9.25925925925926","2.7777777777777777","3.240740740740741","31","4.007662835249042","7","261","205","9.39463601532567","1.9157088122605364","2.681992337164751","1.9157088122605364","1.5325670498084292","31","4.102766798418973","8","253","187","9.027667984189723","9.486166007905139","1.1857707509881423","1.976284584980237","5.138339920948616","31","4.050387596899225","4","258","210","9.224806201550388","3.10077519379845","5.038759689922481","0.7751937984496124","0.7751937984496124","31","4.004","6","250","188","9.08","3.2","1.2","5.2","1.6","31","3.976","8","250","199","9.336","4.4","2","1.6","1.6","31","4.076271186440678","6","236","161","9.516949152542374","3.8135593220338984","2.9661016949152543","0","5.508474576271187","31","3.92","13","225","160","9.351111111111111","6.666666666666667","0","3.5555555555555554","0.4444444444444444","31","3.9914163090128754","8","233","151","9.270386266094421","0.8583690987124464","2.1459227467811157","3.8626609442060085","3.8626609442060085","31","4.107476635514018","9","214","184","9.467289719626168","3.2710280373831777","0.9345794392523364","7.94392523364486","3.7383177570093458","31","3.9448818897637796","6","254","194","9.275590551181102","4.330708661417323","1.5748031496062993","1.5748031496062993","0.7874015748031497","31","4.018518518518518","6","270","167","9.177777777777777","3.7037037037037037","0.7407407407407407","3.3333333333333335","5.555555555555555","31","4.038461538461538","4","234","174","9.273504273504274","3.4188034188034186","0.8547008547008547","3.4188034188034186","6.410256410256411","31","3.903669724770642","6","218","193","9.321100917431192","0","0","5.504587155963303","3.2110091743119265","31","4.0995850622406635","7","241","216","9.244813278008298","9.12863070539419","3.319502074688797","1.2448132780082988","3.319502074688797","31","4.021186440677966","8","236","189","9.35593220338983","2.9661016949152543","0","0.847457627118644","6.3559322033898304","31","4.1239316239316235","6","234","177","9.196581196581196","3.8461538461538463","5.555555555555555","5.128205128205129","5.982905982905983","31","3.8558951965065504","10","229","155","9.248908296943231","1.7467248908296944","1.3100436681222707","0","0.8733624454148472","31","3.992337164750958","5","261","182","9.348659003831418","8.812260536398467","1.9157088122605364","0.7662835249042146","1.5325670498084292","31","4.047244094488189","3","254","187","9.244094488188976","0","2.3622047244094486","3.543307086614173","4.330708661417323","31","4.014869888475836","3","269","188","9.159851301115241","2.2304832713754648","1.486988847583643","1.486988847583643","2.973977695167286","31","4.007905138339921","7","253","244","9.193675889328063","9.090909090909092","1.1857707509881423","0.7905138339920948","1.5810276679841897","31","3.9800796812749004","11","251","166","9.266932270916335","3.585657370517928","0.796812749003984","1.1952191235059761","3.187250996015936","31","3.9285714285714284","5","238","186","9.554621848739496","5.042016806722689","0","0","0.8403361344537815","31","4.034632034632034","8","231","207","9.324675324675324","6.0606060606060606","4.761904761904762","3.896103896103896","2.1645021645021645","31","4.072289156626506","9","249","190","9.357429718875501","3.21285140562249","5.622489959839357","1.2048192771084338","4.819277108433735","31","3.9291338582677167","3","254","151","9.228346456692913","1.968503937007874","3.1496062992125986","3.543307086614173","0.7874015748031497","31","4.041841004184101","9","239","196","9.146443514644352","3.3472803347280333","0.8368200836820083","6.694560669456067","1.6736401673640167","31","4.004016064257028","4","249","173","9.357429718875501","4.016064257028113","2.8112449799196786","1.606425702811245","2.0080321285140563","31","4.070833333333334","11","240","176","9.208333333333334","2.5","3.75","2.5","7.083333333333333","31","4.084070796460177","5","226","191","9.353982300884956","6.1946902654867255","1.3274336283185841","6.1946902654867255","2.6548672566371683","31","3.9580152671755724","7","262","203","9.290076335877863","0.7633587786259542","0.7633587786259542","1.5267175572519085","4.198473282442748","31","4.016393442622951","4","244","206","9.19672131147541","4.918032786885246","2.459016393442623","2.8688524590163933","2.0491803278688523","31","4.018518518518518","5","270","216","9.192592592592593","2.2222222222222223","0","1.1111111111111112","7.777777777777778","31","4.021897810218978","4","274","183","9.102189781021897","2.18978102189781","3.6496350364963503","3.2846715328467155","1.8248175182481752","31","4.136929460580913","7","241","214","9.385892116182573","5.809128630705394","2.4896265560165975","7.053941908713693","2.4896265560165975"
,"32","4.071146245059288","6","253","189","9.494071146245059","4.743083003952569","8.300395256916996","0","1.5810276679841897","32","4.2","9","245","190","9.044897959183674","1.6326530612244898","3.2653061224489797","11.83673469387755","5.3061224489795915","32","4.0355731225296445","6","253","152","9.399209486166008","1.5810276679841897","7.1146245059288535","0.7905138339920948","4.743083003952569","32","4.141221374045801","6","262","178","9.13740458015267","2.6717557251908395","4.198473282442748","0.7633587786259542","12.595419847328245","32","4.125","9","216","170","9.101851851851851","6.944444444444445","9.25925925925926","2.7777777777777777","3.240740740740741","32","4.011494252873563","7","261","205","9.39463601532567","1.9157088122605364","2.681992337164751","1.9157088122605364","1.9157088122605364","32","4.099206349206349","9","252","187","8.984126984126984","9.523809523809524","1.1904761904761905","1.9841269841269842","4.761904761904762","32","4.054263565891473","4","258","210","9.224806201550388","3.10077519379845","5.038759689922481","0.7751937984496124","0.7751937984496124","32","4","6","250","188","9.08","2.8","1.2","5.2","1.6","32","3.975806451612903","9","248","199","9.25","4.435483870967742","2.0161290322580645","1.6129032258064515","1.6129032258064515","32","4.076595744680851","7","235","161","9.472340425531915","3.8297872340425534","2.978723404255319","0","5.531914893617022","32","3.919642857142857","14","224","160","9.303571428571429","6.696428571428571","0","3.5714285714285716","0.44642857142857145","32","3.9956896551724137","8","232","151","9.224137931034482","0.8620689655172413","2.1551724137931036","3.8793103448275863","4.310344827586207","32","4.107476635514018","9","214","184","9.467289719626168","3.2710280373831777","0.9345794392523364","7.94392523364486","3.7383177570093458","32","3.9488188976377954","6","254","194","9.275590551181102","4.330708661417323","1.5748031496062993","1.968503937007874","0.7874015748031497","32","4.018796992481203","8","266","167","9.015037593984962","3.7593984962406015","0.7518796992481203","3.3834586466165413","5.2631578947368425","32","4.03862660944206","4","233","174","9.227467811158798","3.4334763948497855","0.8583690987124464","3.4334763948497855","6.437768240343348","32","3.903669724770642","6","218","193","9.321100917431192","0","0","5.504587155963303","3.2110091743119265","32","4.095435684647303","7","241","216","9.244813278008298","9.54356846473029","2.904564315352697","0.8298755186721992","3.319502074688797","32","4.0212765957446805","8","235","189","9.310638297872341","2.978723404255319","0","0.851063829787234","6.382978723404255","32","4.125541125541125","7","231","177","9.073593073593074","3.896103896103896","5.627705627705628","5.194805194805195","6.0606060606060606","32","3.854625550660793","10","227","155","9.154185022026432","1.7621145374449338","1.3215859030837005","0","0.8810572687224669","32","3.9884615384615385","5","260","182","9.307692307692308","8.846153846153847","1.5384615384615385","0.7692307692307693","1.5384615384615385","32","4.047808764940239","3","251","187","9.115537848605578","0","2.3904382470119523","3.585657370517928","4.382470119521912","32","4.0111940298507465","3","268","188","9.119402985074627","2.2388059701492535","1.492537313432836","1.492537313432836","2.611940298507463","32","4.007936507936508","7","252","244","9.15079365079365","9.126984126984127","1.1904761904761905","0.7936507936507936","1.5873015873015872","32","3.9839357429718874","12","249","166","9.180722891566266","3.6144578313253013","0.8032128514056225","1.2048192771084338","3.21285140562249","32","3.927659574468085","6","235","186","9.438297872340426","5.1063829787234045","0","0","0.851063829787234","32","4.034632034632034","8","231","207","9.324675324675324","6.0606060606060606","4.761904761904762","3.896103896103896","2.1645021645021645","32","4.07258064516129","10","248","190","9.314516129032258","3.225806451612903","5.645161290322581","1.2096774193548387","4.838709677419355","32","3.9325396825396823","3","252","151","9.142857142857142","1.9841269841269842","3.1746031746031744","3.5714285714285716","0.7936507936507936","32","4.042016806722689","9","238","196","9.100840336134453","3.361344537815126","0.8403361344537815","6.722689075630252","1.680672268907563","32","4.004048582995951","4","247","173","9.279352226720647","4.048582995951417","2.834008097165992","1.6194331983805668","2.0242914979757085","32","4.070833333333334","11","240","176","9.208333333333334","2.5","3.75","2.5","7.083333333333333","32","4.0807174887892375","7","223","191","9.210762331838565","6.278026905829597","0.8968609865470852","6.278026905829597","2.242152466367713","32","3.9575289575289574","9","259","203","9.166023166023166","0.7722007722007722","0.7722007722007722","1.5444015444015444","4.2471042471042475","32","4.012295081967213","4","244","206","9.19672131147541","4.918032786885246","2.459016393442623","2.459016393442623","2.0491803278688523","32","4.014814814814815","5","270","216","9.192592592592593","1.8518518518518519","0","1.1111111111111112","7.777777777777778","32","4.0256410256410255","5","273","183","9.062271062271062","2.197802197802198","4.029304029304029","3.2967032967032965","1.8315018315018314","32","4.136929460580913","7","241","214","9.385892116182573","5.809128630705394","2.4896265560165975","7.053941908713693","2.4896265560165975"
,"33","4.071146245059288","6","253","189","9.494071146245059","5.138339920948616","7.905138339920948","0","1.5810276679841897","33","4.204081632653061","9","245","190","9.044897959183674","2.0408163265306123","2.857142857142857","11.83673469387755","5.714285714285714","33","4.0355731225296445","6","253","152","9.399209486166008","1.5810276679841897","7.1146245059288535","0.7905138339920948","4.743083003952569","33","4.141221374045801","6","262","178","9.13740458015267","2.6717557251908395","4.198473282442748","0.7633587786259542","12.595419847328245","33","4.12037037037037","9","216","170","9.101851851851851","6.481481481481482","9.25925925925926","2.7777777777777777","3.240740740740741","33","4.007662835249042","7","261","205","9.39463601532567","1.9157088122605364","2.681992337164751","1.9157088122605364","1.5325670498084292","33","4.095238095238095","9","252","187","8.984126984126984","9.126984126984127","1.1904761904761905","1.9841269841269842","4.761904761904762","33","4.050387596899225","4","258","210","9.224806201550388","3.488372093023256","4.263565891472868","0.7751937984496124","0.7751937984496124","33","4","7","249","188","9.036144578313253","2.8112449799196786","1.2048192771084338","5.220883534136546","1.606425702811245","33","3.975806451612903","9","248","199","9.25","4.435483870967742","2.0161290322580645","1.6129032258064515","1.6129032258064515","33","4.07725321888412","9","233","161","9.399141630901287","3.8626609442060085","3.004291845493562","0","5.579399141630901","33","3.9192825112107625","14","223","160","9.25560538116592","6.726457399103139","0","3.587443946188341","0.4484304932735426","33","3.9913793103448274","8","232","151","9.224137931034482","0.8620689655172413","2.1551724137931036","3.8793103448275863","3.8793103448275863","33","4.103286384976526","9","213","184","9.427230046948356","3.2863849765258215","0.9389671361502347","7.511737089201878","3.755868544600939","33","3.9367588932806323","7","253","194","9.233201581027668","3.952569169960474","1.5810276679841897","1.5810276679841897","0.3952569169960474","33","4.018939393939394","9","264","167","8.931818181818182","3.787878787878788","0.7575757575757576","3.409090909090909","5.303030303030303","33","4.038793103448276","4","232","174","9.189655172413794","3.4482758620689653","0.8620689655172413","3.4482758620689653","6.4655172413793105","33","3.903225806451613","7","217","193","9.271889400921658","0","0","5.529953917050691","3.225806451612903","33","4.0995850622406635","7","241","216","9.244813278008298","9.54356846473029","2.904564315352697","0.8298755186721992","3.7344398340248963","33","4.0212765957446805","8","235","189","9.310638297872341","2.978723404255319","0","0.851063829787234","6.382978723404255","33","4.126637554585153","7","229","177","8.97816593886463","3.930131004366812","5.676855895196507","5.240174672489083","6.11353711790393","33","3.8533333333333335","10","225","155","9.057777777777778","1.7777777777777777","1.3333333333333333","0","0.8888888888888888","33","3.9884615384615385","5","260","182","9.307692307692308","8.846153846153847","1.5384615384615385","0.7692307692307693","1.5384615384615385","33","4.048","3","250","187","9.072","0","2.4","3.6","4.4","33","4.01123595505618","4","267","188","9.086142322097379","2.247191011235955","1.4981273408239701","1.4981273408239701","2.6217228464419478","33","4.007936507936508","7","252","244","9.15079365079365","9.126984126984127","1.1904761904761905","0.7936507936507936","1.5873015873015872","33","3.9799196787148596","12","249","166","9.180722891566266","3.6144578313253013","0.8032128514056225","1.2048192771084338","3.21285140562249","33","3.927038626609442","7","233","186","9.34763948497854","5.150214592274678","0","0","0.8583690987124464","33","4.035087719298246","9","228","207","9.25438596491228","6.140350877192983","4.824561403508772","3.9473684210526314","2.192982456140351","33","4.0728744939271255","10","247","190","9.271255060728745","3.2388663967611335","5.668016194331984","1.214574898785425","4.8582995951417","33","3.928","3","250","151","9.12","2","3.2","3.6","0.8","33","4.042194092827004","9","237","196","9.063291139240507","3.3755274261603376","0.8438818565400844","6.751054852320675","1.6877637130801688","33","4.004048582995951","4","247","173","9.279352226720647","4.048582995951417","2.834008097165992","1.6194331983805668","2.0242914979757085","33","4.070833333333334","11","240","176","9.208333333333334","2.5","3.75","2.5","7.083333333333333","33","4.085201793721973","7","223","191","9.210762331838565","6.278026905829597","1.345291479820628","6.278026905829597","2.690582959641256","33","3.9575289575289574","9","259","203","9.166023166023166","0.7722007722007722","0.7722007722007722","1.5444015444015444","4.2471042471042475","33","4.012396694214876","5","242","206","9.115702479338843","4.958677685950414","2.479338842975207","2.479338842975207","2.0661157024793386","33","4.018518518518518","5","270","216","9.192592592592593","2.2222222222222223","0","1.1111111111111112","7.777777777777778","33","4.022140221402214","5","271","183","8.99630996309963","2.2140221402214024","3.690036900369004","3.321033210332103","1.845018450184502","33","4.138075313807532","8","239","214","9.305439330543933","5.857740585774058","2.510460251046025","7.112970711297071","2.510460251046025"
,"34","4.071146245059288","6","253","198","9.565217391304348","4.743083003952569","8.300395256916996","0","1.5810276679841897","34","4.20164609053498","9","243","211","9.152263374485596","2.4691358024691357","2.880658436213992","11.522633744855968","5.349794238683128","34","4.0355731225296445","6","253","164","9.494071146245059","1.5810276679841897","7.1146245059288535","0.7905138339920948","4.743083003952569","34","4.1461538461538465","7","260","201","9.23076923076923","2.6923076923076925","3.8461538461538463","0.7692307692307693","13.461538461538462","34","4.12962962962963","9","216","188","9.268518518518519","6.944444444444445","9.25925925925926","2.7777777777777777","3.7037037037037037","34","4.007662835249042","7","261","213","9.455938697318008","1.9157088122605364","2.681992337164751","1.9157088122605364","1.5325670498084292","34","4.095617529880478","9","251","212","9.147410358565738","8.764940239043824","1.593625498007968","1.593625498007968","5.179282868525896","34","4.046692607003891","5","257","223","9.284046692607005","3.11284046692607","4.280155642023346","0.7782101167315175","0.7782101167315175","34","4","7","249","206","9.180722891566266","2.8112449799196786","1.2048192771084338","5.220883534136546","1.606425702811245","34","3.975806451612903","9","248","222","9.435483870967742","4.435483870967742","2.0161290322580645","1.6129032258064515","1.6129032258064515","34","4.07725321888412","9","233","174","9.510729613733906","3.8626609442060085","3.004291845493562","0","5.579399141630901","34","3.9192825112107625","14","223","172","9.36322869955157","6.726457399103139","0","3.587443946188341","0.4484304932735426","34","3.9956896551724137","8","232","167","9.362068965517242","0.8620689655172413","2.1551724137931036","3.8793103448275863","4.310344827586207","34","4.103286384976526","9","213","195","9.530516431924882","3.2863849765258215","0.9389671361502347","7.511737089201878","3.755868544600939","34","3.9285714285714284","8","252","204","9.26984126984127","3.5714285714285716","1.5873015873015872","1.5873015873015872","0","34","4.019083969465649","9","262","205","9.13740458015267","3.816793893129771","0.7633587786259542","3.435114503816794","5.343511450381679","34","4.043478260869565","5","230","189","9.295652173913043","3.4782608695652173","0.8695652173913043","3.4782608695652173","6.521739130434782","34","3.9061032863849765","9","213","209","9.230046948356808","0","0","5.633802816901408","3.2863849765258215","34","4.096234309623431","8","239","232","9.305439330543933","9.623430962343097","2.928870292887029","0.8368200836820083","3.3472803347280333","34","4.0212765957446805","8","235","210","9.48936170212766","2.978723404255319","0","0.851063829787234","6.382978723404255","34","4.131004366812227","7","229","202","9.196506550218341","4.366812227074236","5.676855895196507","5.240174672489083","6.11353711790393","34","3.8533333333333335","10","225","178","9.262222222222222","1.7777777777777777","1.3333333333333333","0","0.8888888888888888","34","3.9884615384615385","5","260","193","9.392307692307693","8.846153846153847","1.5384615384615385","0.7692307692307693","1.5384615384615385","34","4.048192771084337","3","249","217","9.27710843373494","0","2.4096385542168677","3.6144578313253013","4.417670682730924","34","4.01123595505618","4","267","210","9.250936329588015","2.247191011235955","1.4981273408239701","1.4981273408239701","2.6217228464419478","34","4.00796812749004","7","251","263","9.266932270916335","9.163346613545817","1.1952191235059761","0.796812749003984","1.593625498007968","34","3.9839357429718874","12","249","185","9.333333333333334","3.6144578313253013","0.8032128514056225","1.2048192771084338","3.21285140562249","34","3.927038626609442","7","233","206","9.51931330472103","5.150214592274678","0","0","0.8583690987124464","34","4.030701754385965","9","228","220","9.368421052631579","6.140350877192983","4.824561403508772","3.9473684210526314","2.192982456140351","34","4.0728744939271255","10","247","209","9.425101214574898","3.2388663967611335","5.668016194331984","1.214574898785425","4.8582995951417","34","3.932","3","250","178","9.336","2","3.2","3.6","0.8","34","4.038135593220339","9","236","218","9.203389830508474","3.389830508474576","0.847457627118644","6.3559322033898304","1.694915254237288","34","4.0081632653061225","5","245","186","9.29795918367347","4.081632653061225","2.857142857142857","1.6326530612244898","2.0408163265306123","34","4.071129707112971","11","239","191","9.288702928870293","2.510460251046025","3.7656903765690375","2.510460251046025","7.112970711297071","34","4.081818181818182","9","220","204","9.190909090909091","6.363636363636363","0.9090909090909091","6.363636363636363","2.272727272727273","34","3.95703125","11","256","232","9.265625","0.78125","0.78125","1.5625","4.296875","34","4.012448132780083","5","241","231","9.278008298755188","4.979253112033195","2.4896265560165975","2.4896265560165975","2.074688796680498","34","4.014814814814815","5","270","231","9.303703703703704","1.8518518518518519","0","1.1111111111111112","7.777777777777778","34","4.022140221402214","5","271","208","9.180811808118081","2.2140221402214024","3.690036900369004","3.321033210332103","1.845018450184502","34","4.138075313807532","8","239","229","9.430962343096235","5.857740585774058","2.510460251046025","7.112970711297071","2.510460251046025"
,"35","4.067460317460317","7","252","198","9.523809523809524","4.761904761904762","7.936507936507937","0","1.5873015873015872","35","4.222222222222222","9","243","211","9.152263374485596","2.4691358024691357","3.292181069958848","11.522633744855968","6.584362139917696","35","4.0355731225296445","6","253","164","9.494071146245059","1.5810276679841897","7.1146245059288535","0.7905138339920948","4.743083003952569","35","4.1400778210116735","7","257","201","9.105058365758754","2.7237354085603114","3.501945525291829","0.7782101167315175","12.84046692607004","35","4.125","9","216","188","9.268518518518519","6.481481481481482","9.25925925925926","2.7777777777777777","3.7037037037037037","35","4.007722007722008","7","259","213","9.374517374517374","1.5444015444015444","2.7027027027027026","1.9305019305019304","1.5444015444015444","35","4.076","9","250","212","9.104","8","1.2","1.2","4.8","35","4.046692607003891","5","257","223","9.284046692607005","3.11284046692607","4.280155642023346","0.7782101167315175","0.7782101167315175","35","4","7","249","206","9.180722891566266","2.8112449799196786","1.2048192771084338","5.220883534136546","1.606425702811245","35","3.9798387096774195","9","248","222","9.435483870967742","4.435483870967742","2.4193548387096775","1.6129032258064515","1.6129032258064515","35","4.07725321888412","9","233","174","9.510729613733906","3.8626609442060085","3.004291845493562","0","5.579399141630901","35","3.9192825112107625","14","223","172","9.36322869955157","6.726457399103139","0","3.587443946188341","0.4484304932735426","35","3.9913793103448274","8","232","167","9.362068965517242","0.8620689655172413","2.1551724137931036","3.8793103448275863","3.8793103448275863","35","4.103286384976526","9","213","195","9.530516431924882","3.2863849765258215","0.9389671361502347","7.511737089201878","3.755868544600939","35","3.9285714285714284","8","252","204","9.26984126984127","3.5714285714285716","1.5873015873015872","1.5873015873015872","0","35","4.022988505747127","9","261","205","9.095785440613026","3.8314176245210727","0.7662835249042146","3.4482758620689653","5.363984674329502","35","4.043668122270742","6","229","189","9.266375545851528","3.493449781659389","0.8733624454148472","3.493449781659389","6.550218340611353","35","3.909952606635071","9","211","209","9.127962085308058","0","0","5.687203791469194","3.3175355450236967","35","4.0974576271186445","8","236","232","9.211864406779661","9.745762711864407","2.9661016949152543","0.847457627118644","3.389830508474576","35","4.0212765957446805","8","235","210","9.48936170212766","2.978723404255319","0","0.851063829787234","6.382978723404255","35","4.12280701754386","7","228","202","9.149122807017545","3.9473684210526314","5.701754385964913","5.2631578947368425","5.701754385964913","35","3.8533333333333335","10","225","178","9.262222222222222","1.7777777777777777","1.3333333333333333","0","0.8888888888888888","35","3.988416988416988","5","259","193","9.35135135135135","8.88030888030888","1.5444015444015444","0.7722007722007722","1.5444015444015444","35","4.048387096774194","3","248","217","9.233870967741936","0","2.4193548387096775","3.629032258064516","4.435483870967742","35","4.01123595505618","4","267","210","9.250936329588015","2.247191011235955","1.4981273408239701","1.4981273408239701","2.6217228464419478","35","4.008","7","250","263","9.224","9.2","1.2","0.8","1.6","35","3.9798387096774195","12","248","185","9.290322580645162","3.629032258064516","0.8064516129032258","1.2096774193548387","3.225806451612903","35","3.9267241379310347","7","232","206","9.474137931034482","5.172413793103448","0","0","0.8620689655172413","35","4.030837004405286","9","227","220","9.321585903083701","6.167400881057269","4.845814977973569","3.9647577092511015","2.202643171806167","35","4.077551020408163","11","245","209","9.346938775510203","3.2653061224489797","5.714285714285714","1.2244897959183674","4.8979591836734695","35","3.9274193548387095","4","248","178","9.25","2.0161290322580645","3.225806451612903","3.629032258064516","0.8064516129032258","35","4.033898305084746","9","236","218","9.203389830508474","3.389830508474576","0.847457627118644","5.932203389830509","1.694915254237288","35","4.012244897959183","5","245","186","9.29795918367347","4.081632653061225","2.857142857142857","1.6326530612244898","2.0408163265306123","35","4.071729957805907","12","237","191","9.19831223628692","2.5316455696202533","3.7974683544303796","2.5316455696202533","7.172995780590718","35","4.086363636363636","9","220","204","9.190909090909091","6.363636363636363","1.3636363636363635","6.363636363636363","2.727272727272727","35","3.95703125","11","256","232","9.265625","0.78125","0.78125","1.5625","4.296875","35","4.01673640167364","6","239","231","9.188284518828452","5.02092050209205","2.510460251046025","2.510460251046025","2.092050209205021","35","4.014925373134329","6","268","231","9.223880597014926","2.2388059701492535","0","0.746268656716418","7.835820895522388","35","4.022304832713755","5","269","208","9.107806691449815","2.2304832713754648","3.717472118959108","3.345724907063197","1.858736059479554","35","4.138075313807532","8","239","229","9.430962343096235","5.857740585774058","2.510460251046025","7.112970711297071","2.510460251046025"
,"36","4.071428571428571","7","252","198","9.523809523809524","4.761904761904762","8.333333333333334","0","1.5873015873015872","36","4.226337448559671","9","243","211","9.152263374485596","2.880658436213992","3.7037037037037037","11.934156378600823","6.172839506172839","36","4.035714285714286","6","252","164","9.452380952380953","1.5873015873015872","7.142857142857143","0.7936507936507936","4.761904761904762","36","4.150793650793651","8","252","201","8.904761904761905","2.7777777777777777","3.9682539682539684","0.7936507936507936","13.095238095238095","36","4.1342592592592595","9","216","188","9.268518518518519","7.407407407407407","9.25925925925926","2.7777777777777777","3.7037037037037037","36","4.011627906976744","8","258","213","9.333333333333334","1.937984496124031","2.7131782945736433","1.937984496124031","1.550387596899225","36","4.076","9","250","212","9.104","8","1.2","1.2","4.8","36","4.04296875","5","256","223","9.296875","2.734375","4.296875","0.78125","0.78125","36","4","7","247","206","9.101214574898785","2.834008097165992","1.214574898785425","5.2631578947368425","1.6194331983805668","36","3.975806451612903","9","248","222","9.435483870967742","4.435483870967742","2.0161290322580645","1.6129032258064515","1.6129032258064515","36","4.07725321888412","9","233","174","9.510729613733906","3.8626609442060085","3.004291845493562","0","5.579399141630901","36","3.9192825112107625","14","223","172","9.36322869955157","6.726457399103139","0","3.587443946188341","0.4484304932735426","36","3.9956896551724137","8","232","167","9.362068965517242","0.8620689655172413","2.1551724137931036","3.8793103448275863","4.310344827586207","36","4.10377358490566","10","212","195","9.481132075471699","3.30188679245283","0.9433962264150944","7.547169811320755","3.7735849056603774","36","3.9325396825396823","8","252","204","9.26984126984127","3.5714285714285716","1.9841269841269842","1.5873015873015872","0","36","4.022988505747127","9","261","205","9.095785440613026","3.8314176245210727","0.7662835249042146","3.4482758620689653","5.363984674329502","36","4.043668122270742","6","229","189","9.266375545851528","3.493449781659389","0.8733624454148472","3.493449781659389","6.550218340611353","36","3.909952606635071","9","211","209","9.127962085308058","0","0","5.687203791469194","3.3175355450236967","36","4.098290598290598","8","234","232","9.162393162393162","9.82905982905983","2.9914529914529915","0.8547008547008547","3.4188034188034186","36","4.021367521367521","8","234","210","9.444444444444445","2.9914529914529915","0","0.8547008547008547","6.410256410256411","36","4.118421052631579","7","228","202","9.149122807017545","3.9473684210526314","5.701754385964913","5.2631578947368425","5.2631578947368425","36","3.8513513513513513","11","222","178","9.153153153153154","1.8018018018018018","1.3513513513513513","0","0.9009009009009009","36","3.9844961240310077","5","258","193","9.310077519379846","8.527131782945736","1.550387596899225","0.7751937984496124","1.550387596899225","36","4.048780487804878","3","246","217","9.146341463414634","0","2.4390243902439024","3.658536585365854","4.471544715447155","36","4.0150943396226415","4","265","210","9.177358490566037","2.2641509433962264","1.509433962264151","1.509433962264151","2.641509433962264","36","4.008032128514056","7","249","263","9.180722891566266","9.236947791164658","1.2048192771084338","0.8032128514056225","1.606425702811245","36","3.983805668016194","13","247","185","9.246963562753036","3.6437246963562755","0.8097165991902834","1.214574898785425","3.2388663967611335","36","3.930735930735931","7","231","206","9.454545454545455","5.194805194805195","0","0","0.8658008658008658","36","4.030837004405286","9","227","220","9.321585903083701","6.167400881057269","4.845814977973569","3.9647577092511015","2.202643171806167","36","4.077551020408163","11","245","209","9.346938775510203","3.2653061224489797","5.714285714285714","1.2244897959183674","4.8979591836734695","36","3.931451612903226","4","248","178","9.25","2.0161290322580645","3.225806451612903","3.629032258064516","0.8064516129032258","36","4.033898305084746","9","236","218","9.203389830508474","3.389830508474576","0.847457627118644","5.932203389830509","1.694915254237288","36","4.012295081967213","5","244","186","9.254098360655737","4.098360655737705","2.8688524590163933","1.639344262295082","2.0491803278688523","36","4.071729957805907","12","237","191","9.19831223628692","2.5316455696202533","3.7974683544303796","2.5316455696202533","7.172995780590718","36","4.082191780821918","10","219","204","9.150684931506849","6.392694063926941","0.91324200913242","6.392694063926941","2.2831050228310503","36","3.956692913385827","11","254","232","9.181102362204724","0.7874015748031497","0.7874015748031497","1.5748031496062993","4.330708661417323","36","4.0210084033613445","6","238","231","9.142857142857142","5.042016806722689","2.5210084033613445","2.9411764705882355","2.100840336134454","36","4.01498127340824","6","267","231","9.183520599250937","1.8726591760299625","0","1.1235955056179776","7.865168539325842","36","4.022471910112359","6","267","208","9.07865168539326","2.247191011235955","3.745318352059925","3.3707865168539324","1.8726591760299625","36","4.138655462184874","8","238","229","9.38655462184874","5.882352941176471","2.5210084033613445","7.142857142857143","2.5210084033613445"
,"37","3.838951310861423","7","267","208","9.385767790262172","6.741573033707865","9.737827715355806","1.8726591760299625","2.9962546816479403","37","3.9346153846153844","10","260","235","9.207692307692307","6.153846153846154","6.538461538461538","13.461538461538462","6.153846153846154","37","3.7806691449814127","6","269","170","9.20446096654275","2.6022304832713754","8.178438661710038","2.973977695167286","5.5762081784386615","37","3.862453531598513","9","269","249","9.293680297397769","5.5762081784386615","4.83271375464684","3.717472118959108","15.241635687732343","37","3.8240343347639487","9","233","197","9.313304721030043","7.725321888412017","9.871244635193133","5.150214592274678","5.579399141630901","37","3.6267605633802815","8","284","225","9.091549295774648","4.225352112676056","7.394366197183099","5.28169014084507","4.225352112676056","37","3.790262172284644","10","267","239","9.258426966292134","8.239700374531836","4.119850187265918","3.3707865168539324","7.49063670411985","37","3.804428044280443","5","271","237","9.188191881918819","3.321033210332103","7.380073800738008","1.4760147601476015","4.059040590405904","37","3.742424242424242","7","264","223","9.242424242424242","4.924242424242424","3.409090909090909","6.818181818181818","3.0303030303030303","37","3.610294117647059","9","272","233","9.125","6.25","5.882352941176471","4.411764705882353","3.3088235294117645","37","3.861788617886179","9","246","176","9.292682926829269","4.878048780487805","4.878048780487805","2.845528455284553","7.317073170731708","37","3.580246913580247","14","243","181","9.135802469135802","9.876543209876543","2.880658436213992","5.761316872427984","2.880658436213992","37","3.778688524590164","8","244","173","9.295081967213115","4.098360655737705","4.918032786885246","5.737704918032787","4.918032786885246","37","3.8878923766816142","10","223","204","9.372197309417041","4.932735426008969","3.587443946188341","8.968609865470851","4.932735426008969","37","3.792307692307692","9","260","214","9.36923076923077","5","2.6923076923076925","1.5384615384615385","1.5384615384615385","37","3.8181818181818183","9","275","238","9.338181818181818","5.454545454545454","2.1818181818181817","5.090909090909091","8","37","3.8744769874476988","6","239","203","9.380753138075313","4.184100418410042","2.092050209205021","5.02092050209205","7.949790794979079","37","3.75","9","220","233","9.363636363636363","1.8181818181818181","1.3636363636363635","7.2727272727272725","5","37","3.962655601659751","9","241","251","9.41908713692946","10.78838174273859","4.149377593360996","2.074688796680498","4.979253112033195","37","3.778225806451613","8","248","221","9.387096774193548","4.838709677419355","2.0161290322580645","4.435483870967742","7.661290322580645","37","3.875","7","240","220","9.333333333333334","5.833333333333333","7.083333333333333","5.833333333333333","7.083333333333333","37","3.5040983606557377","11","244","196","9.057377049180328","4.918032786885246","2.8688524590163933","2.0491803278688523","4.508196721311475","37","3.6070175438596492","5","285","203","9.171929824561403","11.228070175438596","2.807017543859649","2.456140350877193","6.315789473684211","37","3.6457564575645756","3","271","238","9.180811808118081","4.059040590405904","7.011070110701107","6.642066420664206","5.904059040590406","37","3.8864468864468864","4","273","227","9.355311355311356","2.93040293040293","2.5641025641025643","2.197802197802198","3.663003663003663","37","3.651851851851852","8","270","279","9.096296296296297","10.74074074074074","4.814814814814815","3.7037037037037037","3.3333333333333335","37","3.83921568627451","14","255","198","9.435294117647059","4.705882352941177","1.9607843137254901","1.9607843137254901","3.5294117647058822","37","3.7355371900826446","7","242","220","9.47107438016529","7.43801652892562","2.0661157024793386","1.6528925619834711","1.2396694214876034","37","3.703252032520325","9","246","231","9.170731707317072","8.536585365853659","9.75609756097561","7.317073170731708","4.878048780487805","37","3.685185185185185","12","270","219","9.177777777777777","7.037037037037037","8.518518518518519","4.814814814814815","7.777777777777778","37","3.72972972972973","5","259","199","9.366795366795367","3.474903474903475","5.7915057915057915","5.7915057915057915","3.474903474903475","37","3.6563706563706564","9","259","233","9.019305019305019","6.177606177606178","3.088803088803089","8.88030888030888","5.7915057915057915","37","3.7346153846153847","6","260","206","9.115384615384615","6.923076923076923","4.615384615384615","3.4615384615384617","4.230769230769231","37","3.954732510288066","13","243","211","9.440329218106996","2.880658436213992","4.938271604938271","3.292181069958848","8.23045267489712","37","3.8577586206896552","10","232","228","9.267241379310345","8.620689655172415","2.586206896551724","7.327586206896552","3.4482758620689653","37","3.5863309352517985","12","278","257","9.172661870503598","5.755395683453237","3.597122302158273","5.0359712230215825","6.83453237410072","37","3.633587786259542","6","262","250","9.13740458015267","7.251908396946565","4.198473282442748","5.7251908396946565","4.580152671755725","37","3.8836363636363638","6","275","247","9.367272727272727","2.909090909090909","0.36363636363636365","2.1818181818181817","8.363636363636363","37","3.835125448028674","6","279","232","9.290322580645162","3.5842293906810037","6.451612903225806","4.301075268817204","2.5089605734767026","37","4.036885245901639","8","244","241","9.51639344262295","6.557377049180328","3.278688524590164","8.60655737704918","3.6885245901639343"
,"38","4.06015037593985","8","266","208","9.345864661654135","3.3834586466165413","9.022556390977444","0.7518796992481203","1.5037593984962405","38","4.231660231660232","10","259","235","9.166023166023166","3.861003861003861","5.019305019305019","12.355212355212355","4.633204633204633","38","4.007462686567164","6","268","170","9.164179104477611","1.492537313432836","7.462686567164179","0.746268656716418","4.477611940298507","38","4.144981412639405","9","269","249","9.293680297397769","2.6022304832713754","2.2304832713754648","0.7434944237918215","16.356877323420075","38","4.111587982832618","9","233","197","9.313304721030043","7.296137339055794","8.583690987124463","2.575107296137339","4.291845493562231","38","4.042253521126761","8","284","225","9.091549295774648","2.112676056338028","4.929577464788732","2.464788732394366","1.7605633802816902","38","4.093632958801498","10","267","239","9.258426966292134","7.116104868913857","0.7490636704119851","2.9962546816479403","5.2434456928838955","38","4.0777777777777775","6","270","237","9.148148148148149","2.962962962962963","6.296296296296297","0.7407407407407407","3.3333333333333335","38","3.984848484848485","7","264","223","9.242424242424242","2.6515151515151514","1.1363636363636365","4.924242424242424","1.893939393939394","38","3.988970588235294","9","272","233","9.125","3.676470588235294","4.779411764705882","2.2058823529411766","1.4705882352941178","38","4.08130081300813","9","246","176","9.292682926829269","4.471544715447155","2.845528455284553","0.8130081300813008","5.691056910569106","38","3.9382716049382718","14","243","181","9.135802469135802","7.818930041152264","0","2.4691358024691357","0.411522633744856","38","4.016528925619835","8","242","173","9.206611570247935","2.479338842975207","1.6528925619834711","4.545454545454546","4.132231404958677","38","4.144796380090498","10","221","204","9.276018099547512","4.97737556561086","4.072398190045249","6.787330316742081","4.97737556561086","38","3.9266409266409266","9","259","214","9.328185328185327","3.474903474903475","1.5444015444015444","1.5444015444015444","0","38","4.047445255474453","9","274","238","9.299270072992702","4.014598540145985","1.8248175182481752","4.014598540145985","6.934306569343065","38","4.079831932773109","6","238","203","9.336134453781513","3.361344537815126","1.680672268907563","4.201680672268908","7.142857142857143","38","3.9272727272727272","9","220","233","9.363636363636363","0.45454545454545453","0","5.454545454545454","1.8181818181818181","38","4.117154811715481","10","239","251","9.338912133891213","10.0418410041841","3.7656903765690375","1.6736401673640167","3.3472803347280333","38","4.020242914979757","8","247","221","9.34412955465587","2.834008097165992","0","3.6437246963562755","6.882591093117409","38","4.066666666666666","7","240","220","9.333333333333334","5","4.583333333333333","2.9166666666666665","5","38","3.8395061728395063","11","243","196","9.012345679012345","1.646090534979424","0","0","1.2345679012345678","38","3.9894736842105263","5","285","203","9.171929824561403","8.070175438596491","1.4035087719298245","0.7017543859649122","3.1578947368421053","38","4.062962962962963","4","270","238","9.14074074074074","0.7407407407407407","5.555555555555555","5.925925925925926","4.074074074074074","38","4.007326007326007","4","273","227","9.355311355311356","2.197802197802198","2.5641025641025643","0.7326007326007326","2.5641025641025643","38","3.9776119402985075","8","268","279","9.067164179104477","7.835820895522388","1.8656716417910448","0.746268656716418","1.8656716417910448","38","3.9647058823529413","14","255","198","9.435294117647059","3.5294117647058822","1.5686274509803921","1.1764705882352942","2.3529411764705883","38","3.9460580912863072","7","241","220","9.427385892116183","6.639004149377594","0","0.8298755186721992","0.8298755186721992","38","4.069387755102041","10","245","231","9.126530612244897","4.8979591836734695","6.938775510204081","5.3061224489795915","6.122448979591836","38","4.107806691449814","12","269","219","9.137546468401487","5.204460966542751","7.063197026022305","1.1152416356877324","3.717472118959108","38","3.9613899613899615","5","259","199","9.366795366795367","1.9305019305019304","3.861003861003861","3.474903474903475","1.9305019305019304","38","4.058139534883721","9","258","233","8.984496124031008","3.10077519379845","1.550387596899225","6.976744186046512","1.937984496124031","38","4","7","258","206","9.031007751937985","5.813953488372093","2.7131782945736433","3.10077519379845","1.550387596899225","38","4.091286307053942","13","241","211","9.352697095435685","2.4896265560165975","4.564315352697095","2.4896265560165975","8.298755186721992","38","4.086580086580087","10","231","228","9.220779220779221","6.0606060606060606","1.7316017316017316","6.926406926406926","2.1645021645021645","38","3.996389891696751","13","277","257","9.133574007220217","3.6101083032490973","0.7220216606498195","2.527075812274368","3.9711191335740073","38","4.030651340996169","6","261","250","9.095785440613026","5.363984674329502","2.2988505747126435","2.681992337164751","3.4482758620689653","38","3.9927007299270074","6","274","247","9.328467153284672","1.8248175182481752","0","0.7299270072992701","7.664233576642336","38","4.028673835125448","6","279","232","9.290322580645162","2.867383512544803","4.659498207885305","3.225806451612903","1.4336917562724014","38","4.1570247933884295","9","242","241","9.429752066115702","7.024793388429752","2.479338842975207","7.43801652892562","2.8925619834710745"
,"39","4.0606060606060606","9","264","208","9.272727272727273","3.409090909090909","9.469696969696969","0.7575757575757576","1.1363636363636365","39","4.228682170542636","11","258","235","9.124031007751938","3.488372093023256","5.426356589147287","12.790697674418604","4.263565891472868","39","4.003759398496241","8","266","170","9.082706766917294","1.5037593984962405","7.142857142857143","0.7518796992481203","4.511278195488722","39","4.152985074626866","9","268","249","9.253731343283581","2.611940298507463","2.611940298507463","0.746268656716418","16.044776119402986","39","4.116883116883117","11","231","197","9.220779220779221","7.792207792207792","8.658008658008658","2.5974025974025974","4.761904761904762","39","4.035335689045937","8","283","225","9.053003533568905","1.4134275618374559","3.5335689045936394","2.4734982332155475","2.1201413427561837","39","4.095057034220532","11","263","239","9.102661596958175","7.224334600760456","0.7604562737642585","3.041825095057034","5.32319391634981","39","4.074626865671642","6","268","237","9.074626865671641","2.611940298507463","6.343283582089552","0.746268656716418","2.985074626865672","39","3.988593155893536","7","263","223","9.201520912547528","3.041825095057034","0.7604562737642585","4.942965779467681","1.520912547528517","39","3.988888888888889","10","270","233","9.044444444444444","3.3333333333333335","4.814814814814815","1.4814814814814814","1.8518518518518519","39","4.090163934426229","10","244","176","9.204918032786885","4.098360655737705","3.6885245901639343","0.819672131147541","5.737704918032787","39","3.925619834710744","15","242","181","9.090909090909092","7.43801652892562","0","2.479338842975207","0","39","4.008264462809917","8","242","173","9.206611570247935","2.0661157024793386","1.6528925619834711","4.545454545454546","3.71900826446281","39","4.140909090909091","10","220","204","9.227272727272727","4.545454545454546","4.545454545454546","6.363636363636363","4.545454545454546","39","3.9302325581395348","10","258","214","9.286821705426357","3.488372093023256","1.550387596899225","1.550387596899225","0","39","4.040441176470588","9","272","238","9.227941176470589","3.676470588235294","1.838235294117647","4.044117647058823","6.617647058823529","39","4.080508474576271","7","236","203","9.254237288135593","2.9661016949152543","1.694915254237288","4.237288135593221","7.203389830508475","39","3.9272727272727272","9","220","233","9.363636363636363","0.45454545454545453","0","5.454545454545454","1.8181818181818181","39","4.113924050632911","10","237","251","9.248945147679326","10.548523206751055","3.7974683544303796","0.8438818565400844","3.3755274261603376","39","4.032520325203252","9","246","221","9.300813008130081","2.845528455284553","0","3.252032520325203","6.9105691056910565","39","4.059322033898305","9","236","220","9.161016949152541","5.084745762711864","4.237288135593221","2.542372881355932","5.084745762711864","39","3.8340248962655603","12","241","196","8.921161825726141","1.6597510373443984","0","0","1.2448132780082988","39","3.9893617021276597","6","282","203","9.063829787234043","7.801418439716312","1.4184397163120568","0.7092198581560284","2.127659574468085","39","4.07037037037037","4","270","238","9.14074074074074","0.7407407407407407","5.925925925925926","5.925925925925926","4.074074074074074","39","4","4","273","227","9.355311355311356","2.197802197802198","1.8315018315018314","0.7326007326007326","2.5641025641025643","39","3.9962406015037595","9","266","279","8.984962406015038","7.518796992481203","1.8796992481203008","0.7518796992481203","1.5037593984962405","39","3.9761904761904763","16","252","198","9.30952380952381","3.5714285714285716","1.9841269841269842","1.1904761904761905","2.380952380952381","39","3.954356846473029","7","241","220","9.427385892116183","7.053941908713693","0","1.2448132780082988","0.8298755186721992","39","4.069672131147541","10","244","231","9.081967213114755","5.327868852459017","6.557377049180328","5.737704918032787","5.737704918032787","39","4.108208955223881","12","268","219","9.097014925373134","5.223880597014926","6.7164179104477615","1.1194029850746268","3.3582089552238807","39","3.9450980392156865","6","255","199","9.254901960784315","1.9607843137254901","3.5294117647058822","3.5294117647058822","0.7843137254901961","39","4.054474708171206","9","257","233","8.941634241245136","3.11284046692607","1.556420233463035","7.003891050583658","1.556420233463035","39","4","7","258","206","9.031007751937985","5.426356589147287","2.7131782945736433","3.10077519379845","1.550387596899225","39","4.091286307053942","13","241","211","9.352697095435685","2.4896265560165975","4.564315352697095","2.4896265560165975","8.298755186721992","39","4.095238095238095","10","231","228","9.220779220779221","6.0606060606060606","1.7316017316017316","6.926406926406926","2.1645021645021645","39","4","13","276","257","9.094202898550725","3.9855072463768115","0.7246376811594203","2.536231884057971","3.9855072463768115","39","4.030769230769231","6","260","250","9.061538461538461","5.384615384615385","2.3076923076923075","2.3076923076923075","3.4615384615384617","39","3.9927007299270074","6","274","247","9.328467153284672","1.8248175182481752","0","0.7299270072992701","7.664233576642336","39","4.028776978417266","7","278","232","9.251798561151078","2.8776978417266186","4.316546762589928","3.237410071942446","1.4388489208633093","39","4.1570247933884295","9","242","241","9.429752066115702","7.024793388429752","2.479338842975207","7.43801652892562","2.8925619834710745"
,"40","4.049618320610687","9","262","220","9.282442748091603","3.435114503816794","8.778625954198473","0.7633587786259542","0.7633587786259542","40","4.227450980392157","12","255","249","9.113725490196078","3.5294117647058822","5.098039215686274","13.333333333333334","3.5294117647058822","40","4.007547169811321","8","265","188","9.177358490566037","1.509433962264151","6.7924528301886795","0.7547169811320755","4.528301886792453","40","4.164794007490637","9","267","266","9.370786516853933","2.6217228464419478","2.247191011235955","0.7490636704119851","17.60299625468165","40","4.138528138528138","11","231","212","9.35064935064935","7.792207792207792","8.658008658008658","2.5974025974025974","4.761904761904762","40","4.0355871886121","8","281","235","9.04626334519573","1.4234875444839858","3.5587188612099645","2.491103202846975","2.1352313167259784","40","4.091603053435114","12","262","262","9.236641221374045","6.870229007633588","0.7633587786259542","3.053435114503817","5.343511450381679","40","4.078651685393258","6","267","256","9.176029962546817","2.6217228464419478","6.741573033707865","0.7490636704119851","2.9962546816479403","40","3.988593155893536","7","263","232","9.269961977186313","2.2813688212927756","0.7604562737642585","5.32319391634981","1.520912547528517","40","3.988888888888889","10","270","256","9.214814814814815","3.3333333333333335","4.814814814814815","1.4814814814814814","1.4814814814814814","40","4.08641975308642","11","243","187","9.25925925925926","4.11522633744856","2.880658436213992","0.823045267489712","5.761316872427984","40","3.9297520661157024","15","242","192","9.181818181818182","7.43801652892562","0","2.479338842975207","0","40","4.020746887966805","9","241","185","9.261410788381744","2.074688796680498","1.6597510373443984","4.979253112033195","4.149377593360996","40","4.1422018348623855","10","218","222","9.302752293577981","4.587155963302752","4.128440366972477","6.422018348623853","4.587155963302752","40","3.9299610894941632","11","257","227","9.346303501945526","3.501945525291829","1.556420233463035","1.556420233463035","0","40","4.044280442804428","9","271","258","9.335793357933579","3.690036900369004","1.845018450184502","4.059040590405904","6.642066420664206","40","4.064377682403434","7","233","215","9.218884120171674","2.575107296137339","1.2875536480686696","3.8626609442060085","6.866952789699571","40","3.9272727272727272","9","220","241","9.436363636363636","0.45454545454545453","0","5.454545454545454","1.8181818181818181","40","4.115384615384615","11","234","270","9.307692307692308","10.256410256410257","3.4188034188034186","0.8547008547008547","3.8461538461538463","40","4.040650406504065","9","246","236","9.422764227642276","2.845528455284553","0","3.252032520325203","6.9105691056910565","40","4.059322033898305","9","236","237","9.305084745762711","5.084745762711864","4.237288135593221","2.542372881355932","5.084745762711864","40","3.841666666666667","12","240","215","9.033333333333333","1.6666666666666667","0","0","0.8333333333333334","40","3.982142857142857","7","280","219","9.1","7.857142857142857","1.4285714285714286","0.7142857142857143","1.4285714285714286","40","4.059701492537314","5","268","258","9.208955223880597","0.746268656716418","5.970149253731344","4.850746268656716","4.104477611940299","40","4","5","271","234","9.328413284132841","2.2140221402214024","1.845018450184502","0.7380073800738007","2.5830258302583027","40","3.9924528301886792","9","265","308","9.162264150943397","7.547169811320755","1.8867924528301887","0.7547169811320755","1.1320754716981132","40","3.9722222222222223","16","252","217","9.46031746031746","3.5714285714285716","1.5873015873015872","1.1904761904761905","2.380952380952381","40","3.9491525423728815","9","236","228","9.271186440677965","6.779661016949152","0","0.847457627118644","0.847457627118644","40","4.069672131147541","10","244","252","9.254098360655737","5.327868852459017","6.557377049180328","5.737704918032787","5.737704918032787","40","4.105263157894737","14","266","228","9.082706766917294","5.2631578947368425","6.390977443609023","1.1278195488721805","3.007518796992481","40","3.956692913385827","6","254","218","9.362204724409448","1.968503937007874","3.1496062992125986","3.543307086614173","0.7874015748031497","40","4.051181102362205","10","254","251","8.952755905511811","3.1496062992125986","1.5748031496062993","6.692913385826771","1.5748031496062993","40","4","7","258","227","9.193798449612403","5.426356589147287","2.7131782945736433","3.10077519379845","1.550387596899225","40","4.091666666666667","13","240","227","9.441666666666666","2.5","4.583333333333333","2.5","8.333333333333334","40","4.095238095238095","10","231","238","9.307359307359308","6.0606060606060606","1.7316017316017316","6.926406926406926","2.1645021645021645","40","4.010909090909091","13","275","282","9.236363636363636","4.363636363636363","0.7272727272727273","2.5454545454545454","4","40","4.030769230769231","6","260","267","9.192307692307692","5.384615384615385","2.3076923076923075","2.3076923076923075","3.4615384615384617","40","3.992619926199262","7","271","258","9.291512915129152","1.845018450184502","0","0.7380073800738007","7.380073800738008","40","4.028776978417266","7","278","241","9.316546762589928","2.8776978417266186","4.316546762589928","3.237410071942446","1.4388489208633093","40","4.1570247933884295","9","242","252","9.520661157024794","7.024793388429752","2.479338842975207","7.43801652892562","2.8925619834710745"
,"41","4.049618320610687","9","262","220","9.282442748091603","3.435114503816794","8.778625954198473","0.7633587786259542","0.7633587786259542","41","4.217391304347826","12","253","249","9.035573122529645","3.1620553359683794","5.138339920948616","13.438735177865613","3.1620553359683794","41","4.007547169811321","8","265","188","9.177358490566037","1.509433962264151","6.7924528301886795","0.7547169811320755","4.528301886792453","41","4.176029962546816","9","267","266","9.370786516853933","2.6217228464419478","2.247191011235955","0.7490636704119851","18.726591760299627","41","4.134199134199134","11","231","212","9.35064935064935","7.359307359307359","8.658008658008658","2.5974025974025974","4.761904761904762","41","4.035714285714286","8","280","235","9.007142857142858","1.4285714285714286","3.5714285714285716","2.5","2.142857142857143","41","4.091954022988506","12","261","262","9.233716475095786","6.896551724137931","0.7662835249042146","3.0651340996168583","5.363984674329502","41","4.071428571428571","6","266","256","9.135338345864662","2.6315789473684212","6.015037593984962","0.7518796992481203","3.007518796992481","41","3.9961977186311786","7","263","232","9.269961977186313","2.661596958174905","0.7604562737642585","5.32319391634981","1.520912547528517","41","3.985074626865672","12","268","256","9.134328358208956","2.985074626865672","4.850746268656716","1.492537313432836","1.492537313432836","41","4.096234309623431","12","239","187","9.096234309623432","4.184100418410042","3.7656903765690375","0.8368200836820083","5.857740585774058","41","3.929460580912863","16","241","192","9.136929460580912","7.468879668049793","0","2.4896265560165975","0","41","4.016597510373444","9","241","185","9.261410788381744","2.074688796680498","1.6597510373443984","4.564315352697095","3.7344398340248963","41","4.147465437788019","10","217","222","9.253456221198157","4.608294930875576","4.608294930875576","6.451612903225806","4.608294930875576","41","3.9299610894941632","11","257","227","9.346303501945526","3.501945525291829","1.556420233463035","1.556420233463035","0","41","4.04074074074074","10","270","258","9.296296296296296","3.7037037037037037","1.8518518518518519","4.074074074074074","6.666666666666667","41","4.0476190476190474","7","231","215","9.134199134199134","2.1645021645021645","0.8658008658008658","3.463203463203463","6.4935064935064934","41","3.922727272727273","9","220","241","9.436363636363636","0","0","5.454545454545454","1.8181818181818181","41","4.128205128205129","11","234","270","9.307692307692308","11.11111111111111","3.4188034188034186","0.8547008547008547","4.273504273504273","41","4.040816326530612","9","245","236","9.379591836734694","2.857142857142857","0","3.2653061224489797","6.938775510204081","41","4.05982905982906","9","234","237","9.273504273504274","5.128205128205129","4.273504273504273","2.5641025641025643","5.128205128205129","41","3.831932773109244","14","238","215","8.941176470588236","1.680672268907563","0","0","0.8403361344537815","41","3.982142857142857","7","280","219","9.1","7.857142857142857","1.4285714285714286","0.7142857142857143","1.4285714285714286","41","4.063432835820896","5","268","258","9.208955223880597","0.746268656716418","5.970149253731344","5.223880597014926","4.104477611940299","41","4","5","271","234","9.328413284132841","2.2140221402214024","1.845018450184502","0.7380073800738007","2.5830258302583027","41","3.996212121212121","9","264","308","9.121212121212121","7.575757575757576","1.893939393939394","0.7575757575757576","1.5151515151515151","41","3.9800796812749004","16","251","217","9.418326693227092","3.585657370517928","1.9920318725099602","1.1952191235059761","2.3904382470119523","41","3.957627118644068","9","236","228","9.271186440677965","7.203389830508475","0","1.271186440677966","0.847457627118644","41","4.077868852459017","10","244","252","9.254098360655737","5.327868852459017","6.557377049180328","5.737704918032787","5.737704918032787","41","4.106060606060606","14","264","228","9.068181818181818","5.303030303030303","6.4393939393939394","1.1363636363636365","3.0303030303030303","41","3.9606299212598426","6","254","218","9.362204724409448","1.968503937007874","3.1496062992125986","3.543307086614173","0.7874015748031497","41","4.051181102362205","10","254","251","8.952755905511811","3.1496062992125986","1.5748031496062993","6.692913385826771","1.5748031496062993","41","4","7","256","227","9.109375","5.46875","2.734375","3.125","1.5625","41","4.092436974789916","14","238","227","9.369747899159664","2.5210084033613445","4.621848739495798","2.5210084033613445","7.983193277310924","41","4.0995670995671","10","231","238","9.307359307359308","6.0606060606060606","1.7316017316017316","6.926406926406926","2.5974025974025974","41","4.010948905109489","13","274","282","9.204379562043796","4.37956204379562","0.7299270072992701","2.5547445255474455","4.014598540145985","41","4.030888030888031","6","259","267","9.18918918918919","5.405405405405405","2.3166023166023164","2.3166023166023164","3.474903474903475","41","3.9962962962962965","7","270","258","9.251851851851852","1.8518518518518519","0","0.7407407407407407","7.407407407407407","41","4.028776978417266","7","278","241","9.316546762589928","2.8776978417266186","4.316546762589928","3.237410071942446","1.4388489208633093","41","4.153526970954357","10","241","252","9.493775933609959","7.053941908713693","2.4896265560165975","7.053941908713693","2.904564315352697"
,"42","4.054263565891473","12","258","220","9.124031007751938","3.488372093023256","9.30232558139535","0.7751937984496124","0.7751937984496124","42","4.225296442687747","12","253","249","9.035573122529645","3.5573122529644268","5.138339920948616","13.438735177865613","3.1620553359683794","42","4.007547169811321","8","265","188","9.177358490566037","1.509433962264151","6.7924528301886795","0.7547169811320755","4.528301886792453","42","4.178030303030303","9","264","266","9.25","2.6515151515151514","2.272727272727273","0.7575757575757576","18.560606060606062","42","4.142857142857143","11","231","212","9.35064935064935","7.792207792207792","9.090909090909092","2.5974025974025974","4.761904761904762","42","4.0359712230215825","10","278","235","8.93525179856115","1.4388489208633093","3.597122302158273","2.5179856115107913","2.158273381294964","42","4.100386100386101","12","259","262","9.166023166023166","6.94980694980695","0.7722007722007722","3.088803088803089","5.7915057915057915","42","4.075757575757576","8","264","256","9.053030303030303","2.6515151515151514","6.4393939393939394","0.7575757575757576","3.0303030303030303","42","3.980916030534351","7","262","232","9.229007633587786","2.2900763358778624","0.7633587786259542","4.580152671755725","1.5267175572519085","42","3.9813432835820897","12","268","256","9.134328358208956","2.611940298507463","4.850746268656716","1.492537313432836","1.492537313432836","42","4.088235294117647","12","238","187","9.050420168067227","4.201680672268908","2.9411764705882355","0.8403361344537815","5.882352941176471","42","3.9291666666666667","16","240","192","9.091666666666667","7.5","0","2.5","0","42","4.020746887966805","9","241","185","9.261410788381744","2.074688796680498","1.6597510373443984","4.564315352697095","4.149377593360996","42","4.147465437788019","10","217","222","9.253456221198157","4.608294930875576","4.608294930875576","6.451612903225806","4.608294930875576","42","3.9299610894941632","11","257","227","9.346303501945526","3.501945525291829","1.556420233463035","1.556420233463035","0","42","4.044444444444444","10","270","258","9.296296296296296","3.7037037037037037","1.8518518518518519","4.074074074074074","6.666666666666667","42","4.047826086956522","7","230","215","9.08695652173913","2.1739130434782608","0.8695652173913043","3.4782608695652173","6.521739130434782","42","3.922727272727273","9","220","241","9.436363636363636","0","0","5.454545454545454","1.8181818181818181","42","4.128755364806867","11","233","270","9.261802575107296","11.158798283261802","3.4334763948497855","0.8583690987124464","4.291845493562231","42","4.040983606557377","9","244","236","9.336065573770492","2.8688524590163933","0","3.278688524590164","6.967213114754099","42","4.05982905982906","9","234","237","9.273504273504274","5.128205128205129","4.273504273504273","2.5641025641025643","5.128205128205129","42","3.8403361344537816","14","238","215","8.941176470588236","1.680672268907563","0","0","0.8403361344537815","42","3.9784172661870505","7","278","219","9.02158273381295","7.553956834532374","1.4388489208633093","0.7194244604316546","1.4388489208633093","42","4.059701492537314","5","268","258","9.208955223880597","0.746268656716418","5.970149253731344","4.850746268656716","4.104477611940299","42","4","5","271","234","9.328413284132841","2.2140221402214024","1.845018450184502","0.7380073800738007","2.5830258302583027","42","3.992424242424242","9","264","308","9.121212121212121","7.575757575757576","1.893939393939394","0.7575757575757576","1.1363636363636365","42","3.9721115537848606","16","251","217","9.418326693227092","3.585657370517928","1.593625498007968","1.1952191235059761","2.3904382470119523","42","3.948936170212766","10","235","228","9.225531914893617","6.808510638297872","0","0.851063829787234","0.851063829787234","42","4.078512396694215","11","242","252","9.165289256198347","5.371900826446281","6.6115702479338845","5.785123966942149","5.785123966942149","42","4.106870229007634","14","262","228","9","5.343511450381679","6.488549618320611","1.1450381679389312","3.053435114503817","42","3.9683794466403164","7","253","218","9.320158102766799","1.976284584980237","3.1620553359683794","3.5573122529644268","0.7905138339920948","42","4.051181102362205","10","254","251","8.952755905511811","3.1496062992125986","1.5748031496062993","6.692913385826771","1.5748031496062993","42","4","7","256","227","9.109375","5.46875","2.734375","3.125","1.5625","42","4.09704641350211","14","237","227","9.333333333333334","2.5316455696202533","4.641350210970464","2.5316455696202533","8.016877637130802","42","4.0964912280701755","11","228","238","9.166666666666666","6.140350877192983","1.7543859649122806","7.017543859649122","2.192982456140351","42","4.010948905109489","13","274","282","9.204379562043796","4.37956204379562","0.7299270072992701","2.5547445255474455","4.014598540145985","42","4.0310077519379846","6","258","267","9.155038759689923","5.426356589147287","2.3255813953488373","2.3255813953488373","3.488372093023256","42","3.9962962962962965","7","270","258","9.251851851851852","1.8518518518518519","0","0.7407407407407407","7.407407407407407","42","4.028776978417266","7","278","241","9.316546762589928","2.8776978417266186","4.316546762589928","3.237410071942446","1.4388489208633093","42","4.154811715481172","10","239","252","9.405857740585773","7.112970711297071","2.510460251046025","7.112970711297071","2.928870292887029"
,"43","4.0549019607843135","13","255","244","9.2","3.5294117647058822","9.411764705882353","0.7843137254901961","0.7843137254901961","43","4.219123505976095","13","251","271","9.131474103585658","3.187250996015936","5.179282868525896","13.54581673306773","3.187250996015936","43","4.007604562737643","8","263","200","9.247148288973383","1.520912547528517","6.844106463878327","0.7604562737642585","4.562737642585551","43","4.170454545454546","9","264","282","9.371212121212121","2.6515151515151514","2.272727272727273","0.7575757575757576","17.803030303030305","43","4.138528138528138","11","231","221","9.428571428571429","7.359307359307359","9.090909090909092","2.5974025974025974","4.761904761904762","43","4.036363636363636","12","275","257","8.974545454545455","1.0909090909090908","3.6363636363636362","2.5454545454545454","2.1818181818181817","43","4.108527131782946","12","258","283","9.294573643410853","7.364341085271318","0.7751937984496124","3.10077519379845","5.813953488372093","43","4.083333333333333","8","264","275","9.196969696969697","2.6515151515151514","7.196969696969697","0.7575757575757576","3.0303030303030303","43","3.980916030534351","7","262","243","9.312977099236642","2.2900763358778624","0.7633587786259542","4.580152671755725","1.5267175572519085","43","3.9813432835820897","12","268","279","9.305970149253731","2.611940298507463","4.850746268656716","1.492537313432836","1.492537313432836","43","4.101694915254237","12","236","213","9.177966101694915","4.237288135593221","3.8135593220338984","0.847457627118644","5.932203389830509","43","3.925","16","240","209","9.233333333333333","7.083333333333333","0","2.5","0","43","4.020746887966805","9","241","197","9.360995850622407","2.074688796680498","1.6597510373443984","4.979253112033195","3.7344398340248963","43","4.147465437788019","10","217","236","9.382488479262673","4.608294930875576","4.608294930875576","6.451612903225806","4.608294930875576","43","3.9296875","12","256","241","9.421875","3.515625","1.5625","1.5625","0","43","4.04089219330855","10","269","270","9.345724907063197","3.717472118959108","1.858736059479554","4.089219330855019","6.691449814126394","43","4.048245614035087","8","228","249","9.289473684210526","2.192982456140351","0.8771929824561403","3.508771929824561","6.578947368421052","43","3.922727272727273","9","220","246","9.481818181818182","0","0","5.454545454545454","1.8181818181818181","43","4.134199134199134","11","231","291","9.35064935064935","11.688311688311689","3.463203463203463","0.8658008658008658","4.329004329004329","43","4.040983606557377","9","244","250","9.450819672131148","2.8688524590163933","0","3.278688524590164","6.967213114754099","43","4.060085836909871","9","233","252","9.373390557939913","5.150214592274678","4.291845493562231","2.575107296137339","5.150214592274678","43","3.831932773109244","14","238","235","9.109243697478991","1.680672268907563","0","0","0.8403361344537815","43","3.9783393501805056","7","277","242","9.191335740072201","7.581227436823105","1.444043321299639","0.7220216606498195","1.444043321299639","43","4.063432835820896","5","268","276","9.343283582089553","0.746268656716418","5.970149253731344","5.223880597014926","4.104477611940299","43","4","5","271","246","9.416974169741698","2.2140221402214024","1.845018450184502","0.7380073800738007","2.5830258302583027","43","3.99618320610687","9","262","331","9.244274809160306","7.633587786259542","1.9083969465648856","0.7633587786259542","1.5267175572519085","43","3.9800796812749004","16","251","231","9.52988047808765","3.585657370517928","1.9920318725099602","1.1952191235059761","2.3904382470119523","43","3.9574468085106385","10","235","247","9.38723404255319","7.23404255319149","0","1.2765957446808511","0.851063829787234","43","4.095435684647303","11","241","271","9.278008298755188","5.394190871369295","6.639004149377594","5.809128630705394","5.809128630705394","43","4.106870229007634","14","262","250","9.16793893129771","5.343511450381679","6.488549618320611","1.1450381679389312","3.053435114503817","43","3.9642857142857144","8","252","235","9.412698412698413","1.9841269841269842","3.1746031746031744","3.5714285714285716","0.7936507936507936","43","4.039840637450199","11","251","271","8.98804780876494","3.187250996015936","1.1952191235059761","6.374501992031872","1.1952191235059761","43","4","8","255","244","9.2","5.490196078431373","2.7450980392156863","3.1372549019607843","1.5686274509803921","43","4.0928270042194095","14","237","243","9.468354430379748","2.5316455696202533","4.641350210970464","2.5316455696202533","7.594936708860759","43","4.101321585903084","11","227","257","9.286343612334802","6.167400881057269","1.7621145374449338","7.048458149779735","2.643171806167401","43","4.011070110701107","14","271","301","9.269372693726938","4.428044280442805","0.7380073800738007","2.5830258302583027","4.059040590405904","43","4.031128404669261","6","257","286","9.26070038910506","5.447470817120623","2.3346303501945527","2.3346303501945527","3.501945525291829","43","3.996282527881041","7","269","272","9.315985130111525","1.858736059479554","0","0.7434944237918215","7.434944237918216","43","4.028776978417266","7","278","249","9.37410071942446","2.8776978417266186","4.316546762589928","3.237410071942446","1.4388489208633093","43","4.154811715481172","10","239","264","9.506276150627615","7.112970711297071","2.510460251046025","7.112970711297071","2.928870292887029"
,"44","4.059055118110236","13","254","244","9.15748031496063","3.937007874015748","9.448818897637794","0.7874015748031497","0.7874015748031497","44","4.244","13","250","271","9.128","3.2","6","14.4","3.6","44","4.007604562737643","8","263","200","9.247148288973383","1.520912547528517","6.844106463878327","0.7604562737642585","4.562737642585551","44","4.186311787072244","9","263","282","9.330798479087452","2.661596958174905","2.2813688212927756","0.7604562737642585","19.39163498098859","44","4.156521739130435","11","230","221","9.382608695652173","7.826086956521739","10","2.608695652173913","5.217391304347826","44","4.040590405904059","15","271","257","8.826568265682656","0.7380073800738007","4.059040590405904","2.5830258302583027","2.2140221402214024","44","4.1050583657587545","13","257","283","9.252918287937744","7.003891050583658","0.7782101167315175","3.11284046692607","5.447470817120623","44","4.080152671755725","9","262","275","9.114503816793894","2.6717557251908395","6.870229007633588","0.7633587786259542","3.053435114503817","44","3.9808429118773945","7","261","243","9.272030651340996","2.2988505747126435","0.7662835249042146","4.597701149425287","1.5325670498084292","44","3.9813432835820897","12","268","279","9.305970149253731","2.611940298507463","4.850746268656716","1.492537313432836","1.492537313432836","44","4.1059322033898304","12","236","213","9.177966101694915","4.237288135593221","3.8135593220338984","0.847457627118644","5.932203389830509","44","3.925","16","240","209","9.233333333333333","7.083333333333333","0","2.5","0","44","4.025","10","240","197","9.316666666666666","2.0833333333333335","1.6666666666666667","5","4.166666666666667","44","4.143518518518518","10","216","236","9.333333333333334","4.62962962962963","4.62962962962963","6.481481481481482","4.166666666666667","44","3.9296875","12","256","241","9.421875","3.515625","1.5625","1.5625","0","44","4.045112781954887","12","266","270","9.233082706766917","3.7593984962406015","1.8796992481203008","4.135338345864661","6.7669172932330826","44","4.048245614035087","8","228","249","9.289473684210526","2.192982456140351","0.8771929824561403","3.508771929824561","6.578947368421052","44","3.9220183486238533","10","218","246","9.385321100917432","0","0","5.504587155963303","1.834862385321101","44","4.1347826086956525","12","230","291","9.31304347826087","11.73913043478261","3.4782608695652173","0.8695652173913043","4.3478260869565215","44","4.041152263374485","9","243","250","9.465020576131687","2.880658436213992","0","3.292181069958848","6.995884773662551","44","4.060085836909871","9","233","252","9.373390557939913","5.150214592274678","4.291845493562231","2.575107296137339","5.150214592274678","44","3.8361344537815127","14","238","235","9.109243697478991","1.680672268907563","0","0","0.8403361344537815","44","3.9782608695652173","7","276","242","9.152173913043478","7.608695652173913","1.4492753623188406","0.7246376811594203","1.4492753623188406","44","4.063432835820896","5","268","276","9.343283582089553","0.746268656716418","5.970149253731344","5.223880597014926","4.104477611940299","44","4.003703703703704","6","270","246","9.377777777777778","2.2222222222222223","1.8518518518518519","0.7407407407407407","2.5925925925925926","44","3.992337164750958","10","261","331","9.203065134099617","7.662835249042145","1.9157088122605364","0.7662835249042146","1.1494252873563218","44","3.9718875502008033","18","249","231","9.44578313253012","3.6144578313253013","1.606425702811245","1.2048192771084338","2.4096385542168677","44","3.96137339055794","10","233","247","9.321888412017167","7.296137339055794","0","1.2875536480686696","0.8583690987124464","44","4.112970711297071","11","239","271","9.196652719665272","5.439330543933054","6.694560669456067","5.857740585774058","5.857740585774058","44","4.10727969348659","14","261","250","9.126436781609195","5.363984674329502","6.513409961685824","1.1494252873563218","3.0651340996168583","44","3.9682539682539684","8","252","235","9.412698412698413","1.9841269841269842","3.1746031746031744","3.5714285714285716","0.7936507936507936","44","4.024","11","250","271","8.984","3.2","0.8","5.6","0.8","44","4","9","253","244","9.114624505928854","5.533596837944664","2.766798418972332","3.1620553359683794","1.5810276679841897","44","4.093220338983051","14","236","243","9.432203389830509","2.542372881355932","4.661016949152542","2.542372881355932","7.627118644067797","44","4.102222222222222","12","225","257","9.19111111111111","6.222222222222222","1.7777777777777777","7.111111111111111","2.6666666666666665","44","4.011111111111111","14","270","301","9.22962962962963","4.444444444444445","0.7407407407407407","2.5925925925925926","4.074074074074074","44","4.031128404669261","6","257","286","9.26070038910506","5.447470817120623","2.3346303501945527","2.3346303501945527","3.501945525291829","44","3.996282527881041","7","269","272","9.315985130111525","1.858736059479554","0","0.7434944237918215","7.434944237918216","44","4.028880866425993","8","277","249","9.335740072202166","2.888086642599278","4.332129963898917","3.2490974729241877","1.444043321299639","44","4.15546218487395","11","238","264","9.46218487394958","7.142857142857143","2.5210084033613445","7.142857142857143","2.9411764705882355"
,"45","4.067193675889328","13","253","244","9.114624505928854","3.5573122529644268","10.671936758893281","0.7905138339920948","0.7905138339920948","45","4.24","13","250","271","9.128","3.2","6.8","14","3.2","45","4.015325670498084","9","261","200","9.164750957854405","1.5325670498084292","7.662835249042145","0.7662835249042146","4.597701149425287","45","4.17490494296578","9","263","282","9.330798479087452","2.661596958174905","2.2813688212927756","0.7604562737642585","18.250950570342205","45","4.1615720524017465","11","229","221","9.336244541484715","9.606986899563319","9.170305676855895","2.6200873362445414","4.8034934497816595","45","4.047970479704797","15","271","257","8.826568265682656","0.7380073800738007","4.797047970479705","2.5830258302583027","2.2140221402214024","45","4.109803921568627","14","255","283","9.168627450980392","6.666666666666667","0.7843137254901961","3.1372549019607843","5.882352941176471","45","4.084291187739463","9","261","275","9.0727969348659","2.681992337164751","7.2796934865900385","0.7662835249042146","3.0651340996168583","45","3.980769230769231","7","260","243","9.23076923076923","2.3076923076923075","0.7692307692307693","4.615384615384615","1.5384615384615385","45","3.9812734082397006","12","267","279","9.273408239700375","2.6217228464419478","4.868913857677903","1.4981273408239701","1.4981273408239701","45","4.1063829787234045","12","235","213","9.13191489361702","4.25531914893617","3.8297872340425534","0.851063829787234","5.957446808510638","45","3.925","16","240","209","9.233333333333333","7.083333333333333","0","2.5","0","45","4.02092050209205","10","239","197","9.271966527196653","2.092050209205021","1.6736401673640167","5.02092050209205","3.7656903765690375","45","4.143518518518518","10","216","236","9.333333333333334","4.62962962962963","4.62962962962963","6.481481481481482","4.166666666666667","45","3.9296875","12","256","241","9.421875","3.515625","1.5625","1.5625","0","45","4.034220532319392","12","263","270","9.125475285171103","3.4220532319391634","1.9011406844106464","4.182509505703422","6.4638783269961975","45","4.048458149779735","9","227","249","9.242290748898679","2.202643171806167","0.8810572687224669","3.5242290748898677","6.607929515418502","45","3.9220183486238533","10","218","246","9.385321100917432","0","0","5.504587155963303","1.834862385321101","45","4.131004366812227","12","229","291","9.275109170305678","11.353711790393014","3.493449781659389","0.8733624454148472","4.366812227074236","45","4.04149377593361","9","241","250","9.394190871369295","2.904564315352697","0","3.319502074688797","7.053941908713693","45","4.060869565217391","10","230","252","9.243478260869566","5.217391304347826","4.3478260869565215","2.608695652173913","5.217391304347826","45","3.831223628691983","14","237","235","9.063291139240507","1.6877637130801688","0","0","0.8438818565400844","45","3.978181818181818","8","275","242","9.112727272727273","7.636363636363637","1.4545454545454546","0.7272727272727273","1.4545454545454546","45","4.063670411985019","6","267","276","9.303370786516854","0.7490636704119851","5.992509363295881","5.2434456928838955","4.119850187265918","45","4.007490636704119","8","267","246","9.265917602996256","2.247191011235955","1.8726591760299625","0.7490636704119851","2.6217228464419478","45","3.996153846153846","10","260","331","9.161538461538461","7.6923076923076925","1.9230769230769231","0.7692307692307693","1.5384615384615385","45","3.9799196787148596","18","249","231","9.44578313253012","3.6144578313253013","2.0080321285140563","1.2048192771084338","2.4096385542168677","45","3.961206896551724","10","232","247","9.275862068965518","7.327586206896552","0","1.293103448275862","0.8620689655172413","45","4.105042016806722","12","238","271","9.15126050420168","5.46218487394958","6.722689075630252","5.882352941176471","5.882352941176471","45","4.1038461538461535","14","260","250","9.107692307692307","5.384615384615385","6.538461538461538","0.7692307692307693","3.076923076923077","45","3.9641434262948207","9","251","235","9.370517928286853","1.9920318725099602","3.187250996015936","3.585657370517928","0.796812749003984","45","4.020080321285141","11","249","271","8.939759036144578","3.21285140562249","0.8032128514056225","5.622489959839357","0.40160642570281124","45","4","9","252","244","9.071428571428571","5.555555555555555","2.7777777777777777","3.1746031746031744","1.5873015873015872","45","4.093220338983051","14","236","243","9.432203389830509","2.542372881355932","4.661016949152542","2.542372881355932","7.627118644067797","45","4.09375","13","224","257","9.151785714285714","5.803571428571429","1.7857142857142858","6.696428571428571","2.6785714285714284","45","4.011152416356877","15","269","301","9.189591078066915","4.4609665427509295","0.7434944237918215","2.6022304832713754","4.089219330855019","45","4.031128404669261","6","257","286","9.26070038910506","5.447470817120623","2.3346303501945527","2.3346303501945527","3.501945525291829","45","3.996282527881041","7","269","272","9.315985130111525","1.858736059479554","0","0.7434944237918215","7.434944237918216","45","4.036231884057971","8","276","249","9.333333333333334","2.898550724637681","4.3478260869565215","3.260869565217391","1.4492753623188406","45","4.15546218487395","11","238","264","9.46218487394958","7.142857142857143","2.5210084033613445","7.142857142857143","2.9411764705882355"
,"46","4.06","13","250","273","9.232","3.6","9.6","0.8","0.8","46","4.26","13","250","300","9.36","3.6","6.8","15.2","3.2","46","4.007662835249042","9","261","218","9.302681992337165","1.5325670498084292","6.896551724137931","0.7662835249042146","4.597701149425287","46","4.198473282442748","9","262","302","9.442748091603054","3.053435114503817","2.2900763358778624","0.7633587786259542","20.229007633587788","46","4.1615720524017465","11","229","235","9.458515283842795","9.606986899563319","8.733624454148472","2.6200873362445414","5.240174672489083","46","4.048148148148148","15","270","303","9.125925925925927","0.7407407407407407","4.074074074074074","2.962962962962963","2.5925925925925926","46","4.105882352941176","14","255","305","9.341176470588236","6.666666666666667","0.7843137254901961","3.1372549019607843","5.490196078431373","46","4.084942084942085","10","259","300","9.181467181467182","2.7027027027027026","7.335907335907336","0.7722007722007722","3.088803088803089","46","3.9806201550387597","8","258","253","9.224806201550388","2.3255813953488373","0.7751937984496124","4.651162790697675","1.550387596899225","46","3.981132075471698","12","265","295","9.358490566037736","2.641509433962264","4.528301886792453","1.509433962264151","1.509433962264151","46","4.1063829787234045","12","235","234","9.310638297872341","4.25531914893617","3.8297872340425534","0.851063829787234","5.957446808510638","46","3.924686192468619","16","239","219","9.313807531380753","7.112970711297071","0","2.510460251046025","0","46","4.025210084033613","10","238","204","9.285714285714286","2.100840336134454","1.680672268907563","5.042016806722689","4.201680672268908","46","4.143518518518518","10","216","246","9.425925925925926","4.62962962962963","4.62962962962963","6.481481481481482","4.166666666666667","46","3.9296875","12","256","252","9.5078125","3.515625","1.5625","1.5625","0","46","4.030418250950571","12","263","300","9.35361216730038","3.041825095057034","1.9011406844106464","4.182509505703422","6.083650190114068","46","4.048458149779735","9","227","270","9.427312775330396","2.202643171806167","0.8810572687224669","3.5242290748898677","6.607929515418502","46","3.9220183486238533","10","218","252","9.440366972477063","0","0","5.504587155963303","1.834862385321101","46","4.135371179039302","12","229","313","9.467248908296943","11.790393013100436","3.493449781659389","0.8733624454148472","4.366812227074236","46","4.042016806722689","9","238","264","9.394957983193278","2.9411764705882355","0","3.361344537815126","7.142857142857143","46","4.060869565217391","10","230","268","9.382608695652173","5.217391304347826","4.3478260869565215","2.608695652173913","5.217391304347826","46","3.8354430379746836","14","237","254","9.223628691983123","1.6877637130801688","0","0","0.8438818565400844","46","3.978102189781022","8","274","259","9.197080291970803","7.664233576642336","1.4598540145985401","0.7299270072992701","1.4598540145985401","46","4.064150943396227","7","265","296","9.373584905660378","0.7547169811320755","6.037735849056604","5.283018867924528","3.7735849056603774","46","4.007518796992481","9","266","265","9.368421052631579","2.255639097744361","1.8796992481203008","0.7518796992481203","2.6315789473684212","46","3.9922779922779923","10","259","352","9.28957528957529","7.722007722007722","1.9305019305019304","0.7722007722007722","1.1583011583011582","46","3.971774193548387","18","248","241","9.524193548387096","3.629032258064516","1.6129032258064515","1.2096774193548387","2.4193548387096775","46","3.961206896551724","10","232","270","9.474137931034482","7.327586206896552","0","1.293103448275862","0.8620689655172413","46","4.105485232067511","12","237","290","9.316455696202532","5.485232067510548","6.751054852320675","5.485232067510548","5.485232067510548","46","4.1038461538461535","14","260","277","9.315384615384616","5.384615384615385","6.538461538461538","0.7692307692307693","3.076923076923077","46","3.9681274900398407","9","251","259","9.56175298804781","1.9920318725099602","3.187250996015936","3.585657370517928","0.796812749003984","46","4.016064257028113","11","249","301","9.180722891566266","3.21285140562249","0.8032128514056225","5.622489959839357","0","46","4","9","252","268","9.261904761904763","5.555555555555555","2.7777777777777777","3.1746031746031744","1.5873015873015872","46","4.093617021276596","14","235","256","9.497872340425532","2.5531914893617023","4.680851063829787","2.5531914893617023","7.659574468085107","46","4.085201793721973","14","223","274","9.25560538116592","5.381165919282512","1.7937219730941705","6.278026905829597","2.690582959641256","46","4.011152416356877","15","269","324","9.360594795539033","4.4609665427509295","0.7434944237918215","2.6022304832713754","4.089219330855019","46","4.027450980392157","7","255","296","9.262745098039217","5.490196078431373","2.3529411764705883","2.3529411764705883","3.1372549019607843","46","3.9962546816479403","8","267","292","9.393258426966293","1.8726591760299625","0","0.7490636704119851","7.49063670411985","46","4.043478260869565","8","276","257","9.391304347826088","2.898550724637681","4.3478260869565215","3.260869565217391","1.4492753623188406","46","4.15546218487395","11","238","280","9.596638655462185","7.142857142857143","2.5210084033613445","7.142857142857143","2.9411764705882355"
,"47","4.06","13","250","273","9.232","3.6","9.2","0.8","0.8","47","4.241935483870968","14","248","300","9.274193548387096","3.225806451612903","7.258064516129032","13.709677419354838","3.225806451612903","47","4.007722007722008","9","259","218","9.22007722007722","1.5444015444015444","6.94980694980695","0.7722007722007722","4.633204633204633","47","4.1915708812260535","9","261","302","9.402298850574713","2.681992337164751","2.2988505747126435","0.7662835249042146","19.92337164750958","47","4.165938864628821","11","229","235","9.458515283842795","9.606986899563319","9.170305676855895","3.056768558951965","4.8034934497816595","47","4.037037037037037","15","270","303","9.125925925925927","0.7407407407407407","3.7037037037037037","2.5925925925925926","2.2222222222222223","47","4.113725490196078","14","255","305","9.341176470588236","7.0588235294117645","0.7843137254901961","3.1372549019607843","5.882352941176471","47","4.096525096525096","10","259","300","9.181467181467182","2.7027027027027026","8.494208494208495","0.7722007722007722","3.088803088803089","47","3.980544747081712","8","257","253","9.198443579766536","2.3346303501945527","0.7782101167315175","4.669260700389105","1.556420233463035","47","3.981060606060606","12","264","295","9.340909090909092","2.6515151515151514","4.166666666666667","1.5151515151515151","1.5151515151515151","47","4.1068376068376065","12","234","234","9.264957264957266","4.273504273504273","3.8461538461538463","0.8547008547008547","5.982905982905983","47","3.9243697478991595","16","238","219","9.277310924369749","7.142857142857143","0","2.5210084033613445","0","47","4.0168776371308015","10","237","204","9.240506329113924","2.109704641350211","1.6877637130801688","4.641350210970464","3.7974683544303796","47","4.144859813084112","10","214","246","9.373831775700934","4.672897196261682","4.672897196261682","6.542056074766355","4.205607476635514","47","3.929411764705882","12","255","252","9.466666666666667","3.5294117647058822","1.5686274509803921","1.5686274509803921","0","47","4.030418250950571","12","263","300","9.35361216730038","3.041825095057034","1.9011406844106464","4.182509505703422","6.083650190114068","47","4.048458149779735","9","227","270","9.427312775330396","2.202643171806167","0.8810572687224669","3.5242290748898677","6.607929515418502","47","3.9220183486238533","10","218","252","9.440366972477063","0","0","5.504587155963303","1.834862385321101","47","4.131004366812227","12","229","313","9.467248908296943","11.353711790393014","3.493449781659389","0.8733624454148472","4.366812227074236","47","4.042016806722689","9","238","264","9.394957983193278","2.9411764705882355","0","3.361344537815126","7.142857142857143","47","4.060869565217391","10","230","268","9.382608695652173","5.217391304347826","4.3478260869565215","2.608695652173913","5.217391304347826","47","3.842553191489362","15","235","254","9.13191489361702","1.702127659574468","0","0","0.851063829787234","47","3.978021978021978","8","273","259","9.157509157509157","7.6923076923076925","1.465201465201465","0.7326007326007326","1.465201465201465","47","4.064150943396227","7","265","296","9.373584905660378","0.7547169811320755","6.037735849056604","5.283018867924528","3.3962264150943398","47","4.007575757575758","10","264","265","9.295454545454545","2.272727272727273","1.893939393939394","0.7575757575757576","2.6515151515151514","47","3.988416988416988","10","259","352","9.28957528957529","7.722007722007722","1.9305019305019304","0.7722007722007722","0.7722007722007722","47","3.9796747967479673","19","246","241","9.439024390243903","3.658536585365854","2.032520325203252","1.2195121951219512","2.4390243902439024","47","3.961206896551724","10","232","270","9.474137931034482","7.327586206896552","0","1.293103448275862","0.8620689655172413","47","4.09704641350211","12","237","290","9.316455696202532","5.485232067510548","6.751054852320675","5.485232067510548","5.485232067510548","47","4.09375","15","256","277","9.2109375","5.078125","6.25","0.78125","2.34375","47","3.9641434262948207","9","251","259","9.56175298804781","1.9920318725099602","3.187250996015936","3.585657370517928","0.796812749003984","47","4.016326530612245","12","245","301","9.012244897959183","3.2653061224489797","0.8163265306122449","5.714285714285714","0","47","4","9","252","268","9.261904761904763","5.555555555555555","2.7777777777777777","3.1746031746031744","1.5873015873015872","47","4.093617021276596","14","235","256","9.497872340425532","2.5531914893617023","4.680851063829787","2.5531914893617023","7.659574468085107","47","4.085201793721973","14","223","274","9.25560538116592","5.381165919282512","1.7937219730941705","6.278026905829597","2.690582959641256","47","4.0111940298507465","16","268","324","9.328358208955224","4.477611940298507","0.746268656716418","2.611940298507463","4.104477611940299","47","4.023529411764706","7","255","296","9.262745098039217","5.490196078431373","2.3529411764705883","2.3529411764705883","2.7450980392156863","47","3.9962264150943394","10","265","292","9.313207547169812","1.8867924528301887","0","0.7547169811320755","7.547169811320755","47","4.043478260869565","8","276","257","9.391304347826088","2.898550724637681","4.3478260869565215","3.260869565217391","1.4492753623188406","47","4.156779661016949","12","236","280","9.508474576271187","7.203389830508475","2.542372881355932","7.203389830508475","2.9661016949152543"
,"48","4.060483870967742","13","248","273","9.153225806451612","3.629032258064516","9.67741935483871","0.8064516129032258","0.8064516129032258","48","4.2631578947368425","15","247","300","9.23076923076923","3.6437246963562755","7.287449392712551","14.979757085020243","3.2388663967611335","48","4.011583011583012","9","259","218","9.22007722007722","1.5444015444015444","7.335907335907336","0.7722007722007722","4.633204633204633","48","4.1915708812260535","9","261","302","9.402298850574713","2.681992337164751","2.2988505747126435","0.7662835249042146","19.92337164750958","48","4.157205240174672","11","229","235","9.458515283842795","9.170305676855895","9.170305676855895","2.6200873362445414","4.8034934497816595","48","4.04074074074074","15","270","303","9.125925925925927","0.7407407407407407","3.7037037037037037","2.5925925925925926","2.5925925925925926","48","4.105882352941176","14","255","305","9.341176470588236","6.2745098039215685","0.7843137254901961","3.1372549019607843","5.882352941176471","48","4.084942084942085","10","259","300","9.181467181467182","2.7027027027027026","7.335907335907336","0.7722007722007722","3.088803088803089","48","3.9803149606299213","9","254","253","9.10236220472441","2.3622047244094486","0.7874015748031497","4.724409448818897","1.5748031496062993","48","3.9809885931558937","12","263","295","9.300380228136882","2.661596958174905","4.182509505703422","1.520912547528517","1.520912547528517","48","4.098712446351931","13","233","234","9.218884120171674","3.8626609442060085","3.4334763948497855","0.8583690987124464","6.008583690987124","48","3.9240506329113924","17","237","219","9.232067510548523","7.172995780590718","0","2.5316455696202533","0","48","4.0210970464135025","10","237","204","9.240506329113924","2.109704641350211","1.6877637130801688","4.641350210970464","4.219409282700422","48","4.145539906103286","10","213","246","9.32394366197183","4.694835680751174","4.694835680751174","6.572769953051643","4.225352112676056","48","3.929411764705882","12","255","252","9.466666666666667","3.5294117647058822","1.5686274509803921","1.5686274509803921","0","48","4.030418250950571","12","263","300","9.35361216730038","3.041825095057034","1.9011406844106464","4.182509505703422","6.083650190114068","48","4.044444444444444","10","225","270","9.333333333333334","2.2222222222222223","0.8888888888888888","3.5555555555555554","6.222222222222222","48","3.9220183486238533","10","218","252","9.440366972477063","0","0","5.504587155963303","1.834862385321101","48","4.135371179039302","12","229","313","9.467248908296943","11.790393013100436","3.493449781659389","0.8733624454148472","4.366812227074236","48","4.042016806722689","9","238","264","9.394957983193278","2.9411764705882355","0","3.361344537815126","7.142857142857143","48","4.060869565217391","10","230","268","9.382608695652173","5.217391304347826","4.3478260869565215","2.608695652173913","5.217391304347826","48","3.8376068376068377","15","234","254","9.085470085470085","1.7094017094017093","0","0","0.8547008547008547","48","3.978021978021978","8","273","259","9.157509157509157","7.6923076923076925","1.465201465201465","0.7326007326007326","1.465201465201465","48","4.068702290076335","8","262","296","9.297709923664122","0.7633587786259542","6.106870229007634","5.343511450381679","3.435114503816794","48","4.007575757575758","10","264","265","9.295454545454545","2.272727272727273","1.893939393939394","0.7575757575757576","2.6515151515151514","48","3.988372093023256","11","258","352","9.248062015503876","7.751937984496124","1.937984496124031","0.7751937984496124","0.7751937984496124","48","3.9715447154471546","19","246","241","9.439024390243903","3.658536585365854","1.6260162601626016","1.2195121951219512","2.4390243902439024","48","3.961206896551724","10","232","270","9.474137931034482","7.327586206896552","0","1.293103448275862","0.8620689655172413","48","4.1059322033898304","13","236","290","9.271186440677965","5.508474576271187","6.779661016949152","5.508474576271187","5.508474576271187","48","4.078431372549019","15","255","277","9.168627450980392","4.705882352941177","5.490196078431373","0.7843137254901961","1.5686274509803921","48","3.963855421686747","9","249","259","9.477911646586346","2.0080321285140563","2.8112449799196786","3.6144578313253013","0.8032128514056225","48","4.016393442622951","12","244","301","9.024590163934427","3.278688524590164","0.819672131147541","5.737704918032787","0","48","4","10","251","268","9.219123505976096","5.577689243027889","2.7888446215139444","3.187250996015936","1.593625498007968","48","4.094827586206897","14","232","256","9.379310344827585","2.586206896551724","4.741379310344827","2.586206896551724","7.758620689655173","48","4.085585585585585","15","222","274","9.207207207207206","5.405405405405405","1.8018018018018018","6.306306306306307","2.7027027027027026","48","4.014925373134329","16","268","324","9.328358208955224","4.850746268656716","0.746268656716418","2.611940298507463","4.104477611940299","48","4.0236220472440944","8","254","296","9.220472440944881","5.511811023622047","2.3622047244094486","2.3622047244094486","2.7559055118110236","48","3.996212121212121","10","264","292","9.272727272727273","1.893939393939394","0","0.7575757575757576","7.575757575757576","48","4.043636363636364","9","275","257","9.352727272727273","2.909090909090909","4.363636363636363","3.272727272727273","1.4545454545454546","48","4.156779661016949","12","236","280","9.508474576271187","7.203389830508475","2.542372881355932","7.203389830508475","2.9661016949152543"
,"49","3.83206106870229","13","262","305","9.290076335877863","6.106870229007634","10.687022900763358","3.053435114503817","1.9083969465648856","49","4.122529644268774","15","253","322","9.494071146245059","3.952569169960474","7.905138339920948","15.810276679841897","3.952569169960474","49","3.7883211678832116","9","274","235","9.35036496350365","3.2846715328467155","9.854014598540147","2.5547445255474455","6.569343065693431","49","4.063197026022305","9","269","321","9.49442379182156","4.4609665427509295","3.717472118959108","1.858736059479554","20.817843866171003","49","3.7768924302788847","11","251","240","9.091633466135459","11.155378486055778","12.350597609561753","3.9840637450199203","8.764940239043824","49","3.7909407665505226","15","287","321","9.289198606271777","3.484320557491289","7.317073170731708","4.529616724738676","4.878048780487805","49","3.848708487084871","14","271","320","9.29889298892989","7.749077490774908","2.2140221402214024","5.166051660516605","9.59409594095941","49","3.8369565217391304","10","276","319","9.217391304347826","3.9855072463768115","9.420289855072463","2.536231884057971","3.9855072463768115","49","3.7434944237918217","9","269","281","9.308550185873607","3.345724907063197","2.6022304832713754","5.5762081784386615","4.089219330855019","49","3.7259786476868326","12","281","309","9.316725978647687","4.270462633451957","5.693950177935943","3.9145907473309607","3.202846975088968","49","3.8353413654618476","13","249","249","9.25301204819277","5.622489959839357","6.024096385542169","3.6144578313253013","8.032128514056225","49","3.72","17","250","227","9.24","8.8","2.4","4","1.2","49","3.569811320754717","11","265","212","9.041509433962265","5.283018867924528","4.90566037735849","7.547169811320755","6.415094339622642","49","3.9774774774774775","10","222","260","9.396396396396396","5.8558558558558556","5.8558558558558556","6.756756756756757","5.405405405405405","49","3.8091603053435112","12","262","262","9.465648854961833","4.198473282442748","1.5267175572519085","3.053435114503817","1.9083969465648856","49","3.7314487632508833","12","283","310","9.19434628975265","3.5335689045936394","5.6537102473498235","7.420494699646643","8.480565371024735","49","3.605577689243028","10","251","287","9.07569721115538","5.577689243027889","4.382470119521912","7.968127490039841","8.764940239043824","49","3.6508620689655173","10","232","258","9.258620689655173","2.586206896551724","1.293103448275862","7.327586206896552","3.4482758620689653","49","3.909090909090909","12","242","325","9.388429752066116","12.396694214876034","6.6115702479338845","2.0661157024793386","4.958677685950414","49","3.7857142857142856","10","252","274","9.23015873015873","4.365079365079365","3.5714285714285716","6.349206349206349","8.333333333333334","49","3.8065843621399176","11","243","276","9.267489711934155","5.761316872427984","5.349794238683128","4.938271604938271","6.995884773662551","49","3.625","15","248","273","9.298387096774194","3.629032258064516","2.8225806451612905","2.0161290322580645","2.0161290322580645","49","3.797872340425532","10","282","275","9.304964539007091","8.51063829787234","2.8368794326241136","2.127659574468085","3.1914893617021276","49","3.8686131386861313","8","274","322","9.445255474452555","2.18978102189781","6.934306569343065","6.569343065693431","6.204379562043796","49","3.776978417266187","10","278","280","9.309352517985612","4.676258992805756","3.9568345323741005","1.7985611510791366","4.676258992805756","49","3.769230769230769","11","273","373","9.340659340659341","9.89010989010989","3.2967032967032965","2.197802197802198","2.93040293040293","49","3.735632183908046","19","261","258","9.348659003831418","6.513409961685824","4.21455938697318","3.8314176245210727","4.21455938697318","49","3.7958333333333334","10","240","277","9.466666666666667","7.916666666666667","0","2.0833333333333335","2.0833333333333335","49","3.852589641434263","13","251","308","9.322709163346614","7.171314741035856","7.968127490039841","7.171314741035856","7.171314741035856","49","3.7773722627737225","15","274","294","9.24087591240876","6.934306569343065","7.299270072992701","4.014598540145985","4.014598540145985","49","3.7452471482889735","9","263","272","9.422053231939163","4.182509505703422","3.4220532319391634","4.182509505703422","3.041825095057034","49","3.796875","12","256","330","9.3125","4.6875","1.953125","7.03125","0.78125","49","3.890625","10","256","289","9.4609375","5.859375","3.515625","5.46875","1.953125","49","4.012658227848101","14","237","272","9.561181434599156","2.5316455696202533","5.063291139240507","3.3755274261603376","9.282700421940929","49","3.876068376068376","15","234","296","9.384615384615385","5.982905982905983","3.4188034188034186","7.6923076923076925","4.700854700854701","49","3.60472972972973","16","296","332","9.067567567567568","6.418918918918919","4.72972972972973","7.094594594594595","5.743243243243243","49","3.7435897435897436","8","273","313","9.223443223443223","7.6923076923076925","5.4945054945054945","5.128205128205129","5.128205128205129","49","3.767857142857143","10","280","321","9.314285714285715","4.285714285714286","1.7857142857142858","1.4285714285714286","7.5","49","3.72972972972973","9","296","268","9.222972972972974","5.405405405405405","6.418918918918919","5.405405405405405","2.7027027027027026","49","3.876984126984127","12","252","291","9.301587301587302","9.920634920634921","5.9523809523809526","9.920634920634921","5.158730158730159"
,"50","4.061302681992337","14","261","305","9.24904214559387","4.21455938697318","9.578544061302683","0.7662835249042146","0.7662835249042146","50","4.24901185770751","15","253","322","9.494071146245059","3.1620553359683794","6.324110671936759","14.624505928853756","3.5573122529644268","50","4.032967032967033","9","273","235","9.311355311355312","1.8315018315018314","7.326007326007326","0.7326007326007326","5.128205128205129","50","4.175373134328358","9","268","321","9.455223880597014","2.611940298507463","2.2388059701492535","0.746268656716418","19.029850746268657","50","4.104","12","250","240","9.048","9.2","9.2","2","4.4","50","4.080139372822299","15","287","321","9.289198606271777","0.6968641114982579","5.574912891986063","3.832752613240418","3.1358885017421603","50","4.114391143911439","14","271","320","9.29889298892989","6.273062730627307","0.7380073800738007","3.690036900369004","8.487084870848708","50","4.04029304029304","11","273","319","9.098901098901099","2.5641025641025643","5.86080586080586","0","4.029304029304029","50","3.9888059701492535","9","268","281","9.26865671641791","0.746268656716418","2.611940298507463","5.970149253731344","2.611940298507463","50","3.9964285714285714","13","280","309","9.278571428571428","3.2142857142857144","4.642857142857143","1.4285714285714286","0.7142857142857143","50","4.116935483870968","13","248","249","9.209677419354838","4.435483870967742","3.629032258064516","1.6129032258064515","5.645161290322581","50","3.948","17","250","227","9.24","7.6","0","3.6","0.8","50","4.056818181818182","11","264","212","9","3.787878787878788","3.409090909090909","4.545454545454546","5.303030303030303","50","4.1441441441441444","10","222","260","9.396396396396396","5.8558558558558556","5.8558558558558556","6.756756756756757","5.8558558558558556","50","3.927480916030534","12","262","262","9.465648854961833","3.435114503816794","1.5267175572519085","2.2900763358778624","0","50","4.046099290780142","12","282","310","9.156028368794326","3.5460992907801416","4.25531914893617","3.1914893617021276","6.382978723404255","50","4.0199203187251","10","251","287","9.07569721115538","1.9920318725099602","2.7888446215139444","3.585657370517928","4.780876494023905","50","3.909090909090909","10","231","258","9.272727272727273","0","0","5.627705627705628","2.5974025974025974","50","4.126050420168068","13","238","325","9.210084033613445","11.344537815126051","5.042016806722689","0.8403361344537815","4.201680672268908","50","4.047808764940239","10","251","274","9.187250996015937","2.7888446215139444","1.1952191235059761","3.9840637450199203","6.374501992031872","50","4.029166666666667","13","240","276","9.133333333333333","5","4.166666666666667","2.5","5.416666666666667","50","3.8346774193548385","15","248","273","9.298387096774194","2.8225806451612905","0","0","0.8064516129032258","50","3.975177304964539","10","282","275","9.304964539007091","7.092198581560283","2.127659574468085","0.7092198581560284","1.4184397163120568","50","4.094890510948905","8","274","322","9.445255474452555","1.4598540145985401","6.569343065693431","5.839416058394161","2.5547445255474455","50","4.0324909747292415","10","277","280","9.277978339350181","2.888086642599278","2.888086642599278","1.444043321299639","2.888086642599278","50","3.9816176470588234","11","272","373","9.301470588235293","7.352941176470588","0","0.7352941176470589","1.4705882352941178","50","3.9693486590038316","19","261","258","9.348659003831418","4.597701149425287","1.9157088122605364","1.5325670498084292","2.2988505747126435","50","3.9456066945606696","10","239","277","9.422594142259415","6.694560669456067","0","0.8368200836820083","0.8368200836820083","50","4.083665338645418","13","251","308","9.322709163346614","5.179282868525896","6.374501992031872","5.179282868525896","5.179282868525896","50","4.0989010989010985","15","273","294","9.2014652014652","4.761904761904762","6.227106227106227","1.8315018315018314","1.465201465201465","50","3.935114503816794","10","262","272","9.381679389312977","1.9083969465648856","1.9083969465648856","2.6717557251908395","0.7633587786259542","50","4.003921568627451","13","255","330","9.270588235294118","3.9215686274509802","1.5686274509803921","6.2745098039215685","0","50","4.011764705882353","10","255","289","9.419607843137255","5.490196078431373","2.7450980392156863","4.705882352941177","1.5686274509803921","50","4.0928270042194095","14","237","272","9.561181434599156","2.5316455696202533","4.641350210970464","2.5316455696202533","7.594936708860759","50","4.081545064377682","15","233","296","9.339055793991417","5.150214592274678","0.8583690987124464","7.725321888412017","3.4334763948497855","50","3.9796610169491524","17","295","332","9.030508474576271","4.067796610169491","2.0338983050847457","1.3559322033898304","3.7288135593220337","50","4.029304029304029","8","273","313","9.223443223443223","6.227106227106227","2.197802197802198","3.663003663003663","2.5641025641025643","50","3.9571428571428573","10","280","321","9.314285714285715","2.142857142857143","0","0.7142857142857143","6.785714285714286","50","4.057823129251701","9","294","268","9.149659863945578","3.741496598639456","3.741496598639456","3.061224489795918","1.3605442176870748","50","4.19758064516129","15","248","291","9.137096774193548","8.064516129032258","2.8225806451612905","9.274193548387096","3.629032258064516"
,"51","4.065384615384615","14","260","305","9.207692307692307","4.615384615384615","9.23076923076923","0.7692307692307693","0.7692307692307693","51","4.2629482071713145","16","251","322","9.410358565737052","3.187250996015936","6.772908366533865","16.334661354581673","3.187250996015936","51","4.0476190476190474","9","273","235","9.311355311355312","2.197802197802198","8.058608058608058","0.7326007326007326","5.128205128205129","51","4.175373134328358","9","268","321","9.455223880597014","2.611940298507463","2.2388059701492535","0.746268656716418","19.029850746268657","51","4.112903225806452","12","248","240","8.959677419354838","8.064516129032258","9.67741935483871","2.4193548387096775","4.838709677419355","51","4.083623693379791","15","287","321","9.289198606271777","0.6968641114982579","5.574912891986063","3.484320557491289","3.1358885017421603","51","4.103703703703704","15","270","320","9.25925925925926","6.296296296296297","0.7407407407407407","2.962962962962963","8.148148148148149","51","4.054945054945055","11","273","319","9.098901098901099","2.93040293040293","6.593406593406593","0","3.663003663003663","51","3.9776119402985075","9","268","281","9.26865671641791","0.746268656716418","1.8656716417910448","5.223880597014926","2.611940298507463","51","3.9964285714285714","13","280","309","9.278571428571428","3.2142857142857144","4.642857142857143","1.4285714285714286","0.7142857142857143","51","4.104838709677419","13","248","249","9.209677419354838","4.435483870967742","2.8225806451612905","1.6129032258064515","5.241935483870968","51","3.9596774193548385","18","248","227","9.153225806451612","8.064516129032258","0","3.629032258064516","0.8064516129032258","51","4.0494296577946765","12","263","212","8.965779467680608","3.802281368821293","2.2813688212927756","4.562737642585551","4.942965779467681","51","4.153846153846154","10","221","260","9.357466063348417","5.882352941176471","5.882352941176471","6.787330316742081","5.882352941176471","51","3.9272030651340994","12","261","262","9.425287356321839","3.4482758620689653","1.9157088122605364","2.2988505747126435","0","51","4.057347670250896","13","279","310","9.046594982078853","3.5842293906810037","5.017921146953405","3.225806451612903","6.810035842293907","51","4.024","11","250","287","9.032","2","2.8","3.6","4.4","51","3.9166666666666665","12","228","258","9.131578947368421","0","0","5.701754385964913","2.6315789473684212","51","4.1265822784810124","13","237","325","9.164556962025317","10.970464135021096","5.063291139240507","0.8438818565400844","4.219409282700422","51","4.031872509960159","10","251","274","9.187250996015937","2.7888446215139444","1.1952191235059761","3.187250996015936","5.9760956175298805","51","4.029166666666667","13","240","276","9.133333333333333","4.583333333333333","4.166666666666667","2.5","5.416666666666667","51","3.842741935483871","15","248","273","9.298387096774194","2.8225806451612905","0","0","0.8064516129032258","51","3.9680851063829787","10","282","275","9.304964539007091","7.092198581560283","2.127659574468085","0.7092198581560284","1.4184397163120568","51","4.094890510948905","8","274","322","9.445255474452555","1.4598540145985401","6.569343065693431","5.839416058394161","2.18978102189781","51","4.029197080291971","10","274","280","9.16058394160584","2.9197080291970803","2.5547445255474455","1.4598540145985401","2.9197080291970803","51","3.977777777777778","11","270","373","9.222222222222221","7.037037037037037","0","0.37037037037037035","1.4814814814814814","51","3.9615384615384617","20","260","258","9.307692307692308","4.230769230769231","1.9230769230769231","1.1538461538461537","2.3076923076923075","51","3.9539748953974896","10","239","277","9.422594142259415","6.694560669456067","0","0.8368200836820083","0.8368200836820083","51","4.080321285140562","14","249","308","9.236947791164658","5.220883534136546","6.42570281124498","5.622489959839357","5.220883534136546","51","4.095940959409594","15","271","294","9.121771217712178","4.428044280442805","6.273062730627307","1.845018450184502","1.4760147601476015","51","3.9348659003831417","10","261","272","9.340996168582375","1.9157088122605364","1.5325670498084292","2.681992337164751","0.7662835249042146","51","4.007905138339921","13","253","330","9.201581027667984","3.952569169960474","1.5810276679841897","6.324110671936759","0","51","4.019762845849803","10","253","289","9.33596837944664","5.533596837944664","2.766798418972332","5.138339920948616","1.5810276679841897","51","4.093220338983051","14","236","272","9.55084745762712","2.542372881355932","4.661016949152542","2.542372881355932","7.627118644067797","51","4.094420600858369","15","233","296","9.339055793991417","5.150214592274678","0.8583690987124464","8.15450643776824","3.8626609442060085","51","3.9829351535836177","18","293","332","8.96245733788396","4.09556313993174","1.7064846416382253","1.3651877133105803","3.7542662116040955","51","4.029629629629629","8","270","313","9.103703703703705","6.296296296296297","2.2222222222222223","3.7037037037037037","2.5925925925925926","51","3.9571428571428573","10","280","321","9.314285714285715","1.7857142857142858","0","0.35714285714285715","7.142857142857143","51","4.057823129251701","9","294","268","9.149659863945578","3.741496598639456","4.081632653061225","3.061224489795918","1.3605442176870748","51","4.178137651821863","15","247","291","9.101214574898785","6.477732793522267","2.0242914979757085","9.31174089068826","3.2388663967611335"
,"52","4.065384615384615","14","260","321","9.330769230769231","4.615384615384615","9.23076923076923","1.1538461538461537","0.7692307692307693","52","4.265060240963855","16","249","330","9.389558232931726","3.21285140562249","6.42570281124498","16.46586345381526","3.21285140562249","52","4.047970479704797","11","271","248","9.328413284132841","1.845018450184502","8.118081180811808","0.7380073800738007","5.535055350553505","52","4.169172932330827","10","266","326","9.413533834586467","2.6315789473684212","2.255639097744361","0.7518796992481203","18.42105263157895","52","4.104838709677419","12","248","259","9.112903225806452","8.064516129032258","9.274193548387096","2.0161290322580645","4.435483870967742","52","4.073426573426573","15","286","328","9.3006993006993","0.6993006993006993","4.895104895104895","3.4965034965034967","2.797202797202797","52","4.103703703703704","15","270","328","9.318518518518518","6.666666666666667","0.7407407407407407","2.962962962962963","7.777777777777778","52","4.051851851851852","12","270","346","9.177777777777777","2.5925925925925926","6.666666666666667","0","3.7037037037037037","52","3.969811320754717","11","265","291","9.222641509433963","0.7547169811320755","1.8867924528301887","5.283018867924528","1.8867924528301887","52","3.9964285714285714","13","280","317","9.335714285714285","3.2142857142857144","4.642857142857143","1.4285714285714286","0.7142857142857143","52","4.108870967741935","13","248","256","9.266129032258064","4.435483870967742","2.8225806451612905","2.0161290322580645","5.241935483870968","52","3.9516129032258065","18","248","240","9.258064516129032","7.661290322580645","0","3.629032258064516","0.8064516129032258","52","4.0458015267175576","13","262","237","9.114503816793894","3.816793893129771","1.5267175572519085","4.580152671755725","5.343511450381679","52","4.15","11","220","270","9.4","5.454545454545454","5.909090909090909","6.818181818181818","5.909090909090909","52","3.9272030651340994","12","261","267","9.46360153256705","3.4482758620689653","1.5325670498084292","2.2988505747126435","0","52","4.061151079136691","13","278","335","9.18705035971223","3.597122302158273","5.0359712230215825","3.237410071942446","6.83453237410072","52","4.024096385542169","11","249","298","9.076305220883533","2.0080321285140563","2.8112449799196786","3.6144578313253013","4.417670682730924","52","3.907488986784141","12","227","263","9.127753303964758","0","0","5.286343612334802","2.643171806167401","52","4.1239316239316235","13","234","348","9.23076923076923","10.683760683760683","5.128205128205129","0.8547008547008547","4.273504273504273","52","4.031872509960159","10","251","294","9.346613545816734","2.7888446215139444","1.1952191235059761","3.187250996015936","5.9760956175298805","52","4.029166666666667","13","240","293","9.275","4.583333333333333","4.166666666666667","2.5","5.416666666666667","52","3.841463414634146","17","246","281","9.276422764227643","2.845528455284553","0","0","0.8130081300813008","52","3.971631205673759","10","282","286","9.382978723404255","7.092198581560283","2.127659574468085","0.7092198581560284","1.4184397163120568","52","4.094890510948905","8","274","333","9.525547445255475","1.4598540145985401","6.569343065693431","5.839416058394161","2.18978102189781","52","4.032846715328467","10","274","297","9.284671532846716","2.9197080291970803","2.9197080291970803","1.4598540145985401","2.9197080291970803","52","3.9776119402985075","12","268","387","9.246268656716419","6.7164179104477615","0","0","1.492537313432836","52","3.957692307692308","20","260","265","9.361538461538462","4.230769230769231","1.5384615384615385","1.1538461538461537","2.3076923076923075","52","3.953781512605042","10","238","282","9.420168067226891","6.722689075630252","0","0.8403361344537815","0.8403361344537815","52","4.0728744939271255","15","247","318","9.31174089068826","5.2631578947368425","6.477732793522267","4.8582995951417","4.8582995951417","52","4.092592592592593","15","270","312","9.274074074074074","4.444444444444445","6.296296296296297","1.4814814814814814","1.4814814814814814","52","3.941860465116279","10","258","282","9.34108527131783","1.937984496124031","1.550387596899225","2.7131782945736433","0.7751937984496124","52","4.008032128514056","14","249","346","9.156626506024097","4.016064257028113","1.606425702811245","6.42570281124498","0","52","4.023809523809524","10","252","309","9.452380952380953","5.555555555555555","2.7777777777777777","5.158730158730159","1.5873015873015872","52","4.097872340425532","14","235","276","9.557446808510639","2.5531914893617023","4.680851063829787","2.5531914893617023","7.659574468085107","52","4.081896551724138","15","232","302","9.344827586206897","5.172413793103448","0.8620689655172413","7.758620689655173","3.0172413793103448","52","3.986348122866894","18","293","360","9.15358361774744","4.09556313993174","2.04778156996587","1.3651877133105803","3.7542662116040955","52","4.029739776951673","9","269","335","9.226765799256505","6.319702602230484","2.2304832713754648","3.717472118959108","2.6022304832713754","52","3.960714285714286","10","280","327","9.357142857142858","1.7857142857142858","0","0.7142857142857143","6.785714285714286","52","4.057823129251701","9","294","284","9.258503401360544","3.741496598639456","3.741496598639456","3.061224489795918","1.3605442176870748","52","4.17479674796748","15","246","315","9.252032520325203","6.504065040650406","1.6260162601626016","9.34959349593496","3.252032520325203"
,"53","4.066147859922179","14","257","321","9.214007782101167","5.058365758754864","8.949416342412452","0.7782101167315175","0.7782101167315175","53","4.266129032258065","16","248","330","9.35483870967742","3.225806451612903","6.854838709677419","16.532258064516128","3.225806451612903","53","4.048148148148148","12","270","248","9.28888888888889","1.4814814814814814","8.518518518518519","0.7407407407407407","5.185185185185185","53","4.1773584905660375","10","265","326","9.373584905660378","2.641509433962264","2.2641509433962264","0.7547169811320755","19.245283018867923","53","4.113360323886639","12","247","259","9.068825910931174","8.502024291497976","8.906882591093117","2.42914979757085","4.8582995951417","53","4.073426573426573","15","286","328","9.3006993006993","0.6993006993006993","5.244755244755245","3.1468531468531467","2.797202797202797","53","4.103703703703704","15","270","328","9.318518518518518","6.296296296296297","0.7407407407407407","2.962962962962963","8.148148148148149","53","4.055555555555555","12","270","346","9.177777777777777","2.5925925925925926","7.037037037037037","0","3.7037037037037037","53","3.965909090909091","11","264","291","9.18939393939394","0.7575757575757576","1.893939393939394","5.303030303030303","1.5151515151515151","53","3.9964285714285714","13","280","317","9.335714285714285","3.2142857142857144","4.642857142857143","1.4285714285714286","0.7142857142857143","53","4.112903225806452","13","248","256","9.266129032258064","4.838709677419355","2.8225806451612905","2.0161290322580645","5.241935483870968","53","3.9556451612903225","18","248","240","9.258064516129032","7.661290322580645","0","3.629032258064516","0.8064516129032258","53","4.041984732824427","13","262","237","9.114503816793894","3.816793893129771","1.5267175572519085","4.580152671755725","4.961832061068702","53","4.136986301369863","11","219","270","9.351598173515981","5.0228310502283104","5.47945205479452","6.392694063926941","5.936073059360731","53","3.9272030651340994","12","261","267","9.46360153256705","3.4482758620689653","1.9157088122605364","2.2988505747126435","0","53","4.061594202898551","14","276","335","9.152173913043478","3.6231884057971016","5.072463768115942","3.260869565217391","6.884057971014493","53","4.024096385542169","11","249","298","9.076305220883533","2.0080321285140563","2.8112449799196786","3.6144578313253013","4.417670682730924","53","3.9066666666666667","12","225","263","9.04","0","0","5.333333333333333","2.6666666666666665","53","4.124463519313305","13","233","348","9.244635193133048","10.729613733905579","5.150214592274678","0.8583690987124464","4.291845493562231","53","4.04","10","250","294","9.304","2.8","1.6","3.6","6","53","4.02092050209205","13","239","293","9.238493723849372","4.184100418410042","4.184100418410042","2.510460251046025","5.02092050209205","53","3.841463414634146","17","246","281","9.276422764227643","2.845528455284553","0","0","0.8130081300813008","53","3.9715302491103204","10","281","286","9.402135231316725","6.761565836298932","2.1352313167259784","0.7117437722419929","1.4234875444839858","53","4.099630996309963","9","271","333","9.409594095940959","1.4760147601476015","6.642066420664206","5.904059040590406","2.2140221402214024","53","4.032967032967033","11","273","297","9.245421245421245","2.93040293040293","2.93040293040293","1.465201465201465","2.93040293040293","53","3.9738805970149254","12","268","387","9.246268656716419","6.7164179104477615","0","0","1.492537313432836","53","3.9615384615384617","20","260","265","9.361538461538462","4.230769230769231","1.9230769230769231","1.1538461538461537","2.3076923076923075","53","3.953781512605042","10","238","282","9.420168067226891","6.722689075630252","0","0.8403361344537815","0.8403361344537815","53","4.05668016194332","15","247","318","9.31174089068826","5.2631578947368425","6.477732793522267","4.4534412955465585","4.4534412955465585","53","4.093632958801498","17","267","312","9.153558052434457","4.49438202247191","6.367041198501872","1.4981273408239701","1.4981273408239701","53","3.937984496124031","10","258","282","9.34108527131783","1.937984496124031","1.550387596899225","2.7131782945736433","0.7751937984496124","53","4.008032128514056","14","249","346","9.156626506024097","4.016064257028113","1.606425702811245","6.42570281124498","0","53","4.024096385542169","12","249","309","9.325301204819278","5.622489959839357","2.8112449799196786","5.220883534136546","1.606425702811245","53","4.102564102564102","15","234","276","9.512820512820513","2.5641025641025643","4.700854700854701","2.5641025641025643","7.6923076923076925","53","4.094827586206897","15","232","302","9.344827586206897","5.172413793103448","0.8620689655172413","8.189655172413794","3.8793103448275863","53","3.9863013698630136","19","292","360","9.116438356164384","4.109589041095891","2.0547945205479454","1.36986301369863","3.767123287671233","53","4.029850746268656","9","268","335","9.186567164179104","6.343283582089552","2.2388059701492535","3.7313432835820897","2.611940298507463","53","3.967741935483871","10","279","327","9.31899641577061","1.7921146953405018","0","0.7168458781362007","7.168458781362007","53","4.0580204778157","9","293","284","9.22184300341297","3.7542662116040955","4.09556313993174","3.0716723549488054","1.3651877133105803","53","4.1755102040816325","16","245","315","9.208163265306123","6.530612244897959","1.6326530612244898","9.387755102040817","3.2653061224489797"
,"54","4.066666666666666","14","255","321","9.129411764705882","5.098039215686274","9.019607843137255","0.7843137254901961","0.7843137254901961","54","4.279352226720648","16","247","330","9.31174089068826","3.6437246963562755","6.882591093117409","17.004048582995953","3.2388663967611335","54","4.037174721189591","12","269","248","9.24907063197026","1.486988847583643","7.434944237918216","0.7434944237918215","5.204460966542751","54","4.171102661596958","10","263","326","9.29277566539924","2.661596958174905","2.2813688212927756","0.7604562737642585","18.631178707224336","54","4.098360655737705","13","244","259","8.950819672131148","8.19672131147541","8.60655737704918","1.639344262295082","4.918032786885246","54","4.073426573426573","15","286","328","9.3006993006993","0.6993006993006993","4.895104895104895","3.4965034965034967","2.797202797202797","54","4.116104868913857","16","267","328","9.198501872659175","6.741573033707865","0.7490636704119851","2.9962546816479403","8.614232209737828","54","4.062962962962963","12","270","346","9.177777777777777","2.5925925925925926","7.407407407407407","0","4.074074074074074","54","3.9657794676806084","11","263","291","9.14828897338403","0.7604562737642585","1.9011406844106464","5.32319391634981","1.520912547528517","54","3.9964285714285714","13","280","317","9.335714285714285","3.2142857142857144","4.642857142857143","1.4285714285714286","0.7142857142857143","54","4.113360323886639","13","247","256","9.222672064777328","5.2631578947368425","2.834008097165992","1.6194331983805668","5.2631578947368425","54","3.9516129032258065","18","248","240","9.258064516129032","7.661290322580645","0","3.629032258064516","0.8064516129032258","54","4.042145593869732","13","261","237","9.10344827586207","3.4482758620689653","1.5325670498084292","4.21455938697318","5.363984674329502","54","4.136986301369863","11","219","270","9.351598173515981","5.0228310502283104","5.47945205479452","6.392694063926941","5.936073059360731","54","3.9269230769230767","12","260","267","9.423076923076923","3.4615384615384617","1.5384615384615385","2.3076923076923075","0","54","4.065454545454545","14","275","335","9.112727272727273","3.6363636363636362","5.090909090909091","3.272727272727273","6.909090909090909","54","4.0242914979757085","12","247","298","8.987854251012147","2.0242914979757085","2.834008097165992","3.6437246963562755","4.4534412955465585","54","3.90625","12","224","263","8.991071428571429","0","0","5.357142857142857","2.6785714285714284","54","4.125541125541125","14","231","348","9.16017316017316","10.822510822510823","5.194805194805195","0.8658008658008658","4.329004329004329","54","4.032128514056225","10","249","294","9.261044176706827","2.8112449799196786","1.2048192771084338","3.21285140562249","6.024096385542169","54","4.01255230125523","13","239","293","9.238493723849372","3.7656903765690375","4.184100418410042","2.510460251046025","4.602510460251046","54","3.840816326530612","17","245","281","9.23265306122449","2.857142857142857","0","0","0.8163265306122449","54","3.9642857142857144","11","280","286","9.364285714285714","6.785714285714286","2.142857142857143","0.7142857142857143","1.4285714285714286","54","4.1","10","270","333","9.37037037037037","1.4814814814814814","6.666666666666667","5.925925925925926","2.2222222222222223","54","4.033210332103321","11","271","297","9.166051660516604","2.952029520295203","2.952029520295203","1.4760147601476015","2.952029520295203","54","3.9775280898876404","12","267","387","9.213483146067416","6.741573033707865","0","0","1.4981273408239701","54","3.957692307692308","20","260","265","9.361538461538462","4.230769230769231","1.5384615384615385","1.1538461538461537","2.3076923076923075","54","3.953781512605042","10","238","282","9.420168067226891","6.722689075630252","0","0.8403361344537815","0.8403361344537815","54","4.065040650406504","15","246","318","9.268292682926829","5.284552845528455","6.504065040650406","4.471544715447155","4.471544715447155","54","4.093632958801498","17","267","312","9.153558052434457","4.49438202247191","6.367041198501872","1.4981273408239701","1.4981273408239701","54","3.9416342412451364","11","257","282","9.299610894941635","1.9455252918287937","1.556420233463035","2.7237354085603114","0.7782101167315175","54","4.008097165991903","14","247","346","9.101214574898785","4.048582995951417","1.6194331983805668","6.477732793522267","0","54","4.024193548387097","12","248","309","9.28225806451613","5.645161290322581","2.8225806451612905","4.838709677419355","1.6129032258064515","54","4.103004291845494","16","233","276","9.467811158798284","2.575107296137339","4.721030042918455","2.575107296137339","7.725321888412017","54","4.086206896551724","15","232","302","9.344827586206897","5.172413793103448","0.8620689655172413","7.758620689655173","3.4482758620689653","54","3.986254295532646","19","291","360","9.079037800687285","4.123711340206185","2.0618556701030926","1.3745704467353952","3.7800687285223367","54","4.0299625468164795","9","267","335","9.153558052434457","6.367041198501872","2.247191011235955","3.745318352059925","2.6217228464419478","54","3.96415770609319","10","279","327","9.31899641577061","1.7921146953405018","0","0.7168458781362007","6.810035842293907","54","4.0580204778157","9","293","284","9.22184300341297","3.7542662116040955","3.7542662116040955","3.0716723549488054","1.3651877133105803","54","4.176229508196721","16","244","315","9.163934426229508","6.557377049180328","1.639344262295082","9.426229508196721","3.278688524590164"
,"55","4.074803149606299","14","254","348","9.299212598425196","5.118110236220472","9.05511811023622","0.7874015748031497","0.7874015748031497","55","4.276422764227642","16","246","355","9.471544715447154","3.252032520325203","6.9105691056910565","17.479674796747968","3.252032520325203","55","4.044776119402985","13","268","264","9.335820895522389","1.492537313432836","8.208955223880597","0.746268656716418","5.223880597014926","55","4.179389312977099","10","262","347","9.412213740458014","2.6717557251908395","2.2900763358778624","0.7633587786259542","19.46564885496183","55","4.099173553719008","14","242","284","9.074380165289256","8.677685950413224","7.43801652892562","1.6528925619834711","5.785123966942149","55","4.0701754385964914","16","285","339","9.340350877192982","0.7017543859649122","4.912280701754386","3.1578947368421053","2.807017543859649","55","4.1169811320754715","16","265","348","9.29811320754717","6.415094339622642","0.7547169811320755","3.018867924528302","8.679245283018869","55","4.07037037037037","12","270","374","9.385185185185184","2.5925925925925926","7.777777777777778","0","4.444444444444445","55","3.9657794676806084","11","263","316","9.338403041825096","0.7604562737642585","1.9011406844106464","5.32319391634981","1.520912547528517","55","3.996389891696751","15","277","322","9.263537906137184","3.2490974729241877","4.693140794223827","1.444043321299639","0.7220216606498195","55","4.1138211382113825","13","246","268","9.276422764227643","5.284552845528455","2.845528455284553","1.6260162601626016","5.284552845528455","55","3.9556451612903225","18","248","247","9.314516129032258","7.661290322580645","0","3.629032258064516","0.8064516129032258","55","4.0347490347490345","14","259","246","9.088803088803088","3.088803088803089","1.5444015444015444","4.2471042471042475","5.019305019305019","55","4.136986301369863","11","219","276","9.406392694063927","5.0228310502283104","5.47945205479452","6.392694063926941","5.936073059360731","55","3.9266409266409266","12","259","274","9.436293436293436","3.474903474903475","1.9305019305019304","2.3166023166023164","0","55","4.0588235294117645","14","272","358","9.220588235294118","3.676470588235294","4.779411764705882","3.3088235294117645","6.985294117647059","55","4.024390243902439","13","246","314","9.073170731707316","2.032520325203252","2.845528455284553","3.658536585365854","4.471544715447155","55","3.900900900900901","12","222","288","9.252252252252251","0","0","4.954954954954955","2.2522522522522523","55","4.126637554585153","15","229","371","9.266375545851528","10.91703056768559","5.240174672489083","0.8733624454148472","4.366812227074236","55","4.032258064516129","10","248","312","9.362903225806452","2.8225806451612905","1.2096774193548387","3.225806451612903","6.048387096774194","55","4.01255230125523","13","239","301","9.305439330543933","3.7656903765690375","4.184100418410042","2.510460251046025","4.602510460251046","55","3.8401639344262297","17","244","299","9.336065573770492","2.8688524590163933","0","0","0.819672131147541","55","3.9708029197080292","13","274","302","9.248175182481752","6.934306569343065","2.18978102189781","0.7299270072992701","1.4598540145985401","55","4.1","10","270","359","9.562962962962963","1.4814814814814814","6.666666666666667","5.925925925925926","2.2222222222222223","55","4.033333333333333","11","270","318","9.281481481481482","2.962962962962963","2.962962962962963","1.4814814814814814","2.962962962962963","55","3.9774436090225564","12","266","407","9.323308270676693","6.7669172932330826","0","0","1.5037593984962405","55","3.9612403100775193","21","258","270","9.325581395348838","4.263565891472868","1.937984496124031","1.1627906976744187","2.3255813953488373","55","3.9535864978902953","11","237","289","9.434599156118143","6.751054852320675","0","0.8438818565400844","0.8438818565400844","55","4.056910569105691","15","246","330","9.365853658536585","5.284552845528455","6.504065040650406","4.471544715447155","4.471544715447155","55","4.090225563909774","17","266","331","9.25563909774436","4.511278195488722","6.015037593984962","1.5037593984962405","1.5037593984962405","55","3.937743190661479","11","257","303","9.463035019455253","1.9455252918287937","1.556420233463035","2.7237354085603114","0.7782101167315175","55","4.012195121951219","14","246","366","9.21951219512195","4.065040650406504","1.6260162601626016","6.504065040650406","0","55","4.016393442622951","15","244","337","9.336065573770492","5.327868852459017","2.459016393442623","4.508196721311475","1.639344262295082","55","4.103448275862069","17","232","287","9.517241379310345","2.586206896551724","4.741379310344827","2.586206896551724","7.758620689655173","55","4.094827586206897","15","232","308","9.39655172413793","5.172413793103448","0.8620689655172413","8.189655172413794","3.8793103448275863","55","3.986111111111111","20","288","381","9.118055555555555","4.166666666666667","2.0833333333333335","1.3888888888888888","3.8194444444444446","55","4.030075187969925","9","266","356","9.270676691729323","6.390977443609023","2.255639097744361","3.7593984962406015","2.6315789473684212","55","3.967509025270758","10","277","335","9.35740072202166","1.8050541516245486","0","0.7220216606498195","7.2202166064981945","55","4.058419243986254","10","291","295","9.223367697594501","3.7800687285223367","4.123711340206185","3.0927835051546393","1.3745704467353952","55","4.176229508196721","16","244","332","9.30327868852459","6.557377049180328","1.639344262295082","9.426229508196721","3.278688524590164"
,"56","4.075098814229249","14","253","348","9.272727272727273","5.533596837944664","9.090909090909092","0.7905138339920948","0.7905138339920948","56","4.288617886178862","16","246","355","9.471544715447154","3.658536585365854","6.9105691056910565","17.479674796747968","3.658536585365854","56","4.041353383458647","13","266","264","9.25563909774436","1.5037593984962405","7.894736842105263","0.7518796992481203","5.2631578947368425","56","4.17175572519084","10","262","347","9.412213740458014","2.6717557251908395","2.2900763358778624","0.7633587786259542","18.702290076335878","56","4.128099173553719","14","242","284","9.074380165289256","9.50413223140496","9.090909090909092","1.6528925619834711","5.371900826446281","56","4.074468085106383","16","282","339","9.22695035460993","0.7092198581560284","5.319148936170213","3.1914893617021276","2.8368794326241136","56","4.121212121212121","16","264","348","9.257575757575758","6.818181818181818","0.7575757575757576","3.0303030303030303","8.712121212121213","56","4.0559701492537314","13","268","374","9.313432835820896","2.2388059701492535","7.462686567164179","0","3.7313432835820897","56","3.9656488549618323","11","262","316","9.297709923664122","0.7633587786259542","1.9083969465648856","5.343511450381679","1.5267175572519085","56","3.996376811594203","15","276","322","9.22463768115942","3.260869565217391","4.7101449275362315","1.4492753623188406","0.7246376811594203","56","4.11522633744856","13","243","268","9.168724279835391","5.349794238683128","2.880658436213992","1.646090534979424","4.938271604938271","56","3.951417004048583","19","247","247","9.271255060728745","7.287449392712551","0","3.6437246963562755","0.8097165991902834","56","4.034883720930233","14","258","246","9.046511627906977","2.7131782945736433","1.550387596899225","4.263565891472868","5.426356589147287","56","4.1422018348623855","11","218","276","9.357798165137615","5.045871559633028","5.504587155963303","6.422018348623853","5.963302752293578","56","3.9266409266409266","12","259","274","9.436293436293436","3.474903474903475","1.5444015444015444","2.3166023166023164","0","56","4.062730627306273","14","271","358","9.188191881918819","3.690036900369004","4.797047970479705","3.321033210332103","7.011070110701107","56","4.024590163934426","13","244","314","9.01639344262295","2.0491803278688523","2.8688524590163933","3.6885245901639343","4.508196721311475","56","3.9004524886877827","12","221","288","9.203619909502262","0","0","4.524886877828054","1.8099547511312217","56","4.126637554585153","15","229","371","9.266375545851528","10.91703056768559","5.240174672489083","0.8733624454148472","4.366812227074236","56","4.032258064516129","10","248","312","9.362903225806452","2.8225806451612905","1.2096774193548387","3.225806451612903","6.048387096774194","56","4.01255230125523","13","239","301","9.305439330543933","3.7656903765690375","4.184100418410042","2.510460251046025","4.602510460251046","56","3.8401639344262297","17","244","299","9.336065573770492","2.8688524590163933","0","0","0.819672131147541","56","3.9633699633699635","13","273","302","9.238095238095237","6.95970695970696","2.197802197802198","0.7326007326007326","1.465201465201465","56","4.100371747211896","10","269","359","9.524163568773234","1.486988847583643","6.691449814126394","5.947955390334572","2.2304832713754648","56","4.033457249070632","11","269","318","9.241635687732343","2.973977695167286","2.973977695167286","1.486988847583643","2.973977695167286","56","3.988593155893536","13","263","407","9.209125475285171","6.844106463878327","0","0","1.520912547528517","56","3.9573643410852712","21","258","270","9.325581395348838","4.263565891472868","1.550387596899225","1.1627906976744187","2.3255813953488373","56","3.9535864978902953","11","237","289","9.434599156118143","6.751054852320675","0","0.8438818565400844","0.8438818565400844","56","4.0653061224489795","15","245","330","9.322448979591837","5.3061224489795915","6.530612244897959","4.489795918367347","4.489795918367347","56","4.090566037735849","18","265","331","9.215094339622642","4.528301886792453","6.037735849056604","1.509433962264151","1.509433962264151","56","3.9416342412451364","11","257","303","9.463035019455253","1.9455252918287937","1.556420233463035","2.7237354085603114","0.7782101167315175","56","4.012244897959183","14","245","366","9.175510204081633","4.081632653061225","1.6326530612244898","6.530612244897959","0","56","4.020491803278689","15","244","337","9.336065573770492","5.327868852459017","2.459016393442623","4.918032786885246","1.639344262295082","56","4.103448275862069","17","232","287","9.517241379310345","2.586206896551724","4.741379310344827","2.586206896551724","7.758620689655173","56","4.086206896551724","15","232","308","9.39655172413793","5.172413793103448","0.8620689655172413","7.758620689655173","3.4482758620689653","56","3.986013986013986","21","286","381","9.041958041958042","4.195804195804196","2.097902097902098","1.3986013986013985","3.8461538461538463","56","4.03030303030303","9","264","356","9.18939393939394","6.4393939393939394","2.272727272727273","3.787878787878788","2.6515151515151514","56","3.963768115942029","10","276","335","9.318840579710145","1.8115942028985508","0","0.7246376811594203","6.884057971014493","56","4.0588235294117645","10","289","295","9.16955017301038","3.8062283737024223","3.8062283737024223","3.114186851211073","1.3840830449826989","56","4.176229508196721","16","244","332","9.30327868852459","6.557377049180328","1.639344262295082","9.426229508196721","3.278688524590164"
,"57","4.090909090909091","14","253","348","9.272727272727273","6.324110671936759","9.486166007905139","0.7905138339920948","0.7905138339920948","57","4.280487804878049","16","246","355","9.471544715447154","3.252032520325203","6.9105691056910565","17.88617886178862","3.252032520325203","57","4.0452830188679245","14","265","264","9.222641509433963","1.509433962264151","7.9245283018867925","0.7547169811320755","5.660377358490566","57","4.180769230769231","10","260","347","9.330769230769231","2.6923076923076925","2.3076923076923075","0.7692307692307693","19.615384615384617","57","4.1078838174273855","15","241","284","9.029045643153527","8.298755186721992","8.298755186721992","1.6597510373443984","5.394190871369295","57","4.078853046594982","17","279","339","9.13978494623656","0.7168458781362007","5.017921146953405","3.942652329749104","2.867383512544803","57","4.11787072243346","16","263","348","9.216730038022813","6.4638783269961975","0.7604562737642585","3.4220532319391634","8.365019011406844","57","4.052238805970149","13","268","374","9.313432835820896","1.8656716417910448","7.462686567164179","0","3.7313432835820897","57","3.9656488549618323","11","262","316","9.297709923664122","0.7633587786259542","1.9083969465648856","5.343511450381679","1.5267175572519085","57","3.996376811594203","15","276","322","9.22463768115942","3.260869565217391","4.7101449275362315","1.4492753623188406","0.7246376811594203","57","4.115702479338843","13","242","268","9.132231404958677","5.371900826446281","2.8925619834710745","1.6528925619834711","4.545454545454546","57","3.951219512195122","20","246","247","9.227642276422765","7.317073170731708","0","3.658536585365854","0.8130081300813008","57","4.0310077519379846","14","258","246","9.046511627906977","2.7131782945736433","1.550387596899225","4.263565891472868","5.038759689922481","57","4.1422018348623855","11","218","276","9.357798165137615","5.045871559633028","5.504587155963303","6.422018348623853","5.963302752293578","57","3.9263565891472867","12","258","274","9.4031007751938","3.488372093023256","1.937984496124031","2.3255813953488373","0","57","4.059479553903346","16","269","358","9.107806691449815","3.717472118959108","4.83271375464684","3.345724907063197","7.063197026022305","57","4.024590163934426","13","244","314","9.01639344262295","2.0491803278688523","2.8688524590163933","3.6885245901639343","4.508196721311475","57","3.91324200913242","12","219","288","9.105022831050228","0","0","5.0228310502283104","1.82648401826484","57","4.128318584070796","18","226","371","9.123893805309734","11.061946902654867","5.3097345132743365","0.8849557522123894","4.424778761061947","57","4.032520325203252","10","246","312","9.276422764227643","2.845528455284553","1.2195121951219512","3.252032520325203","6.097560975609756","57","4.012605042016807","13","238","301","9.260504201680673","3.7815126050420167","4.201680672268908","2.5210084033613445","4.621848739495798","57","3.8395061728395063","18","243","299","9.292181069958847","2.880658436213992","0","0","0.823045267489712","57","3.9705882352941178","13","272","302","9.198529411764707","6.985294117647059","2.2058823529411766","0.7352941176470589","1.4705882352941178","57","4.101123595505618","12","267","359","9.44569288389513","1.4981273408239701","6.741573033707865","5.992509363295881","2.247191011235955","57","4.037453183520599","11","267","318","9.168539325842696","2.6217228464419478","2.9962546816479403","1.4981273408239701","2.9962546816479403","57","3.99618320610687","13","262","407","9.17557251908397","6.870229007633588","0","0","1.5267175572519085","57","3.9568627450980394","23","255","270","9.2","3.9215686274509802","1.9607843137254901","1.1764705882352942","2.3529411764705883","57","3.9535864978902953","11","237","289","9.434599156118143","6.751054852320675","0","0.8438818565400844","0.8438818565400844","57","4.0653061224489795","15","245","330","9.322448979591837","5.3061224489795915","6.530612244897959","4.489795918367347","4.489795918367347","57","4.091254752851711","19","263","331","9.133079847908744","4.562737642585551","6.083650190114068","1.520912547528517","1.520912547528517","57","3.937743190661479","11","257","303","9.463035019455253","1.9455252918287937","1.556420233463035","2.7237354085603114","0.7782101167315175","57","4.012345679012346","14","243","366","9.08641975308642","4.11522633744856","1.646090534979424","6.584362139917696","0","57","4.016528925619835","17","242","337","9.24793388429752","5.371900826446281","2.479338842975207","4.545454545454546","1.6528925619834711","57","4.103896103896104","17","231","287","9.471861471861471","2.5974025974025974","4.761904761904762","2.5974025974025974","7.792207792207792","57","4.095238095238095","15","231","308","9.35064935064935","5.194805194805195","0.8658008658008658","8.225108225108226","3.896103896103896","57","3.9894736842105263","22","285","381","9.003508771929825","4.2105263157894735","2.1052631578947367","1.4035087719298245","3.8596491228070176","57","4.030418250950571","9","263","356","9.14828897338403","6.4638783269961975","2.2813688212927756","3.802281368821293","2.661596958174905","57","3.967391304347826","10","276","335","9.318840579710145","1.8115942028985508","0","0.7246376811594203","7.246376811594203","57","4.0588235294117645","10","289","295","9.16955017301038","3.8062283737024223","4.1522491349480966","3.114186851211073","1.3840830449826989","57","4.1735537190082646","18","242","332","9.223140495867769","6.198347107438017","1.6528925619834711","9.50413223140496","3.3057851239669422"
,"58","4.091633466135458","15","251","367","9.346613545816734","5.9760956175298805","9.56175298804781","0.796812749003984","0.796812749003984","58","4.278688524590164","16","244","368","9.5","3.6885245901639343","6.557377049180328","16.80327868852459","3.278688524590164","58","4.045454545454546","14","264","286","9.348484848484848","1.5151515151515151","7.954545454545454","0.7575757575757576","5.681818181818182","58","4.181467181467181","10","259","364","9.420849420849422","2.7027027027027026","2.3166023166023164","0.7722007722007722","19.69111969111969","58","4.104166666666667","15","240","307","9.183333333333334","8.333333333333334","7.5","1.6666666666666667","5.833333333333333","58","4.07942238267148","18","277","363","9.24187725631769","1.0830324909747293","5.054151624548736","3.2490974729241877","3.2490974729241877","58","4.1216730038022815","16","263","372","9.399239543726235","6.844106463878327","0.7604562737642585","3.041825095057034","8.745247148288973","58","4.052434456928839","14","267","394","9.423220973782772","1.8726591760299625","7.49063670411985","0","3.745318352059925","58","3.9653846153846155","12","260","333","9.346153846153847","0.7692307692307693","1.9230769230769231","5.384615384615385","1.5384615384615385","58","3.996376811594203","15","276","341","9.36231884057971","3.260869565217391","4.7101449275362315","1.4492753623188406","0.7246376811594203","58","4.119834710743802","13","242","292","9.330578512396695","5.785123966942149","2.8925619834710745","1.6528925619834711","4.545454545454546","58","3.9508196721311477","20","244","261","9.254098360655737","7.377049180327869","0","3.6885245901639343","0.819672131147541","58","4.043137254901961","17","255","270","9.105882352941176","3.1372549019607843","1.5686274509803921","4.313725490196078","5.882352941176471","58","4.143518518518518","13","216","287","9.36111111111111","5.092592592592593","5.555555555555555","6.481481481481482","6.018518518518518","58","3.9260700389105057","12","257","287","9.463035019455253","3.501945525291829","1.556420233463035","2.3346303501945527","0","58","4.063197026022305","16","269","384","9.301115241635689","3.717472118959108","4.83271375464684","3.345724907063197","7.063197026022305","58","4.02880658436214","14","243","333","9.127572016460906","2.05761316872428","2.880658436213992","3.7037037037037037","4.526748971193416","58","3.908256880733945","13","218","308","9.247706422018348","0","0","4.587155963302752","1.834862385321101","58","4.128888888888889","18","225","399","9.342222222222222","11.11111111111111","5.333333333333333","0.8888888888888888","4.444444444444445","58","4.03265306122449","10","245","330","9.379591836734694","2.857142857142857","1.2244897959183674","3.2653061224489797","6.122448979591836","58","4.012658227848101","13","237","314","9.324894514767932","3.7974683544303796","4.219409282700422","2.5316455696202533","4.641350210970464","58","3.8395061728395063","18","243","311","9.390946502057613","2.880658436213992","0","0","0.823045267489712","58","3.9667896678966788","13","271","331","9.37269372693727","7.011070110701107","2.2140221402214024","0.7380073800738007","1.4760147601476015","58","4.101123595505618","12","267","373","9.55056179775281","1.4981273408239701","6.741573033707865","5.992509363295881","2.247191011235955","58","4.041353383458647","12","266","347","9.345864661654135","2.255639097744361","3.007518796992481","1.5037593984962405","3.007518796992481","58","3.99618320610687","13","262","435","9.389312977099237","6.870229007633588","0","0","1.5267175572519085","58","3.9486166007905137","23","253","289","9.264822134387352","3.5573122529644268","1.5810276679841897","1.1857707509881423","2.3715415019762847","58","3.9535864978902953","11","237","299","9.518987341772151","6.751054852320675","0","0.8438818565400844","0.8438818565400844","58","4.073469387755102","15","245","338","9.387755102040817","5.3061224489795915","6.530612244897959","4.489795918367347","4.489795918367347","58","4.091254752851711","19","263","358","9.338403041825096","4.562737642585551","6.083650190114068","1.520912547528517","1.520912547528517","58","3.9416342412451364","11","257","312","9.53307392996109","1.9455252918287937","1.556420233463035","2.7237354085603114","0.7782101167315175","58","4.016666666666667","15","240","394","9.183333333333334","4.166666666666667","1.6666666666666667","6.666666666666667","0","58","4.020833333333333","19","240","360","9.35","5.416666666666667","2.5","5","1.6666666666666667","58","4.100436681222708","18","229","296","9.458515283842795","2.6200873362445414","4.366812227074236","2.6200873362445414","7.860262008733624","58","4.086956521739131","16","230","320","9.408695652173913","5.217391304347826","0.8695652173913043","7.826086956521739","3.4782608695652173","58","3.9929328621908127","23","283","411","9.144876325088338","4.240282685512367","2.1201413427561837","1.4134275618374559","3.8869257950530036","58","4.0346153846153845","11","260","381","9.23076923076923","6.538461538461538","2.3076923076923075","3.8461538461538463","2.6923076923076925","58","3.963768115942029","10","276","345","9.391304347826088","1.8115942028985508","0","0.7246376811594203","6.884057971014493","58","4.059233449477352","10","287","317","9.247386759581882","3.832752613240418","3.832752613240418","3.1358885017421603","1.3937282229965158","58","4.174273858921162","18","241","344","9.278008298755188","6.224066390041494","1.6597510373443984","9.54356846473029","3.319502074688797"
,"59","4.103585657370518","15","251","367","9.346613545816734","5.9760956175298805","9.56175298804781","0.796812749003984","0.796812749003984","59","4.282157676348548","17","241","368","9.377593360995851","3.319502074688797","6.639004149377594","17.842323651452283","3.319502074688797","59","4.061068702290076","15","262","286","9.267175572519085","1.5267175572519085","8.778625954198473","0.7633587786259542","6.106870229007634","59","4.189922480620155","10","258","364","9.410852713178295","2.7131782945736433","2.3255813953488373","0.7751937984496124","20.54263565891473","59","4.125523012552302","15","239","307","9.138075313807532","8.368200836820083","9.205020920502092","1.6736401673640167","6.2761506276150625","59","4.076086956521739","18","276","363","9.202898550724637","0.7246376811594203","5.072463768115942","3.260869565217391","3.260869565217391","59","4.114942528735632","17","261","372","9.31800766283525","6.896551724137931","0.7662835249042146","3.0651340996168583","8.045977011494253","59","4.056179775280899","14","267","394","9.423220973782772","2.247191011235955","7.49063670411985","0","3.745318352059925","59","3.9653846153846155","12","260","333","9.346153846153847","0.7692307692307693","1.9230769230769231","5.384615384615385","1.5384615384615385","59","4.003636363636364","15","275","341","9.323636363636364","3.272727272727273","5.090909090909091","1.4545454545454546","0.7272727272727273","59","4.117154811715481","15","239","292","9.196652719665272","5.439330543933054","2.928870292887029","1.6736401673640167","4.602510460251046","59","3.954732510288066","20","243","261","9.22633744855967","7.407407407407407","0","4.11522633744856","0.823045267489712","59","4.035433070866142","18","254","270","9.070866141732283","2.7559055118110236","1.5748031496062993","4.330708661417323","5.511811023622047","59","4.143518518518518","13","216","287","9.36111111111111","5.092592592592593","5.555555555555555","6.481481481481482","6.018518518518518","59","3.9260700389105057","12","257","287","9.463035019455253","3.501945525291829","1.9455252918287937","2.3346303501945527","0","59","4.063432835820896","17","268","384","9.261194029850746","3.7313432835820897","4.850746268656716","3.3582089552238807","7.08955223880597","59","4.028925619834711","14","242","333","9.082644628099173","2.0661157024793386","2.8925619834710745","3.71900826446281","4.132231404958677","59","3.912442396313364","14","217","308","9.2073732718894","0","0","5.0691244239631335","1.8433179723502304","59","4.13063063063063","18","222","399","9.198198198198199","11.26126126126126","5.405405405405405","0.9009009009009009","4.504504504504505","59","4.032786885245901","10","244","330","9.336065573770492","2.8688524590163933","1.2295081967213115","3.278688524590164","6.147540983606557","59","4.012765957446809","13","235","314","9.242553191489362","3.8297872340425534","4.25531914893617","2.5531914893617023","4.680851063829787","59","3.8388429752066116","18","242","311","9.347107438016529","2.8925619834710745","0","0","0.8264462809917356","59","3.962962962962963","14","270","331","9.333333333333334","7.037037037037037","2.2222222222222223","0.7407407407407407","1.4814814814814814","59","4.10188679245283","13","265","373","9.479245283018868","1.509433962264151","6.7924528301886795","6.037735849056604","2.2641509433962264","59","4.041509433962264","12","265","347","9.30566037735849","2.2641509433962264","3.018867924528302","1.509433962264151","3.018867924528302","59","3.99618320610687","13","262","435","9.389312977099237","6.870229007633588","0","0","1.5267175572519085","59","3.9486166007905137","23","253","289","9.264822134387352","3.5573122529644268","1.5810276679841897","1.1857707509881423","2.3715415019762847","59","3.9535864978902953","11","237","299","9.518987341772151","6.751054852320675","0","0.8438818565400844","0.8438818565400844","59","4.0653061224489795","15","245","338","9.387755102040817","5.3061224489795915","6.530612244897959","4.489795918367347","4.489795918367347","59","4.091603053435114","19","262","358","9.297709923664122","4.580152671755725","6.106870229007634","1.5267175572519085","1.5267175572519085","59","3.9375","11","256","312","9.4921875","1.953125","1.5625","2.734375","0.78125","59","4.020833333333333","15","240","394","9.183333333333334","4.166666666666667","1.6666666666666667","6.666666666666667","0","59","4.016666666666667","19","240","360","9.35","5.416666666666667","2.5","4.583333333333333","1.6666666666666667","59","4.096916299559472","19","227","296","9.383259911894273","2.643171806167401","3.9647577092511015","2.643171806167401","7.929515418502203","59","4.095652173913043","16","230","320","9.408695652173913","5.217391304347826","0.8695652173913043","8.26086956521739","3.9130434782608696","59","3.99288256227758","24","281","411","9.067615658362989","4.270462633451957","2.1352313167259784","1.4234875444839858","3.9145907473309607","59","4.030888030888031","11","259","381","9.227799227799228","6.177606177606178","2.3166023166023164","3.861003861003861","2.7027027027027026","59","3.9672727272727273","11","275","345","9.36","1.8181818181818181","0","0.7272727272727273","7.2727272727272725","59","4.059440559440559","10","286","317","9.20979020979021","3.8461538461538463","4.195804195804196","3.1468531468531467","1.3986013986013985","59","4.180672268907563","19","238","344","9.159663865546218","6.302521008403361","1.680672268907563","9.663865546218487","3.7815126050420167"
,"60","4.096","15","250","367","9.304","6","8.8","0.8","0.8","60","4.29045643153527","17","241","368","9.377593360995851","3.319502074688797","6.639004149377594","17.842323651452283","3.7344398340248963","60","4.049808429118774","15","261","286","9.226053639846743","1.5325670498084292","8.42911877394636","0.7662835249042146","4.980842911877395","60","4.19455252918288","11","257","364","9.369649805447471","2.7237354085603114","2.3346303501945527","0.7782101167315175","21.011673151750973","60","4.112970711297071","15","239","307","9.138075313807532","8.368200836820083","7.949790794979079","1.6736401673640167","6.2761506276150625","60","4.076363636363636","18","275","363","9.163636363636364","0.7272727272727273","5.454545454545454","3.272727272727273","2.909090909090909","60","4.1226053639846745","17","261","372","9.31800766283525","6.896551724137931","0.7662835249042146","3.0651340996168583","8.812260536398467","60","4.052631578947368","14","266","394","9.390977443609023","1.8796992481203008","7.518796992481203","0","3.7593984962406015","60","3.9653846153846155","12","260","333","9.346153846153847","0.7692307692307693","1.9230769230769231","5.384615384615385","1.5384615384615385","60","4.021978021978022","16","273","341","9.274725274725276","3.2967032967032965","6.593406593406593","1.465201465201465","0.7326007326007326","60","4.121338912133891","15","239","292","9.196652719665272","5.857740585774058","2.928870292887029","1.6736401673640167","4.602510460251046","60","3.950413223140496","21","242","261","9.181818181818182","7.43801652892562","0","3.71900826446281","0.8264462809917356","60","4.035714285714286","19","252","270","9","2.7777777777777777","1.5873015873015872","4.365079365079365","5.555555555555555","60","4.144186046511628","13","215","287","9.311627906976744","5.116279069767442","5.5813953488372094","6.511627906976744","6.046511627906977","60","3.92578125","12","256","287","9.4296875","3.515625","1.5625","2.34375","0","60","4.067415730337078","17","267","384","9.250936329588015","3.745318352059925","4.868913857677903","3.3707865168539324","7.116104868913857","60","4.020833333333333","15","240","333","9.041666666666666","2.0833333333333335","2.5","3.75","3.75","60","3.9078341013824884","14","217","308","9.2073732718894","0","0","4.608294930875576","1.8433179723502304","60","4.13063063063063","18","222","399","9.198198198198199","11.26126126126126","5.405405405405405","0.9009009009009009","4.504504504504505","60","4.032786885245901","10","244","330","9.336065573770492","2.8688524590163933","1.2295081967213115","3.278688524590164","6.147540983606557","60","4.012765957446809","13","235","314","9.242553191489362","3.8297872340425534","4.25531914893617","2.5531914893617023","4.680851063829787","60","3.8368200836820083","18","239","311","9.230125523012552","2.928870292887029","0","0","0.8368200836820083","60","3.966417910447761","16","268","331","9.26865671641791","6.7164179104477615","2.2388059701492535","0.746268656716418","1.492537313432836","60","4.102661596958175","13","263","373","9.399239543726235","1.520912547528517","6.844106463878327","6.083650190114068","2.2813688212927756","60","4.041509433962264","12","265","347","9.30566037735849","2.2641509433962264","3.018867924528302","1.509433962264151","3.018867924528302","60","3.9923076923076923","14","260","435","9.307692307692308","6.923076923076923","0","0","1.1538461538461537","60","3.9484126984126986","24","252","289","9.222222222222221","3.5714285714285716","1.5873015873015872","1.1904761904761905","2.380952380952381","60","3.9574468085106385","11","235","299","9.429787234042553","6.808510638297872","0","0.851063829787234","0.851063829787234","60","4.073770491803279","16","244","338","9.344262295081966","5.327868852459017","6.557377049180328","4.508196721311475","4.508196721311475","60","4.091954022988506","19","261","358","9.256704980842912","4.597701149425287","6.130268199233717","1.5325670498084292","1.5325670498084292","60","3.9330708661417324","13","254","312","9.4251968503937","1.5748031496062993","1.1811023622047243","2.7559055118110236","0.7874015748031497","60","4.025210084033613","15","238","394","9.100840336134453","4.201680672268908","1.680672268907563","6.722689075630252","0","60","4.02092050209205","19","239","360","9.313807531380753","5.439330543933054","2.510460251046025","5.02092050209205","1.6736401673640167","60","4.097777777777778","19","225","296","9.28888888888889","2.6666666666666665","4","2.6666666666666665","8","60","4.0873362445414845","16","229","320","9.37117903930131","5.240174672489083","0.8733624454148472","7.860262008733624","3.493449781659389","60","3.99288256227758","24","281","411","9.067615658362989","4.270462633451957","2.1352313167259784","1.4234875444839858","3.9145907473309607","60","4.030888030888031","11","259","381","9.227799227799228","6.177606177606178","2.3166023166023164","3.861003861003861","2.7027027027027026","60","3.9671532846715327","11","274","345","9.328467153284672","1.8248175182481752","0","0.7299270072992701","6.934306569343065","60","4.059859154929577","12","284","317","9.133802816901408","3.8732394366197185","3.8732394366197185","3.1690140845070425","1.408450704225352","60","4.176470588235294","19","238","344","9.159663865546218","6.302521008403361","1.680672268907563","9.663865546218487","3.361344537815126"
,"61","3.8812260536398466","15","261","384","9.340996168582375","8.045977011494253","10.727969348659004","4.21455938697318","2.681992337164751","61","3.9423076923076925","17","260","389","9.284615384615385","5","10","20.76923076923077","6.153846153846154","61","3.5665529010238908","16","293","311","9.058020477815699","3.7542662116040955","10.921501706484642","4.436860068259386","7.167235494880546","61","3.8945454545454545","11","275","380","9.28","5.090909090909091","3.6363636363636362","2.909090909090909","20.727272727272727","61","3.94","15","250","331","9.408","10","10","2.8","7.2","61","3.8","18","295","391","9.27457627118644","3.389830508474576","7.796610169491525","5.084745762711864","4.745762711864407","61","3.891696750902527","17","277","389","9.342960288808664","9.025270758122744","2.888086642599278","6.498194945848375","10.830324909747292","61","3.7587412587412588","14","286","405","9.237762237762238","4.895104895104895","8.391608391608392","3.1468531468531467","5.244755244755245","61","3.630281690140845","12","284","342","9.161971830985916","3.5211267605633805","4.225352112676056","8.098591549295774","3.1690140845070425","61","3.7655172413793103","16","290","357","9.206896551724139","5.172413793103448","7.241379310344827","2.7586206896551726","2.7586206896551726","61","3.8627450980392157","15","255","316","9.31764705882353","8.235294117647058","4.705882352941177","4.313725490196078","5.882352941176471","61","3.817813765182186","23","247","276","9.368421052631579","8.097165991902834","1.6194331983805668","4.4534412955465585","2.0242914979757085","61","3.9609375","19","256","310","9.4765625","3.125","2.734375","4.6875","6.25","61","3.8854625550660793","14","227","301","9.286343612334802","5.726872246696035","7.929515418502203","7.488986784140969","7.488986784140969","61","3.681318681318681","12","273","296","9.252747252747254","5.4945054945054945","3.663003663003663","4.761904761904762","1.098901098901099","61","3.5966666666666667","19","300","400","9.006666666666666","8","8","7","10","61","3.8102766798418974","15","253","353","9.280632411067193","3.952569169960474","4.3478260869565215","6.719367588932807","4.743083003952569","61","3.6422413793103448","14","232","320","9.189655172413794","3.0172413793103448","3.4482758620689653","8.620689655172415","4.310344827586207","61","3.771784232365145","19","241","418","9.21161825726141","12.863070539419088","7.468879668049793","4.564315352697095","6.639004149377594","61","3.9518072289156625","10","249","345","9.518072289156626","3.21285140562249","2.0080321285140563","4.016064257028113","6.42570281124498","61","3.543396226415094","13","265","326","9.056603773584905","7.9245283018867925","8.679245283018869","7.169811320754717","6.7924528301886795","61","3.4980842911877397","19","261","328","9.18007662835249","6.130268199233717","4.597701149425287","3.0651340996168583","3.8314176245210727","61","3.719858156028369","18","282","354","9.297872340425531","7.801418439716312","4.964539007092198","1.7730496453900708","4.609929078014185","61","3.8664259927797833","14","277","398","9.371841155234657","3.9711191335740073","8.664259927797834","7.581227436823105","5.054151624548736","61","3.9080882352941178","12","272","358","9.411764705882353","2.9411764705882355","4.779411764705882","3.3088235294117645","4.044117647058823","61","3.8358208955223883","14","268","451","9.477611940298507","8.582089552238806","0.746268656716418","1.8656716417910448","1.8656716417910448","61","3.7977099236641223","24","262","318","9.351145038167939","3.816793893129771","2.2900763358778624","1.5267175572519085","3.053435114503817","61","3.7091633466135456","11","251","308","9.322709163346614","8.764940239043824","0.796812749003984","3.187250996015936","2.7888446215139444","61","3.742424242424242","16","264","349","9.257575757575758","6.4393939393939394","9.469696969696969","8.333333333333334","7.575757575757576","61","3.8405797101449277","20","276","374","9.297101449275363","7.246376811594203","9.057971014492754","3.6231884057971016","2.1739130434782608","61","3.660516605166052","13","271","327","9.335793357933579","2.952029520295203","1.845018450184502","4.797047970479705","4.428044280442805","61","3.727626459143969","15","257","421","9.268482490272374","7.003891050583658","4.280155642023346","9.33852140077821","3.11284046692607","61","3.794466403162055","19","253","386","9.422924901185771","7.905138339920948","3.952569169960474","5.928853754940712","3.1620553359683794","61","3.92274678111588","20","233","324","9.44206008583691","5.150214592274678","4.721030042918455","4.721030042918455","9.44206008583691","61","3.752","16","250","330","9.208","6.8","4","9.6","5.2","61","3.751677852348993","24","298","436","9.234899328859061","6.040268456375839","5.033557046979865","4.697986577181208","6.7114093959731544","61","3.958174904942966","12","263","394","9.467680608365018","6.844106463878327","3.802281368821293","4.562737642585551","3.041825095057034","61","3.888888888888889","11","279","355","9.390681003584229","2.150537634408602","0.7168458781362007","1.075268817204301","8.243727598566307","61","3.855218855218855","14","297","347","9.292929292929292","5.723905723905724","5.3872053872053876","5.05050505050505","2.6936026936026938","61","3.8410852713178296","20","258","369","9.193798449612403","8.13953488372093","6.589147286821706","11.24031007751938","4.651162790697675"
,"62","4.111538461538461","15","260","384","9.323076923076924","6.153846153846154","7.3076923076923075","2.3076923076923075","0.7692307692307693","62","4.301158301158301","17","259","389","9.243243243243244","3.088803088803089","8.494208494208495","18.53281853281853","3.088803088803089","62","4.030821917808219","17","292","311","9.020547945205479","1.36986301369863","7.191780821917808","2.0547945205479454","5.821917808219178","62","4.127272727272727","11","275","380","9.28","1.8181818181818181","2.1818181818181817","1.4545454545454546","18.90909090909091","62","4.104","15","250","331","9.408","7.6","8","1.6","6","62","4.0476190476190474","18","294","391","9.238095238095237","1.3605442176870748","4.761904761904762","3.061224489795918","2.7210884353741496","62","4.105072463768116","17","276","389","9.304347826086957","7.971014492753623","0.7246376811594203","2.1739130434782608","7.971014492753623","62","4.028070175438597","15","285","405","9.2","2.456140350877193","6.666666666666667","0","4.56140350877193","62","3.9823321554770317","12","283","342","9.123674911660778","0.7067137809187279","2.8268551236749118","8.12720848056537","1.7667844522968197","62","4","16","290","357","9.206896551724139","3.103448275862069","5.517241379310345","1.0344827586206897","0.6896551724137931","62","4.125984251968504","16","254","316","9.275590551181102","5.905511811023622","2.3622047244094486","2.3622047244094486","4.330708661417323","62","3.9554655870445345","23","247","276","9.368421052631579","7.6923076923076925","0","3.6437246963562755","1.6194331983805668","62","4.0546875","19","256","310","9.4765625","3.125","2.34375","4.296875","5.46875","62","4.105726872246696","14","227","301","9.286343612334802","4.405286343612334","5.726872246696035","6.167400881057269","4.845814977973569","62","3.911439114391144","13","271","296","9.173431734317344","4.059040590405904","1.4760147601476015","2.2140221402214024","0.7380073800738007","62","4.080267558528428","20","299","400","8.96989966555184","5.351170568561873","4.013377926421405","4.013377926421405","7.357859531772576","62","4","15","252","353","9.238095238095237","1.9841269841269842","1.9841269841269842","5.555555555555555","3.5714285714285716","62","3.956896551724138","14","232","320","9.189655172413794","0","2.586206896551724","4.741379310344827","2.586206896551724","62","4.125","19","240","418","9.166666666666666","10.416666666666666","5.416666666666667","2.9166666666666665","5.833333333333333","62","4.032128514056225","10","249","345","9.518072289156626","2.8112449799196786","1.2048192771084338","3.21285140562249","6.024096385542169","62","4.007547169811321","13","265","326","9.056603773584905","3.7735849056603774","4.90566037735849","4.528301886792453","5.283018867924528","62","3.8653846153846154","19","260","328","9.138461538461538","3.8461538461538463","0.7692307692307693","0.38461538461538464","0.7692307692307693","62","3.9642857142857144","18","280","354","9.221428571428572","6.785714285714286","2.5","0.7142857142857143","2.142857142857143","62","4.105072463768116","14","276","398","9.333333333333334","2.898550724637681","6.521739130434782","5.797101449275362","2.1739130434782608","62","4.0814814814814815","12","270","358","9.34074074074074","2.2222222222222223","3.7037037037037037","3.7037037037037037","2.962962962962963","62","3.9962406015037595","15","266","451","9.398496240601503","6.390977443609023","0","0","1.5037593984962405","62","3.9580152671755724","24","262","318","9.351145038167939","3.435114503816794","1.5267175572519085","1.1450381679389312","3.053435114503817","62","3.9397590361445785","11","249","308","9.236947791164658","7.228915662650603","0","0.40160642570281124","0","62","4.068441064638783","16","263","349","9.216730038022813","4.942965779467681","5.7034220532319395","3.802281368821293","3.4220532319391634","62","4.083941605839416","21","274","374","9.277372262773723","4.37956204379562","7.664233576642336","1.094890510948905","1.4598540145985401","62","3.903345724907063","14","269","327","9.256505576208179","1.858736059479554","0.7434944237918215","2.6022304832713754","1.858736059479554","62","4.066929133858268","18","254","421","9.141732283464567","4.330708661417323","2.3622047244094486","7.086614173228346","1.968503937007874","62","4.007936507936508","20","252","386","9.380952380952381","5.9523809523809526","2.380952380952381","4.761904761904762","1.5873015873015872","62","4.147186147186147","20","231","324","9.35064935064935","4.761904761904762","3.0303030303030303","3.896103896103896","8.658008658008658","62","4.068273092369478","16","249","330","9.164658634538153","4.819277108433735","2.0080321285140563","7.6305220883534135","2.8112449799196786","62","4.037037037037037","24","297","436","9.198653198653199","4.040404040404041","2.6936026936026938","3.367003367003367","4.377104377104377","62","4.042145593869732","12","261","394","9.386973180076629","6.130268199233717","2.2988505747126435","3.8314176245210727","2.681992337164751","62","3.96415770609319","11","279","355","9.390681003584229","1.7921146953405018","0","0.7168458781362007","6.810035842293907","62","4.084745762711864","14","295","347","9.220338983050848","5.084745762711864","4.067796610169491","4.067796610169491","2.3728813559322033","62","4.19140625","20","256","369","9.15625","7.03125","4.296875","8.984375","3.515625"
,"63","4.104247104247104","15","259","384","9.281853281853282","6.563706563706564","6.563706563706564","1.9305019305019304","0.7722007722007722","63","4.319066147859922","18","257","389","9.15953307392996","3.11284046692607","9.727626459143968","19.455252918287936","3.11284046692607","63","4.02076124567474","20","289","311","8.906574394463668","1.0380622837370241","7.612456747404845","1.3840830449826989","4.844290657439446","63","4.142335766423358","11","274","380","9.27007299270073","1.8248175182481752","2.18978102189781","1.4598540145985401","19.343065693430656","63","4.12","15","250","331","9.408","7.6","8","1.6","6.4","63","4.054982817869416","19","291","391","9.140893470790378","1.3745704467353952","5.154639175257732","3.0927835051546393","2.7491408934707904","63","4.109090909090909","18","275","389","9.265454545454546","8.727272727272727","0.7272727272727273","1.8181818181818181","8","63","4.02112676056338","16","284","405","9.17605633802817","2.464788732394366","6.338028169014085","0","4.577464788732394","63","3.9609929078014185","12","282","342","9.085106382978724","0.7092198581560284","2.482269503546099","7.446808510638298","1.4184397163120568","63","4.003460207612457","16","289","357","9.16955017301038","3.114186851211073","5.536332179930795","1.3840830449826989","0.3460207612456747","63","4.146825396825397","17","252","316","9.198412698412698","6.349206349206349","2.7777777777777777","2.7777777777777777","4.365079365079365","63","3.97165991902834","23","247","276","9.368421052631579","7.6923076923076925","0","3.6437246963562755","1.6194331983805668","63","4.05511811023622","20","254","310","9.433070866141732","2.7559055118110236","2.3622047244094486","4.330708661417323","5.511811023622047","63","4.118942731277533","14","227","301","9.286343612334802","3.9647577092511015","6.167400881057269","6.167400881057269","4.845814977973569","63","3.911439114391144","13","271","296","9.173431734317344","4.059040590405904","1.4760147601476015","2.2140221402214024","0.7380073800738007","63","4.086956521739131","20","299","400","8.96989966555184","5.016722408026756","4.013377926421405","3.678929765886288","7.023411371237458","63","4","16","251","353","9.195219123505977","1.9920318725099602","1.9920318725099602","5.577689243027889","3.585657370517928","63","3.935064935064935","14","231","320","9.168831168831169","0","2.1645021645021645","3.896103896103896","2.1645021645021645","63","4.117647058823529","21","238","418","9.07563025210084","10.504201680672269","4.621848739495798","2.5210084033613445","5.46218487394958","63","4.032258064516129","11","248","345","9.475806451612904","2.8225806451612905","1.2096774193548387","3.225806451612903","6.048387096774194","63","4.003802281368821","14","263","326","8.97338403041825","4.182509505703422","3.802281368821293","4.182509505703422","4.942965779467681","63","3.8576923076923078","19","260","328","9.138461538461538","3.8461538461538463","0.7692307692307693","0","0.7692307692307693","63","3.956989247311828","18","279","354","9.182795698924732","6.451612903225806","2.150537634408602","0.7168458781362007","2.150537634408602","63","4.102189781021898","15","274","398","9.255474452554745","2.18978102189781","6.569343065693431","5.839416058394161","2.18978102189781","63","4.08550185873606","12","269","358","9.301115241635689","2.2304832713754648","4.089219330855019","3.717472118959108","2.973977695167286","63","3.992481203007519","15","266","451","9.398496240601503","6.390977443609023","0","0","1.5037593984962405","63","3.9653846153846155","25","260","318","9.330769230769231","3.4615384615384617","1.5384615384615385","1.1538461538461537","3.076923076923077","63","3.9274193548387095","11","248","308","9.193548387096774","6.451612903225806","0","0","0","63","4.06083650190114","16","263","349","9.216730038022813","4.942965779467681","5.32319391634981","3.4220532319391634","3.4220532319391634","63","4.076923076923077","22","273","374","9.238095238095237","4.395604395604396","8.058608058608058","0.7326007326007326","1.465201465201465","63","3.902621722846442","15","267","327","9.176029962546817","1.8726591760299625","0.7490636704119851","2.6217228464419478","1.8726591760299625","63","4.066929133858268","18","254","421","9.141732283464567","4.330708661417323","2.3622047244094486","7.480314960629921","1.1811023622047243","63","4.007936507936508","20","252","386","9.380952380952381","6.349206349206349","2.380952380952381","4.761904761904762","1.5873015873015872","63","4.147186147186147","20","231","324","9.35064935064935","4.761904761904762","3.0303030303030303","3.896103896103896","8.658008658008658","63","4.052631578947368","16","247","330","9.117408906882591","4.8582995951417","2.0242914979757085","6.882591093117409","2.0242914979757085","63","4.016835016835016","24","297","436","9.198653198653199","4.040404040404041","1.6835016835016836","3.0303030303030303","4.040404040404041","63","4.046332046332046","12","259","394","9.32046332046332","6.177606177606178","2.3166023166023164","3.861003861003861","2.7027027027027026","63","3.9672727272727273","14","275","355","9.25090909090909","1.8181818181818181","0","0.7272727272727273","7.2727272727272725","63","4.08843537414966","14","294","347","9.183673469387756","5.782312925170068","4.421768707482993","3.741496598639456","2.0408163265306123","63","4.19140625","20","256","369","9.15625","7.03125","3.515625","8.984375","3.515625"
,"64","4.108108108108108","15","259","403","9.428571428571429","6.563706563706564","6.94980694980695","1.9305019305019304","0.7722007722007722","64","4.315175097276264","18","257","415","9.361867704280156","3.11284046692607","8.949416342412452","19.455252918287936","3.11284046692607","64","4.013888888888889","21","288","340","9.069444444444445","1.3888888888888888","6.597222222222222","0.6944444444444444","4.861111111111111","64","4.13919413919414","11","273","388","9.28937728937729","1.8315018315018314","2.197802197802198","1.465201465201465","19.047619047619047","64","4.120967741935484","15","248","338","9.387096774193548","8.064516129032258","8.064516129032258","1.6129032258064515","6.048387096774194","64","4.048442906574395","20","289","410","9.197231833910035","1.3840830449826989","4.498269896193771","3.114186851211073","2.7681660899653977","64","4.1098901098901095","18","273","404","9.296703296703297","8.058608058608058","0.7326007326007326","1.8315018315018314","8.791208791208792","64","4.031802120141343","16","283","419","9.236749116607774","2.8268551236749118","6.360424028268551","0","5.30035335689046","64","3.98220640569395","13","281","365","9.209964412811388","0.7117437722419929","2.8469750889679717","8.185053380782918","1.4234875444839858","64","4.013937282229965","18","287","373","9.205574912891986","3.1358885017421603","5.923344947735192","1.3937282229965158","0.34843205574912894","64","4.136","18","250","328","9.208","6","2.4","2.8","4","64","3.9715447154471546","24","246","284","9.390243902439025","7.723577235772358","0","3.658536585365854","1.6260162601626016","64","4.055555555555555","21","252","324","9.46031746031746","2.7777777777777777","2.380952380952381","4.365079365079365","5.555555555555555","64","4.11453744493392","14","227","306","9.330396475770925","3.9647577092511015","5.726872246696035","6.167400881057269","4.845814977973569","64","3.914814814814815","13","270","306","9.207407407407407","4.074074074074074","1.4814814814814814","2.2222222222222223","0.7407407407407407","64","4.091216216216216","20","296","420","9.033783783783784","5.0675675675675675","3.7162162162162162","3.3783783783783785","7.4324324324324325","64","4","16","251","369","9.322709163346614","1.9920318725099602","1.9920318725099602","5.577689243027889","3.585657370517928","64","3.9304347826086956","15","230","330","9.208695652173914","0","1.7391304347826086","3.9130434782608696","1.7391304347826086","64","4.113924050632911","21","237","438","9.19831223628692","10.548523206751055","4.219409282700422","2.5316455696202533","5.063291139240507","64","4.032258064516129","11","248","351","9.524193548387096","2.8225806451612905","1.2096774193548387","3.225806451612903","6.048387096774194","64","4","14","263","351","9.163498098859316","3.802281368821293","3.802281368821293","4.562737642585551","4.942965779467681","64","3.864341085271318","19","258","340","9.147286821705427","3.875968992248062","0.7751937984496124","0","0.7751937984496124","64","3.960431654676259","18","278","378","9.316546762589928","6.474820143884892","2.158273381294964","0.7194244604316546","2.158273381294964","64","4.106227106227106","15","273","413","9.326007326007327","2.5641025641025643","6.593406593406593","5.86080586080586","2.197802197802198","64","4.0817843866171","12","269","375","9.427509293680297","2.2304832713754648","3.717472118959108","3.717472118959108","2.973977695167286","64","3.9962406015037595","15","266","469","9.533834586466165","6.390977443609023","0","0","1.5037593984962405","64","3.965250965250965","25","259","328","9.374517374517374","3.474903474903475","1.5444015444015444","1.1583011583011582","3.088803088803089","64","3.9274193548387095","11","248","320","9.290322580645162","6.451612903225806","0","0","0","64","4.064885496183206","16","262","357","9.236641221374045","4.961832061068702","5.343511450381679","3.435114503816794","3.435114503816794","64","4.076923076923077","22","273","391","9.362637362637363","4.395604395604396","7.6923076923076925","0.7326007326007326","1.465201465201465","64","3.902621722846442","15","267","341","9.280898876404494","1.8726591760299625","0.7490636704119851","2.6217228464419478","1.8726591760299625","64","4.055335968379446","18","253","438","9.233201581027668","4.3478260869565215","1.5810276679841897","7.1146245059288535","0.7905138339920948","64","4.011904761904762","20","252","394","9.444444444444445","5.9523809523809526","2.380952380952381","4.761904761904762","1.5873015873015872","64","4.147826086956521","20","230","338","9.42608695652174","4.782608695652174","3.0434782608695654","3.9130434782608696","8.695652173913043","64","4.056910569105691","17","246","342","9.170731707317072","4.878048780487805","2.032520325203252","7.317073170731708","2.032520325203252","64","4.023648648648648","24","296","450","9.256756756756756","3.7162162162162162","1.6891891891891893","3.0405405405405403","4.391891891891892","64","4.042471042471043","12","259","412","9.45945945945946","6.177606177606178","2.3166023166023164","3.861003861003861","2.7027027027027026","64","3.95970695970696","16","273","369","9.28937728937729","1.8315018315018314","0","0.7326007326007326","6.593406593406593","64","4.081632653061225","14","294","366","9.312925170068027","5.442176870748299","4.421768707482993","3.741496598639456","2.0408163265306123","64","4.1875","20","256","384","9.2734375","7.03125","3.515625","8.984375","3.125"
,"65","4.104247104247104","15","259","403","9.428571428571429","6.563706563706564","6.563706563706564","1.9305019305019304","0.7722007722007722","65","4.328125","18","256","415","9.3203125","3.125","8.59375","21.484375","3.125","65","4.014035087719298","22","285","340","8.989473684210527","1.4035087719298245","6.666666666666667","0.7017543859649122","4.56140350877193","65","4.13919413919414","11","273","388","9.28937728937729","1.8315018315018314","2.197802197802198","1.465201465201465","19.047619047619047","65","4.137096774193548","15","248","338","9.387096774193548","9.274193548387096","8.064516129032258","1.6129032258064515","6.451612903225806","65","4.052083333333333","20","288","410","9.159722222222221","1.3888888888888888","4.513888888888889","3.4722222222222223","2.7777777777777777","65","4.114391143911439","18","271","404","9.22509225092251","8.487084870848708","0.7380073800738007","1.845018450184502","8.85608856088561","65","4.03886925795053","16","283","419","9.236749116607774","2.4734982332155475","6.360424028268551","0","6.360424028268551","65","3.9892857142857143","13","280","365","9.178571428571429","0.7142857142857143","3.2142857142857144","8.214285714285714","1.4285714285714286","65","4.014084507042254","18","284","373","9.091549295774648","3.1690140845070425","5.633802816901408","1.408450704225352","0.352112676056338","65","4.144","18","250","328","9.208","6.4","2.8","2.8","4","65","3.97119341563786","25","243","284","9.25925925925926","7.818930041152264","0","3.7037037037037037","1.646090534979424","65","4.051792828685259","21","251","324","9.418326693227092","2.7888446215139444","2.3904382470119523","4.382470119521912","5.179282868525896","65","4.118942731277533","14","227","306","9.330396475770925","3.9647577092511015","6.167400881057269","6.167400881057269","4.845814977973569","65","3.9141791044776117","14","268","306","9.126865671641792","4.104477611940299","1.492537313432836","2.2388059701492535","0.746268656716418","65","4.091216216216216","20","296","420","9.033783783783784","5.0675675675675675","3.7162162162162162","3.3783783783783785","7.094594594594595","65","3.996","16","250","369","9.28","2","2","5.6","3.2","65","3.9260869565217393","15","230","330","9.208695652173914","0","1.7391304347826086","3.9130434782608696","1.7391304347826086","65","4.110169491525424","21","236","438","9.152542372881356","10.169491525423728","4.237288135593221","2.542372881355932","5.084745762711864","65","4.032258064516129","11","248","351","9.524193548387096","2.8225806451612905","1.2096774193548387","3.225806451612903","6.048387096774194","65","3.984732824427481","14","262","351","9.122137404580153","2.6717557251908395","3.816793893129771","4.198473282442748","4.961832061068702","65","3.864341085271318","19","258","340","9.147286821705427","3.875968992248062","0.7751937984496124","0","0.7751937984496124","65","3.964028776978417","18","278","378","9.316546762589928","6.474820143884892","2.158273381294964","0.7194244604316546","2.158273381294964","65","4.102564102564102","15","273","413","9.326007326007327","2.197802197802198","6.593406593406593","5.86080586080586","2.197802197802198","65","4.086142322097379","13","267","375","9.348314606741573","2.247191011235955","4.119850187265918","3.745318352059925","2.9962546816479403","65","3.9924528301886792","15","265","469","9.49433962264151","6.415094339622642","0","0","1.509433962264151","65","3.9689922480620154","25","258","328","9.333333333333334","3.488372093023256","1.550387596899225","1.1627906976744187","3.10077519379845","65","3.9274193548387095","11","248","320","9.290322580645162","6.451612903225806","0","0","0","65","4.057251908396947","16","262","357","9.236641221374045","4.961832061068702","5.343511450381679","3.435114503816794","3.435114503816794","65","4.073260073260073","22","273","391","9.362637362637363","4.395604395604396","7.6923076923076925","0.7326007326007326","1.465201465201465","65","3.902621722846442","15","267","341","9.280898876404494","1.8726591760299625","0.7490636704119851","2.6217228464419478","1.8726591760299625","65","4.055335968379446","18","253","438","9.233201581027668","4.3478260869565215","1.5810276679841897","7.1146245059288535","0.7905138339920948","65","4.011904761904762","20","252","394","9.444444444444445","6.349206349206349","2.380952380952381","4.761904761904762","1.5873015873015872","65","4.147826086956521","20","230","338","9.42608695652174","4.782608695652174","3.0434782608695654","3.9130434782608696","8.695652173913043","65","4.05327868852459","18","244","342","9.081967213114755","4.918032786885246","2.0491803278688523","6.967213114754099","2.0491803278688523","65","4.020408163265306","24","294","450","9.183673469387756","3.741496598639456","1.7006802721088434","3.061224489795918","4.081632653061225","65","4.042471042471043","12","259","412","9.45945945945946","6.177606177606178","2.3166023166023164","3.861003861003861","2.7027027027027026","65","3.963235294117647","17","272","369","9.25","1.838235294117647","0","0.7352941176470589","6.985294117647059","65","4.078231292517007","14","294","366","9.312925170068027","5.1020408163265305","4.421768707482993","3.741496598639456","2.0408163265306123","65","4.1953125","20","256","384","9.2734375","7.03125","3.90625","8.984375","3.515625"
,"66","4.116279069767442","15","258","403","9.387596899224807","6.976744186046512","7.364341085271318","1.937984496124031","0.7751937984496124","66","4.32156862745098","18","255","415","9.27843137254902","3.1372549019607843","8.627450980392156","20.392156862745097","3.1372549019607843","66","4.010600706713781","22","283","340","8.918727915194346","1.4134275618374559","6.360424028268551","0.7067137809187279","4.593639575971731","66","4.154411764705882","11","272","388","9.25","1.838235294117647","2.2058823529411766","1.4705882352941178","20.58823529411765","66","4.121951219512195","16","246","338","9.300813008130081","8.94308943089431","7.723577235772358","1.6260162601626016","5.691056910569106","66","4.042253521126761","20","284","410","9.014084507042254","1.408450704225352","3.8732394366197185","3.1690140845070425","2.816901408450704","66","4.103703703703704","18","270","404","9.185185185185185","9.25925925925926","0.37037037037037035","1.8518518518518519","7.407407407407407","66","4.042553191489362","17","282","419","9.198581560283689","2.482269503546099","6.73758865248227","0","6.382978723404255","66","3.985611510791367","15","278","365","9.100719424460431","0.7194244604316546","3.237410071942446","8.273381294964029","1.4388489208633093","66","4.017605633802817","18","284","373","9.091549295774648","3.1690140845070425","5.985915492957746","1.408450704225352","0.352112676056338","66","4.137651821862348","18","247","328","9.085020242914979","6.0728744939271255","2.42914979757085","2.834008097165992","4.048582995951417","66","3.970954356846473","25","241","284","9.1701244813278","7.8838174273858925","0","3.7344398340248963","1.6597510373443984","66","4.048","21","250","324","9.376","2.8","2.4","4.4","4.8","66","4.11453744493392","14","227","306","9.330396475770925","3.9647577092511015","5.726872246696035","6.167400881057269","4.845814977973569","66","3.9135338345864663","14","266","306","9.052631578947368","3.7593984962406015","1.5037593984962405","2.255639097744361","0.7518796992481203","66","4.091525423728814","21","295","420","8.996610169491525","5.084745762711864","3.7288135593220337","3.389830508474576","7.11864406779661","66","3.992","16","250","369","9.28","2","2","5.6","2.8","66","3.9304347826086956","15","230","330","9.208695652173914","0","1.7391304347826086","3.9130434782608696","1.7391304347826086","66","4.110169491525424","21","236","438","9.152542372881356","10.169491525423728","4.237288135593221","2.542372881355932","5.084745762711864","66","4.032520325203252","12","246","351","9.447154471544716","2.845528455284553","1.2195121951219512","3.252032520325203","6.097560975609756","66","3.9885496183206106","14","262","351","9.122137404580153","3.053435114503817","3.816793893129771","4.198473282442748","4.961832061068702","66","3.864341085271318","19","258","340","9.147286821705427","3.875968992248062","0.7751937984496124","0","0.7751937984496124","66","3.9708029197080292","18","274","378","9.16058394160584","6.569343065693431","2.18978102189781","0.7299270072992701","2.18978102189781","66","4.106617647058823","16","272","413","9.286764705882353","2.573529411764706","6.617647058823529","5.882352941176471","2.2058823529411766","66","4.082397003745318","13","267","375","9.348314606741573","2.247191011235955","3.745318352059925","3.745318352059925","2.9962546816479403","66","3.9961977186311786","16","263","469","9.422053231939163","6.4638783269961975","0","0","1.520912547528517","66","3.9728682170542635","25","258","328","9.333333333333334","3.488372093023256","1.550387596899225","1.1627906976744187","3.10077519379845","66","3.931174089068826","11","247","320","9.246963562753036","6.477732793522267","0","0","0","66","4.073076923076923","16","260","357","9.184615384615384","5","5.384615384615385","3.4615384615384617","3.4615384615384617","66","4.077490774907749","22","271","391","9.284132841328413","4.428044280442805","7.749077490774908","0.7380073800738007","1.4760147601476015","66","3.90188679245283","16","265","341","9.2","1.8867924528301887","0.7547169811320755","2.641509433962264","1.8867924528301887","66","4.055335968379446","18","253","438","9.233201581027668","4.3478260869565215","1.5810276679841897","7.1146245059288535","0.7905138339920948","66","4.01195219123506","21","251","394","9.402390438247012","5.9760956175298805","2.3904382470119523","4.780876494023905","1.593625498007968","66","4.149122807017544","22","228","338","9.333333333333334","4.824561403508772","3.0701754385964914","3.9473684210526314","8.771929824561404","66","4.05327868852459","18","244","342","9.081967213114755","4.918032786885246","2.0491803278688523","6.967213114754099","2.0491803278688523","66","4.017064846416382","25","293","450","9.15358361774744","3.7542662116040955","1.7064846416382253","3.0716723549488054","3.7542662116040955","66","4.042635658914729","13","258","412","9.418604651162791","6.2015503875969","2.3255813953488373","3.875968992248062","2.7131782945736433","66","3.959409594095941","18","271","369","9.210332103321033","1.845018450184502","0","0.7380073800738007","6.642066420664206","66","4.0793103448275865","15","290","366","9.186206896551724","5.172413793103448","4.482758620689655","3.793103448275862","2.0689655172413794","66","4.192156862745098","21","255","384","9.231372549019607","7.0588235294117645","3.9215686274509802","9.019607843137255","3.1372549019607843"
,"67","4.10077519379845","15","258","417","9.496124031007753","6.589147286821706","6.2015503875969","1.937984496124031","0.7751937984496124","67","4.345098039215686","18","255","437","9.450980392156863","3.1372549019607843","9.411764705882353","22.352941176470587","3.1372549019607843","67","4.01418439716312","22","282","376","9.134751773049645","1.4184397163120568","6.73758865248227","0.7092198581560284","4.609929078014185","67","4.144444444444445","11","270","403","9.281481481481482","1.8518518518518519","2.2222222222222223","1.4814814814814814","19.62962962962963","67","4.1387755102040815","17","245","359","9.428571428571429","9.387755102040817","8.16326530612245","1.6326530612244898","6.530612244897959","67","4.0462633451957295","22","281","447","9.160142348754448","1.4234875444839858","4.270462633451957","3.202846975088968","2.8469750889679717","67","4.092592592592593","18","270","420","9.303703703703704","9.25925925925926","0","1.8518518518518519","6.666666666666667","67","4.046099290780142","17","282","432","9.290780141843971","2.482269503546099","6.73758865248227","0","6.73758865248227","67","3.9963636363636366","16","275","391","9.170909090909092","0.7272727272727273","3.272727272727273","8.363636363636363","1.4545454545454546","67","4.01056338028169","18","284","398","9.267605633802816","3.1690140845070425","5.28169014084507","1.408450704225352","0.352112676056338","67","4.145748987854251","18","247","357","9.319838056680162","6.477732793522267","2.834008097165992","2.834008097165992","4.048582995951417","67","3.9705882352941178","27","238","308","9.260504201680673","7.983193277310924","0","3.7815126050420167","1.680672268907563","67","4.052208835341365","21","249","340","9.461847389558233","2.8112449799196786","2.4096385542168677","4.417670682730924","5.220883534136546","67","4.118942731277533","14","227","310","9.365638766519824","3.9647577092511015","6.167400881057269","6.167400881057269","4.845814977973569","67","3.9083969465648853","15","262","330","9.076335877862595","3.053435114503817","1.5267175572519085","2.6717557251908395","0.7633587786259542","67","4.085324232081911","22","293","437","9.03754266211604","5.1194539249146755","3.4129692832764507","3.0716723549488054","6.825938566552901","67","3.9919678714859437","16","249","380","9.325301204819278","2.0080321285140563","2.0080321285140563","5.622489959839357","2.8112449799196786","67","3.925764192139738","15","229","337","9.266375545851528","0","1.7467248908296944","3.930131004366812","1.7467248908296944","67","4.111111111111111","21","234","450","9.162393162393162","10.256410256410257","4.273504273504273","2.5641025641025643","5.128205128205129","67","4.032786885245901","12","244","357","9.40983606557377","2.8688524590163933","1.2295081967213115","3.278688524590164","6.147540983606557","67","3.984732824427481","14","262","374","9.297709923664122","2.6717557251908395","3.816793893129771","4.198473282442748","4.961832061068702","67","3.8638132295719845","20","257","354","9.221789883268482","3.8910505836575875","0.7782101167315175","0","0.7782101167315175","67","3.978021978021978","18","273","402","9.296703296703297","6.593406593406593","2.197802197802198","0.7326007326007326","2.197802197802198","67","4.102941176470588","16","272","432","9.426470588235293","2.2058823529411766","6.617647058823529","5.882352941176471","2.2058823529411766","67","4.086142322097379","13","267","390","9.460674157303371","2.247191011235955","4.119850187265918","3.745318352059925","2.9962546816479403","67","3.9923954372623576","16","263","485","9.543726235741445","6.4638783269961975","0","0","1.520912547528517","67","3.9728682170542635","25","258","338","9.410852713178295","3.488372093023256","1.550387596899225","1.1627906976744187","3.10077519379845","67","3.935222672064777","11","247","332","9.34412955465587","6.477732793522267","0","0","0","67","4.077220077220077","16","259","370","9.243243243243244","5.019305019305019","5.405405405405405","3.474903474903475","3.474903474903475","67","4.07380073800738","22","271","415","9.461254612546126","4.428044280442805","7.749077490774908","0.7380073800738007","1.4760147601476015","67","3.90188679245283","16","265","353","9.290566037735848","1.8867924528301887","0.7547169811320755","2.641509433962264","1.8867924528301887","67","4.056","20","250","450","9.2","4.4","1.6","7.2","0.8","67","4.012096774193548","22","248","404","9.35483870967742","6.451612903225806","2.4193548387096775","4.838709677419355","1.6129032258064515","67","4.149122807017544","22","228","351","9.447368421052632","4.824561403508772","3.0701754385964914","3.9473684210526314","8.771929824561404","67","4.053497942386831","18","243","356","9.160493827160494","4.938271604938271","2.05761316872428","6.995884773662551","2.05761316872428","67","4.017241379310345","27","290","471","9.193103448275862","3.793103448275862","1.7241379310344827","3.103448275862069","3.793103448275862","67","4.042801556420233","13","257","423","9.486381322957198","6.22568093385214","2.3346303501945527","3.8910505836575875","2.7237354085603114","67","3.95910780669145","19","269","393","9.308550185873607","1.486988847583643","0","0.7434944237918215","7.063197026022305","67","4.076124567474048","16","289","388","9.301038062283737","4.844290657439446","4.498269896193771","3.8062283737024223","2.0761245674740483","67","4.1936758893280635","22","253","404","9.304347826086957","6.719367588932807","3.952569169960474","9.090909090909092","3.5573122529644268"
,"68","4.11284046692607","15","257","417","9.455252918287938","7.003891050583658","7.003891050583658","1.9455252918287937","0.7782101167315175","68","4.324110671936759","18","253","437","9.383399209486166","3.1620553359683794","8.300395256916996","20.948616600790515","3.1620553359683794","68","4.01067615658363","23","281","376","9.09608540925267","1.4234875444839858","6.405693950177936","0.7117437722419929","4.6263345195729535","68","4.144444444444445","11","270","403","9.281481481481482","1.8518518518518519","2.2222222222222223","1.4814814814814814","19.62962962962963","68","4.122448979591836","17","245","359","9.428571428571429","8.979591836734693","7.755102040816326","1.6326530612244898","5.714285714285714","68","4.043010752688172","22","279","447","9.082437275985663","1.4336917562724014","3.942652329749104","3.225806451612903","2.867383512544803","68","4.08550185873606","18","269","420","9.263940520446097","8.921933085501859","0","1.858736059479554","6.319702602230484","68","4.049822064056939","17","281","432","9.252669039145907","2.491103202846975","6.405693950177936","0","7.473309608540926","68","4.003663003663004","17","273","391","9.098901098901099","0.7326007326007326","3.2967032967032965","8.424908424908425","1.465201465201465","68","4.017667844522968","18","283","398","9.229681978798586","3.5335689045936394","5.6537102473498235","1.4134275618374559","0.35335689045936397","68","4.137651821862348","18","247","357","9.319838056680162","6.0728744939271255","2.42914979757085","2.834008097165992","4.048582995951417","68","3.9705882352941178","27","238","308","9.260504201680673","7.983193277310924","0","3.7815126050420167","1.680672268907563","68","4.056451612903226","22","248","340","9.419354838709678","3.225806451612903","2.4193548387096775","4.435483870967742","5.241935483870968","68","4.115044247787611","15","226","310","9.31858407079646","3.982300884955752","5.752212389380531","6.1946902654867255","4.867256637168142","68","3.9083969465648853","15","262","330","9.076335877862595","3.053435114503817","1.5267175572519085","2.2900763358778624","0.7633587786259542","68","4.078767123287672","22","292","437","9.006849315068493","5.136986301369863","3.0821917808219177","2.73972602739726","6.506849315068493","68","3.9919028340080973","18","247","380","9.238866396761134","2.0242914979757085","2.0242914979757085","5.668016194331984","2.834008097165992","68","3.9298245614035086","16","228","337","9.219298245614034","0","1.7543859649122806","3.9473684210526314","1.7543859649122806","68","4.108695652173913","22","230","450","9.052173913043479","10.434782608695652","4.3478260869565215","2.1739130434782608","5.217391304347826","68","4.032921810699588","12","243","357","9.366255144032921","2.880658436213992","1.2345679012345678","3.292181069958848","6.172839506172839","68","3.9846743295019156","15","261","374","9.256704980842912","2.681992337164751","3.8314176245210727","4.21455938697318","4.980842911877395","68","3.8638132295719845","20","257","354","9.221789883268482","3.8910505836575875","0.7782101167315175","0","0.7782101167315175","68","3.9779411764705883","19","272","402","9.264705882352942","6.617647058823529","2.2058823529411766","0.7352941176470589","2.2058823529411766","68","4.102941176470588","16","272","432","9.426470588235293","2.2058823529411766","6.617647058823529","5.882352941176471","2.2058823529411766","68","4.082397003745318","13","267","390","9.460674157303371","2.247191011235955","3.745318352059925","3.745318352059925","2.9962546816479403","68","4","16","261","485","9.46360153256705","6.513409961685824","0","0","1.5325670498084292","68","3.97265625","27","256","338","9.3359375","3.515625","1.5625","1.171875","3.125","68","3.94238683127572","14","243","332","9.185185185185185","6.584362139917696","0","0","0","68","4.0852713178294575","16","258","370","9.2015503875969","5.038759689922481","5.426356589147287","3.488372093023256","3.488372093023256","68","4.07380073800738","22","271","415","9.461254612546126","4.428044280442805","7.749077490774908","0.7380073800738007","1.4760147601476015","68","3.90188679245283","16","265","353","9.290566037735848","1.8867924528301887","0.7547169811320755","2.641509433962264","1.8867924528301887","68","4.056451612903226","20","248","450","9.112903225806452","4.435483870967742","1.6129032258064515","7.258064516129032","0.8064516129032258","68","4.016260162601626","23","246","404","9.268292682926829","5.691056910569106","2.4390243902439024","4.878048780487805","1.6260162601626016","68","4.149779735682819","22","227","351","9.400881057268723","4.845814977973569","3.0837004405286343","3.9647577092511015","8.810572687224669","68","4.0578512396694215","19","242","356","9.115702479338843","4.958677685950414","2.0661157024793386","7.43801652892562","2.0661157024793386","68","4.017301038062284","28","289","471","9.155709342560554","3.8062283737024223","1.7301038062283738","3.114186851211073","3.8062283737024223","68","4.042801556420233","13","257","423","9.486381322957198","6.22568093385214","2.3346303501945527","3.8910505836575875","2.7237354085603114","68","3.955056179775281","19","267","393","9.235955056179776","1.4981273408239701","0","0.7490636704119851","6.741573033707865","68","4.083623693379791","17","287","388","9.226480836236934","5.2264808362369335","4.181184668989547","3.832752613240418","2.0905923344947737","68","4.190476190476191","23","252","404","9.261904761904763","6.746031746031746","3.9682539682539684","9.126984126984127","3.1746031746031744"
,"69","4.102362204724409","15","254","417","9.338582677165354","6.692913385826771","6.299212598425197","1.968503937007874","0.7874015748031497","69","4.330677290836653","18","251","437","9.354581673306773","3.187250996015936","8.366533864541832","21.91235059760956","3.187250996015936","69","4.01067615658363","23","281","376","9.09608540925267","1.4234875444839858","6.405693950177936","0.7117437722419929","4.6263345195729535","69","4.148148148148148","11","270","403","9.281481481481482","1.8518518518518519","2.2222222222222223","1.8518518518518519","19.62962962962963","69","4.130612244897959","17","245","359","9.428571428571429","9.387755102040817","8.16326530612245","1.6326530612244898","5.714285714285714","69","4.046762589928058","23","278","447","9.043165467625899","1.4388489208633093","4.316546762589928","3.237410071942446","2.8776978417266186","69","4.089219330855019","18","269","420","9.263940520446097","9.293680297397769","0","1.858736059479554","6.319702602230484","69","4.071428571428571","17","280","432","9.214285714285714","2.5","6.428571428571429","0","8.571428571428571","69","4.007380073800738","18","271","391","9.025830258302584","0.7380073800738007","3.690036900369004","8.487084870848708","1.4760147601476015","69","4.0212765957446805","18","282","398","9.191489361702128","3.900709219858156","5.673758865248227","1.4184397163120568","0.3546099290780142","69","4.145748987854251","18","247","357","9.319838056680162","6.477732793522267","2.834008097165992","2.834008097165992","4.048582995951417","69","3.9705882352941178","27","238","308","9.260504201680673","7.983193277310924","0","3.7815126050420167","1.680672268907563","69","4.052631578947368","22","247","340","9.376518218623481","2.834008097165992","2.42914979757085","4.4534412955465585","5.2631578947368425","69","4.120535714285714","16","224","310","9.223214285714286","4.017857142857143","6.25","6.25","4.910714285714286","69","3.904580152671756","15","262","330","9.076335877862595","3.053435114503817","1.5267175572519085","2.2900763358778624","0.7633587786259542","69","4.085616438356165","22","292","437","9.006849315068493","5.136986301369863","3.0821917808219177","2.73972602739726","6.8493150684931505","69","3.9919028340080973","18","247","380","9.238866396761134","2.0242914979757085","2.0242914979757085","5.668016194331984","2.834008097165992","69","3.9251101321585904","17","227","337","9.17180616740088","0","1.7621145374449338","3.9647577092511015","1.7621145374449338","69","4.104803493449782","23","229","450","9.004366812227074","10.480349344978166","4.366812227074236","1.7467248908296944","5.240174672489083","69","4.032921810699588","12","243","357","9.366255144032921","2.880658436213992","1.2345679012345678","3.292181069958848","6.172839506172839","69","3.992248062015504","15","258","374","9.13953488372093","2.7131782945736433","3.875968992248062","3.875968992248062","5.038759689922481","69","3.8616600790513833","20","253","354","9.114624505928854","3.952569169960474","0.3952569169960474","0","0.7905138339920948","69","3.981549815498155","19","271","402","9.232472324723247","6.642066420664206","2.2140221402214024","0.7380073800738007","2.2140221402214024","69","4.103703703703704","16","270","432","9.348148148148148","2.2222222222222223","6.666666666666667","5.925925925925926","2.2222222222222223","69","4.086142322097379","13","267","390","9.460674157303371","2.247191011235955","4.119850187265918","3.745318352059925","2.9962546816479403","69","3.996168582375479","16","261","485","9.46360153256705","6.513409961685824","0","0","1.5325670498084292","69","3.9725490196078432","27","255","338","9.325490196078432","3.5294117647058822","1.5686274509803921","1.1764705882352942","3.1372549019607843","69","3.9421487603305785","14","242","332","9.148760330578513","6.6115702479338845","0","0","0","69","4.081712062256809","16","257","370","9.15953307392996","5.058365758754864","5.447470817120623","3.501945525291829","3.501945525291829","69","4.071161048689139","23","267","415","9.348314606741573","4.119850187265918","7.116104868913857","0.7490636704119851","1.4981273408239701","69","3.901140684410646","17","263","353","9.209125475285171","1.9011406844106464","0.7604562737642585","2.661596958174905","1.9011406844106464","69","4.056451612903226","20","248","450","9.112903225806452","4.435483870967742","1.6129032258064515","7.258064516129032","0.8064516129032258","69","4.020325203252033","23","246","404","9.268292682926829","5.691056910569106","2.4390243902439024","4.878048780487805","1.6260162601626016","69","4.149779735682819","22","227","351","9.400881057268723","4.845814977973569","3.0837004405286343","3.9647577092511015","8.810572687224669","69","4.053719008264463","19","242","356","9.115702479338843","4.958677685950414","2.0661157024793386","7.024793388429752","2.0661157024793386","69","4.017301038062284","28","289","471","9.155709342560554","3.8062283737024223","1.7301038062283738","3.114186851211073","3.8062283737024223","69","4.043307086614173","14","254","423","9.37007874015748","6.299212598425197","2.3622047244094486","3.937007874015748","2.7559055118110236","69","3.958801498127341","19","267","393","9.235955056179776","1.4981273408239701","0","0.7490636704119851","7.116104868913857","69","4.076923076923077","17","286","388","9.188811188811188","4.895104895104895","4.545454545454546","3.8461538461538463","2.097902097902098","69","4.196787148594377","24","249","404","9.132530120481928","6.827309236947791","4.016064257028113","9.236947791164658","3.6144578313253013"
,"70","4.1106719367588935","15","253","434","9.430830039525691","7.1146245059288535","6.719367588932807","1.976284584980237","0.7905138339920948","70","4.338645418326693","18","251","460","9.53784860557769","3.187250996015936","9.56175298804781","21.115537848605577","3.187250996015936","70","4.01423487544484","23","281","396","9.238434163701067","1.4234875444839858","6.761565836298932","0.7117437722419929","4.6263345195729535","70","4.153558052434457","14","267","418","9.273408239700375","1.4981273408239701","2.247191011235955","2.247191011235955","20.224719101123597","70","4.126530612244898","17","245","372","9.534693877551021","9.795918367346939","7.755102040816326","1.6326530612244898","5.3061224489795915","70","4.043321299638989","23","277","482","9.256317689530686","1.444043321299639","3.9711191335740073","3.2490974729241877","2.888086642599278","70","4.082089552238806","18","268","437","9.350746268656716","8.955223880597014","0","1.8656716417910448","5.970149253731344","70","4.07168458781362","17","279","444","9.261648745519713","2.5089605734767026","6.451612903225806","0","8.602150537634408","70","4.003703703703704","18","270","426","9.244444444444444","0.7407407407407407","3.3333333333333335","8.518518518518519","1.4814814814814814","70","4.025","18","280","420","9.271428571428572","4.285714285714286","5.357142857142857","1.7857142857142858","0.35714285714285715","70","4.137651821862348","18","247","367","9.40080971659919","6.0728744939271255","2.42914979757085","2.834008097165992","4.048582995951417","70","3.9705882352941178","27","238","329","9.436974789915967","7.983193277310924","0","3.7815126050420167","1.680672268907563","70","4.052631578947368","22","247","358","9.522267206477732","2.834008097165992","2.42914979757085","4.4534412955465585","5.2631578947368425","70","4.116591928251121","17","223","321","9.27354260089686","4.0358744394618835","5.829596412556054","6.278026905829597","4.932735426008969","70","3.9122137404580153","15","262","355","9.267175572519085","3.053435114503817","1.5267175572519085","2.6717557251908395","0.7633587786259542","70","4.078767123287672","22","292","460","9.164383561643836","5.136986301369863","3.0821917808219177","2.73972602739726","6.506849315068493","70","3.9919028340080973","18","247","394","9.352226720647772","2.0242914979757085","2.0242914979757085","5.668016194331984","2.834008097165992","70","3.9292035398230087","18","226","353","9.274336283185841","0","1.7699115044247788","3.982300884955752","1.7699115044247788","70","4.109649122807017","23","228","477","9.192982456140351","10.526315789473685","4.824561403508772","1.7543859649122806","5.2631578947368425","70","4.033057851239669","12","242","374","9.462809917355372","2.8925619834710745","1.2396694214876034","3.3057851239669422","5.785123966942149","70","3.996124031007752","15","258","396","9.310077519379846","2.7131782945736433","3.875968992248062","3.488372093023256","5.038759689922481","70","3.864541832669323","21","251","380","9.235059760956176","3.9840637450199203","0","0","0.796812749003984","70","3.977777777777778","20","270","422","9.34074074074074","6.666666666666667","2.2222222222222223","0.7407407407407407","2.2222222222222223","70","4.103703703703704","16","270","446","9.451851851851853","2.2222222222222223","6.666666666666667","5.925925925925926","2.2222222222222223","70","4.078947368421052","13","266","401","9.503759398496241","2.255639097744361","3.7593984962406015","3.7593984962406015","2.6315789473684212","70","4","16","260","495","9.5","6.538461538461538","0","0","1.5384615384615385","70","3.97244094488189","27","254","349","9.37007874015748","3.543307086614173","1.5748031496062993","1.1811023622047243","3.1496062992125986","70","3.9421487603305785","14","242","351","9.305785123966942","6.6115702479338845","0","0","0","70","4.0859375","17","256","391","9.28125","5.078125","5.46875","3.515625","3.515625","70","4.071161048689139","23","267","436","9.50561797752809","3.745318352059925","6.741573033707865","0.7490636704119851","1.4981273408239701","70","3.901140684410646","17","263","371","9.346007604562738","1.9011406844106464","0.7604562737642585","2.661596958174905","1.9011406844106464","70","4.056451612903226","20","248","474","9.306451612903226","4.435483870967742","1.6129032258064515","7.258064516129032","0.8064516129032258","70","4.024489795918368","23","245","421","9.363265306122448","5.3061224489795915","2.4489795918367347","4.8979591836734695","1.6326530612244898","70","4.149779735682819","22","227","363","9.506607929515418","4.845814977973569","3.0837004405286343","3.9647577092511015","8.810572687224669","70","4.054166666666666","20","240","370","9.191666666666666","5","2.0833333333333335","7.083333333333333","2.0833333333333335","70","4.017361111111111","28","288","496","9.291666666666666","3.8194444444444446","1.7361111111111112","3.125","3.8194444444444446","70","4.0395256916996045","15","253","437","9.438735177865613","6.324110671936759","2.3715415019762847","3.952569169960474","2.3715415019762847","70","3.950943396226415","20","265","417","9.335849056603774","1.509433962264151","0","0.7547169811320755","6.415094339622642","70","4.076923076923077","17","286","420","9.412587412587413","5.244755244755245","4.195804195804196","3.8461538461538463","2.097902097902098","70","4.194331983805668","25","247","430","9.255060728744938","6.882591093117409","4.048582995951417","9.31174089068826","3.2388663967611335"
,"71","4.123015873015873","15","252","434","9.396825396825397","7.5396825396825395","7.5396825396825395","1.9841269841269842","0.7936507936507936","71","4.348","18","250","460","9.496","3.2","9.6","22.4","3.2","71","4.010714285714286","24","280","396","9.2","1.4285714285714286","6.428571428571429","0.7142857142857143","4.642857142857143","71","4.164794007490637","14","267","418","9.273408239700375","1.4981273408239701","2.247191011235955","2.6217228464419478","20.59925093632959","71","4.122448979591836","17","245","372","9.534693877551021","8.571428571428571","8.571428571428571","1.6326530612244898","5.3061224489795915","71","4.050724637681159","23","276","482","9.22463768115942","1.4492753623188406","4.7101449275362315","3.260869565217391","2.898550724637681","71","4.085820895522388","18","268","437","9.350746268656716","8.955223880597014","0","1.8656716417910448","6.343283582089552","71","4.07168458781362","17","279","444","9.261648745519713","2.5089605734767026","6.810035842293907","0","8.243727598566307","71","4.003731343283582","19","268","426","9.164179104477611","0.746268656716418","3.7313432835820897","8.208955223880597","1.492537313432836","71","4.014388489208633","18","278","420","9.215827338129497","3.9568345323741005","5.39568345323741","1.4388489208633093","0.3597122302158273","71","4.1387755102040815","19","245","367","9.322448979591837","6.122448979591836","2.4489795918367347","2.857142857142857","4.081632653061225","71","3.9746835443037973","28","237","329","9.39240506329114","8.016877637130802","0","3.7974683544303796","1.6877637130801688","71","4.048780487804878","22","246","358","9.479674796747968","2.845528455284553","2.4390243902439024","4.065040650406504","5.284552845528455","71","4.121621621621622","18","222","321","9.234234234234235","4.054054054054054","6.306306306306307","6.306306306306307","4.954954954954955","71","3.9038461538461537","16","260","355","9.184615384615384","3.076923076923077","1.5384615384615385","2.3076923076923075","0.7692307692307693","71","4.085616438356165","22","292","460","9.164383561643836","5.136986301369863","3.0821917808219177","2.73972602739726","6.8493150684931505","71","3.991869918699187","18","246","394","9.365853658536585","2.032520325203252","2.032520325203252","5.284552845528455","2.845528455284553","71","3.924778761061947","18","226","353","9.274336283185841","0","1.7699115044247788","3.982300884955752","1.7699115044247788","71","4.105726872246696","23","227","477","9.145374449339206","10.572687224669604","4.405286343612334","1.7621145374449338","5.286343612334802","71","4.033057851239669","12","242","374","9.462809917355372","2.8925619834710745","1.2396694214876034","3.3057851239669422","5.371900826446281","71","3.992248062015504","15","258","396","9.310077519379846","2.7131782945736433","3.875968992248062","3.488372093023256","5.038759689922481","71","3.860557768924303","21","251","380","9.235059760956176","3.9840637450199203","0","0","0.796812749003984","71","3.9814126394052045","21","269","422","9.308550185873607","6.691449814126394","2.2304832713754648","0.7434944237918215","2.2304832713754648","71","4.104089219330855","17","269","446","9.420074349442379","2.2304832713754648","6.691449814126394","5.947955390334572","2.2304832713754648","71","4.079245283018868","14","265","401","9.464150943396227","2.2641509433962264","4.150943396226415","3.7735849056603774","2.2641509433962264","71","3.996153846153846","16","260","495","9.5","6.538461538461538","0","0","1.5384615384615385","71","3.97244094488189","27","254","349","9.37007874015748","3.543307086614173","1.5748031496062993","1.1811023622047243","3.1496062992125986","71","3.9421487603305785","14","242","351","9.305785123966942","6.6115702479338845","0","0","0","71","4.08235294117647","18","255","391","9.239215686274509","5.098039215686274","5.490196078431373","3.5294117647058822","3.5294117647058822","71","4.071969696969697","24","264","436","9.393939393939394","3.787878787878788","6.818181818181818","0.7575757575757576","1.5151515151515151","71","3.900383141762452","18","261","371","9.272030651340996","1.9157088122605364","0.7662835249042146","2.681992337164751","1.9157088122605364","71","4.05668016194332","20","247","474","9.271255060728745","4.4534412955465585","1.6194331983805668","7.287449392712551","0.8097165991902834","71","4.024489795918368","23","245","421","9.363265306122448","5.714285714285714","2.4489795918367347","4.8979591836734695","1.6326530612244898","71","4.150442477876106","23","226","363","9.460176991150442","4.867256637168142","3.0973451327433628","3.982300884955752","8.849557522123893","71","4.054166666666666","20","240","370","9.191666666666666","5","2.0833333333333335","7.083333333333333","2.0833333333333335","71","4.017421602787456","29","287","496","9.254355400696864","3.832752613240418","1.7421602787456445","3.1358885017421603","3.832752613240418","71","4.039840637450199","16","251","437","9.362549800796813","6.374501992031872","2.3904382470119523","3.9840637450199203","2.3904382470119523","71","3.9547169811320755","20","265","417","9.335849056603774","1.509433962264151","0","0.7547169811320755","6.7924528301886795","71","4.080419580419581","17","286","420","9.412587412587413","4.895104895104895","4.545454545454546","3.8461538461538463","2.097902097902098","71","4.198380566801619","25","247","430","9.255060728744938","6.882591093117409","4.048582995951417","9.31174089068826","3.6437246963562755"
,"72","4.119047619047619","15","252","434","9.396825396825397","7.936507936507937","6.746031746031746","1.9841269841269842","0.7936507936507936","72","4.348","18","250","460","9.496","3.2","9.6","22","3.2","72","4.010791366906475","24","278","396","9.129496402877697","1.4388489208633093","6.474820143884892","0.7194244604316546","4.676258992805756","72","4.172932330827067","15","266","418","9.233082706766917","1.5037593984962405","2.255639097744361","3.3834586466165413","19.924812030075188","72","4.122448979591836","17","245","372","9.534693877551021","9.387755102040817","7.755102040816326","1.6326530612244898","5.3061224489795915","72","4.0476190476190474","24","273","482","9.106227106227106","1.465201465201465","4.029304029304029","3.2967032967032965","2.93040293040293","72","4.085820895522388","18","268","437","9.350746268656716","8.955223880597014","0","1.8656716417910448","6.343283582089552","72","4.075268817204301","17","279","444","9.261648745519713","2.5089605734767026","6.810035842293907","0","8.602150537634408","72","4","19","268","426","9.164179104477611","0.746268656716418","3.3582089552238807","8.208955223880597","1.492537313432836","72","4.018050541516246","18","277","420","9.176895306859207","3.9711191335740073","5.415162454873646","1.444043321299639","0.36101083032490977","72","4.122950819672131","20","244","367","9.278688524590164","5.327868852459017","1.639344262295082","2.8688524590163933","4.098360655737705","72","3.9746835443037973","28","237","329","9.39240506329114","8.016877637130802","0","3.7974683544303796","1.6877637130801688","72","4.048780487804878","22","246","358","9.479674796747968","2.845528455284553","2.4390243902439024","4.065040650406504","5.284552845528455","72","4.122727272727273","20","220","321","9.145454545454545","4.090909090909091","5.909090909090909","6.363636363636363","5","72","3.9069767441860463","17","258","355","9.155038759689923","2.7131782945736433","1.550387596899225","2.3255813953488373","0.3875968992248062","72","4.0793103448275865","23","290","460","9.089655172413794","5.172413793103448","3.103448275862069","2.7586206896551726","6.551724137931035","72","3.987755102040816","18","245","394","9.322448979591837","2.0408163265306123","2.0408163265306123","4.8979591836734695","2.857142857142857","72","3.928888888888889","18","225","353","9.226666666666667","0","1.7777777777777777","4","1.7777777777777777","72","4.110619469026549","23","226","477","9.106194690265486","10.619469026548673","4.867256637168142","1.7699115044247788","5.3097345132743365","72","4.033333333333333","12","240","374","9.375","2.9166666666666665","1.25","3.3333333333333335","5.416666666666667","72","3.996124031007752","15","258","396","9.310077519379846","2.7131782945736433","3.875968992248062","3.488372093023256","5.038759689922481","72","3.864541832669323","21","251","380","9.235059760956176","3.9840637450199203","0","0","0.796812749003984","72","3.9775280898876404","22","267","422","9.235955056179776","6.741573033707865","2.247191011235955","0.7490636704119851","2.247191011235955","72","4.104868913857678","18","267","446","9.348314606741573","2.247191011235955","6.741573033707865","5.992509363295881","2.247191011235955","72","4.079245283018868","14","265","401","9.464150943396227","2.2641509433962264","3.7735849056603774","3.7735849056603774","2.641509433962264","72","4","16","260","495","9.5","6.538461538461538","0","0","1.5384615384615385","72","3.972332015810277","28","253","349","9.328063241106719","3.5573122529644268","1.5810276679841897","1.1857707509881423","3.1620553359683794","72","3.9421487603305785","14","242","351","9.305785123966942","6.6115702479338845","0","0","0","72","4.086614173228346","18","254","391","9.196850393700787","5.118110236220472","5.511811023622047","3.543307086614173","3.543307086614173","72","4.072519083969466","25","262","436","9.312977099236642","3.816793893129771","6.870229007633588","0.7633587786259542","1.5267175572519085","72","3.9","18","260","371","9.3","1.5384615384615385","0.7692307692307693","2.6923076923076925","1.5384615384615385","72","4.05668016194332","20","247","474","9.271255060728745","4.4534412955465585","1.6194331983805668","7.287449392712551","0.8097165991902834","72","4.024590163934426","23","244","421","9.319672131147541","5.327868852459017","2.459016393442623","4.918032786885246","1.639344262295082","72","4.151111111111111","23","225","363","9.413333333333334","4.888888888888889","3.111111111111111","4","8.88888888888889","72","4.054393305439331","21","239","370","9.146443514644352","5.02092050209205","2.092050209205021","7.112970711297071","2.092050209205021","72","4.0174825174825175","29","286","496","9.223776223776223","3.8461538461538463","1.7482517482517483","3.1468531468531467","3.8461538461538463","72","4.04","16","250","437","9.32","6.4","2.4","4","2.4","72","3.9507575757575757","21","264","417","9.295454545454545","1.5151515151515151","0","0.7575757575757576","6.4393939393939394","72","4.080701754385965","17","285","420","9.375438596491229","5.2631578947368425","4.2105263157894735","3.8596491228070176","2.1052631578947367","72","4.193415637860082","27","243","430","9.094650205761317","6.584362139917696","4.11522633744856","9.465020576131687","3.292181069958848"
,"73","3.6702127659574466","15","282","449","9.078014184397164","9.574468085106384","8.51063829787234","4.964539007092198","3.5460992907801416","73","4.007352941176471","18","272","471","9.161764705882353","6.25","11.764705882352942","24.63235294117647","4.411764705882353","73","3.691029900332226","25","301","419","9.209302325581396","4.651162790697675","8.970099667774086","4.318936877076412","6.312292358803987","73","4.025547445255475","16","274","445","9.445255474452555","2.9197080291970803","4.014598540145985","4.014598540145985","21.8978102189781","73","3.8697318007662833","18","261","378","9.302681992337165","11.494252873563218","9.578544061302683","4.980842911877395","6.513409961685824","73","3.84375","24","288","508","9.340277777777779","3.4722222222222223","4.861111111111111","4.513888888888889","3.8194444444444446","73","3.7422680412371134","18","291","456","9.175257731958762","13.058419243986254","2.7491408934707904","4.4673539518900345","8.24742268041237","73","3.893470790378007","18","291","455","9.312714776632303","4.123711340206185","7.903780068728523","1.7182130584192439","10.309278350515465","73","3.606779661016949","20","295","450","9.132203389830508","3.389830508474576","6.101694915254237","9.491525423728813","5.423728813559322","73","3.721476510067114","18","298","442","9.241610738255034","6.040268456375839","8.389261744966444","5.033557046979865","2.684563758389262","73","3.852713178294574","20","258","379","9.232558139534884","7.364341085271318","3.875968992248062","5.813953488372093","5.426356589147287","73","3.7732793522267207","29","247","340","9.376518218623481","8.502024291497976","2.42914979757085","4.048582995951417","4.4534412955465585","73","3.7433962264150944","22","265","370","9.313207547169812","5.283018867924528","4.90566037735849","6.7924528301886795","7.169811320754717","73","4.022222222222222","21","225","342","9.413333333333334","4","7.555555555555555","6.666666666666667","6.222222222222222","73","3.803030303030303","17","264","376","9.484848484848484","3.787878787878788","2.6515151515151514","2.272727272727273","0.7575757575757576","73","3.910596026490066","23","302","473","9.304635761589404","7.28476821192053","3.9735099337748343","3.3112582781456954","8.609271523178808","73","3.7192307692307693","18","260","408","9.384615384615385","5","5","6.153846153846154","4.615384615384615","73","3.574898785425101","18","247","367","9.133603238866396","4.8582995951417","5.668016194331984","6.0728744939271255","5.2631578947368425","73","3.7408906882591095","23","247","496","9.133603238866396","12.145748987854251","4.8582995951417","4.4534412955465585","8.906882591093117","73","3.7248062015503876","14","258","394","9.217054263565892","6.976744186046512","4.263565891472868","5.813953488372093","9.30232558139535","73","3.6785714285714284","15","280","410","9.164285714285715","5.714285714285714","6.785714285714286","5.357142857142857","5.357142857142857","73","3.783464566929134","21","254","403","9.503937007874017","4.330708661417323","0.7874015748031497","1.1811023622047243","1.5748031496062993","73","3.742957746478873","22","284","449","9.309859154929578","7.746478873239437","4.929577464788732","3.5211267605633805","3.8732394366197185","73","3.914285714285714","18","280","463","9.428571428571429","4.285714285714286","7.5","6.428571428571429","4.285714285714286","73","3.8191489361702127","14","282","416","9.333333333333334","3.5460992907801416","6.028368794326241","5.319148936170213","4.609929078014185","73","3.7364620938628157","16","277","509","9.328519855595667","9.025270758122744","1.8050541516245486","3.2490974729241877","2.888086642599278","73","3.6801470588235294","28","272","357","9.169117647058824","5.147058823529412","2.9411764705882355","2.573529411764706","4.411764705882353","73","3.6551724137931036","14","261","365","9.256704980842912","8.812260536398467","2.2988505747126435","1.5325670498084292","1.5325670498084292","73","3.770909090909091","18","275","410","9.243636363636364","6.909090909090909","8","5.454545454545454","5.454545454545454","73","3.9084249084249083","25","273","461","9.516483516483516","5.86080586080586","7.6923076923076925","2.197802197802198","2.5641025641025643","73","3.698529411764706","18","272","385","9.360294117647058","1.838235294117647","2.573529411764706","4.044117647058823","2.2058823529411766","73","3.868217054263566","20","258","488","9.317829457364342","6.976744186046512","3.875968992248062","8.13953488372093","1.937984496124031","73","3.5824175824175826","23","273","437","9.047619047619047","9.157509157509157","4.761904761904762","6.227106227106227","5.128205128205129","73","3.6811023622047245","23","254","377","9.05511811023622","7.874015748031496","5.511811023622047","7.874015748031496","11.811023622047244","73","3.8452380952380953","21","252","381","9.222222222222221","5.9523809523809526","3.5714285714285716","7.142857142857143","4.365079365079365","73","3.767213114754098","29","305","526","9.298360655737705","6.229508196721311","4.590163934426229","4.918032786885246","5.245901639344262","73","3.753731343283582","16","268","457","9.23134328358209","8.955223880597014","4.477611940298507","5.970149253731344","3.3582089552238807","73","3.702127659574468","21","282","439","9.312056737588652","3.5460992907801416","3.1914893617021276","1.7730496453900708","9.21985815602837","73","3.9419795221843","19","293","434","9.41296928327645","5.802047781569966","5.460750853242321","4.436860068259386","3.0716723549488054","73","3.849056603773585","27","265","463","9.177358490566037","7.547169811320755","5.660377358490566","10.943396226415095","7.547169811320755"
,"74","4.064981949458484","16","277","449","8.88086642599278","7.9422382671480145","5.415162454873646","2.888086642599278","1.8050541516245486","74","4.337037037037037","19","270","471","9.08148148148148","3.3333333333333335","9.62962962962963","23.703703703703702","3.3333333333333335","74","4.01328903654485","25","301","419","9.209302325581396","0.6644518272425249","6.312292358803987","1.3289036544850499","4.983388704318937","74","4.220588235294118","17","272","445","9.367647058823529","2.9411764705882355","2.573529411764706","2.9411764705882355","21.323529411764707","74","4.126923076923077","19","260","378","9.261538461538462","8.846153846153847","7.6923076923076925","2.3076923076923075","5.769230769230769","74","4.034843205574913","25","287","508","9.303135888501743","1.7421602787456445","4.181184668989547","3.484320557491289","2.0905923344947737","74","4.124137931034483","19","290","456","9.137931034482758","12.758620689655173","0.6896551724137931","3.4482758620689653","6.206896551724138","74","4.096885813148789","18","289","455","9.238754325259515","2.422145328719723","7.26643598615917","0","7.26643598615917","74","4.013559322033898","20","295","450","9.132203389830508","1.694915254237288","4.406779661016949","8.474576271186441","3.389830508474576","74","4.0574324324324325","19","296","442","9.16891891891892","5.743243243243243","5.0675675675675675","2.7027027027027026","1.0135135135135136","74","4.09765625","22","256","379","9.1484375","4.6875","1.5625","2.34375","3.90625","74","3.967479674796748","30","246","340","9.333333333333334","9.34959349593496","0.4065040650406504","2.845528455284553","0.8130081300813008","74","4.041666666666667","22","264","370","9.272727272727273","3.409090909090909","2.6515151515151514","3.787878787878788","6.4393939393939394","74","4.125","21","224","342","9.366071428571429","3.5714285714285716","6.696428571428571","6.25","5.803571428571429","74","3.9049429657794676","18","263","376","9.44486692015209","2.2813688212927756","1.520912547528517","1.520912547528517","0","74","4.0927152317880795","23","302","473","9.304635761589404","5.629139072847682","2.980132450331126","2.6490066225165565","7.28476821192053","74","3.973076923076923","18","260","408","9.384615384615385","3.8461538461538463","2.6923076923076925","3.8461538461538463","3.076923076923077","74","3.951020408163265","18","245","367","9.085714285714285","2.0408163265306123","2.0408163265306123","4.081632653061225","2.4489795918367347","74","4.048780487804878","24","246","496","9.089430894308943","8.536585365853659","4.065040650406504","2.032520325203252","5.691056910569106","74","4.0778210116731515","14","257","394","9.17509727626459","6.22568093385214","3.11284046692607","2.3346303501945527","6.22568093385214","74","3.9927797833935017","15","277","410","9.046931407942239","2.1660649819494586","3.9711191335740073","3.9711191335740073","3.9711191335740073","74","3.8735177865612647","21","253","403","9.462450592885375","3.952569169960474","0.7905138339920948","0","0.7905138339920948","74","4","22","282","449","9.24113475177305","6.382978723404255","2.127659574468085","1.7730496453900708","2.127659574468085","74","4.082142857142857","18","280","463","9.428571428571429","2.142857142857143","5.357142857142857","5.714285714285714","2.142857142857143","74","4.078014184397163","14","282","416","9.333333333333334","2.127659574468085","4.609929078014185","5.319148936170213","3.1914893617021276","74","4.0218181818181815","18","275","509","9.25090909090909","9.818181818181818","1.0909090909090908","1.0909090909090908","1.8181818181818181","74","3.9667896678966788","29","271","357","9.129151291512915","3.321033210332103","1.4760147601476015","1.845018450184502","2.952029520295203","74","3.9310344827586206","14","261","365","9.256704980842912","7.2796934865900385","0.3831417624521073","0.7662835249042146","0","74","4.098181818181819","18","275","410","9.243636363636364","5.818181818181818","6.545454545454546","3.272727272727273","4","74","4.091911764705882","26","272","461","9.477941176470589","5.147058823529412","7.352941176470588","1.4705882352941178","2.2058823529411766","74","3.8819188191881917","18","271","385","9.321033210332104","1.1070110701107012","0.7380073800738007","2.5830258302583027","0.36900369003690037","74","4.070038910505836","20","257","488","9.29182879377432","6.22568093385214","1.1673151750972763","8.171206225680933","1.1673151750972763","74","4.025735294117647","23","272","437","9.007352941176471","4.779411764705882","2.2058823529411766","4.411764705882353","2.9411764705882355","74","4.126482213438735","24","253","377","9.011857707509881","5.928853754940712","3.5573122529644268","4.3478260869565215","9.090909090909092","74","4.063492063492063","21","252","381","9.222222222222221","4.761904761904762","2.380952380952381","6.349206349206349","1.9841269841269842","74","4.026578073089701","30","301","526","9.196013289036545","3.9867109634551494","1.9933554817275747","4.318936877076412","3.654485049833887","74","4.003787878787879","17","264","457","9.068181818181818","7.196969696969697","3.0303030303030303","3.787878787878788","2.272727272727273","74","3.99288256227758","21","281","439","9.274021352313166","2.8469750889679717","1.4234875444839858","0","7.829181494661921","74","4.065068493150685","20","292","434","9.376712328767123","4.794520547945205","4.109589041095891","3.767123287671233","2.0547945205479454","74","4.196969696969697","27","264","463","9.136363636363637","6.4393939393939394","4.166666666666667","9.469696969696969","4.924242424242424"
,"75","4.065934065934066","17","273","449","8.725274725274724","6.593406593406593","6.227106227106227","2.197802197802198","1.8315018315018314","75","4.364312267657993","19","269","471","9.04089219330855","2.973977695167286","10.780669144981413","24.907063197026023","2.973977695167286","75","4.01","25","300","419","9.173333333333334","0.6666666666666666","6","1.3333333333333333","5","75","4.225925925925926","17","270","445","9.28888888888889","2.962962962962963","2.2222222222222223","3.3333333333333335","21.85185185185185","75","4.123076923076923","19","260","378","9.261538461538462","8.846153846153847","7.6923076923076925","2.3076923076923075","5.384615384615385","75","4.041811846689895","25","287","508","9.303135888501743","1.3937282229965158","4.529616724738676","3.1358885017421603","2.0905923344947737","75","4.120689655172414","19","290","456","9.137931034482758","12.068965517241379","0.6896551724137931","2.7586206896551726","7.241379310344827","75","4.090277777777778","18","288","455","9.208333333333334","2.4305555555555554","6.944444444444445","0","6.944444444444445","75","4.0508474576271185","20","295","450","9.132203389830508","2.0338983050847457","4.745762711864407","9.152542372881356","3.0508474576271185","75","4.0574324324324325","19","296","442","9.16891891891892","5.405405405405405","5.0675675675675675","2.7027027027027026","0.6756756756756757","75","4.110236220472441","23","254","379","9.062992125984252","5.511811023622047","1.5748031496062993","2.3622047244094486","3.937007874015748","75","3.9549180327868854","32","244","340","9.245901639344263","9.01639344262295","0","2.0491803278688523","0.819672131147541","75","4.034090909090909","22","264","370","9.272727272727273","3.409090909090909","2.272727272727273","3.787878787878788","6.818181818181818","75","4.121076233183857","22","223","342","9.318385650224215","3.587443946188341","6.726457399103139","5.829596412556054","5.829596412556054","75","3.9118773946360155","18","261","376","9.371647509578544","2.2988505747126435","1.5325670498084292","1.5325670498084292","0","75","4.093023255813954","23","301","473","9.269102990033222","4.983388704318937","2.990033222591362","2.6578073089700998","7.641196013289036","75","3.969111969111969","18","259","408","9.343629343629344","3.861003861003861","2.7027027027027026","3.474903474903475","3.474903474903475","75","3.9549180327868854","18","244","367","9.040983606557377","0.819672131147541","2.8688524590163933","4.098360655737705","2.459016393442623","75","4.0528455284552845","24","246","496","9.089430894308943","8.94308943089431","3.252032520325203","2.4390243902439024","6.504065040650406","75","4.0859375","14","256","394","9.1328125","5.859375","3.125","2.34375","6.25","75","3.9927536231884058","15","276","410","9.007246376811594","2.898550724637681","3.6231884057971016","3.6231884057971016","3.9855072463768115","75","3.877470355731225","21","253","403","9.462450592885375","3.952569169960474","0.7905138339920948","0","0.7905138339920948","75","3.99645390070922","22","282","449","9.24113475177305","6.382978723404255","2.127659574468085","1.4184397163120568","2.127659574468085","75","4.078571428571428","18","280","463","9.428571428571429","2.142857142857143","5.357142857142857","5.714285714285714","2.142857142857143","75","4.082437275985663","16","279","416","9.225806451612904","2.150537634408602","4.301075268817204","5.017921146953405","2.867383512544803","75","4.0256410256410255","19","273","509","9.172161172161172","10.256410256410257","1.098901098901099","0.7326007326007326","1.465201465201465","75","3.962686567164179","30","268","357","9.022388059701493","2.985074626865672","1.492537313432836","1.8656716417910448","2.985074626865672","75","3.9233716475095783","14","261","365","9.256704980842912","6.896551724137931","0.7662835249042146","0.7662835249042146","0","75","4.090909090909091","18","275","410","9.243636363636364","5.454545454545454","6.181818181818182","3.272727272727273","4.363636363636363","75","4.091911764705882","26","272","461","9.477941176470589","5.147058823529412","7.352941176470588","1.4705882352941178","2.2058823529411766","75","3.8851851851851853","18","270","385","9.281481481481482","1.1111111111111112","0.7407407407407407","2.5925925925925926","0","75","4.058365758754864","20","257","488","9.29182879377432","5.836575875486381","0","7.782101167315175","0.7782101167315175","75","4.025735294117647","23","272","437","9.007352941176471","4.779411764705882","2.2058823529411766","4.044117647058823","2.9411764705882355","75","4.104","25","250","377","8.88","6","3.6","3.6","8.8","75","4.0476190476190474","21","252","381","9.222222222222221","4.761904761904762","1.9841269841269842","6.746031746031746","0.7936507936507936","75","4.029900332225914","30","301","526","9.196013289036545","4.318936877076412","1.9933554817275747","3.9867109634551494","3.654485049833887","75","4.015209125475285","17","263","457","9.02661596958175","7.604562737642586","3.041825095057034","3.802281368821293","2.2813688212927756","75","3.9964285714285714","21","280","439","9.242857142857142","3.5714285714285716","1.0714285714285714","0","7.5","75","4.065292096219931","20","291","434","9.34020618556701","4.810996563573883","4.4673539518900345","3.7800687285223367","2.0618556701030926","75","4.198473282442748","28","262","463","9.053435114503817","6.106870229007634","3.816793893129771","9.16030534351145","5.343511450381679"
,"76","4.058608058608058","17","273","487","9.003663003663004","6.227106227106227","4.761904761904762","2.5641025641025643","2.5641025641025643","76","4.371747211895911","19","269","490","9.182156133828997","2.973977695167286","10.037174721189592","24.1635687732342","3.717472118959108","76","4.006688963210703","25","299","430","9.210702341137123","0.6688963210702341","5.68561872909699","1.3377926421404682","5.016722408026756","76","4.230483271375465","17","269","461","9.368029739776953","2.973977695167286","2.973977695167286","2.973977695167286","21.561338289962826","76","4.134615384615385","19","260","385","9.315384615384616","10","7.6923076923076925","2.3076923076923075","5.384615384615385","76","4.045454545454546","25","286","522","9.363636363636363","1.3986013986013985","4.195804195804196","3.1468531468531467","2.097902097902098","76","4.124567474048443","19","289","474","9.22491349480969","12.110726643598616","0.6920415224913494","2.7681660899653977","6.920415224913495","76","4.098591549295775","18","284","471","9.169014084507042","2.464788732394366","7.042253521126761","0","7.746478873239437","76","4.071186440677966","20","295","466","9.240677966101694","2.0338983050847457","4.745762711864407","9.830508474576272","3.389830508474576","76","4.0608108108108105","19","296","467","9.337837837837839","5.743243243243243","5.0675675675675675","2.7027027027027026","1.0135135135135136","76","4.106719367588933","24","253","399","9.17786561264822","5.138339920948616","1.5810276679841897","2.3715415019762847","3.952569169960474","76","3.9631147540983607","32","244","350","9.327868852459016","9.426229508196721","0","2.459016393442623","0.819672131147541","76","4.0458015267175576","23","262","376","9.236641221374045","3.435114503816794","2.6717557251908395","3.816793893129771","6.488549618320611","76","4.126126126126126","23","222","357","9.405405405405405","3.6036036036036037","6.756756756756757","5.405405405405405","5.8558558558558556","76","3.9195402298850577","18","261","388","9.46360153256705","2.2988505747126435","1.5325670498084292","1.5325670498084292","0","76","4.087248322147651","23","298","481","9.221476510067115","5.033557046979865","3.0201342281879193","2.684563758389262","7.382550335570469","76","3.976833976833977","18","259","426","9.482625482625483","3.861003861003861","2.7027027027027026","3.474903474903475","3.088803088803089","76","3.94238683127572","19","243","386","9.152263374485596","0.823045267489712","1.646090534979424","4.11522633744856","2.4691358024691357","76","4.044715447154472","24","246","511","9.211382113821138","8.94308943089431","3.252032520325203","1.6260162601626016","5.691056910569106","76","4.09765625","14","256","415","9.296875","6.25","3.125","2.34375","6.25","76","3.9855072463768115","15","276","428","9.13768115942029","2.536231884057971","3.6231884057971016","3.260869565217391","3.9855072463768115","76","3.869565217391304","21","253","410","9.517786561264822","3.952569169960474","0.7905138339920948","0","0.7905138339920948","76","3.989247311827957","22","279","461","9.21146953405018","6.093189964157706","2.150537634408602","0.7168458781362007","2.150537634408602","76","4.082437275985663","18","279","465","9.405017921146953","2.150537634408602","5.376344086021505","5.734767025089606","2.150537634408602","76","4.093189964157706","16","279","439","9.390681003584229","2.150537634408602","4.301075268817204","5.376344086021505","3.225806451612903","76","4.0366300366300365","19","273","528","9.311355311355312","10.256410256410257","1.098901098901099","0.7326007326007326","1.465201465201465","76","3.966292134831461","31","267","380","9.153558052434457","2.9962546816479403","1.4981273408239701","1.8726591760299625","2.9962546816479403","76","3.9153846153846152","14","260","376","9.3","6.923076923076923","0","0.7692307692307693","0","76","4.090909090909091","18","275","417","9.294545454545455","5.454545454545454","6.181818181818182","3.272727272727273","4","76","4.095940959409594","26","271","471","9.512915129151292","5.166051660516605","7.380073800738008","1.4760147601476015","2.2140221402214024","76","3.8851851851851853","18","270","399","9.385185185185184","1.1111111111111112","0.7407407407407407","2.5925925925925926","0","76","4.0546875","20","256","494","9.3046875","5.859375","0","7.8125","0.78125","76","4.029629629629629","24","270","453","9.044444444444444","4.814814814814815","2.2222222222222223","4.444444444444445","2.962962962962963","76","4.092","25","250","407","9.12","5.6","3.6","2","8.4","76","4.047808764940239","21","251","386","9.219123505976096","4.780876494023905","1.9920318725099602","6.374501992031872","0.796812749003984","76","4.03","30","300","542","9.293333333333333","4","2","4","3.6666666666666665","76","4.015267175572519","18","262","484","9.19083969465649","7.251908396946565","3.053435114503817","3.816793893129771","2.2900763358778624","76","3.996415770609319","21","279","454","9.311827956989248","3.5842293906810037","1.075268817204301","0","7.526881720430108","76","4.06551724137931","21","290","450","9.413793103448276","4.827586206896552","4.137931034482759","3.793103448275862","2.0689655172413794","76","4.1915708812260535","29","261","484","9.172413793103448","6.130268199233717","3.8314176245210727","8.812260536398467","4.980842911877395"
,"77","4.059040590405904","18","271","487","8.92250922509225","6.642066420664206","5.166051660516605","1.845018450184502","2.5830258302583027","77","4.380597014925373","20","268","490","9.149253731343284","3.3582089552238807","10.074626865671641","25","3.7313432835820897","77","4.003344481605351","25","299","430","9.210702341137123","0.6688963210702341","5.351170568561873","1.3377926421404682","5.016722408026756","77","4.231343283582089","18","268","461","9.328358208955224","2.611940298507463","2.611940298507463","2.985074626865672","22.761194029850746","77","4.126923076923077","19","260","385","9.315384615384616","9.23076923076923","7.6923076923076925","2.3076923076923075","5.384615384615385","77","4.049295774647887","26","284","522","9.345070422535212","1.408450704225352","4.577464788732394","3.1690140845070425","2.112676056338028","77","4.131487889273356","19","289","474","9.22491349480969","12.110726643598616","0.6920415224913494","2.7681660899653977","7.612456747404845","77","4.095070422535211","18","284","471","9.169014084507042","2.464788732394366","7.394366197183099","0","7.042253521126761","77","4.064406779661017","20","295","466","9.240677966101694","2.0338983050847457","4.406779661016949","9.830508474576272","3.0508474576271185","77","4.0646258503401365","20","294","467","9.26530612244898","5.782312925170068","5.1020408163265305","3.061224489795918","0.6802721088435374","77","4.107142857142857","24","252","399","9.134920634920634","5.158730158730159","1.5873015873015872","2.380952380952381","3.9682539682539684","77","3.954732510288066","32","243","350","9.283950617283951","9.053497942386832","0","2.05761316872428","0.823045267489712","77","4.049808429118774","23","261","376","9.195402298850574","3.4482758620689653","2.681992337164751","3.8314176245210727","6.513409961685824","77","4.13063063063063","23","222","357","9.405405405405405","3.6036036036036037","6.756756756756757","5.405405405405405","5.8558558558558556","77","3.9186046511627906","20","258","388","9.34108527131783","2.3255813953488373","1.550387596899225","1.550387596899225","0","77","4.090909090909091","23","297","481","9.185185185185185","5.05050505050505","3.0303030303030303","2.6936026936026938","7.407407407407407","77","3.9767441860465116","19","258","426","9.44186046511628","3.488372093023256","2.7131782945736433","3.488372093023256","3.488372093023256","77","3.9377593360995853","21","241","386","9.062240663900415","0.8298755186721992","1.2448132780082988","4.149377593360996","2.4896265560165975","77","4.044715447154472","24","246","511","9.211382113821138","8.94308943089431","3.252032520325203","1.6260162601626016","5.691056910569106","77","4.094117647058823","14","255","415","9.27843137254902","5.882352941176471","3.1372549019607843","2.3529411764705883","6.2745098039215685","77","3.989051094890511","16","274","428","9.058394160583942","2.9197080291970803","3.6496350364963503","3.2846715328467155","4.014598540145985","77","3.8735177865612647","21","253","410","9.517786561264822","3.952569169960474","0.7905138339920948","0","0.7905138339920948","77","3.9928057553956835","23","278","461","9.194244604316546","5.755395683453237","2.5179856115107913","0.7194244604316546","2.158273381294964","77","4.078853046594982","18","279","465","9.405017921146953","2.150537634408602","5.376344086021505","5.734767025089606","2.150537634408602","77","4.094202898550725","18","276","439","9.289855072463768","2.1739130434782608","4.3478260869565215","5.434782608695652","3.260869565217391","77","4.033210332103321","20","271","528","9.232472324723247","10.33210332103321","1.1070110701107012","0.7380073800738007","1.4760147601476015","77","3.9625468164794007","31","267","380","9.153558052434457","2.9962546816479403","1.4981273408239701","1.8726591760299625","2.9962546816479403","77","3.9108527131782944","15","258","376","9.217054263565892","6.589147286821706","0","0.7751937984496124","0","77","4.083941605839416","18","274","417","9.255474452554745","5.109489051094891","5.839416058394161","3.2846715328467155","4.37956204379562","77","4.092592592592593","26","270","471","9.474074074074075","5.185185185185185","7.407407407407407","1.4814814814814814","2.2222222222222223","77","3.8838951310861423","18","267","399","9.325842696629213","0.7490636704119851","0.7490636704119851","2.6217228464419478","0","77","4.0549019607843135","20","255","494","9.262745098039217","5.882352941176471","0","7.8431372549019605","0.7843137254901961","77","4.025925925925926","24","270","453","9.044444444444444","4.814814814814815","2.2222222222222223","4.074074074074074","2.962962962962963","77","4.096385542168675","25","249","407","9.076305220883533","5.622489959839357","3.6144578313253013","2.0080321285140563","8.433734939759036","77","4.048387096774194","22","248","386","9.088709677419354","4.838709677419355","2.0161290322580645","6.854838709677419","0.8064516129032258","77","4.030100334448161","30","299","542","9.270903010033445","4.013377926421405","2.0066889632107023","4.013377926421405","3.678929765886288","77","4.015325670498084","18","261","484","9.149425287356323","7.662835249042145","3.0651340996168583","3.8314176245210727","2.2988505747126435","77","3.996415770609319","21","279","454","9.311827956989248","3.5842293906810037","1.075268817204301","0","7.526881720430108","77","4.06551724137931","21","290","450","9.413793103448276","4.827586206896552","4.482758620689655","3.793103448275862","2.0689655172413794","77","4.193050193050193","29","259","484","9.11969111969112","6.177606177606178","3.861003861003861","8.88030888030888","5.019305019305019"
,"78","4.059040590405904","18","271","487","8.92250922509225","6.273062730627307","5.166051660516605","2.2140221402214024","2.5830258302583027","78","4.4","20","265","490","9.033962264150944","3.018867924528302","10.566037735849056","26.41509433962264","3.7735849056603774","78","4.0033670033670035","25","297","430","9.138047138047138","0.6734006734006734","5.3872053872053876","1.3468013468013469","4.713804713804714","78","4.222641509433962","19","265","461","9.252830188679246","2.641509433962264","2.641509433962264","2.641509433962264","21.88679245283019","78","4.104651162790698","20","258","385","9.232558139534884","8.13953488372093","6.976744186046512","2.3255813953488373","5.038759689922481","78","4.049822064056939","27","281","522","9.231316725978647","1.4234875444839858","4.6263345195729535","3.202846975088968","2.1352313167259784","78","4.138888888888889","19","288","474","9.229166666666666","12.152777777777779","1.0416666666666667","2.7777777777777777","7.986111111111111","78","4.095070422535211","18","284","471","9.169014084507042","2.464788732394366","7.042253521126761","0","7.394366197183099","78","4.075085324232082","20","293","466","9.167235494880545","2.3890784982935154","4.436860068259386","10.580204778156997","3.0716723549488054","78","4.078498293515358","20","293","467","9.228668941979523","6.484641638225256","5.1194539249146755","3.0716723549488054","1.023890784982935","78","4.107569721115538","25","251","399","9.091633466135459","5.179282868525896","1.593625498007968","2.3904382470119523","3.9840637450199203","78","3.958677685950413","32","242","350","9.256198347107437","9.090909090909092","0","2.479338842975207","0.8264462809917356","78","4.049808429118774","23","261","376","9.195402298850574","3.4482758620689653","2.681992337164751","3.8314176245210727","6.513409961685824","78","4.13063063063063","23","222","357","9.405405405405405","3.6036036036036037","6.756756756756757","5.405405405405405","5.8558558558558556","78","3.914396887159533","20","257","388","9.299610894941635","2.3346303501945527","1.556420233463035","1.1673151750972763","0","78","4.08080808080808","23","297","481","9.185185185185185","5.05050505050505","3.0303030303030303","2.6936026936026938","6.734006734006734","78","3.96875","20","256","426","9.359375","3.515625","2.734375","3.515625","2.734375","78","3.941666666666667","21","240","386","9.016666666666667","0.8333333333333334","1.6666666666666667","4.166666666666667","2.5","78","4.044897959183674","25","245","511","9.16734693877551","8.979591836734693","3.2653061224489797","1.6326530612244898","5.714285714285714","78","4.098039215686274","14","255","415","9.27843137254902","6.2745098039215685","3.1372549019607843","2.3529411764705883","6.2745098039215685","78","3.9854014598540144","16","274","428","9.058394160583942","2.5547445255474455","3.6496350364963503","3.2846715328467155","4.014598540145985","78","3.869047619047619","21","252","410","9.484126984126984","3.9682539682539684","0.7936507936507936","0","0.7936507936507936","78","3.9855595667870034","23","277","461","9.155234657039712","5.415162454873646","2.1660649819494586","0.7220216606498195","2.1660649819494586","78","4.08273381294964","18","278","465","9.366906474820144","2.158273381294964","5.39568345323741","5.755395683453237","2.158273381294964","78","4.094202898550725","18","276","439","9.289855072463768","2.1739130434782608","4.3478260869565215","5.434782608695652","3.260869565217391","78","4.03690036900369","20","271","528","9.232472324723247","10.33210332103321","1.1070110701107012","0.7380073800738007","1.4760147601476015","78","3.966292134831461","31","267","380","9.153558052434457","2.9962546816479403","1.4981273408239701","1.8726591760299625","2.9962546816479403","78","3.9105058365758754","16","257","376","9.17509727626459","6.22568093385214","0","0.7782101167315175","0","78","4.084249084249084","18","273","417","9.216117216117215","5.128205128205129","5.86080586080586","3.2967032967032965","4.029304029304029","78","4.0962962962962965","26","270","471","9.474074074074075","5.185185185185185","7.407407407407407","1.4814814814814814","2.2222222222222223","78","3.8838951310861423","18","267","399","9.325842696629213","0.7490636704119851","0.7490636704119851","2.6217228464419478","0","78","4.05511811023622","20","254","494","9.220472440944881","5.905511811023622","0","7.874015748031496","0.7874015748031497","78","4.029629629629629","24","270","453","9.044444444444444","4.814814814814815","2.2222222222222223","4.444444444444445","2.962962962962963","78","4.100806451612903","25","248","407","9.03225806451613","5.645161290322581","3.629032258064516","2.0161290322580645","8.46774193548387","78","4.048387096774194","22","248","386","9.088709677419354","4.838709677419355","2.0161290322580645","6.854838709677419","0.8064516129032258","78","4.033557046979865","30","298","542","9.234899328859061","4.026845637583893","2.0134228187919465","4.026845637583893","3.3557046979865772","78","4.015325670498084","18","261","484","9.149425287356323","7.2796934865900385","3.0651340996168583","3.8314176245210727","2.2988505747126435","78","3.996415770609319","21","279","454","9.311827956989248","3.5842293906810037","1.075268817204301","0","7.526881720430108","78","4.0657439446366785","21","289","450","9.377162629757786","4.844290657439446","4.1522491349480966","3.8062283737024223","2.0761245674740483","78","4.189922480620155","29","258","484","9.077519379844961","6.2015503875969","3.875968992248062","8.914728682170542","4.651162790697675"
,"79","4.051660516605166","18","271","518","9.15129151291513","6.273062730627307","5.166051660516605","1.4760147601476015","2.5830258302583027","79","4.411320754716981","20","265","510","9.184905660377359","3.018867924528302","11.320754716981131","27.169811320754718","3.7735849056603774","79","4.006756756756757","25","296","453","9.27027027027027","0.6756756756756757","5.405405405405405","1.3513513513513513","4.72972972972973","79","4.216730038022813","20","263","477","9.29277566539924","2.661596958174905","2.661596958174905","2.2813688212927756","22.0532319391635","79","4.104651162790698","20","258","398","9.333333333333334","7.751937984496124","7.751937984496124","2.3255813953488373","4.651162790697675","79","4.0462633451957295","27","281","549","9.423487544483987","1.4234875444839858","4.270462633451957","3.202846975088968","2.1352313167259784","79","4.139372822299651","19","287","487","9.282229965156795","12.195121951219512","0.6968641114982579","2.7874564459930316","8.362369337979095","79","4.1","20","280","495","9.185714285714285","2.5","7.5","0","7.5","79","4.072164948453608","20","291","482","9.20274914089347","2.0618556701030926","4.4673539518900345","10.309278350515465","3.4364261168384878","79","4.065068493150685","21","292","487","9.32876712328767","5.821917808219178","5.136986301369863","2.73972602739726","0.684931506849315","79","4.108","25","250","423","9.24","5.2","1.6","2.4","4","79","3.95","33","240","370","9.333333333333334","8.75","0","2.0833333333333335","0.8333333333333334","79","4.05","24","260","394","9.292307692307693","3.4615384615384617","2.6923076923076925","3.8461538461538463","6.538461538461538","79","4.131221719457014","23","221","366","9.438914027149321","3.6199095022624435","6.787330316742081","5.429864253393665","5.882352941176471","79","3.91015625","20","256","413","9.453125","2.34375","1.5625","0.78125","0","79","4.087837837837838","24","296","505","9.31081081081081","5.0675675675675675","3.0405405405405403","2.7027027027027026","7.094594594594595","79","3.96875","20","256","448","9.53125","3.515625","2.734375","3.515625","2.734375","79","3.937238493723849","21","239","411","9.179916317991632","0.8368200836820083","1.2552301255230125","4.184100418410042","2.510460251046025","79","4.045081967213115","25","244","523","9.221311475409836","9.01639344262295","3.278688524590164","1.639344262295082","5.737704918032787","79","4.094117647058823","14","255","426","9.364705882352942","5.882352941176471","3.1372549019607843","2.3529411764705883","6.2745098039215685","79","3.989051094890511","16","274","447","9.197080291970803","2.9197080291970803","3.6496350364963503","3.2846715328467155","4.014598540145985","79","3.873015873015873","21","252","419","9.555555555555555","3.9682539682539684","0.7936507936507936","0","0.7936507936507936","79","3.9855072463768115","23","276","485","9.289855072463768","5.072463768115942","2.536231884057971","0.7246376811594203","2.1739130434782608","79","4.07942238267148","19","277","472","9.379061371841155","2.1660649819494586","5.415162454873646","5.776173285198556","2.1660649819494586","79","4.094545454545455","18","275","458","9.389090909090909","2.1818181818181817","4.363636363636363","5.454545454545454","3.272727272727273","79","4.033333333333333","21","270","542","9.296296296296296","10.37037037037037","1.1111111111111112","0.7407407407407407","1.4814814814814814","79","3.9622641509433962","32","265","399","9.222641509433963","3.018867924528302","1.509433962264151","1.8867924528301887","3.018867924528302","79","3.9105058365758754","16","257","397","9.33852140077821","5.836575875486381","0","0.7782101167315175","0","79","4.084558823529412","18","272","430","9.272058823529411","5.147058823529412","5.882352941176471","3.3088235294117645","4.411764705882353","79","4.092936802973978","26","269","475","9.464684014869889","5.204460966542751","7.434944237918216","1.486988847583643","2.2304832713754648","79","3.8867924528301887","19","265","413","9.350943396226414","0.7547169811320755","0.7547169811320755","2.641509433962264","0","79","4.05511811023622","20","254","505","9.307086614173228","5.905511811023622","0","7.874015748031496","0.7874015748031497","79","4.025925925925926","24","270","468","9.155555555555555","4.814814814814815","2.2222222222222223","4.074074074074074","2.962962962962963","79","4.109311740890688","25","247","422","9.109311740890687","5.668016194331984","3.6437246963562755","2.0242914979757085","8.502024291497976","79","4.048582995951417","22","247","402","9.17408906882591","4.8582995951417","2.0242914979757085","6.882591093117409","0.8097165991902834","79","4.030201342281879","30","298","557","9.335570469798657","4.026845637583893","2.0134228187919465","4.026845637583893","3.0201342281879193","79","4.015325670498084","18","261","512","9.363984674329503","7.662835249042145","3.0651340996168583","3.8314176245210727","2.2988505747126435","79","3.9927797833935017","21","277","468","9.350180505415162","3.2490974729241877","1.0830324909747293","0","7.581227436823105","79","4.069686411149826","21","287","459","9.393728222996515","4.878048780487805","4.529616724738676","3.832752613240418","2.0905923344947737","79","4.19455252918288","30","257","505","9.198443579766536","6.22568093385214","3.8910505836575875","8.949416342412452","5.058365758754864"
,"80","4.051660516605166","18","271","518","9.15129151291513","6.273062730627307","5.166051660516605","1.4760147601476015","2.5830258302583027","80","4.437735849056604","20","265","510","9.184905660377359","3.018867924528302","11.69811320754717","28.67924528301887","4.150943396226415","80","4.013698630136986","27","292","453","9.184931506849315","0.684931506849315","4.794520547945205","1.36986301369863","4.794520547945205","80","4.234615384615385","21","260","477","9.169230769230769","2.3076923076923075","3.076923076923077","2.3076923076923075","23.46153846153846","80","4.09765625","20","256","398","9.25","7.03125","7.421875","2.34375","4.6875","80","4.050179211469534","27","279","549","9.347670250896057","1.4336917562724014","4.659498207885305","3.225806451612903","2.150537634408602","80","4.143356643356643","20","286","487","9.244755244755245","12.587412587412587","0.6993006993006993","2.797202797202797","8.391608391608392","80","4.097122302158273","21","278","495","9.107913669064748","2.5179856115107913","7.194244604316546","0","7.553956834532374","80","4.068965517241379","20","290","482","9.16551724137931","2.0689655172413794","4.482758620689655","10.344827586206897","3.103448275862069","80","4.079037800687285","22","291","487","9.292096219931272","6.8728522336769755","5.498281786941581","2.7491408934707904","0.6872852233676976","80","4.108433734939759","25","249","423","9.196787148594378","5.220883534136546","1.606425702811245","2.4096385542168677","4.016064257028113","80","3.9583333333333335","33","240","370","9.333333333333334","9.166666666666666","0","2.5","0.8333333333333334","80","4.05019305019305","25","259","394","9.250965250965251","3.474903474903475","2.7027027027027026","3.861003861003861","6.563706563706564","80","4.131818181818182","24","220","366","9.39090909090909","3.6363636363636362","6.818181818181818","5.454545454545454","5.909090909090909","80","3.91015625","20","256","413","9.453125","2.34375","1.5625","0.78125","0","80","4.081632653061225","24","294","505","9.251700680272108","5.1020408163265305","3.061224489795918","2.7210884353741496","6.802721088435374","80","3.9686274509803923","21","255","448","9.490196078431373","3.5294117647058822","2.7450980392156863","3.5294117647058822","2.7450980392156863","80","3.9411764705882355","22","238","411","9.134453781512605","0.8403361344537815","1.680672268907563","4.201680672268908","2.5210084033613445","80","4.05327868852459","25","244","523","9.221311475409836","9.426229508196721","3.278688524590164","1.639344262295082","6.147540983606557","80","4.0984251968503935","14","254","426","9.32283464566929","6.299212598425197","3.1496062992125986","2.3622047244094486","6.299212598425197","80","3.9853479853479854","16","273","447","9.157509157509157","2.5641025641025643","3.663003663003663","3.2967032967032965","4.029304029304029","80","3.876","23","250","419","9.472","4","0.8","0","0.8","80","3.9818840579710146","23","276","485","9.289855072463768","5.072463768115942","2.1739130434782608","0.7246376811594203","2.1739130434782608","80","4.0830324909747295","19","277","472","9.379061371841155","2.1660649819494586","5.415162454873646","5.776173285198556","2.1660649819494586","80","4.0989010989010985","19","273","458","9.311355311355312","2.197802197802198","4.395604395604396","5.4945054945054945","3.2967032967032965","80","4.029739776951673","21","269","542","9.256505576208179","10.037174721189592","0.7434944237918215","0.7434944237918215","1.486988847583643","80","3.962121212121212","32","264","399","9.196969696969697","3.0303030303030303","1.5151515151515151","1.893939393939394","3.0303030303030303","80","3.9105058365758754","16","257","397","9.33852140077821","5.836575875486381","0","0.7782101167315175","0","80","4.092592592592593","18","270","430","9.214814814814815","5.185185185185185","5.925925925925926","3.3333333333333335","4.444444444444445","80","4.097014925373134","26","268","475","9.425373134328359","5.223880597014926","7.462686567164179","1.492537313432836","2.2388059701492535","80","3.890151515151515","20","264","413","9.318181818181818","0.7575757575757576","0.7575757575757576","2.6515151515151514","0","80","4.05511811023622","20","254","505","9.307086614173228","5.905511811023622","0","7.874015748031496","0.7874015748031497","80","4.029629629629629","24","270","468","9.155555555555555","4.814814814814815","2.2222222222222223","4.444444444444445","2.962962962962963","80","4.117886178861789","25","246","422","9.065040650406504","5.691056910569106","3.658536585365854","2.032520325203252","8.536585365853659","80","4.048582995951417","22","247","402","9.17408906882591","4.8582995951417","2.0242914979757085","6.882591093117409","0.8097165991902834","80","4.030508474576271","30","295","557","9.227118644067797","4.067796610169491","2.0338983050847457","4.067796610169491","3.0508474576271185","80","4.019157088122605","18","261","512","9.363984674329503","7.662835249042145","3.0651340996168583","3.8314176245210727","2.2988505747126435","80","3.9927797833935017","21","277","468","9.350180505415162","3.2490974729241877","1.0830324909747293","0","7.581227436823105","80","4.073943661971831","23","284","459","9.28169014084507","4.929577464788732","4.225352112676056","3.8732394366197185","2.112676056338028","80","4.192156862745098","31","255","505","9.129411764705882","6.2745098039215685","3.9215686274509802","9.019607843137255","4.705882352941177"
,"81","4.051660516605166","18","271","518","9.15129151291513","6.642066420664206","4.797047970479705","1.4760147601476015","2.5830258302583027","81","4.441509433962264","20","265","510","9.184905660377359","3.018867924528302","12.075471698113208","29.433962264150942","3.7735849056603774","81","4.006920415224913","29","289","453","9.079584775086506","0.6920415224913494","4.498269896193771","1.3840830449826989","4.844290657439446","81","4.216216216216216","21","259","477","9.135135135135135","1.9305019305019304","2.7027027027027026","2.3166023166023164","22.77992277992278","81","4.09375","20","256","398","9.25","6.640625","7.8125","2.34375","3.90625","81","4.046762589928058","28","278","549","9.309352517985612","1.4388489208633093","4.316546762589928","3.237410071942446","2.158273381294964","81","4.15034965034965","20","286","487","9.244755244755245","12.237762237762238","1.3986013986013985","2.797202797202797","8.741258741258742","81","4.108695652173913","22","276","495","9.028985507246377","2.536231884057971","7.971014492753623","0","7.608695652173913","81","4.072413793103448","20","290","482","9.16551724137931","2.0689655172413794","4.482758620689655","10.689655172413794","3.103448275862069","81","4.065292096219931","22","291","487","9.292096219931272","5.841924398625429","5.154639175257732","2.7491408934707904","0.6872852233676976","81","4.108870967741935","26","248","423","9.161290322580646","5.241935483870968","1.6129032258064515","2.4193548387096775","4.032258064516129","81","3.9456066945606696","34","239","370","9.288702928870293","8.786610878661088","0","1.6736401673640167","0.8368200836820083","81","4.0505836575875485","25","257","394","9.17509727626459","3.501945525291829","2.7237354085603114","3.8910505836575875","6.614785992217898","81","4.132420091324201","25","219","366","9.351598173515981","3.65296803652968","6.8493150684931505","5.47945205479452","5.936073059360731","81","3.9098039215686273","21","255","413","9.411764705882353","2.3529411764705883","1.5686274509803921","0.7843137254901961","0","81","4.089041095890411","24","292","505","9.178082191780822","5.136986301369863","3.0821917808219177","2.73972602739726","7.191780821917808","81","3.9762845849802373","21","253","448","9.462450592885375","3.5573122529644268","2.766798418972332","3.5573122529644268","2.766798418972332","81","3.936974789915966","22","238","411","9.134453781512605","0.8403361344537815","1.2605042016806722","4.201680672268908","2.5210084033613445","81","4.045081967213115","25","244","523","9.221311475409836","9.01639344262295","3.278688524590164","1.639344262295082","5.737704918032787","81","4.094488188976378","14","254","426","9.32283464566929","5.905511811023622","3.1496062992125986","2.3622047244094486","6.299212598425197","81","3.988970588235294","16","272","447","9.117647058823529","2.9411764705882355","3.676470588235294","3.3088235294117645","4.044117647058823","81","3.8704453441295548","24","247","419","9.352226720647772","4.048582995951417","0.8097165991902834","0","0.8097165991902834","81","3.9818840579710146","23","276","485","9.289855072463768","5.072463768115942","2.1739130434782608","0.7246376811594203","2.1739130434782608","81","4.07942238267148","19","277","472","9.379061371841155","2.1660649819494586","5.415162454873646","5.776173285198556","2.1660649819494586","81","4.099630996309963","20","271","458","9.232472324723247","2.2140221402214024","4.428044280442805","5.535055350553505","3.321033210332103","81","4.026119402985074","22","268","542","9.216417910447761","9.701492537313433","1.1194029850746268","0.746268656716418","1.492537313432836","81","3.962121212121212","32","264","399","9.196969696969697","3.0303030303030303","1.5151515151515151","1.893939393939394","3.0303030303030303","81","3.9098039215686273","16","255","397","9.254901960784315","5.882352941176471","0","0.7843137254901961","0","81","4.08550185873606","18","269","430","9.174721189591079","4.83271375464684","5.947955390334572","3.345724907063197","4.4609665427509295","81","4.093632958801498","26","267","475","9.385767790262172","5.2434456928838955","7.49063670411985","1.4981273408239701","2.247191011235955","81","3.890151515151515","20","264","413","9.318181818181818","0.7575757575757576","0.7575757575757576","2.6515151515151514","0","81","4.05511811023622","20","254","505","9.307086614173228","5.905511811023622","0","7.874015748031496","0.7874015748031497","81","4.026119402985074","24","268","468","9.074626865671641","4.850746268656716","2.2388059701492535","3.7313432835820897","2.985074626865672","81","4.117886178861789","25","246","422","9.065040650406504","5.691056910569106","3.658536585365854","2.032520325203252","8.536585365853659","81","4.048979591836734","22","245","402","9.085714285714285","4.8979591836734695","2.0408163265306123","6.938775510204081","0.8163265306122449","81","4.030612244897959","31","294","557","9.19047619047619","4.081632653061225","2.0408163265306123","4.081632653061225","3.061224489795918","81","4.015325670498084","18","261","512","9.363984674329503","7.662835249042145","3.0651340996168583","3.8314176245210727","2.2988505747126435","81","3.9927797833935017","21","277","468","9.350180505415162","3.2490974729241877","1.0830324909747293","0","7.581227436823105","81","4.074204946996466","23","283","459","9.265017667844523","4.946996466431095","4.593639575971731","3.8869257950530036","2.1201413427561837","81","4.1976284584980235","31","253","505","9.043478260869565","6.324110671936759","3.952569169960474","9.090909090909092","5.138339920948616"
,"82","4.055555555555555","18","270","535","9.237037037037037","6.296296296296297","4.814814814814815","1.4814814814814814","2.962962962962963","82","4.465909090909091","21","264","525","9.257575757575758","3.0303030303030303","11.742424242424242","31.439393939393938","3.787878787878788","82","4.006944444444445","29","288","487","9.277777777777779","0.6944444444444444","4.166666666666667","1.3888888888888888","4.861111111111111","82","4.217054263565892","21","258","510","9.356589147286822","1.937984496124031","2.7131782945736433","2.3255813953488373","22.48062015503876","82","4.098039215686274","21","255","408","9.286274509803922","6.666666666666667","7.450980392156863","2.3529411764705883","4.705882352941177","82","4.053956834532374","28","278","568","9.446043165467627","1.4388489208633093","4.676258992805756","3.237410071942446","2.5179856115107913","82","4.140350877192983","21","285","502","9.312280701754386","12.280701754385966","0.7017543859649122","2.807017543859649","8.421052631578947","82","4.101818181818182","23","275","538","9.309090909090909","2.5454545454545454","7.2727272727272725","0","7.636363636363637","82","4.068965517241379","20","290","505","9.324137931034484","2.0689655172413794","4.482758620689655","10.344827586206897","3.103448275862069","82","4.0687285223367695","22","291","503","9.402061855670103","6.185567010309279","5.154639175257732","2.7491408934707904","0.6872852233676976","82","4.109311740890688","26","247","451","9.34412955465587","5.2631578947368425","1.6194331983805668","2.42914979757085","4.048582995951417","82","3.9495798319327733","35","238","384","9.361344537815127","9.243697478991596","0","1.680672268907563","0.8403361344537815","82","4.05078125","26","256","413","9.28125","3.515625","2.734375","3.90625","6.640625","82","4.132420091324201","25","219","376","9.442922374429223","3.65296803652968","6.8493150684931505","5.47945205479452","5.936073059360731","82","3.909090909090909","23","253","427","9.438735177865613","2.3715415019762847","1.5810276679841897","0.7905138339920948","0","82","4.082191780821918","24","292","528","9.335616438356164","5.136986301369863","3.0821917808219177","2.73972602739726","6.8493150684931505","82","3.9762845849802373","21","253","461","9.565217391304348","3.5573122529644268","2.766798418972332","3.5573122529644268","2.766798418972332","82","3.9327731092436973","22","238","436","9.344537815126051","0.8403361344537815","0.8403361344537815","4.201680672268908","2.5210084033613445","82","4.045454545454546","26","242","536","9.239669421487603","9.090909090909092","3.3057851239669422","1.6528925619834711","5.785123966942149","82","4.0984251968503935","14","254","439","9.4251968503937","6.299212598425197","3.1496062992125986","2.3622047244094486","6.299212598425197","82","3.992565055762082","17","269","459","9.092936802973977","2.6022304832713754","3.717472118959108","3.345724907063197","4.089219330855019","82","3.8658536585365852","24","246","437","9.471544715447154","4.065040650406504","0.8130081300813008","0","0.8130081300813008","82","3.981818181818182","23","275","496","9.33090909090909","5.090909090909091","2.1818181818181817","0.7272727272727273","2.1818181818181817","82","4.083636363636364","19","275","482","9.374545454545455","2.1818181818181817","5.454545454545454","5.818181818181818","2.1818181818181817","82","4.099630996309963","20","271","484","9.424354243542435","2.2140221402214024","4.428044280442805","5.535055350553505","3.321033210332103","82","4.022556390977444","24","266","565","9.308270676691729","9.398496240601503","0.7518796992481203","0.7518796992481203","1.5037593984962405","82","3.9657794676806084","33","263","415","9.277566539923955","3.041825095057034","1.520912547528517","1.9011406844106464","3.041825095057034","82","3.909448818897638","16","254","414","9.346456692913385","5.905511811023622","0","0.7874015748031497","0","82","4.08550185873606","18","269","449","9.315985130111525","4.4609665427509295","5.947955390334572","3.345724907063197","4.4609665427509295","82","4.097744360902255","26","266","495","9.496240601503759","5.2631578947368425","7.518796992481203","1.5037593984962405","2.255639097744361","82","3.890151515151515","20","264","429","9.43939393939394","0.7575757575757576","0.7575757575757576","2.6515151515151514","0","82","4.05511811023622","20","254","516","9.393700787401574","5.905511811023622","0","7.874015748031496","0.7874015748031497","82","4.026315789473684","24","266","488","9.150375939849624","4.511278195488722","2.255639097744361","3.3834586466165413","3.007518796992481","82","4.118367346938776","26","245","444","9.208163265306123","5.714285714285714","3.673469387755102","2.0408163265306123","8.571428571428571","82","4.049382716049383","23","243","420","9.152263374485596","4.938271604938271","2.05761316872428","6.995884773662551","0.823045267489712","82","4.030716723549488","31","293","582","9.324232081911262","4.09556313993174","2.04778156996587","4.09556313993174","3.0716723549488054","82","4.019230769230769","18","260","526","9.492307692307692","7.6923076923076925","3.076923076923077","3.8461538461538463","2.3076923076923075","82","3.9927797833935017","21","277","484","9.465703971119133","3.2490974729241877","1.0830324909747293","0","7.581227436823105","82","4.074468085106383","24","282","476","9.354609929078014","4.964539007092198","4.25531914893617","3.900709219858156","2.127659574468085","82","4.194444444444445","32","252","530","9.198412698412698","6.349206349206349","3.9682539682539684","9.126984126984127","4.761904761904762"
,"83","4.055762081784387","18","269","535","9.197026022304833","6.319702602230484","4.4609665427509295","1.486988847583643","3.345724907063197","83","4.480916030534351","21","262","525","9.206106870229007","3.053435114503817","11.450381679389313","33.20610687022901","3.816793893129771","83","4.003472222222222","29","288","487","9.277777777777779","0.6944444444444444","4.166666666666667","1.3888888888888888","4.861111111111111","83","4.214007782101167","21","257","510","9.32295719844358","1.9455252918287937","2.7237354085603114","2.3346303501945527","22.56809338521401","83","4.094861660079052","22","253","408","9.201581027667984","6.719367588932807","7.905138339920948","2.3715415019762847","3.952569169960474","83","4.046762589928058","28","278","568","9.446043165467627","1.4388489208633093","4.316546762589928","3.237410071942446","2.158273381294964","83","4.147368421052631","21","285","502","9.312280701754386","12.280701754385966","0.7017543859649122","3.1578947368421053","8.771929824561404","83","4.1054545454545455","23","275","538","9.309090909090909","2.5454545454545454","7.636363636363637","0","7.636363636363637","83","4.072664359861592","20","289","505","9.28719723183391","2.0761245674740483","4.844290657439446","10.380622837370241","3.114186851211073","83","4.0687285223367695","22","291","503","9.402061855670103","5.841924398625429","5.154639175257732","3.0927835051546393","0.6872852233676976","83","4.109311740890688","26","247","451","9.34412955465587","5.2631578947368425","1.6194331983805668","2.42914979757085","4.048582995951417","83","3.9495798319327733","35","238","384","9.361344537815127","9.243697478991596","0","1.680672268907563","0.8403361344537815","83","4.05511811023622","26","254","413","9.196850393700787","3.543307086614173","2.7559055118110236","3.937007874015748","6.692913385826771","83","4.132420091324201","25","219","376","9.442922374429223","3.65296803652968","6.8493150684931505","5.47945205479452","5.936073059360731","83","3.9087301587301586","23","252","427","9.404761904761905","2.380952380952381","1.5873015873015872","0.7936507936507936","0","83","4.0899653979238755","25","289","528","9.245674740484429","5.190311418685121","3.114186851211073","2.7681660899653977","7.26643598615917","83","3.9760956175298805","21","251","461","9.53784860557769","3.187250996015936","2.7888446215139444","3.585657370517928","2.7888446215139444","83","3.9327731092436973","22","238","436","9.344537815126051","0.8403361344537815","0.8403361344537815","4.201680672268908","2.5210084033613445","83","4.045643153526971","27","241","536","9.195020746887966","9.12863070539419","3.319502074688797","1.6597510373443984","5.809128630705394","83","4.103174603174603","14","252","439","9.341269841269842","6.349206349206349","3.1746031746031744","2.380952380952381","6.349206349206349","83","4","17","269","459","9.092936802973977","2.6022304832713754","3.717472118959108","3.345724907063197","4.089219330855019","83","3.873469387755102","25","245","437","9.428571428571429","4.081632653061225","0.8163265306122449","0","0.8163265306122449","83","3.981818181818182","23","275","496","9.33090909090909","5.090909090909091","2.1818181818181817","0.7272727272727273","2.1818181818181817","83","4.08","19","275","482","9.374545454545455","2.1818181818181817","5.454545454545454","5.818181818181818","2.1818181818181817","83","4.1","20","270","484","9.392592592592592","2.2222222222222223","4.444444444444445","5.555555555555555","3.3333333333333335","83","4.015151515151516","25","264","565","9.227272727272727","9.090909090909092","0.7575757575757576","0.7575757575757576","1.5151515151515151","83","3.9618320610687023","34","262","415","9.236641221374045","2.6717557251908395","1.5267175572519085","1.9083969465648856","3.053435114503817","83","3.909448818897638","16","254","414","9.346456692913385","5.905511811023622","0","0.7874015748031497","0","83","4.082706766917293","19","266","449","9.233082706766917","4.511278195488722","6.015037593984962","3.3834586466165413","4.511278195488722","83","4.093984962406015","26","266","495","9.496240601503759","5.2631578947368425","7.518796992481203","1.5037593984962405","2.255639097744361","83","3.8893129770992365","22","262","429","9.358778625954198","0.7633587786259542","0.7633587786259542","2.6717557251908395","0","83","4.05511811023622","20","254","516","9.393700787401574","5.905511811023622","0","7.874015748031496","0.7874015748031497","83","4.018867924528302","25","265","488","9.116981132075471","4.150943396226415","2.2641509433962264","2.641509433962264","3.018867924528302","83","4.1115702479338845","29","242","444","9.082644628099173","5.371900826446281","3.71900826446281","1.2396694214876034","8.677685950413224","83","4.049792531120332","23","241","420","9.062240663900415","4.979253112033195","2.074688796680498","7.053941908713693","0.8298755186721992","83","4.030821917808219","31","292","582","9.287671232876713","4.109589041095891","2.0547945205479454","4.109589041095891","3.0821917808219177","83","4.015444015444015","19","259","526","9.451737451737452","7.722007722007722","3.088803088803089","3.861003861003861","2.3166023166023164","83","3.9927536231884058","21","276","484","9.427536231884059","3.260869565217391","1.0869565217391304","0","7.608695652173913","83","4.075268817204301","24","279","476","9.240143369175627","5.017921146953405","4.659498207885305","3.942652329749104","2.150537634408602","83","4.194444444444445","32","252","530","9.198412698412698","6.349206349206349","3.9682539682539684","9.126984126984127","4.761904761904762"
,"84","4.059479553903346","18","269","535","9.197026022304833","6.319702602230484","4.4609665427509295","1.486988847583643","3.717472118959108","84","4.5115384615384615","22","260","525","9.123076923076923","3.076923076923077","11.538461538461538","35.76923076923077","3.8461538461538463","84","4.010452961672474","30","287","487","9.247386759581882","0.6968641114982579","4.529616724738676","1.3937282229965158","4.878048780487805","84","4.227450980392157","22","255","510","9.239215686274509","1.9607843137254901","3.1372549019607843","2.3529411764705883","23.137254901960784","84","4.103174603174603","23","252","408","9.158730158730158","6.349206349206349","8.333333333333334","2.380952380952381","4.761904761904762","84","4.050724637681159","29","276","568","9.369565217391305","1.4492753623188406","4.3478260869565215","3.260869565217391","2.536231884057971","84","4.151408450704225","22","284","502","9.274647887323944","12.32394366197183","0.704225352112676","3.5211267605633805","8.80281690140845","84","4.101818181818182","23","275","538","9.309090909090909","2.5454545454545454","7.2727272727272725","0","7.636363636363637","84","4.083623693379791","21","287","505","9.240418118466899","2.7874564459930316","4.878048780487805","10.801393728222996","3.1358885017421603","84","4.075862068965518","23","290","503","9.36551724137931","6.206896551724138","5.862068965517241","2.7586206896551726","0.6896551724137931","84","4.109311740890688","26","247","451","9.34412955465587","5.2631578947368425","1.6194331983805668","2.42914979757085","4.048582995951417","84","3.949367088607595","36","237","384","9.316455696202532","9.282700421940929","0","1.6877637130801688","0.8438818565400844","84","4.059055118110236","26","254","413","9.196850393700787","3.543307086614173","2.7559055118110236","3.937007874015748","6.692913385826771","84","4.13302752293578","25","218","376","9.394495412844037","3.669724770642202","6.8807339449541285","5.504587155963303","5.963302752293578","84","3.908366533864542","23","251","427","9.378486055776893","2.3904382470119523","1.593625498007968","0.796812749003984","0","84","4.086805555555555","25","288","528","9.215277777777779","5.208333333333333","3.125","2.7777777777777777","7.291666666666667","84","3.9760956175298805","21","251","461","9.53784860557769","2.7888446215139444","2.7888446215139444","3.585657370517928","2.7888446215139444","84","3.9327731092436973","22","238","436","9.344537815126051","0.8403361344537815","0.8403361344537815","4.201680672268908","2.5210084033613445","84","4.041666666666667","27","240","536","9.15","8.75","3.3333333333333335","1.6666666666666667","5.833333333333333","84","4.107142857142857","14","252","439","9.341269841269842","6.349206349206349","3.1746031746031744","2.380952380952381","6.349206349206349","84","4","17","268","459","9.052238805970148","2.611940298507463","3.7313432835820897","3.3582089552238807","4.104477611940299","84","3.8647540983606556","25","244","437","9.385245901639344","4.098360655737705","0.819672131147541","0","0.819672131147541","84","3.9854545454545454","23","275","496","9.33090909090909","5.090909090909091","2.1818181818181817","0.7272727272727273","2.5454545454545454","84","4.084249084249084","19","273","482","9.304029304029305","2.197802197802198","5.4945054945054945","5.86080586080586","2.197802197802198","84","4.1","20","270","484","9.392592592592592","2.2222222222222223","4.444444444444445","5.555555555555555","3.3333333333333335","84","4.022813688212928","25","263","565","9.186311787072244","9.505703422053232","0.7604562737642585","0.7604562737642585","1.520912547528517","84","3.9580152671755724","34","262","415","9.236641221374045","2.2900763358778624","1.5267175572519085","1.9083969465648856","3.053435114503817","84","3.909448818897638","16","254","414","9.346456692913385","5.905511811023622","0","0.7874015748031497","0","84","4.086466165413534","19","266","449","9.233082706766917","4.511278195488722","6.015037593984962","3.3834586466165413","4.511278195488722","84","4.09469696969697","26","264","495","9.416666666666666","5.303030303030303","7.575757575757576","1.1363636363636365","2.272727272727273","84","3.8893129770992365","22","262","429","9.358778625954198","0.7633587786259542","0.7633587786259542","2.6717557251908395","0","84","4.055335968379446","20","253","516","9.351778656126482","5.928853754940712","0","7.905138339920948","0.7905138339920948","84","4.018939393939394","25","264","488","9.083333333333334","4.166666666666667","2.272727272727273","2.6515151515151514","3.0303030303030303","84","4.1115702479338845","29","242","444","9.082644628099173","5.371900826446281","3.71900826446281","0.8264462809917356","8.677685950413224","84","4.049792531120332","23","241","420","9.062240663900415","4.979253112033195","2.074688796680498","7.053941908713693","0.8298755186721992","84","4.030927835051546","32","291","582","9.25085910652921","4.123711340206185","2.0618556701030926","4.123711340206185","3.0927835051546393","84","4.019455252918288","19","257","526","9.400778210116732","7.782101167315175","3.11284046692607","3.8910505836575875","2.3346303501945527","84","3.9890909090909092","21","275","484","9.389090909090909","3.272727272727273","1.0909090909090908","0","7.2727272727272725","84","4.075268817204301","24","279","476","9.240143369175627","5.017921146953405","4.301075268817204","3.942652329749104","2.150537634408602","84","4.195219123505976","33","251","530","9.155378486055778","6.374501992031872","3.9840637450199203","9.163346613545817","4.780876494023905"
,"85","3.851590106007067","18","283","553","9.279151943462898","7.420494699646643","5.6537102473498235","2.4734982332155475","3.8869257950530036","85","4.430188679245283","22","265","545","9.381132075471697","3.018867924528302","12.452830188679245","35.84905660377358","4.150943396226415","85","3.705501618122977","30","309","513","9.236245954692556","4.207119741100324","5.825242718446602","2.912621359223301","6.148867313915858","85","3.7403508771929825","23","285","535","9.03859649122807","5.2631578947368425","7.719298245614035","4.912280701754386","21.403508771929825","85","3.8726591760299627","23","267","426","9.280898876404494","8.98876404494382","9.363295880149813","4.868913857677903","7.116104868913857","85","3.828767123287671","29","292","584","9.36986301369863","3.767123287671233","6.8493150684931505","4.4520547945205475","3.0821917808219177","85","3.9663299663299663","22","297","519","9.393939393939394","13.804713804713804","2.356902356902357","4.377104377104377","9.427609427609427","85","3.833898305084746","23","295","560","9.28135593220339","4.745762711864407","8.813559322033898","1.0169491525423728","10.847457627118644","85","3.792880258899676","21","309","530","9.223300970873787","3.559870550161812","7.119741100323624","13.268608414239482","5.17799352750809","85","3.8940397350993377","24","302","514","9.357615894039736","6.953642384105961","7.28476821192053","4.304635761589404","2.6490066225165565","85","3.839080459770115","27","261","467","9.295019157088122","6.130268199233717","3.8314176245210727","4.21455938697318","5.747126436781609","85","3.7131474103585655","36","251","402","9.290836653386455","10.358565737051793","1.9920318725099602","3.9840637450199203","2.3904382470119523","85","3.832089552238806","26","268","435","9.291044776119403","5.970149253731344","3.3582089552238807","5.597014925373134","7.08955223880597","85","3.9342105263157894","26","228","385","9.421052631578947","4.824561403508772","7.456140350877193","7.894736842105263","6.578947368421052","85","3.7007575757575757","24","264","443","9.401515151515152","3.409090909090909","3.0303030303030303","3.0303030303030303","2.272727272727273","85","3.8844884488448845","25","303","552","9.32013201320132","6.600660066006601","4.29042904290429","3.9603960396039604","7.920792079207921","85","3.680297397769517","21","269","469","9.256505576208179","4.83271375464684","5.204460966542751","5.947955390334572","4.089219330855019","85","3.4776119402985075","22","268","446","9.08955223880597","4.850746268656716","3.7313432835820897","7.08955223880597","5.597014925373134","85","3.86","27","250","551","9.376","9.6","4","2","7.6","85","3.8333333333333335","14","270","448","9.251851851851852","8.148148148148149","5.185185185185185","4.814814814814815","8.88888888888889","85","3.8285714285714287","17","280","487","9.35","3.9285714285714284","4.285714285714286","5","4.642857142857143","85","3.7035573122529644","25","253","456","9.399209486166008","5.928853754940712","1.5810276679841897","1.5810276679841897","1.976284584980237","85","3.7758620689655173","23","290","510","9.282758620689656","6.551724137931035","2.413793103448276","1.7241379310344827","4.482758620689655","85","3.738255033557047","19","298","505","9.181208053691275","4.026845637583893","8.389261744966444","8.389261744966444","4.026845637583893","85","3.830449826989619","20","289","495","9.294117647058824","4.498269896193771","6.920415224913495","6.57439446366782","6.57439446366782","85","3.7841726618705036","26","278","598","9.309352517985612","10.071942446043165","2.158273381294964","1.7985611510791366","2.158273381294964","85","3.7282608695652173","35","276","427","9.246376811594203","3.6231884057971016","3.260869565217391","3.260869565217391","3.9855072463768115","85","3.718045112781955","17","266","423","9.293233082706767","7.142857142857143","1.5037593984962405","1.5037593984962405","1.1278195488721805","85","3.934306569343066","21","274","469","9.401459854014599","7.299270072992701","6.934306569343065","3.6496350364963503","7.664233576642336","85","3.5847176079734218","26","301","509","9.056478405315614","7.641196013289036","10.96345514950166","5.3156146179401995","5.980066445182724","85","3.56140350877193","22","285","444","9.214035087719298","3.508771929824561","4.56140350877193","4.912280701754386","3.1578947368421053","85","3.8141263940520447","20","269","520","9.211895910780669","7.806691449814126","2.2304832713754648","9.293680297397769","2.973977695167286","85","3.781362007168459","26","279","510","9.275985663082437","6.093189964157706","2.867383512544803","3.225806451612903","4.659498207885305","85","3.5905797101449277","29","276","461","9.03623188405797","9.420289855072463","7.246376811594203","4.3478260869565215","11.956521739130435","85","3.951020408163265","23","245","438","9.379591836734694","4.8979591836734695","3.2653061224489797","7.346938775510204","1.6326530612244898","85","3.7824675324675323","33","308","609","9.266233766233766","5.51948051948052","4.220779220779221","5.194805194805195","4.545454545454546","85","3.7472527472527473","20","273","540","9.282051282051283","10.256410256410257","4.761904761904762","5.86080586080586","4.395604395604396","85","3.7785467128027683","22","289","500","9.370242214532873","4.498269896193771","2.7681660899653977","3.114186851211073","8.304498269896193","85","3.893103448275862","24","290","500","9.379310344827585","6.206896551724138","4.827586206896552","5.172413793103448","3.793103448275862","85","3.9886363636363638","33","264","551","9.340909090909092","6.818181818181818","5.681818181818182","9.848484848484848","6.4393939393939394"
,"86","4.031802120141343","18","283","553","9.279151943462898","6.007067137809187","3.5335689045936394","0.7067137809187279","3.1802120141342756","86","4.501901140684411","23","263","545","9.361216730038024","2.2813688212927756","13.688212927756654","33.840304182509506","3.4220532319391634","86","3.977272727272727","31","308","513","9.207792207792208","2.5974025974025974","4.87012987012987","1.2987012987012987","3.5714285714285716","86","4.189473684210526","23","285","535","9.03859649122807","1.7543859649122806","3.508771929824561","2.807017543859649","20.350877192982455","86","4.12406015037594","23","266","426","9.240601503759398","8.270676691729323","8.646616541353383","3.7593984962406015","4.887218045112782","86","4.054794520547945","29","292","584","9.36986301369863","3.0821917808219177","4.4520547945205475","3.0821917808219177","2.3972602739726026","86","4.135593220338983","22","295","519","9.322033898305085","12.88135593220339","0.3389830508474576","3.389830508474576","8.135593220338983","86","4.071672354948806","23","293","560","9.228668941979523","2.3890784982935154","6.143344709897611","0","8.873720136518772","86","4.042071197411003","21","309","530","9.223300970873787","2.588996763754045","3.559870550161812","10.032362459546926","2.26537216828479","86","4.069767441860465","24","301","514","9.322259136212624","6.312292358803987","5.980066445182724","3.654485049833887","0.6644518272425249","86","4.119230769230769","27","260","467","9.284615384615385","5.384615384615385","2.6923076923076925","2.3076923076923075","5","86","3.932","36","250","402","9.248","7.6","0.8","0.8","0.8","86","4.037313432835821","26","268","435","9.291044776119403","4.104477611940299","2.611940298507463","4.104477611940299","5.597014925373134","86","4.145374449339207","26","227","385","9.374449339207048","3.5242290748898677","6.607929515418502","5.286343612334802","5.726872246696035","86","3.931558935361217","24","263","443","9.361216730038024","1.520912547528517","2.2813688212927756","2.2813688212927756","1.520912547528517","86","4.075907590759076","25","303","552","9.32013201320132","5.9405940594059405","3.9603960396039604","2.6402640264026402","7.260726072607261","86","3.985074626865672","22","268","469","9.216417910447761","2.985074626865672","1.8656716417910448","5.223880597014926","2.985074626865672","86","3.9250936329588013","22","267","446","9.04868913857678","3.745318352059925","0","3.745318352059925","2.247191011235955","86","4.044","27","250","551","9.376","9.2","2.4","0.4","7.6","86","4.104089219330855","14","269","448","9.211895910780669","6.319702602230484","2.973977695167286","2.6022304832713754","6.691449814126394","86","3.992831541218638","18","279","487","9.311827956989248","2.5089605734767026","3.942652329749104","4.659498207885305","4.659498207885305","86","3.857707509881423","25","253","456","9.399209486166008","3.952569169960474","0.7905138339920948","0","1.5810276679841897","86","3.9792387543252596","24","289","510","9.245674740484429","6.57439446366782","1.3840830449826989","1.0380622837370241","2.7681660899653977","86","4.138513513513513","20","296","505","9.114864864864865","3.7162162162162162","6.081081081081081","7.4324324324324325","3.3783783783783785","86","4.104529616724738","21","287","495","9.21951219512195","2.4390243902439024","4.181184668989547","5.574912891986063","3.484320557491289","86","3.9892086330935252","26","278","598","9.309352517985612","8.633093525179856","0.7194244604316546","0.7194244604316546","1.4388489208633093","86","3.9709090909090907","35","275","427","9.207272727272727","3.6363636363636362","1.4545454545454546","1.8181818181818181","2.909090909090909","86","3.8943396226415095","18","265","423","9.252830188679246","5.660377358490566","0.7547169811320755","0.7547169811320755","0","86","4.1033210332103325","23","271","469","9.291512915129152","7.011070110701107","5.904059040590406","3.321033210332103","4.428044280442805","86","4.093959731543624","27","298","509","8.946308724832214","4.026845637583893","8.053691275167786","3.0201342281879193","2.684563758389262","86","3.893992932862191","23","283","444","9.173144876325088","2.1201413427561837","0","2.4734982332155475","0","86","4.07089552238806","20","268","520","9.17910447761194","7.08955223880597","1.1194029850746268","7.462686567164179","1.8656716417910448","86","4.010752688172043","26","279","510","9.275985663082437","4.301075268817204","2.867383512544803","1.7921146953405018","4.301075268817204","86","4.148550724637682","29","276","461","9.03623188405797","7.246376811594203","3.9855072463768115","0.7246376811594203","9.782608695652174","86","4.048979591836734","23","245","438","9.379591836734694","4.8979591836734695","2.0408163265306123","5.714285714285714","0.8163265306122449","86","3.9967532467532467","33","308","609","9.266233766233766","3.896103896103896","2.272727272727273","3.5714285714285716","2.9220779220779223","86","4.007352941176471","21","272","540","9.242647058823529","8.088235294117647","3.3088235294117645","2.9411764705882355","2.9411764705882355","86","3.9930795847750864","22","289","500","9.370242214532873","3.114186851211073","0.6920415224913494","0.6920415224913494","5.882352941176471","86","4.0588235294117645","24","289","500","9.342560553633218","4.844290657439446","4.1522491349480966","4.1522491349480966","2.0761245674740483","86","4.181818181818182","33","264","551","9.340909090909092","6.4393939393939394","3.787878787878788","7.954545454545454","4.166666666666667"
,"87","4.032028469750889","18","281","553","9.202846975088969","6.405693950177936","3.5587188612099645","0.7117437722419929","3.5587188612099645","87","4.517110266159696","23","263","545","9.361216730038024","2.2813688212927756","14.448669201520913","34.22053231939164","4.182509505703422","87","3.987012987012987","31","308","513","9.207792207792208","2.9220779220779223","5.194805194805195","0.974025974025974","3.2467532467532467","87","4.186619718309859","23","284","535","9.014084507042254","1.7605633802816902","3.1690140845070425","2.816901408450704","20.070422535211268","87","4.128301886792453","23","265","426","9.2","9.81132075471698","7.547169811320755","3.7735849056603774","4.528301886792453","87","4.065068493150685","29","292","584","9.36986301369863","3.4246575342465753","5.136986301369863","3.0821917808219177","2.0547945205479454","87","4.149152542372882","22","295","519","9.322033898305085","13.559322033898304","0","3.389830508474576","8.813559322033898","87","4.075342465753424","24","292","560","9.191780821917808","2.3972602739726026","6.506849315068493","0","8.561643835616438","87","4.035714285714286","22","308","530","9.188311688311689","2.9220779220779223","3.896103896103896","10.064935064935066","1.2987012987012987","87","4.076666666666667","25","300","514","9.286666666666667","7","6","3.6666666666666665","1","87","4.123076923076923","27","260","467","9.284615384615385","5.384615384615385","3.076923076923077","2.3076923076923075","4.615384615384615","87","3.9437751004016066","36","249","402","9.204819277108435","8.032128514056225","0.8032128514056225","0.8032128514056225","0.8032128514056225","87","4.041044776119403","26","268","435","9.291044776119403","4.104477611940299","2.611940298507463","4.104477611940299","5.597014925373134","87","4.146017699115045","26","226","385","9.336283185840708","3.0973451327433628","6.6371681415929205","5.3097345132743365","5.752212389380531","87","3.946360153256705","25","261","443","9.279693486590038","1.5325670498084292","2.2988505747126435","2.2988505747126435","1.5325670498084292","87","4.085808580858086","25","303","552","9.32013201320132","5.9405940594059405","3.9603960396039604","2.6402640264026402","7.260726072607261","87","3.966417910447761","22","268","469","9.216417910447761","2.611940298507463","1.8656716417910448","4.104477611940299","2.611940298507463","87","3.9242424242424243","23","264","446","8.924242424242424","3.409090909090909","0","3.787878787878788","1.893939393939394","87","4.036290322580645","28","248","551","9.290322580645162","8.870967741935484","2.4193548387096775","0.8064516129032258","7.258064516129032","87","4.111940298507463","15","268","448","9.171641791044776","6.7164179104477615","3.7313432835820897","2.2388059701492535","6.7164179104477615","87","4.007168458781362","18","279","487","9.311827956989248","2.5089605734767026","4.301075268817204","4.659498207885305","3.942652329749104","87","3.865079365079365","26","252","456","9.357142857142858","3.9682539682539684","0.7936507936507936","0","1.5873015873015872","87","3.9965397923875434","24","289","510","9.245674740484429","7.612456747404845","1.3840830449826989","1.3840830449826989","2.7681660899653977","87","4.125423728813559","20","295","505","9.077966101694916","4.067796610169491","6.440677966101695","6.779661016949152","2.711864406779661","87","4.108771929824561","23","285","495","9.143859649122806","2.807017543859649","4.2105263157894735","5.964912280701754","3.1578947368421053","87","3.9855595667870034","26","277","598","9.270758122743683","8.664259927797834","0.7220216606498195","0.7220216606498195","1.444043321299639","87","3.967032967032967","36","273","427","9.135531135531135","3.663003663003663","1.465201465201465","1.8315018315018314","2.5641025641025643","87","3.890151515151515","18","264","423","9.219696969696969","5.681818181818182","0.7575757575757576","0.7575757575757576","0","87","4.092250922509225","23","271","469","9.291512915129152","7.011070110701107","5.904059040590406","3.321033210332103","4.059040590405904","87","4.094276094276094","28","297","509","8.909090909090908","4.040404040404041","7.407407407407407","3.0303030303030303","2.6936026936026938","87","3.88339222614841","23","283","444","9.173144876325088","1.7667844522968197","0","2.4734982332155475","0","87","4.063432835820896","20","268","520","9.17910447761194","6.7164179104477615","0.746268656716418","7.462686567164179","1.492537313432836","87","4.014336917562724","26","279","510","9.275985663082437","4.659498207885305","2.867383512544803","1.7921146953405018","4.301075268817204","87","4.1501831501831505","30","273","461","8.93040293040293","7.6923076923076925","3.663003663003663","0.7326007326007326","9.157509157509157","87","4.045081967213115","24","244","438","9.336065573770492","4.508196721311475","2.0491803278688523","5.737704918032787","0.819672131147541","87","4","34","307","609","9.231270358306189","4.234527687296417","1.9543973941368078","3.583061889250814","2.9315960912052117","87","3.996309963099631","22","271","540","9.202952029520295","8.118081180811808","3.321033210332103","2.5830258302583027","2.5830258302583027","87","3.9895833333333335","23","288","500","9.333333333333334","3.4722222222222223","0","0","5.902777777777778","87","4.059233449477352","24","287","500","9.268292682926829","4.878048780487805","4.529616724738676","3.832752613240418","2.0905923344947737","87","4.1856060606060606","33","264","551","9.340909090909092","6.4393939393939394","3.787878787878788","7.954545454545454","4.166666666666667"
,"88","4.04270462633452","18","281","576","9.366548042704625","7.117437722419929","3.5587188612099645","0.7117437722419929","3.202846975088968","88","4.522900763358779","23","262","558","9.419847328244275","2.2900763358778624","16.412213740458014","33.587786259541986","3.053435114503817","88","3.987012987012987","31","308","527","9.2987012987013","2.9220779220779223","4.87012987012987","0.974025974025974","3.5714285714285716","88","4.222614840989399","23","283","548","9.06713780918728","1.7667844522968197","3.5335689045936394","2.8268551236749118","22.261484098939928","88","4.125954198473282","25","262","439","9.17557251908397","9.16030534351145","7.633587786259542","3.053435114503817","5.343511450381679","88","4.06551724137931","29","290","590","9.337931034482759","3.103448275862069","4.827586206896552","3.103448275862069","2.0689655172413794","88","4.1661016949152545","22","295","529","9.389830508474576","14.915254237288135","0","3.7288135593220337","8.474576271186441","88","4.072413793103448","26","290","575","9.220689655172414","2.413793103448276","6.206896551724138","0","8.620689655172415","88","4.029508196721311","23","305","545","9.2","2.622950819672131","3.6065573770491803","9.836065573770492","1.3114754098360655","88","4.073578595317726","25","299","527","9.33779264214047","6.688963210702341","5.68561872909699","3.678929765886288","0.6688963210702341","88","4.123552123552123","28","259","483","9.366795366795367","5.405405405405405","3.088803088803089","2.3166023166023164","5.019305019305019","88","3.9397590361445785","36","249","417","9.325301204819278","7.6305220883534135","0.8032128514056225","0.8032128514056225","0.8032128514056225","88","4.037453183520599","27","267","442","9.303370786516854","4.119850187265918","2.247191011235955","4.119850187265918","5.617977528089888","88","4.150442477876106","26","226","393","9.4070796460177","3.5398230088495577","6.6371681415929205","5.3097345132743365","5.752212389380531","88","3.95","25","260","463","9.392307692307693","1.5384615384615385","2.3076923076923075","2.3076923076923075","1.5384615384615385","88","4.085808580858086","25","303","559","9.366336633663366","5.9405940594059405","3.9603960396039604","2.6402640264026402","7.260726072607261","88","3.966292134831461","23","267","478","9.243445692883896","2.6217228464419478","1.8726591760299625","4.119850187265918","2.6217228464419478","88","3.9198473282442747","24","262","475","9.068702290076336","3.053435114503817","0","3.816793893129771","1.5267175572519085","88","4.036585365853658","29","246","563","9.300813008130081","8.94308943089431","2.4390243902439024","0.4065040650406504","6.9105691056910565","88","4.111940298507463","15","268","459","9.253731343283581","6.343283582089552","3.3582089552238807","2.2388059701492535","6.7164179104477615","88","3.9964028776978417","18","278","501","9.410071942446043","2.5179856115107913","3.597122302158273","4.676258992805756","3.9568345323741005","88","3.861111111111111","26","252","461","9.396825396825397","3.9682539682539684","0.7936507936507936","0","1.5873015873015872","88","3.982698961937716","24","289","519","9.30795847750865","7.26643598615917","1.3840830449826989","0.6920415224913494","2.7681660899653977","88","4.132203389830509","20","295","521","9.186440677966102","4.067796610169491","6.440677966101695","6.779661016949152","2.711864406779661","88","4.101754385964912","23","285","513","9.27017543859649","2.456140350877193","4.2105263157894735","5.614035087719298","3.1578947368421053","88","3.9927272727272727","27","275","610","9.309090909090909","9.090909090909092","0.7272727272727273","0.7272727272727273","1.4545454545454546","88","3.9667896678966788","36","271","451","9.232472324723247","3.690036900369004","1.4760147601476015","1.845018450184502","2.2140221402214024","88","3.894941634241245","20","257","438","9.058365758754864","5.836575875486381","0.7782101167315175","0.7782101167315175","0","88","4.103703703703704","23","270","480","9.333333333333334","7.037037037037037","5.925925925925926","3.3333333333333335","4.074074074074074","88","4.097643097643098","28","297","539","9.11111111111111","4.040404040404041","7.407407407407407","3.0303030303030303","2.6936026936026938","88","3.882978723404255","24","282","458","9.23404255319149","1.7730496453900708","0","2.482269503546099","0","88","4.067164179104478","20","268","533","9.276119402985074","6.7164179104477615","1.1194029850746268","7.462686567164179","1.8656716417910448","88","4.014440433212997","26","277","524","9.321299638989169","4.693140794223827","2.888086642599278","1.8050541516245486","4.332129963898917","88","4.146520146520147","30","273","486","9.113553113553113","7.6923076923076925","3.663003663003663","0.7326007326007326","9.157509157509157","88","4.041322314049586","26","242","447","9.322314049586776","4.545454545454546","2.0661157024793386","5.371900826446281","0.8264462809917356","88","4","34","307","627","9.348534201954397","3.9087947882736156","1.9543973941368078","3.583061889250814","2.9315960912052117","88","4","22","271","558","9.335793357933579","8.118081180811808","3.321033210332103","2.5830258302583027","2.5830258302583027","88","3.986062717770035","23","287","511","9.372822299651569","3.1358885017421603","0","0","5.923344947735192","88","4.0701754385964914","25","285","518","9.319298245614036","4.912280701754386","4.56140350877193","3.8596491228070176","2.1052631578947367","88","4.1856060606060606","33","264","557","9.386363636363637","6.4393939393939394","3.787878787878788","7.954545454545454","4.166666666666667"
,"89","4.043010752688172","18","279","576","9.290322580645162","6.451612903225806","3.5842293906810037","0.7168458781362007","3.5842293906810037","89","4.523076923076923","23","260","558","9.338461538461539","2.3076923076923075","16.923076923076923","33.84615384615385","2.6923076923076925","89","3.9836601307189543","32","306","527","9.22875816993464","2.9411764705882355","4.901960784313726","0.9803921568627451","3.2679738562091503","89","4.212014134275618","23","283","548","9.06713780918728","1.7667844522968197","3.1802120141342756","2.8268551236749118","21.554770318021202","89","4.133587786259542","25","262","439","9.17557251908397","9.923664122137405","7.633587786259542","3.053435114503817","4.961832061068702","89","4.073170731707317","29","287","590","9.261324041811847","3.1358885017421603","4.878048780487805","3.1358885017421603","2.4390243902439024","89","4.179661016949153","22","295","529","9.389830508474576","15.932203389830509","0","4.067796610169491","8.474576271186441","89","4.076388888888889","26","288","575","9.152777777777779","2.4305555555555554","6.597222222222222","0","8.680555555555555","89","4.036303630363037","23","303","545","9.128712871287128","2.6402640264026402","3.6303630363036303","10.891089108910892","1.3201320132013201","89","4.090301003344481","25","299","527","9.33779264214047","7.023411371237458","6.0200668896321075","4.013377926421405","0.6688963210702341","89","4.124513618677042","29","257","483","9.284046692607005","5.447470817120623","3.11284046692607","2.3346303501945527","5.058365758754864","89","3.9477911646586343","36","249","417","9.325301204819278","8.433734939759036","0.8032128514056225","0.8032128514056225","0.8032128514056225","89","4.041353383458647","27","266","442","9.263157894736842","4.135338345864661","2.6315789473684212","4.135338345864661","5.639097744360902","89","4.1466666666666665","26","225","393","9.36","3.111111111111111","6.666666666666667","5.333333333333333","5.777777777777778","89","3.9461538461538463","25","260","463","9.392307692307693","1.5384615384615385","2.3076923076923075","2.3076923076923075","1.5384615384615385","89","4.089700996677741","25","301","559","9.295681063122924","5.980066445182724","3.9867109634551494","2.6578073089700998","6.976744186046512","89","3.9661654135338344","23","266","478","9.203007518796992","2.6315789473684212","1.8796992481203008","3.7593984962406015","2.6315789473684212","89","3.919230769230769","24","260","475","8.992307692307692","2.6923076923076925","0","3.8461538461538463","1.5384615384615385","89","4.040816326530612","29","245","563","9.257142857142858","8.571428571428571","2.4489795918367347","0.8163265306122449","7.346938775510204","89","4.119402985074627","15","268","459","9.253731343283581","6.7164179104477615","4.104477611940299","2.2388059701492535","6.7164179104477615","89","3.996389891696751","18","277","501","9.371841155234657","2.527075812274368","3.6101083032490973","4.693140794223827","3.9711191335740073","89","3.856","26","250","461","9.312","4","0.8","0","1.6","89","3.9825783972125435","25","287","519","9.233449477351916","7.317073170731708","1.3937282229965158","0.6968641114982579","2.7874564459930316","89","4.138983050847457","20","295","521","9.186440677966102","4.067796610169491","6.440677966101695","6.779661016949152","2.711864406779661","89","4.101754385964912","23","285","513","9.27017543859649","2.456140350877193","4.2105263157894735","5.614035087719298","3.1578947368421053","89","3.9854014598540144","28","274","610","9.27007299270073","8.75912408759124","0.7299270072992701","0.7299270072992701","1.4598540145985401","89","3.966417910447761","36","268","451","9.119402985074627","3.7313432835820897","1.492537313432836","1.8656716417910448","2.2388059701492535","89","3.8988326848249026","20","257","438","9.058365758754864","5.836575875486381","0.7782101167315175","0.7782101167315175","0","89","4.103703703703704","23","270","480","9.333333333333334","7.037037037037037","5.925925925925926","3.3333333333333335","4.074074074074074","89","4.098639455782313","29","294","539","9.054421768707483","4.081632653061225","7.482993197278912","3.061224489795918","2.7210884353741496","89","3.882562277580071","24","281","458","9.195729537366548","1.7793594306049823","0","2.491103202846975","0","89","4.063670411985019","20","267","533","9.280898876404494","6.741573033707865","0.7490636704119851","7.49063670411985","1.4981273408239701","89","4.014545454545455","26","275","524","9.25090909090909","4.7272727272727275","2.909090909090909","1.8181818181818181","4.363636363636363","89","4.148148148148148","31","270","486","9.007407407407408","7.777777777777778","3.7037037037037037","0.7407407407407407","9.25925925925926","89","4.04149377593361","26","241","447","9.278008298755188","4.564315352697095","2.074688796680498","5.394190871369295","0.8298755186721992","89","3.996742671009772","34","307","627","9.348534201954397","3.9087947882736156","1.9543973941368078","3.583061889250814","2.9315960912052117","89","3.996309963099631","22","271","558","9.335793357933579","8.118081180811808","3.321033210332103","2.5830258302583027","2.5830258302583027","89","3.982456140350877","23","285","511","9.298245614035087","3.1578947368421053","0","0","5.614035087719298","89","4.052816901408451","25","284","518","9.288732394366198","4.577464788732394","4.577464788732394","3.5211267605633805","1.7605633802816902","89","4.187022900763359","35","262","557","9.305343511450381","6.488549618320611","3.816793893129771","8.01526717557252","4.198473282442748"
,"90","4.043321299638989","19","277","576","9.220216606498195","7.2202166064981945","3.6101083032490973","0.7220216606498195","3.2490974729241877","90","4.54054054054054","24","259","558","9.297297297297296","2.3166023166023164","16.216216216216218","35.907335907335906","2.7027027027027026","90","3.9934640522875817","32","306","527","9.22875816993464","2.9411764705882355","5.555555555555555","0.9803921568627451","3.5947712418300655","90","4.227758007117438","23","281","548","9.02491103202847","1.7793594306049823","3.202846975088968","2.8469750889679717","22.419928825622776","90","4.130268199233717","25","261","439","9.134099616858238","9.578544061302683","7.2796934865900385","3.0651340996168583","5.363984674329502","90","4.077192982456141","30","285","590","9.185964912280701","3.1578947368421053","5.2631578947368425","3.1578947368421053","2.1052631578947367","90","4.194539249146757","24","293","529","9.31740614334471","16.72354948805461","0","4.436860068259386","8.532423208191126","90","4.072916666666667","26","288","575","9.152777777777779","2.4305555555555554","6.25","0","8.680555555555555","90","4.0364238410596025","24","302","545","9.092715231788079","2.6490066225165565","3.642384105960265","10.596026490066226","1.3245033112582782","90","4.080536912751678","26","298","527","9.302013422818792","6.7114093959731544","5.704697986577181","3.6912751677852347","0.6711409395973155","90","4.12156862745098","30","255","483","9.2","5.490196078431373","3.1372549019607843","1.9607843137254901","5.098039215686274","90","3.943548387096774","37","248","417","9.28225806451613","7.661290322580645","0.8064516129032258","0.8064516129032258","0.8064516129032258","90","4.037735849056604","28","265","442","9.222641509433963","4.150943396226415","2.2641509433962264","4.150943396226415","5.660377358490566","90","4.151111111111111","26","225","393","9.36","3.5555555555555554","6.666666666666667","5.333333333333333","5.777777777777778","90","3.9498069498069497","25","259","463","9.35135135135135","1.5444015444015444","2.3166023166023164","2.3166023166023164","1.5444015444015444","90","4.09","26","300","559","9.26","6","4","2.6666666666666665","7.666666666666667","90","3.965909090909091","24","264","478","9.121212121212121","2.6515151515151514","1.893939393939394","3.409090909090909","2.6515151515151514","90","3.918918918918919","24","259","475","8.94980694980695","2.3166023166023164","0","3.861003861003861","1.5444015444015444","90","4.037037037037037","30","243","563","9.218106995884774","9.053497942386832","2.880658436213992","0","6.995884773662551","90","4.123595505617978","16","267","459","9.213483146067416","6.367041198501872","4.49438202247191","2.247191011235955","6.741573033707865","90","3.9963503649635035","18","274","501","9.255474452554745","2.5547445255474455","3.6496350364963503","4.744525547445256","4.014598540145985","90","3.8634538152610443","27","249","461","9.269076305220883","4.016064257028113","0.8032128514056225","0","1.606425702811245","90","3.9825174825174825","25","286","519","9.195804195804195","7.3426573426573425","1.3986013986013985","0.6993006993006993","2.797202797202797","90","4.142857142857143","20","294","521","9.149659863945578","4.081632653061225","6.462585034013605","6.802721088435374","2.7210884353741496","90","4.101754385964912","23","285","513","9.27017543859649","2.456140350877193","4.2105263157894735","5.614035087719298","3.1578947368421053","90","3.992619926199262","30","271","610","9.15129151291513","9.22509225092251","0.7380073800738007","0.7380073800738007","1.4760147601476015","90","3.969924812030075","37","266","451","9.037593984962406","3.7593984962406015","1.5037593984962405","1.8796992481203008","2.255639097744361","90","3.8980392156862744","21","255","438","8.980392156862745","5.882352941176471","0.7843137254901961","0.7843137254901961","0","90","4.103703703703704","23","270","480","9.333333333333334","7.037037037037037","5.925925925925926","3.3333333333333335","4.074074074074074","90","4.09556313993174","30","293","539","9.023890784982935","4.09556313993174","7.508532423208191","3.0716723549488054","2.7303754266211606","90","3.882142857142857","25","280","458","9.157142857142857","1.7857142857142858","0","2.5","0","90","4.0643939393939394","21","264","533","9.159090909090908","6.818181818181818","0.7575757575757576","7.575757575757576","1.5151515151515151","90","4.014598540145985","27","274","524","9.211678832116789","4.744525547445256","2.9197080291970803","1.8248175182481752","4.37956204379562","90","4.148698884758364","31","269","486","8.973977695167287","7.806691449814126","3.717472118959108","0.7434944237918215","9.293680297397769","90","4.03781512605042","27","238","447","9.159663865546218","4.621848739495798","2.100840336134454","5.042016806722689","0.8403361344537815","90","4","34","307","627","9.348534201954397","3.9087947882736156","1.9543973941368078","3.583061889250814","2.9315960912052117","90","4","22","271","558","9.335793357933579","8.118081180811808","3.321033210332103","2.5830258302583027","2.5830258302583027","90","3.9788732394366195","23","284","511","9.26056338028169","3.1690140845070425","0","0","5.28169014084507","90","4.049469964664311","25","283","518","9.250883392226148","4.240282685512367","4.593639575971731","3.1802120141342756","1.4134275618374559","90","4.187022900763359","35","262","557","9.305343511450381","6.488549618320611","3.816793893129771","8.01526717557252","4.198473282442748"
,"91","4.043321299638989","19","277","601","9.40072202166065","6.498194945848375","3.6101083032490973","0.7220216606498195","3.6101083032490973","91","4.521235521235521","24","259","574","9.420849420849422","2.3166023166023164","15.444015444015443","35.13513513513514","2.7027027027027026","91","3.9836065573770494","32","305","542","9.318032786885245","2.9508196721311477","4.918032786885246","0.9836065573770492","3.278688524590164","91","4.232142857142857","24","280","565","9.107142857142858","1.7857142857142858","3.2142857142857144","2.857142857142857","22.5","91","4.135658914728682","26","258","464","9.248062015503876","10.465116279069768","6.976744186046512","3.10077519379845","4.651162790697675","91","4.073943661971831","31","284","615","9.32394366197183","3.1690140845070425","4.929577464788732","3.1690140845070425","2.112676056338028","91","4.195205479452055","24","292","544","9.383561643835616","17.465753424657535","0","4.109589041095891","8.561643835616438","91","4.076655052264808","27","287","593","9.240418118466899","2.4390243902439024","6.620209059233449","0","8.710801393728223","91","4.039867109634551","25","301","577","9.269102990033222","2.6578073089700998","3.9867109634551494","10.96345514950166","1.3289036544850499","91","4.081355932203389","26","295","547","9.328813559322034","6.779661016949152","5.762711864406779","3.7288135593220337","0.6779661016949152","91","4.118110236220472","30","254","504","9.32283464566929","5.511811023622047","3.1496062992125986","1.5748031496062993","5.118110236220472","91","3.951219512195122","38","246","425","9.260162601626016","8.130081300813009","0.8130081300813008","0.8130081300813008","0.8130081300813008","91","4.041666666666667","28","264","456","9.287878787878787","4.166666666666667","2.6515151515151514","4.166666666666667","5.681818181818182","91","4.147321428571429","26","224","403","9.401785714285714","3.125","6.696428571428571","5.357142857142857","5.803571428571429","91","3.945525291828794","26","257","477","9.377431906614786","1.556420233463035","2.3346303501945527","2.3346303501945527","1.556420233463035","91","4.093333333333334","26","300","571","9.34","6","4.333333333333333","2.6666666666666665","7","91","3.9656488549618323","24","262","503","9.229007633587786","2.6717557251908395","1.9083969465648856","3.435114503816794","2.6717557251908395","91","3.9224806201550386","24","258","513","9.248062015503876","2.3255813953488373","0","3.875968992248062","1.937984496124031","91","4.037037037037037","30","243","587","9.415637860082304","8.641975308641975","2.4691358024691357","0","7.818930041152264","91","4.113636363636363","16","264","480","9.257575757575758","6.818181818181818","4.545454545454546","1.893939393939394","6.0606060606060606","91","3.9926739926739927","19","273","523","9.377289377289378","2.5641025641025643","3.2967032967032965","4.761904761904762","4.029304029304029","91","3.855421686746988","27","249","481","9.429718875502008","4.016064257028113","0.8032128514056225","0","1.606425702811245","91","3.9825174825174825","25","286","538","9.328671328671328","7.3426573426573425","1.3986013986013985","0.6993006993006993","2.797202797202797","91","4.1438356164383565","20","292","537","9.205479452054794","4.109589041095891","6.506849315068493","6.8493150684931505","2.73972602739726","91","4.102836879432624","23","282","522","9.21985815602837","2.482269503546099","4.25531914893617","5.673758865248227","3.1914893617021276","91","3.9851301115241635","31","269","632","9.234200743494425","8.921933085501859","0.7434944237918215","0.7434944237918215","1.486988847583643","91","3.969924812030075","37","266","482","9.270676691729323","3.7593984962406015","1.5037593984962405","1.8796992481203008","2.255639097744361","91","3.905511811023622","21","254","478","9.283464566929133","5.905511811023622","0.7874015748031497","0.7874015748031497","0","91","4.104477611940299","24","268","495","9.365671641791044","7.08955223880597","5.970149253731344","3.3582089552238807","4.104477611940299","91","4.098976109215017","30","293","562","9.180887372013652","4.09556313993174","7.508532423208191","3.0716723549488054","2.7303754266211606","91","3.881720430107527","26","279","477","9.254480286738351","1.7921146953405018","0","2.5089605734767026","0","91","4.0643939393939394","21","264","546","9.257575757575758","6.818181818181818","0.7575757575757576","7.575757575757576","1.5151515151515151","91","4.014652014652015","27","273","548","9.347985347985349","4.761904761904762","2.93040293040293","1.8315018315018314","4.395604395604396","91","4.148698884758364","31","269","512","9.16728624535316","7.806691449814126","3.717472118959108","0.7434944237918215","9.293680297397769","91","4.033898305084746","27","236","467","9.271186440677965","4.661016949152542","1.694915254237288","5.084745762711864","0.847457627118644","91","3.996732026143791","35","306","637","9.379084967320262","3.9215686274509802","1.9607843137254901","3.5947712418300655","2.9411764705882355","91","3.996309963099631","22","271","564","9.380073800738007","8.118081180811808","3.321033210332103","2.5830258302583027","2.5830258302583027","91","3.9788732394366195","23","284","526","9.366197183098592","3.1690140845070425","0","0","5.28169014084507","91","4.042553191489362","26","282","540","9.382978723404255","4.25531914893617","4.609929078014185","3.1914893617021276","1.4184397163120568","91","4.187022900763359","35","262","565","9.366412213740459","6.488549618320611","3.816793893129771","8.01526717557252","4.198473282442748"
,"92","4.043321299638989","19","277","601","9.40072202166065","6.498194945848375","3.6101083032490973","0.7220216606498195","3.6101083032490973","92","4.533333333333333","26","255","574","9.262745098039217","2.7450980392156863","14.901960784313726","36.470588235294116","2.3529411764705883","92","3.9901315789473686","32","304","542","9.282894736842104","2.960526315789474","4.934210526315789","0.9868421052631579","3.9473684210526314","92","4.244604316546763","24","278","565","9.035971223021583","1.7985611510791366","3.237410071942446","2.8776978417266186","23.741007194244606","92","4.1484375","28","256","464","9.171875","10.546875","6.640625","3.125","5.859375","92","4.077464788732394","31","284","615","9.32394366197183","3.5211267605633805","4.929577464788732","3.1690140845070425","2.112676056338028","92","4.195205479452055","24","292","544","9.383561643835616","17.123287671232877","0","4.109589041095891","8.561643835616438","92","4.080139372822299","27","287","593","9.240418118466899","2.4390243902439024","6.620209059233449","0","9.059233449477352","92","4.046666666666667","25","300","577","9.233333333333333","2.6666666666666665","3.6666666666666665","11.666666666666666","1.3333333333333333","92","4.085324232081911","26","293","547","9.303754266211604","7.167235494880546","5.802047781569966","3.7542662116040955","0.6825938566552902","92","4.122047244094488","30","254","504","9.32283464566929","5.511811023622047","3.1496062992125986","1.5748031496062993","5.118110236220472","92","3.946938775510204","39","245","425","9.216326530612244","7.346938775510204","0.8163265306122449","0.8163265306122449","0.8163265306122449","92","4.038022813688213","29","263","456","9.247148288973383","4.182509505703422","2.2813688212927756","4.182509505703422","5.7034220532319395","92","4.151785714285714","26","224","403","9.401785714285714","3.5714285714285716","6.696428571428571","5.357142857142857","5.803571428571429","92","3.9494163424124515","26","257","477","9.377431906614786","1.556420233463035","2.3346303501945527","2.3346303501945527","1.556420233463035","92","4.093959731543624","26","298","571","9.275167785234899","6.040268456375839","4.697986577181208","2.684563758389262","7.382550335570469","92","3.9653846153846155","24","260","503","9.146153846153846","2.6923076923076925","1.9230769230769231","3.4615384615384617","2.6923076923076925","92","3.9182879377431905","24","257","513","9.206225680933851","2.3346303501945527","0","3.8910505836575875","1.556420233463035","92","4.037190082644628","30","242","587","9.37190082644628","9.090909090909092","2.479338842975207","0","7.43801652892562","92","4.1022727272727275","16","264","480","9.257575757575758","6.4393939393939394","4.545454545454546","1.5151515151515151","5.303030303030303","92","3.9926470588235294","19","272","523","9.338235294117647","2.573529411764706","3.3088235294117645","4.779411764705882","4.044117647058823","92","3.8629032258064515","27","248","481","9.387096774193548","4.032258064516129","0.8064516129032258","0","1.6129032258064515","92","3.982456140350877","25","285","538","9.291228070175439","7.368421052631579","1.4035087719298245","0.7017543859649122","2.807017543859649","92","4.144329896907217","21","291","537","9.168384879725085","4.123711340206185","6.529209621993127","6.8728522336769755","2.7491408934707904","92","4.103202846975089","24","281","522","9.181494661921707","2.491103202846975","4.270462633451957","5.693950177935943","3.202846975088968","92","3.992565055762082","31","269","632","9.234200743494425","9.293680297397769","0.7434944237918215","0.7434944237918215","1.486988847583643","92","3.969924812030075","37","266","482","9.270676691729323","3.7593984962406015","1.5037593984962405","1.8796992481203008","2.255639097744361","92","3.905511811023622","21","254","478","9.283464566929133","5.905511811023622","0.7874015748031497","0.7874015748031497","0","92","4.101503759398496","24","266","495","9.323308270676693","6.7669172932330826","6.015037593984962","3.3834586466165413","4.135338345864661","92","4.098976109215017","30","293","562","9.180887372013652","4.09556313993174","7.508532423208191","3.0716723549488054","2.7303754266211606","92","3.881720430107527","26","279","477","9.254480286738351","1.7921146953405018","0","2.5089605734767026","0","92","4.0643939393939394","21","264","546","9.257575757575758","6.818181818181818","0.7575757575757576","7.575757575757576","1.5151515151515151","92","4.014760147601476","29","271","548","9.276752767527675","4.797047970479705","2.952029520295203","1.845018450184502","4.428044280442805","92","4.148698884758364","31","269","512","9.16728624535316","7.806691449814126","3.717472118959108","0.7434944237918215","9.293680297397769","92","4.034042553191489","27","235","467","9.225531914893617","4.680851063829787","1.702127659574468","5.1063829787234045","0.851063829787234","92","4","35","306","637","9.379084967320262","3.9215686274509802","1.9607843137254901","3.5947712418300655","2.9411764705882355","92","4","22","270","564","9.34074074074074","8.148148148148149","3.3333333333333335","2.5925925925925926","2.5925925925925926","92","3.978798586572438","23","283","526","9.328621908127209","3.1802120141342756","0","0","5.30035335689046","92","4.049645390070922","26","282","540","9.382978723404255","4.25531914893617","4.609929078014185","3.1914893617021276","1.4184397163120568","92","4.1891891891891895","38","259","565","9.243243243243244","6.563706563706564","3.861003861003861","8.108108108108109","4.2471042471042475"
,"93","4.043478260869565","20","276","601","9.36231884057971","6.521739130434782","3.6231884057971016","0.7246376811594203","3.6231884057971016","93","4.513725490196078","26","255","574","9.262745098039217","2.7450980392156863","16.470588235294116","33.72549019607843","1.9607843137254901","93","3.9966777408637872","33","301","542","9.17607973421927","2.990033222591362","6.312292358803987","0.9966777408637874","3.3222591362126246","93","4.244604316546763","24","278","565","9.035971223021583","1.7985611510791366","3.237410071942446","2.8776978417266186","23.741007194244606","93","4.137254901960785","28","255","464","9.129411764705882","9.803921568627452","6.666666666666667","3.1372549019607843","5.098039215686274","93","4.077464788732394","31","284","615","9.32394366197183","3.5211267605633805","4.929577464788732","3.1690140845070425","2.112676056338028","93","4.198630136986301","24","292","544","9.383561643835616","17.123287671232877","0","4.109589041095891","8.561643835616438","93","4.077192982456141","28","285","593","9.171929824561403","2.456140350877193","6.666666666666667","0","8.771929824561404","93","4.046666666666667","25","300","577","9.233333333333333","3","3.6666666666666665","11.666666666666666","1.3333333333333333","93","4.086505190311419","28","289","547","9.176470588235293","7.26643598615917","5.882352941176471","3.8062283737024223","0.6920415224913494","93","4.111553784860558","31","251","504","9.195219123505977","5.179282868525896","2.7888446215139444","1.593625498007968","5.179282868525896","93","3.951020408163265","39","245","425","9.216326530612244","7.346938775510204","0.8163265306122449","0.8163265306122449","0.8163265306122449","93","4.0418250950570345","29","263","456","9.247148288973383","4.182509505703422","2.661596958174905","4.182509505703422","5.7034220532319395","93","4.151785714285714","26","224","403","9.401785714285714","3.5714285714285716","6.696428571428571","5.357142857142857","5.803571428571429","93","3.945525291828794","26","257","477","9.377431906614786","1.556420233463035","2.3346303501945527","2.3346303501945527","1.556420233463035","93","4.097972972972973","26","296","571","9.202702702702704","6.081081081081081","4.72972972972973","2.7027027027027026","7.094594594594595","93","3.965250965250965","24","259","503","9.104247104247104","2.7027027027027026","1.9305019305019304","3.474903474903475","2.7027027027027026","93","3.9182879377431905","24","257","513","9.206225680933851","2.3346303501945527","0","3.8910505836575875","1.556420233463035","93","4.029166666666667","30","240","587","9.291666666666666","8.75","2.5","0","7.083333333333333","93","4.1022727272727275","16","264","480","9.257575757575758","6.818181818181818","4.545454545454546","1.5151515151515151","5.303030303030303","93","3.992619926199262","19","271","523","9.306273062730627","2.5830258302583027","3.321033210332103","4.797047970479705","4.059040590405904","93","3.8577235772357725","28","246","481","9.300813008130081","4.065040650406504","0.8130081300813008","0","1.6260162601626016","93","3.9823321554770317","26","283","538","9.222614840989399","7.420494699646643","1.4134275618374559","0.7067137809187279","2.8268551236749118","93","4.144329896907217","21","291","537","9.168384879725085","4.123711340206185","6.529209621993127","6.8728522336769755","2.7491408934707904","93","4.103571428571429","25","280","522","9.142857142857142","2.5","4.285714285714286","5.714285714285714","3.2142857142857144","93","3.985074626865672","31","268","632","9.223880597014926","8.955223880597014","0.746268656716418","0.746268656716418","1.492537313432836","93","3.969811320754717","38","265","482","9.237735849056603","3.7735849056603774","1.509433962264151","1.8867924528301887","2.2641509433962264","93","3.9047619047619047","21","252","478","9.198412698412698","5.9523809523809526","0.7936507936507936","0.7936507936507936","0","93","4.091254752851711","24","263","495","9.201520912547528","6.083650190114068","6.083650190114068","3.4220532319391634","4.182509505703422","93","4.0993150684931505","31","292","562","9.143835616438356","4.109589041095891","7.534246575342466","3.0821917808219177","2.73972602739726","93","3.88086642599278","27","277","477","9.176895306859207","1.8050541516245486","0","2.527075812274368","0","93","4.068702290076335","21","262","546","9.17557251908397","6.870229007633588","0.7633587786259542","7.251908396946565","1.5267175572519085","93","4.014814814814815","30","270","548","9.237037037037037","4.814814814814815","2.962962962962963","1.8518518518518519","4.444444444444445","93","4.149253731343284","32","268","512","9.126865671641792","7.835820895522388","3.7313432835820897","0.746268656716418","9.328358208955224","93","4.034042553191489","27","235","467","9.225531914893617","4.680851063829787","1.702127659574468","5.1063829787234045","0.851063829787234","93","3.99672131147541","35","305","637","9.344262295081966","3.9344262295081966","1.9672131147540983","3.6065573770491803","2.9508196721311477","93","3.996282527881041","23","269","564","9.301115241635689","8.178438661710038","3.345724907063197","2.6022304832713754","2.6022304832713754","93","3.978723404255319","24","282","526","9.290780141843971","3.1914893617021276","0","0","5.319148936170213","93","4.042553191489362","26","282","540","9.382978723404255","4.25531914893617","4.609929078014185","3.1914893617021276","1.4184397163120568","93","4.182879377431907","39","257","565","9.15953307392996","6.614785992217898","3.8910505836575875","7.782101167315175","3.8910505836575875"
,"94","4.043636363636364","20","275","616","9.432727272727274","6.545454545454546","3.6363636363636362","0.7272727272727273","3.6363636363636362","94","4.537549407114624","26","253","598","9.375494071146244","2.766798418972332","16.99604743083004","35.17786561264822","1.976284584980237","94","3.9966666666666666","34","300","562","9.273333333333333","3","5.666666666666667","1","4","94","4.249097472924188","24","277","587","9.155234657039712","2.1660649819494586","3.2490974729241877","2.888086642599278","23.826714801444044","94","4.138888888888889","29","252","491","9.214285714285714","8.73015873015873","6.746031746031746","3.1746031746031744","5.9523809523809526","94","4.074468085106383","32","282","636","9.397163120567376","3.5460992907801416","4.964539007092198","2.8368794326241136","2.127659574468085","94","4.198630136986301","24","292","558","9.479452054794521","16.78082191780822","0","4.109589041095891","8.904109589041095","94","4.0701754385964914","28","285","618","9.347368421052632","1.7543859649122806","6.666666666666667","0","8.771929824561404","94","4.046979865771812","25","298","595","9.281879194630873","2.684563758389262","3.6912751677852347","11.74496644295302","1.342281879194631","94","4.086805555555555","29","288","576","9.340277777777779","6.944444444444445","5.902777777777778","3.8194444444444446","1.0416666666666667","94","4.108","31","250","531","9.368","4.8","2.4","1.6","5.2","94","3.94672131147541","39","244","441","9.30327868852459","6.967213114754099","0.819672131147541","0.819672131147541","0.819672131147541","94","4.038022813688213","29","263","471","9.361216730038024","4.182509505703422","2.2813688212927756","4.182509505703422","5.7034220532319395","94","4.147321428571429","26","224","411","9.473214285714286","3.125","6.696428571428571","5.357142857142857","5.803571428571429","94","3.9494163424124515","26","257","489","9.470817120622568","1.556420233463035","2.3346303501945527","2.3346303501945527","1.556420233463035","94","4.094915254237288","26","295","594","9.322033898305085","6.101694915254237","4.745762711864407","2.711864406779661","7.4576271186440675","94","3.965250965250965","24","259","530","9.312741312741313","2.7027027027027026","1.9305019305019304","3.474903474903475","2.7027027027027026","94","3.9215686274509802","24","255","528","9.24705882352941","2.3529411764705883","0","3.9215686274509802","1.5686274509803921","94","4.0375","30","240","606","9.45","9.166666666666666","2.5","0","7.5","94","4.098859315589354","16","263","500","9.399239543726235","6.083650190114068","4.562737642585551","1.520912547528517","5.32319391634981","94","3.9925925925925925","19","270","538","9.377777777777778","2.5925925925925926","3.3333333333333335","4.814814814814815","4.074074074074074","94","3.861788617886179","28","246","499","9.447154471544716","4.065040650406504","0.8130081300813008","0","1.6260162601626016","94","3.98220640569395","26","281","555","9.281138790035588","7.117437722419929","1.4234875444839858","0.7117437722419929","3.202846975088968","94","4.144329896907217","21","291","551","9.264604810996564","4.123711340206185","6.529209621993127","6.8728522336769755","2.7491408934707904","94","4.103942652329749","26","279","549","9.297491039426523","2.5089605734767026","4.301075268817204","5.734767025089606","3.225806451612903","94","3.99250936329588","32","267","657","9.370786516853933","9.363295880149813","0.7490636704119851","0.7490636704119851","1.4981273408239701","94","3.969811320754717","38","265","499","9.366037735849057","3.7735849056603774","1.509433962264151","1.8867924528301887","2.2641509433962264","94","3.9047619047619047","21","252","500","9.373015873015873","5.9523809523809526","0.7936507936507936","0.7936507936507936","0","94","4.106463878326996","24","263","523","9.414448669201521","6.4638783269961975","6.083650190114068","3.4220532319391634","4.182509505703422","94","4.0993150684931505","31","292","579","9.26027397260274","4.109589041095891","7.534246575342466","3.0821917808219177","2.73972602739726","94","3.88086642599278","27","277","501","9.350180505415162","1.8050541516245486","0","2.527075812274368","0","94","4.0727969348659006","21","261","563","9.264367816091953","6.896551724137931","0.7662835249042146","6.896551724137931","1.5325670498084292","94","4.014869888475836","31","269","571","9.368029739776953","4.83271375464684","2.973977695167286","1.858736059479554","4.4609665427509295","94","4.149812734082397","32","267","528","9.205992509363297","7.865168539325842","3.745318352059925","0.7490636704119851","9.363295880149813","94","4.034188034188034","27","234","493","9.401709401709402","4.700854700854701","1.7094017094017093","5.128205128205129","0.8547008547008547","94","4","35","305","648","9.416393442622951","3.9344262295081966","1.9672131147540983","3.6065573770491803","2.9508196721311477","94","4","23","268","579","9.373134328358208","8.208955223880597","3.3582089552238807","2.611940298507463","2.611940298507463","94","3.9750889679715304","24","281","542","9.373665480427047","3.202846975088968","0","0","4.98220640569395","94","4.049822064056939","26","281","559","9.480427046263346","4.270462633451957","4.6263345195729535","3.202846975088968","1.4234875444839858","94","4.165354330708661","39","254","587","9.21259842519685","6.299212598425197","3.937007874015748","7.086614173228346","3.1496062992125986"
,"95","4.054945054945055","20","273","616","9.362637362637363","7.326007326007326","3.663003663003663","0.7326007326007326","4.029304029304029","95","4.523809523809524","26","252","598","9.333333333333334","2.380952380952381","17.063492063492063","34.523809523809526","1.9841269841269842","95","3.9932885906040267","36","298","562","9.201342281879194","3.0201342281879193","5.704697986577181","1.0067114093959733","3.6912751677852347","95","4.25","24","276","587","9.115942028985508","2.536231884057971","3.260869565217391","2.898550724637681","23.55072463768116","95","4.135458167330677","29","251","491","9.171314741035857","9.163346613545817","6.374501992031872","3.187250996015936","5.577689243027889","95","4.074468085106383","32","282","636","9.397163120567376","3.5460992907801416","4.964539007092198","2.8368794326241136","2.127659574468085","95","4.2020547945205475","24","292","558","9.479452054794521","17.465753424657535","0","4.109589041095891","8.561643835616438","95","4.070422535211268","29","284","618","9.309859154929578","1.7605633802816902","6.690140845070423","0","8.80281690140845","95","4.043624161073826","25","298","595","9.281879194630873","2.684563758389262","3.6912751677852347","11.74496644295302","1.342281879194631","95","4.083916083916084","31","286","576","9.265734265734265","6.993006993006993","5.944055944055944","3.8461538461538463","0.6993006993006993","95","4.108","31","250","531","9.368","4.8","2.4","1.6","5.2","95","3.9508196721311477","39","244","441","9.30327868852459","7.377049180327869","0.819672131147541","0.819672131147541","0.819672131147541","95","4.038167938931298","29","262","471","9.320610687022901","4.198473282442748","2.2900763358778624","4.198473282442748","5.7251908396946565","95","4.1524663677130045","26","223","411","9.426008968609866","3.587443946188341","6.726457399103139","5.381165919282512","5.829596412556054","95","3.945525291828794","26","257","489","9.470817120622568","1.556420233463035","2.3346303501945527","2.3346303501945527","1.556420233463035","95","4.098305084745762","26","295","594","9.322033898305085","6.101694915254237","4.745762711864407","2.711864406779661","7.4576271186440675","95","3.9689922480620154","24","258","530","9.271317829457365","2.7131782945736433","1.937984496124031","3.488372093023256","2.7131782945736433","95","3.925490196078431","24","255","528","9.24705882352941","2.3529411764705883","0","3.9215686274509802","1.5686274509803921","95","4.0375","30","240","606","9.45","9.166666666666666","2.5","0","7.5","95","4.099236641221374","16","262","500","9.358778625954198","6.488549618320611","4.580152671755725","1.5267175572519085","5.343511450381679","95","3.9888059701492535","19","268","538","9.298507462686567","2.611940298507463","2.985074626865672","4.850746268656716","4.104477611940299","95","3.8577235772357725","28","246","499","9.447154471544716","4.065040650406504","0.8130081300813008","0","1.6260162601626016","95","3.967391304347826","28","276","555","9.08695652173913","6.521739130434782","1.0869565217391304","0.7246376811594203","2.898550724637681","95","4.144329896907217","21","291","551","9.264604810996564","4.123711340206185","6.529209621993127","6.8728522336769755","2.7491408934707904","95","4.10431654676259","26","278","549","9.258992805755396","2.5179856115107913","4.316546762589928","5.755395683453237","3.237410071942446","95","3.9850187265917603","32","267","657","9.370786516853933","8.98876404494382","0.7490636704119851","0.7490636704119851","1.4981273408239701","95","3.9732824427480917","39","262","499","9.290076335877863","3.816793893129771","1.5267175572519085","1.9083969465648856","2.2900763358778624","95","3.904382470119522","21","251","500","9.338645418326694","5.9760956175298805","0.796812749003984","0.796812749003984","0","95","4.102661596958175","24","263","523","9.414448669201521","6.4638783269961975","6.083650190114068","3.4220532319391634","4.182509505703422","95","4.0993150684931505","31","292","579","9.26027397260274","4.109589041095891","7.534246575342466","3.0821917808219177","2.73972602739726","95","3.880434782608696","27","276","501","9.31159420289855","1.8115942028985508","0","2.536231884057971","0","95","4.073076923076923","21","260","563","9.23076923076923","6.923076923076923","0.7692307692307693","6.923076923076923","1.5384615384615385","95","4.0111940298507465","32","268","571","9.328358208955224","4.477611940298507","2.985074626865672","1.8656716417910448","4.477611940298507","95","4.150375939849624","32","266","528","9.165413533834586","7.894736842105263","3.7593984962406015","0.7518796992481203","9.398496240601503","95","4.034334763948498","27","233","493","9.356223175965665","4.721030042918455","1.7167381974248928","5.150214592274678","0.8583690987124464","95","4","35","305","648","9.416393442622951","3.9344262295081966","1.9672131147540983","3.6065573770491803","2.9508196721311477","95","3.996268656716418","23","268","579","9.373134328358208","8.208955223880597","3.3582089552238807","2.611940298507463","2.611940298507463","95","3.975","24","280","542","9.335714285714285","3.2142857142857144","0","0","5","95","4.042857142857143","26","280","559","9.442857142857143","4.285714285714286","4.642857142857143","3.2142857142857144","1.4285714285714286","95","4.154150197628459","40","253","587","9.1699604743083","5.928853754940712","3.952569169960474","6.719367588932807","2.766798418972332"
,"96","4.043956043956044","20","273","616","9.362637362637363","6.593406593406593","3.663003663003663","0.7326007326007326","3.663003663003663","96","4.54","27","250","598","9.256","2.4","16.8","35.6","2","96","3.9966329966329965","36","297","562","9.164983164983164","3.0303030303030303","5.723905723905724","1.0101010101010102","4.040404040404041","96","4.2700729927007295","25","274","587","9.043795620437956","2.5547445255474455","3.2846715328467155","2.9197080291970803","25.547445255474454","96","4.128","29","250","491","9.128","9.6","6","3.2","4.8","96","4.070921985815603","32","282","636","9.397163120567376","3.1914893617021276","4.964539007092198","2.8368794326241136","2.127659574468085","96","4.209621993127148","24","291","558","9.443298969072165","18.213058419243985","0","4.123711340206185","8.24742268041237","96","4.070921985815603","31","282","618","9.24113475177305","1.7730496453900708","6.73758865248227","0","8.865248226950355","96","4.050335570469799","25","298","595","9.281879194630873","2.684563758389262","3.6912751677852347","12.080536912751677","1.342281879194631","96","4.08421052631579","32","285","576","9.235087719298246","7.017543859649122","5.964912280701754","3.8596491228070176","0.7017543859649122","96","4.108","31","250","531","9.368","4.8","2.4","1.6","5.2","96","3.94672131147541","39","244","441","9.30327868852459","6.967213114754099","0.819672131147541","0.819672131147541","0.819672131147541","96","4.038167938931298","29","262","471","9.320610687022901","4.198473282442748","2.2900763358778624","4.198473282442748","5.7251908396946565","96","4.147982062780269","26","223","411","9.426008968609866","3.1390134529147984","6.726457399103139","5.381165919282512","5.829596412556054","96","3.9490196078431374","27","255","489","9.388235294117647","1.5686274509803921","2.3529411764705883","1.9607843137254901","1.5686274509803921","96","4.095890410958904","28","292","594","9.212328767123287","6.164383561643835","4.794520547945205","2.73972602739726","7.534246575342466","96","3.972762645914397","24","257","530","9.229571984435797","2.7237354085603114","1.9455252918287937","3.501945525291829","2.7237354085603114","96","3.925490196078431","24","255","528","9.24705882352941","2.3529411764705883","0","3.9215686274509802","1.5686274509803921","96","4.03781512605042","30","238","606","9.361344537815127","9.243697478991596","2.5210084033613445","0","7.563025210084033","96","4.1","18","260","500","9.284615384615385","6.153846153846154","4.615384615384615","1.5384615384615385","5.384615384615385","96","3.992424242424242","21","264","538","9.174242424242424","2.6515151515151514","3.0303030303030303","4.924242424242424","4.166666666666667","96","3.8559670781893005","30","243","499","9.34156378600823","4.11522633744856","0.823045267489712","0","1.646090534979424","96","3.960144927536232","28","276","555","9.08695652173913","6.159420289855072","0.7246376811594203","0.7246376811594203","3.260869565217391","96","4.144827586206897","21","290","551","9.227586206896552","4.137931034482759","6.551724137931035","6.896551724137931","2.7586206896551726","96","4.1046931407942235","27","277","549","9.220216606498195","2.527075812274368","4.332129963898917","5.776173285198556","3.2490974729241877","96","3.992481203007519","32","266","657","9.330827067669173","9.398496240601503","0.7518796992481203","0.7518796992481203","1.5037593984962405","96","3.9732824427480917","39","262","499","9.290076335877863","3.816793893129771","1.5267175572519085","1.9083969465648856","2.2900763358778624","96","3.9036144578313254","22","249","500","9.25301204819277","6.024096385542169","0.8032128514056225","0.8032128514056225","0","96","4.114942528735632","25","261","523","9.333333333333334","6.513409961685824","6.130268199233717","3.4482758620689653","4.21455938697318","96","4.0993150684931505","31","292","579","9.26027397260274","4.109589041095891","7.534246575342466","3.0821917808219177","2.73972602739726","96","3.88","27","275","501","9.272727272727273","1.8181818181818181","0","2.5454545454545454","0","96","4.077220077220077","21","259","563","9.235521235521235","6.94980694980695","0.7722007722007722","6.94980694980695","1.5444015444015444","96","4.007518796992481","32","266","571","9.25563909774436","4.135338345864661","3.007518796992481","1.8796992481203008","4.511278195488722","96","4.150943396226415","33","265","528","9.124528301886793","7.9245283018867925","3.7735849056603774","0.7547169811320755","9.433962264150944","96","4.034334763948498","27","233","493","9.356223175965665","4.721030042918455","1.7167381974248928","5.150214592274678","0.8583690987124464","96","4","36","304","648","9.381578947368421","3.9473684210526314","1.9736842105263157","3.6184210526315788","2.960526315789474","96","4","23","268","579","9.373134328358208","8.208955223880597","3.3582089552238807","2.611940298507463","2.611940298507463","96","3.974910394265233","25","279","542","9.297491039426523","3.225806451612903","0","0","5.017921146953405","96","4.050179211469534","26","279","559","9.42652329749104","4.301075268817204","4.659498207885305","3.225806451612903","1.4336917562724014","96","4.154150197628459","40","253","587","9.1699604743083","5.928853754940712","3.952569169960474","6.719367588932807","2.766798418972332"
,"97","3.7195945945945947","20","296","632","9.27027027027027","9.121621621621621","6.756756756756757","2.027027027027027","5.405405405405405","97","4.003533568904594","27","283","620","9.088339222614842","6.007067137809187","19.081272084805654","33.92226148409894","6.713780918727915","97","3.784565916398714","37","311","584","9.318327974276528","4.501607717041801","6.752411575562701","1.9292604501607717","4.180064308681672","97","4.017361111111111","26","288","614","9.305555555555555","3.8194444444444446","5.208333333333333","4.166666666666667","24.65277777777778","97","3.825925925925926","30","270","517","9.22962962962963","11.11111111111111","6.666666666666667","6.296296296296297","8.88888888888889","97","3.872053872053872","32","297","652","9.373737373737374","5.723905723905724","6.734006734006734","3.7037037037037037","4.040404040404041","97","3.8974358974358974","26","312","568","9.23076923076923","19.23076923076923","3.8461538461538463","6.410256410256411","11.538461538461538","97","3.9790940766550524","32","287","637","9.40766550522648","2.7874564459930316","6.968641114982578","1.0452961672473868","10.801393728222996","97","3.775","25","320","608","9.19375","5","5.625","13.125","3.125","97","3.8316831683168315","33","303","607","9.353135313531354","9.900990099009901","7.260726072607261","6.270627062706271","3.3003300330033003","97","3.9343629343629343","31","259","548","9.498069498069498","6.177606177606178","4.633204633204633","1.5444015444015444","6.177606177606178","97","3.765625","39","256","453","9.296875","8.203125","3.515625","1.953125","2.34375","97","3.686411149825784","29","287","480","9.087108013937282","6.620209059233449","5.574912891986063","6.968641114982578","8.013937282229966","97","3.9913793103448274","26","232","416","9.431034482758621","4.310344827586207","7.758620689655173","6.0344827586206895","7.327586206896552","97","3.7047970479704797","28","271","502","9.306273062730627","2.952029520295203","3.690036900369004","3.321033210332103","2.5830258302583027","97","3.685185185185185","28","324","618","9.123456790123457","9.25925925925926","7.716049382716049","5.555555555555555","11.11111111111111","97","3.699275362318841","24","276","552","9.253623188405797","4.3478260869565215","4.3478260869565215","5.072463768115942","4.3478260869565215","97","3.6826568265682655","24","271","542","9.247232472324724","4.797047970479705","0.36900369003690037","4.059040590405904","2.5830258302583027","97","3.7984189723320156","30","253","617","9.328063241106719","9.881422924901186","4.3478260869565215","2.3715415019762847","8.695652173913043","97","3.844765342960289","18","277","521","9.328519855595667","8.303249097472925","6.859205776173285","3.6101083032490973","8.664259927797834","97","3.818840579710145","21","276","564","9.398550724637682","4.3478260869565215","3.260869565217391","5.434782608695652","6.159420289855072","97","3.61003861003861","30","259","514","9.297297297297296","5.7915057915057915","3.088803088803089","2.3166023166023164","4.2471042471042475","97","3.8048780487804876","28","287","577","9.337979094076655","7.317073170731708","1.7421602787456445","2.0905923344947737","4.529616724738676","97","3.828025477707006","21","314","562","9.140127388535031","6.369426751592357","7.961783439490445","8.9171974522293","4.777070063694268","97","3.9072164948453607","27","291","564","9.29896907216495","4.810996563573883","6.185567010309279","7.216494845360825","4.123711340206185","97","3.8405797101449277","32","276","670","9.478260869565217","9.782608695652174","1.4492753623188406","1.0869565217391304","2.898550724637681","97","3.6006944444444446","40","288","516","9.17361111111111","7.291666666666667","3.8194444444444446","6.25","5.902777777777778","97","3.640449438202247","22","267","516","9.258426966292134","7.865168539325842","2.6217228464419478","2.6217228464419478","1.1235955056179776","97","3.851449275362319","25","276","544","9.318840579710145","9.420289855072463","8.695652173913043","4.3478260869565215","6.521739130434782","97","4.016891891891892","31","296","587","9.445945945945946","5.0675675675675675","8.445945945945946","3.7162162162162162","3.3783783783783785","97","3.7167832167832167","27","286","518","9.398601398601398","3.4965034965034967","0.6993006993006993","3.4965034965034967","1.7482517482517483","97","3.902621722846442","23","267","581","9.348314606741573","7.49063670411985","1.8726591760299625","7.865168539325842","2.247191011235955","97","3.8345323741007196","32","278","593","9.338129496402878","6.115107913669065","3.9568345323741005","3.237410071942446","5.755395683453237","97","3.8869257950530036","33","283","549","9.328621908127209","9.89399293286219","6.007067137809187","3.5335689045936394","11.307420494699647","97","3.805668016194332","27","247","516","9.384615384615385","6.477732793522267","2.834008097165992","8.097165991902834","2.42914979757085","97","3.823343848580442","37","317","659","9.38801261829653","5.993690851735016","4.100946372239748","4.73186119873817","4.100946372239748","97","3.9084249084249083","23","273","590","9.45054945054945","9.157509157509157","4.395604395604396","3.663003663003663","3.2967032967032965","97","3.758503401360544","26","294","561","9.319727891156463","4.761904761904762","1.0204081632653061","1.7006802721088434","6.802721088435374","97","3.859106529209622","27","291","579","9.450171821305842","4.810996563573883","5.841924398625429","4.810996563573883","2.4054982817869415","97","3.7661870503597124","40","278","612","9.136690647482014","8.992805755395683","6.83453237410072","10.431654676258994","5.755395683453237"
,"98","4.047297297297297","20","296","632","9.27027027027027","5.743243243243243","6.418918918918919","1.3513513513513513","5.405405405405405","98","4.498220640569395","27","281","620","9.06049822064057","3.202846975088968","16.725978647686834","33.096085409252666","4.6263345195729535","98","3.9935275080906147","38","309","584","9.249190938511326","3.236245954692557","5.17799352750809","0.6472491909385113","4.207119741100324","98","4.25","26","288","614","9.305555555555555","2.4305555555555554","4.861111111111111","2.7777777777777777","22.916666666666668","98","4.108208955223881","31","268","517","9.149253731343284","10.074626865671641","5.597014925373134","2.985074626865672","4.477611940298507","98","4.070945945945946","32","296","652","9.337837837837839","3.7162162162162162","4.72972972972973","2.7027027027027026","2.027027027027027","98","4.262135922330097","26","309","568","9.158576051779935","19.093851132686083","3.236245954692557","4.53074433656958","10.35598705501618","98","4.080419580419581","32","286","637","9.37062937062937","1.7482517482517483","6.643356643356643","0","9.44055944055944","98","4.018867924528302","25","318","608","9.125786163522013","2.830188679245283","2.830188679245283","11.635220125786164","0.9433962264150944","98","4.105610561056106","33","303","607","9.353135313531354","7.260726072607261","5.2805280528052805","3.9603960396039604","2.31023102310231","98","4.10077519379845","31","258","548","9.457364341085272","5.813953488372093","3.488372093023256","1.550387596899225","5.038759689922481","98","3.9446640316205532","41","253","453","9.17786561264822","6.719367588932807","2.3715415019762847","1.1857707509881423","0.7905138339920948","98","4.028070175438597","30","285","480","9.010526315789473","4.2105263157894735","2.1052631578947367","4.56140350877193","5.2631578947368425","98","4.172413793103448","26","232","416","9.431034482758621","3.4482758620689653","8.189655172413794","3.8793103448275863","7.758620689655173","98","3.904059040590406","28","271","502","9.306273062730627","1.845018450184502","1.845018450184502","2.2140221402214024","1.1070110701107012","98","4.114197530864198","28","324","618","9.123456790123457","6.790123456790123","3.7037037037037037","2.7777777777777777","8.950617283950617","98","3.9817518248175183","25","274","552","9.175182481751825","4.37956204379562","1.8248175182481752","3.6496350364963503","2.5547445255474455","98","3.9","24","270","542","9.207407407407407","2.2222222222222223","0.7407407407407407","3.7037037037037037","1.4814814814814814","98","4.0436507936507935","30","252","617","9.285714285714286","10.317460317460318","3.1746031746031744","1.1904761904761905","7.5396825396825395","98","4.101449275362318","19","276","521","9.289855072463768","6.521739130434782","4.7101449275362315","0.7246376811594203","6.884057971014493","98","3.9562043795620436","21","274","564","9.321167883211679","1.8248175182481752","2.9197080291970803","4.744525547445256","3.2846715328467155","98","3.884169884169884","30","259","514","9.297297297297296","4.2471042471042475","0.7722007722007722","0.3861003861003861","1.5444015444015444","98","3.965034965034965","28","286","577","9.307692307692308","6.293706293706293","0.6993006993006993","0.6993006993006993","2.797202797202797","98","4.153846153846154","21","312","562","9.076923076923077","5.128205128205129","7.051282051282051","7.051282051282051","1.9230769230769231","98","4.11340206185567","27","291","564","9.29896907216495","3.0927835051546393","5.841924398625429","6.529209621993127","3.0927835051546393","98","3.9854545454545454","32","275","670","9.44","8.727272727272727","0.7272727272727273","0.36363636363636365","2.1818181818181817","98","4","41","287","516","9.13588850174216","4.181184668989547","2.0905923344947737","1.7421602787456445","3.832752613240418","98","3.898496240601504","23","266","516","9.218045112781954","5.639097744360902","0.7518796992481203","1.8796992481203008","0","98","4.141818181818182","26","275","544","9.28","6.181818181818182","8.363636363636363","3.272727272727273","5.454545454545454","98","4.101694915254237","31","295","587","9.430508474576271","4.067796610169491","7.11864406779661","3.0508474576271185","2.711864406779661","98","3.880701754385965","27","285","518","9.36140350877193","1.4035087719298245","0.7017543859649122","2.456140350877193","1.0526315789473684","98","4.075757575757576","26","264","581","9.227272727272727","6.0606060606060606","0.7575757575757576","6.818181818181818","1.5151515151515151","98","4.014440433212997","32","277","593","9.31407942238267","5.054151624548736","2.888086642599278","1.8050541516245486","4.693140794223827","98","4.185053380782918","34","281","549","9.252669039145907","8.896797153024911","6.049822064056939","0.7117437722419929","8.896797153024911","98","4.060728744939271","27","247","516","9.384615384615385","7.6923076923076925","1.6194331983805668","6.477732793522267","0.8097165991902834","98","4.035031847133758","38","314","659","9.305732484076433","5.414012738853503","1.910828025477707","4.140127388535032","3.1847133757961785","98","3.989010989010989","23","273","590","9.45054945054945","7.326007326007326","2.93040293040293","2.5641025641025643","2.197802197802198","98","3.993150684931507","26","292","561","9.321917808219178","4.109589041095891","0.3424657534246575","0","5.821917808219178","98","4.003472222222222","27","288","579","9.340277777777779","4.166666666666667","3.8194444444444446","3.125","1.3888888888888888","98","4.130434782608695","41","276","612","9.057971014492754","5.434782608695652","4.3478260869565215","7.246376811594203","3.260869565217391"
,"99","4.04406779661017","20","295","632","9.233898305084745","5.762711864406779","7.11864406779661","1.3559322033898304","4.067796610169491","99","4.494661921708185","27","281","620","9.06049822064057","3.202846975088968","17.081850533807827","30.604982206405694","4.270462633451957","99","3.9935064935064934","39","308","584","9.220779220779221","3.896103896103896","5.194805194805195","0.974025974025974","3.896103896103896","99","4.2543554006968645","27","287","614","9.268292682926829","2.4390243902439024","5.2264808362369335","2.7874564459930316","22.64808362369338","99","4.131578947368421","31","266","517","9.075187969924812","10.150375939849624","5.639097744360902","3.007518796992481","5.639097744360902","99","4.0641891891891895","32","296","652","9.337837837837839","3.0405405405405403","5.0675675675675675","2.7027027027027026","2.027027027027027","99","4.284789644012945","26","309","568","9.158576051779935","18.446601941747574","3.559870550161812","4.854368932038835","11.003236245954692","99","4.076923076923077","32","286","637","9.37062937062937","1.7482517482517483","6.993006993006993","0","9.090909090909092","99","4.022012578616352","25","318","608","9.125786163522013","2.5157232704402515","2.830188679245283","11.635220125786164","0.9433962264150944","99","4.106312292358804","34","301","607","9.289036544850498","7.308970099667774","5.3156146179401995","3.9867109634551494","2.3255813953488373","99","4.098039215686274","32","255","548","9.341176470588236","5.882352941176471","3.1372549019607843","1.5686274509803921","4.705882352941177","99","3.9404761904761907","41","252","453","9.174603174603174","7.142857142857143","1.9841269841269842","0.7936507936507936","0.7936507936507936","99","4.031578947368421","30","285","480","9.010526315789473","3.1578947368421053","2.456140350877193","3.8596491228070176","5.2631578947368425","99","4.186147186147186","26","231","416","9.385281385281385","3.896103896103896","7.792207792207792","3.896103896103896","7.792207792207792","99","3.9003690036900367","28","271","502","9.306273062730627","2.2140221402214024","1.4760147601476015","2.5830258302583027","0.7380073800738007","99","4.120743034055727","29","323","618","9.089783281733746","6.811145510835913","3.7151702786377707","2.476780185758514","8.6687306501548","99","3.978021978021978","25","273","552","9.135531135531135","4.395604395604396","1.8315018315018314","3.663003663003663","2.5641025641025643","99","3.903345724907063","24","269","542","9.16728624535316","2.6022304832713754","0.7434944237918215","3.717472118959108","1.486988847583643","99","4.052","30","250","617","9.2","10.4","3.2","0.8","8","99","4.087272727272727","19","275","521","9.25090909090909","6.181818181818182","4.363636363636363","0.7272727272727273","6.545454545454546","99","3.9562043795620436","21","274","564","9.321167883211679","1.8248175182481752","2.9197080291970803","4.37956204379562","3.2846715328467155","99","3.891891891891892","30","259","514","9.297297297297296","4.2471042471042475","0.7722007722007722","0","1.9305019305019304","99","3.9614035087719297","29","285","577","9.27017543859649","6.315789473684211","0.7017543859649122","0.7017543859649122","2.807017543859649","99","4.153846153846154","21","312","562","9.076923076923077","4.8076923076923075","7.051282051282051","7.051282051282051","1.9230769230769231","99","4.124137931034483","27","290","564","9.317241379310344","3.103448275862069","5.517241379310345","6.896551724137931","3.103448275862069","99","3.978181818181818","32","275","670","9.44","8.727272727272727","0.7272727272727273","0","2.1818181818181817","99","4.003496503496503","41","286","516","9.097902097902098","4.195804195804196","2.097902097902098","1.7482517482517483","4.545454545454546","99","3.8909774436090228","23","266","516","9.218045112781954","5.639097744360902","0.7518796992481203","1.5037593984962405","0","99","4.127737226277373","26","274","544","9.24087591240876","6.204379562043796","7.299270072992701","3.2846715328467155","5.474452554744525","99","4.094915254237288","31","295","587","9.430508474576271","4.067796610169491","6.779661016949152","3.0508474576271185","2.3728813559322033","99","3.887323943661972","27","284","518","9.366197183098592","1.408450704225352","0.704225352112676","2.464788732394366","0.704225352112676","99","4.072243346007604","27","263","581","9.193916349809886","5.7034220532319395","0.7604562737642585","6.844106463878327","1.520912547528517","99","4.014440433212997","32","277","593","9.31407942238267","5.054151624548736","2.888086642599278","1.8050541516245486","4.332129963898917","99","4.177935943060498","34","281","549","9.252669039145907","8.896797153024911","5.693950177935943","0.7117437722419929","8.896797153024911","99","4.057377049180328","28","244","516","9.254098360655737","7.786885245901639","1.639344262295082","6.147540983606557","0.819672131147541","99","4.048387096774194","38","310","659","9.167741935483871","5.806451612903226","1.935483870967742","4.516129032258065","2.903225806451613","99","3.9779411764705883","24","272","590","9.411764705882353","7.352941176470588","2.9411764705882355","2.573529411764706","2.2058823529411766","99","3.9965397923875434","27","289","561","9.211072664359861","4.1522491349480966","0","0","5.882352941176471","99","4.006944444444445","27","288","579","9.340277777777779","4.166666666666667","3.8194444444444446","3.125","1.3888888888888888","99","4.130909090909091","41","275","612","9.069090909090908","5.454545454545454","4.363636363636363","6.909090909090909","3.6363636363636362"
,"100","4.040816326530612","20","294","651","9.326530612244898","6.122448979591836","6.122448979591836","1.3605442176870748","4.081632653061225","100","4.519713261648746","27","279","635","9.089605734767025","2.5089605734767026","17.204301075268816","31.899641577060933","3.942652329749104","100","3.993485342019544","39","307","602","9.302931596091206","3.583061889250814","4.88599348534202","0.6514657980456026","4.234527687296417","100","4.2508710801393725","27","287","628","9.365853658536585","2.4390243902439024","4.878048780487805","2.7874564459930316","22.64808362369338","100","4.128787878787879","32","264","532","9.143939393939394","10.984848484848484","5.303030303030303","2.6515151515151514","4.924242424242424","100","4.071186440677966","32","295","669","9.416949152542372","3.0508474576271185","4.745762711864407","2.711864406779661","2.3728813559322033","100","4.280130293159609","26","307","590","9.231270358306189","19.218241042345277","3.257328990228013","4.88599348534202","10.423452768729641","100","4.06993006993007","32","286","651","9.468531468531468","1.7482517482517483","6.293706293706293","0","8.741258741258742","100","4.050632911392405","25","316","626","9.19620253164557","2.848101265822785","3.1645569620253164","12.341772151898734","0.9493670886075949","100","4.113333333333333","34","300","619","9.333333333333334","7.333333333333333","5.666666666666667","4","2.6666666666666665","100","4.1106719367588935","32","253","571","9.446640316205533","5.928853754940712","3.5573122529644268","1.5810276679841897","5.138339920948616","100","3.932","41","250","468","9.208","6.8","1.6","0.8","0.8","100","4.035087719298246","30","285","499","9.143859649122806","3.1578947368421053","2.1052631578947367","3.8596491228070176","5.2631578947368425","100","4.181818181818182","26","231","421","9.428571428571429","3.463203463203463","7.792207792207792","3.896103896103896","7.792207792207792","100","3.899628252788104","28","269","506","9.263940520446097","2.2304832713754648","1.486988847583643","2.2304832713754648","0.7434944237918215","100","4.11875","29","320","635","9.10625","6.875","3.75","2.5","8.125","100","3.988929889298893","25","271","567","9.166051660516604","4.428044280442805","1.845018450184502","4.059040590405904","2.5830258302583027","100","3.8992537313432836","25","268","562","9.276119402985074","2.2388059701492535","0.746268656716418","3.7313432835820897","1.492537313432836","100","4.056224899598393","30","249","634","9.293172690763052","10.441767068273093","3.21285140562249","0.8032128514056225","7.6305220883534135","100","4.084558823529412","21","272","534","9.227941176470589","5.882352941176471","4.411764705882353","0.7352941176470589","6.25","100","3.9523809523809526","21","273","580","9.3992673992674","1.8315018315018314","2.93040293040293","4.395604395604396","3.2967032967032965","100","3.888030888030888","30","259","520","9.343629343629344","4.2471042471042475","0.7722007722007722","0","1.5444015444015444","100","3.9645390070921986","30","282","590","9.24822695035461","6.382978723404255","0.7092198581560284","0.7092198581560284","2.8368794326241136","100","4.1558441558441555","21","308","580","9.051948051948052","4.87012987012987","7.142857142857143","7.142857142857143","1.948051948051948","100","4.128919860627177","28","287","572","9.261324041811847","3.1358885017421603","5.2264808362369335","7.317073170731708","3.1358885017421603","100","3.9744525547445257","32","274","679","9.467153284671532","8.75912408759124","0.7299270072992701","0","1.4598540145985401","100","4.007042253521127","42","284","530","9.126760563380282","4.225352112676056","2.112676056338028","1.7605633802816902","4.577464788732394","100","3.8943396226415095","24","265","530","9.283018867924529","5.660377358490566","0.7547169811320755","1.509433962264151","0","100","4.132352941176471","27","272","556","9.25","6.25","7.352941176470588","3.3088235294117645","5.514705882352941","100","4.095238095238095","31","294","592","9.428571428571429","4.081632653061225","6.802721088435374","3.061224489795918","2.380952380952381","100","3.8865248226950353","27","282","525","9.340425531914894","1.4184397163120568","0.7092198581560284","2.482269503546099","0.7092198581560284","100","4.072243346007604","27","263","604","9.368821292775666","5.7034220532319395","0.7604562737642585","6.844106463878327","1.520912547528517","100","4.014440433212997","32","277","602","9.379061371841155","5.054151624548736","2.888086642599278","1.8050541516245486","3.9711191335740073","100","4.185714285714286","35","280","567","9.342857142857143","9.642857142857142","5.714285714285714","0.7142857142857143","8.928571428571429","100","4.0578512396694215","29","242","534","9.314049586776859","7.851239669421488","1.6528925619834711","6.198347107438017","0.8264462809917356","100","4.04516129032258","38","310","680","9.303225806451612","5.483870967741935","1.935483870967742","4.193548387096774","2.903225806451613","100","3.985239852398524","24","271","598","9.431734317343173","7.011070110701107","2.952029520295203","2.5830258302583027","2.2140221402214024","100","3.9965277777777777","27","288","580","9.305555555555555","4.166666666666667","0","0","5.902777777777778","100","4.013986013986014","27","286","597","9.391608391608392","4.195804195804196","3.8461538461538463","3.1468531468531467","1.3986013986013985","100","4.124087591240876","42","274","630","9.16058394160584","5.109489051094891","4.37956204379562","6.934306569343065","2.5547445255474455"
,"101","4.034013605442177","20","294","651","9.326530612244898","5.782312925170068","5.442176870748299","1.3605442176870748","4.421768707482993","101","4.512544802867383","27","279","635","9.089605734767025","2.150537634408602","17.56272401433692","31.54121863799283","3.942652329749104","101","3.986970684039088","39","307","602","9.302931596091206","3.583061889250814","4.88599348534202","0.9771986970684039","3.9087947882736156","101","4.255244755244755","27","286","628","9.328671328671328","2.4475524475524475","4.895104895104895","2.797202797202797","22.727272727272727","101","4.136882129277566","33","263","532","9.102661596958175","11.02661596958175","5.32319391634981","2.2813688212927756","5.7034220532319395","101","4.068259385665529","33","293","669","9.34470989761092","3.0716723549488054","4.778156996587031","2.7303754266211606","2.04778156996587","101","4.281967213114754","26","305","590","9.21311475409836","19.672131147540984","3.278688524590164","4.590163934426229","9.836065573770492","101","4.066901408450704","32","284","651","9.394366197183098","1.7605633802816902","6.690140845070423","0","8.450704225352112","101","4.06031746031746","26","315","626","9.161904761904761","3.1746031746031744","2.857142857142857","13.333333333333334","0.9523809523809523","101","4.120401337792642","34","299","619","9.297658862876254","7.6923076923076925","6.0200668896321075","4.013377926421405","2.6755852842809364","101","4.107142857142857","32","252","571","9.404761904761905","5.9523809523809526","3.5714285714285716","1.5873015873015872","4.761904761904762","101","3.936","41","250","468","9.208","7.2","1.6","0.8","0.8","101","4.03859649122807","30","285","499","9.143859649122806","3.1578947368421053","2.456140350877193","3.8596491228070176","5.2631578947368425","101","4.186147186147186","26","231","421","9.428571428571429","3.896103896103896","7.792207792207792","3.896103896103896","7.792207792207792","101","3.91044776119403","28","268","506","9.276119402985074","2.2388059701492535","1.492537313432836","2.2388059701492535","0.746268656716418","101","4.1191222570532915","29","319","635","9.072100313479623","6.896551724137931","3.761755485893417","2.5078369905956115","7.523510971786834","101","3.9814126394052045","26","269","567","9.085501858736059","4.089219330855019","1.858736059479554","3.717472118959108","2.6022304832713754","101","3.898496240601504","26","266","562","9.19548872180451","2.255639097744361","0.7518796992481203","3.7593984962406015","1.1278195488721805","101","4.060728744939271","31","247","634","9.23076923076923","10.121457489878543","3.2388663967611335","0.8097165991902834","8.097165991902834","101","4.084558823529412","21","272","534","9.227941176470589","6.25","4.411764705882353","0.7352941176470589","6.25","101","3.956043956043956","21","273","580","9.3992673992674","1.8315018315018314","2.93040293040293","4.395604395604396","3.2967032967032965","101","3.891472868217054","30","258","520","9.30232558139535","4.263565891472868","0.7751937984496124","0","1.937984496124031","101","3.96085409252669","30","281","590","9.209964412811388","6.405693950177936","0.7117437722419929","0.7117437722419929","2.8469750889679717","101","4.159609120521172","22","307","580","9.01628664495114","4.88599348534202","7.166123778501628","7.49185667752443","1.9543973941368078","101","4.129370629370629","29","286","572","9.223776223776223","3.1468531468531467","5.244755244755245","7.3426573426573425","3.1468531468531467","101","3.974264705882353","32","272","679","9.397058823529411","8.823529411764707","0.7352941176470589","0","1.4705882352941178","101","4.00709219858156","42","282","530","9.099290780141844","4.25531914893617","2.127659574468085","1.7730496453900708","4.609929078014185","101","3.8943396226415095","24","265","530","9.283018867924529","5.660377358490566","0.7547169811320755","1.509433962264151","0","101","4.12962962962963","27","270","556","9.170370370370371","6.296296296296297","7.407407407407407","3.3333333333333335","5.555555555555555","101","4.095238095238095","31","294","592","9.428571428571429","4.081632653061225","6.802721088435374","3.061224489795918","2.380952380952381","101","3.8900709219858154","27","282","525","9.340425531914894","1.4184397163120568","0.7092198581560284","2.482269503546099","0.7092198581560284","101","4.072243346007604","27","263","604","9.368821292775666","5.7034220532319395","0.7604562737642585","6.844106463878327","1.520912547528517","101","4.018050541516246","32","277","602","9.379061371841155","5.054151624548736","2.888086642599278","1.8050541516245486","4.332129963898917","101","4.193548387096774","35","279","567","9.304659498207885","10.03584229390681","5.734767025089606","0.7168458781362007","8.960573476702509","101","4.058091286307054","30","241","534","9.269709543568466","7.8838174273858925","1.6597510373443984","6.224066390041494","0.8298755186721992","101","4.0453074433656955","39","309","680","9.268608414239482","5.501618122977346","1.941747572815534","4.207119741100324","2.912621359223301","101","3.970260223048327","24","269","598","9.353159851301115","6.691449814126394","2.973977695167286","2.6022304832713754","2.2304832713754648","101","3.9965156794425085","28","287","580","9.268292682926829","4.181184668989547","0","0","5.923344947735192","101","4.010489510489511","27","286","597","9.391608391608392","4.195804195804196","4.195804195804196","3.1468531468531467","1.3986013986013985","101","4.127737226277373","42","274","630","9.16058394160584","5.109489051094891","4.744525547445256","6.934306569343065","2.5547445255474455"
,"102","4.037414965986395","20","294","651","9.326530612244898","5.782312925170068","6.122448979591836","1.3605442176870748","4.081632653061225","102","4.528776978417266","27","278","635","9.050359712230216","2.158273381294964","18.705035971223023","31.654676258992804","3.9568345323741005","102","3.996742671009772","39","307","602","9.302931596091206","3.9087947882736156","4.88599348534202","0.6514657980456026","4.234527687296417","102","4.2596491228070175","28","285","628","9.291228070175439","2.456140350877193","5.2631578947368425","2.807017543859649","22.45614035087719","102","4.129770992366412","33","262","532","9.061068702290076","10.687022900763358","5.343511450381679","2.2900763358778624","5.343511450381679","102","4.072164948453608","33","291","669","9.326460481099657","3.0927835051546393","4.810996563573883","2.7491408934707904","2.0618556701030926","102","4.289036544850498","27","301","590","9.069767441860465","19.601328903654483","3.3222591362126246","4.651162790697675","10.631229235880399","102","4.070422535211268","32","284","651","9.394366197183098","1.7605633802816902","6.338028169014085","0","8.80281690140845","102","4.054662379421222","27","311","626","9.02250803858521","3.215434083601286","2.8938906752411575","12.540192926045016","0.9646302250803859","102","4.134228187919463","34","298","619","9.261744966442953","8.053691275167786","6.375838926174497","4.026845637583893","2.348993288590604","102","4.111111111111111","32","252","571","9.404761904761905","5.9523809523809526","3.5714285714285716","1.5873015873015872","5.158730158730159","102","3.931726907630522","41","249","468","9.164658634538153","6.827309236947791","1.606425702811245","0.8032128514056225","0.8032128514056225","102","4.035087719298246","30","285","499","9.143859649122806","3.1578947368421053","2.1052631578947367","3.8596491228070176","5.2631578947368425","102","4.181818181818182","26","231","421","9.428571428571429","3.463203463203463","7.792207792207792","3.896103896103896","7.792207792207792","102","3.9141791044776117","28","268","506","9.276119402985074","2.2388059701492535","1.492537313432836","2.2388059701492535","0.746268656716418","102","4.12063492063492","30","315","635","8.946031746031746","6.984126984126984","3.8095238095238093","2.5396825396825395","7.936507936507937","102","3.9774436090225564","28","266","567","8.962406015037594","3.7593984962406015","1.8796992481203008","3.7593984962406015","2.6315789473684212","102","3.898496240601504","26","266","562","9.19548872180451","2.255639097744361","0.7518796992481203","3.7593984962406015","0.7518796992481203","102","4.064777327935222","31","247","634","9.23076923076923","10.121457489878543","3.2388663967611335","0.8097165991902834","8.097165991902834","102","4.084558823529412","21","272","534","9.227941176470589","5.882352941176471","4.411764705882353","0.7352941176470589","6.25","102","3.9448529411764706","22","272","580","9.360294117647058","1.838235294117647","2.573529411764706","4.411764705882353","2.9411764705882355","102","3.87984496124031","30","258","520","9.30232558139535","4.263565891472868","0.7751937984496124","0","1.550387596899225","102","3.9644128113879002","30","281","590","9.209964412811388","6.405693950177936","0.7117437722419929","0.7117437722419929","2.8469750889679717","102","4.161184210526316","22","304","580","8.907894736842104","4.934210526315789","7.2368421052631575","7.565789473684211","1.9736842105263157","102","4.129370629370629","29","286","572","9.223776223776223","3.1468531468531467","5.244755244755245","7.3426573426573425","3.1468531468531467","102","3.974169741697417","32","271","679","9.357933579335793","9.22509225092251","0.7380073800738007","0","0.7380073800738007","102","4.00709219858156","42","282","530","9.099290780141844","4.25531914893617","2.127659574468085","1.7730496453900708","4.609929078014185","102","3.8943396226415095","24","265","530","9.283018867924529","5.660377358490566","0.7547169811320755","1.509433962264151","0","102","4.133333333333334","27","270","556","9.170370370370371","6.296296296296297","7.407407407407407","3.3333333333333335","5.555555555555555","102","4.09556313993174","31","293","592","9.392491467576791","4.09556313993174","6.825938566552901","3.0716723549488054","2.3890784982935154","102","3.889679715302491","27","281","525","9.309608540925266","1.4234875444839858","0.7117437722419929","2.491103202846975","0.7117437722419929","102","4.068702290076335","27","262","604","9.335877862595419","5.7251908396946565","0.7633587786259542","6.870229007633588","1.1450381679389312","102","4.0144927536231885","33","276","602","9.340579710144928","5.072463768115942","2.898550724637681","1.8115942028985508","3.9855072463768115","102","4.184782608695652","35","276","567","9.202898550724637","9.420289855072463","5.797101449275362","0.36231884057971014","8.333333333333334","102","4.058091286307054","30","241","534","9.269709543568466","7.8838174273858925","1.6597510373443984","6.224066390041494","0.8298755186721992","102","4.0453074433656955","39","309","680","9.268608414239482","5.501618122977346","1.941747572815534","4.207119741100324","2.912621359223301","102","3.9851301115241635","24","269","598","9.353159851301115","7.063197026022305","2.973977695167286","2.6022304832713754","2.2304832713754648","102","3.9964912280701754","28","285","580","9.221052631578948","4.2105263157894735","0","0","5.964912280701754","102","4.010526315789473","27","285","597","9.35438596491228","4.2105263157894735","3.8596491228070176","2.807017543859649","1.4035087719298245","102","4.124087591240876","42","274","630","9.16058394160584","5.109489051094891","4.37956204379562","6.934306569343065","2.5547445255474455"
,"103","4.030821917808219","20","292","660","9.315068493150685","5.821917808219178","5.47945205479452","1.36986301369863","4.109589041095891","103","4.52536231884058","28","276","656","9.144927536231885","2.1739130434782608","18.840579710144926","32.2463768115942","3.260869565217391","103","3.9869281045751634","39","306","619","9.431372549019608","2.9411764705882355","5.228758169934641","1.3071895424836601","3.5947712418300655","103","4.261484098939929","28","283","642","9.349823321554771","2.4734982332155475","4.946996466431095","2.8268551236749118","22.968197879858657","103","4.134615384615385","33","260","551","9.123076923076923","10.384615384615385","5.384615384615385","2.3076923076923075","6.153846153846154","103","4.079037800687285","33","291","683","9.422680412371134","3.0927835051546393","5.154639175257732","2.7491408934707904","2.0618556701030926","103","4.295302013422819","29","298","630","9.234899328859061","20.13422818791946","3.6912751677852347","4.697986577181208","10.06711409395973","103","4.081272084805653","33","283","664","9.45583038869258","1.7667844522968197","7.067137809187279","0","9.540636042402827","103","4.061290322580645","27","310","662","9.219354838709677","3.870967741935484","2.903225806451613","12.903225806451612","0.967741935483871","103","4.141414141414141","34","297","636","9.34006734006734","8.417508417508417","6.397306397306397","4.040404040404041","2.356902356902357","103","4.107142857142857","32","252","585","9.515873015873016","5.9523809523809526","3.5714285714285716","1.5873015873015872","4.761904761904762","103","3.9357429718875503","41","249","481","9.269076305220883","7.228915662650603","1.606425702811245","0.8032128514056225","0.8032128514056225","103","4.03886925795053","32","283","507","9.123674911660778","3.1802120141342756","2.4734982332155475","3.8869257950530036","5.30035335689046","103","4.1869565217391305","26","230","426","9.42608695652174","3.9130434782608696","7.826086956521739","3.9130434782608696","7.826086956521739","103","3.9101123595505616","28","267","512","9.310861423220974","2.247191011235955","1.4981273408239701","2.247191011235955","0.7490636704119851","103","4.1210191082802545","30","314","670","9.13375796178344","7.006369426751593","3.821656050955414","2.5477707006369426","7.643312101910828","103","3.981203007518797","28","266","606","9.25563909774436","3.7593984962406015","1.8796992481203008","4.135338345864661","2.6315789473684212","103","3.8981132075471696","26","265","581","9.29811320754717","2.2641509433962264","0.7547169811320755","3.7735849056603774","0.7547169811320755","103","4.064777327935222","31","247","648","9.34412955465587","10.121457489878543","3.2388663967611335","0.8097165991902834","8.097165991902834","103","4.084558823529412","21","272","549","9.338235294117647","6.25","4.411764705882353","0.7352941176470589","6.25","103","3.940959409594096","22","271","601","9.476014760147601","1.845018450184502","2.2140221402214024","4.428044280442805","2.5830258302583027","103","3.891472868217054","30","258","528","9.364341085271318","4.263565891472868","0.7751937984496124","0","1.937984496124031","103","3.960714285714286","31","280","613","9.335714285714285","6.428571428571429","0.7142857142857143","0.7142857142857143","2.857142857142857","103","4.158415841584159","22","303","624","9.161716171617162","4.9504950495049505","7.260726072607261","7.260726072607261","1.9801980198019802","103","4.129824561403509","29","285","592","9.326315789473684","3.1578947368421053","5.2631578947368425","7.368421052631579","3.1578947368421053","103","3.966542750929368","34","269","699","9.427509293680297","8.921933085501859","0.7434944237918215","0","0.7434944237918215","103","4.007142857142857","43","280","560","9.235714285714286","4.285714285714286","2.142857142857143","1.7857142857142858","4.642857142857143","103","3.8943396226415095","24","265","536","9.328301886792453","5.660377358490566","0.7547169811320755","1.509433962264151","0","103","4.130597014925373","28","268","576","9.238805970149254","6.343283582089552","7.462686567164179","3.3582089552238807","5.597014925373134","103","4.09556313993174","31","293","606","9.488054607508532","4.09556313993174","6.825938566552901","3.0716723549488054","2.3890784982935154","103","3.8892857142857142","27","280","537","9.364285714285714","1.4285714285714286","0.7142857142857143","2.5","0.7142857142857143","103","4.064885496183206","27","262","617","9.435114503816793","5.7251908396946565","0.7633587786259542","6.870229007633588","0.7633587786259542","103","4.018315018315018","34","273","614","9.31868131868132","5.128205128205129","2.93040293040293","1.8315018315018314","4.029304029304029","103","4.181159420289855","35","276","594","9.398550724637682","9.420289855072463","5.797101449275362","0","7.608695652173913","103","4.058091286307054","30","241","551","9.410788381742739","7.8838174273858925","1.6597510373443984","6.224066390041494","0.8298755186721992","103","4.039087947882736","39","307","698","9.315960912052118","5.2117263843648205","1.6286644951140066","4.234527687296417","2.9315960912052117","103","3.969924812030075","25","266","611","9.330827067669173","6.7669172932330826","3.007518796992481","2.6315789473684212","2.255639097744361","103","3.9964912280701754","28","285","604","9.389473684210527","4.2105263157894735","0","0","5.964912280701754","103","4.007017543859649","27","285","616","9.487719298245613","4.2105263157894735","4.2105263157894735","2.807017543859649","1.4035087719298245","103","4.127737226277373","42","274","646","9.277372262773723","5.109489051094891","4.744525547445256","6.934306569343065","2.5547445255474455"
,"104","4.034246575342466","20","292","660","9.315068493150685","5.821917808219178","6.164383561643835","1.36986301369863","4.109589041095891","104","4.516363636363637","28","275","656","9.105454545454545","2.1818181818181817","18.181818181818183","32","2.909090909090909","104","3.9901960784313726","39","306","619","9.431372549019608","3.2679738562091503","4.901960784313726","0.9803921568627451","3.9215686274509802","104","4.268817204301075","28","279","642","9.197132616487455","2.5089605734767026","4.659498207885305","3.225806451612903","23.29749103942652","104","4.146718146718147","33","259","551","9.08108108108108","11.196911196911197","5.405405405405405","2.7027027027027026","6.177606177606178","104","4.086505190311419","34","289","683","9.349480968858131","3.4602076124567476","5.536332179930795","2.7681660899653977","2.0761245674740483","104","4.297297297297297","30","296","630","9.162162162162161","19.594594594594593","3.7162162162162162","4.72972972972973","10.472972972972974","104","4.067137809187279","33","283","664","9.45583038869258","1.7667844522968197","6.360424028268551","0","8.8339222614841","104","4.070967741935484","27","310","662","9.219354838709677","3.870967741935484","2.903225806451613","13.225806451612904","0.967741935483871","104","4.158249158249158","34","297","636","9.34006734006734","9.764309764309765","6.397306397306397","4.040404040404041","2.356902356902357","104","4.112","33","250","585","9.44","6","3.6","1.6","5.2","104","3.931726907630522","41","249","481","9.269076305220883","6.827309236947791","1.606425702811245","0.8032128514056225","0.8032128514056225","104","4.039285714285715","34","280","507","9.007142857142858","3.2142857142857144","2.142857142857143","3.9285714285714284","5","104","4.182608695652174","26","230","426","9.42608695652174","3.4782608695652173","7.826086956521739","3.9130434782608696","7.826086956521739","104","3.912878787878788","29","264","512","9.18939393939394","2.272727272727273","1.5151515151515151","2.272727272727273","0.7575757575757576","104","4.121405750798722","30","313","670","9.130990415335463","6.7092651757188495","3.8338658146964857","2.5559105431309903","7.987220447284345","104","3.981203007518797","28","266","606","9.25563909774436","3.7593984962406015","1.8796992481203008","4.135338345864661","2.6315789473684212","104","3.897727272727273","26","264","581","9.257575757575758","2.272727272727273","0.7575757575757576","3.787878787878788","0.7575757575757576","104","4.068825910931174","31","247","648","9.34412955465587","10.526315789473685","3.2388663967611335","0.8097165991902834","8.097165991902834","104","4.084558823529412","21","272","549","9.338235294117647","5.882352941176471","4.411764705882353","0.7352941176470589","6.25","104","3.940520446096654","22","269","601","9.405204460966543","1.858736059479554","2.2304832713754648","4.4609665427509295","2.6022304832713754","104","3.887596899224806","30","258","528","9.364341085271318","4.263565891472868","0.7751937984496124","0","1.937984496124031","104","3.9642857142857144","31","280","613","9.335714285714285","6.428571428571429","0.7142857142857143","0.7142857142857143","2.857142857142857","104","4.158415841584159","22","303","624","9.161716171617162","4.9504950495049505","7.260726072607261","7.260726072607261","1.9801980198019802","104","4.127208480565371","29","283","592","9.265017667844523","3.1802120141342756","4.946996466431095","7.420494699646643","3.1802120141342756","104","3.9738805970149254","34","268","699","9.388059701492537","9.328358208955224","0.746268656716418","0","0.746268656716418","104","4.007142857142857","43","280","560","9.235714285714286","4.285714285714286","2.142857142857143","1.7857142857142858","4.642857142857143","104","3.897338403041825","25","263","536","9.247148288973383","5.7034220532319395","0.7604562737642585","1.520912547528517","0","104","4.134328358208955","28","268","576","9.238805970149254","6.343283582089552","7.462686567164179","3.3582089552238807","5.597014925373134","104","4.095890410958904","31","292","606","9.452054794520548","4.109589041095891","6.8493150684931505","3.0821917808219177","2.3972602739726026","104","3.8884892086330933","27","278","537","9.287769784172662","1.4388489208633093","0.7194244604316546","2.5179856115107913","0.7194244604316546","104","4.064885496183206","27","262","617","9.435114503816793","5.7251908396946565","0.7633587786259542","6.870229007633588","0.7633587786259542","104","4.010989010989011","34","273","614","9.31868131868132","5.128205128205129","2.93040293040293","1.8315018315018314","2.93040293040293","104","4.181159420289855","35","276","594","9.398550724637682","9.420289855072463","5.797101449275362","0","7.608695652173913","104","4.054166666666666","31","240","551","9.366666666666667","7.916666666666667","1.6666666666666667","5.833333333333333","0.8333333333333334","104","4.032679738562091","39","306","698","9.281045751633988","4.901960784313726","1.3071895424836601","4.248366013071895","2.9411764705882355","104","3.981203007518797","25","266","611","9.330827067669173","7.142857142857143","3.007518796992481","2.6315789473684212","2.255639097744361","104","3.9964788732394365","28","284","604","9.352112676056338","4.225352112676056","0","0","5.985915492957746","104","4.01056338028169","27","284","616","9.450704225352112","4.225352112676056","3.8732394366197185","2.816901408450704","1.408450704225352","104","4.124542124542124","42","273","646","9.238095238095237","5.128205128205129","4.395604395604396","6.95970695970696","2.5641025641025643"
,"105","4.0344827586206895","20","290","660","9.241379310344827","6.206896551724138","5.517241379310345","1.3793103448275863","4.137931034482759","105","4.516363636363637","28","275","656","9.105454545454545","2.1818181818181817","19.272727272727273","31.272727272727273","2.909090909090909","105","3.98019801980198","40","303","619","9.326732673267326","3.3003300330033003","4.9504950495049505","0.6600660066006601","3.6303630363036303","105","4.26978417266187","28","278","642","9.158273381294965","2.5179856115107913","4.316546762589928","3.597122302158273","23.02158273381295","105","4.127906976744186","33","258","551","9.03875968992248","10.852713178294573","5.426356589147287","2.3255813953488373","5.038759689922481","105","4.086505190311419","34","289","683","9.349480968858131","3.4602076124567476","5.536332179930795","2.7681660899653977","2.0761245674740483","105","4.294915254237288","30","295","630","9.125423728813558","20","3.7288135593220337","4.745762711864407","9.830508474576272","105","4.070921985815603","33","282","664","9.418439716312056","1.4184397163120568","6.73758865248227","0","9.21985815602837","105","4.064724919093851","28","309","662","9.184466019417476","4.207119741100324","2.912621359223301","12.944983818770227","0.970873786407767","105","4.155405405405405","34","296","636","9.304054054054054","9.797297297297296","6.418918918918919","4.054054054054054","2.364864864864865","105","4.108433734939759","33","249","585","9.405622489959839","5.622489959839357","3.6144578313253013","1.606425702811245","4.819277108433735","105","3.935483870967742","41","248","481","9.225806451612904","7.258064516129032","1.6129032258064515","0.8064516129032258","0.8064516129032258","105","4.046594982078853","35","279","507","8.96774193548387","3.225806451612903","2.5089605734767026","3.942652329749104","4.659498207885305","105","4.18859649122807","26","228","426","9.333333333333334","3.9473684210526314","7.894736842105263","3.9473684210526314","7.894736842105263","105","3.908745247148289","29","263","512","9.14828897338403","2.2813688212927756","1.520912547528517","2.2813688212927756","0.7604562737642585","105","4.122977346278317","33","309","670","9.003236245954692","6.472491909385114","3.883495145631068","2.588996763754045","7.766990291262136","105","3.981132075471698","28","265","606","9.215094339622642","3.7735849056603774","1.8867924528301887","4.150943396226415","2.641509433962264","105","3.896551724137931","27","261","581","9.134099616858238","2.2988505747126435","0.7662835249042146","3.8314176245210727","0.7662835249042146","105","4.076923076923077","31","247","648","9.34412955465587","11.336032388663968","3.2388663967611335","0.8097165991902834","8.097165991902834","105","4.0851851851851855","23","270","549","9.25925925925926","6.296296296296297","4.444444444444445","0.7407407407407407","6.296296296296297","105","3.940520446096654","22","269","601","9.405204460966543","1.858736059479554","2.2304832713754648","4.4609665427509295","2.6022304832713754","105","3.890625","31","256","528","9.296875","4.296875","0.390625","0","1.953125","105","3.96415770609319","31","279","613","9.297491039426523","6.451612903225806","0.7168458781362007","0.7168458781362007","2.867383512544803","105","4.158940397350993","22","302","624","9.172185430463577","4.966887417218543","7.28476821192053","7.28476821192053","1.9867549668874172","105","4.128571428571429","30","280","592","9.15","3.2142857142857144","5","7.5","3.2142857142857144","105","3.9738805970149254","34","268","699","9.388059701492537","8.955223880597014","0.746268656716418","0","0.746268656716418","105","4.0071942446043165","44","278","560","9.16546762589928","4.316546762589928","2.158273381294964","1.7985611510791366","4.676258992805756","105","3.901140684410646","25","263","536","9.247148288973383","5.7034220532319395","0.7604562737642585","1.520912547528517","0","105","4.130597014925373","28","268","576","9.238805970149254","6.343283582089552","7.462686567164179","3.3582089552238807","5.597014925373134","105","4.096551724137931","32","290","606","9.4","4.137931034482759","6.896551724137931","3.103448275862069","2.413793103448276","105","3.88768115942029","28","276","537","9.210144927536232","1.4492753623188406","0.7246376811594203","2.536231884057971","0.7246376811594203","105","4.065384615384615","29","260","617","9.353846153846154","5.769230769230769","0.7692307692307693","6.923076923076923","0.7692307692307693","105","4.014652014652015","34","273","614","9.31868131868132","5.128205128205129","2.93040293040293","1.8315018315018314","3.2967032967032965","105","4.18450184501845","37","271","594","9.210332103321033","9.59409594095941","5.904059040590406","0","7.380073800738008","105","4.054166666666666","31","240","551","9.366666666666667","7.916666666666667","1.6666666666666667","5.833333333333333","0.8333333333333334","105","4.029411764705882","39","306","698","9.281045751633988","4.57516339869281","1.3071895424836601","4.248366013071895","2.9411764705882355","105","3.973684210526316","25","266","611","9.330827067669173","6.7669172932330826","3.007518796992481","2.6315789473684212","2.255639097744361","105","3.9964788732394365","28","284","604","9.352112676056338","4.225352112676056","0","0","5.985915492957746","105","4.007067137809187","27","283","616","9.413427561837455","4.240282685512367","4.240282685512367","2.8268551236749118","1.4134275618374559","105","4.125","43","272","646","9.205882352941176","5.147058823529412","4.411764705882353","6.985294117647059","2.573529411764706"
,"106","4.044827586206897","20","290","677","9.358620689655172","6.896551724137931","6.206896551724138","1.3793103448275863","4.137931034482759","106","4.52","28","275","672","9.221818181818183","2.1818181818181817","18.545454545454547","32","2.909090909090909","106","3.9867986798679866","40","303","635","9.432343234323433","3.3003300330033003","4.9504950495049505","0.6600660066006601","3.9603960396039604","106","4.276978417266187","28","278","678","9.417266187050359","2.5179856115107913","4.316546762589928","3.597122302158273","23.741007194244606","106","4.1395348837209305","33","258","573","9.209302325581396","11.24031007751938","5.426356589147287","2.3255813953488373","5.813953488372093","106","4.094076655052265","34","287","695","9.358885017421603","4.181184668989547","5.574912891986063","2.7874564459930316","2.0905923344947737","106","4.299319727891157","30","294","661","9.312925170068027","19.727891156462587","3.741496598639456","5.1020408163265305","10.204081632653061","106","4.0638297872340425","33","282","681","9.539007092198581","1.4184397163120568","6.382978723404255","0","8.865248226950355","106","4.077922077922078","28","308","687","9.311688311688311","3.896103896103896","2.9220779220779223","13.96103896103896","0.974025974025974","106","4.163822525597269","34","293","655","9.331058020477816","10.238907849829351","6.484641638225256","4.09556313993174","2.3890784982935154","106","4.112903225806452","33","248","605","9.524193548387096","5.241935483870968","3.629032258064516","1.6129032258064515","5.241935483870968","106","3.931451612903226","41","248","494","9.330645161290322","6.854838709677419","1.6129032258064515","0.8064516129032258","0.8064516129032258","106","4.043165467625899","35","278","531","9.100719424460431","3.237410071942446","2.158273381294964","3.9568345323741005","4.676258992805756","106","4.185022026431718","26","227","437","9.392070484581497","3.5242290748898677","7.929515418502203","3.9647577092511015","7.929515418502203","106","3.91254752851711","29","263","531","9.29277566539924","2.2813688212927756","1.520912547528517","2.2813688212927756","0.7604562737642585","106","4.122977346278317","33","309","707","9.242718446601941","6.472491909385114","3.883495145631068","2.588996763754045","8.090614886731391","106","3.981060606060606","28","264","627","9.356060606060606","3.787878787878788","1.893939393939394","4.166666666666667","2.6515151515151514","106","3.9","27","260","615","9.353846153846154","2.3076923076923075","0.7692307692307693","3.8461538461538463","0.7692307692307693","106","4.068825910931174","31","247","651","9.368421052631579","10.526315789473685","3.2388663967611335","0.8097165991902834","8.097165991902834","106","4.0851851851851855","23","270","567","9.392592592592592","5.925925925925926","4.444444444444445","0.7407407407407407","6.296296296296297","106","3.9402985074626864","23","268","615","9.470149253731343","1.8656716417910448","2.2388059701492535","4.477611940298507","2.611940298507463","106","3.87890625","31","256","535","9.3515625","4.296875","0","0","1.953125","106","3.971014492753623","32","276","632","9.318840579710145","6.521739130434782","0.7246376811594203","0.7246376811594203","2.898550724637681","106","4.159468438538206","22","301","645","9.275747508305647","4.983388704318937","7.308970099667774","7.308970099667774","1.9933554817275747","106","4.128571428571429","30","280","623","9.371428571428572","3.2142857142857144","5","7.5","3.2142857142857144","106","3.9700374531835205","34","267","715","9.46816479400749","8.98876404494382","0.7490636704119851","0","0.7490636704119851","106","4.0071942446043165","44","278","587","9.359712230215827","4.316546762589928","2.158273381294964","1.7985611510791366","4.676258992805756","106","3.901140684410646","25","263","553","9.376425855513308","5.7034220532319395","0.7604562737642585","1.520912547528517","0","106","4.134328358208955","28","268","593","9.365671641791044","6.343283582089552","7.462686567164179","3.3582089552238807","5.597014925373134","106","4.096551724137931","32","290","624","9.524137931034483","4.137931034482759","6.896551724137931","3.103448275862069","2.413793103448276","106","3.88768115942029","28","276","562","9.391304347826088","1.4492753623188406","0.7246376811594203","2.536231884057971","0.7246376811594203","106","4.06640625","31","256","640","9.3671875","5.859375","0.78125","7.03125","0.78125","106","4.018315018315018","34","273","630","9.435897435897436","5.128205128205129","2.93040293040293","1.8315018315018314","3.663003663003663","106","4.1881918819188195","37","271","624","9.431734317343173","9.59409594095941","5.904059040590406","0","7.380073800738008","106","4.054393305439331","32","239","565","9.439330543933055","7.949790794979079","1.6736401673640167","5.857740585774058","0.8368200836820083","106","4.032786885245901","39","305","722","9.40983606557377","4.918032786885246","1.3114754098360655","4.262295081967213","2.9508196721311477","106","3.9849056603773585","25","265","628","9.418867924528302","7.169811320754717","3.018867924528302","2.641509433962264","2.2641509433962264","106","3.9964788732394365","28","284","618","9.450704225352112","4.225352112676056","0","0","5.985915492957746","106","4.00709219858156","27","282","627","9.46808510638298","4.25531914893617","3.5460992907801416","2.8368794326241136","1.4184397163120568","106","4.125","43","272","663","9.330882352941176","5.147058823529412","4.411764705882353","6.985294117647059","2.573529411764706"
,"107","4.055363321799308","20","289","677","9.321799307958477","7.26643598615917","6.57439446366782","1.3840830449826989","4.1522491349480966","107","4.509157509157509","29","273","672","9.142857142857142","2.5641025641025643","19.047619047619047","30.76923076923077","2.5641025641025643","107","3.9767441860465116","40","301","635","9.362126245847175","2.990033222591362","4.983388704318937","0.6644518272425249","3.654485049833887","107","4.277978339350181","28","277","678","9.379061371841155","2.527075812274368","4.332129963898917","3.6101083032490973","23.826714801444044","107","4.132295719844358","33","257","573","9.17509727626459","10.505836575875486","5.447470817120623","2.3346303501945527","5.836575875486381","107","4.094405594405594","34","286","695","9.321678321678322","4.195804195804196","5.594405594405594","2.797202797202797","2.097902097902098","107","4.3061224489795915","30","294","661","9.312925170068027","19.727891156462587","3.741496598639456","5.782312925170068","10.204081632653061","107","4.068100358422939","33","279","681","9.42652329749104","1.4336917562724014","7.168458781362007","0","8.602150537634408","107","4.0756578947368425","30","304","687","9.197368421052632","3.9473684210526314","2.960526315789474","14.144736842105264","0.9868421052631579","107","4.157534246575342","34","292","655","9.301369863013699","9.931506849315069","6.506849315068493","4.109589041095891","2.3972602739726026","107","4.113360323886639","34","247","605","9.481781376518219","5.2631578947368425","3.6437246963562755","1.6194331983805668","5.2631578947368425","107","3.934959349593496","42","246","494","9.24390243902439","7.317073170731708","1.6260162601626016","0.8130081300813008","0.8130081300813008","107","4.043321299638989","35","277","531","9.061371841155236","3.2490974729241877","2.1660649819494586","3.9711191335740073","4.693140794223827","107","4.18942731277533","26","227","437","9.392070484581497","3.9647577092511015","7.929515418502203","3.9647577092511015","7.929515418502203","107","3.908745247148289","29","263","531","9.29277566539924","2.2813688212927756","1.520912547528517","2.2813688212927756","0.7604562737642585","107","4.127450980392157","34","306","707","9.137254901960784","6.5359477124183005","3.9215686274509802","2.6143790849673203","7.8431372549019605","107","3.980916030534351","28","262","627","9.274809160305344","3.816793893129771","1.9083969465648856","4.198473282442748","2.6717557251908395","107","3.9","27","260","615","9.353846153846154","2.3076923076923075","0.7692307692307693","3.8461538461538463","0.7692307692307693","107","4.073170731707317","31","246","651","9.325203252032521","10.56910569105691","3.252032520325203","0.8130081300813008","8.130081300813009","107","4.08550185873606","24","269","567","9.353159851301115","6.319702602230484","4.4609665427509295","0.7434944237918215","6.319702602230484","107","3.9402985074626864","23","268","615","9.470149253731343","1.8656716417910448","2.2388059701492535","4.477611940298507","2.611940298507463","107","3.888888888888889","34","252","535","9.182539682539682","4.365079365079365","0","0","1.9841269841269842","107","3.967032967032967","32","273","632","9.260073260073261","6.593406593406593","0.7326007326007326","0.7326007326007326","2.93040293040293","107","4.159468438538206","22","301","645","9.275747508305647","4.983388704318937","7.308970099667774","7.308970099667774","1.9933554817275747","107","4.129032258064516","30","279","623","9.333333333333334","3.225806451612903","5.017921146953405","7.526881720430108","3.225806451612903","107","3.9625468164794007","34","267","715","9.46816479400749","8.614232209737828","0.7490636704119851","0","0.7490636704119851","107","4.003610108303249","44","277","587","9.321299638989169","4.332129963898917","2.1660649819494586","1.444043321299639","4.693140794223827","107","3.900763358778626","26","262","553","9.335877862595419","5.7251908396946565","0.7633587786259542","1.5267175572519085","0","107","4.133079847908745","30","263","593","9.171102661596958","6.4638783269961975","7.604562737642586","3.4220532319391634","5.7034220532319395","107","4.096551724137931","32","290","624","9.524137931034483","4.137931034482759","6.896551724137931","3.103448275862069","2.413793103448276","107","3.887272727272727","28","275","562","9.352727272727273","1.4545454545454546","0.7272727272727273","2.5454545454545454","0.7272727272727273","107","4.066666666666666","32","255","640","9.325490196078432","5.882352941176471","0.7843137254901961","7.0588235294117645","0.7843137254901961","107","4.011070110701107","35","271","630","9.357933579335793","5.166051660516605","2.952029520295203","1.845018450184502","2.952029520295203","107","4.190298507462686","37","268","624","9.32089552238806","9.701492537313433","5.970149253731344","0","7.462686567164179","107","4.054393305439331","32","239","565","9.439330543933055","7.949790794979079","1.6736401673640167","5.857740585774058","0.8368200836820083","107","4.029508196721311","39","305","722","9.40983606557377","4.590163934426229","1.3114754098360655","4.262295081967213","2.9508196721311477","107","3.981060606060606","25","264","628","9.378787878787879","6.818181818181818","3.0303030303030303","2.6515151515151514","2.272727272727273","107","3.9964788732394365","28","284","618","9.450704225352112","4.225352112676056","0","0","5.985915492957746","107","4.00355871886121","27","281","627","9.430604982206406","4.270462633451957","3.9145907473309607","2.8469750889679717","1.4234875444839858","107","4.125","43","272","663","9.330882352941176","5.147058823529412","4.411764705882353","6.985294117647059","2.573529411764706"
,"108","4.0524475524475525","21","286","677","9.251748251748252","7.3426573426573425","6.643356643356643","1.3986013986013985","4.195804195804196","108","4.522058823529412","30","272","672","9.102941176470589","2.2058823529411766","18.014705882352942","33.088235294117645","2.573529411764706","108","3.993355481727575","40","301","635","9.362126245847175","3.654485049833887","5.3156146179401995","0.6644518272425249","3.9867109634551494","108","4.282608695652174","28","276","678","9.347826086956522","2.536231884057971","4.3478260869565215","3.6231884057971016","24.27536231884058","108","4.141176470588236","33","255","573","9.090196078431372","11.764705882352942","5.490196078431373","2.3529411764705883","5.490196078431373","108","4.088339222614841","34","283","695","9.208480565371024","3.8869257950530036","5.6537102473498235","2.8268551236749118","1.7667844522968197","108","4.312925170068027","30","294","661","9.312925170068027","20.068027210884352","3.741496598639456","6.122448979591836","10.204081632653061","108","4.064981949458484","33","277","681","9.35740072202166","1.444043321299639","6.859205776173285","0","8.664259927797834","108","4.092105263157895","30","304","687","9.197368421052632","3.9473684210526314","2.960526315789474","15.460526315789474","0.9868421052631579","108","4.164383561643835","34","292","655","9.301369863013699","10.273972602739725","6.506849315068493","4.109589041095891","2.3972602739726026","108","4.113360323886639","34","247","605","9.481781376518219","5.2631578947368425","3.6437246963562755","1.6194331983805668","5.2631578947368425","108","3.930894308943089","42","246","494","9.24390243902439","6.9105691056910565","1.6260162601626016","0.8130081300813008","0.8130081300813008","108","4.036101083032491","35","277","531","9.061371841155236","3.2490974729241877","1.444043321299639","3.9711191335740073","4.693140794223827","108","4.185840707964601","27","226","437","9.345132743362832","3.5398230088495577","7.964601769911504","3.982300884955752","7.964601769911504","108","3.9108527131782944","31","258","531","9.093023255813954","2.3255813953488373","1.550387596899225","2.3255813953488373","0.7751937984496124","108","4.130718954248366","34","306","707","9.137254901960784","6.5359477124183005","3.9215686274509802","2.6143790849673203","8.169934640522875","108","3.9808429118773945","29","261","627","9.233716475095786","3.8314176245210727","1.9157088122605364","4.21455938697318","2.681992337164751","108","3.9","27","260","615","9.353846153846154","2.3076923076923075","0.7692307692307693","3.8461538461538463","0.7692307692307693","108","4.073469387755102","32","245","651","9.289795918367346","10.204081632653061","3.2653061224489797","0.8163265306122449","8.16326530612245","108","4.085820895522388","24","268","567","9.313432835820896","5.970149253731344","4.477611940298507","0.746268656716418","6.343283582089552","108","3.940074906367041","24","267","615","9.430711610486892","1.8726591760299625","2.247191011235955","4.49438202247191","2.6217228464419478","108","3.888888888888889","34","252","535","9.182539682539682","4.365079365079365","0","0","1.9841269841269842","108","3.970695970695971","32","273","632","9.260073260073261","6.593406593406593","0.7326007326007326","0.7326007326007326","2.93040293040293","108","4.1610738255033555","23","298","645","9.167785234899329","5.033557046979865","7.382550335570469","7.382550335570469","2.0134228187919465","108","4.129496402877698","30","278","623","9.302158273381295","3.237410071942446","5.0359712230215825","7.553956834532374","3.237410071942446","108","3.969924812030075","35","266","715","9.428571428571429","9.022556390977444","0.7518796992481203","0","0.7518796992481203","108","4.003623188405797","45","276","587","9.282608695652174","4.3478260869565215","2.1739130434782608","1.4492753623188406","4.7101449275362315","108","3.900383141762452","27","261","553","9.302681992337165","5.747126436781609","0.7662835249042146","1.5325670498084292","0","108","4.137404580152672","30","262","593","9.13740458015267","6.488549618320611","7.633587786259542","3.435114503816794","5.7251908396946565","108","4.09375","32","288","624","9.458333333333334","4.166666666666667","6.597222222222222","3.125","2.4305555555555554","108","3.886861313868613","28","274","562","9.313868613138686","1.4598540145985401","0.7299270072992701","2.5547445255474455","0.7299270072992701","108","4.063241106719367","32","253","640","9.24901185770751","5.533596837944664","0.7905138339920948","7.1146245059288535","0.7905138339920948","108","4.014814814814815","35","270","630","9.318518518518518","5.185185185185185","2.5925925925925926","1.8518518518518519","3.7037037037037037","108","4.192452830188679","38","265","624","9.2","9.81132075471698","6.037735849056604","0","7.547169811320755","108","4.046218487394958","33","238","565","9.394957983193278","7.563025210084033","1.2605042016806722","5.882352941176471","0.42016806722689076","108","4.032786885245901","39","305","722","9.40983606557377","4.918032786885246","1.3114754098360655","4.262295081967213","2.9508196721311477","108","3.988593155893536","26","263","628","9.346007604562738","7.224334600760456","3.041825095057034","2.661596958174905","2.2813688212927756","108","3.9964788732394365","28","284","618","9.450704225352112","4.225352112676056","0","0","5.985915492957746","108","4.003597122302159","27","278","627","9.316546762589928","3.9568345323741005","3.597122302158273","2.5179856115107913","1.4388489208633093","108","4.125","43","272","663","9.330882352941176","5.147058823529412","4.411764705882353","6.985294117647059","2.573529411764706"
,"109","3.825082508250825","21","303","703","9.3003300330033","9.24092409240924","9.24092409240924","2.9702970297029703","6.270627062706271","109","4.365248226950355","30","282","694","9.390070921985815","4.25531914893617","19.148936170212767","34.39716312056738","3.1914893617021276","109","3.7142857142857144","40","322","652","9.322981366459627","4.3478260869565215","7.453416149068323","1.8633540372670807","5.590062111801243","109","4.003401360544218","29","294","696","9.34013605442177","4.421768707482993","6.802721088435374","4.761904761904762","24.489795918367346","109","3.823529411764706","35","272","595","9.227941176470589","11.029411764705882","7.352941176470588","4.779411764705882","6.985294117647059","109","3.823920265780731","34","301","725","9.295681063122924","6.644518272425249","7.973421926910299","4.983388704318937","4.318936877076412","109","4.048076923076923","30","312","680","9.326923076923077","21.153846153846153","6.410256410256411","6.730769230769231","12.5","109","3.9055944055944054","35","286","705","9.44055944055944","2.097902097902098","7.3426573426573425","0.6993006993006993","10.13986013986014","109","3.9174603174603173","31","315","712","9.352380952380953","6.031746031746032","3.1746031746031744","15.238095238095237","1.9047619047619047","109","3.865814696485623","34","313","672","9.26517571884984","11.821086261980831","7.348242811501597","7.0287539936102235","4.472843450479234","109","3.791044776119403","34","268","622","9.23134328358209","7.462686567164179","4.850746268656716","4.850746268656716","7.462686567164179","109","3.7777777777777777","44","252","511","9.373015873015873","7.936507936507937","3.5714285714285716","0.7936507936507936","4.761904761904762","109","3.8819444444444446","35","288","555","9.270833333333334","4.166666666666667","2.4305555555555554","4.513888888888889","5.902777777777778","109","3.957805907172996","28","237","451","9.459915611814345","5.9071729957805905","8.860759493670885","5.063291139240507","8.438818565400844","109","3.789473684210526","31","266","550","9.466165413533835","3.007518796992481","3.007518796992481","3.3834586466165413","1.5037593984962405","109","4.012698412698413","34","315","734","9.441269841269841","7.301587301587301","5.079365079365079","3.8095238095238093","9.206349206349206","109","3.710714285714286","29","280","648","9.307142857142857","6.785714285714286","3.2142857142857144","5.357142857142857","4.642857142857143","109","3.6462093862815883","28","277","632","9.28519855595668","5.415162454873646","3.6101083032490973","6.498194945848375","1.8050541516245486","109","3.7518796992481205","32","266","660","9.135338345864662","10.902255639097744","6.015037593984962","3.7593984962406015","10.902255639097744","109","3.833922261484099","25","283","582","9.243816254416961","8.12720848056537","6.360424028268551","2.1201413427561837","7.773851590106007","109","3.7841726618705036","24","278","630","9.489208633093526","2.158273381294964","3.597122302158273","5.39568345323741","2.8776978417266186","109","3.5977859778597785","35","271","554","9.158671586715867","5.535055350553505","2.5830258302583027","2.2140221402214024","5.166051660516605","109","3.797153024911032","34","281","665","9.416370106761565","8.185053380782918","1.4234875444839858","2.1352313167259784","4.270462633451957","109","3.952076677316294","24","313","666","9.271565495207668","6.0702875399361025","8.945686900958467","9.584664536741213","3.8338658146964857","109","3.93127147766323","31","291","639","9.326460481099657","4.4673539518900345","6.529209621993127","8.934707903780069","4.123711340206185","109","3.6470588235294117","35","289","725","9.26643598615917","10.034602076124568","4.1522491349480966","2.0761245674740483","3.4602076124567476","109","3.796551724137931","45","290","609","9.296551724137931","6.206896551724138","2.413793103448276","3.103448275862069","7.241379310344827","109","3.6099290780141846","27","282","570","9.191489361702128","9.21985815602837","2.127659574468085","2.482269503546099","2.482269503546099","109","3.7859649122807015","30","285","614","9.20701754385965","9.473684210526315","10.87719298245614","5.614035087719298","7.719298245614035","109","3.8745874587458746","33","303","633","9.366336633663366","6.270627062706271","6.930693069306931","4.62046204620462","2.6402640264026402","109","3.63481228668942","28","293","582","9.331058020477816","3.0716723549488054","2.04778156996587","4.436860068259386","3.0716723549488054","109","3.8897338403041823","33","263","666","9.414448669201521","6.844106463878327","1.1406844106463878","8.365019011406844","1.9011406844106464","109","3.689419795221843","35","293","642","9.242320819112628","8.19112627986348","4.436860068259386","4.09556313993174","6.484641638225256","109","4.054744525547445","38","274","653","9.547445255474452","10.218978102189782","6.934306569343065","0.36496350364963503","8.75912408759124","109","3.7968127490039842","35","251","578","9.362549800796813","9.56175298804781","3.585657370517928","7.171314741035856","1.593625498007968","109","3.895238095238095","39","315","739","9.441269841269841","6.031746031746032","2.2222222222222223","4.444444444444445","3.492063492063492","109","3.711743772241993","27","281","649","9.302491103202847","8.185053380782918","4.98220640569395","4.6263345195729535","5.338078291814947","109","3.769230769230769","28","299","628","9.34448160535117","5.68561872909699","1.6722408026755853","2.0066889632107023","8.02675585284281","109","3.702341137123746","27","299","651","9.217391304347826","5.68561872909699","6.354515050167224","5.016722408026756","4.013377926421405","109","3.74","43","300","672","9.08","7.666666666666667","7","10","5.333333333333333"
,"110","4.0561056105610565","21","303","703","9.3003300330033","6.600660066006601","7.260726072607261","1.9801980198019802","3.6303630363036303","110","4.498220640569395","30","281","694","9.352313167259787","2.1352313167259784","17.081850533807827","32.38434163701068","2.491103202846975","110","3.9623824451410656","40","319","652","9.22257053291536","1.2539184952978057","5.329153605015674","0","4.075235109717869","110","4.280821917808219","29","292","696","9.280821917808218","3.0821917808219177","5.136986301369863","4.109589041095891","23.63013698630137","110","4.1402214022140225","35","271","595","9.188191881918819","9.96309963099631","6.642066420664206","3.321033210332103","4.797047970479705","110","4.1","34","300","725","9.26","4.333333333333333","5","3.6666666666666665","2","110","4.276527331189711","30","311","680","9.292604501607718","18.327974276527332","4.823151125401929","6.109324758842444","8.681672025723472","110","4.063157894736842","35","285","705","9.403508771929825","1.4035087719298245","6.666666666666667","0","8.070175438596491","110","4.0894568690095845","31","313","712","9.284345047923322","5.431309904153355","2.8753993610223643","15.97444089456869","0.9584664536741214","110","4.151612903225806","34","310","672","9.161290322580646","10.64516129032258","6.774193548387097","3.225806451612903","2.5806451612903225","110","4.108208955223881","34","268","622","9.23134328358209","4.850746268656716","4.104477611940299","1.492537313432836","5.970149253731344","110","3.9484126984126986","44","252","511","9.373015873015873","6.746031746031746","1.5873015873015872","0.7936507936507936","2.7777777777777777","110","4.03125","35","288","555","9.270833333333334","3.8194444444444446","1.3888888888888888","4.166666666666667","5.208333333333333","110","4.160337552742616","28","237","451","9.459915611814345","3.3755274261603376","6.751054852320675","4.219409282700422","8.016877637130802","110","3.909090909090909","31","264","550","9.424242424242424","2.272727272727273","2.272727272727273","1.5151515151515151","0.7575757575757576","110","4.130158730158731","34","315","734","9.441269841269841","6.349206349206349","3.8095238095238093","2.5396825396825395","8.253968253968255","110","3.971326164874552","29","279","648","9.268817204301076","4.659498207885305","2.150537634408602","3.5842293906810037","2.5089605734767026","110","3.902173913043478","28","276","632","9.246376811594203","3.260869565217391","0.7246376811594203","3.9855072463768115","0.36231884057971014","110","4.071428571428571","32","266","660","9.135338345864662","10.150375939849624","3.7593984962406015","0.7518796992481203","8.270676691729323","110","4.07829181494662","26","281","582","9.167259786476869","5.693950177935943","4.270462633451957","0.7117437722419929","6.049822064056939","110","3.920863309352518","24","278","630","9.489208633093526","1.7985611510791366","2.5179856115107913","3.237410071942446","2.5179856115107913","110","3.892988929889299","35","271","554","9.158671586715867","4.059040590405904","0.36900369003690037","1.1070110701107012","1.1070110701107012","110","3.9285714285714284","34","280","665","9.378571428571428","7.857142857142857","0.7142857142857143","0","2.857142857142857","110","4.12540192926045","24","311","666","9.209003215434084","4.823151125401929","7.07395498392283","7.395498392282958","3.215434083601286","110","4.124137931034483","31","290","639","9.296551724137931","3.103448275862069","4.827586206896552","7.586206896551724","3.793103448275862","110","3.9686411149825784","36","287","725","9.19163763066202","9.059233449477352","1.3937282229965158","0.6968641114982579","0.6968641114982579","110","3.975862068965517","45","290","609","9.296551724137931","5.172413793103448","1.3793103448275863","1.3793103448275863","4.482758620689655","110","3.868794326241135","27","282","570","9.191489361702128","6.73758865248227","0.3546099290780142","1.4184397163120568","1.0638297872340425","110","4.171929824561404","30","285","614","9.20701754385965","8.070175438596491","9.12280701754386","3.8596491228070176","6.315789473684211","110","4.0664451827242525","34","301","633","9.295681063122924","3.9867109634551494","5.3156146179401995","2.990033222591362","2.3255813953488373","110","3.89419795221843","28","293","582","9.331058020477816","1.3651877133105803","0.6825938566552902","2.3890784982935154","1.023890784982935","110","4.061068702290076","34","262","666","9.374045801526718","6.106870229007634","0.7633587786259542","6.870229007633588","0.7633587786259542","110","4.051546391752577","36","291","642","9.168384879725085","8.24742268041237","2.4054982817869415","2.4054982817869415","4.4673539518900345","110","4.175824175824176","38","273","653","9.516483516483516","9.157509157509157","6.227106227106227","0","7.326007326007326","110","4.039840637450199","35","251","578","9.362549800796813","7.968127490039841","0.796812749003984","5.577689243027889","0","110","4.050955414012739","39","314","739","9.40764331210191","5.732484076433121","1.5923566878980893","4.140127388535032","2.8662420382165603","110","3.9714285714285715","27","280","649","9.264285714285714","6.428571428571429","2.857142857142857","2.857142857142857","1.7857142857142858","110","4.026936026936027","29","297","628","9.272727272727273","4.040404040404041","1.0101010101010102","0.6734006734006734","7.070707070707071","110","4.010033444816053","27","299","651","9.217391304347826","4.013377926421405","4.3478260869565215","3.678929765886288","2.0066889632107023","110","4.090301003344481","43","299","672","9.043478260869565","6.354515050167224","4.682274247491639","7.023411371237458","2.6755852842809364"
,"111","4.072847682119205","21","302","703","9.264900662251655","6.953642384105961","7.6158940397351","2.6490066225165565","3.9735099337748343","111","4.521428571428571","31","280","694","9.314285714285715","2.142857142857143","17.5","34.642857142857146","2.5","111","3.9717868338557993","40","319","652","9.22257053291536","1.2539184952978057","5.6426332288401255","0","3.134796238244514","111","4.2646048109965635","30","291","696","9.243986254295532","2.7491408934707904","5.498281786941581","4.123711340206185","21.993127147766323","111","4.144444444444445","36","270","595","9.148148148148149","10","5.555555555555555","3.3333333333333335","5.185185185185185","111","4.107023411371237","34","299","725","9.224080267558529","5.016722408026756","5.016722408026756","3.678929765886288","2.0066889632107023","111","4.297734627831715","30","309","680","9.223300970873787","19.093851132686083","5.17799352750809","5.825242718446602","8.414239482200648","111","4.060070671378092","36","283","705","9.363957597173146","1.4134275618374559","6.713780918727915","0","8.12720848056537","111","4.074193548387097","33","310","712","9.187096774193549","5.161290322580645","2.903225806451613","15.161290322580646","0.967741935483871","111","4.1618122977346275","34","309","672","9.12621359223301","11.326860841423947","7.44336569579288","3.559870550161812","2.26537216828479","111","4.100746268656716","34","268","622","9.23134328358209","4.850746268656716","3.7313432835820897","1.492537313432836","6.343283582089552","111","3.9603174603174605","44","252","511","9.373015873015873","7.142857142857143","2.380952380952381","0.7936507936507936","3.1746031746031744","111","4.034722222222222","35","288","555","9.270833333333334","3.8194444444444446","1.3888888888888888","4.166666666666667","5.208333333333333","111","4.177215189873418","28","237","451","9.459915611814345","3.7974683544303796","7.172995780590718","4.641350210970464","8.016877637130802","111","3.893939393939394","31","264","550","9.424242424242424","2.272727272727273","2.272727272727273","1.5151515151515151","0.7575757575757576","111","4.130573248407643","34","314","734","9.40764331210191","6.369426751592357","3.821656050955414","2.5477707006369426","7.961783439490445","111","3.967509025270758","31","277","648","9.191335740072201","3.9711191335740073","1.8050541516245486","3.6101083032490973","2.527075812274368","111","3.898181818181818","29","275","632","9.207272727272727","3.272727272727273","0.7272727272727273","3.6363636363636362","0.7272727272727273","111","4.075757575757576","33","264","660","9.053030303030303","9.848484848484848","3.787878787878788","0.7575757575757576","7.954545454545454","111","4.081850533807829","26","281","582","9.167259786476869","6.049822064056939","4.270462633451957","0.7117437722419929","6.049822064056939","111","3.9130434782608696","24","276","630","9.41304347826087","1.8115942028985508","2.1739130434782608","2.898550724637681","2.536231884057971","111","3.88929889298893","35","271","554","9.158671586715867","4.059040590405904","0","0.7380073800738007","0.7380073800738007","111","3.9280575539568345","34","278","665","9.302158273381295","7.913669064748201","0.7194244604316546","0","2.8776978417266186","111","4.125806451612903","24","310","666","9.174193548387096","4.838709677419355","7.419354838709677","7.419354838709677","2.903225806451613","111","4.1280276816609","31","289","639","9.259515570934257","3.114186851211073","5.190311418685121","7.26643598615917","3.114186851211073","111","3.9615384615384617","36","286","725","9.160839160839162","9.090909090909092","1.3986013986013985","0.6993006993006993","0.6993006993006993","111","3.9792387543252596","46","289","609","9.259515570934257","5.190311418685121","1.3840830449826989","1.3840830449826989","4.498269896193771","111","3.866906474820144","28","278","570","9.035971223021583","6.83453237410072","0","1.4388489208633093","0.3597122302158273","111","4.147887323943662","30","284","614","9.169014084507042","8.098591549295774","9.154929577464788","3.8732394366197185","4.577464788732394","111","4.0664451827242525","34","301","633","9.295681063122924","3.9867109634551494","5.3156146179401995","2.990033222591362","2.3255813953488373","111","3.89419795221843","28","293","582","9.331058020477816","1.3651877133105803","0.6825938566552902","2.3890784982935154","0.6825938566552902","111","4.061302681992337","34","261","666","9.333333333333334","6.130268199233717","0.7662835249042146","6.896551724137931","0.7662835249042146","111","4.062068965517241","36","290","642","9.13103448275862","8.275862068965518","2.0689655172413794","2.0689655172413794","5.862068965517241","111","4.1838235294117645","39","272","653","9.477941176470589","9.558823529411764","6.985294117647059","0","7.352941176470588","111","4.036","35","250","578","9.32","8","0.8","5.6","0","111","4.04140127388535","39","314","739","9.40764331210191","4.777070063694268","1.5923566878980893","4.140127388535032","2.8662420382165603","111","3.964028776978417","27","278","649","9.18705035971223","6.83453237410072","2.8776978417266186","2.5179856115107913","1.4388489208633093","111","4.02020202020202","29","297","628","9.272727272727273","4.040404040404041","0.3367003367003367","0.6734006734006734","7.070707070707071","111","3.9966555183946486","27","299","651","9.217391304347826","4.013377926421405","3.678929765886288","3.678929765886288","1.6722408026755853","111","4.087248322147651","43","298","672","9.006711409395972","6.040268456375839","4.697986577181208","7.046979865771812","2.348993288590604"
,"112","4.062913907284768","21","302","721","9.3841059602649","6.291390728476821","7.947019867549669","2.3178807947019866","3.642384105960265","112","4.523297491039426","31","279","705","9.35483870967742","2.150537634408602","16.845878136200717","34.76702508960574","2.867383512544803","112","3.9749216300940438","40","319","673","9.35423197492163","1.2539184952978057","5.329153605015674","0","3.4482758620689653","112","4.268965517241379","31","290","713","9.331034482758621","2.7586206896551726","5.172413793103448","4.137931034482759","22.75862068965517","112","4.130111524163569","36","269","612","9.241635687732343","9.293680297397769","5.5762081784386615","2.973977695167286","5.204460966542751","112","4.104377104377105","34","297","742","9.265993265993266","4.377104377104377","5.3872053872053876","3.7037037037037037","2.0202020202020203","112","4.308196721311475","32","305","699","9.20655737704918","18.0327868852459","5.245901639344262","5.901639344262295","9.508196721311476","112","4.063604240282685","36","283","721","9.477031802120141","1.4134275618374559","6.713780918727915","0","8.12720848056537","112","4.087378640776699","33","309","732","9.288025889967637","5.17799352750809","2.912621359223301","16.181229773462782","0.970873786407767","112","4.178571428571429","34","308","696","9.279220779220779","11.688311688311689","8.441558441558442","3.2467532467532467","2.5974025974025974","112","4.104477611940299","34","268","628","9.276119402985074","4.850746268656716","3.7313432835820897","1.492537313432836","5.970149253731344","112","3.9477911646586343","46","249","517","9.309236947791165","6.827309236947791","1.606425702811245","0.8032128514056225","2.8112449799196786","112","4.041958041958042","35","286","564","9.3006993006993","3.8461538461538463","1.3986013986013985","4.195804195804196","5.244755244755245","112","4.17948717948718","29","234","455","9.41025641025641","3.4188034188034186","7.264957264957265","4.700854700854701","8.11965811965812","112","3.9053030303030303","31","264","564","9.530303030303031","2.272727272727273","2.272727272727273","1.5151515151515151","0.7575757575757576","112","4.128205128205129","35","312","749","9.448717948717949","6.089743589743589","3.8461538461538463","2.2435897435897436","8.333333333333334","112","3.963636363636364","31","275","665","9.236363636363636","3.6363636363636362","1.8181818181818181","3.6363636363636362","2.5454545454545454","112","3.887272727272727","29","275","652","9.352727272727273","3.272727272727273","0.7272727272727273","3.6363636363636362","0.36363636363636365","112","4.080152671755725","33","262","674","9.076335877862595","10.305343511450381","3.816793893129771","0.7633587786259542","8.01526717557252","112","4.082142857142857","26","280","605","9.292857142857143","5.714285714285714","4.285714285714286","0.7142857142857143","6.071428571428571","112","3.920289855072464","24","276","643","9.507246376811594","1.8115942028985508","2.536231884057971","2.898550724637681","2.536231884057971","112","3.8703703703703702","35","270","561","9.170370370370371","4.074074074074074","0","0","0.37037037037037035","112","3.9239130434782608","34","276","680","9.333333333333334","7.608695652173913","0.7246376811594203","0","2.898550724637681","112","4.135483870967742","24","310","693","9.348387096774193","4.838709677419355","7.096774193548387","7.419354838709677","3.225806451612903","112","4.1211072664359865","31","289","657","9.384083044982699","3.114186851211073","4.498269896193771","7.26643598615917","3.114186851211073","112","3.968421052631579","37","285","737","9.20701754385965","9.12280701754386","1.4035087719298245","0.7017543859649122","0.7017543859649122","112","3.9792387543252596","46","289","619","9.328719723183392","5.190311418685121","1.3840830449826989","1.3840830449826989","4.498269896193771","112","3.8700361010830324","29","277","591","9.148014440433213","6.859205776173285","0","1.444043321299639","0.7220216606498195","112","4.151943462897527","31","283","631","9.250883392226148","8.12720848056537","9.187279151943462","3.8869257950530036","4.593639575971731","112","4.066666666666666","34","300","643","9.353333333333333","4","5.333333333333333","3","2.3333333333333335","112","3.89419795221843","28","293","589","9.378839590443686","1.3651877133105803","0.6825938566552902","2.3890784982935154","0.6825938566552902","112","4.061538461538461","35","260","676","9.376923076923077","6.153846153846154","0.7692307692307693","6.923076923076923","0.7692307692307693","112","4.045296167247387","36","287","659","9.13588850174216","8.362369337979095","2.0905923344947737","1.7421602787456445","4.529616724738676","112","4.1838235294117645","39","272","670","9.602941176470589","9.191176470588236","6.985294117647059","0","7.352941176470588","112","4.036","35","250","589","9.408","8","0.8","5.6","0","112","4.047770700636943","39","314","749","9.471337579617835","5.414012738853503","1.5923566878980893","4.140127388535032","2.8662420382165603","112","3.967391304347826","27","276","660","9.18840579710145","6.521739130434782","2.898550724637681","2.898550724637681","1.4492753623188406","112","4.016949152542373","31","295","635","9.247457627118644","4.067796610169491","0","0.6779661016949152","7.11864406779661","112","4.0033670033670035","29","297","662","9.218855218855218","4.040404040404041","3.367003367003367","3.7037037037037037","2.0202020202020203","112","4.084175084175084","43","297","689","9.090909090909092","6.0606060606060606","4.377104377104377","7.070707070707071","2.356902356902357"
,"113","4.073333333333333","21","300","721","9.313333333333333","6.666666666666667","9","2","3.6666666666666665","113","4.544802867383512","31","279","705","9.35483870967742","2.150537634408602","17.921146953405017","36.55913978494624","2.5089605734767026","113","3.9748427672955975","40","318","673","9.320754716981131","1.2578616352201257","5.345911949685535","0","3.1446540880503147","113","4.25","31","288","713","9.256944444444445","2.7777777777777777","4.861111111111111","4.166666666666667","21.52777777777778","113","4.127340823970037","36","267","612","9.176029962546817","9.363295880149813","5.617977528089888","2.9962546816479403","4.49438202247191","113","4.105084745762712","34","295","742","9.2","4.745762711864407","5.084745762711864","3.7288135593220337","2.0338983050847457","113","4.323432343234323","33","303","699","9.174917491749175","19.471947194719473","5.9405940594059405","5.9405940594059405","8.910891089108912","113","4.056737588652482","37","282","721","9.446808510638299","1.0638297872340425","6.382978723404255","0","8.51063829787234","113","4.084415584415584","33","308","732","9.253246753246753","5.51948051948052","3.2467532467532467","15.909090909090908","0.6493506493506493","113","4.170491803278688","34","305","696","9.180327868852459","11.147540983606557","8.19672131147541","3.278688524590164","2.622950819672131","113","4.101123595505618","34","267","628","9.235955056179776","4.868913857677903","3.745318352059925","1.4981273408239701","6.367041198501872","113","3.967871485943775","46","249","517","9.309236947791165","7.228915662650603","2.4096385542168677","0.8032128514056225","3.6144578313253013","113","4.045454545454546","35","286","564","9.3006993006993","3.8461538461538463","1.3986013986013985","3.8461538461538463","5.244755244755245","113","4.1888412017167385","30","233","455","9.36480686695279","3.8626609442060085","7.296137339055794","4.721030042918455","8.15450643776824","113","3.9042145593869733","31","261","564","9.409961685823754","2.2988505747126435","2.2988505747126435","1.5325670498084292","0.7662835249042146","113","4.128205128205129","35","312","749","9.448717948717949","5.769230769230769","3.8461538461538463","2.2435897435897436","8.012820512820513","113","3.9635036496350367","31","274","665","9.197080291970803","3.6496350364963503","1.8248175182481752","3.6496350364963503","2.5547445255474455","113","3.883211678832117","29","274","652","9.313868613138686","3.2846715328467155","0.7299270072992701","3.6496350364963503","0","113","4.084291187739463","33","261","674","9.03448275862069","9.96168582375479","4.21455938697318","0.7662835249042146","8.045977011494253","113","4.08273381294964","27","278","605","9.215827338129497","6.115107913669065","4.316546762589928","0.7194244604316546","6.115107913669065","113","3.9127272727272726","24","275","643","9.498181818181818","1.8181818181818181","2.1818181818181817","2.909090909090909","2.5454545454545454","113","3.8689138576779025","36","267","561","9.04868913857678","4.119850187265918","0","0","0","113","3.9166666666666665","34","276","680","9.333333333333334","6.884057971014493","0.7246376811594203","0","2.898550724637681","113","4.142857142857143","25","308","693","9.279220779220779","5.194805194805195","7.142857142857143","7.467532467532467","3.2467532467532467","113","4.125","31","288","657","9.395833333333334","3.125","4.861111111111111","7.291666666666667","3.125","113","3.961267605633803","37","284","737","9.169014084507042","9.154929577464788","1.408450704225352","0.704225352112676","0.704225352112676","113","3.9791666666666665","46","288","619","9.291666666666666","5.208333333333333","1.3888888888888888","1.3888888888888888","4.513888888888889","113","3.869565217391304","29","276","591","9.108695652173912","6.884057971014493","0","1.4492753623188406","0.36231884057971014","113","4.148409893992933","31","283","631","9.250883392226148","8.12720848056537","9.187279151943462","3.8869257950530036","4.593639575971731","113","4.067114093959732","34","298","643","9.281879194630873","4.026845637583893","5.369127516778524","3.0201342281879193","2.348993288590604","113","3.89419795221843","28","293","589","9.378839590443686","1.3651877133105803","0.6825938566552902","2.3890784982935154","0.6825938566552902","113","4.061538461538461","35","260","676","9.376923076923077","6.153846153846154","0.7692307692307693","6.923076923076923","0.7692307692307693","113","4.048780487804878","36","287","659","9.13588850174216","8.362369337979095","2.0905923344947737","1.7421602787456445","4.878048780487805","113","4.188888888888889","39","270","670","9.525925925925925","9.62962962962963","7.037037037037037","0","7.407407407407407","113","4.036","35","250","589","9.408","8","0.8","5.6","0","113","4.047923322683706","39","313","749","9.437699680511182","4.792332268370607","1.597444089456869","4.472843450479234","3.194888178913738","113","3.963636363636364","27","275","660","9.163636363636364","6.909090909090909","2.909090909090909","2.5454545454545454","1.4545454545454546","113","4.017006802721088","32","294","635","9.210884353741497","4.081632653061225","0","0.6802721088435374","7.142857142857143","113","4.003401360544218","30","294","662","9.142857142857142","4.081632653061225","3.741496598639456","3.741496598639456","1.7006802721088434","113","4.084175084175084","43","297","689","9.090909090909092","6.0606060606060606","4.377104377104377","7.070707070707071","2.356902356902357"
,"114","4.076666666666667","21","300","721","9.313333333333333","7.333333333333333","8.333333333333334","2","3.3333333333333335","114","4.528776978417266","31","278","705","9.316546762589928","2.158273381294964","16.546762589928058","35.97122302158273","2.5179856115107913","114","3.9779179810725553","40","317","673","9.287066246056783","1.2618296529968454","5.678233438485805","0","3.470031545741325","114","4.2682926829268295","31","287","713","9.21951219512195","2.7874564459930316","5.2264808362369335","4.181184668989547","22.64808362369338","114","4.12781954887218","36","266","612","9.135338345864662","9.398496240601503","5.639097744360902","3.007518796992481","4.887218045112782","114","4.102389078498294","36","293","742","9.146757679180887","4.436860068259386","5.1194539249146755","3.7542662116040955","2.04778156996587","114","4.322259136212624","34","301","699","9.162790697674419","18.93687707641196","5.647840531561462","6.312292358803987","9.30232558139535","114","4.056737588652482","37","282","721","9.446808510638299","0.7092198581560284","6.73758865248227","0","8.156028368794326","114","4.100977198697068","33","307","732","9.218241042345277","5.863192182410423","2.9315960912052117","16.938110749185668","0.9771986970684039","114","4.18360655737705","34","305","696","9.180327868852459","11.80327868852459","8.852459016393443","3.278688524590164","2.2950819672131146","114","4.104868913857678","34","267","628","9.235955056179776","4.868913857677903","3.745318352059925","1.4981273408239701","5.992509363295881","114","3.9554655870445345","47","247","517","9.23076923076923","6.882591093117409","1.6194331983805668","0.8097165991902834","3.2388663967611335","114","4.048951048951049","35","286","564","9.3006993006993","3.8461538461538463","1.3986013986013985","3.8461538461538463","5.244755244755245","114","4.189655172413793","31","232","455","9.318965517241379","3.4482758620689653","7.758620689655173","4.741379310344827","8.189655172413794","114","3.9058823529411764","33","255","564","9.262745098039217","2.3529411764705883","1.9607843137254901","1.5686274509803921","0.7843137254901961","114","4.128205128205129","35","312","749","9.448717948717949","5.769230769230769","3.8461538461538463","2.2435897435897436","8.333333333333334","114","3.9633699633699635","32","273","665","9.157509157509157","3.663003663003663","1.8315018315018314","3.663003663003663","2.5641025641025643","114","3.886029411764706","30","272","652","9.235294117647058","3.3088235294117645","0.7352941176470589","3.676470588235294","0","114","4.0807692307692305","33","260","674","8.992307692307692","10.384615384615385","3.8461538461538463","0.7692307692307693","7.6923076923076925","114","4.086642599277979","28","277","605","9.176895306859207","5.776173285198556","4.332129963898917","0.7220216606498195","6.498194945848375","114","3.9197080291970803","25","274","643","9.459854014598541","1.8248175182481752","2.5547445255474455","2.9197080291970803","2.5547445255474455","114","3.8721804511278197","36","266","561","9.007518796992482","4.135338345864661","0","0","0","114","3.9194139194139193","35","273","680","9.216117216117215","6.95970695970696","0.7326007326007326","0","2.93040293040293","114","4.140065146579804","25","307","693","9.2442996742671","4.88599348534202","7.166123778501628","7.49185667752443","3.257328990228013","114","4.128919860627177","32","287","657","9.365853658536585","3.1358885017421603","5.2264808362369335","7.317073170731708","3.1358885017421603","114","3.9683098591549295","37","284","737","9.169014084507042","9.154929577464788","1.408450704225352","0.704225352112676","0.704225352112676","114","3.9791666666666665","46","288","619","9.291666666666666","5.208333333333333","1.3888888888888888","1.3888888888888888","4.513888888888889","114","3.869090909090909","29","275","591","9.069090909090908","6.909090909090909","0","1.4545454545454546","0","114","4.151943462897527","31","283","631","9.250883392226148","8.12720848056537","9.187279151943462","3.8869257950530036","4.593639575971731","114","4.0673400673400675","34","297","643","9.25925925925926","4.040404040404041","5.3872053872053876","3.0303030303030303","2.356902356902357","114","3.893835616438356","28","292","589","9.342465753424657","1.36986301369863","0.684931506849315","2.3972602739726026","0.684931506849315","114","4.061538461538461","35","260","676","9.376923076923077","6.153846153846154","0.7692307692307693","6.923076923076923","0.7692307692307693","114","4.042105263157895","37","285","659","9.059649122807018","8.421052631578947","2.1052631578947367","1.7543859649122806","4.2105263157894735","114","4.182156133828996","40","269","670","9.486988847583643","9.293680297397769","6.691449814126394","0","7.434944237918216","114","4.036","35","250","589","9.408","8","0.8","5.6","0","114","4.054313099041534","39","313","749","9.437699680511182","5.431309904153355","1.597444089456869","4.472843450479234","3.194888178913738","114","3.9672727272727273","27","275","660","9.163636363636364","6.545454545454546","2.909090909090909","2.909090909090909","1.4545454545454546","114","4.017064846416382","33","293","635","9.180887372013652","4.09556313993174","0","0.6825938566552902","7.167235494880546","114","4.010238907849829","30","293","662","9.10580204778157","4.09556313993174","3.4129692832764507","3.7542662116040955","2.04778156996587","114","4.08445945945946","43","296","689","9.054054054054054","6.081081081081081","4.391891891891892","7.094594594594595","2.364864864864865"
,"115","4.08080808080808","22","297","740","9.387205387205388","7.744107744107744","8.080808080808081","1.6835016835016836","3.7037037037037037","115","4.5359712230215825","31","278","724","9.453237410071942","2.158273381294964","17.985611510791365","35.611510791366904","2.5179856115107913","115","3.977777777777778","42","315","692","9.33968253968254","1.2698412698412698","5.396825396825397","0","3.492063492063492","115","4.258741258741258","32","286","741","9.377622377622378","2.797202797202797","4.895104895104895","4.195804195804196","22.027972027972027","115","4.133079847908745","37","263","633","9.209125475285171","9.885931558935361","5.7034220532319395","3.041825095057034","4.562737642585551","115","4.116838487972508","36","291","769","9.264604810996564","5.498281786941581","5.498281786941581","3.7800687285223367","2.0618556701030926","115","4.335548172757475","34","301","738","9.421926910299003","19.601328903654483","6.644518272425249","5.980066445182724","9.30232558139535","115","4.049645390070922","37","282","728","9.49645390070922","0.7092198581560284","6.382978723404255","0","8.156028368794326","115","4.091503267973856","33","306","756","9.398692810457517","6.209150326797386","2.9411764705882355","16.33986928104575","0.6535947712418301","115","4.178217821782178","34","303","714","9.234323432343235","11.881188118811881","8.58085808580858","3.3003300330033003","2.31023102310231","115","4.10188679245283","35","265","636","9.230188679245282","4.528301886792453","3.7735849056603774","1.509433962264151","6.7924528301886795","115","3.9635627530364372","47","247","538","9.40080971659919","7.287449392712551","2.42914979757085","0.8097165991902834","3.2388663967611335","115","4.03859649122807","35","285","577","9.35438596491228","3.508771929824561","1.4035087719298245","3.508771929824561","5.2631578947368425","115","4.195652173913044","32","230","468","9.339130434782609","3.9130434782608696","7.826086956521739","4.782608695652174","8.26086956521739","115","3.9098039215686273","33","255","589","9.458823529411765","2.3529411764705883","1.5686274509803921","1.5686274509803921","0.7843137254901961","115","4.128205128205129","35","312","761","9.525641025641026","5.769230769230769","3.8461538461538463","2.2435897435897436","8.012820512820513","115","3.963235294117647","33","272","695","9.338235294117647","3.676470588235294","1.838235294117647","3.676470588235294","2.573529411764706","115","3.888888888888889","31","270","677","9.355555555555556","3.3333333333333335","0.7407407407407407","3.7037037037037037","0","115","4.0807692307692305","33","260","697","9.169230769230769","10","4.230769230769231","0.7692307692307693","7.6923076923076925","115","4.0830324909747295","28","277","632","9.371841155234657","6.137184115523466","4.332129963898917","0.7220216606498195","6.137184115523466","115","3.9124087591240877","25","274","655","9.547445255474452","1.8248175182481752","2.18978102189781","2.9197080291970803","2.5547445255474455","115","3.8679245283018866","37","265","578","9.09433962264151","3.7735849056603774","0","0","0","115","3.912087912087912","35","273","713","9.457875457875458","6.593406593406593","0.7326007326007326","0","2.93040293040293","115","4.1480263157894735","26","304","710","9.256578947368421","5.2631578947368425","6.907894736842105","7.565789473684211","3.6184210526315788","115","4.125435540069686","32","287","672","9.470383275261325","3.1358885017421603","4.878048780487805","7.317073170731708","3.1358885017421603","115","3.9575971731448765","37","283","753","9.243816254416961","8.8339222614841","1.4134275618374559","0.7067137809187279","0.7067137809187279","115","3.9791666666666665","46","288","627","9.347222222222221","5.208333333333333","1.3888888888888888","1.3888888888888888","4.513888888888889","115","3.8686131386861313","29","274","610","9.167883211678832","6.934306569343065","0","1.4598540145985401","0","115","4.148936170212766","31","282","644","9.312056737588652","8.156028368794326","9.21985815602837","3.900709219858156","4.609929078014185","115","4.064406779661017","34","295","657","9.28135593220339","3.7288135593220337","5.423728813559322","3.0508474576271185","2.3728813559322033","115","3.893470790378007","29","291","600","9.381443298969073","1.3745704467353952","0.6872852233676976","2.4054982817869415","0.6872852233676976","115","4.065637065637065","35","259","690","9.467181467181467","6.177606177606178","0.7722007722007722","6.94980694980695","0.7722007722007722","115","4.049122807017544","37","285","693","9.298245614035087","8.421052631578947","2.1052631578947367","1.7543859649122806","4.912280701754386","115","4.187265917602996","40","267","686","9.535580524344569","9.737827715355806","6.741573033707865","0","7.49063670411985","115","4.036144578313253","36","249","593","9.413654618473895","8.032128514056225","0.8032128514056225","5.622489959839357","0","115","4.048076923076923","40","312","760","9.474358974358974","4.8076923076923075","1.6025641025641026","4.487179487179487","3.2051282051282053","115","3.9635036496350367","27","274","683","9.299270072992702","6.934306569343065","2.9197080291970803","2.5547445255474455","1.4598540145985401","115","4.017123287671233","34","292","654","9.273972602739725","4.109589041095891","0","0.684931506849315","7.191780821917808","115","4","30","291","690","9.223367697594501","4.123711340206185","3.4364261168384878","3.7800687285223367","1.3745704467353952","115","4.081911262798635","44","293","704","9.044368600682594","6.143344709897611","4.436860068259386","7.167235494880546","2.04778156996587"
,"116","4.077702702702703","22","296","740","9.35135135135135","8.108108108108109","7.77027027027027","1.3513513513513513","3.0405405405405403","116","4.575539568345324","31","278","724","9.453237410071942","2.5179856115107913","18.705035971223023","38.1294964028777","2.5179856115107913","116","3.97444089456869","43","313","692","9.31629392971246","1.2779552715654952","5.111821086261981","0","3.5143769968051117","116","4.266666666666667","32","285","741","9.340350877192982","2.807017543859649","5.614035087719298","4.2105263157894735","21.75438596491228","116","4.152091254752852","37","263","633","9.209125475285171","11.02661596958175","5.7034220532319395","3.041825095057034","4.942965779467681","116","4.103092783505154","36","291","769","9.264604810996564","4.4673539518900345","5.154639175257732","3.7800687285223367","2.0618556701030926","116","4.321070234113712","34","299","738","9.351170568561873","18.06020066889632","6.688963210702341","5.68561872909699","9.364548494983278","116","4.06049822064057","38","281","728","9.459074733096086","0.7117437722419929","7.117437722419929","0","8.185053380782918","116","4.089403973509934","33","302","756","9.291390728476822","5.960264900662252","2.6490066225165565","16.225165562913908","0.33112582781456956","116","4.182119205298013","34","302","714","9.225165562913908","11.920529801324504","8.609271523178808","3.3112582781456954","2.3178807947019866","116","4.10188679245283","35","265","636","9.230188679245282","4.528301886792453","3.7735849056603774","1.509433962264151","6.037735849056604","116","3.9549180327868854","47","244","538","9.270491803278688","6.967213114754099","2.0491803278688523","0.819672131147541","3.278688524590164","116","4.03169014084507","35","284","577","9.316901408450704","3.1690140845070425","1.408450704225352","3.1690140845070425","5.28169014084507","116","4.2","32","230","468","9.339130434782609","3.4782608695652173","8.695652173913043","4.782608695652174","8.26086956521739","116","3.9098039215686273","33","255","589","9.458823529411765","2.3529411764705883","1.5686274509803921","1.5686274509803921","0.7843137254901961","116","4.128205128205129","35","312","761","9.525641025641026","5.769230769230769","3.8461538461538463","2.2435897435897436","8.333333333333334","116","3.962962962962963","33","270","695","9.25925925925926","3.7037037037037037","1.8518518518518519","3.7037037037037037","2.5925925925925926","116","3.888888888888889","31","270","677","9.355555555555556","3.3333333333333335","0.7407407407407407","3.7037037037037037","0","116","4.0807692307692305","33","260","697","9.169230769230769","10.384615384615385","3.8461538461538463","0.7692307692307693","7.6923076923076925","116","4.0830324909747295","28","277","632","9.371841155234657","5.776173285198556","4.332129963898917","0.7220216606498195","6.137184115523466","116","3.9197080291970803","25","274","655","9.547445255474452","1.8248175182481752","2.5547445255474455","2.9197080291970803","2.5547445255474455","116","3.8679245283018866","37","265","578","9.09433962264151","3.3962264150943398","0","0","0","116","3.9182156133828996","35","269","713","9.301115241635689","7.063197026022305","0.7434944237918215","0","2.973977695167286","116","4.145214521452146","26","303","710","9.221122112211221","4.9504950495049505","6.600660066006601","7.590759075907591","3.3003300330033003","116","4.115384615384615","32","286","672","9.433566433566433","3.1468531468531467","3.8461538461538463","7.3426573426573425","3.1468531468531467","116","3.96113074204947","37","283","753","9.243816254416961","8.480565371024735","1.4134275618374559","0.7067137809187279","0.7067137809187279","116","3.9791666666666665","46","288","627","9.347222222222221","5.208333333333333","1.3888888888888888","1.3888888888888888","4.513888888888889","116","3.8686131386861313","29","274","610","9.167883211678832","6.934306569343065","0","1.4598540145985401","0","116","4.156583629893238","31","281","644","9.274021352313166","8.185053380782918","9.608540925266905","3.9145907473309607","4.6263345195729535","116","4.064406779661017","34","295","657","9.28135593220339","3.7288135593220337","5.423728813559322","3.0508474576271185","2.3728813559322033","116","3.893470790378007","29","291","600","9.381443298969073","1.3745704467353952","0.6872852233676976","2.4054982817869415","0.6872852233676976","116","4.065637065637065","35","259","690","9.467181467181467","6.177606177606178","0.7722007722007722","6.94980694980695","0.7722007722007722","116","4.049295774647887","37","284","693","9.26056338028169","8.450704225352112","2.112676056338028","1.7605633802816902","4.929577464788732","116","4.178030303030303","40","264","686","9.416666666666666","9.469696969696969","6.818181818181818","0","7.196969696969697","116","4.032258064516129","36","248","593","9.370967741935484","7.661290322580645","0.8064516129032258","5.645161290322581","0","116","4.05448717948718","40","312","760","9.474358974358974","5.448717948717949","1.6025641025641026","4.487179487179487","3.2051282051282053","116","3.9671532846715327","27","274","683","9.299270072992702","6.569343065693431","2.9197080291970803","2.9197080291970803","1.4598540145985401","116","4.013745704467354","34","291","654","9.237113402061855","3.7800687285223367","0","0.6872852233676976","7.216494845360825","116","3.9930555555555554","30","288","690","9.17361111111111","4.166666666666667","2.4305555555555554","3.8194444444444446","1.3888888888888888","116","4.081911262798635","44","293","704","9.044368600682594","6.143344709897611","4.436860068259386","7.167235494880546","2.04778156996587"
,"117","4.08445945945946","22","296","740","9.35135135135135","8.108108108108109","8.108108108108109","1.3513513513513513","3.3783783783783785","117","4.5503597122302155","31","278","724","9.453237410071942","2.158273381294964","18.345323741007196","36.69064748201439","2.5179856115107913","117","3.984025559105431","43","313","692","9.31629392971246","1.597444089456869","5.111821086261981","0","3.5143769968051117","117","4.27112676056338","32","284","741","9.30281690140845","2.816901408450704","5.633802816901408","4.225352112676056","22.183098591549296","117","4.152671755725191","37","262","633","9.16793893129771","11.450381679389313","5.7251908396946565","3.053435114503817","4.580152671755725","117","4.110344827586207","36","290","769","9.241379310344827","4.827586206896552","5.172413793103448","4.137931034482759","2.0689655172413794","117","4.325503355704698","35","298","738","9.315436241610739","18.120805369127517","6.7114093959731544","5.704697986577181","9.060402684563758","117","4.05","39","280","728","9.42142857142857","0.7142857142857143","6.428571428571429","0","8.214285714285714","117","4.086092715231788","33","302","756","9.291390728476822","5.960264900662252","2.3178807947019866","16.887417218543046","0","117","4.188741721854305","34","302","714","9.225165562913908","12.582781456953642","8.940397350993377","3.3112582781456954","2.3178807947019866","117","4.10188679245283","35","265","636","9.230188679245282","4.528301886792453","4.150943396226415","1.509433962264151","6.415094339622642","117","3.950413223140496","48","242","538","9.190082644628099","6.198347107438017","2.479338842975207","0.8264462809917356","3.3057851239669422","117","4.031802120141343","35","283","577","9.30035335689046","3.1802120141342756","1.4134275618374559","3.1802120141342756","5.30035335689046","117","4.206140350877193","32","228","468","9.25438596491228","3.9473684210526314","9.210526315789474","4.385964912280702","8.333333333333334","117","3.9176470588235293","33","255","589","9.458823529411765","2.3529411764705883","1.5686274509803921","1.5686274509803921","0.7843137254901961","117","4.128205128205129","35","312","761","9.525641025641026","5.769230769230769","3.8461538461538463","2.2435897435897436","8.012820512820513","117","3.962825278810409","34","269","695","9.219330855018587","3.717472118959108","1.858736059479554","3.717472118959108","2.6022304832713754","117","3.8917910447761193","31","268","677","9.305970149253731","3.3582089552238807","0.746268656716418","3.7313432835820897","0","117","4.0807692307692305","33","260","697","9.169230769230769","10","4.230769230769231","0.7692307692307693","7.6923076923076925","117","4.0830324909747295","28","277","632","9.371841155234657","6.137184115523466","4.332129963898917","0.7220216606498195","6.137184115523466","117","3.9124087591240877","25","274","655","9.547445255474452","1.8248175182481752","2.18978102189781","2.9197080291970803","2.5547445255474455","117","3.8679245283018866","37","265","578","9.09433962264151","3.3962264150943398","0","0","0","117","3.9107806691449816","35","269","713","9.301115241635689","6.691449814126394","0.7434944237918215","0","2.973977695167286","117","4.145695364238411","26","302","710","9.19205298013245","5.298013245033113","6.291390728476821","7.6158940397351","3.3112582781456954","117","4.115384615384615","32","286","672","9.433566433566433","3.1468531468531467","3.8461538461538463","7.3426573426573425","3.1468531468531467","117","3.9537366548042705","37","281","753","9.167259786476869","8.540925266903914","1.4234875444839858","0.7117437722419929","0.7117437722419929","117","3.9790940766550524","47","287","627","9.310104529616725","5.2264808362369335","1.3937282229965158","1.3937282229965158","4.529616724738676","117","3.8713235294117645","30","272","610","9.095588235294118","6.985294117647059","0","1.4705882352941178","0","117","4.15","31","280","644","9.242857142857142","8.214285714285714","9.285714285714286","3.9285714285714284","4.642857142857143","117","4.0646258503401365","34","294","657","9.244897959183673","3.741496598639456","5.442176870748299","3.061224489795918","2.380952380952381","117","3.8961937716262978","30","289","600","9.30795847750865","1.3840830449826989","0.6920415224913494","2.422145328719723","0.6920415224913494","117","4.065637065637065","35","259","690","9.467181467181467","6.177606177606178","0.7722007722007722","6.94980694980695","0.7722007722007722","117","4.042402826855124","37","283","693","9.250883392226148","8.12720848056537","2.1201413427561837","1.7667844522968197","4.593639575971731","117","4.186311787072244","40","263","686","9.376425855513308","9.885931558935361","6.844106463878327","0","7.224334600760456","117","4.028225806451613","36","248","593","9.370967741935484","7.258064516129032","0.8064516129032258","5.645161290322581","0","117","4.048387096774194","41","310","760","9.412903225806451","4.838709677419355","1.6129032258064515","4.516129032258065","3.225806451612903","117","3.9633699633699635","28","273","683","9.260073260073261","6.95970695970696","2.93040293040293","2.5641025641025643","1.465201465201465","117","4.010344827586207","35","290","654","9.2","3.4482758620689653","0","0.6896551724137931","7.241379310344827","117","3.9930555555555554","30","288","690","9.17361111111111","4.166666666666667","2.7777777777777777","3.8194444444444446","1.3888888888888888","117","4.075342465753424","45","292","704","9.006849315068493","5.821917808219178","4.4520547945205475","6.8493150684931505","2.0547945205479454"
,"118","4.088135593220339","22","295","758","9.43728813559322","8.135593220338983","8.135593220338983","1.3559322033898304","3.0508474576271185","118","4.5703971119133575","31","277","733","9.48014440433213","2.1660649819494586","18.411552346570396","38.26714801444043","2.527075812274368","118","3.977635782747604","43","313","712","9.44408945686901","1.2779552715654952","4.792332268370607","0","3.8338658146964857","118","4.28169014084507","32","284","759","9.429577464788732","2.816901408450704","5.633802816901408","4.225352112676056","23.239436619718308","118","4.152671755725191","37","262","655","9.335877862595419","11.068702290076336","5.7251908396946565","3.053435114503817","4.961832061068702","118","4.104166666666667","36","288","789","9.354166666666666","4.513888888888889","5.208333333333333","3.8194444444444446","2.0833333333333335","118","4.3367003367003365","36","297","755","9.393939393939394","17.845117845117844","7.070707070707071","6.0606060606060606","9.427609427609427","118","4.057553956834532","39","278","741","9.474820143884893","0.7194244604316546","6.83453237410072","0","7.913669064748201","118","4.099667774086379","33","301","780","9.415282392026578","6.644518272425249","2.3255813953488373","17.27574750830565","0","118","4.188741721854305","34","302","733","9.350993377483444","11.920529801324504","9.271523178807946","3.3112582781456954","2.3178807947019866","118","4.102661596958175","35","263","648","9.29277566539924","4.562737642585551","3.802281368821293","1.520912547528517","6.083650190114068","118","3.9460580912863072","48","241","564","9.360995850622407","6.224066390041494","2.074688796680498","0.8298755186721992","3.319502074688797","118","4.031802120141343","35","283","596","9.434628975265017","3.1802120141342756","1.4134275618374559","3.1802120141342756","5.30035335689046","118","4.1982378854625555","33","227","488","9.383259911894273","3.5242290748898677","8.810572687224669","4.405286343612334","8.370044052863436","118","3.9098039215686273","33","255","605","9.584313725490196","2.3529411764705883","1.5686274509803921","1.5686274509803921","0.7843137254901961","118","4.131832797427653","35","311","768","9.536977491961414","5.787781350482315","3.8585209003215435","2.2508038585209005","8.360128617363344","118","3.9625468164794007","35","267","716","9.325842696629213","3.3707865168539324","1.8726591760299625","3.745318352059925","2.6217228464419478","118","3.8917910447761193","31","268","695","9.440298507462687","3.3582089552238807","0.746268656716418","3.7313432835820897","0","118","4.078125","35","256","710","9.1171875","10.15625","3.90625","0.78125","7.8125","118","4.0830324909747295","28","277","639","9.422382671480145","5.776173285198556","4.332129963898917","0.7220216606498195","6.137184115523466","118","3.9157509157509156","25","273","660","9.545787545787546","1.8315018315018314","2.197802197802198","2.93040293040293","2.5641025641025643","118","3.8745247148288975","37","263","597","9.201520912547528","3.4220532319391634","0","0","0","118","3.9182156133828996","35","269","732","9.442379182156134","7.063197026022305","0.7434944237918215","0","2.973977695167286","118","4.145695364238411","26","302","731","9.331125827814569","4.966887417218543","6.291390728476821","7.6158940397351","3.3112582781456954","118","4.11660777385159","32","283","680","9.420494699646643","3.1802120141342756","3.8869257950530036","7.420494699646643","3.1802120141342756","118","3.9642857142857144","37","280","774","9.321428571428571","8.571428571428571","1.4285714285714286","0.7142857142857143","0.7142857142857143","118","3.9790940766550524","47","287","639","9.393728222996515","5.2264808362369335","1.3937282229965158","1.3937282229965158","4.529616724738676","118","3.870848708487085","31","271","628","9.188191881918819","7.011070110701107","0","1.4760147601476015","0","118","4.154676258992806","32","278","659","9.280575539568344","8.273381294964029","9.352517985611511","3.9568345323741005","4.676258992805756","118","4.065068493150685","35","292","676","9.321917808219178","3.767123287671233","5.47945205479452","3.0821917808219177","2.3972602739726026","118","3.8989547038327528","30","287","615","9.337979094076655","1.3937282229965158","0.6968641114982579","2.4390243902439024","0.6968641114982579","118","4.065891472868217","35","258","696","9.488372093023257","6.2015503875969","0.7751937984496124","6.976744186046512","0.7751937984496124","118","4.031802120141343","37","283","712","9.385159010600706","7.773851590106007","2.1201413427561837","1.7667844522968197","3.8869257950530036","118","4.180076628352491","41","261","717","9.53256704980843","9.578544061302683","6.896551724137931","0","7.2796934865900385","118","4.02834008097166","37","247","605","9.425101214574898","7.287449392712551","0.8097165991902834","5.668016194331984","0","118","4.055016181229774","41","309","773","9.462783171521036","5.501618122977346","1.6181229773462784","4.53074433656958","3.236245954692557","118","3.967032967032967","28","273","702","9.3992673992674","6.593406593406593","2.93040293040293","2.93040293040293","1.465201465201465","118","4.010416666666667","35","288","673","9.277777777777779","3.4722222222222223","0","0.6944444444444444","7.291666666666667","118","3.9895833333333335","30","288","724","9.409722222222221","4.166666666666667","2.0833333333333335","3.8194444444444446","1.3888888888888888","118","4.068493150684931","45","292","732","9.198630136986301","5.47945205479452","4.4520547945205475","6.506849315068493","2.0547945205479454"
,"119","4.091836734693878","23","294","758","9.401360544217686","8.16326530612245","7.8231292517006805","1.7006802721088434","3.401360544217687","119","4.584837545126354","31","277","733","9.48014440433213","2.1660649819494586","19.133574007220215","39.35018050541516","2.527075812274368","119","3.977635782747604","43","313","712","9.44408945686901","1.2779552715654952","4.792332268370607","0","3.5143769968051117","119","4.267605633802817","32","284","759","9.429577464788732","2.816901408450704","5.633802816901408","4.225352112676056","21.830985915492956","119","4.157692307692308","37","260","655","9.253846153846155","11.538461538461538","5.769230769230769","3.076923076923077","5","119","4.111888111888112","36","286","789","9.293706293706293","5.244755244755245","5.244755244755245","3.8461538461538463","2.097902097902098","119","4.341216216216216","36","296","755","9.358108108108109","18.91891891891892","6.756756756756757","5.405405405405405","9.797297297297296","119","4.053956834532374","39","278","741","9.474820143884893","0.7194244604316546","6.474820143884892","0","8.273381294964029","119","4.093333333333334","33","300","780","9.38","6","2.3333333333333335","17.666666666666668","0","119","4.189368770764119","35","301","733","9.315614617940199","11.960132890365449","9.634551495016611","3.3222591362126246","2.3255813953488373","119","4.099236641221374","35","262","648","9.251908396946565","4.580152671755725","3.816793893129771","1.5267175572519085","6.488549618320611","119","3.9414225941422596","48","239","564","9.280334728033473","5.857740585774058","2.092050209205021","0.8368200836820083","3.3472803347280333","119","4.0321428571428575","35","280","596","9.321428571428571","3.2142857142857144","1.4285714285714286","3.2142857142857144","5.357142857142857","119","4.199115044247788","33","226","488","9.336283185840708","3.5398230088495577","8.849557522123893","4.424778761061947","8.4070796460177","119","3.91699604743083","33","253","605","9.50197628458498","2.3715415019762847","1.5810276679841897","1.5810276679841897","0.7905138339920948","119","4.135483870967742","35","310","768","9.503225806451614","5.806451612903226","3.870967741935484","2.2580645161290325","8.064516129032258","119","3.9661654135338344","35","266","716","9.285714285714286","3.3834586466165413","1.8796992481203008","3.7593984962406015","2.6315789473684212","119","3.891385767790262","31","267","695","9.400749063670412","3.3707865168539324","0.7490636704119851","3.745318352059925","0","119","4.07421875","35","256","710","9.1171875","9.765625","3.90625","0.78125","7.8125","119","4.083941605839416","28","274","639","9.328467153284672","5.839416058394161","4.37956204379562","0.7299270072992701","6.204379562043796","119","3.9047619047619047","25","273","660","9.545787545787546","1.8315018315018314","1.465201465201465","2.93040293040293","2.5641025641025643","119","3.877862595419847","37","262","597","9.16030534351145","3.435114503816794","0","0","0","119","3.9107806691449816","35","269","732","9.442379182156134","6.691449814126394","0.7434944237918215","0","2.973977695167286","119","4.145695364238411","26","302","731","9.331125827814569","5.298013245033113","6.291390728476821","7.6158940397351","3.3112582781456954","119","4.113475177304965","32","282","680","9.382978723404255","3.1914893617021276","3.900709219858156","7.092198581560283","3.1914893617021276","119","3.960714285714286","37","280","774","9.321428571428571","8.571428571428571","1.4285714285714286","0.7142857142857143","0.7142857142857143","119","3.979020979020979","47","286","639","9.356643356643357","5.244755244755245","1.3986013986013985","1.3986013986013985","4.545454545454546","119","3.8703703703703702","31","270","628","9.148148148148149","7.037037037037037","0","1.4814814814814814","0","119","4.151079136690647","32","278","659","9.280575539568344","8.273381294964029","9.352517985611511","3.9568345323741005","4.676258992805756","119","4.0657439446366785","37","289","676","9.211072664359861","3.8062283737024223","5.536332179930795","3.114186851211073","2.422145328719723","119","3.8986013986013988","30","286","615","9.3006993006993","1.3986013986013985","0.6993006993006993","2.4475524475524475","0.6993006993006993","119","4.06640625","35","256","696","9.4140625","6.25","0.78125","7.03125","0.78125","119","4.035460992907802","37","282","712","9.347517730496454","7.801418439716312","2.127659574468085","1.7730496453900708","4.25531914893617","119","4.180076628352491","41","261","717","9.53256704980843","9.578544061302683","6.896551724137931","0","7.2796934865900385","119","4.028455284552845","38","246","605","9.382113821138212","7.317073170731708","0.8130081300813008","5.691056910569106","0","119","4.052117263843648","41","307","773","9.407166123778502","4.88599348534202","1.6286644951140066","4.5602605863192185","3.257328990228013","119","3.9667896678966788","30","271","702","9.321033210332104","7.011070110701107","2.952029520295203","2.952029520295203","1.4760147601476015","119","4.006993006993007","35","286","673","9.202797202797203","3.4965034965034967","0","0.6993006993006993","6.993006993006993","119","3.9895833333333335","30","288","724","9.409722222222221","4.166666666666667","2.4305555555555554","3.8194444444444446","1.3888888888888888","119","4.068493150684931","45","292","732","9.198630136986301","5.47945205479452","4.4520547945205475","6.506849315068493","2.0547945205479454"
,"120","4.092150170648464","24","293","758","9.365187713310581","8.532423208191126","8.19112627986348","1.3651877133105803","3.0716723549488054","120","4.561594202898551","31","276","733","9.442028985507246","2.1739130434782608","18.47826086956522","37.31884057971015","2.536231884057971","120","3.9711538461538463","43","312","712","9.41025641025641","1.2820512820512822","4.8076923076923075","0","3.2051282051282053","120","4.276595744680851","33","282","759","9.361702127659575","2.8368794326241136","6.028368794326241","4.25531914893617","22.340425531914892","120","4.158301158301159","37","259","655","9.212355212355213","11.96911196911197","5.7915057915057915","3.088803088803089","4.633204633204633","120","4.104895104895105","36","286","789","9.293706293706293","4.545454545454546","5.244755244755245","3.8461538461538463","2.097902097902098","120","4.361486486486487","36","296","755","9.358108108108109","19.594594594594593","7.094594594594595","5.743243243243243","10.472972972972974","120","4.057553956834532","39","278","741","9.474820143884893","0.7194244604316546","6.83453237410072","0","7.913669064748201","120","4.104026845637584","34","298","780","9.308724832214764","6.040268456375839","2.348993288590604","17.78523489932886","0","120","4.196013289036545","35","301","733","9.315614617940199","11.960132890365449","9.966777408637874","3.3222591362126246","2.3255813953488373","120","4.1038461538461535","36","260","648","9.176923076923076","4.615384615384615","3.8461538461538463","1.5384615384615385","6.153846153846154","120","3.9453781512605044","48","238","564","9.243697478991596","6.302521008403361","2.100840336134454","0.8403361344537815","3.361344537815126","120","4.035714285714286","35","280","596","9.321428571428571","3.2142857142857144","1.4285714285714286","3.5714285714285716","5.357142857142857","120","4.195555555555556","33","225","488","9.297777777777778","3.111111111111111","8.88888888888889","4.444444444444445","8.444444444444445","120","3.9051383399209487","33","253","605","9.50197628458498","2.3715415019762847","1.5810276679841897","1.5810276679841897","0.7905138339920948","120","4.136363636363637","36","308","768","9.46103896103896","5.51948051948052","3.896103896103896","2.272727272727273","8.441558441558442","120","3.9622641509433962","35","265","716","9.245283018867925","3.3962264150943398","1.8867924528301887","3.7735849056603774","2.641509433962264","120","3.891385767790262","31","267","695","9.400749063670412","3.3707865168539324","0.7490636704119851","3.745318352059925","0","120","4.08203125","35","256","710","9.1171875","10.15625","3.90625","0.78125","8.203125","120","4.08029197080292","28","274","639","9.328467153284672","5.109489051094891","4.37956204379562","0.7299270072992701","6.204379562043796","120","3.911439114391144","25","271","660","9.48339483394834","1.845018450184502","1.845018450184502","2.952029520295203","2.5830258302583027","120","3.8773946360153255","37","261","597","9.118773946360154","3.4482758620689653","0","0","0","120","3.913207547169811","35","265","732","9.313207547169812","6.415094339622642","0.7547169811320755","0","3.018867924528302","120","4.146179401993355","26","301","731","9.295681063122924","4.983388704318937","6.312292358803987","7.641196013289036","3.3222591362126246","120","4.113475177304965","32","282","680","9.382978723404255","3.1914893617021276","3.900709219858156","7.092198581560283","3.1914893617021276","120","3.967741935483871","38","279","774","9.283154121863799","8.602150537634408","1.4336917562724014","0.7168458781362007","0.7168458781362007","120","3.9788732394366195","47","284","639","9.28169014084507","5.28169014084507","1.408450704225352","1.408450704225352","4.577464788732394","120","3.8703703703703702","31","270","628","9.148148148148149","7.037037037037037","0","1.4814814814814814","0","120","4.155234657039712","32","277","659","9.24187725631769","8.303249097472925","9.386281588447654","3.9711191335740073","4.693140794223827","120","4.0657439446366785","37","289","676","9.211072664359861","3.8062283737024223","5.536332179930795","3.114186851211073","2.422145328719723","120","3.898245614035088","30","285","615","9.27017543859649","1.4035087719298245","0.7017543859649122","2.456140350877193","0.7017543859649122","120","4.06640625","35","256","696","9.4140625","6.25","0.78125","7.03125","0.78125","120","4.028368794326241","37","282","712","9.347517730496454","7.801418439716312","2.127659574468085","1.7730496453900708","3.5460992907801416","120","4.180769230769231","42","260","717","9.492307692307692","9.615384615384615","6.923076923076923","0","7.3076923076923075","120","4.0285714285714285","38","245","605","9.346938775510203","7.346938775510204","0.8163265306122449","5.714285714285714","0","120","4.059016393442623","41","305","773","9.337704918032786","5.245901639344262","1.639344262295082","4.590163934426229","3.278688524590164","120","3.966666666666667","30","270","702","9.281481481481482","6.666666666666667","2.962962962962963","2.962962962962963","1.4814814814814814","120","4.003508771929824","35","285","673","9.228070175438596","3.508771929824561","0","0.7017543859649122","6.666666666666667","120","3.9895833333333335","30","288","724","9.409722222222221","4.166666666666667","2.0833333333333335","3.8194444444444446","1.3888888888888888","120","4.072916666666667","46","288","732","9.097222222222221","5.555555555555555","4.513888888888889","6.597222222222222","2.0833333333333335"
