"BehaviorSpace results (NetLogo 7.0.4)","Spreadsheet version 2.0"
"CVD_Risk_Behaviour.nlogox"
"member3_omega_sweep"
"07/28/2026 20:25:15:037 +0530"
"min-pxcor","max-pxcor","min-pycor","max-pycor"
"-16","16","-16","16"
"[run number]","1","1","1","1","1","1","1","1","1","1","2","2","2","2","2","2","2","2","2","2","3","3","3","3","3","3","3","3","3","3","4","4","4","4","4","4","4","4","4","4","5","5","5","5","5","5","5","5","5","5","6","6","6","6","6","6","6","6","6","6","7","7","7","7","7","7","7","7","7","7","8","8","8","8","8","8","8","8","8","8","9","9","9","9","9","9","9","9","9","9","10","10","10","10","10","10","10","10","10","10","11","11","11","11","11","11","11","11","11","11","12","12","12","12","12","12","12","12","12","12","13","13","13","13","13","13","13","13","13","13","14","14","14","14","14","14","14","14","14","14","15","15","15","15","15","15","15","15","15","15","16","16","16","16","16","16","16","16","16","16","17","17","17","17","17","17","17","17","17","17","18","18","18","18","18","18","18","18","18","18","19","19","19","19","19","19","19","19","19","19","20","20","20","20","20","20","20","20","20","20","21","21","21","21","21","21","21","21","21","21","22","22","22","22","22","22","22","22","22","22","23","23","23","23","23","23","23","23","23","23","24","24","24","24","24","24","24","24","24","24","25","25","25","25","25","25","25","25","25","25","26","26","26","26","26","26","26","26","26","26","27","27","27","27","27","27","27","27","27","27","28","28","28","28","28","28","28","28","28","28","29","29","29","29","29","29","29","29","29","29","30","30","30","30","30","30","30","30","30","30","31","31","31","31","31","31","31","31","31","31","32","32","32","32","32","32","32","32","32","32","33","33","33","33","33","33","33","33","33","33","34","34","34","34","34","34","34","34","34","34","35","35","35","35","35","35","35","35","35","35","36","36","36","36","36","36","36","36","36","36","37","37","37","37","37","37","37","37","37","37","38","38","38","38","38","38","38","38","38","38","39","39","39","39","39","39","39","39","39","39","40","40","40","40","40","40","40","40","40","40"
"omega_age","0",,,,,,,,,,"0",,,,,,,,,,"0",,,,,,,,,,"0",,,,,,,,,,"0",,,,,,,,,,"0",,,,,,,,,,"0",,,,,,,,,,"0",,,,,,,,,,"0",,,,,,,,,,"0",,,,,,,,,,"0.25",,,,,,,,,,"0.25",,,,,,,,,,"0.25",,,,,,,,,,"0.25",,,,,,,,,,"0.25",,,,,,,,,,"0.25",,,,,,,,,,"0.25",,,,,,,,,,"0.25",,,,,,,,,,"0.25",,,,,,,,,,"0.25",,,,,,,,,,"0.5",,,,,,,,,,"0.5",,,,,,,,,,"0.5",,,,,,,,,,"0.5",,,,,,,,,,"0.5",,,,,,,,,,"0.5",,,,,,,,,,"0.5",,,,,,,,,,"0.5",,,,,,,,,,"0.5",,,,,,,,,,"0.5",,,,,,,,,,"1",,,,,,,,,,"1",,,,,,,,,,"1",,,,,,,,,,"1",,,,,,,,,,"1",,,,,,,,,,"1",,,,,,,,,,"1",,,,,,,,,,"1",,,,,,,,,,"1",,,,,,,,,,"1",,,,,,,,,
"[reporter]","[step]","report-mean-risk","report-deaths","report-total-agents","report-rewiring-events","report-mean-friends","report-pct-high-smoking","report-pct-high-alcohol","report-pct-high-diet","report-pct-high-inactivity","[step]","report-mean-risk","report-deaths","report-total-agents","report-rewiring-events","report-mean-friends","report-pct-high-smoking","report-pct-high-alcohol","report-pct-high-diet","report-pct-high-inactivity","[step]","report-mean-risk","report-deaths","report-total-agents","report-rewiring-events","report-mean-friends","report-pct-high-smoking","report-pct-high-alcohol","report-pct-high-diet","report-pct-high-inactivity","[step]","report-mean-risk","report-deaths","report-total-agents","report-rewiring-events","report-mean-friends","report-pct-high-smoking","report-pct-high-alcohol","report-pct-high-diet","report-pct-high-inactivity","[step]","report-mean-risk","report-deaths","report-total-agents","report-rewiring-events","report-mean-friends","report-pct-high-smoking","report-pct-high-alcohol","report-pct-high-diet","report-pct-high-inactivity","[step]","report-mean-risk","report-deaths","report-total-agents","report-rewiring-events","report-mean-friends","report-pct-high-smoking","report-pct-high-alcohol","report-pct-high-diet","report-pct-high-inactivity","[step]","report-mean-risk","report-deaths","report-total-agents","report-rewiring-events","report-mean-friends","report-pct-high-smoking","report-pct-high-alcohol","report-pct-high-diet","report-pct-high-inactivity","[step]","report-mean-risk","report-deaths","report-total-agents","report-rewiring-events","report-mean-friends","report-pct-high-smoking","report-pct-high-alcohol","report-pct-high-diet","report-pct-high-inactivity","[step]","report-mean-risk","report-deaths","report-total-agents","report-rewiring-events","report-mean-friends","report-pct-high-smoking","report-pct-high-alcohol","report-pct-high-diet","report-pct-high-inactivity","[step]","report-mean-risk","report-deaths","report-total-agents","report-rewiring-events","report-mean-friends","report-pct-high-smoking","report-pct-high-alcohol","report-pct-high-diet","report-pct-high-inactivity","[step]","report-mean-risk","report-deaths","report-total-agents","report-rewiring-events","report-mean-friends","report-pct-high-smoking","report-pct-high-alcohol","report-pct-high-diet","report-pct-high-inactivity","[step]","report-mean-risk","report-deaths","report-total-agents","report-rewiring-events","report-mean-friends","report-pct-high-smoking","report-pct-high-alcohol","report-pct-high-diet","report-pct-high-inactivity","[step]","report-mean-risk","report-deaths","report-total-agents","report-rewiring-events","report-mean-friends","report-pct-high-smoking","report-pct-high-alcohol","report-pct-high-diet","report-pct-high-inactivity","[step]","report-mean-risk","report-deaths","report-total-agents","report-rewiring-events","report-mean-friends","report-pct-high-smoking","report-pct-high-alcohol","report-pct-high-diet","report-pct-high-inactivity","[step]","report-mean-risk","report-deaths","report-total-agents","report-rewiring-events","report-mean-friends","report-pct-high-smoking","report-pct-high-alcohol","report-pct-high-diet","report-pct-high-inactivity","[step]","report-mean-risk","report-deaths","report-total-agents","report-rewiring-events","report-mean-friends","report-pct-high-smoking","report-pct-high-alcohol","report-pct-high-diet","report-pct-high-inactivity","[step]","report-mean-risk","report-deaths","report-total-agents","report-rewiring-events","report-mean-friends","report-pct-high-smoking","report-pct-high-alcohol","report-pct-high-diet","report-pct-high-inactivity","[step]","report-mean-risk","report-deaths","report-total-agents","report-rewiring-events","report-mean-friends","report-pct-high-smoking","report-pct-high-alcohol","report-pct-high-diet","report-pct-high-inactivity","[step]","report-mean-risk","report-deaths","report-total-agents","report-rewiring-events","report-mean-friends","report-pct-high-smoking","report-pct-high-alcohol","report-pct-high-diet","report-pct-high-inactivity","[step]","report-mean-risk","report-deaths","report-total-agents","report-rewiring-events","report-mean-friends","report-pct-high-smoking","report-pct-high-alcohol","report-pct-high-diet","report-pct-high-inactivity","[step]","report-mean-risk","report-deaths","report-total-agents","report-rewiring-events","report-mean-friends","report-pct-high-smoking","report-pct-high-alcohol","report-pct-high-diet","report-pct-high-inactivity","[step]","report-mean-risk","report-deaths","report-total-agents","report-rewiring-events","report-mean-friends","report-pct-high-smoking","report-pct-high-alcohol","report-pct-high-diet","report-pct-high-inactivity","[step]","report-mean-risk","report-deaths","report-total-agents","report-rewiring-events","report-mean-friends","report-pct-high-smoking","report-pct-high-alcohol","report-pct-high-diet","report-pct-high-inactivity","[step]","report-mean-risk","report-deaths","report-total-agents","report-rewiring-events","report-mean-friends","report-pct-high-smoking","report-pct-high-alcohol","report-pct-high-diet","report-pct-high-inactivity","[step]","report-mean-risk","report-deaths","report-total-agents","report-rewiring-events","report-mean-friends","report-pct-high-smoking","report-pct-high-alcohol","report-pct-high-diet","report-pct-high-inactivity","[step]","report-mean-risk","report-deaths","report-total-agents","report-rewiring-events","report-mean-friends","report-pct-high-smoking","report-pct-high-alcohol","report-pct-high-diet","report-pct-high-inactivity","[step]","report-mean-risk","report-deaths","report-total-agents","report-rewiring-events","report-mean-friends","report-pct-high-smoking","report-pct-high-alcohol","report-pct-high-diet","report-pct-high-inactivity","[step]","report-mean-risk","report-deaths","report-total-agents","report-rewiring-events","report-mean-friends","report-pct-high-smoking","report-pct-high-alcohol","report-pct-high-diet","report-pct-high-inactivity","[step]","report-mean-risk","report-deaths","report-total-agents","report-rewiring-events","report-mean-friends","report-pct-high-smoking","report-pct-high-alcohol","report-pct-high-diet","report-pct-high-inactivity","[step]","report-mean-risk","report-deaths","report-total-agents","report-rewiring-events","report-mean-friends","report-pct-high-smoking","report-pct-high-alcohol","report-pct-high-diet","report-pct-high-inactivity","[step]","report-mean-risk","report-deaths","report-total-agents","report-rewiring-events","report-mean-friends","report-pct-high-smoking","report-pct-high-alcohol","report-pct-high-diet","report-pct-high-inactivity","[step]","report-mean-risk","report-deaths","report-total-agents","report-rewiring-events","report-mean-friends","report-pct-high-smoking","report-pct-high-alcohol","report-pct-high-diet","report-pct-high-inactivity","[step]","report-mean-risk","report-deaths","report-total-agents","report-rewiring-events","report-mean-friends","report-pct-high-smoking","report-pct-high-alcohol","report-pct-high-diet","report-pct-high-inactivity","[step]","report-mean-risk","report-deaths","report-total-agents","report-rewiring-events","report-mean-friends","report-pct-high-smoking","report-pct-high-alcohol","report-pct-high-diet","report-pct-high-inactivity","[step]","report-mean-risk","report-deaths","report-total-agents","report-rewiring-events","report-mean-friends","report-pct-high-smoking","report-pct-high-alcohol","report-pct-high-diet","report-pct-high-inactivity","[step]","report-mean-risk","report-deaths","report-total-agents","report-rewiring-events","report-mean-friends","report-pct-high-smoking","report-pct-high-alcohol","report-pct-high-diet","report-pct-high-inactivity","[step]","report-mean-risk","report-deaths","report-total-agents","report-rewiring-events","report-mean-friends","report-pct-high-smoking","report-pct-high-alcohol","report-pct-high-diet","report-pct-high-inactivity","[step]","report-mean-risk","report-deaths","report-total-agents","report-rewiring-events","report-mean-friends","report-pct-high-smoking","report-pct-high-alcohol","report-pct-high-diet","report-pct-high-inactivity","[step]","report-mean-risk","report-deaths","report-total-agents","report-rewiring-events","report-mean-friends","report-pct-high-smoking","report-pct-high-alcohol","report-pct-high-diet","report-pct-high-inactivity","[step]","report-mean-risk","report-deaths","report-total-agents","report-rewiring-events","report-mean-friends","report-pct-high-smoking","report-pct-high-alcohol","report-pct-high-diet","report-pct-high-inactivity"
"[final]","120","3.931726907630522","37","249","625","9.333333333333334","1.2048192771084338","0","0.8032128514056225","4.417670682730924","120","4.108","38","250","620","9.44","4.8","3.2","5.2","4.8","120","4.019011406844107","29","263","625","9.224334600760455","5.7034220532319395","2.661596958174905","3.041825095057034","3.802281368821293","120","4.054982817869416","34","291","612","9.38831615120275","3.7800687285223367","4.123711340206185","3.7800687285223367","1.3745704467353952","120","4.009708737864078","46","309","766","9.223300970873787","2.26537216828479","5.825242718446602","3.883495145631068","3.236245954692557","120","4.034602076124568","30","289","640","9.397923875432525","7.612456747404845","5.882352941176471","2.422145328719723","3.8062283737024223","120","4.22140221402214","32","271","676","9.284132841328413","10.70110701107011","6.273062730627307","0.7380073800738007","9.96309963099631","120","4.044520547945205","28","292","688","9.308219178082192","2.3972602739726026","6.164383561643835","2.73972602739726","5.821917808219178","120","4.217228464419476","33","267","703","9.378277153558052","5.2434456928838955","7.49063670411985","6.741573033707865","4.119850187265918","120","3.9003690036900367","30","271","739","9.431734317343173","7.749077490774908","2.5830258302583027","0.7380073800738007","3.690036900369004","120","4","39","282","736","9.361702127659575","0","0","0","0","120","3.9866220735785953","32","299","753","9.250836120401338","0","0","0","0","120","4.00398406374502","31","251","674","9.187250996015937","0","0","0","0.398406374501992","120","4","38","254","657","9.338582677165354","0","0","0","0","120","4","43","276","746","9.355072463768115","0","0","0","0","120","4","39","247","654","9.246963562753036","0","0","0","0","120","4","40","281","687","9.167259786476869","0","0","0","0","120","4","26","257","681","9.346303501945526","0","0","0","0","120","4","45","262","727","9.32824427480916","0","0","0","0","120","4","32","273","608","9.355311355311356","0","0","0","0","120","4.008064516129032","28","248","656","9.193548387096774","0","0","0","0.8064516129032258","120","4.0081632653061225","32","245","629","9.224489795918368","0","0","0","0.8163265306122449","120","4","45","274","689","9.277372262773723","0","0","0","0","120","4.006968641114983","34","287","682","9.254355400696864","0","0","0","0.6968641114982579","120","4.00711743772242","32","281","766","9.380782918149466","0","0","0","0.7117437722419929","120","4.01556420233463","44","257","698","9.377431906614786","0","0","0","1.556420233463035","120","4.00355871886121","41","281","676","9.423487544483987","0","0","0","0.35587188612099646","120","4.003773584905661","34","265","708","9.320754716981131","0","0","0","0.37735849056603776","120","4.003508771929824","42","285","756","9.368421052631579","0","0","0","0.3508771929824561","120","4","42","312","807","9.320512820512821","0","0","0","0","120","4.041666666666667","34","312","789","9.320512820512821","0","0","0","4.166666666666667","120","4.015748031496063","33","254","732","9.086614173228346","0","0","0","1.5748031496062993","120","4.0144927536231885","21","276","626","9.289855072463768","0","0","0","1.4492753623188406","120","4.016077170418006","30","311","753","9.254019292604502","0","0","0","1.607717041800643","120","4.00354609929078","43","282","717","9.333333333333334","0","0","0","0.3546099290780142","120","4.023809523809524","39","294","648","9.204081632653061","0","0","0","2.380952380952381","120","4.023809523809524","36","294","730","9.401360544217686","0","0","0","2.380952380952381","120","4.026143790849673","36","306","797","9.281045751633988","0","0","0","2.6143790849673203","120","4.016722408026756","44","299","767","9.217391304347826","0","0","0","1.6722408026755853","120","4.018382352941177","40","272","648","9.132352941176471","0","0","0","1.838235294117647"
"[min]","0","3.536964980544747","0","212","0","8.851239669421487","0.8733624454148472","0","0","3.2710280373831777","0","3.5772357723577235","0","218","0","8.838174273858922","2.4193548387096775","0.8968609865470852","4.365079365079365","0","0","3.6","0","223","0","9","0.8368200836820083","0","0","1.1278195488721805","0","3.6113074204946995","0","239","0","9.011070110701107","2.3166023166023164","2.7303754266211606","3.114186851211073","0","0","3.6451612903225805","0","233","0","9.006993006993007","0","2.7027027027027026","1.9305019305019304","1.9305019305019304","0","3.5763358778625953","0","222","0","8.865771812080537","1.7699115044247788","4.642857142857143","0.7220216606498195","0.7874015748031497","0","3.741035856573705","0","232","0","9.095785440613026","3.9215686274509802","0","0.7299270072992701","6.746031746031746","0","3.6931818181818183","0","248","0","8.972602739726028","1.4545454545454546","0.7905138339920948","1.1857707509881423","3.717472118959108","0","3.6911196911196913","0","218","0","8.975806451612904","1.7167381974248928","4.310344827586207","2.5531914893617023","3.5842293906810037","0","3.5535055350553506","0","242","0","8.980237154150197","1.976284584980237","1.4234875444839858","0.7067137809187279","0","0","3.6975945017182132","0","248","0","9.079710144927537","0","0","0","0","0","3.6026058631921822","0","239","0","8.92526690391459","0","0","0","0","0","3.5991189427312777","0","205","0","8.965779467680608","0","0","0","0","0","3.652892561983471","0","221","0","9.063492063492063","0","0","0","0","0","3.642857142857143","0","232","0","9.12267657992565","0","0","0","0","0","3.572519083969466","0","224","0","8.923694779116467","0","0","0","0","0","3.648","0","228","0","8.975206611570249","0","0","0","0","0","3.424124513618677","0","205","0","8.78740157480315","0","0","0","0","0","3.5764705882352943","0","228","0","8.996138996138995","0","0","0","0","0","3.6436781609195403","0","230","0","9.003861003861005","0","0","0","0","0","3.5823293172690764","0","213","0","9.071428571428571","0","0","0","0","0","3.6923076923076925","0","229","0","9.113924050632912","0","0","0","0","0","3.5912698412698414","0","227","0","8.931174089068826","0","0","0","0","0","3.616949152542373","0","197","0","8.953191489361702","0","0","0","0","0","3.61744966442953","0","229","0","9.056603773584905","0","0","0","0","0","3.6484375","0","232","0","9.05439330543933","0","0","0","0","0","3.5555555555555554","0","232","0","8.94980694980695","0","0","0","0","0","3.6838235294117645","0","227","0","9.06766917293233","0","0","0","0.36900369003690037","0","3.652329749103943","0","240","0","9.056451612903226","0","0","0","0.33003300330033003","0","3.559485530546624","0","245","0","9.009708737864077","0","0","0","0","0","3.64","0","246","0","9.037037037037036","0","0","0","1.606425702811245","0","3.5977859778597785","0","230","0","8.958174904942966","0","0","0","0.8438818565400844","0","3.746153846153846","0","226","0","9.020242914979757","0","0","0","0.40160642570281124","0","3.585185185185185","0","229","0","8.917293233082706","0","0","0","0.9316770186335404","0","3.667820069204152","0","225","0","9","0","0","0","0.3546099290780142","0","3.660899653979239","0","243","0","8.826855123674912","0","0","0","2.380952380952381","0","3.718213058419244","0","248","0","9.084249084249084","0","0","0","1.0600706713780919","0","3.665399239543726","0","229","0","8.875","0","0","0","1.5384615384615385","0","3.6546762589928057","0","247","0","9.090909090909092","0","0","0","0.9836065573770492","0","3.625441696113074","0","218","0","8.901818181818182","0","0","0","1.5325670498084292"
"[max]","120","4.02262443438914","37","260","625","9.5","31.506849315068493","31.050228310502284","34.24657534246575","33.333333333333336","120","4.135135135135135","38","265","620","9.65137614678899","36.03603603603604","33.78378378378378","40.090090090090094","36.486486486486484","120","4.026415094339622","29","276","625","9.614035087719298","33.76623376623377","29.004329004329005","31.6017316017316","29.437229437229437","120","4.0687285223367695","34","302","612","9.626760563380282","32.1285140562249","34.136546184738954","37.34939759036145","32.1285140562249","120","4.114285714285714","46","320","766","9.669491525423728","31.836734693877553","36.326530612244895","35.91836734693877","36.326530612244895","120","4.061946902654867","30","308","640","9.641255605381167","30.70175438596491","28.94736842105263","30.263157894736842","29.82456140350877","120","4.234657039711191","32","284","676","9.64102564102564","35.684647302904565","33.60995850622407","29.87551867219917","34.024896265560166","120","4.101754385964912","28","301","688","9.542168674698795","28.515625","32.421875","31.640625","37.890625","120","4.2209737827715355","33","279","703","9.525114155251142","32.743362831858406","34.95575221238938","34.51327433628319","38.93805309734513","120","4","30","286","739","9.614457831325302","27.66798418972332","32.80632411067194","32.41106719367589","28.85375494071146","120","4.069230769230769","39","296","736","9.57429718875502","37.30769230769231","33.46153846153846","35","31.153846153846153","120","4.053061224489796","32","307","753","9.608333333333333","36.734693877551024","32.6530612244898","32.6530612244898","33.06122448979592","120","4.056603773584905","31","280","674","9.66183574879227","30.660377358490567","33.0188679245283","30.18867924528302","37.735849056603776","120","4.070796460176991","38","264","657","9.621621621621621","27.43362831858407","37.16814159292036","35.39823008849557","34.51327433628319","120","4.012658227848101","43","285","746","9.587982832618026","34.30962343096234","32.21757322175732","32.63598326359833","34.30962343096234","120","4.012931034482759","39","262","654","9.610619469026549","29.487179487179485","30.34188034188034","29.914529914529915","27.35042735042735","120","4.020746887966805","40","299","687","9.610687022900763","35.684647302904565","29.04564315352697","33.60995850622407","32.365145228215766","120","4.081730769230769","26","272","681","9.697560975609756","34.13461538461539","28.846153846153847","33.65384615384615","33.65384615384615","120","4.016393442622951","45","279","727","9.531380753138075","33.46938775510204","32.244897959183675","32.6530612244898","34.285714285714285","120","4.02510460251046","32","286","608","9.553648068669528","33.47280334728033","33.05439330543933","33.47280334728033","35.56485355648535","120","4.020491803278689","28","258","656","9.525581395348837","31.696428571428573","33.482142857142854","33.035714285714285","32.142857142857146","120","4.020576131687243","32","254","629","9.706896551724139","28.925619834710744","32.64462809917355","35.950413223140494","30.578512396694215","120","4.140425531914894","45","286","689","9.623931623931623","36.170212765957444","34.8936170212766","35.744680851063826","31.06382978723404","120","4.026022304832714","34","295","682","9.487437185929648","28.708133971291865","31.10047846889952","32.057416267942585","29.1866028708134","120","4.023648648648648","32","298","766","9.541666666666666","35.8974358974359","34.18803418803419","31.623931623931625","32.05128205128205","120","4.042016806722689","44","268","698","9.59656652360515","28.630705394190873","27.800829875518673","29.46058091286307","38.58921161825726","120","4.028225806451613","41","288","676","9.682008368200837","33.064516129032256","33.46774193548387","28.225806451612904","39.516129032258064","120","4.043478260869565","34","272","708","9.691629955947137","32.608695652173914","35.65217391304348","35.21739130434783","32.608695652173914","120","4.018587360594796","42","303","756","9.537931034482758","30.64516129032258","34.67741935483871","26.20967741935484","33.46774193548387","120","4.058365758754864","42","326","807","9.607717041800644","36.96498054474708","35.40856031128405","31.90661478599222","32.68482490272373","120","4.061728395061729","34","324","789","9.709677419354838","29.8804780876494","32.27091633466136","31.07569721115538","29.8804780876494","120","4.0703125","33","271","732","9.636363636363637","34.024896265560166","32.365145228215766","31.12033195020747","36.09958506224066","120","4.05327868852459","21","286","626","9.576642335766424","32.6271186440678","33.47457627118644","30.508474576271187","30.93220338983051","120","4.055555555555555","30","325","753","9.59825327510917","31.623931623931625","30.76923076923077","35.042735042735046","29.487179487179485","120","4.061224489795919","43","290","717","9.580786026200874","32.20338983050848","28.8135593220339","32.20338983050848","31.779661016949152","120","4.114391143911439","39","304","648","9.595141700404858","32.4","35.2","36","34.4","120","4.066433566433567","36","303","730","9.67716535433071","33.97683397683398","33.59073359073359","36.293436293436294","30.888030888030887","120","4.069852941176471","36","315","797","9.567099567099566","34.33476394849785","32.61802575107296","34.33476394849785","28.755364806866954","120","4.093425605536332","44","312","767","9.694779116465863","33.72093023255814","32.17054263565891","36.04651162790697","27.131782945736433","120","4.078602620087336","40","283","648","9.535580524344569","31.6017316017316","32.900432900432904","32.467532467532465","35.064935064935064"
"[mean]","60","3.953723893492511","17.024793388429753","234.36363636363637","300.39669421487605","9.280532749179981","2.521995853329179","2.4489978907414796","0.8396935764201349","5.339637313680457","60","4.03604328343441","18.371900826446282","242.900826446281","298.11570247933884","9.285910392313804","5.6527904611704765","3.010454402083942","5.823010033655804","2.2143853038423247","60","3.939277301908011","13.148760330578513","251.27272727272728","305.801652892562","9.308811183042616","3.3683332121634164","1.8222424496415963","1.256687035226588","2.9869027842702955","60","4.023985181902482","13.314049586776859","278.0165289256198","321.74380165289256","9.332079834055612","3.6335766750801235","4.5734029881147595","4.317692705885993","1.8996257468465678","60","4.001465169309685","20.644628099173552","278.297520661157","381.79338842975204","9.280019718111923","1.0991213937630842","4.420413092255256","3.192998306597626","3.8951694950022","60","3.991994099386236","13.347107438016529","268.58677685950414","337.68595041322317","9.257390016594321","6.573485528537827","6.0543582151390964","3.064006345422646","3.1444818325871267","60","4.113613580315425","17.107438016528924","255.78512396694214","340.21487603305786","9.316314608560035","6.06558269631947","3.428762649962675","3.237624501898614","8.736156121997237","60","3.992187299317052","13.272727272727273","270.31404958677683","347.1322314049587","9.265638000617963","2.616562338390693","3.974810059442296","3.0447644829885347","5.223109075442947","60","4.140497042749281","15.49586776859504","251.04132231404958","350.1818181818182","9.241752128947038","4.2823581945644875","6.386208531130609","4.825233514453128","5.226017621214754","60","3.906993830294464","15.801652892561984","263.22314049586777","395.05785123966945","9.32252806878154","6.230473337011442","2.58523877169987","1.6883775340362468","2.6733062824752887","60","3.9845478089206003","15.082644628099173","278.25619834710744","366.39669421487605","9.297779217153298","0.5034387257891164","0.44291968579402824","0.44188377994661465","0.4216652103429116","60","3.981928685729122","15.644628099173554","278.3471074380165","353.3801652892562","9.306801020867386","0.4989038387718362","0.4877340500002278","0.46283106512427685","0.6351361669830651","60","3.982148587485557","11.71900826446281","247.9504132231405","325.0165289256198","9.275923008721334","0.48834173359754063","0.43606939048852483","0.4640746356860613","0.7149092432835215","60","3.984869409011049","14.586776859504132","243.71900826446281","326.77685950413223","9.314651418209277","0.42714092897715783","0.5750626483543936","0.48856002458874337","0.5298399765601464","60","3.979350232722216","16.223140495867767","262.92561983471074","365.2809917355372","9.31741039188543","0.49412397587485624","0.4686370544676601","0.44713413035828237","0.5030612683898303","60","3.9822597161632887","19.15702479338843","237.3305785123967","324.24793388429754","9.340501188836411","0.4373990918853111","0.4128888141870236","0.41584133637753323","0.4252614135294003","60","3.9822690202874487","19.14876033057851","265.6198347107438","348.22314049586777","9.27422314189635","0.5013403852933317","0.43406607020400934","0.49915471536350386","0.49290593683446454","60","3.984546410282427","10.272727272727273","244.2479338842975","339.22314049586777","9.277302069343483","0.5288636745607356","0.46011380252012735","0.5786057588942807","0.8664644095577113","60","3.9822314967333527","19.818181818181817","256.7603305785124","363.3719008264463","9.323013825637874","0.4234272633704998","0.4107832658368807","0.4464490675429783","0.4648914063716801","60","3.985276426639636","12.338842975206612","255.46280991735537","298.6115702479339","9.316855297451966","0.4412233997153429","0.43092861966086315","0.4668293531226312","0.7063244122052168","60","3.9876667030213624","12.066115702479339","237.48760330578511","342.8677685950413","9.311180469228145","0.4266692516433841","0.41247551394239285","0.4178560477081939","0.979348225266613","60","3.9893304582976072","14.438016528925619","239.45454545454547","328.3884297520661","9.361414340884279","0.3598552302468617","0.43525836758297476","0.44878248269824617","1.0008657427727494","60","3.9849338668130403","18.925619834710744","259.504132231405","336.94214876033055","9.314822454555653","0.46798547570463445","0.46069156112914394","0.46067676010613823","0.7645474466929468","60","3.984910773102881","16.239669421487605","237.55371900826447","338.900826446281","9.231440963139695","0.4552642777605035","0.47582645149710134","0.5501067803591497","1.4647212169444506","60","3.9874962009305253","10.107438016528926","265.25619834710744","336.099173553719","9.296569401584373","0.4683580222902695","0.4879108949760308","0.4794700121066739","1.119825688023644","60","4.000095143446725","20.272727272727273","244.3801652892562","345.12396694214874","9.333487208596793","0.3876516874273823","0.3878361086821179","0.3940270748437786","2.1255594539581053","60","3.99194824534144","21.31404958677686","260.3471074380165","349.1900826446281","9.345723128554994","0.40531927769294357","0.4349706075282199","0.3977710788838368","1.5054692470795281","60","3.9966498687435514","13.256198347107437","247.10743801652893","350.3801652892562","9.295494607968322","0.451978682399528","0.44510029014724933","0.4297950364709672","1.9497426434862368","60","3.9887086963836964","16.041322314049587","276.64462809917353","380.1322314049587","9.314968405203388","0.4248688737619217","0.47595517416091987","0.41331289984034353","1.0740547510287406","60","3.9878489206393946","18.363636363636363","291.89256198347107","422.2809917355372","9.300569117848307","0.48085340386033665","0.47406303135701877","0.45991806414577624","1.2581960910252021","60","4.015788353543121","16.380165289256198","283.21487603305786","366.6694214876033","9.321718791494323","0.46158513138647506","0.42364746383954244","0.41936353769370305","4.26267720880814","60","4.017282902123561","16.024793388429753","249.76859504132233","374.3057851239669","9.292233467185977","0.4303451172994775","0.4271771680116463","0.4216786827785751","4.036044375640011","60","4.006916821542906","10.289256198347108","255.96694214876032","332.55371900826447","9.289193102651035","0.4121774657563747","0.4019171910258042","0.4090118094561719","2.8365448300528606","60","4.007378534099589","12.28099173553719","283.0495867768595","365.702479338843","9.292133711062723","0.44603374855710837","0.4365631566807707","0.46936109943384735","3.306360751948083","60","4.01644632268898","20.115702479338843","256.1570247933884","366.91735537190084","9.267968982576154","0.4484945247374244","0.3848668460331144","0.42774259672340514","4.5691441789833025","60","4.047502304181326","16.876033057851238","264.2314049586777","300.198347107438","9.333546283912664","0.4231579758233335","0.45430961643177176","0.4930547018024725","6.891641957708536","60","4.017568708324629","17.264462809917354","280.92561983471074","365.92561983471074","9.317155970099863","0.42210256439242294","0.41416438219438195","0.47399125063175945","3.935489465532989","60","4.016686625672737","15.380165289256198","277.45454545454544","382.53719008264466","9.239607466757011","0.478221395343947","0.4594808173545539","0.5265386802918913","4.2896691727058265","60","4.029721178418738","17.074380165289256","284.3388429752066","393.42148760330576","9.299563684814146","0.439925213072894","0.40958029898876314","0.4498678426100566","5.235935661286713","60","4.021675388960036","17.90909090909091","248.97520661157026","338.72727272727275","9.269918234190152","0.4104200286107583","0.41389572895368276","0.44674820445676905","4.640138319489607"
"[total steps]","120","120","120","120","120","120","120","120","120","120","120","120","120","120","120","120","120","120","120","120","120","120","120","120","120","120","120","120","120","120","120","120","120","120","120","120","120","120","120","120","120","120","120","120","120","120","120","120","120","120","120","120","120","120","120","120","120","120","120","120","120","120","120","120","120","120","120","120","120","120","120","120","120","120","120","120","120","120","120","120","120","120","120","120","120","120","120","120","120","120","120","120","120","120","120","120","120","120","120","120","120","120","120","120","120","120","120","120","120","120","120","120","120","120","120","120","120","120","120","120","120","120","120","120","120","120","120","120","120","120","120","120","120","120","120","120","120","120","120","120","120","120","120","120","120","120","120","120","120","120","120","120","120","120","120","120","120","120","120","120","120","120","120","120","120","120","120","120","120","120","120","120","120","120","120","120","120","120","120","120","120","120","120","120","120","120","120","120","120","120","120","120","120","120","120","120","120","120","120","120","120","120","120","120","120","120","120","120","120","120","120","120","120","120","120","120","120","120","120","120","120","120","120","120","120","120","120","120","120","120","120","120","120","120","120","120","120","120","120","120","120","120","120","120","120","120","120","120","120","120","120","120","120","120","120","120","120","120","120","120","120","120","120","120","120","120","120","120","120","120","120","120","120","120","120","120","120","120","120","120","120","120","120","120","120","120","120","120","120","120","120","120","120","120","120","120","120","120","120","120","120","120","120","120","120","120","120","120","120","120","120","120","120","120","120","120","120","120","120","120","120","120","120","120","120","120","120","120","120","120","120","120","120","120","120","120","120","120","120","120","120","120","120","120","120","120","120","120","120","120","120","120","120","120","120","120","120","120","120","120","120","120","120","120","120","120","120","120","120","120","120","120","120","120","120","120","120","120","120","120","120","120","120","120","120","120","120","120","120","120","120","120","120","120","120","120","120","120","120","120"

"[all run data]","[step]","report-mean-risk","report-deaths","report-total-agents","report-rewiring-events","report-mean-friends","report-pct-high-smoking","report-pct-high-alcohol","report-pct-high-diet","report-pct-high-inactivity","[step]","report-mean-risk","report-deaths","report-total-agents","report-rewiring-events","report-mean-friends","report-pct-high-smoking","report-pct-high-alcohol","report-pct-high-diet","report-pct-high-inactivity","[step]","report-mean-risk","report-deaths","report-total-agents","report-rewiring-events","report-mean-friends","report-pct-high-smoking","report-pct-high-alcohol","report-pct-high-diet","report-pct-high-inactivity","[step]","report-mean-risk","report-deaths","report-total-agents","report-rewiring-events","report-mean-friends","report-pct-high-smoking","report-pct-high-alcohol","report-pct-high-diet","report-pct-high-inactivity","[step]","report-mean-risk","report-deaths","report-total-agents","report-rewiring-events","report-mean-friends","report-pct-high-smoking","report-pct-high-alcohol","report-pct-high-diet","report-pct-high-inactivity","[step]","report-mean-risk","report-deaths","report-total-agents","report-rewiring-events","report-mean-friends","report-pct-high-smoking","report-pct-high-alcohol","report-pct-high-diet","report-pct-high-inactivity","[step]","report-mean-risk","report-deaths","report-total-agents","report-rewiring-events","report-mean-friends","report-pct-high-smoking","report-pct-high-alcohol","report-pct-high-diet","report-pct-high-inactivity","[step]","report-mean-risk","report-deaths","report-total-agents","report-rewiring-events","report-mean-friends","report-pct-high-smoking","report-pct-high-alcohol","report-pct-high-diet","report-pct-high-inactivity","[step]","report-mean-risk","report-deaths","report-total-agents","report-rewiring-events","report-mean-friends","report-pct-high-smoking","report-pct-high-alcohol","report-pct-high-diet","report-pct-high-inactivity","[step]","report-mean-risk","report-deaths","report-total-agents","report-rewiring-events","report-mean-friends","report-pct-high-smoking","report-pct-high-alcohol","report-pct-high-diet","report-pct-high-inactivity","[step]","report-mean-risk","report-deaths","report-total-agents","report-rewiring-events","report-mean-friends","report-pct-high-smoking","report-pct-high-alcohol","report-pct-high-diet","report-pct-high-inactivity","[step]","report-mean-risk","report-deaths","report-total-agents","report-rewiring-events","report-mean-friends","report-pct-high-smoking","report-pct-high-alcohol","report-pct-high-diet","report-pct-high-inactivity","[step]","report-mean-risk","report-deaths","report-total-agents","report-rewiring-events","report-mean-friends","report-pct-high-smoking","report-pct-high-alcohol","report-pct-high-diet","report-pct-high-inactivity","[step]","report-mean-risk","report-deaths","report-total-agents","report-rewiring-events","report-mean-friends","report-pct-high-smoking","report-pct-high-alcohol","report-pct-high-diet","report-pct-high-inactivity","[step]","report-mean-risk","report-deaths","report-total-agents","report-rewiring-events","report-mean-friends","report-pct-high-smoking","report-pct-high-alcohol","report-pct-high-diet","report-pct-high-inactivity","[step]","report-mean-risk","report-deaths","report-total-agents","report-rewiring-events","report-mean-friends","report-pct-high-smoking","report-pct-high-alcohol","report-pct-high-diet","report-pct-high-inactivity","[step]","report-mean-risk","report-deaths","report-total-agents","report-rewiring-events","report-mean-friends","report-pct-high-smoking","report-pct-high-alcohol","report-pct-high-diet","report-pct-high-inactivity","[step]","report-mean-risk","report-deaths","report-total-agents","report-rewiring-events","report-mean-friends","report-pct-high-smoking","report-pct-high-alcohol","report-pct-high-diet","report-pct-high-inactivity","[step]","report-mean-risk","report-deaths","report-total-agents","report-rewiring-events","report-mean-friends","report-pct-high-smoking","report-pct-high-alcohol","report-pct-high-diet","report-pct-high-inactivity","[step]","report-mean-risk","report-deaths","report-total-agents","report-rewiring-events","report-mean-friends","report-pct-high-smoking","report-pct-high-alcohol","report-pct-high-diet","report-pct-high-inactivity","[step]","report-mean-risk","report-deaths","report-total-agents","report-rewiring-events","report-mean-friends","report-pct-high-smoking","report-pct-high-alcohol","report-pct-high-diet","report-pct-high-inactivity","[step]","report-mean-risk","report-deaths","report-total-agents","report-rewiring-events","report-mean-friends","report-pct-high-smoking","report-pct-high-alcohol","report-pct-high-diet","report-pct-high-inactivity","[step]","report-mean-risk","report-deaths","report-total-agents","report-rewiring-events","report-mean-friends","report-pct-high-smoking","report-pct-high-alcohol","report-pct-high-diet","report-pct-high-inactivity","[step]","report-mean-risk","report-deaths","report-total-agents","report-rewiring-events","report-mean-friends","report-pct-high-smoking","report-pct-high-alcohol","report-pct-high-diet","report-pct-high-inactivity","[step]","report-mean-risk","report-deaths","report-total-agents","report-rewiring-events","report-mean-friends","report-pct-high-smoking","report-pct-high-alcohol","report-pct-high-diet","report-pct-high-inactivity","[step]","report-mean-risk","report-deaths","report-total-agents","report-rewiring-events","report-mean-friends","report-pct-high-smoking","report-pct-high-alcohol","report-pct-high-diet","report-pct-high-inactivity","[step]","report-mean-risk","report-deaths","report-total-agents","report-rewiring-events","report-mean-friends","report-pct-high-smoking","report-pct-high-alcohol","report-pct-high-diet","report-pct-high-inactivity","[step]","report-mean-risk","report-deaths","report-total-agents","report-rewiring-events","report-mean-friends","report-pct-high-smoking","report-pct-high-alcohol","report-pct-high-diet","report-pct-high-inactivity","[step]","report-mean-risk","report-deaths","report-total-agents","report-rewiring-events","report-mean-friends","report-pct-high-smoking","report-pct-high-alcohol","report-pct-high-diet","report-pct-high-inactivity","[step]","report-mean-risk","report-deaths","report-total-agents","report-rewiring-events","report-mean-friends","report-pct-high-smoking","report-pct-high-alcohol","report-pct-high-diet","report-pct-high-inactivity","[step]","report-mean-risk","report-deaths","report-total-agents","report-rewiring-events","report-mean-friends","report-pct-high-smoking","report-pct-high-alcohol","report-pct-high-diet","report-pct-high-inactivity","[step]","report-mean-risk","report-deaths","report-total-agents","report-rewiring-events","report-mean-friends","report-pct-high-smoking","report-pct-high-alcohol","report-pct-high-diet","report-pct-high-inactivity","[step]","report-mean-risk","report-deaths","report-total-agents","report-rewiring-events","report-mean-friends","report-pct-high-smoking","report-pct-high-alcohol","report-pct-high-diet","report-pct-high-inactivity","[step]","report-mean-risk","report-deaths","report-total-agents","report-rewiring-events","report-mean-friends","report-pct-high-smoking","report-pct-high-alcohol","report-pct-high-diet","report-pct-high-inactivity","[step]","report-mean-risk","report-deaths","report-total-agents","report-rewiring-events","report-mean-friends","report-pct-high-smoking","report-pct-high-alcohol","report-pct-high-diet","report-pct-high-inactivity","[step]","report-mean-risk","report-deaths","report-total-agents","report-rewiring-events","report-mean-friends","report-pct-high-smoking","report-pct-high-alcohol","report-pct-high-diet","report-pct-high-inactivity","[step]","report-mean-risk","report-deaths","report-total-agents","report-rewiring-events","report-mean-friends","report-pct-high-smoking","report-pct-high-alcohol","report-pct-high-diet","report-pct-high-inactivity","[step]","report-mean-risk","report-deaths","report-total-agents","report-rewiring-events","report-mean-friends","report-pct-high-smoking","report-pct-high-alcohol","report-pct-high-diet","report-pct-high-inactivity","[step]","report-mean-risk","report-deaths","report-total-agents","report-rewiring-events","report-mean-friends","report-pct-high-smoking","report-pct-high-alcohol","report-pct-high-diet","report-pct-high-inactivity","[step]","report-mean-risk","report-deaths","report-total-agents","report-rewiring-events","report-mean-friends","report-pct-high-smoking","report-pct-high-alcohol","report-pct-high-diet","report-pct-high-inactivity"
,"0","3.7945205479452055","0","219","0","9.08675799086758","31.506849315068493","31.050228310502284","34.24657534246575","33.333333333333336","0","4.135135135135135","0","222","0","9.297297297297296","36.03603603603604","33.78378378378378","40.090090090090094","36.486486486486484","0","3.8484848484848486","0","231","0","9.255411255411255","33.76623376623377","29.004329004329005","31.6017316017316","29.437229437229437","0","4.036144578313253","0","249","0","9.14859437751004","32.1285140562249","34.136546184738954","37.34939759036145","32.1285140562249","0","4.114285714285714","0","245","0","9.175510204081633","31.836734693877553","36.326530612244895","35.91836734693877","36.326530612244895","0","3.8552631578947367","0","228","0","9.175438596491228","30.70175438596491","28.94736842105263","30.263157894736842","29.82456140350877","0","3.970954356846473","0","241","0","9.244813278008298","35.684647302904565","33.60995850622407","29.87551867219917","34.024896265560166","0","3.87109375","0","256","0","9.1953125","28.515625","32.421875","31.640625","37.890625","0","4.092920353982301","0","226","0","9.15929203539823","32.743362831858406","34.95575221238938","34.51327433628319","38.93805309734513","0","3.6798418972332017","0","253","0","9.209486166007904","27.66798418972332","32.80632411067194","32.41106719367589","28.85375494071146","0","4.069230769230769","0","260","0","9.138461538461538","37.30769230769231","33.46153846153846","35","31.153846153846153","0","4.053061224489796","0","245","0","9.118367346938776","36.734693877551024","32.6530612244898","32.6530612244898","33.06122448979592","0","4.056603773584905","0","212","0","9.169811320754716","30.660377358490567","33.0188679245283","30.18867924528302","37.735849056603776","0","4.070796460176991","0","226","0","9.123893805309734","27.43362831858407","37.16814159292036","35.39823008849557","34.51327433628319","0","3.9581589958158996","0","239","0","9.280334728033473","34.30962343096234","32.21757322175732","32.63598326359833","34.30962343096234","0","3.876068376068376","0","234","0","9.179487179487179","29.487179487179485","30.34188034188034","29.914529914529915","27.35042735042735","0","4.008298755186722","0","241","0","9.1701244813278","35.684647302904565","29.04564315352697","33.60995850622407","32.365145228215766","0","4.081730769230769","0","208","0","9.23076923076923","34.13461538461539","28.846153846153847","33.65384615384615","33.65384615384615","0","3.9918367346938775","0","245","0","9.13469387755102","33.46938775510204","32.244897959183675","32.6530612244898","34.285714285714285","0","4.02510460251046","0","239","0","9.196652719665272","33.47280334728033","33.05439330543933","33.47280334728033","35.56485355648535","0","4.008928571428571","0","224","0","9.071428571428571","31.696428571428573","33.482142857142854","33.035714285714285","32.142857142857146","0","3.7851239669421486","0","242","0","9.15702479338843","28.925619834710744","32.64462809917355","35.950413223140494","30.578512396694215","0","4.140425531914894","0","235","0","9.217021276595744","36.170212765957444","34.8936170212766","35.744680851063826","31.06382978723404","0","3.8995215311004783","0","209","0","9.186602870813397","28.708133971291865","31.10047846889952","32.057416267942585","29.1866028708134","0","3.9957264957264957","0","234","0","9.179487179487179","35.8974358974359","34.18803418803419","31.623931623931625","32.05128205128205","0","3.995850622406639","0","241","0","9.186721991701244","28.630705394190873","27.800829875518673","29.46058091286307","38.58921161825726","0","4.028225806451613","0","248","0","9.21774193548387","33.064516129032256","33.46774193548387","28.225806451612904","39.516129032258064","0","3.973913043478261","0","230","0","9.095652173913043","32.608695652173914","35.65217391304348","35.21739130434783","32.608695652173914","0","3.8870967741935485","0","248","0","9.056451612903226","30.64516129032258","34.67741935483871","26.20967741935484","33.46774193548387","0","4.058365758754864","0","257","0","9.17509727626459","36.96498054474708","35.40856031128405","31.90661478599222","32.68482490272373","0","3.8924302788844622","0","251","0","9.274900398406375","29.8804780876494","32.27091633466136","31.07569721115538","29.8804780876494","0","3.9419087136929463","0","241","0","9.269709543568466","34.024896265560166","32.365145228215766","31.12033195020747","36.09958506224066","0","3.957627118644068","0","236","0","9.084745762711865","32.6271186440678","33.47457627118644","30.508474576271187","30.93220338983051","0","3.91025641025641","0","234","0","9.145299145299145","31.623931623931625","30.76923076923077","35.042735042735046","29.487179487179485","0","3.809322033898305","0","236","0","9.101694915254237","32.20338983050848","28.8135593220339","32.20338983050848","31.779661016949152","0","4.06","0","250","0","9.168","32.4","35.2","36","34.4","0","4.015444015444015","0","259","0","9.196911196911197","33.97683397683398","33.59073359073359","36.293436293436294","30.888030888030887","0","3.9570815450643777","0","233","0","8.987124463519313","34.33476394849785","32.61802575107296","34.33476394849785","28.755364806866954","0","3.9689922480620154","0","258","0","9.093023255813954","33.72093023255814","32.17054263565891","36.04651162790697","27.131782945736433","0","3.9783549783549783","0","231","0","9.073593073593074","31.6017316017316","32.900432900432904","32.467532467532465","35.064935064935064"
,"1","3.954337899543379","0","219","26","9.32420091324201","3.1963470319634704","3.65296803652968","2.2831050228310503","6.8493150684931505","1","4.04954954954955","0","222","17","9.45045045045045","4.954954954954955","3.6036036036036037","9.00900900900901","5.405405405405405","1","3.982608695652174","0","230","26","9.434782608695652","1.3043478260869565","3.4782608695652173","1.3043478260869565","3.9130434782608696","1","4.040322580645161","0","248","23","9.314516129032258","3.225806451612903","7.258064516129032","7.258064516129032","2.4193548387096775","1","4.057377049180328","0","244","36","9.434426229508198","2.459016393442623","5.737704918032787","4.098360655737705","5.327868852459017","1","4.052863436123348","0","227","24","9.33920704845815","2.643171806167401","5.286343612334802","7.929515418502203","4.845814977973569","1","4.049792531120332","0","241","20","9.410788381742739","5.394190871369295","0.8298755186721992","4.564315352697095","9.54356846473029","1","3.988235294117647","0","255","20","9.309803921568628","1.5686274509803921","2.3529411764705883","3.9215686274509802","7.0588235294117645","1","4.185840707964601","0","226","26","9.389380530973451","3.982300884955752","9.29203539823009","7.079646017699115","6.1946902654867255","1","3.9486166007905137","0","253","28","9.430830039525691","1.976284584980237","3.5573122529644268","3.1620553359683794","4.743083003952569","1","4.007692307692308","0","260","24","9.323076923076924","1.1538461538461537","1.9230769230769231","0","0.38461538461538464","1","4.012244897959183","0","245","33","9.387755102040817","1.6326530612244898","1.2244897959183674","1.2244897959183674","1.6326530612244898","1","4.014150943396227","0","212","23","9.38679245283019","0.9433962264150944","0.9433962264150944","0.9433962264150944","2.830188679245283","1","4.04","0","225","26","9.306666666666667","0.8888888888888888","2.2222222222222223","1.3333333333333333","2.2222222222222223","1","3.99581589958159","0","239","24","9.481171548117155","2.092050209205021","0.8368200836820083","1.2552301255230125","0.41841004184100417","1","4.012931034482759","0","232","26","9.318965517241379","0.43103448275862066","3.4482758620689653","0.43103448275862066","2.1551724137931036","1","4.020746887966805","0","241","29","9.410788381742739","1.6597510373443984","2.074688796680498","1.6597510373443984","0","1","4.076923076923077","0","208","16","9.384615384615385","1.4423076923076923","1.9230769230769231","2.4038461538461537","4.8076923076923075","1","4.016393442622951","1","244","29","9.327868852459016","1.2295081967213115","0.4098360655737705","0.4098360655737705","1.639344262295082","1","3.995798319327731","0","238","26","9.38655462184874","0.42016806722689076","0.8403361344537815","0.42016806722689076","1.680672268907563","1","3.986607142857143","0","224","21","9.258928571428571","0.44642857142857145","0.44642857142857145","0","0","1","3.995850622406639","0","241","34","9.394190871369295","0","1.6597510373443984","0","1.6597510373443984","1","4.004255319148936","0","235","27","9.446808510638299","0.425531914893617","0","0","1.2765957446808511","1","4.004830917874396","0","207","24","9.31400966183575","0","0.4830917874396135","0.966183574879227","1.4492753623188406","1","4.017094017094017","0","234","20","9.350427350427351","1.2820512820512822","0.42735042735042733","1.2820512820512822","0","1","4.016666666666667","1","240","15","9.291666666666666","0.4166666666666667","0.8333333333333334","0.8333333333333334","2.5","1","3.983805668016194","0","247","31","9.425101214574898","0","0.4048582995951417","0","1.6194331983805668","1","4.043478260869565","0","230","32","9.373913043478261","1.3043478260869565","0.8695652173913043","0","3.4782608695652173","1","4.016129032258065","0","248","25","9.258064516129032","0","1.6129032258064515","1.2096774193548387","1.2096774193548387","1","4.042801556420233","0","257","28","9.392996108949417","0.38910505836575876","0.7782101167315175","0","5.058365758754864","1","4.016","0","250","26","9.44","0","0","0","3.2","1","4.016597510373444","0","241","17","9.410788381742739","0","0.4149377593360996","0","1.6597510373443984","1","4","1","235","22","9.225531914893617","0.425531914893617","1.2765957446808511","0","1.2765957446808511","1","4.0042918454935625","0","233","23","9.296137339055795","0","0","0","1.2875536480686696","1","4.012765957446809","0","235","31","9.327659574468084","0.425531914893617","0.425531914893617","0","1.702127659574468","1","4.040160642570281","0","249","28","9.349397590361447","0.40160642570281124","0.40160642570281124","0","3.6144578313253013","1","4.015444015444015","0","259","28","9.413127413127413","0","0.3861003861003861","0.3861003861003861","1.5444015444015444","1","4.017167381974249","0","233","34","9.278969957081545","0","0","0","3.4334763948497855","1","4.011673151750973","0","257","35","9.32295719844358","0","0.7782101167315175","0","2.3346303501945527","1","4.034934497816594","0","229","28","9.222707423580786","0","0.8733624454148472","0","3.493449781659389"
,"2","3.949771689497717","0","219","26","9.32420091324201","1.82648401826484","0.91324200913242","0.45662100456621","4.109589041095891","2","4","0","221","17","9.402714932126697","3.6199095022624435","3.6199095022624435","4.524886877828054","0.9049773755656109","2","3.986899563318777","1","229","26","9.388646288209607","0.8733624454148472","2.6200873362445414","0","2.183406113537118","2","4.036437246963563","0","247","23","9.303643724696355","3.2388663967611335","4.4534412955465585","4.048582995951417","0","2","4.049382716049383","1","243","36","9.39917695473251","1.646090534979424","3.7037037037037037","2.05761316872428","3.7037037037037037","2","4.061946902654867","0","226","24","9.29203539823009","1.7699115044247788","5.3097345132743365","7.079646017699115","1.7699115044247788","2","4.03347280334728","0","239","20","9.322175732217573","5.02092050209205","0","2.510460251046025","7.112970711297071","2","3.9803149606299213","0","254","20","9.26771653543307","1.968503937007874","1.1811023622047243","2.7559055118110236","4.724409448818897","2","4.18141592920354","0","226","26","9.389380530973451","3.982300884955752","7.079646017699115","4.424778761061947","4.424778761061947","2","3.9801587301587302","0","252","28","9.38888888888889","1.9841269841269842","3.5714285714285716","2.7777777777777777","3.5714285714285716","2","3.9845559845559846","1","259","24","9.281853281853282","0","0","0","0","2","4.020408163265306","0","245","33","9.387755102040817","0","0.8163265306122449","0.40816326530612246","1.6326530612244898","2","4.004716981132075","0","212","23","9.38679245283019","0.4716981132075472","0.4716981132075472","0","0.9433962264150944","2","4.026666666666666","0","225","26","9.306666666666667","0.4444444444444444","1.3333333333333333","0.4444444444444444","0.8888888888888888","2","4.012658227848101","0","237","24","9.39240506329114","0.4219409282700422","0.4219409282700422","0.8438818565400844","0","2","4","0","231","26","9.272727272727273","0","0","0","0.8658008658008658","2","4.004149377593361","0","241","29","9.410788381742739","0","0.8298755186721992","0.8298755186721992","0","2","4.024038461538462","0","208","16","9.384615384615385","0.4807692307692308","0.4807692307692308","0.9615384615384616","1.4423076923076923","2","4.008196721311475","1","244","29","9.327868852459016","0.4098360655737705","0","0","0.4098360655737705","2","4","0","238","26","9.38655462184874","0","0","0","0.42016806722689076","2","4.00896860986547","0","223","21","9.210762331838565","0","0","0","0.8968609865470852","2","4.0125","1","240","34","9.35","0","0.8333333333333334","0","0.8333333333333334","2","4.004255319148936","0","235","27","9.446808510638299","0","0","0","0.425531914893617","2","4.009756097560976","0","205","24","9.209756097560975","0","0","0.4878048780487805","0.4878048780487805","2","4.012820512820513","0","234","20","9.350427350427351","0","0","0.42735042735042733","0.8547008547008547","2","4.02510460251046","1","239","15","9.246861924686192","0.41841004184100417","0.41841004184100417","0.8368200836820083","1.6736401673640167","2","4.016393442622951","1","244","31","9.319672131147541","0","0.4098360655737705","0","1.639344262295082","2","4.021834061135372","0","229","32","9.327510917030567","0","0.4366812227074236","0","1.7467248908296944","2","4.012096774193548","0","248","25","9.258064516129032","0","0.4032258064516129","0","1.2096774193548387","2","4.007843137254902","1","255","28","9.333333333333334","0","0","0","1.1764705882352942","2","4.024","0","250","26","9.44","0","0","0","2.8","2","4.03347280334728","1","239","17","9.372384937238493","0","0","0","3.3472803347280333","2","4.029787234042553","1","235","22","9.225531914893617","0","0","0","2.978723404255319","2","4.0344827586206895","0","232","23","9.25","0","0","0","3.4482758620689653","2","4.051502145922747","0","233","31","9.253218884120171","0","0","0","5.579399141630901","2","4.036290322580645","0","248","28","9.306451612903226","0","0","0","3.629032258064516","2","4.023166023166024","0","259","28","9.413127413127413","0","0","0","2.3166023166023164","2","4.030042918454936","0","233","34","9.278969957081545","0","0","0","3.004291845493562","2","4.03125","0","256","35","9.28125","0","0","0","3.125","2","4.078602620087336","0","229","28","9.222707423580786","0","0","0","8.296943231441048"
,"3","3.963470319634703","0","219","26","9.32420091324201","1.82648401826484","0.91324200913242","0.91324200913242","4.109589041095891","3","3.995475113122172","0","221","17","9.402714932126697","3.6199095022624435","2.7149321266968327","4.524886877828054","1.3574660633484164","3","3.982456140350877","1","228","26","9.350877192982455","0.8771929824561403","2.192982456140351","0","2.192982456140351","3","4.028455284552845","0","246","23","9.260162601626016","3.252032520325203","3.658536585365854","3.658536585365854","0","3","4.037190082644628","2","242","36","9.355371900826446","1.2396694214876034","3.71900826446281","2.0661157024793386","2.8925619834710745","3","4.057522123893805","0","226","24","9.29203539823009","1.7699115044247788","5.3097345132743365","7.079646017699115","0.8849557522123894","3","4.046413502109704","2","237","20","9.232067510548523","5.063291139240507","0","2.5316455696202533","7.172995780590718","3","3.960474308300395","0","253","20","9.225296442687746","1.5810276679841897","0.7905138339920948","1.1857707509881423","4.3478260869565215","3","4.182222222222222","0","225","26","9.342222222222222","4","7.111111111111111","4.444444444444445","4.444444444444445","3","3.9801587301587302","0","252","28","9.38888888888889","1.9841269841269842","3.5714285714285716","2.7777777777777777","3.5714285714285716","3","3.988372093023256","1","258","24","9.24031007751938","0","0","0","0","3","4.016393442622951","0","244","33","9.344262295081966","0","0.819672131147541","0","1.2295081967213115","3","4.004739336492891","0","211","23","9.336492890995261","0","0","0","1.4218009478672986","3","4.013333333333334","0","225","26","9.306666666666667","0","0.8888888888888888","0","0.4444444444444444","3","4.008438818565401","0","237","24","9.39240506329114","0.4219409282700422","0.4219409282700422","0.4219409282700422","0","3","4","0","231","26","9.272727272727273","0","0","0","0.4329004329004329","3","3.99581589958159","1","239","29","9.355648535564853","0","0","0.41841004184100417","0","3","4.0048076923076925","0","208","16","9.384615384615385","0","0","0.4807692307692308","0","3","4.004115226337449","2","243","29","9.283950617283951","0","0","0","0.411522633744856","3","4","0","238","26","9.38655462184874","0","0","0","0","3","4.004484304932736","0","223","21","9.210762331838565","0","0","0","0.4484304932735426","3","3.995798319327731","1","238","34","9.277310924369749","0","0","0","0","3","4","1","234","27","9.401709401709402","0","0","0","0","3","4.009756097560976","0","205","24","9.209756097560975","0","0","0","0.975609756097561","3","4.004310344827586","0","232","20","9.258620689655173","0","0","0.43103448275862066","0","3","4","1","238","15","9.218487394957982","0","0.42016806722689076","0","0","3","4.008230452674897","1","243","31","9.275720164609053","0","0","0","0.823045267489712","3","4.0174672489082965","0","229","32","9.327510917030567","0","0","0","1.7467248908296944","3","4.012145748987854","0","247","25","9.214574898785425","0","0.4048582995951417","0","0.8097165991902834","3","4.019685039370079","1","254","28","9.291338582677165","0","0","0","1.968503937007874","3","4.024096385542169","0","249","26","9.413654618473895","0","0","0","2.8112449799196786","3","4.008438818565401","2","237","17","9.282700421940929","0","0","0","0.8438818565400844","3","4.0042918454935625","1","233","22","9.141630901287554","0","0","0","0.4291845493562232","3","4.012931034482759","0","232","23","9.25","0","0","0","1.293103448275862","3","4.021739130434782","0","230","31","9.130434782608695","0","0","0","2.608695652173913","3","4.02834008097166","0","247","28","9.271255060728745","0","0","0","2.834008097165992","3","4.0310077519379846","0","258","28","9.387596899224807","0","0","0","3.10077519379845","3","4.0344827586206895","0","232","34","9.232758620689655","0","0","0","3.4482758620689653","3","4.043137254901961","0","255","35","9.239215686274509","0","0","0","4.313725490196078","3","4.026200873362446","0","229","28","9.222707423580786","0","0","0","3.056768558951965"
,"4","3.9541284403669725","1","218","41","9.412844036697248","1.834862385321101","0.9174311926605505","0","4.128440366972477","4","3.986425339366516","0","221","34","9.55656108597285","3.6199095022624435","2.7149321266968327","4.524886877828054","0.45248868778280543","4","3.982456140350877","1","228","48","9.543859649122806","0.8771929824561403","2.192982456140351","0","2.192982456140351","4","4.024390243902439","0","246","43","9.422764227642276","3.252032520325203","3.658536585365854","3.252032520325203","0","4","4.033057851239669","2","242","65","9.59504132231405","0.8264462809917356","3.71900826446281","2.0661157024793386","2.8925619834710745","4","4.057777777777778","0","225","44","9.448888888888888","1.7777777777777777","5.333333333333333","7.111111111111111","0.8888888888888888","4","4.046413502109704","2","237","55","9.527426160337553","5.063291139240507","0","2.5316455696202533","7.172995780590718","4","3.9721115537848606","0","251","40","9.298804780876495","1.593625498007968","0.796812749003984","1.1952191235059761","4.382470119521912","4","4.183035714285714","0","224","38","9.401785714285714","4.017857142857143","7.142857142857143","4.464285714285714","4.464285714285714","4","3.984","1","250","48","9.48","2","3.6","2.8","3.6","4","3.99609375","1","256","49","9.375","0","0","0","0","4","4.004115226337449","1","243","51","9.465020576131687","0","0.411522633744856","0","0.411522633744856","4","3.995260663507109","0","211","44","9.535545023696683","0","0","0","0.47393364928909953","4","4.0088888888888885","0","225","45","9.475555555555555","0","0.4444444444444444","0","0.4444444444444444","4","4.008438818565401","0","237","38","9.51054852320675","0.4219409282700422","0.4219409282700422","0.4219409282700422","0","4","4.004329004329004","0","231","57","9.541125541125542","0","0","0","0.8658008658008658","4","4","1","238","43","9.428571428571429","0","0","0","0","4","4.004830917874396","0","207","33","9.497584541062801","0","0","0.4830917874396135","0","4","4","3","242","45","9.37190082644628","0","0","0","0","4","4","0","238","43","9.529411764705882","0","0","0","0","4","4.00896860986547","0","223","44","9.417040358744394","0","0","0","0.8968609865470852","4","4.004237288135593","1","236","69","9.483050847457626","0","0","0","0.847457627118644","4","4","1","234","46","9.564102564102564","0","0","0","0","4","4.004878048780488","0","205","52","9.482926829268292","0","0","0","0.4878048780487805","4","4.012931034482759","0","232","44","9.46551724137931","0","0","0.43103448275862066","0.8620689655172413","4","4.016806722689076","1","238","42","9.445378151260504","0","0.42016806722689076","0","1.2605042016806722","4","4.016528925619835","1","242","59","9.462809917355372","0","0","0","1.6528925619834711","4","4.026315789473684","0","228","49","9.473684210526315","0","0","0","2.6315789473684212","4","4.008097165991903","0","247","51","9.425101214574898","0","0","0","0.8097165991902834","4","4.011857707509882","1","253","54","9.462450592885375","0","0","0","1.1857707509881423","4","4.040160642570281","0","249","47","9.582329317269076","0","0","0","4.417670682730924","4","4.029661016949152","2","236","48","9.5","0","0","0","2.9661016949152543","4","4.034334763948498","1","233","47","9.356223175965665","0","0","0","3.4334763948497855","4","4.034632034632034","0","231","45","9.41991341991342","0","0","0","3.463203463203463","4","4.043668122270742","1","229","66","9.397379912663755","0","0","0","4.8034934497816595","4","4.05668016194332","0","247","50","9.449392712550607","0","0","0","5.668016194331984","4","4.019455252918288","1","257","47","9.494163424124514","0","0","0","1.9455252918287937","4","4.043103448275862","0","232","53","9.39655172413793","0","0","0","4.310344827586207","4","4.043307086614173","0","254","71","9.48031496062992","0","0","0","4.330708661417323","4","4.074235807860262","0","229","52","9.43231441048035","0","0","0","7.860262008733624"
,"5","3.9541284403669725","1","218","41","9.412844036697248","1.834862385321101","0.9174311926605505","0","4.128440366972477","5","3.9863636363636363","1","220","34","9.536363636363637","3.6363636363636362","2.727272727272727","4.545454545454546","0.45454545454545453","5","3.982456140350877","1","228","48","9.543859649122806","0.8771929824561403","2.192982456140351","0","2.192982456140351","5","4.024489795918368","0","245","43","9.379591836734694","3.2653061224489797","3.673469387755102","3.2653061224489797","0","5","4.033333333333333","2","240","65","9.508333333333333","0.8333333333333334","3.75","2.0833333333333335","2.9166666666666665","5","4.057777777777778","0","225","44","9.448888888888888","1.7777777777777777","5.333333333333333","7.111111111111111","0.8888888888888888","5","4.046413502109704","2","237","55","9.527426160337553","5.063291139240507","0","2.5316455696202533","7.172995780590718","5","3.9721115537848606","0","251","40","9.298804780876495","1.593625498007968","0.796812749003984","1.1952191235059761","4.382470119521912","5","4.183035714285714","0","224","38","9.401785714285714","4.017857142857143","7.142857142857143","4.464285714285714","4.464285714285714","5","3.988","1","250","48","9.48","2","3.6","2.8","3.6","5","4","1","256","49","9.375","0","0","0","0","5","4.008264462809917","1","242","51","9.421487603305785","0","0.4132231404958678","0","0.4132231404958678","5","4.004739336492891","0","211","44","9.535545023696683","0","0","0","0.47393364928909953","5","4.004484304932736","0","223","45","9.38116591928251","0","0","0","0.4484304932735426","5","4","0","237","38","9.51054852320675","0","0","0","0","5","4","0","230","57","9.495652173913044","0","0","0","0","5","4","1","238","43","9.428571428571429","0","0","0","0","5","4.004830917874396","0","207","33","9.497584541062801","0","0","0.4830917874396135","0","5","4","3","242","45","9.37190082644628","0","0","0","0","5","4","0","237","43","9.485232067510548","0","0","0","0","5","4","0","222","44","9.36936936936937","0","0","0","0","5","4","1","236","69","9.483050847457626","0","0","0","0","5","4","1","234","46","9.564102564102564","0","0","0","0","5","4.009803921568627","0","204","52","9.441176470588236","0","0","0","0.9803921568627451","5","4","0","232","44","9.46551724137931","0","0","0","0","5","4","1","235","42","9.327659574468084","0","0","0","0","5","4","1","242","59","9.462809917355372","0","0","0","0","5","4.008771929824562","0","228","49","9.473684210526315","0","0","0","0.8771929824561403","5","4.004065040650406","0","246","51","9.390243902439025","0","0","0","0.4065040650406504","5","4.019762845849803","1","253","54","9.462450592885375","0","0","0","1.976284584980237","5","4.0120481927710845","0","249","47","9.582329317269076","0","0","0","1.606425702811245","5","4.008510638297873","2","235","48","9.45531914893617","0","0","0","0.851063829787234","5","4.008620689655173","1","232","47","9.310344827586206","0","0","0","0.8620689655172413","5","4.026086956521739","0","230","45","9.373913043478261","0","0","0","2.608695652173913","5","4.039301310043668","1","229","66","9.397379912663755","0","0","0","4.366812227074236","5","4.036437246963563","0","247","50","9.449392712550607","0","0","0","3.6437246963562755","5","4.02734375","1","256","47","9.5","0","0","0","2.734375","5","4.038793103448276","0","232","53","9.39655172413793","0","0","0","3.8793103448275863","5","4.015748031496063","0","254","71","9.48031496062992","0","0","0","1.5748031496062993","5","4.048458149779735","0","227","52","9.33920704845815","0","0","0","5.286343612334802"
,"6","3.953917050691244","1","217","41","9.382488479262673","1.8433179723502304","0.9216589861751152","0","4.147465437788019","6","3.9863013698630136","1","219","34","9.488584474885844","3.65296803652968","2.73972602739726","4.566210045662101","0.45662100456621","6","3.982456140350877","1","228","48","9.543859649122806","0.8771929824561403","2.192982456140351","0","2.192982456140351","6","4.024590163934426","0","244","43","9.336065573770492","3.278688524590164","3.6885245901639343","3.278688524590164","0","6","4.03347280334728","2","239","65","9.472803347280335","0.8368200836820083","3.7656903765690375","2.092050209205021","2.928870292887029","6","4.057777777777778","0","225","44","9.448888888888888","1.7777777777777777","5.333333333333333","7.111111111111111","0.8888888888888888","6","4.046413502109704","2","237","55","9.527426160337553","5.063291139240507","0","2.5316455696202533","7.172995780590718","6","3.9721115537848606","0","251","40","9.298804780876495","1.593625498007968","0.796812749003984","1.1952191235059761","4.382470119521912","6","4.184684684684685","1","222","38","9.306306306306306","4.054054054054054","7.207207207207207","4.504504504504505","4.504504504504505","6","3.9839357429718874","1","249","48","9.44578313253012","2.0080321285140563","3.21285140562249","2.8112449799196786","3.6144578313253013","6","4","1","254","49","9.307086614173228","0","0","0","0","6","4.008264462809917","1","242","51","9.421487603305785","0","0.4132231404958678","0","0.4132231404958678","6","4","0","210","44","9.485714285714286","0","0","0","0","6","4.004484304932736","0","223","45","9.38116591928251","0","0","0","0.4484304932735426","6","4","0","236","38","9.466101694915254","0","0","0","0","6","4","1","228","57","9.429824561403509","0","0","0","0","6","4","2","236","43","9.35593220338983","0","0","0","0","6","4.004830917874396","0","207","33","9.497584541062801","0","0","0.4830917874396135","0","6","4","4","241","45","9.32780082987552","0","0","0","0","6","4","0","236","43","9.440677966101696","0","0","0","0","6","4.013636363636364","0","220","44","9.281818181818181","0","0","0","1.3636363636363635","6","4.008510638297873","2","235","69","9.472340425531915","0","0","0","0.851063829787234","6","4","1","234","46","9.564102564102564","0","0","0","0","6","4.004926108374384","0","203","52","9.389162561576354","0","0","0","0.49261083743842365","6","4.008620689655173","0","232","44","9.46551724137931","0","0","0","0.8620689655172413","6","4.012765957446809","1","235","42","9.327659574468084","0","0","0","1.2765957446808511","6","4.012396694214876","1","242","59","9.462809917355372","0","0","0","1.2396694214876034","6","4.0176211453744495","0","227","49","9.427312775330396","0","0","0","1.7621145374449338","6","4.008196721311475","1","244","51","9.30327868852459","0","0","0","0.819672131147541","6","4.01195219123506","1","251","54","9.410358565737052","0","0","0","1.1952191235059761","6","4.028225806451613","1","248","47","9.556451612903226","0","0","0","3.225806451612903","6","4.030042918454936","2","233","48","9.373390557939913","0","0","0","3.004291845493562","6","4.025974025974026","1","231","47","9.264069264069263","0","0","0","2.5974025974025974","6","4.030434782608696","0","230","45","9.373913043478261","0","0","0","3.0434782608695654","6","4.0524017467248905","1","229","66","9.397379912663755","0","0","0","5.676855895196507","6","4.044534412955466","0","247","50","9.449392712550607","0","0","0","4.4534412955465585","6","4.015625","1","256","47","9.5","0","0","0","1.5625","6","4.017241379310345","0","232","53","9.39655172413793","0","0","0","1.7241379310344827","6","4.059288537549407","0","253","71","9.438735177865613","0","0","0","5.928853754940712","6","4.07488986784141","0","227","52","9.33920704845815","0","0","0","7.929515418502203"
,"7","3.9537037037037037","1","216","54","9.453703703703704","1.8518518518518519","0.9259259259259259","0","4.166666666666667","7","3.981651376146789","1","218","50","9.587155963302752","3.669724770642202","2.7522935779816513","4.587155963302752","0","7","3.982456140350877","1","228","56","9.614035087719298","0.8771929824561403","2.192982456140351","0","2.192982456140351","7","4.020661157024794","0","242","61","9.396694214876034","2.8925619834710745","3.71900826446281","3.3057851239669422","0","7","4.033898305084746","2","236","89","9.55084745762712","0.423728813559322","3.8135593220338984","2.1186440677966103","2.9661016949152543","7","4.058035714285714","0","224","63","9.580357142857142","1.7857142857142858","5.357142857142857","7.142857142857143","0.8928571428571429","7","4.046808510638298","3","235","72","9.582978723404254","5.1063829787234045","0","2.5531914893617023","7.23404255319149","7","3.9721115537848606","0","251","66","9.50597609561753","1.593625498007968","0.796812749003984","1.1952191235059761","4.382470119521912","7","4.184684684684685","1","222","57","9.477477477477477","4.054054054054054","7.207207207207207","4.504504504504505","4.504504504504505","7","3.9839357429718874","1","249","69","9.614457831325302","2.0080321285140563","3.21285140562249","2.8112449799196786","3.6144578313253013","7","4","1","253","72","9.454545454545455","0","0","0","0","7","4.008333333333334","2","240","68","9.475","0","0.4166666666666667","0","0.4166666666666667","7","4.0047846889952154","0","209","61","9.598086124401913","0","0","0","0.4784688995215311","7","4.004484304932736","0","223","60","9.515695067264573","0","0","0","0.4484304932735426","7","4","0","235","52","9.548936170212766","0","0","0","0","7","4","1","228","76","9.596491228070175","0","0","0","0","7","4","2","235","65","9.497872340425532","0","0","0","0","7","4.004854368932039","0","206","45","9.563106796116505","0","0","0.4854368932038835","0","7","4","4","241","69","9.526970954356846","0","0","0","0","7","4","0","235","57","9.514893617021277","0","0","0","0","7","4","1","219","70","9.470319634703197","0","0","0","0","7","4","2","234","97","9.666666666666666","0","0","0","0","7","4","1","234","53","9.623931623931623","0","0","0","0","7","4.00990099009901","1","202","60","9.415841584158416","0","0","0","0.9900990099009901","7","4","0","231","54","9.506493506493506","0","0","0","0","7","4","2","234","64","9.47008547008547","0","0","0","0","7","4","1","242","79","9.62809917355372","0","0","0","0","7","4.022026431718062","0","227","69","9.603524229074889","0","0","0","2.202643171806167","7","4.004098360655738","1","244","79","9.532786885245901","0","0","0","0.4098360655737705","7","4.0199203187251","1","251","77","9.593625498007968","0","0","0","1.9920318725099602","7","4.028225806451613","1","248","60","9.661290322580646","0","0","0","2.8225806451612905","7","4.008620689655173","2","232","71","9.525862068965518","0","0","0","0.8620689655172413","7","4.008695652173913","1","230","71","9.42608695652174","0","0","0","0.8695652173913043","7","4.043478260869565","0","230","64","9.539130434782608","0","0","0","4.3478260869565215","7","4.034934497816594","1","229","87","9.580786026200874","0","0","0","3.930131004366812","7","4.032520325203252","0","246","66","9.536585365853659","0","0","0","3.252032520325203","7","4.027450980392157","1","255","61","9.584313725490196","0","0","0","2.7450980392156863","7","4.043290043290043","0","231","64","9.445887445887445","0","0","0","4.329004329004329","7","4.019762845849803","0","253","93","9.612648221343873","0","0","0","1.976284584980237","7","4.048672566371682","1","226","68","9.43362831858407","0","0","0","5.3097345132743365"
,"8","3.9537037037037037","1","216","54","9.453703703703704","1.8518518518518519","0.9259259259259259","0","4.166666666666667","8","3.981651376146789","1","218","50","9.587155963302752","3.669724770642202","2.7522935779816513","4.587155963302752","0","8","3.982456140350877","1","228","56","9.614035087719298","0.8771929824561403","2.192982456140351","0","2.192982456140351","8","4.016528925619835","0","242","61","9.396694214876034","2.479338842975207","3.71900826446281","3.3057851239669422","0","8","4.033898305084746","2","236","89","9.55084745762712","0","3.8135593220338984","2.1186440677966103","2.9661016949152543","8","4.058295964125561","0","223","63","9.542600896860986","1.7937219730941705","5.381165919282512","7.174887892376682","0.8968609865470852","8","4.046808510638298","3","235","72","9.582978723404254","5.1063829787234045","0","2.5531914893617023","7.23404255319149","8","3.972","0","250","66","9.472","1.6","0.8","1.2","4.4","8","4.1863636363636365","1","220","57","9.381818181818181","4.090909090909091","7.2727272727272725","4.090909090909091","4.545454545454546","8","3.9839357429718874","1","249","69","9.614457831325302","2.0080321285140563","3.21285140562249","2.8112449799196786","3.6144578313253013","8","4","1","252","72","9.420634920634921","0","0","0","0","8","4.008333333333334","2","240","68","9.475","0","0.4166666666666667","0","0.4166666666666667","8","4","0","208","61","9.548076923076923","0","0","0","0","8","4.004504504504505","0","222","60","9.468468468468469","0","0","0","0.45045045045045046","8","4","0","235","52","9.548936170212766","0","0","0","0","8","4","1","228","76","9.596491228070175","0","0","0","0","8","4","3","233","65","9.407725321888412","0","0","0","0","8","4","0","205","45","9.512195121951219","0","0","0","0","8","4","4","241","69","9.526970954356846","0","0","0","0","8","4","0","233","57","9.42489270386266","0","0","0","0","8","4.009216589861751","1","217","70","9.410138248847927","0","0","0","0.9216589861751152","8","4.0085470085470085","2","234","97","9.666666666666666","0","0","0","0.8547008547008547","8","4","1","234","53","9.623931623931623","0","0","0","0","8","4.0049504950495045","1","202","60","9.415841584158416","0","0","0","0.49504950495049505","8","4.008695652173913","0","230","54","9.460869565217392","0","0","0","0.8695652173913043","8","4.008583690987124","2","233","64","9.42489270386266","0","0","0","0.8583690987124464","8","4.020746887966805","2","241","79","9.5850622406639","0","0","0","2.074688796680498","8","4.0176211453744495","0","227","69","9.603524229074889","0","0","0","1.7621145374449338","8","4.008230452674897","1","243","79","9.489711934156379","0","0","0","0.823045267489712","8","4.012","1","250","77","9.552","0","0","0","1.2","8","4.032258064516129","1","248","60","9.661290322580646","0","0","0","3.225806451612903","8","4.03030303030303","2","231","71","9.480519480519481","0","0","0","3.0303030303030303","8","4.035087719298246","1","228","71","9.333333333333334","0","0","0","3.508771929824561","8","4.03056768558952","0","229","64","9.493449781659388","0","0","0","3.056768558951965","8","4.048672566371682","4","226","87","9.451327433628318","0","0","0","5.3097345132743365","8","4.060975609756097","0","246","66","9.536585365853659","0","0","0","6.097560975609756","8","4.02755905511811","1","254","61","9.551181102362206","0","0","0","2.7559055118110236","8","4.017316017316017","0","231","64","9.445887445887445","0","0","0","1.7316017316017316","8","4.051792828685259","0","251","93","9.52988047808765","0","0","0","5.179282868525896","8","4.04","2","225","68","9.386666666666667","0","0","0","4.444444444444445"
,"9","3.9488372093023254","1","215","54","9.404651162790698","1.8604651162790697","0.9302325581395349","0","3.7209302325581395","9","3.981651376146789","1","218","50","9.587155963302752","3.669724770642202","2.7522935779816513","4.587155963302752","0","9","3.982456140350877","1","228","56","9.614035087719298","0.8771929824561403","2.192982456140351","0","2.192982456140351","9","4.016597510373444","0","241","61","9.352697095435685","2.4896265560165975","3.7344398340248963","3.319502074688797","0","9","4.033898305084746","2","236","89","9.55084745762712","0","3.8135593220338984","2.1186440677966103","2.9661016949152543","9","4.058295964125561","0","223","63","9.542600896860986","1.7937219730941705","5.381165919282512","7.174887892376682","0.8968609865470852","9","4.047008547008547","3","234","72","9.538461538461538","5.128205128205129","0","2.5641025641025643","7.264957264957265","9","3.972","0","250","66","9.472","1.6","0.8","1.2","4.4","9","4.187214611872146","2","219","57","9.351598173515981","4.109589041095891","7.30593607305936","3.65296803652968","4.566210045662101","9","3.9838709677419355","1","248","69","9.580645161290322","2.0161290322580645","3.225806451612903","2.8225806451612905","3.629032258064516","9","4","2","250","72","9.392","0","0","0","0","9","4","2","240","68","9.475","0","0","0","0","9","4.004830917874396","0","207","61","9.497584541062801","0","0","0","0.4830917874396135","9","4.004504504504505","0","222","60","9.468468468468469","0","0","0","0.45045045045045046","9","4","0","234","52","9.504273504273504","0","0","0","0","9","4","2","227","76","9.550660792951541","0","0","0","0","9","4","3","231","65","9.316017316017316","0","0","0","0","9","4","0","205","45","9.512195121951219","0","0","0","0","9","4","4","240","69","9.483333333333333","0","0","0","0","9","4","0","233","57","9.42489270386266","0","0","0","0","9","4","1","215","70","9.311627906976744","0","0","0","0","9","4","2","232","97","9.586206896551724","0","0","0","0","9","4","1","233","53","9.587982832618026","0","0","0","0","9","4.01","2","200","60","9.35","0","0","0","1","9","4","0","230","54","9.460869565217392","0","0","0","0","9","4","2","233","64","9.42489270386266","0","0","0","0","9","4.00418410041841","3","239","79","9.497907949790795","0","0","0","0.41841004184100417","9","4.0176211453744495","0","227","69","9.603524229074889","0","0","0","1.7621145374449338","9","4.0041322314049586","1","242","79","9.446280991735538","0","0","0","0.4132231404958678","9","4.020161290322581","1","248","77","9.46774193548387","0","0","0","2.0161290322580645","9","4.028225806451613","1","248","60","9.661290322580646","0","0","0","2.8225806451612905","9","4.008658008658009","2","231","71","9.480519480519481","0","0","0","0.8658008658008658","9","4.008810572687224","2","227","71","9.286343612334802","0","0","0","0.8810572687224669","9","4.026200873362446","0","229","64","9.493449781659388","0","0","0","2.6200873362445414","9","4.035398230088496","4","226","87","9.451327433628318","0","0","0","3.982300884955752","9","4.036734693877551","1","245","66","9.493877551020407","0","0","0","3.673469387755102","9","4.035433070866142","1","254","61","9.551181102362206","0","0","0","3.543307086614173","9","4.017316017316017","0","231","64","9.445887445887445","0","0","0","1.7316017316017316","9","4.032128514056225","0","249","93","9.44578313253012","0","0","0","3.21285140562249","9","4.072072072072072","4","222","68","9.252252252252251","0","0","0","7.657657657657658"
,"10","3.94392523364486","1","214","67","9.476635514018692","1.8691588785046729","0.9345794392523364","0","3.2710280373831777","10","3.981651376146789","1","218","57","9.65137614678899","3.669724770642202","2.7522935779816513","4.587155963302752","0","10","3.982142857142857","2","224","63","9.491071428571429","0.8928571428571429","2.232142857142857","0","2.232142857142857","10","4.016666666666667","0","240","83","9.508333333333333","2.5","3.75","3.3333333333333335","0","10","4.033898305084746","2","236","103","9.669491525423728","0","3.8135593220338984","2.1186440677966103","2.9661016949152543","10","4.058295964125561","0","223","74","9.641255605381167","1.7937219730941705","5.381165919282512","7.174887892376682","0.8968609865470852","10","4.047008547008547","3","234","84","9.64102564102564","5.128205128205129","0","2.5641025641025643","7.264957264957265","10","3.9718875502008033","0","249","80","9.542168674698795","1.606425702811245","0.8032128514056225","1.2048192771084338","4.417670682730924","10","4.187214611872146","2","219","76","9.525114155251142","4.109589041095891","7.30593607305936","3.65296803652968","4.566210045662101","10","3.983739837398374","2","246","79","9.577235772357724","2.032520325203252","3.252032520325203","2.845528455284553","3.658536585365854","10","4","3","249","99","9.57429718875502","0","0","0","0","10","4","2","240","84","9.608333333333333","0","0","0","0","10","4","0","207","78","9.66183574879227","0","0","0","0","10","4","0","222","77","9.621621621621621","0","0","0","0","10","4","0","233","67","9.587982832618026","0","0","0","0","10","4","3","226","88","9.610619469026549","0","0","0","0","10","4","4","228","96","9.456140350877194","0","0","0","0","10","4","0","205","64","9.697560975609756","0","0","0","0","10","4","4","239","80","9.531380753138075","0","0","0","0","10","4","0","233","72","9.553648068669528","0","0","0","0","10","4.0093023255813955","1","215","93","9.525581395348837","0","0","0","0.9302325581395349","10","4.008620689655173","2","232","111","9.706896551724139","0","0","0","0.8620689655172413","10","4","1","232","61","9.612068965517242","0","0","0","0","10","4.005025125628141","2","199","78","9.487437185929648","0","0","0","0.5025125628140703","10","4.008733624454148","0","229","67","9.528384279475983","0","0","0","0.8733624454148472","10","4.008583690987124","2","233","84","9.59656652360515","0","0","0","0.8583690987124464","10","4.01673640167364","3","239","101","9.682008368200837","0","0","0","1.6736401673640167","10","4.013215859030837","0","227","79","9.691629955947137","0","0","0","1.3215859030837005","10","4.008264462809917","1","242","90","9.537190082644628","0","0","0","0.8264462809917356","10","4.012096774193548","1","248","94","9.60483870967742","0","0","0","1.2096774193548387","10","4.036290322580645","1","248","66","9.709677419354838","0","0","0","3.629032258064516","10","4.03030303030303","2","231","89","9.636363636363637","0","0","0","3.0303030303030303","10","4.030837004405286","2","227","94","9.48898678414097","0","0","0","3.0837004405286343","10","4.034934497816594","0","229","76","9.59825327510917","0","0","0","3.493449781659389","10","4.0488888888888885","4","225","106","9.573333333333334","0","0","0","5.333333333333333","10","4.061475409836065","1","244","80","9.565573770491802","0","0","0","6.147540983606557","10","4.043307086614173","1","254","77","9.67716535433071","0","0","0","4.330708661417323","10","4.017316017316017","0","231","78","9.567099567099566","0","0","0","1.7316017316017316","10","4.048192771084337","0","249","124","9.694779116465863","0","0","0","4.819277108433735","10","4.018099547511312","4","221","95","9.447963800904978","0","0","0","2.262443438914027"
,"11","3.943661971830986","2","213","67","9.43661971830986","1.8779342723004695","0.9389671361502347","0","3.2863849765258215","11","3.981651376146789","1","218","57","9.65137614678899","3.669724770642202","2.7522935779816513","4.587155963302752","0","11","3.982142857142857","2","224","63","9.491071428571429","0.8928571428571429","2.232142857142857","0","2.232142857142857","11","4.016666666666667","0","240","83","9.508333333333333","2.5","3.75","3.3333333333333335","0","11","4.034042553191489","3","235","103","9.625531914893617","0","3.8297872340425534","2.127659574468085","2.978723404255319","11","4.058558558558558","0","222","74","9.594594594594595","1.8018018018018018","5.405405405405405","7.207207207207207","0.9009009009009009","11","4.047008547008547","3","234","84","9.64102564102564","5.128205128205129","0","2.5641025641025643","7.264957264957265","11","3.971774193548387","0","248","80","9.5","1.6129032258064515","0.8064516129032258","1.2096774193548387","4.435483870967742","11","4.187214611872146","2","219","76","9.525114155251142","4.109589041095891","7.30593607305936","3.65296803652968","4.566210045662101","11","3.9795081967213113","2","244","79","9.51639344262295","2.0491803278688523","3.278688524590164","2.8688524590163933","3.278688524590164","11","4","3","248","99","9.53225806451613","0","0","0","0","11","4","2","239","84","9.564853556485355","0","0","0","0","11","4.004830917874396","0","207","78","9.66183574879227","0","0","0","0.4830917874396135","11","4","1","221","77","9.574660633484163","0","0","0","0","11","4","1","232","67","9.543103448275861","0","0","0","0","11","4","3","225","88","9.573333333333334","0","0","0","0","11","4","4","228","96","9.456140350877194","0","0","0","0","11","4","0","205","64","9.697560975609756","0","0","0","0","11","4","4","238","80","9.487394957983193","0","0","0","0","11","4","0","231","72","9.480519480519481","0","0","0","0","11","4","1","214","93","9.476635514018692","0","0","0","0","11","4","2","231","111","9.662337662337663","0","0","0","0","11","4","1","229","61","9.475982532751091","0","0","0","0","11","4.010050251256281","2","199","78","9.487437185929648","0","0","0","1.0050251256281406","11","4","0","229","67","9.528384279475983","0","0","0","0","11","4","3","232","84","9.551724137931034","0","0","0","0","11","4.00418410041841","3","239","101","9.682008368200837","0","0","0","0.41841004184100417","11","4.0176211453744495","0","227","79","9.691629955947137","0","0","0","1.7621145374449338","11","4.004149377593361","1","241","90","9.493775933609959","0","0","0","0.4149377593360996","11","4.020242914979757","2","247","94","9.562753036437247","0","0","0","2.0242914979757085","11","4.02834008097166","1","247","66","9.68421052631579","0","0","0","2.834008097165992","11","4.008658008658009","2","231","89","9.636363636363637","0","0","0","0.8658008658008658","11","4.008810572687224","2","227","94","9.48898678414097","0","0","0","0.8810572687224669","11","4.03056768558952","0","229","76","9.59825327510917","0","0","0","3.056768558951965","11","4.044444444444444","4","225","106","9.573333333333334","0","0","0","4.888888888888889","11","4.045081967213115","1","244","80","9.565573770491802","0","0","0","4.508196721311475","11","4.0199203187251","2","251","77","9.55378486055777","0","0","0","1.9920318725099602","11","4.034782608695652","0","230","78","9.547826086956523","0","0","0","3.4782608695652173","11","4.032258064516129","0","248","124","9.653225806451612","0","0","0","3.225806451612903","11","4.0636363636363635","4","220","95","9.4","0","0","0","6.818181818181818"
,"12","3.943396226415094","2","212","67","9.38679245283019","1.8867924528301887","0.9433962264150944","0","3.30188679245283","12","3.981651376146789","1","218","57","9.65137614678899","3.669724770642202","2.7522935779816513","4.587155963302752","0","12","3.9820627802690582","2","223","63","9.443946188340806","0.8968609865470852","2.242152466367713","0","2.242152466367713","12","4.01673640167364","0","239","83","9.464435146443515","2.510460251046025","3.7656903765690375","3.3472803347280333","0","12","4.034334763948498","4","233","103","9.53648068669528","0","3.8626609442060085","2.1459227467811157","3.004291845493562","12","4.058558558558558","0","222","74","9.594594594594595","1.8018018018018018","5.405405405405405","7.207207207207207","0.9009009009009009","12","4.047413793103448","4","232","84","9.551724137931034","5.172413793103448","0","2.586206896551724","7.327586206896552","12","3.971774193548387","0","248","80","9.5","1.6129032258064515","0.8064516129032258","1.2096774193548387","4.435483870967742","12","4.1880733944954125","2","218","76","9.477064220183486","4.128440366972477","7.339449541284404","3.669724770642202","4.587155963302752","12","3.979338842975207","2","242","79","9.429752066115702","2.0661157024793386","3.3057851239669422","2.8925619834710745","3.3057851239669422","12","4","3","248","99","9.53225806451613","0","0","0","0","12","4","2","239","84","9.564853556485355","0","0","0","0","12","4","1","205","78","9.560975609756097","0","0","0","0","12","4","1","221","77","9.574660633484163","0","0","0","0","12","4","1","232","67","9.543103448275861","0","0","0","0","12","4","4","224","88","9.526785714285714","0","0","0","0","12","4","4","228","96","9.456140350877194","0","0","0","0","12","4","0","205","64","9.697560975609756","0","0","0","0","12","4","4","237","80","9.451476793248945","0","0","0","0","12","4","0","230","72","9.434782608695652","0","0","0","0","12","4.004694835680751","1","213","93","9.43661971830986","0","0","0","0.4694835680751174","12","4.008733624454148","2","229","111","9.580786026200874","0","0","0","0.8733624454148472","12","4","2","227","61","9.409691629955947","0","0","0","0","12","4.00507614213198","2","197","78","9.390862944162437","0","0","0","0.5076142131979695","12","4.008733624454148","0","229","67","9.528384279475983","0","0","0","0.8733624454148472","12","4.017241379310345","3","232","84","9.551724137931034","0","0","0","1.7241379310344827","12","4.01255230125523","3","239","101","9.682008368200837","0","0","0","1.2552301255230125","12","4.0176211453744495","0","227","79","9.691629955947137","0","0","0","1.7621145374449338","12","4.008333333333334","1","240","90","9.45","0","0","0","0.8333333333333334","12","4.012244897959183","2","245","94","9.493877551020407","0","0","0","1.2244897959183674","12","4.016260162601626","1","246","66","9.642276422764228","0","0","0","1.6260162601626016","12","4.030434782608696","2","230","89","9.591304347826087","0","0","0","3.0434782608695654","12","4.030973451327434","2","226","94","9.460176991150442","0","0","0","3.0973451327433628","12","4.026200873362446","0","229","76","9.59825327510917","0","0","0","2.6200873362445414","12","4.0311111111111115","4","225","106","9.573333333333334","0","0","0","3.5555555555555554","12","4.061728395061729","1","243","80","9.522633744855968","0","0","0","6.172839506172839","12","4.040322580645161","2","248","77","9.459677419354838","0","0","0","4.032258064516129","12","4.039301310043668","0","229","78","9.502183406113538","0","0","0","3.930131004366812","12","4.052631578947368","0","247","124","9.611336032388664","0","0","0","5.2631578947368425","12","4.018348623853211","5","218","95","9.311926605504587","0","0","0","2.293577981651376"
,"13","3.6375545851528384","3","229","86","9.283842794759826","3.930131004366812","3.056768558951965","2.6200873362445414","6.986899563318778","13","3.7094017094017095","1","234","61","9.341880341880342","6.410256410256411","4.273504273504273","6.410256410256411","1.2820512820512822","13","3.7142857142857144","2","238","74","9.394957983193278","2.5210084033613445","5.042016806722689","1.680672268907563","4.201680672268908","13","3.7065637065637067","0","259","102","9.335907335907336","5.405405405405405","5.7915057915057915","6.177606177606178","1.5444015444015444","13","3.745019920318725","4","251","121","9.354581673306773","1.593625498007968","5.9760956175298805","4.780876494023905","5.577689243027889","13","3.6653061224489796","0","245","86","9.2","4.081632653061225","8.16326530612245","8.979591836734693","4.081632653061225","13","3.741035856573705","4","251","97","9.410358565737052","7.171314741035856","2.3904382470119523","5.9760956175298805","9.56175298804781","13","3.6931818181818183","0","264","95","9.348484848484848","4.924242424242424","4.166666666666667","2.272727272727273","6.0606060606060606","13","3.821276595744681","2","235","88","9.285106382978723","4.680851063829787","7.659574468085107","6.382978723404255","7.659574468085107","13","3.5535055350553506","2","271","103","9.22509225092251","6.273062730627307","7.011070110701107","5.535055350553505","5.166051660516605","13","3.701492537313433","3","268","111","9.276119402985074","2.985074626865672","2.985074626865672","1.8656716417910448","1.8656716417910448","13","3.7333333333333334","2","255","103","9.403921568627451","1.5686274509803921","2.3529411764705883","1.9607843137254901","3.1372549019607843","13","3.5991189427312777","1","227","91","9.233480176211454","3.5242290748898677","3.0837004405286343","2.643171806167401","2.643171806167401","13","3.652892561983471","1","242","88","9.330578512396695","2.8925619834710745","3.71900826446281","3.3057851239669422","2.0661157024793386","13","3.6679841897233203","1","253","86","9.264822134387352","4.3478260869565215","2.3715415019762847","2.3715415019762847","2.766798418972332","13","3.780590717299578","4","237","104","9.527426160337553","2.9535864978902953","1.6877637130801688","1.2658227848101267","1.2658227848101267","13","3.648","4","250","115","9.2","4","1.2","2.8","2.8","13","3.6771300448430493","0","223","70","9.237668161434977","2.242152466367713","2.242152466367713","4.0358744394618835","2.690582959641256","13","3.8683127572016462","4","243","98","9.497942386831276","0.823045267489712","1.2345679012345678","0","1.2345679012345678","13","3.7581967213114753","0","244","94","9.385245901639344","2.459016393442623","2.459016393442623","2.459016393442623","2.8688524590163933","13","3.7389380530973453","2","226","115","9.31858407079646","1.3274336283185841","1.3274336283185841","3.0973451327433628","1.3274336283185841","13","3.848101265822785","2","237","124","9.561181434599156","0.4219409282700422","2.109704641350211","1.2658227848101267","0.4219409282700422","13","3.7983193277310923","2","238","84","9.445378151260504","2.5210084033613445","1.2605042016806722","1.2605042016806722","2.100840336134454","13","3.7251184834123223","3","211","93","9.27962085308057","0.9478672985781991","1.8957345971563981","2.3696682464454977","2.843601895734597","13","3.739669421487603","1","242","83","9.355371900826446","2.0661157024793386","2.479338842975207","2.479338842975207","2.8925619834710745","13","3.822314049586777","4","242","94","9.438016528925619","2.0661157024793386","1.6528925619834711","0","3.3057851239669422","13","3.9224489795918367","3","245","108","9.624489795918368","0.40816326530612246","1.2244897959183674","0.8163265306122449","3.2653061224489797","13","3.8041666666666667","0","240","86","9.45","2.0833333333333335","1.6666666666666667","0.8333333333333334","4.166666666666667","13","3.6807692307692306","1","260","107","9.276923076923078","3.4615384615384617","4.230769230769231","3.076923076923077","1.5384615384615385","13","3.6199261992619927","2","271","111","9.180811808118081","4.059040590405904","2.5830258302583027","3.690036900369004","4.059040590405904","13","3.8745098039215686","1","255","75","9.545098039215686","1.1764705882352942","0.39215686274509803","0","4.705882352941177","13","3.696","2","250","107","9.32","1.6","3.2","2.4","4.8","13","3.767634854771784","2","241","110","9.28630705394191","2.074688796680498","2.4896265560165975","1.6597510373443984","3.7344398340248963","13","3.7704918032786887","0","244","85","9.385245901639344","2.459016393442623","1.639344262295082","2.459016393442623","4.098360655737705","13","3.759336099585062","4","241","119","9.360995850622407","3.319502074688797","2.4896265560165975","1.6597510373443984","6.224066390041494","13","3.9246031746031744","1","252","95","9.515873015873016","0.7936507936507936","1.1904761904761905","1.1904761904761905","7.936507936507937","13","3.75","2","264","92","9.371212121212121","4.166666666666667","1.1363636363636365","1.1363636363636365","6.4393939393939394","13","3.7195121951219514","1","246","92","9.292682926829269","3.252032520325203","2.032520325203252","5.284552845528455","5.284552845528455","13","3.7992424242424243","0","264","135","9.409090909090908","1.893939393939394","0.3787878787878788","2.6515151515151514","7.954545454545454","13","3.7257383966244726","5","237","123","9.316455696202532","5.485232067510548","1.6877637130801688","4.219409282700422","7.172995780590718"
,"14","4.0174672489082965","3","229","86","9.283842794759826","1.7467248908296944","3.056768558951965","1.3100436681222707","5.240174672489083","14","3.97008547008547","1","234","61","9.341880341880342","4.273504273504273","2.5641025641025643","5.128205128205129","0","14","4.004201680672269","2","238","74","9.394957983193278","2.100840336134454","2.5210084033613445","0","2.100840336134454","14","4.019305019305019","0","259","102","9.335907335907336","2.3166023166023164","5.019305019305019","3.861003861003861","0.3861003861003861","14","4.051792828685259","4","251","121","9.354581673306773","0","5.9760956175298805","2.7888446215139444","2.7888446215139444","14","4.049180327868853","0","244","86","9.155737704918034","3.6885245901639343","7.786885245901639","6.557377049180328","1.2295081967213115","14","4.084677419354839","6","248","97","9.28225806451613","4.032258064516129","2.0161290322580645","4.838709677419355","7.661290322580645","14","4.03030303030303","0","264","95","9.348484848484848","4.166666666666667","2.272727272727273","1.893939393939394","4.545454545454546","14","4.1617021276595745","2","235","88","9.285106382978723","2.978723404255319","5.531914893617022","2.5531914893617023","6.808510638297872","14","3.996282527881041","2","269","103","9.182156133828997","5.5762081784386615","4.089219330855019","2.6022304832713754","2.973977695167286","14","3.992481203007519","4","266","111","9.19548872180451","0","0","0","0","14","4.003921568627451","2","255","103","9.403921568627451","0.39215686274509803","0.39215686274509803","0","0","14","4.004424778761062","1","226","91","9.185840707964601","0.4424778761061947","0","0","0.4424778761061947","14","4.0125","1","240","88","9.241666666666667","1.25","0.8333333333333334","0","0","14","4.003968253968254","2","252","86","9.23015873015873","0","0","0.7936507936507936","0","14","3.9957627118644066","5","236","104","9.483050847457626","0","0","0","0","14","3.9839357429718874","5","249","115","9.180722891566266","0.40160642570281124","0.40160642570281124","0.40160642570281124","0","14","4.0225225225225225","0","222","70","9.243243243243244","0.45045045045045046","0.45045045045045046","1.3513513513513513","0.45045045045045046","14","3.9916666666666667","4","240","98","9.4","0","0","0","0","14","3.9958677685950414","1","242","94","9.322314049586776","0","0","0","0","14","4","2","225","115","9.27111111111111","0","0.4444444444444444","0","0.4444444444444444","14","4.0042194092827","2","237","124","9.561181434599156","0","0","0","0.8438818565400844","14","3.991596638655462","2","238","84","9.445378151260504","0","0","0","0","14","3.9857142857142858","3","210","93","9.228571428571428","0","0","0.47619047619047616","0","14","4.004149377593361","1","241","83","9.311203319502075","0","0","0","1.2448132780082988","14","4.012396694214876","4","242","94","9.438016528925619","0","0","0","1.2396694214876034","14","4.016460905349795","4","243","108","9.539094650205762","0","0","0","1.646090534979424","14","4.025","0","240","86","9.45","0.4166666666666667","0","0","2.0833333333333335","14","4","1","259","107","9.235521235521235","0","0","0","0.7722007722007722","14","4.011070110701107","2","271","111","9.180811808118081","0","0","0.36900369003690037","1.1070110701107012","14","4.031496062992126","1","254","75","9.503937007874017","0","0","0","3.1496062992125986","14","4.020161290322581","3","248","107","9.233870967741936","0","0","0","2.8225806451612905","14","4.037344398340249","2","241","110","9.28630705394191","0","0","0","3.7344398340248963","14","4.040983606557377","0","244","85","9.385245901639344","0","0","0","4.098360655737705","14","4.033195020746888","4","241","119","9.360995850622407","0","0","0","4.149377593360996","14","4.059523809523809","1","252","95","9.515873015873016","0","0","0","6.349206349206349","14","4.038022813688213","2","263","92","9.330798479087452","0","0","0","4.182509505703422","14","4.040816326530612","1","245","92","9.29795918367347","0","0","0","4.081632653061225","14","4.057034220532319","0","263","135","9.368821292775666","0","0","0.38022813688212925","5.7034220532319395","14","4.037974683544304","5","237","123","9.316455696202532","0","0","0","4.641350210970464"
,"15","4.021834061135372","3","229","86","9.283842794759826","1.7467248908296944","2.6200873362445414","1.7467248908296944","5.240174672489083","15","3.9742489270386265","1","233","61","9.296137339055795","4.291845493562231","2.575107296137339","5.579399141630901","0","15","4","2","236","74","9.305084745762711","2.1186440677966103","2.1186440677966103","0","2.1186440677966103","15","4.019305019305019","0","259","102","9.335907335907336","2.3166023166023164","4.633204633204633","3.861003861003861","0.7722007722007722","15","4.052","4","250","121","9.36","0","5.2","3.2","2.8","15","4.036885245901639","0","244","86","9.155737704918034","3.6885245901639343","6.557377049180328","6.557377049180328","0.819672131147541","15","4.0728744939271255","6","247","97","9.238866396761134","4.048582995951417","1.6194331983805668","4.4534412955465585","6.882591093117409","15","4.0418250950570345","0","263","95","9.307984790874524","4.562737642585551","3.041825095057034","1.9011406844106464","4.562737642585551","15","4.165957446808511","2","235","88","9.285106382978723","2.978723404255319","5.1063829787234045","2.5531914893617023","6.808510638297872","15","3.99250936329588","2","267","103","9.101123595505618","5.617977528089888","3.3707865168539324","2.6217228464419478","2.9962546816479403","15","3.996212121212121","4","264","111","9.113636363636363","0","0","0","0","15","4.0078740157480315","2","254","103","9.362204724409448","0.3937007874015748","0.3937007874015748","0","0","15","4.008849557522124","1","226","91","9.185840707964601","0.4424778761061947","0","0","0.4424778761061947","15","4","1","239","88","9.196652719665272","0.41841004184100417","0","0","0","15","4","3","250","86","9.144","0","0","0.4","0","15","3.9957446808510637","5","235","104","9.438297872340426","0","0","0","0","15","3.9879032258064515","6","248","115","9.137096774193548","0","0","0","0","15","4","0","221","70","9.194570135746606","0","0","0","0","15","3.99163179916318","4","239","98","9.355648535564853","0","0","0","0","15","4","1","241","94","9.28630705394191","0","0","0","0.4149377593360996","15","4","2","225","115","9.27111111111111","0","0","0","0","15","4","2","236","124","9.516949152542374","0","0","0","0","15","3.9957627118644066","2","236","84","9.35593220338983","0","0","0","0","15","4.009569377990431","3","209","93","9.186602870813397","0","0","0.4784688995215311","0.9569377990430622","15","4.004166666666666","1","240","83","9.333333333333334","0","0","0","0.4166666666666667","15","4.008298755186722","5","241","94","9.394190871369295","0","0","0","0.8298755186721992","15","4.008264462809917","4","242","108","9.545454545454545","0","0","0","0.8264462809917356","15","4.020833333333333","0","240","86","9.45","0","0","0","2.0833333333333335","15","4","1","259","107","9.235521235521235","0","0","0","0.3861003861003861","15","4.022222222222222","2","270","111","9.14074074074074","0","0","0.37037037037037035","1.8518518518518519","15","4.031746031746032","2","252","75","9.428571428571429","0","0","0","3.1746031746031744","15","4.012096774193548","3","248","107","9.233870967741936","0","0","0","1.6129032258064515","15","4.004166666666666","2","240","110","9.241666666666667","0","0","0","0.4166666666666667","15","4.028688524590164","0","244","85","9.385245901639344","0","0","0","2.8688524590163933","15","4.049792531120332","4","241","119","9.360995850622407","0","0","0","5.394190871369295","15","4.06","1","250","95","9.432","0","0","0","6","15","4.026615969581749","2","263","92","9.330798479087452","0","0","0","2.661596958174905","15","4.0285714285714285","1","245","92","9.29795918367347","0","0","0","2.857142857142857","15","4.057034220532319","0","263","135","9.368821292775666","0","0","0.38022813688212925","5.7034220532319395","15","4.059574468085106","5","235","123","9.242553191489362","0","0","0","6.382978723404255"
,"16","4.013215859030837","3","227","92","9.242290748898679","1.7621145374449338","2.643171806167401","0.8810572687224669","5.286343612334802","16","3.9785407725321886","1","233","66","9.339055793991417","4.291845493562231","2.575107296137339","6.008583690987124","0","16","4","3","234","85","9.307692307692308","2.1367521367521367","2.1367521367521367","0","2.1367521367521367","16","4.038610038610039","0","259","109","9.38996138996139","2.3166023166023164","6.177606177606178","4.2471042471042475","0.7722007722007722","16","4.032128514056225","5","249","124","9.34136546184739","0","4.417670682730924","2.0080321285140563","2.8112449799196786","16","4.036885245901639","0","244","96","9.237704918032787","3.278688524590164","6.557377049180328","6.557377049180328","0.819672131147541","16","4.073469387755102","7","245","114","9.29795918367347","4.081632653061225","1.6326530612244898","4.489795918367347","6.938775510204081","16","4.026717557251908","0","262","110","9.381679389312977","3.435114503816794","2.6717557251908395","1.9083969465648856","4.580152671755725","16","4.153846153846154","2","234","96","9.307692307692308","2.9914529914529915","4.700854700854701","2.5641025641025643","5.982905982905983","16","4","2","266","120","9.18796992481203","6.390977443609023","3.007518796992481","2.6315789473684212","3.007518796992481","16","3.996212121212121","4","264","132","9.272727272727273","0","0","0","0","16","4.0078740157480315","2","254","110","9.417322834645669","0.3937007874015748","0.3937007874015748","0","0","16","4.004424778761062","1","226","101","9.274336283185841","0.4424778761061947","0","0","0","16","4.0042194092827","1","237","105","9.248945147679326","0.4219409282700422","0","0","0","16","4","3","248","102","9.185483870967742","0","0","0","0","16","3.9957446808510637","5","235","111","9.497872340425532","0","0","0","0","16","4","6","247","121","9.1417004048583","0","0","0","0","16","4","0","220","79","9.227272727272727","0","0","0","0","16","3.9915611814345993","5","237","114","9.40084388185654","0","0","0","0","16","3.995833333333333","1","240","111","9.391666666666667","0","0","0","0","16","4.004444444444444","2","225","126","9.36888888888889","0","0","0","0.4444444444444444","16","4.012711864406779","2","236","130","9.567796610169491","0","0","0","1.271186440677966","16","3.9957446808510637","2","235","98","9.446808510638299","0","0","0","0","16","4","3","209","114","9.38755980861244","0","0","0","0","16","4.008333333333334","1","240","95","9.433333333333334","0","0","0","0.8333333333333334","16","4.0125","6","240","102","9.433333333333334","0","0","0","1.25","16","4.016666666666667","5","240","117","9.533333333333333","0","0","0","1.6666666666666667","16","4.02092050209205","0","239","91","9.447698744769875","0","0","0","2.092050209205021","16","4.003861003861004","1","259","119","9.328185328185327","0","0","0","0.7722007722007722","16","4.014814814814815","2","270","122","9.222222222222221","0","0","0.37037037037037035","1.1111111111111112","16","4.027777777777778","2","252","93","9.571428571428571","0","0","0","2.7777777777777777","16","4.02834008097166","3","247","119","9.295546558704453","0","0","0","2.834008097165992","16","4.046025104602511","2","239","117","9.255230125523013","0","0","0","4.602510460251046","16","4.036885245901639","0","244","93","9.450819672131148","0","0","0","3.6885245901639343","16","4.0375","5","240","129","9.408333333333333","0","0","0","4.166666666666667","16","4.072","1","250","109","9.544","0","0","0","7.2","16","4.038022813688213","2","263","106","9.437262357414449","0","0","0","3.802281368821293","16","4.032786885245901","1","244","102","9.336065573770492","0","0","0","3.278688524590164","16","4.057251908396947","0","262","140","9.366412213740459","0","0","0.3816793893129771","5.343511450381679","16","4.042918454935623","6","233","137","9.270386266094421","0","0","0","4.721030042918455"
,"17","4.017699115044247","4","226","92","9.194690265486726","1.7699115044247788","3.0973451327433628","0.8849557522123894","5.3097345132743365","17","3.982832618025751","1","233","66","9.339055793991417","4.291845493562231","2.575107296137339","6.437768240343348","0","17","4","4","233","85","9.261802575107296","2.1459227467811157","2.1459227467811157","0","2.1459227467811157","17","4.030888030888031","0","259","109","9.38996138996139","2.3166023166023164","5.405405405405405","4.2471042471042475","0.7722007722007722","17","4.032388663967612","5","247","124","9.255060728744938","0","4.4534412955465585","2.0242914979757085","2.834008097165992","17","4.045643153526971","1","241","96","9.103734439834025","3.7344398340248963","6.639004149377594","6.639004149377594","1.6597510373443984","17","4.073469387755102","7","245","114","9.29795918367347","4.081632653061225","1.6326530612244898","4.489795918367347","6.938775510204081","17","4.034351145038168","0","262","110","9.381679389312977","3.816793893129771","3.053435114503817","1.9083969465648856","4.580152671755725","17","4.150862068965517","2","232","96","9.21551724137931","3.0172413793103448","4.310344827586207","2.586206896551724","6.0344827586206895","17","3.988721804511278","2","266","120","9.18796992481203","5.639097744360902","3.007518796992481","2.6315789473684212","3.007518796992481","17","4","4","263","132","9.2319391634981","0","0","0","0","17","4.0078740157480315","2","254","110","9.417322834645669","0.3937007874015748","0.3937007874015748","0","0","17","4.008928571428571","1","224","101","9.178571428571429","0.44642857142857145","0","0","0.44642857142857145","17","4.004237288135593","1","236","105","9.203389830508474","0.423728813559322","0","0","0","17","4","3","247","102","9.149797570850202","0","0","0","0","17","4","5","234","111","9.452991452991453","0","0","0","0","17","4","6","245","121","9.093877551020409","0","0","0","0","17","4","0","217","79","9.078341013824884","0","0","0","0","17","3.991489361702128","6","235","114","9.310638297872341","0","0","0","0","17","4","1","240","111","9.391666666666667","0","0","0","0.4166666666666667","17","4","2","225","126","9.36888888888889","0","0","0","0","17","4","2","236","130","9.567796610169491","0","0","0","0","17","4","3","234","98","9.401709401709402","0","0","0","0","17","4.009661835748792","3","207","114","9.285024154589372","0","0","0","0.966183574879227","17","4.004166666666666","1","240","95","9.433333333333334","0","0","0","0.4166666666666667","17","4.00418410041841","6","239","102","9.472803347280335","0","0","0","0.41841004184100417","17","4","6","238","117","9.46218487394958","0","0","0","0","17","4.012658227848101","0","237","91","9.358649789029537","0","0","0","1.2658227848101267","17","4","1","259","119","9.328185328185327","0","0","0","0.3861003861003861","17","4.018587360594796","2","269","122","9.189591078066915","0","0","0","1.858736059479554","17","4.051587301587301","2","252","93","9.571428571428571","0","0","0","5.158730158730159","17","4.016326530612245","3","245","119","9.208163265306123","0","0","0","1.6326530612244898","17","4.0042194092827","2","237","117","9.172995780590718","0","0","0","0.4219409282700422","17","4.024590163934426","0","244","93","9.450819672131148","0","0","0","2.459016393442623","17","4.041841004184101","5","239","129","9.364016736401673","0","0","0","4.602510460251046","17","4.04","1","250","109","9.544","0","0","0","4","17","4.019011406844107","2","263","106","9.437262357414449","0","0","0","1.9011406844106464","17","4.024590163934426","1","244","102","9.336065573770492","0","0","0","2.459016393442623","17","4.061776061776062","0","259","140","9.243243243243244","0","0","0","6.177606177606178","17","4.051724137931035","6","232","137","9.232758620689655","0","0","0","5.603448275862069"
,"18","4.022222222222222","4","225","92","9.146666666666667","1.7777777777777777","3.111111111111111","0.8888888888888888","5.333333333333333","18","3.982832618025751","1","233","66","9.339055793991417","4.291845493562231","2.575107296137339","6.437768240343348","0","18","4","4","232","85","9.224137931034482","2.1551724137931036","2.1551724137931036","0","2.1551724137931036","18","4.0310077519379846","1","258","109","9.348837209302326","2.3255813953488373","5.426356589147287","4.263565891472868","0.7751937984496124","18","4.032520325203252","5","246","124","9.260162601626016","0","4.471544715447155","2.032520325203252","2.845528455284553","18","4.045643153526971","1","241","96","9.103734439834025","3.319502074688797","6.639004149377594","6.639004149377594","0.8298755186721992","18","4.077551020408163","7","245","114","9.29795918367347","4.081632653061225","2.0408163265306123","4.489795918367347","6.938775510204081","18","4.026717557251908","0","262","110","9.381679389312977","3.435114503816794","2.6717557251908395","1.9083969465648856","4.580152671755725","18","4.147186147186147","2","231","96","9.168831168831169","3.0303030303030303","4.329004329004329","2.5974025974025974","5.627705627705628","18","3.9886363636363638","3","264","120","9.113636363636363","5.681818181818182","3.0303030303030303","2.272727272727273","3.0303030303030303","18","4","4","263","132","9.2319391634981","0","0","0","0","18","4.007905138339921","2","253","110","9.375494071146244","0.3952569169960474","0.3952569169960474","0","0","18","4","1","223","101","9.130044843049328","0","0","0","0","18","4","1","236","105","9.203389830508474","0","0","0","0","18","4","3","247","102","9.149797570850202","0","0","0","0","18","4","5","233","111","9.416309012875537","0","0","0","0","18","4","8","242","121","8.975206611570249","0","0","0","0","18","4","0","217","79","9.078341013824884","0","0","0","0","18","3.9914529914529915","6","234","114","9.264957264957266","0","0","0","0","18","3.995833333333333","1","240","111","9.391666666666667","0","0","0","0","18","4.004444444444444","2","225","126","9.36888888888889","0","0","0","0.4444444444444444","18","4.012711864406779","2","236","130","9.567796610169491","0","0","0","1.271186440677966","18","4","3","232","98","9.310344827586206","0","0","0","0","18","4","3","206","114","9.233009708737864","0","0","0","0","18","4.008333333333334","1","240","95","9.433333333333334","0","0","0","0.8333333333333334","18","4.00836820083682","6","239","102","9.472803347280335","0","0","0","0.8368200836820083","18","4.0168776371308015","6","237","117","9.485232067510548","0","0","0","1.6877637130801688","18","4.0210970464135025","0","237","91","9.358649789029537","0","0","0","2.109704641350211","18","4.003861003861004","1","259","119","9.328185328185327","0","0","0","0.7722007722007722","18","4.0111940298507465","2","268","122","9.149253731343284","0","0","0","1.1194029850746268","18","4.027777777777778","2","252","93","9.571428571428571","0","0","0","2.7777777777777777","18","4.0285714285714285","3","245","119","9.208163265306123","0","0","0","2.857142857142857","18","4.033755274261603","2","237","117","9.172995780590718","0","0","0","3.3755274261603376","18","4.036885245901639","0","244","93","9.450819672131148","0","0","0","3.6885245901639343","18","4.042016806722689","5","238","129","9.319327731092438","0","0","0","4.621848739495798","18","4.072289156626506","1","249","109","9.502008032128513","0","0","0","7.228915662650603","18","4.019083969465649","2","262","106","9.404580152671755","0","0","0","1.9083969465648856","18","4.0246913580246915","1","243","102","9.292181069958847","0","0","0","2.4691358024691357","18","4.057915057915058","0","259","140","9.243243243243244","0","0","0","5.7915057915057915","18","4.0344827586206895","6","232","137","9.232758620689655","0","0","0","3.8793103448275863"
,"19","4.0225225225225225","4","222","104","9.108108108108109","1.8018018018018018","2.7027027027027026","0.9009009009009009","5.405405405405405","19","3.982832618025751","1","233","70","9.373390557939913","4.291845493562231","2.575107296137339","6.437768240343348","0","19","4","4","232","102","9.370689655172415","2.1551724137931036","2.1551724137931036","0","2.1551724137931036","19","4.0310077519379846","1","258","114","9.387596899224807","2.3255813953488373","5.426356589147287","4.263565891472868","0.7751937984496124","19","4.03265306122449","5","245","135","9.306122448979592","0","4.489795918367347","2.0408163265306123","2.857142857142857","19","4.045833333333333","2","240","112","9.191666666666666","3.75","6.666666666666667","6.666666666666667","0.8333333333333334","19","4.073469387755102","7","245","126","9.395918367346939","4.081632653061225","1.6326530612244898","4.489795918367347","6.938775510204081","19","4.030769230769231","1","260","122","9.392307692307693","3.8461538461538463","2.6923076923076925","1.9230769230769231","4.615384615384615","19","4.1521739130434785","2","230","112","9.26086956521739","3.0434782608695654","4.3478260869565215","2.608695652173913","6.086956521739131","19","3.980916030534351","3","262","135","9.145038167938932","5.343511450381679","3.053435114503817","2.2900763358778624","3.053435114503817","19","4","4","262","141","9.259541984732824","0","0","0","0","19","4.00796812749004","4","251","119","9.362549800796813","0.398406374501992","0.398406374501992","0","0","19","4.004484304932736","1","223","113","9.237668161434977","0","0","0","0.4484304932735426","19","4","1","234","126","9.290598290598291","0","0","0","0","19","4","4","246","123","9.276422764227643","0","0","0","0","19","4","5","232","126","9.5","0","0","0","0","19","4","8","242","148","9.198347107438016","0","0","0","0","19","4","1","216","101","9.231481481481481","0","0","0","0","19","3.9913793103448274","7","232","133","9.35344827586207","0","0","0","0","19","4","1","240","118","9.45","0","0","0","0.4166666666666667","19","4","2","225","135","9.448888888888888","0","0","0","0","19","4","3","235","135","9.565957446808511","0","0","0","0","19","4","3","232","122","9.517241379310345","0","0","0","0","19","4.009708737864078","3","206","127","9.359223300970873","0","0","0","0.970873786407767","19","4.004166666666666","1","240","104","9.508333333333333","0","0","0","0.4166666666666667","19","4.00418410041841","6","239","111","9.548117154811715","0","0","0","0.41841004184100417","19","4.004237288135593","6","236","131","9.559322033898304","0","0","0","0.423728813559322","19","4.0210970464135025","0","237","100","9.434599156118143","0","0","0","2.109704641350211","19","4.00390625","2","256","125","9.25","0","0","0","0.390625","19","4.018656716417911","2","268","134","9.238805970149254","0","0","0","1.8656716417910448","19","4.028","2","250","98","9.528","0","0","0","2.8","19","4.016326530612245","3","245","129","9.289795918367346","0","0","0","1.6326530612244898","19","4.008474576271187","3","236","135","9.288135593220339","0","0","0","0.847457627118644","19","4.020491803278689","0","244","97","9.48360655737705","0","0","0","2.0491803278688523","19","4.042016806722689","5","238","137","9.38655462184874","0","0","0","4.621848739495798","19","4.056224899598393","1","249","119","9.582329317269076","0","0","0","5.622489959839357","19","4.038314176245211","2","261","114","9.425287356321839","0","0","0","3.8314176245210727","19","4.032921810699588","1","243","113","9.382716049382717","0","0","0","3.292181069958848","19","4.054474708171206","1","257","165","9.354085603112841","0","0","0","5.447470817120623","19","4.060344827586207","6","232","155","9.387931034482758","0","0","0","6.4655172413793105"
,"20","4.0225225225225225","4","222","104","9.108108108108109","1.8018018018018018","2.7027027027027026","0.9009009009009009","5.405405405405405","20","3.9870689655172415","1","232","70","9.327586206896552","4.310344827586207","2.586206896551724","6.4655172413793105","0","20","4","4","230","102","9.28695652173913","2.1739130434782608","2.1739130434782608","0","2.1739130434782608","20","4.0310077519379846","1","258","114","9.387596899224807","2.3255813953488373","5.426356589147287","4.263565891472868","0.7751937984496124","20","4.03265306122449","5","245","135","9.306122448979592","0","4.489795918367347","2.0408163265306123","2.857142857142857","20","4.041841004184101","2","239","112","9.146443514644352","3.3472803347280333","6.694560669456067","6.694560669456067","0.8368200836820083","20","4.073770491803279","7","244","126","9.352459016393443","4.098360655737705","1.639344262295082","4.508196721311475","6.967213114754099","20","4.027027027027027","2","259","122","9.35907335907336","3.474903474903475","2.7027027027027026","1.9305019305019304","4.633204633204633","20","4.1521739130434785","2","230","112","9.26086956521739","3.0434782608695654","4.3478260869565215","2.608695652173913","6.086956521739131","20","3.969111969111969","3","259","135","9.027027027027026","5.405405405405405","2.7027027027027026","1.9305019305019304","2.7027027027027026","20","4","4","260","141","9.176923076923076","0","0","0","0","20","4","4","251","119","9.362549800796813","0","0","0","0","20","4","1","222","113","9.18918918918919","0","0","0","0","20","4","1","233","126","9.244635193133048","0","0","0","0","20","4","5","244","123","9.188524590163935","0","0","0","0","20","4","5","232","126","9.5","0","0","0","0","20","4","8","242","148","9.198347107438016","0","0","0","0","20","4","1","216","101","9.231481481481481","0","0","0","0","20","4","7","232","133","9.35344827586207","0","0","0","0","20","3.99581589958159","1","239","118","9.405857740585773","0","0","0","0","20","4.0088888888888885","2","225","135","9.448888888888888","0","0","0","0.8888888888888888","20","4.012765957446809","3","235","135","9.565957446808511","0","0","0","1.2765957446808511","20","4","3","232","122","9.517241379310345","0","0","0","0","20","4","4","205","127","9.307317073170731","0","0","0","0","20","4.008333333333334","1","240","104","9.508333333333333","0","0","0","0.8333333333333334","20","4.012605042016807","6","238","111","9.504201680672269","0","0","0","1.2605042016806722","20","4.012820512820513","6","234","131","9.478632478632479","0","0","0","1.2820512820512822","20","4.021186440677966","0","236","100","9.389830508474576","0","0","0","2.1186440677966103","20","4.0078125","2","256","125","9.25","0","0","0","0.78125","20","4.01123595505618","3","267","134","9.198501872659175","0","0","0","1.1235955056179776","20","4.044176706827309","2","249","98","9.485943775100402","0","0","0","4.417670682730924","20","4.028688524590164","3","244","129","9.254098360655737","0","0","0","2.8688524590163933","20","4.046808510638298","4","235","135","9.242553191489362","0","0","0","4.680851063829787","20","4.041152263374485","0","243","97","9.440329218106996","0","0","0","4.11522633744856","20","4.033613445378151","5","238","137","9.38655462184874","0","0","0","3.7815126050420167","20","4.076612903225806","2","248","119","9.540322580645162","0","0","0","7.661290322580645","20","4.019157088122605","2","261","114","9.425287356321839","0","0","0","1.9157088122605364","20","4.02880658436214","1","243","113","9.382716049382717","0","0","0","2.880658436213992","20","4.0627450980392155","2","255","165","9.270588235294118","0","0","0","6.2745098039215685","20","4.034632034632034","6","231","155","9.341991341991342","0","0","0","3.896103896103896"
,"21","4.02262443438914","4","221","104","9.06787330316742","1.8099547511312217","2.7149321266968327","0.9049773755656109","5.429864253393665","21","3.9913793103448274","1","232","70","9.327586206896552","4.310344827586207","2.586206896551724","6.4655172413793105","0","21","4","4","230","102","9.28695652173913","2.1739130434782608","2.1739130434782608","0","2.1739130434782608","21","4.031128404669261","2","257","114","9.354085603112841","2.3346303501945527","5.447470817120623","4.280155642023346","0.7782101167315175","21","4.03265306122449","5","245","135","9.306122448979592","0","4.489795918367347","2.0408163265306123","2.857142857142857","21","4.03781512605042","3","238","112","9.100840336134453","3.361344537815126","6.302521008403361","6.722689075630252","0.8403361344537815","21","4.073770491803279","7","244","126","9.352459016393443","4.098360655737705","1.639344262295082","4.508196721311475","6.967213114754099","21","4.030888030888031","2","259","122","9.35907335907336","3.861003861003861","2.7027027027027026","1.9305019305019304","4.633204633204633","21","4.152838427947598","3","229","112","9.213973799126638","3.056768558951965","4.366812227074236","2.6200873362445414","6.11353711790393","21","3.9575289575289574","3","259","135","9.027027027027026","5.405405405405405","2.3166023166023164","1.5444015444015444","2.3166023166023164","21","4","4","260","141","9.176923076923076","0","0","0","0","21","4","5","250","119","9.32","0","0","0","0","21","4.004504504504505","1","222","113","9.18918918918919","0","0","0","0.45045045045045046","21","4","1","232","126","9.232758620689655","0","0","0","0","21","4","5","244","123","9.188524590163935","0","0","0","0","21","4","5","231","126","9.454545454545455","0","0","0","0","21","4","8","242","148","9.198347107438016","0","0","0","0","21","4","1","216","101","9.231481481481481","0","0","0","0","21","4","7","232","133","9.35344827586207","0","0","0","0","21","4.004201680672269","1","238","118","9.369747899159664","0","0","0","0.42016806722689076","21","4","2","225","135","9.448888888888888","0","0","0","0","21","4","3","233","135","9.476394849785407","0","0","0","0","21","4","3","232","122","9.517241379310345","0","0","0","0","21","4.009756097560976","4","205","127","9.307317073170731","0","0","0","0.975609756097561","21","4.004166666666666","1","240","104","9.508333333333333","0","0","0","0.4166666666666667","21","4.008438818565401","6","237","111","9.459915611814345","0","0","0","0.8438818565400844","21","4.0042918454935625","6","233","131","9.433476394849786","0","0","0","0.4291845493562232","21","4.021186440677966","0","236","100","9.389830508474576","0","0","0","2.1186440677966103","21","4.003921568627451","2","255","125","9.207843137254901","0","0","0","0.39215686274509803","21","4.0187265917602994","3","267","134","9.198501872659175","0","0","0","1.8726591760299625","21","4.028225806451613","2","248","98","9.443548387096774","0","0","0","2.8225806451612905","21","4.016528925619835","3","242","129","9.173553719008265","0","0","0","1.6528925619834711","21","4.0085470085470085","4","234","135","9.196581196581196","0","0","0","0.8547008547008547","21","4.028925619834711","0","242","97","9.396694214876034","0","0","0","2.8925619834710745","21","4.042016806722689","5","238","137","9.38655462184874","0","0","0","4.621848739495798","21","4.040485829959514","3","247","119","9.506072874493928","0","0","0","4.048582995951417","21","4.0344827586206895","2","261","114","9.425287356321839","0","0","0","3.4482758620689653","21","4.037037037037037","1","243","113","9.382716049382717","0","0","0","3.7037037037037037","21","4.059055118110236","3","254","165","9.236220472440944","0","0","0","5.905511811023622","21","4.0476190476190474","6","231","155","9.341991341991342","0","0","0","5.194805194805195"
,"22","4.02262443438914","4","221","122","9.23076923076923","1.8099547511312217","2.7149321266968327","0.9049773755656109","5.429864253393665","22","3.9913793103448274","1","232","78","9.39655172413793","4.310344827586207","2.586206896551724","6.4655172413793105","0","22","4","4","229","121","9.406113537117903","2.183406113537118","2.183406113537118","0","2.183406113537118","22","4.02734375","2","256","124","9.390625","2.34375","5.46875","3.90625","0.78125","22","4.03265306122449","5","245","144","9.379591836734694","0","4.489795918367347","2.0408163265306123","2.857142857142857","22","4.0256410256410255","4","234","128","9.085470085470085","2.9914529914529915","5.982905982905983","6.410256410256411","0.8547008547008547","22","4.074074074074074","7","243","140","9.423868312757202","4.11522633744856","1.646090534979424","4.526748971193416","6.995884773662551","22","4.0310077519379846","2","258","134","9.449612403100776","3.488372093023256","2.7131782945736433","1.937984496124031","4.651162790697675","22","4.155555555555556","4","225","126","9.2","3.111111111111111","4.444444444444445","2.6666666666666665","6.222222222222222","22","3.95703125","4","256","160","9.09375","5.46875","2.34375","1.5625","2.34375","22","4","4","258","155","9.24031007751938","0","0","0","0","22","4","5","249","135","9.46987951807229","0","0","0","0","22","4","1","222","125","9.297297297297296","0","0","0","0","22","4","1","231","145","9.35064935064935","0","0","0","0","22","4","5","243","142","9.300411522633745","0","0","0","0","22","4","5","231","138","9.558441558441558","0","0","0","0","22","4","8","242","164","9.330578512396695","0","0","0","0","22","4","1","216","111","9.324074074074074","0","0","0","0","22","4","7","231","152","9.471861471861471","0","0","0","0","22","4","1","237","128","9.40928270042194","0","0","0","0","22","4.0088888888888885","2","225","139","9.484444444444444","0","0","0","0.8888888888888888","22","4.012931034482759","3","232","146","9.525862068965518","0","0","0","1.293103448275862","22","4","3","232","131","9.594827586206897","0","0","0","0","22","4","4","205","143","9.463414634146341","0","0","0","0","22","4.008333333333334","1","240","108","9.541666666666666","0","0","0","0.8333333333333334","22","4.012711864406779","7","236","121","9.5","0","0","0","1.271186440677966","22","4.008620689655173","6","232","152","9.568965517241379","0","0","0","0.8620689655172413","22","4.012765957446809","0","235","116","9.480851063829787","0","0","0","1.2765957446808511","22","4.007843137254902","2","255","144","9.35686274509804","0","0","0","0.7843137254901961","22","4.011278195488722","3","266","146","9.24812030075188","0","0","0","1.1278195488721805","22","4.032258064516129","2","248","115","9.580645161290322","0","0","0","3.225806451612903","22","4.028925619834711","3","242","147","9.322314049586776","0","0","0","2.8925619834710745","22","4.042735042735043","4","234","152","9.341880341880342","0","0","0","4.273504273504273","22","4.041322314049586","0","242","107","9.479338842975206","0","0","0","4.132231404958677","22","4.042194092827004","6","237","150","9.451476793248945","0","0","0","4.641350210970464","22","4.068825910931174","3","247","130","9.595141700404858","0","0","0","6.882591093117409","22","4.026923076923077","2","260","122","9.446153846153846","0","0","0","2.6923076923076925","22","4.020661157024794","1","242","119","9.388429752066116","0","0","0","2.0661157024793386","22","4.05511811023622","3","254","190","9.433070866141732","0","0","0","5.511811023622047","22","4.0476190476190474","6","231","164","9.41991341991342","0","0","0","5.194805194805195"
,"23","4.02262443438914","4","221","122","9.23076923076923","1.8099547511312217","2.7149321266968327","0.9049773755656109","5.429864253393665","23","3.9913793103448274","1","232","78","9.39655172413793","4.310344827586207","2.586206896551724","6.4655172413793105","0","23","4","4","229","121","9.406113537117903","2.183406113537118","2.183406113537118","0","2.183406113537118","23","4.03125","2","256","124","9.390625","2.34375","5.46875","3.90625","0.78125","23","4.028688524590164","5","244","144","9.336065573770492","0","4.508196721311475","2.0491803278688523","2.459016393442623","23","4.021459227467811","4","233","128","9.03862660944206","3.004291845493562","6.008583690987124","5.579399141630901","0.8583690987124464","23","4.078189300411522","7","243","140","9.423868312757202","4.11522633744856","2.05761316872428","4.526748971193416","6.995884773662551","23","4.038910505836576","2","257","134","9.408560311284047","3.8910505836575875","2.7237354085603114","1.9455252918287937","4.669260700389105","23","4.15625","4","224","126","9.151785714285714","3.125","4.464285714285714","2.6785714285714284","6.25","23","3.964426877470356","5","253","160","8.980237154150197","6.324110671936759","2.3715415019762847","1.5810276679841897","2.3715415019762847","23","4","4","258","155","9.24031007751938","0","0","0","0","23","4","5","249","135","9.46987951807229","0","0","0","0","23","4.004524886877828","2","221","125","9.248868778280542","0","0","0","0.45248868778280543","23","4","1","231","145","9.35064935064935","0","0","0","0","23","4","5","243","142","9.300411522633745","0","0","0","0","23","4","5","231","138","9.558441558441558","0","0","0","0","23","4","8","242","164","9.330578512396695","0","0","0","0","23","4","1","215","111","9.274418604651164","0","0","0","0","23","4","7","230","152","9.460869565217392","0","0","0","0","23","4.0042194092827","1","237","128","9.40928270042194","0","0","0","0.4219409282700422","23","4","2","224","139","9.4375","0","0","0","0","23","4","3","232","146","9.525862068965518","0","0","0","0","23","4","3","232","131","9.594827586206897","0","0","0","0","23","4.009756097560976","4","205","143","9.463414634146341","0","0","0","0.975609756097561","23","4.004166666666666","1","240","108","9.541666666666666","0","0","0","0.4166666666666667","23","4.004255319148936","7","235","121","9.45531914893617","0","0","0","0.425531914893617","23","4","6","232","152","9.568965517241379","0","0","0","0","23","4.021367521367521","0","234","116","9.504273504273504","0","0","0","2.1367521367521367","23","4.003937007874016","2","254","144","9.31496062992126","0","0","0","0.3937007874015748","23","4.018939393939394","3","264","146","9.166666666666666","0","0","0","1.893939393939394","23","4.0242914979757085","3","247","115","9.538461538461538","0","0","0","2.42914979757085","23","4.016597510373444","3","241","147","9.278008298755188","0","0","0","1.6597510373443984","23","4.008583690987124","5","233","152","9.296137339055795","0","0","0","0.8583690987124464","23","4.04149377593361","0","241","107","9.435684647302905","0","0","0","4.149377593360996","23","4.038135593220339","7","236","150","9.40677966101695","0","0","0","4.237288135593221","23","4.052631578947368","3","247","130","9.595141700404858","0","0","0","5.2631578947368425","23","4.0347490347490345","3","259","122","9.405405405405405","0","0","0","3.474903474903475","23","4.03765690376569","2","239","119","9.255230125523013","0","0","0","3.7656903765690375","23","4.059288537549407","3","253","190","9.399209486166008","0","0","0","5.928853754940712","23","4.034782608695652","6","230","164","9.373913043478261","0","0","0","3.9130434782608696"
,"24","4.02262443438914","4","221","122","9.23076923076923","1.8099547511312217","2.7149321266968327","0.9049773755656109","5.429864253393665","24","3.9913419913419914","2","231","78","9.35064935064935","4.329004329004329","2.5974025974025974","6.4935064935064934","0","24","4","4","228","121","9.359649122807017","2.192982456140351","2.192982456140351","0","2.192982456140351","24","4.0236220472440944","3","254","124","9.307086614173228","2.3622047244094486","5.118110236220472","3.937007874015748","0.7874015748031497","24","4.0246913580246915","5","243","144","9.292181069958847","0","4.526748971193416","2.05761316872428","2.05761316872428","24","4.021459227467811","4","233","128","9.03862660944206","3.004291845493562","6.008583690987124","5.579399141630901","0.8583690987124464","24","4.074074074074074","7","243","140","9.423868312757202","4.11522633744856","1.646090534979424","4.526748971193416","6.995884773662551","24","4.031372549019608","3","255","134","9.325490196078432","3.5294117647058822","2.7450980392156863","1.9607843137254901","4.705882352941177","24","4.15695067264574","4","223","126","9.103139013452914","3.1390134529147984","4.484304932735426","2.690582959641256","6.278026905829597","24","3.964426877470356","5","253","160","8.980237154150197","6.324110671936759","2.3715415019762847","1.5810276679841897","2.3715415019762847","24","4","4","258","155","9.24031007751938","0","0","0","0","24","4","5","249","135","9.46987951807229","0","0","0","0","24","4","2","221","125","9.248868778280542","0","0","0","0","24","4","1","231","145","9.35064935064935","0","0","0","0","24","4","5","242","142","9.256198347107437","0","0","0","0","24","4","6","229","138","9.467248908296943","0","0","0","0","24","4","8","241","164","9.360995850622407","0","0","0","0","24","4","1","214","111","9.22429906542056","0","0","0","0","24","4","8","228","152","9.37719298245614","0","0","0","0","24","4","1","237","128","9.40928270042194","0","0","0","0","24","4.004464285714286","2","224","139","9.4375","0","0","0","0.44642857142857145","24","4.012931034482759","3","232","146","9.525862068965518","0","0","0","1.293103448275862","24","4","3","232","131","9.594827586206897","0","0","0","0","24","4","4","204","143","9.411764705882353","0","0","0","0","24","4.008403361344538","1","238","108","9.521008403361344","0","0","0","0.8403361344537815","24","4.012820512820513","7","234","121","9.41025641025641","0","0","0","1.2820512820512822","24","4.008620689655173","6","232","152","9.568965517241379","0","0","0","0.8620689655172413","24","4.017167381974249","0","233","116","9.459227467811159","0","0","0","1.7167381974248928","24","4.0078740157480315","2","254","144","9.31496062992126","0","0","0","0.7874015748031497","24","4.011406844106464","4","263","146","9.133079847908744","0","0","0","1.1406844106463878","24","4.02834008097166","3","247","115","9.538461538461538","0","0","0","2.834008097165992","24","4.033613445378151","4","238","147","9.159663865546218","0","0","0","3.361344537815126","24","4.034334763948498","5","233","152","9.296137339055795","0","0","0","3.4334763948497855","24","4.045833333333333","1","240","107","9.391666666666667","0","0","0","4.583333333333333","24","4.042735042735043","8","234","150","9.35897435897436","0","0","0","4.700854700854701","24","4.068825910931174","3","247","130","9.595141700404858","0","0","0","6.882591093117409","24","4.030888030888031","3","259","122","9.405405405405405","0","0","0","3.088803088803089","24","4.025210084033613","2","238","119","9.210084033613445","0","0","0","2.5210084033613445","24","4.051792828685259","4","251","190","9.314741035856574","0","0","0","5.179282868525896","24","4.047826086956522","6","230","164","9.373913043478261","0","0","0","5.217391304347826"
,"25","3.735294117647059","4","238","139","9.210084033613445","2.9411764705882355","5.882352941176471","2.5210084033613445","7.983193277310924","25","3.688","2","250","85","9.12","7.6","5.2","8.8","2.4","25","3.799163179916318","4","239","137","9.422594142259415","4.184100418410042","4.184100418410042","0.8368200836820083","3.3472803347280333","25","3.774907749077491","3","271","132","9.188191881918819","4.428044280442805","5.904059040590406","4.428044280442805","2.952029520295203","25","3.732824427480916","5","262","152","9.251908396946565","3.053435114503817","6.106870229007634","3.435114503816794","4.580152671755725","25","3.5763358778625953","4","262","146","8.992366412213741","5.7251908396946565","9.16030534351145","7.633587786259542","4.198473282442748","25","3.8671875","7","256","146","9.375","6.640625","3.125","6.640625","8.59375","25","3.814814814814815","3","270","147","9.222222222222221","5.555555555555555","4.814814814814815","3.3333333333333335","6.666666666666667","25","3.8464730290456433","4","241","156","9.236514522821576","5.394190871369295","6.224066390041494","5.394190871369295","8.71369294605809","25","3.7849056603773583","5","265","189","9.335849056603774","8.30188679245283","4.150943396226415","3.3962264150943398","3.3962264150943398","25","3.712230215827338","4","278","169","9.151079136690647","2.158273381294964","2.5179856115107913","2.158273381294964","2.5179856115107913","25","3.8053435114503817","5","262","140","9.351145038167939","1.9083969465648856","1.1450381679389312","0.7633587786259542","1.9083969465648856","25","3.6848739495798317","3","238","139","9.117647058823529","2.5210084033613445","2.5210084033613445","3.7815126050420167","2.9411764705882355","25","3.8181818181818183","1","242","159","9.289256198347108","2.8925619834710745","1.2396694214876034","2.479338842975207","2.479338842975207","25","3.707692307692308","5","260","162","9.284615384615385","1.9230769230769231","1.1538461538461537","2.3076923076923075","3.076923076923077","25","3.7540983606557377","6","244","149","9.336065573770492","2.0491803278688523","1.639344262295082","2.0491803278688523","2.8688524590163933","25","3.6615384615384614","9","260","176","9.153846153846153","3.4615384615384617","3.8461538461538463","2.3076923076923075","2.3076923076923075","25","3.7205240174672487","1","229","124","9.248908296943231","1.7467248908296944","2.183406113537118","2.6200873362445414","2.183406113537118","25","3.5764705882352943","8","255","171","9.2","2.3529411764705883","3.1372549019607843","2.3529411764705883","3.5294117647058822","25","3.8266129032258065","1","248","134","9.370967741935484","1.6129032258064515","1.2096774193548387","1.6129032258064515","1.2096774193548387","25","3.8995633187772927","3","229","145","9.475982532751091","1.3100436681222707","0.4366812227074236","0.4366812227074236","1.7467248908296944","25","3.7918367346938777","3","245","154","9.314285714285715","1.6326530612244898","1.6326530612244898","2.857142857142857","1.2244897959183674","25","3.802469135802469","4","243","140","9.39917695473251","2.05761316872428","0.823045267489712","1.2345679012345678","1.2345679012345678","25","3.7058823529411766","4","221","150","9.18552036199095","3.167420814479638","2.262443438914027","2.7149321266968327","4.524886877828054","25","3.751968503937008","1","254","113","9.275590551181102","1.968503937007874","0.7874015748031497","2.3622047244094486","1.5748031496062993","25","3.785425101214575","7","247","137","9.295546558704453","1.6194331983805668","2.0242914979757085","2.0242914979757085","2.0242914979757085","25","3.5555555555555554","6","261","163","9.157088122605364","4.21455938697318","5.747126436781609","3.4482758620689653","3.8314176245210727","25","3.7732793522267207","0","247","131","9.295546558704453","3.2388663967611335","2.0242914979757085","1.6194331983805668","3.6437246963562755","25","3.652329749103943","2","279","157","9.125448028673835","3.5842293906810037","2.150537634408602","2.867383512544803","2.867383512544803","25","3.617241379310345","4","290","160","9.193103448275862","3.103448275862069","2.413793103448276","3.793103448275862","5.517241379310345","25","3.6568265682656826","4","271","125","9.210332103321033","3.321033210332103","4.428044280442805","2.2140221402214024","5.166051660516605","25","3.7874015748031495","4","254","165","9.204724409448819","2.3622047244094486","1.5748031496062993","1.5748031496062993","6.299212598425197","25","3.751004016064257","5","249","165","9.269076305220883","2.4096385542168677","1.2048192771084338","2.8112449799196786","2.8112449799196786","25","3.585185185185185","1","270","119","9.074074074074074","2.2222222222222223","4.074074074074074","3.7037037037037037","8.148148148148149","25","3.791164658634538","8","249","160","9.17269076305221","2.4096385542168677","0.8032128514056225","1.606425702811245","6.827309236947791","25","3.736842105263158","4","266","136","9.263157894736842","3.007518796992481","2.255639097744361","2.6315789473684212","8.270676691729323","25","3.7240143369175627","3","279","134","9.232974910394265","1.075268817204301","2.150537634408602","2.867383512544803","4.659498207885305","25","3.665399239543726","2","263","142","9.087452471482889","4.182509505703422","4.562737642585551","3.4220532319391634","8.365019011406844","25","3.6546762589928057","5","278","203","9.143884892086332","4.316546762589928","3.237410071942446","2.8776978417266186","8.273381294964029","25","3.807377049180328","7","244","175","9.270491803278688","1.639344262295082","0.4098360655737705","1.2295081967213115","7.786885245901639"
,"26","4","4","238","139","9.210084033613445","2.5210084033613445","3.361344537815126","1.680672268907563","5.882352941176471","26","3.9798387096774195","3","248","85","9.07258064516129","2.4193548387096775","2.8225806451612905","5.241935483870968","0.4032258064516129","26","3.9707112970711296","4","239","137","9.422594142259415","1.2552301255230125","2.928870292887029","0","2.092050209205021","26","3.9814814814814814","3","270","132","9.155555555555555","2.962962962962963","4.814814814814815","3.7037037037037037","1.8518518518518519","26","4.015444015444015","6","259","152","9.127413127413128","0","3.474903474903475","1.9305019305019304","1.9305019305019304","26","4.0038167938931295","4","262","146","8.992366412213741","3.816793893129771","7.633587786259542","3.053435114503817","1.5267175572519085","26","4.113725490196078","8","255","146","9.333333333333334","3.9215686274509802","2.3529411764705883","4.313725490196078","7.450980392156863","26","4.018656716417911","4","268","147","9.14179104477612","3.7313432835820897","2.611940298507463","1.8656716417910448","4.850746268656716","26","4.145228215767635","4","241","156","9.236514522821576","2.4896265560165975","5.809128630705394","3.319502074688797","6.639004149377594","26","3.9696969696969697","5","264","189","9.295454545454545","6.4393939393939394","2.6515151515151514","1.5151515151515151","2.272727272727273","26","3.985611510791367","4","278","169","9.151079136690647","0.3597122302158273","0","0","0","26","3.984732824427481","5","262","140","9.351145038167939","0","0","0","0","26","3.9957805907172994","3","237","139","9.071729957805907","0","0.4219409282700422","0","0","26","4.0041322314049586","1","242","159","9.289256198347108","0.4132231404958678","0","0","0","26","4","5","259","162","9.243243243243244","0","0","0","0","26","4.004115226337449","6","243","149","9.292181069958847","0","0","0.411522633744856","0","26","3.9922779922779923","10","259","176","9.111969111969112","0","0","0","0","26","4.004385964912281","2","228","124","9.201754385964913","0.43859649122807015","0","0.43859649122807015","0","26","4","8","255","171","9.2","0","0.39215686274509803","0.7843137254901961","0","26","3.995967741935484","1","248","134","9.370967741935484","0","0.4032258064516129","0","0","26","4.004405286343612","3","227","145","9.383259911894273","0","0","0","0.44052863436123346","26","4.020576131687243","4","243","154","9.22633744855967","0","0","0.823045267489712","1.2345679012345678","26","3.9917355371900825","4","242","140","9.355371900826446","0","0","0","0","26","4","4","221","150","9.18552036199095","0","0","0","0.9049773755656109","26","4.003968253968254","1","252","113","9.19047619047619","0","0","0.3968253968253968","0.7936507936507936","26","4.012145748987854","7","247","137","9.295546558704453","0","0","0","1.214574898785425","26","4.007692307692308","7","260","163","9.115384615384615","0","0","0","0.7692307692307693","26","4.024590163934426","0","244","131","9.163934426229508","0.819672131147541","0","0","1.639344262295082","26","4.003597122302159","3","278","157","9.086330935251798","0","0","0.3597122302158273","1.079136690647482","26","4.003472222222222","4","288","160","9.118055555555555","0","0","0","1.3888888888888888","26","4.029520295202952","4","271","125","9.210332103321033","0","0","0","3.321033210332103","26","4.0355731225296445","4","253","165","9.162055335968379","0","0","0","3.952569169960474","26","4.048192771084337","5","249","165","9.269076305220883","0","0","0","5.622489959839357","26","4.037313432835821","2","268","119","8.992537313432836","0","0","0.373134328358209","4.104477611940299","26","4.036290322580645","8","248","160","9.129032258064516","0","0","0","4.435483870967742","26","4.056390977443609","4","266","136","9.263157894736842","0","0","0","6.015037593984962","26","4.025270758122744","4","277","134","9.155234657039712","0","0","0","2.527075812274368","26","4.0494296577946765","2","263","142","9.087452471482889","0.38022813688212925","0","1.1406844106463878","3.4220532319391634","26","4.0503597122302155","5","278","203","9.143884892086332","0","0.3597122302158273","0","5.0359712230215825","26","4.045454545454546","7","242","175","9.181818181818182","0","0","0","5.371900826446281"
,"27","4.012658227848101","4","237","139","9.164556962025317","2.5316455696202533","3.7974683544303796","1.6877637130801688","5.9071729957805905","27","3.983805668016194","4","247","85","9.02834008097166","2.42914979757085","2.42914979757085","5.668016194331984","0","27","3.9665271966527196","4","239","137","9.422594142259415","0.8368200836820083","2.510460251046025","0","2.092050209205021","27","3.970260223048327","3","269","132","9.115241635687733","2.973977695167286","4.83271375464684","3.717472118959108","1.486988847583643","27","4.023166023166024","6","259","152","9.127413127413128","0","3.474903474903475","1.9305019305019304","1.9305019305019304","27","4.0038167938931295","4","262","146","8.992366412213741","4.198473282442748","7.251908396946565","3.053435114503817","1.1450381679389312","27","4.109803921568627","8","255","146","9.333333333333334","3.9215686274509802","2.3529411764705883","4.313725490196078","7.0588235294117645","27","4.01123595505618","4","267","147","9.101123595505618","2.9962546816479403","2.6217228464419478","1.8726591760299625","4.868913857677903","27","4.161825726141079","4","241","156","9.236514522821576","2.904564315352697","5.809128630705394","3.319502074688797","7.053941908713693","27","3.958174904942966","5","263","189","9.269961977186313","6.083650190114068","2.661596958174905","1.520912547528517","2.2813688212927756","27","4.003623188405797","4","276","169","9.079710144927537","0.36231884057971014","0","0","0","27","4.0038167938931295","5","262","140","9.351145038167939","0","0","0","0.3816793893129771","27","4.0042194092827","3","237","139","9.071729957805907","0","0","0","0.4219409282700422","27","4.008264462809917","1","242","159","9.289256198347108","0.8264462809917356","0","0","0","27","4","5","258","162","9.2015503875969","0","0","0","0","27","4","6","243","149","9.292181069958847","0","0","0","0","27","4","10","258","176","9.077519379844961","0","0","0","0","27","4","2","228","124","9.201754385964913","0","0","0","0","27","4","9","252","171","9.15079365079365","0","0.3968253968253968","0","0","27","3.995967741935484","1","248","134","9.370967741935484","0","0","0","0.4032258064516129","27","4.004464285714286","3","224","145","9.258928571428571","0","0","0","0.44642857142857145","27","4.008230452674897","4","243","154","9.22633744855967","0","0","0.411522633744856","0.411522633744856","27","4.008298755186722","4","241","140","9.360995850622407","0","0","0","0.8298755186721992","27","4.009090909090909","4","220","150","9.136363636363637","0","0","0","1.3636363636363635","27","4.00398406374502","1","251","113","9.147410358565738","0","0","0","0.398406374501992","27","4.004098360655738","10","244","137","9.172131147540984","0","0","0","0.4098360655737705","27","4.003875968992248","9","258","163","9.031007751937985","0","0","0","0.3875968992248062","27","4.008230452674897","0","243","131","9.127572016460906","0","0","0","0.823045267489712","27","4.010791366906475","3","278","157","9.086330935251798","0","0","0","1.079136690647482","27","4.010452961672474","4","287","160","9.0801393728223","0","0","0","1.7421602787456445","27","4.022140221402214","4","271","125","9.210332103321033","0","0","0","2.2140221402214024","27","4.047430830039525","4","253","165","9.162055335968379","0","0","0","4.743083003952569","27","4.004016064257028","5","249","165","9.269076305220883","0","0","0","0.40160642570281124","27","4.037593984962406","2","266","119","8.917293233082706","0","0","0.37593984962406013","3.3834586466165413","27","4.044897959183674","9","245","160","9.004081632653062","0","0","0","5.3061224489795915","27","4.06390977443609","4","266","136","9.263157894736842","0","0","0","6.390977443609023","27","4.03971119133574","4","277","134","9.155234657039712","0","0","0","3.9711191335740073","27","4.061068702290076","2","262","142","9.091603053435115","0","0","0.7633587786259542","5.343511450381679","27","4.046762589928058","5","278","203","9.143884892086332","0","0","0","5.0359712230215825","27","4.049586776859504","7","242","175","9.181818181818182","0","0","0","5.371900826446281"
,"28","4.012711864406779","5","236","148","9.194915254237289","2.542372881355932","3.389830508474576","1.694915254237288","5.932203389830509","28","3.983673469387755","4","245","95","9.020408163265307","2.4489795918367347","2.4489795918367347","4.8979591836734695","0","28","3.9662447257383966","5","237","143","9.39240506329114","0.8438818565400844","2.5316455696202533","0","2.109704641350211","28","3.9813432835820897","3","268","147","9.186567164179104","2.985074626865672","4.850746268656716","3.7313432835820897","1.8656716417910448","28","4.023255813953488","6","258","172","9.24031007751938","0","3.488372093023256","1.937984496124031","1.937984496124031","28","4.003831417624521","4","261","168","9.118773946360154","4.21455938697318","7.2796934865900385","3.0651340996168583","1.1494252873563218","28","4.109803921568627","8","255","157","9.419607843137255","3.9215686274509802","2.3529411764705883","4.313725490196078","7.0588235294117645","28","4.01123595505618","4","267","161","9.205992509363297","3.3707865168539324","2.247191011235955","1.8726591760299625","4.868913857677903","28","4.154811715481172","5","239","165","9.221757322175732","2.928870292887029","5.857740585774058","3.3472803347280333","6.2761506276150625","28","3.9578544061302683","6","261","199","9.264367816091953","6.130268199233717","2.681992337164751","1.5325670498084292","2.2988505747126435","28","4.003636363636364","4","275","177","9.098181818181818","0.36363636363636365","0","0","0","28","4","5","261","146","9.35632183908046","0","0","0","0","28","4","3","237","146","9.130801687763713","0","0","0","0","28","4","1","242","168","9.363636363636363","0","0","0","0","28","4","6","255","177","9.2","0","0","0","0","28","4","7","241","160","9.294605809128631","0","0","0","0","28","4","10","258","188","9.170542635658915","0","0","0","0","28","4","3","226","138","9.230088495575222","0","0","0","0","28","4.003968253968254","9","252","184","9.253968253968255","0","0.3968253968253968","0","0","28","4","1","245","138","9.306122448979592","0","0","0","0","28","4.004484304932736","3","223","158","9.327354260089686","0","0","0","0.4484304932735426","28","4.012345679012346","4","243","164","9.308641975308642","0","0","0","1.2345679012345678","28","4.004201680672269","4","238","143","9.252100840336135","0","0","0","0.42016806722689076","28","3.9954545454545456","4","220","160","9.227272727272727","0","0","0","0","28","4.008","1","250","130","9.24","0","0","0","0.8","28","4.016393442622951","10","244","150","9.278688524590164","0","0","0","1.639344262295082","28","4.011673151750973","10","257","178","9.105058365758754","0","0","0","1.1673151750972763","28","4.016528925619835","0","242","143","9.181818181818182","0","0","0","1.6528925619834711","28","4.0071942446043165","3","278","169","9.172661870503598","0","0","0","0.7194244604316546","28","4.010526315789473","4","285","187","9.228070175438596","0","0","0","1.7543859649122806","28","4.044776119402985","5","268","132","9.194029850746269","0","0","0","4.477611940298507","28","4.051792828685259","6","251","178","9.179282868525897","0","0","0","5.179282868525896","28","4.0528455284552845","5","246","173","9.211382113821138","0","0","0","5.284552845528455","28","4.033962264150944","3","265","145","9.071698113207548","0","0","0","3.3962264150943398","28","4.040816326530612","9","245","179","9.159183673469387","0","0","0","4.489795918367347","28","4.060377358490566","5","265","142","9.267924528301887","0","0","0","6.037735849056604","28","4.029090909090909","6","275","145","9.163636363636364","0","0","0","2.909090909090909","28","4.034351145038168","2","262","153","9.17557251908397","0","0","0","3.435114503816794","28","4.0577617328519855","5","277","211","9.16245487364621","0","0","0","5.776173285198556","28","4.053941908713693","7","241","188","9.253112033195022","0","0","0","5.809128630705394"
,"29","4.012711864406779","5","236","148","9.194915254237289","2.9661016949152543","3.389830508474576","1.694915254237288","5.932203389830509","29","3.9959016393442623","5","244","95","8.975409836065573","2.459016393442623","2.0491803278688523","5.327868852459017","0","29","3.9661016949152543","5","236","143","9.347457627118644","0.847457627118644","2.542372881355932","0","2.1186440677966103","29","3.977272727272727","4","264","147","9.106060606060606","3.0303030303030303","4.924242424242424","3.787878787878788","1.893939393939394","29","4.023255813953488","6","258","172","9.24031007751938","0","3.488372093023256","1.937984496124031","1.937984496124031","29","4.007692307692308","4","260","168","9.076923076923077","4.230769230769231","7.3076923076923075","3.076923076923077","1.1538461538461537","29","4.111111111111111","8","252","157","9.333333333333334","3.9682539682539684","2.380952380952381","4.365079365079365","7.142857142857143","29","4.007518796992481","4","266","161","9.165413533834586","3.007518796992481","2.255639097744361","1.8796992481203008","4.887218045112782","29","4.159663865546219","5","238","165","9.176470588235293","2.9411764705882355","5.46218487394958","3.361344537815126","6.722689075630252","29","3.9578544061302683","6","261","199","9.264367816091953","6.130268199233717","2.681992337164751","1.5325670498084292","2.2988505747126435","29","4.003636363636364","4","275","177","9.098181818181818","0.36363636363636365","0","0","0","29","4.003831417624521","5","261","146","9.35632183908046","0","0","0","0.3831417624521073","29","4.004255319148936","3","235","146","9.038297872340426","0","0","0","0.425531914893617","29","4","1","242","168","9.363636363636363","0","0","0","0","29","4","6","255","177","9.2","0","0","0","0","29","4","9","239","160","9.205020920502092","0","0","0","0","29","4","11","257","188","9.1284046692607","0","0","0","0","29","4","3","226","138","9.230088495575222","0","0","0","0","29","4","9","252","184","9.253968253968255","0","0","0","0","29","4.004081632653061","1","245","138","9.306122448979592","0","0","0","0.40816326530612246","29","4.004484304932736","3","223","158","9.327354260089686","0","0","0","0.4484304932735426","29","4.0041322314049586","5","242","164","9.264462809917354","0","0","0","0.4132231404958678","29","4.008438818565401","5","237","143","9.20675105485232","0","0","0","0.8438818565400844","29","4.009090909090909","4","220","160","9.227272727272727","0","0","0","1.3636363636363635","29","4.004","1","250","130","9.24","0","0","0","0.4","29","4.008264462809917","10","242","150","9.190082644628099","0","0","0","0.8264462809917356","29","4.003921568627451","10","255","178","9.027450980392157","0","0","0","0.39215686274509803","29","4.008264462809917","0","242","143","9.181818181818182","0","0","0","0.8264462809917356","29","4.007246376811594","3","276","169","9.101449275362318","0","0","0","0.7246376811594203","29","4.017605633802817","4","284","187","9.19718309859155","0","0","0","1.7605633802816902","29","4.026119402985074","5","268","132","9.194029850746269","0","0","0","2.611940298507463","29","4.047808764940239","6","251","178","9.179282868525897","0","0","0","4.780876494023905","29","4.004098360655738","6","244","173","9.12295081967213","0","0","0","0.4098360655737705","29","4.026415094339622","3","265","145","9.071698113207548","0","0","0","2.641509433962264","29","4.057142857142857","9","245","179","9.159183673469387","0","0","0","6.122448979591836","29","4.049242424242424","5","264","142","9.25","0","0","0","4.924242424242424","29","4.029197080291971","7","274","145","9.124087591240876","0","0","0","2.9197080291970803","29","4.046153846153846","4","260","153","9.092307692307692","0","0","0","4.615384615384615","29","4.0398550724637685","5","276","211","9.123188405797102","0","0","0","3.9855072463768115","29","4.049792531120332","7","241","188","9.253112033195022","0","0","0","5.394190871369295"
,"30","4.012765957446809","6","235","148","9.148936170212766","2.5531914893617023","3.404255319148936","1.702127659574468","5.957446808510638","30","4.004149377593361","7","241","95","8.838174273858922","2.4896265560165975","1.6597510373443984","6.224066390041494","0","30","3.9659574468085106","6","235","143","9.302127659574468","0.851063829787234","2.5531914893617023","0","2.127659574468085","30","3.9809885931558937","5","263","147","9.064638783269961","3.041825095057034","4.942965779467681","3.802281368821293","1.9011406844106464","30","4.023255813953488","6","258","172","9.24031007751938","0","3.488372093023256","1.937984496124031","1.937984496124031","30","4.003846153846154","4","260","168","9.076923076923077","4.615384615384615","6.923076923076923","3.076923076923077","1.1538461538461537","30","4.111553784860558","9","251","157","9.290836653386455","3.9840637450199203","2.3904382470119523","4.382470119521912","7.171314741035856","30","4.015151515151516","4","264","161","9.083333333333334","3.409090909090909","2.6515151515151514","1.893939393939394","4.924242424242424","30","4.15546218487395","5","238","165","9.176470588235293","2.9411764705882355","5.46218487394958","3.361344537815126","6.302521008403361","30","3.957692307692308","6","260","199","9.223076923076922","6.153846153846154","2.6923076923076925","1.5384615384615385","2.3076923076923075","30","4.003636363636364","4","275","177","9.098181818181818","0.36363636363636365","0","0","0","30","4","5","260","146","9.315384615384616","0","0","0","0","30","4","3","234","146","8.991452991452991","0","0","0","0","30","4","1","242","168","9.363636363636363","0","0","0","0","30","4","6","254","177","9.173228346456693","0","0","0","0","30","4","9","239","160","9.205020920502092","0","0","0","0","30","4","12","256","188","9.0859375","0","0","0","0","30","4","3","226","138","9.230088495575222","0","0","0","0","30","4","9","251","184","9.211155378486056","0","0","0","0","30","4","1","245","138","9.306122448979592","0","0","0","0","30","4.004504504504505","3","222","158","9.288288288288289","0","0","0","0.45045045045045046","30","4.012396694214876","5","242","164","9.264462809917354","0","0","0","1.2396694214876034","30","4.004237288135593","6","236","143","9.161016949152541","0","0","0","0.423728813559322","30","4","4","219","160","9.232876712328768","0","0","0","0","30","4.008","1","250","130","9.24","0","0","0","0.8","30","4.01673640167364","11","239","150","9.05439330543933","0","0","0","1.6736401673640167","30","4.011764705882353","10","255","178","9.027450980392157","0","0","0","1.1764705882352942","30","4.020746887966805","1","241","143","9.136929460580912","0","0","0","2.074688796680498","30","4.007272727272727","3","275","169","9.061818181818182","0","0","0","0.7272727272727273","30","4.014285714285714","5","280","187","9.05","0","0","0","1.4285714285714286","30","4.056390977443609","7","266","132","9.1203007518797","0","0","0","5.639097744360902","30","4.047808764940239","6","251","178","9.179282868525897","0","0","0","4.780876494023905","30","4.05327868852459","6","244","173","9.12295081967213","0","0","0","5.327868852459017","30","4.0452830188679245","3","265","145","9.071698113207548","0","0","0","4.528301886792453","30","4.03265306122449","9","245","179","9.159183673469387","0","0","0","3.673469387755102","30","4.0606060606060606","5","264","142","9.25","0","0","0","6.0606060606060606","30","4.0256410256410255","7","273","145","9.084249084249084","0","0","0","2.5641025641025643","30","4.015384615384615","4","260","153","9.092307692307692","0","0","0","1.5384615384615385","30","4.058181818181819","5","275","211","9.090909090909092","0","0","0","5.818181818181818","30","4.042016806722689","8","238","188","9.168067226890756","0","0","0","4.621848739495798"
,"31","4.008510638297873","6","235","155","9.208510638297872","2.5531914893617023","3.404255319148936","1.702127659574468","5.957446808510638","31","4.004201680672269","7","238","126","8.957983193277311","2.5210084033613445","1.680672268907563","6.302521008403361","0","31","3.9659574468085106","6","235","161","9.45531914893617","0.851063829787234","2.5531914893617023","0","2.127659574468085","31","3.9771863117870723","5","263","160","9.163498098859316","3.041825095057034","4.942965779467681","3.802281368821293","1.9011406844106464","31","4.023346303501945","6","257","190","9.346303501945526","0","3.501945525291829","1.9455252918287937","1.9455252918287937","31","4.007722007722008","4","259","183","9.150579150579151","4.633204633204633","6.94980694980695","3.088803088803089","1.1583011583011582","31","4.111553784860558","9","251","171","9.402390438247012","3.9840637450199203","2.3904382470119523","4.382470119521912","7.171314741035856","31","4","5","261","175","9.0727969348659","3.0651340996168583","1.9157088122605364","1.9157088122605364","4.597701149425287","31","4.156118143459915","6","237","184","9.291139240506329","2.9535864978902953","5.485232067510548","3.3755274261603376","6.329113924050633","31","3.957692307692308","6","260","220","9.384615384615385","6.153846153846154","2.6923076923076925","1.5384615384615385","2.3076923076923075","31","4","4","275","191","9.2","0","0","0","0","31","4.003875968992248","5","258","159","9.34108527131783","0","0","0","0.3875968992248062","31","4.0042918454935625","3","233","164","9.098712446351932","0","0","0","0.4291845493562232","31","4","1","242","171","9.388429752066116","0","0","0","0","31","4","6","253","198","9.296442687747035","0","0","0","0","31","4","9","238","176","9.294117647058824","0","0","0","0","31","4","12","255","203","9.207843137254901","0","0","0","0","31","4","3","226","154","9.371681415929203","0","0","0","0","31","4","9","251","193","9.282868525896415","0","0","0","0","31","4.004098360655738","2","244","154","9.39344262295082","0","0","0","0.4098360655737705","31","4","3","220","175","9.345454545454546","0","0","0","0","31","4","5","241","172","9.28630705394191","0","0","0","0","31","4.0085470085470085","8","234","160","9.213675213675213","0","0","0","0.8547008547008547","31","4.013698630136986","4","219","169","9.315068493150685","0","0","0","1.36986301369863","31","4.004032258064516","2","248","144","9.274193548387096","0","0","0","0.4032258064516129","31","4.00836820083682","11","239","181","9.313807531380753","0","0","0","0.8368200836820083","31","4.007843137254902","10","255","196","9.168627450980392","0","0","0","0.7843137254901961","31","4.0125","2","240","165","9.275","0","0","0","1.25","31","4.007326007326007","4","273","189","9.128205128205128","0","0","0","0.7326007326007326","31","4.010791366906475","5","278","211","9.16546762589928","0","0","0","1.079136690647482","31","4.018939393939394","7","264","150","9.181818181818182","0","0","0","1.893939393939394","31","4.048","6","250","193","9.256","0","0","0","4.8","31","4.008196721311475","6","244","194","9.295081967213115","0","0","0","0.819672131147541","31","4.011363636363637","3","264","167","9.196969696969697","0","0","0","1.1363636363636365","31","4.053719008264463","10","242","192","9.206611570247935","0","0","0","5.785123966942149","31","4.041984732824427","7","262","151","9.244274809160306","0","0","0","4.198473282442748","31","4.0366300366300365","7","273","174","9.296703296703297","0","0","0","3.663003663003663","31","4.061538461538461","4","260","167","9.2","0","0","0","6.153846153846154","31","4.043956043956044","6","273","230","9.15018315018315","0","0","0","4.395604395604396","31","4.046413502109704","8","237","202","9.282700421940929","0","0","0","5.063291139240507"
,"32","4.012820512820513","7","234","155","9.17094017094017","2.5641025641025643","3.4188034188034186","1.7094017094017093","5.982905982905983","32","4.0042194092827","7","237","126","8.91139240506329","2.5316455696202533","1.6877637130801688","6.329113924050633","0","32","3.9659574468085106","6","235","161","9.45531914893617","0.851063829787234","2.5531914893617023","0","2.127659574468085","32","3.984732824427481","5","262","160","9.122137404580153","3.053435114503817","4.961832061068702","3.816793893129771","1.9083969465648856","32","4.023529411764706","8","255","190","9.27843137254902","0","3.5294117647058822","1.9607843137254901","1.9607843137254901","32","4.007722007722008","4","259","183","9.150579150579151","5.019305019305019","6.94980694980695","3.088803088803089","1.1583011583011582","32","4.108","9","250","171","9.408","4","2.4","4.4","6.8","32","3.996168582375479","5","261","175","9.0727969348659","3.4482758620689653","1.5325670498084292","1.9157088122605364","4.21455938697318","32","4.148305084745763","6","236","184","9.245762711864407","2.9661016949152543","5.508474576271187","3.389830508474576","5.508474576271187","32","3.9536679536679538","6","259","220","9.35135135135135","5.7915057915057915","2.7027027027027026","1.5444015444015444","2.3166023166023164","32","4","5","273","191","9.164835164835164","0","0","0","0","32","4","5","257","159","9.299610894941635","0","0","0","0","32","4","3","233","164","9.098712446351932","0","0","0","0","32","4","1","240","171","9.3","0","0","0","0","32","4","6","253","198","9.296442687747035","0","0","0","0","32","4","10","237","176","9.248945147679326","0","0","0","0","32","4","12","254","203","9.165354330708661","0","0","0","0","32","4","3","226","154","9.371681415929203","0","0","0","0","32","4","9","250","193","9.28","0","0","0","0","32","4","2","242","154","9.305785123966942","0","0","0","0","32","4.004545454545455","3","220","175","9.345454545454546","0","0","0","0.45454545454545453","32","4.008333333333334","5","240","172","9.241666666666667","0","0","0","0.8333333333333334","32","4.0042918454935625","8","233","160","9.167381974248928","0","0","0","0.4291845493562232","32","4","6","216","169","9.175925925925926","0","0","0","0","32","4.008097165991903","2","247","144","9.23076923076923","0","0","0","0.8097165991902834","32","4.01673640167364","11","239","181","9.313807531380753","0","0","0","1.6736401673640167","32","4.011764705882353","10","255","196","9.168627450980392","0","0","0","1.1764705882352942","32","4.012658227848101","3","237","165","9.139240506329115","0","0","0","1.2658227848101267","32","4.014652014652015","4","273","189","9.128205128205128","0","0","0","1.465201465201465","32","4.014440433212997","5","277","211","9.126353790613718","0","0","0","1.444043321299639","32","4.030418250950571","8","263","150","9.140684410646388","0","0","0","3.041825095057034","32","4.040160642570281","7","249","193","9.220883534136545","0","0","0","4.016064257028113","32","4.045454545454546","7","242","194","9.223140495867769","0","0","0","4.545454545454546","32","4.045454545454546","3","264","167","9.196969696969697","0","0","0","4.545454545454546","32","4.045643153526971","10","241","192","9.219917012448132","0","0","0","4.979253112033195","32","4.057251908396947","7","262","151","9.244274809160306","0","0","0","5.7251908396946565","32","4.029304029304029","7","273","174","9.296703296703297","0","0","0","2.93040293040293","32","4.023166023166024","4","259","167","9.181467181467182","0","0","0","2.3166023166023164","32","4.0588235294117645","6","272","230","9.110294117647058","0","0","0","5.882352941176471","32","4.055084745762712","8","236","202","9.23728813559322","0","0","0","5.932203389830509"
,"33","4.008583690987124","7","233","155","9.133047210300429","2.575107296137339","3.4334763948497855","1.7167381974248928","6.008583690987124","33","4.004237288135593","7","236","126","8.864406779661017","2.542372881355932","1.694915254237288","6.3559322033898304","0","33","3.97008547008547","7","234","161","9.418803418803419","0.8547008547008547","2.5641025641025643","0","2.1367521367521367","33","3.9846153846153847","5","260","160","9.038461538461538","3.076923076923077","5","3.8461538461538463","1.9230769230769231","33","4.0236220472440944","9","254","190","9.236220472440944","0","3.543307086614173","1.968503937007874","1.968503937007874","33","4.003891050583658","6","257","183","9.066147859922179","5.058365758754864","6.614785992217898","2.7237354085603114","1.1673151750972763","33","4.108433734939759","9","249","171","9.365461847389557","4.016064257028113","2.4096385542168677","4.417670682730924","6.827309236947791","33","3.9884615384615385","5","260","175","9.076923076923077","2.6923076923076925","1.5384615384615385","1.9230769230769231","4.230769230769231","33","4.153191489361702","6","235","184","9.2","2.978723404255319","5.531914893617022","3.404255319148936","5.957446808510638","33","3.9573643410852712","7","258","220","9.310077519379846","6.2015503875969","2.7131782945736433","1.550387596899225","2.3255813953488373","33","4","5","273","191","9.164835164835164","0","0","0","0","33","4.003891050583658","5","257","159","9.299610894941635","0","0","0","0.38910505836575876","33","4.004310344827586","4","232","164","9.060344827586206","0","0","0","0.43103448275862066","33","4","1","239","171","9.255230125523013","0","0","0","0","33","4","6","251","198","9.219123505976096","0","0","0","0","33","4","10","236","176","9.203389830508474","0","0","0","0","33","4","13","252","203","9.079365079365079","0","0","0","0","33","4","3","225","154","9.36888888888889","0","0","0","0","33","4","10","249","193","9.236947791164658","0","0","0","0","33","4.0041322314049586","2","242","154","9.305785123966942","0","0","0","0.4132231404958678","33","4","3","220","175","9.345454545454546","0","0","0","0","33","4","6","237","172","9.113924050632912","0","0","0","0","33","4.008583690987124","8","233","160","9.167381974248928","0","0","0","0.8583690987124464","33","4.014084507042254","8","213","169","9.023474178403756","0","0","0","1.408450704225352","33","4.004048582995951","2","247","144","9.23076923076923","0","0","0","0.4048582995951417","33","4.008438818565401","11","237","181","9.232067510548523","0","0","0","0.8438818565400844","33","4","11","254","196","9.125984251968504","0","0","0","0","33","4.008438818565401","3","237","165","9.139240506329115","0","0","0","0.8438818565400844","33","4.007326007326007","4","273","189","9.128205128205128","0","0","0","0.7326007326007326","33","4.010869565217392","6","276","211","9.08695652173913","0","0","0","1.0869565217391304","33","4.038022813688213","8","263","150","9.140684410646388","0","0","0","3.802281368821293","33","4.040322580645161","8","248","193","9.17741935483871","0","0","0","4.032258064516129","33","4.012448132780083","7","241","194","9.178423236514522","0","0","0","1.2448132780082988","33","4.019083969465649","4","262","167","9.122137404580153","0","0","0","1.9083969465648856","33","4.054393305439331","10","239","192","9.129707112970712","0","0","0","5.857740585774058","33","4.041984732824427","7","262","151","9.244274809160306","0","0","0","4.198473282442748","33","4.014705882352941","7","272","174","9.257352941176471","0","0","0","1.4705882352941178","33","4.042471042471043","4","259","167","9.181467181467182","0","0","0","4.2471042471042475","33","4.055147058823529","6","272","230","9.110294117647058","0","0","0","5.514705882352941","33","4.055084745762712","8","236","202","9.23728813559322","0","0","0","5.932203389830509"
,"34","4.012875536480687","7","233","163","9.201716738197424","2.575107296137339","3.4334763948497855","1.7167381974248928","6.008583690987124","34","4.004255319148936","8","235","160","9.114893617021277","2.5531914893617023","1.702127659574468","6.382978723404255","0","34","3.9699570815450644","7","233","171","9.459227467811159","0.8583690987124464","2.575107296137339","0","2.1459227467811157","34","3.996124031007752","5","258","184","9.13953488372093","3.10077519379845","5.038759689922481","3.875968992248062","2.3255813953488373","34","4.027777777777778","9","252","212","9.333333333333334","0","3.5714285714285716","1.9841269841269842","1.9841269841269842","34","3.9921875","6","256","207","9.2421875","5.078125","6.640625","1.953125","1.171875","34","4.108433734939759","9","249","181","9.44578313253012","4.016064257028113","2.4096385542168677","4.417670682730924","6.827309236947791","34","3.9844961240310077","5","258","193","9.13953488372093","2.3255813953488373","1.550387596899225","1.937984496124031","4.263565891472868","34","4.141025641025641","6","234","202","9.307692307692308","2.5641025641025643","5.555555555555555","2.9914529914529915","5.555555555555555","34","3.953307392996109","8","257","234","9.377431906614786","5.836575875486381","2.7237354085603114","1.556420233463035","2.3346303501945527","34","4","5","273","203","9.252747252747254","0","0","0","0","34","4","5","256","173","9.3671875","0","0","0","0","34","4","4","231","185","9.194805194805195","0","0","0","0","34","4","1","239","191","9.422594142259415","0","0","0","0","34","4","6","251","225","9.434262948207172","0","0","0","0","34","4","10","234","195","9.282051282051283","0","0","0","0","34","4","13","252","223","9.238095238095237","0","0","0","0","34","4","3","224","161","9.383928571428571","0","0","0","0","34","4","10","248","205","9.290322580645162","0","0","0","0","34","4","3","241","165","9.352697095435685","0","0","0","0","34","4.004545454545455","3","220","190","9.481818181818182","0","0","0","0.45454545454545453","34","4.008438818565401","6","237","194","9.29957805907173","0","0","0","0.8438818565400844","34","4.004329004329004","8","231","187","9.341991341991342","0","0","0","0.4329004329004329","34","4","8","210","193","9.104761904761904","0","0","0","0","34","4.008097165991903","2","247","165","9.40080971659919","0","0","0","0.8097165991902834","34","4.016949152542373","11","236","203","9.372881355932204","0","0","0","1.694915254237288","34","4.01593625498008","12","251","216","9.155378486055778","0","0","0","1.593625498007968","34","4.012711864406779","4","236","192","9.322033898305085","0","0","0","1.271186440677966","34","4.014760147601476","4","271","213","9.22509225092251","0","0","0","1.4760147601476015","34","4.010989010989011","7","273","241","9.194139194139193","0","0","0","1.098901098901099","34","4.0344827586206895","8","261","168","9.226053639846743","0","0","0","3.4482758620689653","34","4.044715447154472","10","246","218","9.292682926829269","0","0","0","4.471544715447155","34","4.037344398340249","7","241","213","9.336099585062241","0","0","0","3.7344398340248963","34","4.049618320610687","4","262","193","9.320610687022901","0","0","0","4.961832061068702","34","4.046218487394958","10","238","216","9.285714285714286","0","0","0","5.042016806722689","34","4.042145593869732","7","261","163","9.295019157088122","0","0","0","4.21455938697318","34","4.048327137546468","8","269","185","9.219330855018587","0","0","0","4.83271375464684","34","4.031128404669261","5","257","181","9.252918287937744","0","0","0","3.11284046692607","34","4.059040590405904","6","271","248","9.217712177121772","0","0","0","5.904059040590406","34","4.042553191489362","9","235","213","9.285106382978723","0","0","0","4.680851063829787"
,"35","4.004347826086956","8","230","163","9.095652173913043","2.608695652173913","3.4782608695652173","1.7391304347826086","5.6521739130434785","35","4.0042918454935625","9","233","160","9.090128755364807","2.575107296137339","1.7167381974248928","6.008583690987124","0","35","3.9696969696969697","8","231","171","9.367965367965368","0.8658008658008658","2.5974025974025974","0","2.1645021645021645","35","3.992248062015504","5","258","184","9.13953488372093","3.10077519379845","5.038759689922481","3.875968992248062","1.937984496124031","35","4.028","10","250","212","9.248","0","3.6","2","2","35","3.9803149606299213","6","254","207","9.228346456692913","5.118110236220472","6.299212598425197","0.7874015748031497","0.7874015748031497","35","4.108433734939759","9","249","181","9.44578313253012","4.016064257028113","2.4096385542168677","4.417670682730924","6.827309236947791","35","3.984313725490196","7","255","193","9.011764705882353","2.3529411764705883","1.5686274509803921","1.9607843137254901","4.313725490196078","35","4.128755364806867","6","233","202","9.261802575107296","1.7167381974248928","5.579399141630901","2.575107296137339","5.579399141630901","35","3.95703125","8","256","234","9.34375","6.25","2.734375","1.171875","2.34375","35","4","5","272","203","9.213235294117647","0","0","0","0","35","4.00390625","5","256","173","9.3671875","0","0","0","0.390625","35","4.004347826086956","5","230","185","9.147826086956522","0","0","0","0.43478260869565216","35","4","1","238","191","9.378151260504202","0","0","0","0","35","4","6","251","225","9.434262948207172","0","0","0","0","35","4","10","233","195","9.270386266094421","0","0","0","0","35","4","13","251","223","9.195219123505977","0","0","0","0","35","4","4","223","161","9.336322869955158","0","0","0","0","35","4","10","247","205","9.246963562753036","0","0","0","0","35","4.00418410041841","3","239","165","9.263598326359833","0","0","0","0.41841004184100417","35","4","3","219","190","9.4337899543379","0","0","0","0","35","4","6","237","194","9.29957805907173","0","0","0","0","35","4.008658008658009","8","231","187","9.341991341991342","0","0","0","0.8658008658008658","35","4.014423076923077","9","208","193","9.009615384615385","0","0","0","1.4423076923076923","35","4.004048582995951","2","247","165","9.40080971659919","0","0","0","0.4048582995951417","35","4.008474576271187","11","236","203","9.372881355932204","0","0","0","0.847457627118644","35","4","13","250","216","9.112","0","0","0","0","35","4.0085470085470085","4","234","192","9.23076923076923","0","0","0","0.8547008547008547","35","4.007407407407407","5","270","213","9.185185185185185","0","0","0","0.7407407407407407","35","4.007352941176471","8","272","241","9.154411764705882","0","0","0","0.7352941176470589","35","4.0347490347490345","8","259","168","9.150579150579151","0","0","0","3.474903474903475","35","4.044715447154472","10","246","218","9.292682926829269","0","0","0","4.471544715447155","35","4.020746887966805","7","241","213","9.336099585062241","0","0","0","2.074688796680498","35","4.019157088122605","4","261","193","9.279693486590038","0","0","0","1.9157088122605364","35","4.050420168067227","10","238","216","9.285714285714286","0","0","0","5.46218487394958","35","4.042307692307692","7","260","163","9.253846153846155","0","0","0","4.230769230769231","35","4.014869888475836","8","269","185","9.219330855018587","0","0","0","1.486988847583643","35","4.046692607003891","5","257","181","9.252918287937744","0","0","0","4.669260700389105","35","4.03690036900369","6","271","248","9.217712177121772","0","0","0","3.690036900369004","35","4.051063829787234","9","235","213","9.285106382978723","0","0","0","5.531914893617022"
,"36","4.008771929824562","9","228","163","9","2.6315789473684212","3.508771929824561","1.7543859649122806","5.701754385964913","36","4.008620689655173","10","232","160","9.043103448275861","2.586206896551724","1.7241379310344827","6.0344827586206895","0","36","3.9696969696969697","8","231","171","9.367965367965368","0.8658008658008658","2.5974025974025974","0","2.1645021645021645","36","3.992248062015504","5","258","184","9.13953488372093","3.10077519379845","5.038759689922481","3.875968992248062","1.937984496124031","36","4.028","10","250","212","9.248","0","3.6","2","2","36","3.9762845849802373","6","253","207","9.185770750988143","5.138339920948616","6.324110671936759","0.7905138339920948","0.7905138339920948","36","4.109756097560975","10","246","181","9.325203252032521","4.065040650406504","2.4390243902439024","4.065040650406504","6.9105691056910565","36","3.984313725490196","7","255","193","9.011764705882353","2.3529411764705883","1.5686274509803921","1.9607843137254901","4.313725490196078","36","4.120689655172414","6","232","202","9.224137931034482","2.1551724137931036","5.172413793103448","2.586206896551724","4.741379310344827","36","3.9490196078431374","9","255","234","9.309803921568628","5.490196078431373","2.7450980392156863","0.7843137254901961","2.3529411764705883","36","4","5","269","203","9.152416356877323","0","0","0","0","36","4","5","256","173","9.3671875","0","0","0","0","36","4","5","230","185","9.147826086956522","0","0","0","0","36","4","1","238","191","9.378151260504202","0","0","0","0","36","4","6","251","225","9.434262948207172","0","0","0","0","36","4","10","233","195","9.270386266094421","0","0","0","0","36","4","13","251","223","9.195219123505977","0","0","0","0","36","4","4","221","161","9.266968325791856","0","0","0","0","36","4","10","247","205","9.246963562753036","0","0","0","0","36","4","3","236","165","9.127118644067796","0","0","0","0","36","4.004566210045662","3","219","190","9.4337899543379","0","0","0","0.45662100456621","36","4.008510638297873","6","235","194","9.208510638297872","0","0","0","0.851063829787234","36","4","9","229","187","9.248908296943231","0","0","0","0","36","4","10","207","193","8.956521739130435","0","0","0","0","36","4.0081632653061225","2","245","165","9.314285714285715","0","0","0","0.8163265306122449","36","4.016949152542373","11","236","203","9.372881355932204","0","0","0","1.694915254237288","36","4.012","13","250","216","9.112","0","0","0","1.2","36","4.012875536480687","4","233","192","9.184549356223176","0","0","0","1.2875536480686696","36","4.014869888475836","6","269","213","9.152416356877323","0","0","0","1.486988847583643","36","4.014705882352941","8","272","241","9.154411764705882","0","0","0","1.4705882352941178","36","4.038759689922481","8","258","168","9.108527131782946","0","0","0","3.875968992248062","36","4.045081967213115","12","244","218","9.204918032786885","0","0","0","4.508196721311475","36","4.0375","7","240","213","9.316666666666666","0","0","0","3.75","36","4.053846153846154","4","260","193","9.238461538461538","0","0","0","5.384615384615385","36","4.046413502109704","10","237","216","9.248945147679326","0","0","0","5.063291139240507","36","4.054263565891473","8","258","163","9.170542635658915","0","0","0","5.426356589147287","36","4.037453183520599","9","267","185","9.138576779026216","0","0","0","3.745318352059925","36","4.01556420233463","5","257","181","9.252918287937744","0","0","0","1.556420233463035","36","4.052044609665428","6","269","248","9.137546468401487","0","0","0","5.204460966542751","36","4.051282051282051","9","234","213","9.239316239316238","0","0","0","5.555555555555555"
,"37","3.872340425531915","10","235","194","9.37872340425532","3.8297872340425534","4.25531914893617","2.5531914893617023","6.382978723404255","37","3.9742489270386265","10","233","183","9.527896995708154","2.575107296137339","1.7167381974248928","6.437768240343348","0","37","3.757201646090535","8","243","185","9.292181069958847","4.11522633744856","4.11522633744856","2.4691358024691357","4.938271604938271","37","3.6113074204946995","5","283","199","9.201413427561837","6.713780918727915","8.480565371024735","6.360424028268551","5.30035335689046","37","3.659340659340659","11","273","236","9.216117216117215","2.5641025641025643","5.86080586080586","4.761904761904762","4.761904761904762","37","3.7849056603773583","6","265","219","9.245283018867925","6.415094339622642","7.547169811320755","3.3962264150943398","1.8867924528301887","37","3.832699619771863","10","263","201","9.262357414448669","5.32319391634981","5.7034220532319395","6.4638783269961975","9.885931558935361","37","3.8045112781954886","7","266","218","9.300751879699249","2.6315789473684212","3.7593984962406015","3.007518796992481","5.2631578947368425","37","3.8502024291497974","7","247","222","9.319838056680162","4.048582995951417","5.668016194331984","5.2631578947368425","5.668016194331984","37","3.7849056603773583","10","265","253","9.290566037735848","6.415094339622642","3.018867924528302","2.641509433962264","3.3962264150943398","37","3.6975945017182132","5","291","222","9.175257731958762","2.7491408934707904","2.7491408934707904","2.7491408934707904","2.7491408934707904","37","3.607773851590106","5","283","181","9.003533568904594","2.4734982332155475","3.1802120141342756","4.240282685512367","4.240282685512367","37","3.8375","5","240","203","9.325","2.0833333333333335","0.4166666666666667","0.8333333333333334","1.6666666666666667","37","3.789473684210526","2","247","202","9.319838056680162","2.0242914979757085","1.6194331983805668","2.0242914979757085","1.6194331983805668","37","3.7602996254681647","6","267","232","9.303370786516854","1.8726591760299625","1.8726591760299625","2.247191011235955","2.6217228464419478","37","3.8512396694214877","10","242","213","9.40495867768595","1.2396694214876034","1.6528925619834711","0.8264462809917356","1.6528925619834711","37","3.861003861003861","14","259","240","9.343629343629344","1.1583011583011582","1.9305019305019304","1.9305019305019304","1.1583011583011582","37","3.424124513618677","4","257","169","8.918287937743191","4.669260700389105","5.836575875486381","3.8910505836575875","6.22568093385214","37","3.699248120300752","10","266","223","9.1203007518797","2.255639097744361","1.8796992481203008","3.007518796992481","3.3834586466165413","37","3.8299595141700404","3","247","192","9.34412955465587","2.0242914979757085","1.6194331983805668","1.6194331983805668","2.834008097165992","37","3.6610169491525424","4","236","203","9.228813559322035","2.542372881355932","4.237288135593221","0.423728813559322","2.1186440677966103","37","3.860082304526749","7","243","218","9.333333333333334","1.646090534979424","1.2345679012345678","2.4691358024691357","2.4691358024691357","37","3.5912698412698414","11","252","204","9.03968253968254","4.365079365079365","5.158730158730159","2.380952380952381","3.5714285714285716","37","3.6919642857142856","10","224","228","9.276785714285714","2.6785714285714284","4.017857142857143","2.6785714285714284","4.017857142857143","37","3.6766917293233083","3","266","179","9.097744360902256","3.007518796992481","3.3834586466165413","1.8796992481203008","2.255639097744361","37","3.834008097165992","11","247","219","9.376518218623481","1.214574898785425","0.8097165991902834","0.4048582995951417","2.42914979757085","37","3.767175572519084","14","262","242","9.32824427480916","0.7633587786259542","1.1450381679389312","1.9083969465648856","2.6717557251908395","37","3.710843373493976","4","249","222","9.25301204819277","1.606425702811245","2.8112449799196786","4.016064257028113","4.417670682730924","37","3.826241134751773","6","282","243","9.382978723404255","2.127659574468085","1.7730496453900708","1.4184397163120568","3.1914893617021276","37","3.797202797202797","9","286","272","9.356643356643357","1.7482517482517483","2.097902097902098","1.3986013986013985","2.4475524475524475","37","3.6808510638297873","8","282","199","9.191489361702128","3.1914893617021276","2.127659574468085","1.7730496453900708","5.673758865248227","37","3.731060606060606","12","264","244","9.128787878787879","2.272727272727273","3.787878787878788","3.409090909090909","7.954545454545454","37","3.852","7","250","224","9.352","2.4","1.2","1.6","4.4","37","3.615916955017301","4","289","215","9.134948096885813","4.1522491349480966","3.114186851211073","3.114186851211073","4.1522491349480966","37","3.8461538461538463","10","247","238","9.336032388663968","1.214574898785425","1.214574898785425","2.42914979757085","6.882591093117409","37","4.003802281368821","8","263","176","9.376425855513308","0.38022813688212925","1.1406844106463878","0.38022813688212925","7.984790874524715","37","3.718213058419244","9","291","217","9.175257731958762","2.0618556701030926","2.0618556701030926","2.4054982817869415","7.903780068728523","37","3.7517985611510793","5","278","195","9.086330935251798","2.158273381294964","2.158273381294964","2.8776978417266186","10.431654676258994","37","3.8960573476702507","6","279","269","9.383512544802867","1.4336917562724014","1.075268817204301","1.075268817204301","6.093189964157706","37","3.838056680161943","9","247","237","9.279352226720647","0.4048582995951417","0.4048582995951417","2.0242914979757085","5.668016194331984"
,"38","3.9871794871794872","10","234","194","9.376068376068377","2.5641025641025643","2.9914529914529915","1.2820512820512822","4.700854700854701","38","4.008583690987124","10","233","183","9.527896995708154","2.575107296137339","1.7167381974248928","6.008583690987124","0","38","3.975206611570248","8","242","185","9.24793388429752","1.6528925619834711","1.2396694214876034","0.8264462809917356","2.479338842975207","38","4.02846975088968","5","281","199","9.138790035587188","4.270462633451957","4.6263345195729535","4.98220640569395","2.491103202846975","38","4.04029304029304","11","273","236","9.216117216117215","0","3.2967032967032965","2.5641025641025643","3.663003663003663","38","3.9924528301886792","6","265","219","9.245283018867925","4.90566037735849","6.037735849056604","1.8867924528301887","2.2641509433962264","38","4.16412213740458","10","262","201","9.221374045801527","4.580152671755725","4.198473282442748","4.580152671755725","9.16030534351145","38","3.962121212121212","7","264","218","9.219696969696969","2.272727272727273","1.5151515151515151","1.893939393939394","4.166666666666667","38","4.117408906882591","7","247","222","9.319838056680162","2.42914979757085","4.8582995951417","4.048582995951417","4.4534412955465585","38","3.9386973180076628","12","261","253","9.126436781609195","5.747126436781609","2.2988505747126435","0.7662835249042146","2.2988505747126435","38","4.0034364261168385","5","291","222","9.175257731958762","0.3436426116838488","0","0","0","38","4.00711743772242","6","281","181","8.92526690391459","0","0.35587188612099646","0.7117437722419929","0","38","3.9916666666666667","5","240","203","9.325","0","0","0","0","38","4","2","247","202","9.319838056680162","0.4048582995951417","0.4048582995951417","0","0","38","4.003773584905661","6","265","232","9.222641509433963","0.37735849056603776","0","0","0.37735849056603776","38","3.9958677685950414","10","242","213","9.40495867768595","0","0","0","0","38","4","15","256","240","9.21875","0.390625","0.390625","0.390625","0","38","3.99609375","5","256","169","8.875","0","0","0","0","38","3.996212121212121","10","264","223","9.037878787878787","0","0","0","0","38","4.004048582995951","3","247","192","9.34412955465587","0.4048582995951417","0","0.8097165991902834","0","38","4.004237288135593","4","236","203","9.228813559322035","0","0","0","0.423728813559322","38","4.004115226337449","7","243","218","9.333333333333334","0","0","0","0.823045267489712","38","4.015873015873016","11","252","204","9.03968253968254","0.3968253968253968","0","0.3968253968253968","1.1904761904761905","38","3.9955357142857144","10","224","228","9.276785714285714","0","0","0","0","38","4.007547169811321","3","265","179","9.056603773584905","0","0.37735849056603776","0","0.7547169811320755","38","4.008097165991903","11","247","219","9.376518218623481","0","0","0","0.8097165991902834","38","4.019083969465649","14","262","242","9.32824427480916","0","0","0.3816793893129771","1.5267175572519085","38","4.008032128514056","4","249","222","9.25301204819277","0","0","0","1.2048192771084338","38","4.010752688172043","6","279","243","9.297491039426523","0","0","0","1.4336917562724014","38","4.003496503496503","9","286","272","9.356643356643357","0","0","0","0.6993006993006993","38","4.032258064516129","9","279","199","9.089605734767025","0","0","0","3.5842293906810037","38","4.053030303030303","12","264","244","9.128787878787879","0","0","0.3787878787878788","5.681818181818182","38","4.016","7","250","224","9.352","0","0","0","1.6","38","4.055555555555555","4","288","215","9.097222222222221","0.3472222222222222","0","0","5.208333333333333","38","4.02834008097166","10","247","238","9.336032388663968","0","0","0","4.048582995951417","38","4.053639846743295","9","261","176","9.295019157088122","0","0","0","5.363984674329502","38","4.027491408934708","9","291","217","9.175257731958762","0","0","0.3436426116838488","2.7491408934707904","38","4.0398550724637685","5","276","195","9.014492753623188","0","0","0","3.9855072463768115","38","4.057347670250896","6","279","269","9.383512544802867","0","0","0.35842293906810035","5.376344086021505","38","4.036585365853658","9","246","237","9.235772357723578","0","0","0","4.471544715447155"
,"39","3.9743589743589745","10","234","194","9.376068376068377","2.5641025641025643","2.5641025641025643","0.8547008547008547","4.700854700854701","39","4.008583690987124","10","233","183","9.527896995708154","2.575107296137339","1.7167381974248928","6.008583690987124","0","39","3.958677685950413","8","242","185","9.24793388429752","1.6528925619834711","0.8264462809917356","0.4132231404958678","2.0661157024793386","39","4.0285714285714285","5","280","199","9.1","3.5714285714285716","4.642857142857143","5","2.5","39","4.044117647058823","12","272","236","9.176470588235293","0","2.9411764705882355","2.573529411764706","3.676470588235294","39","3.973584905660377","6","265","219","9.245283018867925","4.90566037735849","6.037735849056604","0.7547169811320755","1.509433962264151","39","4.162162162162162","11","259","201","9.096525096525097","4.633204633204633","4.2471042471042475","4.633204633204633","8.88030888030888","39","3.958174904942966","7","263","218","9.1787072243346","2.2813688212927756","1.520912547528517","1.9011406844106464","4.182509505703422","39","4.114754098360656","8","244","222","9.21311475409836","2.459016393442623","4.918032786885246","4.098360655737705","4.098360655737705","39","3.937984496124031","13","258","253","9.007751937984496","5.813953488372093","2.7131782945736433","0.7751937984496124","2.3255813953488373","39","4","6","289","222","9.100346020761245","0","0","0","0","39","4.00711743772242","6","281","181","8.92526690391459","0","0.35587188612099646","0","0.35587188612099646","39","3.995833333333333","5","240","203","9.325","0","0","0","0.4166666666666667","39","4","2","247","202","9.319838056680162","0.4048582995951417","0.4048582995951417","0","0","39","3.9962264150943394","6","265","232","9.222641509433963","0","0","0","0","39","4","11","240","213","9.366666666666667","0","0","0","0","39","4","15","254","240","9.141732283464567","0.3937007874015748","0.3937007874015748","0.3937007874015748","0","39","4","5","254","169","8.78740157480315","0","0","0","0","39","4","10","263","223","8.996197718631178","0","0","0","0","39","4.012145748987854","3","247","192","9.34412955465587","0.4048582995951417","0","0.8097165991902834","0.8097165991902834","39","4","4","236","203","9.228813559322035","0","0","0","0","39","4.008264462809917","8","242","218","9.289256198347108","0","0","0","1.2396694214876034","39","4.01984126984127","11","252","204","9.03968253968254","0","0","0.3968253968253968","1.5873015873015872","39","4.00896860986547","11","223","228","9.228699551569507","0","0","0","1.345291479820628","39","4.007547169811321","3","265","179","9.056603773584905","0","0","0","0.7547169811320755","39","4.008130081300813","11","246","219","9.333333333333334","0","0","0","0.8130081300813008","39","4.011450381679389","14","262","242","9.32824427480916","0","0","0","1.1450381679389312","39","4.016129032258065","4","248","222","9.209677419354838","0","0","0","1.6129032258064515","39","4.0071942446043165","6","278","243","9.258992805755396","0","0","0","1.079136690647482","39","4.010600706713781","9","283","272","9.257950530035336","0","0","0","1.0600706713780919","39","4.017921146953405","9","279","199","9.089605734767025","0","0","0","2.150537634408602","39","4.041984732824427","12","262","244","9.045801526717558","0","0","0","5.343511450381679","39","4.020080321285141","7","249","224","9.309236947791165","0","0","0","2.0080321285140563","39","4.031578947368421","4","285","215","8.989473684210527","0","0","0","3.1578947368421053","39","4.060728744939271","10","247","238","9.336032388663968","0","0","0","6.477732793522267","39","4.0727969348659006","9","261","176","9.295019157088122","0","0","0","7.2796934865900385","39","4.0657439446366785","9","289","217","9.100346020761245","0","0","0.3460207612456747","6.228373702422146","39","4.069852941176471","6","272","195","8.875","0","0","0","6.985294117647059","39","4.068345323741007","6","278","269","9.352517985611511","0","0","0.3597122302158273","6.474820143884892","39","4.069387755102041","9","245","237","9.191836734693878","0","0","0","6.938775510204081"
,"40","3.9742489270386265","11","233","203","9.407725321888412","3.004291845493562","2.575107296137339","0","4.721030042918455","40","4.008583690987124","10","233","192","9.605150214592275","2.575107296137339","1.7167381974248928","6.008583690987124","0","40","3.954356846473029","8","241","195","9.294605809128631","1.6597510373443984","0.8298755186721992","0","2.074688796680498","40","4.043010752688172","6","279","216","9.182795698924732","3.5842293906810037","4.659498207885305","5.376344086021505","1.7921146953405018","40","4.047794117647059","12","272","249","9.272058823529411","0","2.9411764705882355","2.573529411764706","3.676470588235294","40","3.9771863117870723","8","263","225","9.209125475285171","4.942965779467681","6.083650190114068","0.7604562737642585","1.9011406844106464","40","4.166666666666667","12","258","223","9.224806201550388","4.651162790697675","3.875968992248062","4.651162790697675","8.914728682170542","40","3.96958174904943","7","263","235","9.307984790874524","2.2813688212927756","1.520912547528517","1.9011406844106464","4.182509505703422","40","4.1193415637860085","9","243","234","9.267489711934155","2.05761316872428","4.938271604938271","3.7037037037037037","4.526748971193416","40","3.937743190661479","13","257","289","9.245136186770427","5.836575875486381","2.3346303501945527","0.7782101167315175","2.3346303501945527","40","4","6","288","234","9.145833333333334","0","0","0","0","40","4","6","279","206","9.025089605734767","0","0","0","0","40","4","5","240","210","9.383333333333333","0","0","0","0","40","3.9959349593495936","2","246","204","9.292682926829269","0.4065040650406504","0","0","0","40","3.9962264150943394","6","265","246","9.328301886792453","0","0","0","0","40","4","11","239","216","9.347280334728033","0","0","0","0","40","4","16","253","266","9.304347826086957","0.3952569169960474","0","0.3952569169960474","0","40","4","5","254","194","8.984251968503937","0","0","0","0","40","4","10","262","245","9.122137404580153","0","0","0","0","40","4","3","247","196","9.376518218623481","0","0","0.4048582995951417","0","40","4.008510638297873","4","235","212","9.259574468085106","0","0","0","0.851063829787234","40","4.0041322314049586","8","242","227","9.363636363636363","0","0","0","0.8264462809917356","40","4.012","13","250","218","9.064","0","0","0","1.2","40","4","11","222","236","9.252252252252251","0","0","0","0","40","4.007575757575758","3","264","196","9.143939393939394","0","0","0","0.7575757575757576","40","4.016260162601626","11","246","229","9.414634146341463","0","0","0","1.6260162601626016","40","4.011450381679389","14","262","254","9.419847328244275","0","0","0","1.1450381679389312","40","4.012145748987854","5","247","232","9.246963562753036","0","0","0","1.214574898785425","40","4.007246376811594","8","276","262","9.318840579710145","0","0","0","1.0869565217391304","40","4.00709219858156","10","282","287","9.326241134751774","0","0","0","0.7092198581560284","40","4.0324909747292415","11","277","217","9.140794223826715","0","0","0","3.2490974729241877","40","4.041984732824427","12","262","259","9.16030534351145","0","0","0","4.580152671755725","40","4.036144578313253","7","249","230","9.357429718875501","0","0","0","3.6144578313253013","40","4.031578947368421","4","285","245","9.2","0","0","0","3.1578947368421053","40","4.036734693877551","11","245","249","9.346938775510203","0","0","0","4.081632653061225","40","4.0576923076923075","10","260","188","9.346153846153847","0","0","0","5.769230769230769","40","4.041522491349481","9","289","236","9.231833910034602","0","0","0.3460207612456747","3.8062283737024223","40","4.029411764705882","6","272","221","9.066176470588236","0","0","0","2.9411764705882355","40","4.068345323741007","6","278","275","9.39568345323741","0","0","0","6.83453237410072","40","4.036734693877551","9","245","254","9.33061224489796","0","0","0","3.673469387755102"
,"41","3.9698275862068964","12","232","203","9.370689655172415","2.586206896551724","2.586206896551724","0","4.741379310344827","41","4.008733624454148","12","229","192","9.441048034934498","2.6200873362445414","1.7467248908296944","6.11353711790393","0","41","3.9541666666666666","9","240","195","9.258333333333333","1.6666666666666667","0.8333333333333334","0","2.0833333333333335","41","4.039568345323741","6","278","216","9.143884892086332","3.597122302158273","4.676258992805756","5.0359712230215825","1.7985611510791366","41","4.047794117647059","12","272","249","9.272058823529411","0","2.9411764705882355","2.573529411764706","3.676470588235294","41","3.9770114942528734","9","261","225","9.126436781609195","4.980842911877395","6.130268199233717","0.7662835249042146","1.9157088122605364","41","4.166666666666667","12","258","223","9.224806201550388","4.651162790697675","3.875968992248062","4.651162790697675","8.914728682170542","41","3.9615384615384617","7","260","235","9.184615384615384","2.3076923076923075","1.5384615384615385","1.9230769230769231","4.230769230769231","41","4.128630705394191","10","241","234","9.186721991701244","2.4896265560165975","4.979253112033195","3.7344398340248963","4.149377593360996","41","3.93359375","13","256","289","9.2109375","5.859375","2.34375","0.78125","1.953125","41","4","6","287","234","9.10801393728223","0","0","0","0","41","4.003584229390681","6","279","206","9.025089605734767","0","0","0","0.35842293906810035","41","4.004166666666666","5","240","210","9.383333333333333","0","0","0","0.4166666666666667","41","4","3","245","204","9.248979591836735","0","0","0","0","41","3.9961977186311786","6","263","246","9.247148288973383","0","0","0","0","41","4","11","239","216","9.347280334728033","0","0","0","0","41","4.007905138339921","16","253","266","9.304347826086957","0.3952569169960474","0","0.3952569169960474","0","41","4","5","251","194","8.860557768924302","0","0","0","0","41","4","12","259","245","8.996138996138995","0","0","0","0","41","4.008097165991903","3","247","196","9.376518218623481","0","0","0","0.8097165991902834","41","4","4","234","212","9.213675213675213","0","0","0","0","41","4","8","242","227","9.363636363636363","0","0","0","0","41","4.008064516129032","13","248","218","8.975806451612904","0","0","0","0.8064516129032258","41","4.013574660633484","11","221","236","9.221719457013574","0","0","0","1.3574660633484164","41","4.007575757575758","3","264","196","9.143939393939394","0","0","0","0.7575757575757576","41","4.012295081967213","11","244","229","9.327868852459016","0","0","0","1.2295081967213115","41","4.0115384615384615","15","260","254","9.338461538461539","0","0","0","1.1538461538461537","41","4.016326530612245","6","245","232","9.159183673469387","0","0","0","1.6326530612244898","41","4.010869565217392","8","276","262","9.318840579710145","0","0","0","1.0869565217391304","41","4.007142857142857","11","280","287","9.264285714285714","0","0","0","0.7142857142857143","41","4.03971119133574","11","277","217","9.140794223826715","0","0","0","3.9711191335740073","41","4.0458015267175576","12","262","259","9.16030534351145","0","0","0","4.961832061068702","41","4.020080321285141","7","249","230","9.357429718875501","0","0","0","2.0080321285140563","41","4.035087719298246","4","285","245","9.2","0","0","0","3.508771929824561","41","4.061224489795919","11","245","249","9.346938775510203","0","0","0","6.530612244897959","41","4.062256809338521","11","257","188","9.221789883268482","0","0","0","6.22568093385214","41","4.055555555555555","9","288","236","9.194444444444445","0","0","0.3472222222222222","5.208333333333333","41","4.055350553505535","7","271","221","9.025830258302584","0","0","0","5.535055350553505","41","4.061371841155235","6","277","275","9.35740072202166","0","0","0","6.137184115523466","41","4.036885245901639","9","244","254","9.295081967213115","0","0","0","3.6885245901639343"
,"42","3.9696969696969697","12","231","203","9.324675324675324","2.5974025974025974","2.5974025974025974","0","4.761904761904762","42","4.008733624454148","12","229","192","9.441048034934498","2.6200873362445414","1.7467248908296944","6.11353711790393","0","42","3.9539748953974896","9","239","195","9.213389121338912","1.6736401673640167","0.8368200836820083","0","2.092050209205021","42","4.039568345323741","6","278","216","9.143884892086332","3.597122302158273","4.676258992805756","5.0359712230215825","1.7985611510791366","42","4.047794117647059","12","272","249","9.272058823529411","0","2.9411764705882355","2.573529411764706","3.676470588235294","42","3.9731800766283527","9","261","225","9.126436781609195","4.980842911877395","6.130268199233717","0.7662835249042146","1.5325670498084292","42","4.166666666666667","12","258","223","9.224806201550388","4.651162790697675","3.875968992248062","4.651162790697675","8.914728682170542","42","3.9692307692307693","7","260","235","9.184615384615384","2.3076923076923075","1.5384615384615385","1.9230769230769231","4.230769230769231","42","4.128630705394191","10","241","234","9.186721991701244","2.074688796680498","4.979253112033195","3.7344398340248963","4.564315352697095","42","3.937254901960784","13","255","289","9.168627450980392","5.882352941176471","2.3529411764705883","0.7843137254901961","1.5686274509803921","42","4","6","287","234","9.10801393728223","0","0","0","0","42","4","6","279","206","9.025089605734767","0","0","0","0","42","4","6","238","210","9.294117647058824","0","0","0","0","42","4","3","243","204","9.193415637860083","0","0","0","0","42","4","6","262","246","9.213740458015268","0","0","0","0","42","4","11","238","216","9.302521008403362","0","0","0","0","42","4.007936507936508","16","252","266","9.301587301587302","0.3968253968253968","0","0.3968253968253968","0","42","4","5","251","194","8.860557768924302","0","0","0","0","42","4","12","259","245","8.996138996138995","0","0","0","0","42","4","3","245","196","9.346938775510203","0","0","0","0","42","4.004273504273504","4","234","212","9.213675213675213","0","0","0","0.42735042735042733","42","4.008333333333334","9","240","227","9.275","0","0","0","0.8333333333333334","42","4.016194331983805","13","247","218","8.931174089068826","0","0","0","1.6194331983805668","42","4","11","220","236","9.209090909090909","0","0","0","0","42","4.007604562737643","3","263","196","9.102661596958175","0","0","0","0.7604562737642585","42","4.012295081967213","11","244","229","9.327868852459016","0","0","0","1.2295081967213115","42","4.015444015444015","15","259","254","9.297297297297296","0","0","0","1.5444015444015444","42","4.012244897959183","6","245","232","9.159183673469387","0","0","0","1.2244897959183674","42","4.007272727272727","9","275","262","9.28","0","0","0","0.7272727272727273","42","4.007220216606498","12","277","287","9.16245487364621","0","0","0","0.7220216606498195","42","4.032608695652174","12","276","217","9.108695652173912","0","0","0","3.260869565217391","42","4.049618320610687","12","262","259","9.16030534351145","0","0","0","4.961832061068702","42","4.028112449799197","7","249","230","9.357429718875501","0","0","0","2.8112449799196786","42","4.03859649122807","4","285","245","9.2","0","0","0","3.8596491228070176","42","4.05327868852459","12","244","249","9.30327868852459","0","0","0","5.737704918032787","42","4.058365758754864","11","257","188","9.221789883268482","0","0","0","5.836575875486381","42","4.03125","9","288","236","9.194444444444445","0","0","0","3.125","42","4.047970479704797","7","271","221","9.025830258302584","0","0","0","4.797047970479705","42","4.068840579710145","6","276","275","9.333333333333334","0","0","0","6.884057971014493","42","4.049180327868853","9","244","254","9.295081967213115","0","0","0","4.918032786885246"
,"43","3.9696969696969697","12","231","212","9.402597402597403","2.5974025974025974","2.5974025974025974","0","4.761904761904762","43","4.008771929824562","12","228","207","9.526315789473685","2.6315789473684212","1.7543859649122806","6.140350877192983","0","43","3.9539748953974896","9","239","207","9.313807531380753","1.6736401673640167","0.8368200836820083","0","2.092050209205021","43","4.046931407942238","6","277","234","9.234657039711191","3.6101083032490973","4.693140794223827","5.054151624548736","1.8050541516245486","43","4.047970479704797","12","271","259","9.306273062730627","0","2.952029520295203","2.5830258302583027","3.690036900369004","43","3.972972972972973","11","259","242","9.173745173745173","5.019305019305019","6.177606177606178","0.7722007722007722","1.5444015444015444","43","4.16796875","12","256","236","9.2578125","4.6875","3.90625","4.6875","8.984375","43","3.9613899613899615","8","259","254","9.28957528957529","2.3166023166023164","1.5444015444015444","1.9305019305019304","4.2471042471042475","43","4.129166666666666","10","240","247","9.258333333333333","2.5","5","3.75","4.166666666666667","43","3.933333333333333","13","255","308","9.31764705882353","5.882352941176471","2.3529411764705883","0.7843137254901961","1.5686274509803921","43","4","6","286","256","9.223776223776223","0","0","0","0","43","4.003584229390681","6","279","226","9.168458781362007","0","0","0","0.35842293906810035","43","4.0042194092827","6","237","219","9.324894514767932","0","0","0","0.4219409282700422","43","4","4","242","214","9.231404958677686","0","0","0","0","43","4","7","260","263","9.323076923076924","0","0","0","0","43","4","11","238","228","9.403361344537815","0","0","0","0","43","4","16","251","283","9.394422310756973","0","0","0","0","43","4","5","250","219","9.016","0","0","0","0","43","4","12","258","268","9.186046511627907","0","0","0","0","43","4.0081632653061225","3","245","205","9.420408163265305","0","0","0","0.8163265306122449","43","4","4","233","229","9.313304721030043","0","0","0","0","43","4.004166666666666","9","240","240","9.383333333333333","0","0","0","0.4166666666666667","43","4.016194331983805","13","247","247","9.165991902834008","0","0","0","1.6194331983805668","43","4.013636363636364","11","220","248","9.318181818181818","0","0","0","1.3636363636363635","43","4.007604562737643","3","263","209","9.201520912547528","0","0","0","0.7604562737642585","43","4.020661157024794","12","242","239","9.388429752066116","0","0","0","2.0661157024793386","43","4.011583011583012","15","259","265","9.382239382239382","0","0","0","1.1583011583011582","43","4.016460905349795","6","243","246","9.185185185185185","0","0","0","1.646090534979424","43","4.010909090909091","9","275","286","9.454545454545455","0","0","0","1.0909090909090908","43","4.007272727272727","13","275","320","9.33090909090909","0","0","0","0.7272727272727273","43","4.02536231884058","12","276","242","9.289855072463768","0","0","0","2.536231884057971","43","4.049808429118774","12","261","272","9.218390804597702","0","0","0","4.980842911877395","43","4.016194331983805","7","247","239","9.34412955465587","0","0","0","1.6194331983805668","43","4.0177304964539005","4","282","262","9.205673758865249","0","0","0","1.7730496453900708","43","4.049382716049383","13","243","268","9.415637860082304","0","0","0","5.349794238683128","43","4.0778210116731515","11","257","208","9.377431906614786","0","0","0","7.782101167315175","43","4.048611111111111","9","288","249","9.284722222222221","0","0","0","4.861111111111111","43","4.04074074074074","7","270","239","9.118518518518519","0","0","0","4.074074074074074","43","4.054545454545455","7","275","284","9.36","0","0","0","5.454545454545454","43","4.061728395061729","9","243","261","9.308641975308642","0","0","0","6.172839506172839"
,"44","3.965065502183406","12","229","212","9.31004366812227","2.6200873362445414","2.6200873362445414","0","4.366812227074236","44","4.008771929824562","12","228","207","9.526315789473685","2.6315789473684212","1.7543859649122806","6.140350877192983","0","44","3.953781512605042","9","238","207","9.277310924369749","1.680672268907563","0.8403361344537815","0","2.100840336134454","44","4.054545454545455","6","275","234","9.156363636363636","3.6363636363636362","4.7272727272727275","5.090909090909091","1.8181818181818181","44","4.048148148148148","12","270","259","9.266666666666667","0","2.962962962962963","2.5925925925925926","3.7037037037037037","44","3.97265625","11","256","242","9.1015625","5.078125","6.25","0.78125","1.5625","44","4.15748031496063","12","254","236","9.173228346456693","4.330708661417323","3.543307086614173","4.724409448818897","8.661417322834646","44","3.9651162790697674","8","258","254","9.248062015503876","2.3255813953488373","1.550387596899225","1.937984496124031","4.263565891472868","44","4.129166666666666","10","240","247","9.258333333333333","2.0833333333333335","5","3.75","4.583333333333333","44","3.937007874015748","13","254","308","9.275590551181102","5.905511811023622","2.3622047244094486","0.7874015748031497","1.5748031496062993","44","4","6","286","256","9.223776223776223","0","0","0","0","44","4","7","278","226","9.129496402877697","0","0","0","0","44","4","6","237","219","9.324894514767932","0","0","0","0","44","4","4","241","214","9.195020746887966","0","0","0","0","44","4","8","259","263","9.281853281853282","0","0","0","0","44","4","11","238","228","9.403361344537815","0","0","0","0","44","4","16","251","283","9.394422310756973","0","0","0","0","44","4","5","248","219","8.96774193548387","0","0","0","0","44","4","12","258","268","9.186046511627907","0","0","0","0","44","4","3","244","205","9.37704918032787","0","0","0","0","44","4.004329004329004","6","231","229","9.220779220779221","0","0","0","0.4329004329004329","44","4.016666666666667","9","240","240","9.383333333333333","0","0","0","1.6666666666666667","44","4.008097165991903","13","247","247","9.165991902834008","0","0","0","0.8097165991902834","44","4","11","220","248","9.318181818181818","0","0","0","0","44","4.007662835249042","4","261","209","9.118773946360154","0","0","0","0.7662835249042146","44","4.012396694214876","12","242","239","9.388429752066116","0","0","0","1.2396694214876034","44","4.015503875968992","15","258","265","9.34108527131783","0","0","0","1.550387596899225","44","4.012448132780083","6","241","246","9.103734439834025","0","0","0","1.2448132780082988","44","4.010948905109489","10","274","286","9.416058394160585","0","0","0","1.094890510948905","44","4.007326007326007","15","273","320","9.260073260073261","0","0","0","0.7326007326007326","44","4.036231884057971","12","276","242","9.289855072463768","0","0","0","3.6231884057971016","44","4.049808429118774","12","261","272","9.218390804597702","0","0","0","4.980842911877395","44","4.0285714285714285","7","245","239","9.257142857142858","0","0","0","2.857142857142857","44","4.02491103202847","5","281","262","9.167259786476869","0","0","0","2.491103202846975","44","4.049586776859504","13","242","268","9.37190082644628","0","0","0","5.371900826446281","44","4.062256809338521","11","257","208","9.377431906614786","0","0","0","6.22568093385214","44","4.028169014084507","11","284","249","9.133802816901408","0","0","0","2.816901408450704","44","4.026022304832714","7","269","239","9.078066914498141","0","0","0","2.6022304832713754","44","4.047445255474453","7","274","284","9.321167883211679","0","0","0","4.744525547445256","44","4.0578512396694215","9","242","261","9.264462809917354","0","0","0","5.785123966942149"
,"45","3.9691629955947136","12","227","212","9.215859030837004","2.643171806167401","2.643171806167401","0","4.405286343612334","45","4.008849557522124","13","226","207","9.442477876106194","2.6548672566371683","1.7699115044247788","6.1946902654867255","0","45","3.9617021276595743","9","235","207","9.182978723404256","1.702127659574468","0.851063829787234","0","2.127659574468085","45","4.055350553505535","7","271","234","9.011070110701107","3.690036900369004","4.797047970479705","5.166051660516605","1.845018450184502","45","4.048689138576779","13","267","259","9.161048689138577","0","2.9962546816479403","2.6217228464419478","3.745318352059925","45","3.9725490196078432","11","255","242","9.074509803921568","5.098039215686274","6.2745098039215685","0.7843137254901961","1.5686274509803921","45","4.145669291338582","12","254","236","9.173228346456693","3.937007874015748","3.1496062992125986","4.724409448818897","8.26771653543307","45","3.9651162790697674","8","258","254","9.248062015503876","2.3255813953488373","1.550387596899225","1.937984496124031","4.263565891472868","45","4.129166666666666","10","240","247","9.258333333333333","2.5","5","3.75","4.166666666666667","45","3.9365079365079363","13","252","308","9.19047619047619","6.349206349206349","2.380952380952381","0.7936507936507936","1.5873015873015872","45","4","6","286","256","9.223776223776223","0","0","0","0","45","4.003597122302159","7","278","226","9.129496402877697","0","0","0","0.3597122302158273","45","4.004237288135593","6","236","219","9.288135593220339","0","0","0","0.423728813559322","45","4","4","241","214","9.195020746887966","0","0","0","0","45","4","8","258","263","9.24031007751938","0","0","0","0","45","4","11","235","228","9.268085106382978","0","0","0","0","45","4","16","251","283","9.394422310756973","0","0","0","0","45","4","6","247","219","8.923076923076923","0","0","0","0","45","4","13","255","268","9.066666666666666","0","0","0","0","45","4.008264462809917","4","242","205","9.289256198347108","0","0","0","0.8264462809917356","45","4","6","231","229","9.220779220779221","0","0","0","0","45","4","9","240","240","9.383333333333333","0","0","0","0","45","4.008097165991903","13","247","247","9.165991902834008","0","0","0","0.8097165991902834","45","4.013636363636364","11","220","248","9.318181818181818","0","0","0","1.3636363636363635","45","4.007662835249042","4","261","209","9.118773946360154","0","0","0","0.7662835249042146","45","4.016666666666667","12","240","239","9.3","0","0","0","1.6666666666666667","45","4.011627906976744","15","258","265","9.34108527131783","0","0","0","1.1627906976744187","45","4.016597510373444","6","241","246","9.103734439834025","0","0","0","1.6597510373443984","45","4.010948905109489","10","274","286","9.416058394160585","0","0","0","1.094890510948905","45","4.007352941176471","15","272","320","9.220588235294118","0","0","0","0.7352941176470589","45","4.029197080291971","12","274","242","9.211678832116789","0","0","0","2.9197080291970803","45","4.05019305019305","12","259","272","9.150579150579151","0","0","0","5.019305019305019","45","4.03265306122449","7","245","239","9.257142857142858","0","0","0","3.2653061224489797","45","4.01423487544484","5","281","262","9.167259786476869","0","0","0","1.4234875444839858","45","4.054166666666666","13","240","268","9.3","0","0","0","5.833333333333333","45","4.066147859922179","11","257","208","9.377431906614786","0","0","0","6.614785992217898","45","4.042253521126761","11","284","249","9.133802816901408","0","0","0","4.225352112676056","45","4.04089219330855","7","269","239","9.078066914498141","0","0","0","4.089219330855019","45","4.065934065934066","7","273","284","9.282051282051283","0","0","0","6.593406593406593","45","4.053941908713693","9","241","261","9.219917012448132","0","0","0","5.394190871369295"
,"46","3.9690265486725664","12","226","236","9.380530973451327","2.6548672566371683","2.6548672566371683","0","4.424778761061947","46","4.013333333333334","13","225","221","9.528888888888888","2.6666666666666665","1.3333333333333333","6.222222222222222","0","46","3.970212765957447","9","235","222","9.310638297872341","1.702127659574468","0.851063829787234","0","2.127659574468085","46","4.055555555555555","7","270","268","9.237037037037037","3.7037037037037037","4.444444444444445","5.185185185185185","1.8518518518518519","46","4.049056603773585","14","265","281","9.252830188679246","0","3.018867924528302","2.641509433962264","3.7735849056603774","46","3.9725490196078432","11","255","272","9.309803921568628","5.098039215686274","6.2745098039215685","0.7843137254901961","1.5686274509803921","46","4.150197628458498","13","253","259","9.320158102766799","4.3478260869565215","3.1620553359683794","4.743083003952569","8.300395256916996","46","3.9651162790697674","8","258","269","9.364341085271318","2.3255813953488373","1.550387596899225","1.937984496124031","4.263565891472868","46","4.129707112970712","10","239","258","9.305439330543933","2.092050209205021","5.02092050209205","3.7656903765690375","4.602510460251046","46","3.948","14","250","330","9.28","7.2","2.4","0.8","1.6","46","4","6","286","278","9.377622377622378","0","0","0","0","46","4","8","277","239","9.184115523465705","0","0","0","0","46","4","6","235","231","9.34468085106383","0","0","0","0","46","4","5","240","227","9.266666666666667","0","0","0","0","46","4","8","256","285","9.328125","0","0","0","0","46","4","11","235","248","9.438297872340426","0","0","0","0","46","4","16","250","296","9.456","0","0","0","0","46","4","6","247","248","9.157894736842104","0","0","0","0","46","4","14","254","294","9.228346456692913","0","0","0","0","46","4","4","242","215","9.37190082644628","0","0","0","0","46","4.004329004329004","6","231","248","9.385281385281385","0","0","0","0.4329004329004329","46","4.0125","9","240","249","9.458333333333334","0","0","0","1.25","46","4.016194331983805","13","247","258","9.255060728744938","0","0","0","1.6194331983805668","46","4","11","220","257","9.4","0","0","0","0","46","4.007662835249042","4","261","227","9.256704980842912","0","0","0","0.7662835249042146","46","4.01255230125523","12","239","256","9.397489539748953","0","0","0","1.2552301255230125","46","4.011627906976744","15","258","277","9.434108527131784","0","0","0","1.1627906976744187","46","4.012605042016807","7","238","272","9.193277310924369","0","0","0","1.2605042016806722","46","4.007326007326007","10","273","299","9.523809523809524","0","0","0","0.7326007326007326","46","4.007380073800738","16","271","348","9.387453874538746","0","0","0","0.7380073800738007","46","4.04014598540146","12","274","264","9.372262773722628","0","0","0","4.014598540145985","46","4.05019305019305","12","259","294","9.32046332046332","0","0","0","5.019305019305019","46","4.02880658436214","7","243","249","9.308641975308642","0","0","0","2.880658436213992","46","4.042857142857143","5","280","282","9.271428571428572","0","0","0","4.285714285714286","46","4.042016806722689","15","238","289","9.394957983193278","0","0","0","4.621848739495798","46","4.06640625","11","256","223","9.453125","0","0","0","6.640625","46","4.035211267605634","11","284","274","9.309859154929578","0","0","0","3.5211267605633805","46","4.022304832713755","7","269","262","9.24907063197026","0","0","0","2.2304832713754648","46","4.055147058823529","7","272","302","9.375","0","0","0","5.514705882352941","46","4.058091286307054","9","241","279","9.369294605809129","0","0","0","5.809128630705394"
,"47","3.9690265486725664","12","226","236","9.380530973451327","2.6548672566371683","2.6548672566371683","0","4.424778761061947","47","4.017937219730942","13","223","221","9.434977578475337","2.690582959641256","0.8968609865470852","6.278026905829597","0","47","3.970212765957447","9","235","222","9.310638297872341","1.702127659574468","0.851063829787234","0","2.127659574468085","47","4.055762081784387","7","269","268","9.197026022304833","3.717472118959108","4.4609665427509295","4.83271375464684","1.858736059479554","47","4.049242424242424","15","264","281","9.212121212121213","0","3.0303030303030303","2.6515151515151514","3.787878787878788","47","3.97244094488189","12","254","272","9.26771653543307","5.118110236220472","6.299212598425197","0.7874015748031497","1.5748031496062993","47","4.147410358565737","14","251","259","9.243027888446216","3.9840637450199203","3.187250996015936","4.780876494023905","8.366533864541832","47","3.9651162790697674","8","258","269","9.364341085271318","2.3255813953488373","1.550387596899225","1.937984496124031","4.263565891472868","47","4.123404255319149","10","235","258","9.191489361702128","2.127659574468085","5.1063829787234045","3.404255319148936","3.8297872340425534","47","3.944","14","250","330","9.28","7.2","2.4","0.8","1.6","47","4","7","284","278","9.309859154929578","0","0","0","0","47","4.003623188405797","9","276","239","9.144927536231885","0","0","0","0.36231884057971014","47","4.004255319148936","6","235","231","9.34468085106383","0","0","0","0.425531914893617","47","4","7","238","227","9.176470588235293","0","0","0","0","47","4","8","256","285","9.328125","0","0","0","0","47","4","12","233","248","9.34763948497854","0","0","0","0","47","4","16","248","296","9.379032258064516","0","0","0","0","47","4","7","245","248","9.06938775510204","0","0","0","0","47","4","16","251","294","9.099601593625499","0","0","0","0","47","4.008298755186722","4","241","215","9.32780082987552","0","0","0","0.8298755186721992","47","4","7","228","248","9.24561403508772","0","0","0","0","47","4.00418410041841","9","239","249","9.414225941422593","0","0","0","0.41841004184100417","47","4.004065040650406","13","246","258","9.211382113821138","0","0","0","0.4065040650406504","47","4.013636363636364","11","220","257","9.4","0","0","0","1.3636363636363635","47","4.007692307692308","5","260","227","9.215384615384615","0","0","0","0.7692307692307693","47","4.012658227848101","12","237","256","9.308016877637131","0","0","0","1.2658227848101267","47","4.011857707509882","17","253","277","9.233201581027668","0","0","0","1.1857707509881423","47","4.0168776371308015","7","237","272","9.147679324894515","0","0","0","1.6877637130801688","47","4.010989010989011","10","273","299","9.523809523809524","0","0","0","1.098901098901099","47","4.011070110701107","16","271","348","9.387453874538746","0","0","0","1.1070110701107012","47","4.036764705882353","13","272","264","9.294117647058824","0","0","0","3.676470588235294","47","4.050387596899225","12","258","294","9.279069767441861","0","0","0","5.038759689922481","47","4.012448132780083","7","241","249","9.244813278008298","0","0","0","1.2448132780082988","47","4.017857142857143","5","280","282","9.271428571428572","0","0","0","1.7857142857142858","47","4.051063829787234","16","235","289","9.293617021276596","0","0","0","5.531914893617022","47","4.0703125","11","256","223","9.453125","0","0","0","7.03125","47","4.039007092198582","12","282","274","9.23404255319149","0","0","0","3.900709219858156","47","4.044776119402985","8","268","262","9.208955223880597","0","0","0","4.477611940298507","47","4.044280442804428","7","271","302","9.343173431734318","0","0","0","4.428044280442805","47","4.058333333333334","9","240","279","9.325","0","0","0","5.833333333333333"
,"48","3.9732142857142856","14","224","236","9.294642857142858","2.6785714285714284","2.6785714285714284","0","4.464285714285714","48","4.0181818181818185","14","220","221","9.309090909090909","2.727272727272727","0.9090909090909091","6.363636363636363","0","48","3.974468085106383","9","235","222","9.310638297872341","1.702127659574468","0.851063829787234","0","2.5531914893617023","48","4.055762081784387","7","269","268","9.197026022304833","3.717472118959108","4.4609665427509295","4.4609665427509295","1.858736059479554","48","4.049242424242424","15","264","281","9.212121212121213","0","3.0303030303030303","2.6515151515151514","3.787878787878788","48","3.97244094488189","12","254","272","9.26771653543307","5.118110236220472","6.299212598425197","0.7874015748031497","1.5748031496062993","48","4.148","14","250","259","9.24","4","3.2","4.8","8.4","48","3.964980544747082","8","257","269","9.32295719844358","2.3346303501945527","1.556420233463035","1.9455252918287937","4.280155642023346","48","4.124463519313305","11","233","258","9.098712446351932","2.1459227467811157","5.150214592274678","3.004291845493562","3.8626609442060085","48","3.9477911646586343","14","249","330","9.236947791164658","7.228915662650603","2.4096385542168677","0.8032128514056225","1.606425702811245","48","4","8","283","278","9.27208480565371","0","0","0","0","48","4","10","275","239","9.112727272727273","0","0","0","0","48","4","6","235","231","9.34468085106383","0","0","0","0","48","4","7","238","227","9.176470588235293","0","0","0","0","48","4","8","256","285","9.328125","0","0","0","0","48","4","13","232","248","9.301724137931034","0","0","0","0","48","4","16","248","296","9.379032258064516","0","0","0","0","48","4","7","244","248","9.032786885245901","0","0","0","0","48","4","16","251","294","9.099601593625499","0","0","0","0","48","4","4","239","215","9.280334728033473","0","0","0","0","48","4.0088888888888885","8","225","248","9.102222222222222","0","0","0","0.8888888888888888","48","4.016949152542373","9","236","249","9.288135593220339","0","0","0","1.694915254237288","48","4","14","245","258","9.16734693877551","0","0","0","0","48","4","11","218","257","9.302752293577981","0","0","0","0","48","4.007722007722008","5","259","227","9.173745173745173","0","0","0","0.7722007722007722","48","4.0210970464135025","12","237","256","9.308016877637131","0","0","0","2.109704641350211","48","4.011857707509882","17","253","277","9.233201581027668","0","0","0","1.1857707509881423","48","4.012658227848101","7","237","272","9.147679324894515","0","0","0","1.2658227848101267","48","4.007352941176471","11","272","299","9.485294117647058","0","0","0","0.7352941176470589","48","4.011152416356877","16","269","348","9.308550185873607","0","0","0","1.1152416356877324","48","4.022222222222222","13","270","264","9.222222222222221","0","0","0","2.2222222222222223","48","4.054263565891473","12","258","294","9.279069767441861","0","0","0","5.426356589147287","48","4.029166666666667","7","240","249","9.2","0","0","0","2.9166666666666665","48","4.028776978417266","5","278","282","9.194244604316546","0","0","0","2.8776978417266186","48","4.034334763948498","17","233","289","9.21030042918455","0","0","0","3.8626609442060085","48","4.0703125","11","256","223","9.453125","0","0","0","7.03125","48","4.039285714285715","14","280","274","9.164285714285715","0","0","0","3.9285714285714284","48","4.0335820895522385","8","268","262","9.208955223880597","0","0","0","3.3582089552238807","48","4.0559701492537314","10","268","302","9.246268656716419","0","0","0","5.597014925373134","48","4.071428571428571","9","238","279","9.302521008403362","0","0","0","7.142857142857143"
,"49","3.7914893617021277","14","235","258","9.37872340425532","4.680851063829787","3.404255319148936","1.702127659574468","6.382978723404255","49","3.5772357723577235","15","246","243","9.073170731707316","6.504065040650406","2.845528455284553","8.130081300813009","4.878048780487805","49","3.6484375","9","256","234","9.2421875","3.90625","5.078125","2.734375","5.46875","49","3.8175438596491227","8","285","295","9.375438596491229","5.964912280701754","5.964912280701754","5.614035087719298","3.508771929824561","49","3.685121107266436","15","289","299","9.121107266435986","3.114186851211073","5.190311418685121","5.882352941176471","3.8062283737024223","49","3.629496402877698","12","278","290","9.129496402877697","8.992805755395683","8.992805755395683","1.7985611510791366","5.0359712230215825","49","3.973076923076923","14","260","280","9.438461538461539","5.769230769230769","5","6.538461538461538","8.846153846153847","49","3.758364312267658","10","269","283","9.338289962825279","4.4609665427509295","3.717472118959108","3.717472118959108","5.204460966542751","49","3.6911196911196913","11","259","280","9.027027027027026","6.94980694980695","7.722007722007722","6.563706563706564","6.94980694980695","49","3.651685393258427","15","267","352","9.288389513108614","9.363295880149813","4.49438202247191","3.3707865168539324","2.9962546816479403","49","3.9303135888501743","8","287","299","9.512195121951219","0.6968641114982579","0.6968641114982579","0.6968641114982579","0.6968641114982579","49","3.7176870748299318","12","294","261","9.170068027210885","3.401360544217687","1.7006802721088434","2.7210884353741496","2.380952380952381","49","3.688976377952756","7","254","242","9.196850393700787","2.7559055118110236","2.3622047244094486","2.7559055118110236","1.5748031496062993","49","3.8072289156626504","8","249","248","9.38152610441767","0.40160642570281124","2.0080321285140563","2.0080321285140563","1.606425702811245","49","3.8059701492537314","8","268","298","9.32089552238806","1.8656716417910448","2.611940298507463","1.492537313432836","2.2388059701492535","49","3.9322033898305087","13","236","268","9.559322033898304","1.271186440677966","0.847457627118644","1.694915254237288","0.423728813559322","49","3.687732342007435","16","269","311","9.278810408921933","2.6022304832713754","2.6022304832713754","3.345724907063197","2.973977695167286","49","3.8464566929133857","7","254","272","9.354330708661417","1.1811023622047243","1.1811023622047243","1.968503937007874","1.5748031496062993","49","3.802281368821293","17","263","312","9.368821292775666","2.2813688212927756","2.2813688212927756","1.520912547528517","1.1406844106463878","49","3.6436781609195403","5","261","228","9.088122605363985","3.8314176245210727","2.2988505747126435","4.597701149425287","3.8314176245210727","49","3.5823293172690764","8","249","281","9.180722891566266","3.6144578313253013","2.8112449799196786","4.417670682730924","2.8112449799196786","49","3.8847736625514404","9","243","269","9.440329218106996","2.05761316872428","0.823045267489712","1.2345679012345678","0.823045267489712","49","3.6356877323420074","14","269","274","9.115241635687733","1.858736059479554","3.345724907063197","4.089219330855019","6.319702602230484","49","3.7094017094017095","11","234","271","9.23076923076923","3.8461538461538463","2.1367521367521367","2.5641025641025643","3.4188034188034186","49","3.7859778597785976","6","271","251","9.313653136531366","1.1070110701107012","2.2140221402214024","2.2140221402214024","2.2140221402214024","49","3.8346774193548385","12","248","284","9.403225806451612","2.0161290322580645","1.2096774193548387","1.2096774193548387","2.8225806451612905","49","3.888888888888889","17","261","300","9.46360153256705","1.5325670498084292","1.1494252873563218","0.3831417624521073","3.4482758620689653","49","3.8536585365853657","7","246","292","9.382113821138212","1.6260162601626016","1.6260162601626016","1.6260162601626016","2.4390243902439024","49","3.8274647887323945","11","284","313","9.408450704225352","2.112676056338028","2.112676056338028","1.408450704225352","2.464788732394366","49","3.7197231833910034","16","289","373","9.301038062283737","2.7681660899653977","2.422145328719723","2.0761245674740483","4.498269896193771","49","3.7867132867132867","15","286","285","9.377622377622378","1.7482517482517483","2.4475524475524475","1.7482517482517483","5.944055944055944","49","3.888059701492537","12","268","309","9.350746268656716","0.746268656716418","1.492537313432836","1.8656716417910448","6.343283582089552","49","3.83399209486166","7","253","274","9.264822134387352","1.1857707509881423","2.766798418972332","1.5810276679841897","5.928853754940712","49","3.865051903114187","5","289","306","9.321799307958477","1.0380622837370241","2.0761245674740483","2.0761245674740483","3.4602076124567476","49","3.7233201581027666","18","253","316","9.130434782608695","2.766798418972332","2.3715415019762847","2.766798418972332","7.905138339920948","49","3.9961089494163424","13","257","232","9.54863813229572","0.7782101167315175","1.1673151750972763","0.38910505836575876","7.782101167315175","49","3.83617747440273","14","293","304","9.255972696245733","1.7064846416382253","1.7064846416382253","1.023890784982935","5.802047781569966","49","3.7534722222222223","8","288","277","9.215277777777779","2.4305555555555554","3.4722222222222223","3.125","5.902777777777778","49","3.754325259515571","10","289","326","9.245674740484429","1.3840830449826989","2.422145328719723","2.0761245674740483","7.958477508650519","49","3.946938775510204","9","245","289","9.453061224489796","0.8163265306122449","1.6326530612244898","1.2244897959183674","7.346938775510204"
,"50","3.9914529914529915","14","234","258","9.333333333333334","2.5641025641025643","2.5641025641025643","0","5.555555555555555","50","4.040650406504065","15","246","243","9.073170731707316","4.878048780487805","2.4390243902439024","5.691056910569106","2.4390243902439024","50","3.99609375","9","256","234","9.2421875","2.34375","3.125","1.171875","1.953125","50","4.063380281690141","9","284","295","9.338028169014084","3.5211267605633805","5.28169014084507","4.225352112676056","1.7605633802816902","50","4.024305555555555","15","288","299","9.083333333333334","0","3.4722222222222223","2.4305555555555554","3.4722222222222223","50","3.9819494584837547","13","277","290","9.090252707581227","6.137184115523466","6.859205776173285","0.7220216606498195","3.6101083032490973","50","4.173076923076923","14","260","280","9.438461538461539","5.384615384615385","3.4615384615384617","4.615384615384615","8.461538461538462","50","3.958955223880597","10","268","283","9.298507462686567","2.611940298507463","1.492537313432836","1.8656716417910448","3.7313432835820897","50","4.135135135135135","11","259","280","9.027027027027026","3.861003861003861","5.405405405405405","2.7027027027027026","4.633204633204633","50","3.943396226415094","16","265","352","9.237735849056603","5.660377358490566","1.8867924528301887","1.1320754716981132","0.7547169811320755","50","4","8","287","299","9.512195121951219","0","0","0","0","50","3.9863945578231292","12","294","261","9.170068027210885","0.3401360544217687","0.3401360544217687","0.3401360544217687","0","50","3.9801587301587302","9","252","242","9.11111111111111","0","0.3968253968253968","0.3968253968253968","0","50","4","8","247","248","9.295546558704453","0","0.4048582995951417","0","0","50","4.007490636704119","9","267","298","9.280898876404494","0","0.7490636704119851","0","0","50","4.004273504273504","14","234","268","9.47008547008547","0","0","0.42735042735042733","0","50","4.003717472118959","16","269","311","9.278810408921933","0","0.37174721189591076","0","0.37174721189591076","50","4.008","7","250","272","9.224","0","0","0.8","0","50","3.99618320610687","18","262","312","9.32824427480916","0","0","0","0","50","4","5","259","228","9.003861003861005","0","0","0","0","50","4.004048582995951","8","247","281","9.133603238866396","0","0","0.4048582995951417","0.4048582995951417","50","4.012345679012346","9","243","269","9.440329218106996","0","0","0","1.2345679012345678","50","3.992565055762082","14","269","274","9.115241635687733","0","0","0","0","50","3.9914529914529915","11","234","271","9.23076923076923","0.42735042735042733","0","0","0.42735042735042733","50","4.011111111111111","6","270","251","9.274074074074074","0","0","0.37037037037037035","0.7407407407407407","50","4.012096774193548","12","248","284","9.403225806451612","0","0","0.4032258064516129","0.8064516129032258","50","4.011494252873563","17","261","300","9.46360153256705","0","0","0","1.1494252873563218","50","4.004098360655738","9","244","292","9.295081967213115","0","0","0","1.2295081967213115","50","4.010600706713781","11","283","313","9.371024734982333","0","0","0","1.0600706713780919","50","4.010380622837371","16","289","373","9.301038062283737","0","0","0","1.0380622837370241","50","4.031578947368421","16","285","285","9.340350877192982","0","0","0","3.1578947368421053","50","4.041353383458647","12","266","309","9.270676691729323","0","0","0","4.135338345864661","50","4.028112449799197","7","249","274","9.092369477911646","0","0","0","2.8112449799196786","50","4.038194444444445","6","288","306","9.284722222222221","0","0","0","3.8194444444444446","50","4.027777777777778","19","252","316","9.087301587301587","0","0","0","3.9682539682539684","50","4.085603112840467","13","257","232","9.54863813229572","0","0","0","8.560311284046692","50","4.041095890410959","15","292","304","9.219178082191782","0","0","0.3424657534246575","4.109589041095891","50","4.031468531468532","8","286","277","9.13986013986014","0","0","0","3.1468531468531467","50","4.0588235294117645","10","289","326","9.245674740484429","0","0","0","5.882352941176471","50","4.069387755102041","9","245","289","9.453061224489796","0","0","0","6.938775510204081"
,"51","3.9914163090128754","14","233","258","9.28755364806867","2.575107296137339","2.575107296137339","0","5.579399141630901","51","4.044897959183674","15","245","243","9.085714285714285","4.8979591836734695","2.4489795918367347","5.3061224489795915","1.6326530612244898","51","3.984313725490196","9","255","234","9.2","2.3529411764705883","2.3529411764705883","0.7843137254901961","1.9607843137254901","51","4.063604240282685","9","283","295","9.30035335689046","3.5335689045936394","4.946996466431095","4.240282685512367","1.7667844522968197","51","4.034965034965035","16","286","299","9.006993006993007","0","3.1468531468531467","2.4475524475524475","3.4965034965034967","51","3.9819494584837547","13","277","290","9.090252707581227","6.498194945848375","6.137184115523466","0.7220216606498195","3.6101083032490973","51","4.155642023346304","15","257","280","9.32295719844358","5.058365758754864","2.7237354085603114","4.280155642023346","8.171206225680933","51","3.962686567164179","10","268","283","9.298507462686567","2.2388059701492535","1.492537313432836","1.8656716417910448","3.7313432835820897","51","4.138996138996139","11","259","280","9.027027027027026","3.861003861003861","5.405405405405405","2.7027027027027026","5.019305019305019","51","3.9356060606060606","16","264","352","9.196969696969697","5.681818181818182","2.272727272727273","0.7575757575757576","0","51","4","8","286","299","9.48951048951049","0","0","0","0","51","3.989795918367347","12","294","261","9.170068027210885","0","0","0.3401360544217687","0.3401360544217687","51","3.996031746031746","9","252","242","9.11111111111111","0","0","0","0.3968253968253968","51","4.004081632653061","9","245","248","9.208163265306123","0","0.40816326530612246","0","0","51","4.003759398496241","10","266","298","9.240601503759398","0","0.37593984962406013","0","0","51","4.0042918454935625","14","233","268","9.42489270386266","0","0","0.4291845493562232","0","51","4","16","268","311","9.238805970149254","0","0.373134328358209","0","0","51","4.012","7","250","272","9.224","0","0","0.4","0.8","51","3.99618320610687","18","262","312","9.32824427480916","0","0","0","0","51","4.011583011583012","5","259","228","9.003861003861005","0","0","0","1.1583011583011582","51","4","8","247","281","9.133603238866396","0","0","0.4048582995951417","0","51","4.008264462809917","10","242","269","9.396694214876034","0","0","0","0.8264462809917356","51","4.003731343283582","14","268","274","9.08955223880597","0","0","0","0.746268656716418","51","4.017241379310345","11","232","271","9.206896551724139","0","0","0","1.7241379310344827","51","4.007407407407407","6","270","251","9.274074074074074","0","0","0","0.7407407407407407","51","4.028455284552845","12","246","284","9.317073170731707","0","0","0","2.845528455284553","51","4.011583011583012","18","259","300","9.382239382239382","0","0","0","1.1583011583011582","51","4.012345679012346","9","243","292","9.251028806584362","0","0","0","1.646090534979424","51","4.01063829787234","11","282","313","9.333333333333334","0","0","0","1.0638297872340425","51","4.010380622837371","16","289","373","9.301038062283737","0","0","0","1.0380622837370241","51","4.03859649122807","16","285","285","9.340350877192982","0","0","0","3.8596491228070176","51","4.064638783269962","13","263","309","9.14828897338403","0","0","0","6.4638783269961975","51","4.044534412955466","8","247","274","9.020242914979757","0","0","0","4.4534412955465585","51","4.02787456445993","6","287","306","9.247386759581882","0","0","0","2.7874564459930316","51","4.044","19","250","316","9","0","0","0","5.2","51","4.0778210116731515","13","257","232","9.54863813229572","0","0","0","7.782101167315175","51","4.048109965635739","16","291","304","9.18213058419244","0","0","0","4.810996563573883","51","4.067137809187279","10","283","277","9.031802120141343","0","0","0","6.713780918727915","51","4.048442906574395","10","289","326","9.245674740484429","0","0","0","4.844290657439446","51","4.061475409836065","9","244","289","9.40983606557377","0","0","0","6.147540983606557"
,"52","3.9914163090128754","14","233","269","9.381974248927039","2.575107296137339","2.575107296137339","0","5.579399141630901","52","4.05327868852459","16","244","257","9.155737704918034","5.327868852459017","1.639344262295082","5.737704918032787","1.639344262295082","52","3.9686274509803923","9","255","239","9.239215686274509","2.3529411764705883","0.7843137254901961","0.7843137254901961","1.9607843137254901","52","4.056737588652482","9","282","308","9.354609929078014","3.5460992907801416","4.609929078014185","3.900709219858156","1.7730496453900708","52","4.038461538461538","16","286","320","9.153846153846153","0","3.1468531468531467","2.4475524475524475","3.4965034965034967","52","3.9747292418772564","13","277","303","9.184115523465705","6.498194945848375","5.415162454873646","0.7220216606498195","3.6101083032490973","52","4.14453125","15","256","300","9.4375","5.46875","2.34375","3.90625","8.203125","52","3.9584905660377356","11","265","289","9.222641509433963","2.2641509433962264","1.509433962264151","1.8867924528301887","3.7735849056603774","52","4.136186770428016","11","257","288","9.050583657587548","3.8910505836575875","5.447470817120623","2.7237354085603114","4.669260700389105","52","3.928030303030303","16","264","366","9.303030303030303","5.681818181818182","1.5151515151515151","0.7575757575757576","0","52","4","9","282","310","9.418439716312056","0","0","0","0","52","4","12","293","275","9.228668941979523","0","0","0","0","52","4","9","252","252","9.19047619047619","0","0","0","0","52","4.004081632653061","9","245","270","9.387755102040817","0","0.40816326530612246","0","0","52","4.003773584905661","10","265","315","9.328301886792453","0","0.37735849056603776","0","0","52","4.004310344827586","14","232","280","9.491379310344827","0","0","0.43103448275862066","0","52","4","17","267","317","9.243445692883896","0","0","0","0","52","4.004016064257028","7","249","291","9.34136546184739","0","0","0.40160642570281124","0","52","4","19","260","330","9.392307692307693","0","0","0","0","52","4","5","259","253","9.196911196911197","0","0","0","0","52","4","8","247","296","9.255060728744938","0","0","0","0.4048582995951417","52","4.00836820083682","10","239","276","9.338912133891213","0","0","0","0.8368200836820083","52","3.996268656716418","14","268","286","9.17910447761194","0","0","0","0","52","4.004366812227074","11","229","284","9.179039301310043","0","0","0","0.4366812227074236","52","4.007434944237918","6","269","267","9.353159851301115","0","0","0","0.7434944237918215","52","4.008130081300813","12","246","295","9.40650406504065","0","0","0","0.8130081300813008","52","4.011583011583012","18","259","315","9.498069498069498","0","0","0","1.1583011583011582","52","4.012345679012346","9","243","305","9.358024691358025","0","0","0","1.2345679012345678","52","4.017921146953405","13","279","323","9.304659498207885","0","0","0","1.7921146953405018","52","4.010380622837371","16","289","380","9.349480968858131","0","0","0","1.0380622837370241","52","4.042253521126761","16","284","300","9.408450704225352","0","0","0","4.225352112676056","52","4.038022813688213","13","263","331","9.315589353612168","0","0","0","3.802281368821293","52","4.028455284552845","8","246","303","9.211382113821138","0","0","0","2.845528455284553","52","4.041811846689895","6","287","322","9.358885017421603","0","0","0","4.181184668989547","52","4.032","19","250","333","9.136","0","0","0","4","52","4.08235294117647","13","255","238","9.513725490196078","0","0","0","8.235294117647058","52","4.024221453287197","17","289","321","9.22491349480969","0","0","0","2.422145328719723","52","4.03886925795053","10","283","304","9.222614840989399","0","0","0","3.8869257950530036","52","4.062283737024221","10","289","334","9.301038062283737","0","0","0","6.228373702422146","52","4.065843621399177","9","243","293","9.39917695473251","0","0","0","6.584362139917696"
,"53","3.9914163090128754","14","233","269","9.381974248927039","2.575107296137339","2.575107296137339","0","5.579399141630901","53","4.06198347107438","17","242","257","9.066115702479339","5.785123966942149","1.6528925619834711","5.371900826446281","1.6528925619834711","53","3.9686274509803923","9","255","239","9.239215686274509","2.3529411764705883","0.7843137254901961","0.7843137254901961","1.9607843137254901","53","4.05","10","280","308","9.314285714285715","3.5714285714285716","4.285714285714286","3.5714285714285716","1.7857142857142858","53","4.03859649122807","16","285","320","9.115789473684211","0","3.1578947368421053","2.456140350877193","3.508771929824561","53","3.9783393501805056","13","277","303","9.184115523465705","6.498194945848375","5.776173285198556","0.7220216606498195","3.6101083032490973","53","4.137254901960785","16","255","300","9.39607843137255","5.098039215686274","2.3529411764705883","3.5294117647058822","8.235294117647058","53","3.9618320610687023","12","262","289","9.106870229007633","2.2900763358778624","1.5267175572519085","1.9083969465648856","3.816793893129771","53","4.136186770428016","11","257","288","9.050583657587548","3.8910505836575875","5.447470817120623","2.7237354085603114","4.669260700389105","53","3.9277566539923954","16","263","366","9.262357414448669","5.7034220532319395","1.520912547528517","0.7604562737642585","0","53","4","9","282","310","9.418439716312056","0","0","0","0","53","4.0034364261168385","12","291","275","9.18213058419244","0","0","0","0.3436426116838488","53","4.00398406374502","9","251","252","9.147410358565738","0","0","0","0.398406374501992","53","4.004115226337449","10","243","270","9.300411522633745","0","0.411522633744856","0","0","53","4.003773584905661","10","265","315","9.328301886792453","0","0.37735849056603776","0","0","53","4","14","232","280","9.491379310344827","0","0","0","0","53","4","18","266","317","9.210526315789474","0","0","0","0","53","4.008130081300813","8","246","291","9.21951219512195","0","0","0","0.8130081300813008","53","4","19","258","330","9.310077519379846","0","0","0","0","53","4.011627906976744","6","258","253","9.155038759689923","0","0","0","1.1627906976744187","53","4","9","242","296","9.082644628099173","0","0","0","0.4132231404958678","53","4","12","236","276","9.203389830508474","0","0","0","0","53","4.003731343283582","14","268","286","9.17910447761194","0","0","0","0.746268656716418","53","4.0174672489082965","11","229","284","9.179039301310043","0","0","0","1.7467248908296944","53","4.007434944237918","6","269","267","9.353159851301115","0","0","0","0.7434944237918215","53","4.016326530612245","13","245","295","9.371428571428572","0","0","0","1.6326530612244898","53","4.011627906976744","19","258","315","9.457364341085272","0","0","0","1.1627906976744187","53","4.016528925619835","9","242","305","9.314049586776859","0","0","0","1.6528925619834711","53","4.014440433212997","13","277","323","9.227436823104693","0","0","0","1.444043321299639","53","4.010416666666667","16","288","380","9.3125","0","0","0","1.0416666666666667","53","4.042402826855124","16","283","300","9.371024734982333","0","0","0","4.240282685512367","53","4.06083650190114","13","263","331","9.315589353612168","0","0","0","6.083650190114068","53","4.036585365853658","8","246","303","9.211382113821138","0","0","0","3.658536585365854","53","4.027972027972028","7","286","322","9.321678321678322","0","0","0","2.797202797202797","53","4.044176706827309","19","249","333","9.092369477911646","0","0","0","5.220883534136546","53","4.074803149606299","13","254","238","9.472440944881889","0","0","0","7.480314960629921","53","4.045138888888889","17","288","321","9.1875","0","0","0","4.513888888888889","53","4.067137809187279","10","283","304","9.222614840989399","0","0","0","6.713780918727915","53","4.072916666666667","11","288","334","9.26388888888889","0","0","0","7.291666666666667","53","4.070833333333334","10","240","293","9.266666666666667","0","0","0","7.083333333333333"
,"54","3.9913793103448274","14","232","269","9.344827586206897","2.586206896551724","2.586206896551724","0","5.603448275862069","54","4.070833333333334","17","240","257","8.983333333333333","6.25","1.6666666666666667","5","1.6666666666666667","54","3.9683794466403164","10","253","239","9.162055335968379","2.3715415019762847","0.7905138339920948","0.7905138339920948","1.976284584980237","54","4.05","10","280","308","9.314285714285715","3.5714285714285716","4.285714285714286","3.5714285714285716","1.7857142857142858","54","4.03886925795053","16","283","320","9.03886925795053","0","3.1802120141342756","2.4734982332155475","3.5335689045936394","54","3.9782608695652173","13","276","303","9.144927536231885","6.521739130434782","5.434782608695652","0.7246376811594203","3.6231884057971016","54","4.142292490118577","17","253","300","9.312252964426877","5.533596837944664","2.3715415019762847","3.5573122529644268","8.300395256916996","54","3.9578544061302683","12","261","289","9.065134099616857","2.2988505747126435","1.5325670498084292","1.9157088122605364","3.8314176245210727","54","4.136186770428016","11","257","288","9.050583657587548","3.8910505836575875","5.447470817120623","2.7237354085603114","4.669260700389105","54","3.9277566539923954","16","263","366","9.262357414448669","5.7034220532319395","1.520912547528517","0.7604562737642585","0","54","4","11","279","310","9.304659498207885","0","0","0","0","54","4","12","289","275","9.107266435986158","0","0","0","0","54","4","9","250","252","9.104","0","0","0","0","54","4.004149377593361","11","241","270","9.228215767634854","0","0.4149377593360996","0","0","54","4.003773584905661","10","265","315","9.328301886792453","0","0.37735849056603776","0","0","54","4","14","232","280","9.491379310344827","0","0","0","0","54","4","18","264","317","9.128787878787879","0","0","0","0","54","4","9","243","291","9.11111111111111","0","0","0","0","54","4","19","256","330","9.25","0","0","0","0","54","4","7","255","253","9.04313725490196","0","0","0","0","54","4","9","242","296","9.082644628099173","0","0","0","0.4132231404958678","54","4.008474576271187","12","236","276","9.203389830508474","0","0","0","0.847457627118644","54","4","14","268","286","9.17910447761194","0","0","0","0","54","4.004385964912281","12","228","284","9.131578947368421","0","0","0","0.43859649122807015","54","4.007462686567164","6","268","267","9.313432835820896","0","0","0","0.746268656716418","54","4.004098360655738","13","244","295","9.327868852459016","0","0","0","0.4098360655737705","54","4.011627906976744","19","258","315","9.457364341085272","0","0","0","1.1627906976744187","54","4.012396694214876","9","242","305","9.314049586776859","0","0","0","1.2396694214876034","54","4.010869565217392","13","276","323","9.18840579710145","0","0","0","1.0869565217391304","54","4.006993006993007","17","286","380","9.244755244755245","0","0","0","0.6993006993006993","54","4.035335689045937","16","283","300","9.371024734982333","0","0","0","3.5335689045936394","54","4.042307692307692","13","260","331","9.2","0","0","0","4.230769230769231","54","4.0285714285714285","9","245","303","9.16734693877551","0","0","0","2.857142857142857","54","4.03169014084507","7","284","322","9.274647887323944","0","0","0","3.1690140845070425","54","4.044176706827309","19","249","333","9.092369477911646","0","0","0","4.819277108433735","54","4.078740157480315","13","254","238","9.472440944881889","0","0","0","7.874015748031496","54","4.027972027972028","17","286","321","9.111888111888112","0","0","0","2.797202797202797","54","4.0212765957446805","10","282","304","9.184397163120567","0","0","0","2.127659574468085","54","4.048951048951049","12","286","334","9.195804195804195","0","0","0","4.895104895104895","54","4.05","10","240","293","9.266666666666667","0","0","0","5"
,"55","3.9913793103448274","14","232","282","9.456896551724139","2.586206896551724","2.586206896551724","0","5.603448275862069","55","4.079497907949791","17","239","281","9.138075313807532","7.112970711297071","1.6736401673640167","5.02092050209205","1.6736401673640167","55","3.9683794466403164","10","253","253","9.272727272727273","2.3715415019762847","0.7905138339920948","0.7905138339920948","1.976284584980237","55","4.05","10","280","321","9.407142857142857","3.5714285714285716","4.285714285714286","3.5714285714285716","1.7857142857142858","55","4.039007092198582","17","282","346","9.184397163120567","0","3.1914893617021276","2.482269503546099","3.5460992907801416","55","3.981818181818182","13","275","315","9.192727272727273","6.545454545454546","5.818181818181818","0.7272727272727273","3.6363636363636362","55","4.144","17","250","320","9.352","5.2","2.4","3.6","8.4","55","3.9616858237547894","12","261","329","9.371647509578544","2.2988505747126435","1.5325670498084292","1.9157088122605364","3.8314176245210727","55","4.138339920948616","13","253","305","9.019762845849803","3.952569169960474","5.533596837944664","2.766798418972332","4.743083003952569","55","3.9277566539923954","16","263","385","9.406844106463879","5.7034220532319395","1.520912547528517","0.7604562737642585","0","55","4","11","279","335","9.483870967741936","0","0","0","0","55","4.003484320557491","14","287","306","9.247386759581882","0","0","0","0.34843205574912894","55","4.004","9","250","267","9.224","0","0","0","0.4","55","4.004149377593361","11","241","291","9.402489626556017","0","0.4149377593360996","0","0","55","4","10","265","325","9.403773584905661","0","0","0","0","55","4","14","231","290","9.532467532467532","0","0","0","0","55","4","18","264","340","9.303030303030303","0","0","0","0","55","4.0041322314049586","9","242","327","9.363636363636363","0","0","0","0.4132231404958678","55","4","19","256","359","9.4765625","0","0","0","0","55","4.011764705882353","7","255","277","9.231372549019607","0","0","0","1.1764705882352942","55","3.99581589958159","11","239","331","9.238493723849372","0","0","0","0","55","4.008510638297873","12","235","303","9.395744680851063","0","0","0","0.851063829787234","55","4.007462686567164","14","268","297","9.261194029850746","0","0","0","0.746268656716418","55","4.013392857142857","15","224","305","9.133928571428571","0","0","0","1.3392857142857142","55","4.007518796992481","7","266","279","9.323308270676693","0","0","0","0.7518796992481203","55","4.012295081967213","13","244","310","9.450819672131148","0","0","0","1.2295081967213115","55","4.011627906976744","19","258","329","9.565891472868216","0","0","0","1.1627906976744187","55","4.016597510373444","10","241","319","9.385892116182573","0","0","0","1.6597510373443984","55","4.007352941176471","14","272","351","9.235294117647058","0","0","0","0.7352941176470589","55","4.007042253521127","17","284","394","9.338028169014084","0","0","0","0.704225352112676","55","4.04270462633452","17","281","317","9.416370106761565","0","0","0","4.270462633451957","55","4.053846153846154","13","260","360","9.423076923076923","0","0","0","5.384615384615385","55","4.036734693877551","9","245","321","9.314285714285715","0","0","0","3.673469387755102","55","4.028268551236749","8","283","340","9.363957597173146","0","0","0","2.8268551236749118","55","4.048387096774194","19","248","351","9.193548387096774","0","0","0","5.241935483870968","55","4.07905138339921","13","253","251","9.533596837944664","0","0","0","7.905138339920948","55","4.049122807017544","17","285","348","9.263157894736842","0","0","0","4.912280701754386","55","4.046428571428572","11","280","327","9.307142857142857","0","0","0","4.642857142857143","55","4.066433566433567","12","286","352","9.321678321678322","0","0","0","6.643356643356643","55","4.075","10","240","311","9.416666666666666","0","0","0","7.5"
,"56","3.9913793103448274","14","232","282","9.456896551724139","2.586206896551724","2.586206896551724","0","5.603448275862069","56","4.079497907949791","17","239","281","9.138075313807532","7.112970711297071","1.6736401673640167","5.02092050209205","1.6736401673640167","56","3.9722222222222223","11","252","253","9.23015873015873","2.7777777777777777","0.7936507936507936","0.7936507936507936","1.9841269841269842","56","4.05","10","280","321","9.407142857142857","3.5714285714285716","4.285714285714286","3.5714285714285716","1.7857142857142858","56","4.039285714285715","18","280","346","9.121428571428572","0","3.2142857142857144","2.5","3.5714285714285716","56","3.9816849816849818","14","273","315","9.113553113553113","6.95970695970696","5.4945054945054945","0.7326007326007326","3.663003663003663","56","4.144","17","250","320","9.352","5.2","2.4","3.6","8.4","56","3.9653846153846155","12","260","329","9.330769230769231","2.3076923076923075","1.5384615384615385","1.9230769230769231","3.8461538461538463","56","4.138888888888889","13","252","305","8.976190476190476","3.9682539682539684","5.555555555555555","2.7777777777777777","4.761904761904762","56","3.9263565891472867","16","258","385","9.2015503875969","5.813953488372093","1.550387596899225","0.7751937984496124","0","56","4","11","276","335","9.369565217391305","0","0","0","0","56","4","14","286","306","9.20979020979021","0","0","0","0","56","4","10","249","267","9.180722891566266","0","0","0","0","56","4.004149377593361","11","241","291","9.402489626556017","0","0.4149377593360996","0","0","56","4","10","263","325","9.32319391634981","0","0","0","0","56","4","14","230","290","9.486956521739131","0","0","0","0","56","4","18","262","340","9.282442748091603","0","0","0","0","56","4","9","241","327","9.319502074688797","0","0","0","0","56","4","20","255","359","9.435294117647059","0","0","0","0","56","4","7","255","277","9.231372549019607","0","0","0","0","56","4.004201680672269","12","238","331","9.201680672268907","0","0","0","0.42016806722689076","56","4.012820512820513","12","234","303","9.350427350427351","0","0","0","1.2820512820512822","56","4","15","267","297","9.220973782771535","0","0","0","0","56","4.008928571428571","15","224","305","9.133928571428571","0","0","0","0.8928571428571429","56","4.007547169811321","7","265","279","9.283018867924529","0","0","0","0.7547169811320755","56","4.00418410041841","14","239","310","9.238493723849372","0","0","0","0.41841004184100417","56","4.011673151750973","19","257","329","9.525291828793774","0","0","0","1.1673151750972763","56","4.0125","10","240","319","9.341666666666667","0","0","0","1.25","56","4.007380073800738","14","271","351","9.202952029520295","0","0","0","0.7380073800738007","56","4.007042253521127","17","284","394","9.338028169014084","0","0","0","0.704225352112676","56","4.0324909747292415","18","277","317","9.263537906137184","0","0","0","3.2490974729241877","56","4.046511627906977","14","258","360","9.356589147286822","0","0","0","4.651162790697675","56","4.024590163934426","9","244","321","9.270491803278688","0","0","0","2.459016393442623","56","4.039007092198582","8","282","340","9.326241134751774","0","0","0","3.900709219858156","56","4.040322580645161","19","248","351","9.193548387096774","0","0","0","4.435483870967742","56","4.075697211155378","15","251","251","9.458167330677291","0","0","0","7.569721115537849","56","4.042105263157895","17","285","348","9.263157894736842","0","0","0","4.2105263157894735","56","4.042857142857143","11","280","327","9.307142857142857","0","0","0","4.285714285714286","56","4.063157894736842","12","285","352","9.284210526315789","0","0","0","6.315789473684211","56","4.050420168067227","11","238","311","9.344537815126051","0","0","0","5.042016806722689"
,"57","3.9913793103448274","14","232","282","9.456896551724139","2.586206896551724","2.586206896551724","0","5.603448275862069","57","4.079497907949791","17","239","281","9.138075313807532","7.112970711297071","1.6736401673640167","5.02092050209205","1.6736401673640167","57","3.972","12","250","253","9.144","2.8","0.8","0.8","2","57","4.05","10","280","321","9.407142857142857","3.5714285714285716","4.285714285714286","3.5714285714285716","1.7857142857142858","57","4.039285714285715","18","280","346","9.121428571428572","0","3.2142857142857144","2.5","3.5714285714285716","57","3.988970588235294","14","272","315","9.125","7.352941176470588","5.882352941176471","0.7352941176470589","3.676470588235294","57","4.144578313253012","18","249","320","9.309236947791165","5.220883534136546","2.4096385542168677","3.6144578313253013","8.433734939759036","57","3.9653846153846155","12","260","329","9.330769230769231","2.3076923076923075","1.5384615384615385","1.9230769230769231","3.8461538461538463","57","4.138888888888889","13","252","305","8.976190476190476","3.9682539682539684","5.555555555555555","2.7777777777777777","4.761904761904762","57","3.9263565891472867","16","258","385","9.2015503875969","5.813953488372093","1.550387596899225","0.7751937984496124","0","57","4","11","275","335","9.338181818181818","0","0","0","0","57","4.003521126760563","15","284","306","9.133802816901408","0","0","0","0.352112676056338","57","4.004032258064516","10","248","267","9.137096774193548","0","0","0","0.4032258064516129","57","4","12","238","291","9.277310924369749","0","0","0","0","57","4","11","262","325","9.282442748091603","0","0","0","0","57","4","15","229","290","9.441048034934498","0","0","0","0","57","4","18","262","340","9.282442748091603","0","0","0","0","57","4.004166666666666","9","240","327","9.275","0","0","0","0.4166666666666667","57","4","21","254","359","9.393700787401574","0","0","0","0","57","4.007905138339921","9","253","277","9.146245059288537","0","0","0","0.7905138339920948","57","4.0042194092827","12","237","331","9.156118143459915","0","0","0","0.4219409282700422","57","4.0042918454935625","13","233","303","9.313304721030043","0","0","0","0.4291845493562232","57","4.007518796992481","15","266","297","9.180451127819548","0","0","0","0.7518796992481203","57","4.013452914798206","15","223","305","9.15695067264574","0","0","0","1.345291479820628","57","4.00763358778626","7","262","279","9.16793893129771","0","0","0","0.7633587786259542","57","4.0168776371308015","16","237","310","9.156118143459915","0","0","0","1.6877637130801688","57","4.011673151750973","19","257","329","9.525291828793774","0","0","0","1.1673151750972763","57","4.016666666666667","10","240","319","9.341666666666667","0","0","0","1.6666666666666667","57","4.018587360594796","14","269","351","9.12267657992565","0","0","0","1.858736059479554","57","4.007067137809187","18","283","394","9.30035335689046","0","0","0","0.7067137809187279","57","4.043478260869565","18","276","317","9.22463768115942","0","0","0","4.3478260869565215","57","4.058365758754864","14","257","360","9.315175097276265","0","0","0","5.836575875486381","57","4.040983606557377","9","244","321","9.270491803278688","0","0","0","4.098360655737705","57","4.028368794326241","8","282","340","9.326241134751774","0","0","0","2.8368794326241136","57","4.05241935483871","19","248","351","9.193548387096774","0","0","0","5.645161290322581","57","4.067729083665339","15","251","251","9.458167330677291","0","0","0","6.772908366533865","57","4.045936395759718","17","283","348","9.187279151943462","0","0","0","4.593639575971731","57","4.05","11","280","327","9.307142857142857","0","0","0","5","57","4.063380281690141","12","284","352","9.28169014084507","0","0","0","6.338028169014085","57","4.07563025210084","11","238","311","9.344537815126051","0","0","0","7.563025210084033"
,"58","3.9956709956709955","14","231","287","9.454545454545455","2.5974025974025974","2.5974025974025974","0","5.627705627705628","58","4.084033613445378","17","238","298","9.235294117647058","7.142857142857143","1.680672268907563","5.042016806722689","1.680672268907563","58","3.967611336032389","13","247","268","9.133603238866396","2.834008097165992","0.8097165991902834","0.8097165991902834","1.6194331983805668","58","4.05","10","280","329","9.464285714285714","3.5714285714285716","4.285714285714286","3.5714285714285716","1.7857142857142858","58","4.039426523297491","18","279","365","9.240143369175627","0","3.225806451612903","2.5089605734767026","3.5842293906810037","58","3.985294117647059","14","272","333","9.257352941176471","7.352941176470588","5.514705882352941","0.7352941176470589","3.676470588235294","58","4.145748987854251","18","247","345","9.425101214574898","5.2631578947368425","2.42914979757085","3.6437246963562755","8.502024291497976","58","3.9647058823529413","15","255","338","9.192156862745097","1.9607843137254901","1.5686274509803921","1.9607843137254901","3.9215686274509802","58","4.138888888888889","13","252","324","9.126984126984127","3.9682539682539684","5.555555555555555","2.7777777777777777","4.761904761904762","58","3.92578125","16","256","410","9.3125","5.859375","1.5625","0.78125","0","58","4","11","275","365","9.556363636363637","0","0","0","0","58","4","15","283","340","9.335689045936396","0","0","0","0","58","4","10","247","287","9.263157894736842","0","0","0","0","58","4","12","237","310","9.39240506329114","0","0","0","0","58","4","11","260","340","9.315384615384616","0","0","0","0","58","4","16","228","303","9.517543859649123","0","0","0","0","58","4","19","261","358","9.386973180076629","0","0","0","0","58","4","9","239","350","9.422594142259415","0","0","0","0","58","4","21","253","377","9.517786561264822","0","0","0","0","58","4","9","253","295","9.288537549407115","0","0","0","0","58","4.0042194092827","12","237","355","9.358649789029537","0","0","0","0.4219409282700422","58","4.008583690987124","13","233","318","9.44206008583691","0","0","0","0.8583690987124464","58","4","15","266","311","9.285714285714286","0","0","0","0","58","4.00896860986547","15","223","327","9.354260089686099","0","0","0","0.8968609865470852","58","4.011450381679389","7","262","298","9.312977099236642","0","0","0","1.1450381679389312","58","4.0210970464135025","16","237","339","9.40084388185654","0","0","0","2.109704641350211","58","4.011764705882353","20","255","337","9.52156862745098","0","0","0","1.1764705882352942","58","4.0125","10","240","335","9.475","0","0","0","1.25","58","4.00374531835206","16","267","390","9.333333333333334","0","0","0","0.37453183520599254","58","4.00709219858156","18","282","404","9.333333333333334","0","0","0","0.7092198581560284","58","4.036231884057971","18","276","352","9.478260869565217","0","0","0","3.6231884057971016","58","4.04296875","14","256","383","9.453125","0","0","0","4.296875","58","4.020491803278689","9","244","334","9.37704918032787","0","0","0","2.0491803278688523","58","4.02491103202847","8","281","361","9.437722419928825","0","0","0","2.491103202846975","58","4.036290322580645","19","248","360","9.266129032258064","0","0","0","4.032258064516129","58","4.075697211155378","15","251","268","9.593625498007968","0","0","0","7.569721115537849","58","4.0285714285714285","19","280","375","9.271428571428572","0","0","0","2.857142857142857","58","4.028776978417266","12","278","346","9.366906474820144","0","0","0","2.8776978417266186","58","4.066901408450704","12","284","364","9.366197183098592","0","0","0","6.690140845070423","58","4.046218487394958","11","238","328","9.487394957983193","0","0","0","4.621848739495798"
,"59","3.9956709956709955","14","231","287","9.454545454545455","2.5974025974025974","2.5974025974025974","0","5.627705627705628","59","4.088235294117647","17","238","298","9.235294117647058","7.142857142857143","1.680672268907563","5.042016806722689","1.680672268907563","59","3.9634146341463414","13","246","268","9.113821138211382","2.845528455284553","0.8130081300813008","0.8130081300813008","1.2195121951219512","59","4.043165467625899","11","278","329","9.388489208633093","3.237410071942446","3.9568345323741005","3.597122302158273","1.7985611510791366","59","4.039568345323741","18","278","365","9.201438848920864","0","3.237410071942446","2.5179856115107913","3.597122302158273","59","3.988929889298893","15","271","333","9.217712177121772","7.380073800738008","5.904059040590406","0.7380073800738007","3.690036900369004","59","4.142857142857143","18","245","345","9.338775510204082","5.3061224489795915","2.4489795918367347","3.673469387755102","8.16326530612245","59","3.964426877470356","15","253","338","9.106719367588934","1.5810276679841897","1.5810276679841897","1.976284584980237","3.952569169960474","59","4.139442231075697","14","251","324","9.08366533864542","3.9840637450199203","5.577689243027889","2.7888446215139444","4.780876494023905","59","3.92578125","16","256","410","9.3125","5.859375","1.5625","0.78125","0","59","4","11","274","365","9.518248175182482","0","0","0","0","59","4","16","282","340","9.297872340425531","0","0","0","0","59","4.004048582995951","10","247","287","9.263157894736842","0","0","0","0.4048582995951417","59","4","14","234","310","9.256410256410257","0","0","0","0","59","4","12","259","340","9.274131274131275","0","0","0","0","59","4","17","227","303","9.47136563876652","0","0","0","0","59","4","19","260","358","9.346153846153847","0","0","0","0","59","4.00418410041841","9","239","350","9.422594142259415","0","0","0","0.41841004184100417","59","4","21","252","377","9.515873015873016","0","0","0","0","59","4.007905138339921","9","253","295","9.288537549407115","0","0","0","0.7905138339920948","59","4.0042194092827","12","237","355","9.358649789029537","0","0","0","0.4219409282700422","59","4","13","232","318","9.39655172413793","0","0","0","0","59","4.007575757575758","16","264","311","9.204545454545455","0","0","0","0.7575757575757576","59","4.013452914798206","15","223","327","9.354260089686099","0","0","0","1.345291479820628","59","4.007662835249042","7","261","298","9.279693486590038","0","0","0","0.7662835249042146","59","4.0210970464135025","16","237","339","9.40084388185654","0","0","0","2.109704641350211","59","4.011811023622047","21","254","337","9.48031496062992","0","0","0","1.1811023622047243","59","4.01673640167364","10","239","335","9.430962343096235","0","0","0","1.6736401673640167","59","4.007518796992481","17","266","390","9.293233082706767","0","0","0","0.7518796992481203","59","4.00709219858156","18","282","404","9.333333333333334","0","0","0","0.7092198581560284","59","4.047445255474453","18","274","352","9.452554744525548","0","0","0","4.744525547445256","59","4.066666666666666","14","255","383","9.411764705882353","0","0","0","6.666666666666667","59","4.036885245901639","9","244","334","9.37704918032787","0","0","0","3.6885245901639343","59","4.03584229390681","8","279","361","9.362007168458781","0","0","0","3.5842293906810037","59","4.05241935483871","19","248","360","9.266129032258064","0","0","0","5.645161290322581","59","4.075697211155378","15","251","268","9.593625498007968","0","0","0","7.569721115537849","59","4.046428571428572","19","280","375","9.271428571428572","0","0","0","4.642857142857143","59","4.064981949458484","12","277","346","9.328519855595667","0","0","0","6.498194945848375","59","4.060070671378092","12","283","364","9.328621908127209","0","0","0","6.007067137809187","59","4.075949367088608","12","237","328","9.451476793248945","0","0","0","7.594936708860759"
,"60","4","14","231","287","9.454545454545455","2.5974025974025974","3.0303030303030303","0","5.627705627705628","60","4.084033613445378","17","238","298","9.235294117647058","7.142857142857143","1.680672268907563","5.042016806722689","1.680672268907563","60","3.9634146341463414","13","246","268","9.113821138211382","2.845528455284553","0.8130081300813008","0.8130081300813008","1.2195121951219512","60","4.0359712230215825","11","278","329","9.388489208633093","2.8776978417266186","3.597122302158273","3.597122302158273","1.7985611510791366","60","4.039568345323741","18","278","365","9.201438848920864","0","3.237410071942446","2.5179856115107913","3.597122302158273","60","3.988888888888889","15","270","333","9.177777777777777","7.777777777777778","5.555555555555555","0.7407407407407407","3.7037037037037037","60","4.139344262295082","18","244","345","9.30327868852459","5.327868852459017","2.459016393442623","3.6885245901639343","7.786885245901639","60","3.9683794466403164","15","253","338","9.106719367588934","1.5810276679841897","1.976284584980237","1.976284584980237","3.952569169960474","60","4.141129032258065","14","248","324","8.975806451612904","4.032258064516129","5.645161290322581","2.8225806451612905","4.838709677419355","60","3.925490196078431","17","255","410","9.270588235294118","5.882352941176471","1.5686274509803921","0.7843137254901961","0","60","4","12","272","365","9.441176470588236","0","0","0","0","60","4","16","282","340","9.297872340425531","0","0","0","0","60","4","10","246","287","9.21951219512195","0","0","0","0","60","4","14","234","310","9.256410256410257","0","0","0","0","60","4","12","257","340","9.206225680933851","0","0","0","0","60","4","18","225","303","9.377777777777778","0","0","0","0","60","4","20","258","358","9.263565891472869","0","0","0","0","60","4","9","239","350","9.422594142259415","0","0","0","0","60","4","21","251","377","9.474103585657371","0","0","0","0","60","4","10","252","295","9.246031746031745","0","0","0","0","60","4.0042194092827","12","237","355","9.358649789029537","0","0","0","0.4219409282700422","60","4.008658008658009","13","231","318","9.367965367965368","0","0","0","0.8658008658008658","60","4","16","264","311","9.204545454545455","0","0","0","0","60","4.00896860986547","15","223","327","9.354260089686099","0","0","0","0.8968609865470852","60","4.011583011583012","8","259","298","9.196911196911197","0","0","0","1.1583011583011582","60","4.012765957446809","17","235","339","9.310638297872341","0","0","0","1.2765957446808511","60","4.011857707509882","21","253","337","9.438735177865613","0","0","0","1.1857707509881423","60","4.012605042016807","10","238","335","9.394957983193278","0","0","0","1.2605042016806722","60","4.003759398496241","17","266","390","9.293233082706767","0","0","0","0.37593984962406013","60","4.0071942446043165","19","278","404","9.215827338129497","0","0","0","0.7194244604316546","60","4.04014598540146","18","274","352","9.452554744525548","0","0","0","4.014598540145985","60","4.039370078740157","14","254","383","9.37007874015748","0","0","0","3.937007874015748","60","4.028688524590164","9","244","334","9.37704918032787","0","0","0","2.8688524590163933","60","4.028776978417266","9","278","361","9.323741007194245","0","0","0","2.8776978417266186","60","4.036290322580645","19","248","360","9.266129032258064","0","0","0","4.032258064516129","60","4.075697211155378","15","251","268","9.593625498007968","0","0","0","7.569721115537849","60","4.028673835125448","20","279","375","9.232974910394265","0","0","0","2.867383512544803","60","4.043478260869565","12","276","346","9.289855072463768","0","0","0","4.3478260869565215","60","4.053003533568905","12","283","364","9.328621908127209","0","0","0","5.30035335689046","60","4.042553191489362","14","235","328","9.370212765957447","0","0","0","4.25531914893617"
,"61","3.9110169491525424","14","236","290","9.5","2.542372881355932","3.8135593220338984","0.423728813559322","6.3559322033898304","61","3.8188976377952755","18","254","308","9.244094488188976","8.26771653543307","3.937007874015748","8.26771653543307","3.1496062992125986","61","3.611111111111111","13","270","287","9.148148148148149","5.925925925925926","3.3333333333333335","3.3333333333333335","3.7037037037037037","61","3.705298013245033","11","302","340","9.198675496688741","5.960264900662252","5.960264900662252","5.960264900662252","4.304635761589404","61","3.7837837837837838","18","296","380","9.20945945945946","1.0135135135135136","4.72972972972973","5.0675675675675675","5.743243243243243","61","3.772727272727273","15","286","352","9.258741258741258","9.44055944055944","6.993006993006993","3.4965034965034967","5.244755244755245","61","3.89922480620155","18","258","364","9.333333333333334","7.751937984496124","5.426356589147287","4.651162790697675","8.914728682170542","61","3.7286245353159853","15","269","370","9.323420074349443","2.973977695167286","5.947955390334572","3.717472118959108","5.947955390334572","61","3.9195402298850577","14","261","354","9.28735632183908","5.363984674329502","6.896551724137931","5.363984674329502","7.2796934865900385","61","3.8192307692307694","18","260","425","9.415384615384616","6.538461538461538","1.5384615384615385","1.9230769230769231","1.1538461538461537","61","3.7777777777777777","12","288","381","9.38888888888889","2.0833333333333335","2.0833333333333335","1.7361111111111112","1.7361111111111112","61","3.7583892617449663","17","298","355","9.36241610738255","2.348993288590604","2.0134228187919465","2.348993288590604","1.342281879194631","61","3.6037037037037036","11","270","299","9.118518518518519","4.074074074074074","3.7037037037037037","4.444444444444445","4.074074074074074","61","3.683794466403162","14","253","342","9.280632411067193","1.1857707509881423","3.952569169960474","1.5810276679841897","2.766798418972332","61","3.642857142857143","13","280","361","9.242857142857142","2.857142857142857","2.857142857142857","1.7857142857142858","3.2142857142857144","61","3.8127659574468087","19","235","324","9.446808510638299","1.702127659574468","1.2765957446808511","0.851063829787234","0.851063829787234","61","3.879245283018868","21","265","382","9.479245283018868","1.1320754716981132","1.1320754716981132","0.7547169811320755","1.509433962264151","61","3.6627906976744184","10","258","370","9.30232558139535","3.10077519379845","3.10077519379845","0.7751937984496124","3.875968992248062","61","3.817490494296578","21","263","389","9.505703422053232","1.9011406844106464","2.2813688212927756","1.1406844106463878","2.2813688212927756","61","3.8846153846153846","10","260","309","9.346153846153847","0","1.5384615384615385","1.5384615384615385","1.1538461538461537","61","3.8421052631578947","12","247","372","9.45748987854251","1.214574898785425","0.4048582995951417","1.6194331983805668","2.42914979757085","61","3.6923076923076925","13","247","328","9.263157894736842","2.834008097165992","3.6437246963562755","2.0242914979757085","2.834008097165992","61","3.724381625441696","17","283","330","9.187279151943462","1.7667844522968197","2.1201413427561837","1.7667844522968197","3.5335689045936394","61","3.6721311475409837","15","244","342","9.188524590163935","3.6885245901639343","3.278688524590164","2.8688524590163933","3.6885245901639343","61","3.747292418772563","8","277","322","9.328519855595667","1.0830324909747293","2.1660649819494586","1.8050541516245486","2.1660649819494586","61","3.7845528455284554","19","246","361","9.390243902439025","2.032520325203252","1.6260162601626016","1.6260162601626016","2.032520325203252","61","3.8631178707224336","21","263","352","9.52851711026616","1.1406844106463878","0.7604562737642585","0.7604562737642585","3.041825095057034","61","3.693798449612403","10","258","351","9.286821705426357","2.7131782945736433","3.10077519379845","1.1627906976744187","4.263565891472868","61","3.76678445229682","17","283","409","9.314487632508834","0.7067137809187279","2.4734982332155475","2.8268551236749118","2.8268551236749118","61","3.559485530546624","19","311","425","9.080385852090032","3.215434083601286","3.8585209003215435","3.8585209003215435","4.180064308681672","61","3.8536585365853657","18","287","368","9.435540069686411","2.7874564459930316","0.6968641114982579","2.0905923344947737","7.317073170731708","61","3.984375","15","256","401","9.5703125","0.78125","0.390625","1.171875","7.03125","61","3.746153846153846","9","260","345","9.13076923076923","1.5384615384615385","1.5384615384615385","2.3076923076923075","5","61","3.736666666666667","9","300","380","9.24","2.6666666666666665","2.3333333333333335","3","5.333333333333333","61","3.83587786259542","19","262","370","9.206106870229007","1.9083969465648856","1.9083969465648856","0.3816793893129771","7.251908396946565","61","3.762962962962963","16","270","275","9.281481481481482","3.3333333333333335","1.8518518518518519","2.2222222222222223","10","61","3.859106529209622","20","291","399","9.347079037800688","1.3745704467353952","0.6872852233676976","2.4054982817869415","5.498281786941581","61","3.771043771043771","12","297","367","9.27946127946128","2.0202020202020203","1.6835016835016836","2.356902356902357","9.427609427609427","61","3.8118811881188117","12","303","370","9.32013201320132","2.6402640264026402","2.9702970297029703","1.3201320132013201","10.231023102310232","61","3.675675675675676","14","259","343","9.111969111969112","3.088803088803089","2.7027027027027026","3.088803088803089","8.494208494208495"
,"62","3.9957264957264957","14","234","290","9.41025641025641","2.5641025641025643","2.5641025641025643","0","5.555555555555555","62","4.111111111111111","18","252","308","9.214285714285714","7.5396825396825395","2.380952380952381","5.9523809523809526","1.5873015873015872","62","3.891385767790262","13","267","287","9.041198501872659","2.247191011235955","0","1.4981273408239701","1.4981273408239701","62","4.056291390728477","11","302","340","9.198675496688741","3.3112582781456954","3.642384105960265","4.304635761589404","2.3178807947019866","62","4.027027027027027","18","296","380","9.20945945945946","0.6756756756756757","2.7027027027027026","2.7027027027027026","4.72972972972973","62","3.992982456140351","15","285","352","9.221052631578948","7.719298245614035","5.2631578947368425","1.4035087719298245","4.2105263157894735","62","4.1395348837209305","18","258","364","9.333333333333334","5.426356589147287","2.3255813953488373","2.3255813953488373","7.751937984496124","62","4.007434944237918","15","269","370","9.323420074349443","1.486988847583643","4.4609665427509295","2.973977695167286","3.717472118959108","62","4.166023166023166","15","259","354","9.204633204633204","4.633204633204633","5.019305019305019","4.2471042471042475","5.405405405405405","62","3.949612403100775","18","258","425","9.333333333333334","6.589147286821706","1.550387596899225","1.550387596899225","0.7751937984496124","62","4.010489510489511","13","286","381","9.314685314685315","1.048951048951049","0","0.34965034965034963","0.34965034965034963","62","4.0033670033670035","17","297","355","9.346801346801346","0","0.3367003367003367","0","0","62","4.003703703703704","11","270","299","9.118518518518519","0.7407407407407407","0","0.37037037037037035","0","62","4.012","15","250","342","9.168","0","0.4","0.4","0.4","62","3.9785714285714286","13","280","361","9.242857142857142","0","0","0","0","62","4","19","234","324","9.401709401709402","0.8547008547008547","0.42735042735042733","0.42735042735042733","0","62","4","21","265","382","9.479245283018868","0","0","0","0","62","4","11","256","370","9.21875","0","0","0","0.390625","62","4.007604562737643","21","263","389","9.505703422053232","0","0","0.7604562737642585","0","62","4","10","260","309","9.346153846153847","0","0","0","0","62","4.004048582995951","12","247","372","9.45748987854251","0","0","0","0.4048582995951417","62","4.016326530612245","13","245","328","9.224489795918368","0","0","0.40816326530612246","1.2244897959183674","62","3.9964664310954063","17","283","330","9.187279151943462","0","0","0.35335689045936397","0","62","4.012345679012346","15","243","342","9.1440329218107","0","0","0.411522633744856","0.823045267489712","62","4.003623188405797","8","276","322","9.289855072463768","0","0","0.36231884057971014","1.0869565217391304","62","4.020408163265306","19","245","361","9.346938775510203","0","0","0","2.0408163265306123","62","4.00763358778626","22","262","352","9.488549618320612","0","0","0","1.1450381679389312","62","4.011627906976744","10","258","351","9.286821705426357","0","0","0","1.550387596899225","62","4.0177304964539005","17","282","409","9.27659574468085","0","0","1.4184397163120568","0.3546099290780142","62","4.006451612903226","20","310","425","9.04516129032258","0","0","0","1.2903225806451613","62","4.0524475524475525","19","286","368","9.398601398601398","0","0","0","5.244755244755245","62","4.046875","15","256","401","9.5703125","0","0","0","4.6875","62","4.0346153846153845","9","260","345","9.13076923076923","0","0","0.38461538461538464","3.076923076923077","62","4.026845637583893","9","298","380","9.167785234899329","0","0","0","3.0201342281879193","62","4.034351145038168","19","262","370","9.206106870229007","0","0","0","3.816793893129771","62","4.066914498141264","17","269","275","9.241635687732343","0","0","0","7.063197026022305","62","4.020689655172414","20","290","399","9.310344827586206","0","0","0","2.0689655172413794","62","4.033898305084746","13","295","367","9.206779661016949","0","0","0.3389830508474576","3.0508474576271185","62","4.069306930693069","12","303","370","9.32013201320132","0.33003300330033003","0","0.33003300330033003","6.270627062706271","62","4.062015503875969","15","258","343","9.069767441860465","0","0","0.3875968992248062","6.589147286821706"
,"63","3.9956896551724137","16","232","290","9.327586206896552","2.586206896551724","2.586206896551724","0","5.603448275862069","63","4.100401606425703","20","249","308","9.116465863453815","6.024096385542169","2.8112449799196786","5.622489959839357","2.0080321285140563","63","3.8947368421052633","14","266","287","9","2.6315789473684212","0","1.1278195488721805","1.1278195488721805","63","4.06","11","300","340","9.133333333333333","3.3333333333333335","3.3333333333333335","4.333333333333333","2.3333333333333335","63","4.02027027027027","18","296","380","9.20945945945946","0.6756756756756757","2.7027027027027026","2.7027027027027026","4.72972972972973","63","4","16","283","352","9.144876325088338","8.12720848056537","4.946996466431095","1.4134275618374559","4.240282685512367","63","4.127906976744186","18","258","364","9.333333333333334","4.651162790697675","2.3255813953488373","2.3255813953488373","7.364341085271318","63","4","16","268","370","9.283582089552239","1.492537313432836","4.477611940298507","2.611940298507463","3.7313432835820897","63","4.162790697674419","15","258","354","9.170542635658915","4.651162790697675","5.038759689922481","4.263565891472868","5.426356589147287","63","3.9453125","18","256","425","9.25","6.640625","1.5625","1.5625","0.78125","63","4.006993006993007","13","286","381","9.314685314685315","0.6993006993006993","0","0.34965034965034963","0","63","4.003378378378378","18","296","355","9.317567567567568","0","0.33783783783783783","0","0","63","4.007407407407407","11","270","299","9.118518518518519","0.37037037037037035","0","0","0.37037037037037035","63","4.004016064257028","15","249","342","9.132530120481928","0","0","0.40160642570281124","0","63","3.982078853046595","14","279","361","9.204301075268818","0","0","0","0","63","4","19","233","324","9.390557939914164","0","0","0","0","63","4","21","265","382","9.479245283018868","0","0","0","0","63","4.007843137254902","11","255","370","9.184313725490195","0","0","0","1.1764705882352942","63","4","21","262","389","9.465648854961833","0","0","0","0","63","4.007722007722008","10","259","309","9.305019305019306","0","0","0","0.7722007722007722","63","4","12","245","372","9.428571428571429","0","0","0","0","63","4","14","243","328","9.135802469135802","0","0","0","0","63","4.00709219858156","17","282","330","9.148936170212766","0","0","0","0.7092198581560284","63","4.016528925619835","16","242","342","9.107438016528926","0","0","0.4132231404958678","1.2396694214876034","63","4.007272727272727","9","275","322","9.25090909090909","0","0","0","0.7272727272727273","63","4.024489795918368","19","245","361","9.346938775510203","0","0","0","2.4489795918367347","63","4.015325670498084","23","261","352","9.448275862068966","0","0","0","1.5325670498084292","63","4.019455252918288","10","257","351","9.245136186770427","0","0","0","1.9455252918287937","63","4.01423487544484","18","281","409","9.245551601423488","0","0","0.7117437722419929","0.7117437722419929","63","4.006472491909385","20","309","425","9.009708737864077","0","0","0","0.970873786407767","63","4.035211267605634","20","284","368","9.32394366197183","0","0","0","3.5211267605633805","63","4.0703125","15","256","401","9.5703125","0","0","0","7.03125","63","4.0310077519379846","10","258","345","9.046511627906977","0","0","0","3.10077519379845","63","4.030405405405405","10","296","380","9.094594594594595","0","0","0","3.0405405405405403","63","4.045977011494253","19","261","370","9.187739463601533","0","0","0","4.980842911877395","63","4.059479553903346","17","269","275","9.241635687732343","0","0","0","5.947955390334572","63","4.048611111111111","20","288","399","9.25","0","0","0","4.861111111111111","63","4.057627118644068","13","295","367","9.206779661016949","0","0","0","5.762711864406779","63","4.079470198675497","13","302","370","9.28476821192053","0","0","0","7.947019867549669","63","4.038910505836576","16","257","343","9.027237354085603","0","0","0","3.8910505836575875"
,"64","3.9956709956709955","16","231","300","9.367965367965368","2.5974025974025974","2.5974025974025974","0","5.627705627705628","64","4.105263157894737","22","247","325","9.165991902834008","6.882591093117409","2.42914979757085","5.668016194331984","1.6194331983805668","64","3.8947368421052633","14","266","317","9.225563909774436","2.255639097744361","0","1.5037593984962405","1.1278195488721805","64","4.05685618729097","11","299","348","9.150501672240802","3.3444816053511706","3.3444816053511706","4.013377926421405","2.3411371237458196","64","4.027491408934708","21","291","399","9.154639175257731","0.6872852233676976","2.7491408934707904","2.7491408934707904","4.810996563573883","64","4","16","280","375","9.235714285714286","8.571428571428571","4.642857142857143","1.4285714285714286","4.285714285714286","64","4.127906976744186","18","258","371","9.387596899224807","4.651162790697675","2.3255813953488373","2.3255813953488373","7.364341085271318","64","3.9962546816479403","16","267","381","9.333333333333334","1.4981273408239701","4.119850187265918","2.6217228464419478","3.745318352059925","64","4.166666666666667","15","258","373","9.317829457364342","4.651162790697675","5.426356589147287","4.263565891472868","5.426356589147287","64","3.9450980392156865","19","255","444","9.35686274509804","6.666666666666667","1.5686274509803921","1.5686274509803921","0.7843137254901961","64","4.007042253521127","15","284","394","9.330985915492958","0.704225352112676","0","0.352112676056338","0","64","4","18","294","370","9.346938775510203","0","0","0","0","64","4.00374531835206","11","267","316","9.131086142322097","0.37453183520599254","0","0","0","64","4","16","247","363","9.246963562753036","0","0","0","0","64","3.9892086330935252","14","278","377","9.287769784172662","0","0","0","0","64","4","20","231","331","9.35930735930736","0","0","0","0","64","4","21","265","388","9.524528301886793","0","0","0","0","64","3.9960474308300395","11","253","389","9.24901185770751","0","0","0","0","64","4","22","261","395","9.471264367816092","0","0","0","0","64","4","10","259","317","9.366795366795367","0","0","0","0","64","4.012244897959183","12","245","381","9.50204081632653","0","0","0","1.2244897959183674","64","4.008264462809917","14","242","345","9.231404958677686","0","0","0","0.8264462809917356","64","4","18","280","345","9.185714285714285","0","0","0","0","64","4.016528925619835","16","242","353","9.198347107438016","0","0","0.4132231404958678","1.2396694214876034","64","4.010948905109489","9","274","336","9.357664233576642","0","0","0","1.094890510948905","64","4.012244897959183","19","245","371","9.428571428571429","0","0","0","1.2244897959183674","64","4.0115384615384615","23","260","360","9.46923076923077","0","0","0","1.1538461538461537","64","4.011764705882353","10","255","368","9.294117647058824","0","0","0","1.1764705882352942","64","4.010752688172043","19","279","425","9.283154121863799","0","0","0.7168458781362007","0.35842293906810035","64","4.0064935064935066","20","308","445","9.103896103896103","0","0","0","0.6493506493506493","64","4.035460992907802","21","282","387","9.382978723404255","0","0","0","3.5460992907801416","64","4.051181102362205","15","254","409","9.551181102362206","0","0","0","5.118110236220472","64","4.027237354085603","10","257","357","9.09727626459144","0","0","0","2.7237354085603114","64","4.037162162162162","10","296","400","9.22972972972973","0","0","0","3.7162162162162162","64","4.042307692307692","20","260","379","9.215384615384615","0","0","0","4.615384615384615","64","4.052044609665428","17","269","285","9.315985130111525","0","0","0","5.204460966542751","64","4.020979020979021","20","286","418","9.307692307692308","0","0","0","2.097902097902098","64","4.027397260273973","14","292","378","9.178082191780822","0","0","0","2.73972602739726","64","4.06","13","300","382","9.293333333333333","0","0","0","6","64","4.046875","16","256","359","9.109375","0","0","0","4.6875"
,"65","3.995633187772926","18","229","300","9.275109170305678","2.6200873362445414","2.6200873362445414","0","5.676855895196507","65","4.1020408163265305","24","245","325","9.077551020408164","6.122448979591836","2.857142857142857","5.714285714285714","2.0408163265306123","65","3.8834586466165413","14","266","317","9.225563909774436","2.255639097744361","0","0.7518796992481203","1.1278195488721805","65","4.0602006688963215","11","299","348","9.150501672240802","3.3444816053511706","3.3444816053511706","4.3478260869565215","2.3411371237458196","65","4.031141868512111","23","289","399","9.093425605536332","0.6920415224913494","2.7681660899653977","2.7681660899653977","4.844290657439446","65","4","16","279","375","9.197132616487455","8.602150537634408","4.659498207885305","1.4336917562724014","4.301075268817204","65","4.12890625","19","256","371","9.3125","4.6875","2.34375","2.34375","7.421875","65","3.9962264150943394","16","265","381","9.313207547169812","1.509433962264151","4.150943396226415","2.641509433962264","3.7735849056603774","65","4.162790697674419","15","258","373","9.317829457364342","4.651162790697675","5.038759689922481","4.263565891472868","5.426356589147287","65","3.9448818897637796","19","254","444","9.31496062992126","6.692913385826771","1.5748031496062993","1.5748031496062993","0.7874015748031497","65","4","15","283","394","9.293286219081272","0","0","0","0","65","4","18","294","370","9.346938775510203","0","0","0","0","65","4.003787878787879","12","264","316","9.007575757575758","0","0","0","0.3787878787878788","65","4","16","246","363","9.211382113821138","0","0","0","0","65","3.989130434782609","14","276","377","9.282608695652174","0","0","0","0","65","4","21","230","331","9.31304347826087","0","0","0","0","65","4","22","263","388","9.452471482889734","0","0","0","0","65","4.011904761904762","11","252","389","9.206349206349206","0","0","0","1.1904761904761905","65","4","23","260","395","9.430769230769231","0","0","0","0","65","4.007782101167315","10","257","317","9.30739299610895","0","0","0","0.7782101167315175","65","4","12","245","381","9.50204081632653","0","0","0","0","65","4","15","241","345","9.186721991701244","0","0","0","0","65","4.007220216606498","19","277","345","9.126353790613718","0","0","0","0.7220216606498195","65","4.016597510373444","17","241","353","9.153526970954356","0","0","0.4149377593360996","1.2448132780082988","65","4.007299270072993","9","274","336","9.357664233576642","0","0","0","0.7299270072992701","65","4.020491803278689","20","244","371","9.385245901639344","0","0","0","2.0491803278688523","65","4.015444015444015","24","259","360","9.428571428571429","0","0","0","1.5444015444015444","65","4.019685039370079","10","254","368","9.251968503937007","0","0","0","1.968503937007874","65","4.0071942446043165","20","278","425","9.244604316546763","0","0","0","0.7194244604316546","65","4.006514657980456","20","307","445","9.068403908794789","0","0","0","0.6514657980456026","65","4.049822064056939","21","281","387","9.345195729537366","0","0","0","4.98220640569395","65","4.066929133858268","15","254","409","9.551181102362206","0","0","0","6.692913385826771","65","4.019455252918288","10","257","357","9.09727626459144","0","0","0","1.9455252918287937","65","4.033898305084746","11","295","400","9.2","0","0","0","3.389830508474576","65","4.038461538461538","20","260","379","9.215384615384615","0","0","0","4.230769230769231","65","4.063432835820896","18","268","285","9.276119402985074","0","0","0","6.343283582089552","65","4.042105263157895","21","285","418","9.27017543859649","0","0","0","4.2105263157894735","65","4.0657439446366785","14","289","378","9.065743944636678","0","0","0","6.57439446366782","65","4.077966101694916","15","295","382","9.125423728813558","0","0","0","7.796610169491525","65","4.046875","16","256","359","9.109375","0","0","0","4.6875"
,"66","3.995633187772926","18","229","300","9.275109170305678","2.6200873362445414","2.6200873362445414","0","5.676855895196507","66","4.10655737704918","25","244","325","9.032786885245901","6.967213114754099","2.459016393442623","5.737704918032787","1.639344262295082","66","3.887218045112782","14","266","317","9.225563909774436","2.255639097744361","0","0.7518796992481203","1.1278195488721805","66","4.060402684563758","11","298","348","9.114093959731544","3.3557046979865772","3.3557046979865772","4.026845637583893","2.348993288590604","66","4.03125","24","288","399","9.0625","0.6944444444444444","2.7777777777777777","2.7777777777777777","4.861111111111111","66","4","16","278","375","9.158273381294965","8.633093525179856","4.676258992805756","1.4388489208633093","4.316546762589928","66","4.129411764705883","20","255","371","9.270588235294118","4.705882352941177","2.3529411764705883","2.3529411764705883","7.450980392156863","66","3.9962264150943394","16","265","381","9.313207547169812","1.509433962264151","4.150943396226415","2.641509433962264","3.7735849056603774","66","4.169291338582677","15","254","373","9.149606299212598","4.724409448818897","5.511811023622047","4.330708661417323","5.511811023622047","66","3.9448818897637796","19","254","444","9.31496062992126","6.692913385826771","1.5748031496062993","1.5748031496062993","0.7874015748031497","66","4","16","281","394","9.217081850533807","0","0","0","0","66","4","19","292","370","9.280821917808218","0","0","0","0","66","4","13","263","316","8.965779467680608","0","0","0","0","66","4","16","246","363","9.211382113821138","0","0","0","0","66","3.989051094890511","15","274","377","9.204379562043796","0","0","0","0","66","4","21","230","331","9.31304347826087","0","0","0","0","66","4","22","263","388","9.452471482889734","0","0","0","0","66","4","11","251","389","9.171314741035857","0","0","0","0","66","4","23","259","395","9.397683397683398","0","0","0","0","66","4","10","257","317","9.30739299610895","0","0","0","0","66","4.012244897959183","12","245","381","9.50204081632653","0","0","0","1.2244897959183674","66","4.00836820083682","16","239","345","9.146443514644352","0","0","0","0.8368200836820083","66","4","19","277","345","9.126353790613718","0","0","0","0","66","4.016597510373444","17","241","353","9.153526970954356","0","0","0.4149377593360996","1.2448132780082988","66","4.010948905109489","9","274","336","9.357664233576642","0","0","0","1.094890510948905","66","4.020576131687243","21","243","371","9.34156378600823","0","0","0","2.05761316872428","66","4.011673151750973","25","257","360","9.354085603112841","0","0","0","1.1673151750972763","66","4.011857707509882","11","253","368","9.209486166007904","0","0","0","1.1857707509881423","66","4.003610108303249","20","277","425","9.205776173285198","0","0","0","0.36101083032490977","66","4.003267973856209","21","306","445","9.032679738562091","0","0","0","0.32679738562091504","66","4.046428571428572","21","280","387","9.307142857142857","0","0","0","4.642857142857143","66","4.0436507936507935","16","252","409","9.476190476190476","0","0","0","4.365079365079365","66","4.038910505836576","10","257","357","9.09727626459144","0","0","0","3.8910505836575875","66","4.033898305084746","11","295","400","9.2","0","0","0","3.389830508474576","66","4.046332046332046","20","259","379","9.173745173745173","0","0","0","5.019305019305019","66","4.045454545454546","19","264","285","9.113636363636363","0","0","0","4.545454545454546","66","4.024561403508772","21","285","418","9.27017543859649","0","0","0","2.456140350877193","66","4.038194444444445","15","288","378","9.027777777777779","0","0","0","3.8194444444444446","66","4.047457627118644","15","295","382","9.125423728813558","0","0","0","4.745762711864407","66","4.05078125","16","256","359","9.109375","0","0","0","5.078125"
,"67","3.995633187772926","18","229","315","9.406113537117903","2.6200873362445414","2.6200873362445414","0","5.676855895196507","67","4.10655737704918","25","244","351","9.245901639344263","6.147540983606557","2.8688524590163933","6.147540983606557","2.0491803278688523","67","3.882575757575758","14","264","337","9.31060606060606","2.272727272727273","0","0.7575757575757576","1.1363636363636365","67","4.0641891891891895","12","296","360","9.121621621621621","3.3783783783783785","3.3783783783783785","4.391891891891892","2.027027027027027","67","4.031358885017422","25","287","438","9.296167247386759","0.6968641114982579","2.7874564459930316","2.7874564459930316","4.878048780487805","67","4.007220216606498","16","277","397","9.28519855595668","9.025270758122744","4.693140794223827","1.444043321299639","4.332129963898917","67","4.122047244094488","20","254","385","9.354330708661417","4.724409448818897","1.968503937007874","2.3622047244094486","7.086614173228346","67","4","16","264","394","9.371212121212121","1.5151515151515151","4.166666666666667","3.0303030303030303","3.787878787878788","67","4.161417322834645","15","254","392","9.299212598425196","4.724409448818897","4.724409448818897","4.330708661417323","5.511811023622047","67","3.9444444444444446","20","252","462","9.373015873015873","6.746031746031746","1.5873015873015872","1.5873015873015872","0.7936507936507936","67","4","16","280","416","9.335714285714285","0","0","0","0","67","4","19","292","390","9.417808219178083","0","0","0","0","67","4.003831417624521","13","261","348","9.126436781609195","0","0","0","0.3831417624521073","67","4","16","246","375","9.308943089430894","0","0","0","0","67","4","15","274","393","9.321167883211679","0","0","0","0","67","4","22","229","345","9.397379912663755","0","0","0","0","67","4","22","263","401","9.551330798479087","0","0","0","0","67","4.01195219123506","11","251","407","9.314741035856574","0","0","0","1.1952191235059761","67","4","23","258","413","9.496124031007753","0","0","0","0","67","4.007782101167315","10","257","325","9.369649805447471","0","0","0","0.7782101167315175","67","4","13","243","386","9.45679012345679","0","0","0","0","67","4","17","238","370","9.3109243697479","0","0","0","0","67","4.007220216606498","19","277","371","9.31407942238267","0","0","0","0.7220216606498195","67","4.01673640167364","17","239","360","9.121338912133892","0","0","0.41841004184100417","1.2552301255230125","67","4.007299270072993","9","274","348","9.445255474452555","0","0","0","0.7299270072992701","67","4.020833333333333","22","240","382","9.308333333333334","0","0","0","2.0833333333333335","67","4.01556420233463","25","257","376","9.478599221789883","0","0","0","1.556420233463035","67","4.01984126984127","12","252","388","9.325396825396826","0","0","0","1.9841269841269842","67","4.007246376811594","20","276","447","9.326086956521738","0","0","0","0.7246376811594203","67","4.00327868852459","22","305","471","9.167213114754098","0","0","0","0.32786885245901637","67","4.039426523297491","21","279","408","9.419354838709678","0","0","0","3.942652329749104","67","4.063745019920319","17","251","426","9.577689243027889","0","0","0","6.374501992031872","67","4.01953125","11","256","367","9.1328125","0","0","0","1.953125","67","4.027303754266212","12","293","415","9.228668941979523","0","0","0","2.7303754266211606","67","4.046332046332046","20","259","393","9.281853281853282","0","0","0","5.019305019305019","67","4.053030303030303","19","264","314","9.333333333333334","0","0","0","5.303030303030303","67","4.03886925795053","21","283","440","9.363957597173146","0","0","0","3.8869257950530036","67","4.055944055944056","16","286","413","9.195804195804195","0","0","0","5.594405594405594","67","4.088135593220339","15","295","411","9.322033898305085","0","0","0","8.813559322033898","67","4.043478260869565","19","253","370","9.067193675889328","0","0","0","4.3478260869565215"
,"68","3.995614035087719","18","228","315","9.359649122807017","2.6315789473684212","2.6315789473684212","0","5.701754385964913","68","4.110655737704918","25","244","351","9.245901639344263","6.967213114754099","2.8688524590163933","5.737704918032787","2.0491803278688523","68","3.88212927756654","15","263","337","9.269961977186313","2.2813688212927756","0","0.7604562737642585","1.1406844106463878","68","4.057627118644068","12","295","360","9.084745762711865","3.389830508474576","3.0508474576271185","4.067796610169491","2.0338983050847457","68","4.031468531468532","26","286","438","9.258741258741258","0.6993006993006993","2.797202797202797","2.797202797202797","4.895104895104895","68","4","16","274","397","9.167883211678832","8.75912408759124","4.744525547445256","1.4598540145985401","4.014598540145985","68","4.115079365079365","20","252","385","9.277777777777779","4.761904761904762","1.5873015873015872","2.380952380952381","6.746031746031746","68","3.996212121212121","16","264","394","9.371212121212121","1.5151515151515151","4.166666666666667","2.6515151515151514","3.787878787878788","68","4.162698412698413","16","252","392","9.214285714285714","4.761904761904762","4.761904761904762","4.365079365079365","5.555555555555555","68","3.948207171314741","20","251","462","9.330677290836654","6.772908366533865","1.593625498007968","1.593625498007968","0.796812749003984","68","4","16","280","416","9.335714285714285","0","0","0","0","68","4","19","292","390","9.417808219178083","0","0","0","0","68","4","13","260","348","9.092307692307692","0","0","0","0","68","4","17","245","375","9.26530612244898","0","0","0","0","68","4","17","270","393","9.162962962962963","0","0","0","0","68","4","22","228","345","9.350877192982455","0","0","0","0","68","4","22","263","401","9.551330798479087","0","0","0","0","68","4","11","251","407","9.314741035856574","0","0","0","0","68","4","23","258","413","9.496124031007753","0","0","0","0","68","4","12","254","325","9.244094488188976","0","0","0","0","68","4.008298755186722","13","241","386","9.369294605809129","0","0","0","0.8298755186721992","68","4.008403361344538","17","238","370","9.3109243697479","0","0","0","0.8403361344537815","68","4","20","274","371","9.24087591240876","0","0","0","0","68","4.016806722689076","17","238","360","9.07563025210084","0","0","0.42016806722689076","1.2605042016806722","68","4.011070110701107","9","271","348","9.328413284132841","0","0","0","1.1070110701107012","68","4.0210084033613445","23","238","382","9.218487394957982","0","0","0","2.100840336134454","68","4.011764705882353","25","255","376","9.443137254901961","0","0","0","1.1764705882352942","68","4.01195219123506","12","251","388","9.282868525896415","0","0","0","1.1952191235059761","68","4.003623188405797","20","276","447","9.326086956521738","0","0","0","0.36231884057971014","68","4.00327868852459","22","305","471","9.167213114754098","0","0","0","0.32786885245901637","68","4.046762589928058","22","278","408","9.381294964028777","0","0","0","4.676258992805756","68","4.0602409638554215","17","249","426","9.502008032128513","0","0","0","6.024096385542169","68","4.03125","11","256","367","9.1328125","0","0","0","3.125","68","4.023972602739726","13","292","415","9.198630136986301","0","0","0","2.3972602739726026","68","4.046692607003891","21","257","393","9.198443579766536","0","0","0","5.058365758754864","68","4.057034220532319","20","263","314","9.29277566539924","0","0","0","5.7034220532319395","68","4.04270462633452","21","281","440","9.288256227758007","0","0","0","4.270462633451957","68","4.035087719298246","17","285","413","9.157894736842104","0","0","0","3.508771929824561","68","4.057627118644068","15","295","411","9.322033898305085","0","0","0","5.762711864406779","68","4.028","22","250","370","8.952","0","0","0","2.8"
,"69","3.995594713656388","18","227","315","9.312775330396477","2.643171806167401","2.643171806167401","0","5.726872246696035","69","4.110655737704918","25","244","351","9.245901639344263","6.557377049180328","2.8688524590163933","6.147540983606557","2.0491803278688523","69","3.88212927756654","15","263","337","9.269961977186313","2.2813688212927756","0","0.7604562737642585","1.1406844106463878","69","4.061224489795919","13","294","360","9.047619047619047","3.401360544217687","3.061224489795918","4.421768707482993","2.0408163265306123","69","4.03169014084507","26","284","438","9.190140845070422","0.704225352112676","2.816901408450704","2.816901408450704","4.929577464788732","69","4","16","273","397","9.128205128205128","8.791208791208792","4.761904761904762","1.465201465201465","3.663003663003663","69","4.1195219123505975","20","251","385","9.235059760956176","4.780876494023905","1.593625498007968","2.3904382470119523","7.171314741035856","69","3.9961977186311786","16","263","394","9.330798479087452","1.520912547528517","4.182509505703422","2.661596958174905","3.802281368821293","69","4.163346613545817","16","251","392","9.171314741035857","4.780876494023905","4.780876494023905","4.382470119521912","5.577689243027889","69","3.948207171314741","20","251","462","9.330677290836654","6.772908366533865","1.593625498007968","1.593625498007968","0.796812749003984","69","4","16","279","416","9.311827956989248","0","0","0","0","69","4","19","291","390","9.381443298969073","0","0","0","0","69","4.003846153846154","13","260","348","9.092307692307692","0","0","0","0.38461538461538464","69","4","17","245","375","9.26530612244898","0","0","0","0","69","4","18","269","393","9.12267657992565","0","0","0","0","69","4","22","227","345","9.312775330396477","0","0","0","0","69","4","22","262","401","9.511450381679388","0","0","0","0","69","4.012096774193548","12","248","407","9.185483870967742","0","0","0","1.2096774193548387","69","4","23","256","413","9.4140625","0","0","0","0","69","4.007936507936508","13","252","325","9.158730158730158","0","0","0","0.7936507936507936","69","4.004149377593361","13","241","386","9.369294605809129","0","0","0","0.4149377593360996","69","4","17","238","370","9.3109243697479","0","0","0","0","69","4.007326007326007","21","273","371","9.2014652014652","0","0","0","0.7326007326007326","69","4.017021276595744","19","235","360","8.953191489361702","0","0","0.425531914893617","1.2765957446808511","69","4.007434944237918","9","269","348","9.24907063197026","0","0","0","0.7434944237918215","69","4.0210970464135025","23","237","382","9.172995780590718","0","0","0","2.109704641350211","69","4.011857707509882","26","253","376","9.391304347826088","0","0","0","1.1857707509881423","69","4.02","13","250","388","9.24","0","0","0","2","69","4.007246376811594","20","276","447","9.326086956521738","0","0","0","0.7246376811594203","69","4.003311258278146","22","302","471","9.092715231788079","0","0","0","0.33112582781456956","69","4.039568345323741","22","278","408","9.381294964028777","0","0","0","3.9568345323741005","69","4.056451612903226","18","248","426","9.459677419354838","0","0","0","5.645161290322581","69","4.035433070866142","11","254","367","9.047244094488189","0","0","0","3.543307086614173","69","4.023972602739726","13","292","415","9.198630136986301","0","0","0","2.3972602739726026","69","4.047058823529412","22","255","393","9.12156862745098","0","0","0","5.098039215686274","69","4.054054054054054","21","259","314","9.127413127413128","0","0","0","5.405405405405405","69","4.021428571428571","22","280","440","9.25","0","0","0","2.142857142857143","69","4.056338028169014","18","284","413","9.126760563380282","0","0","0","5.633802816901408","69","4.085034013605442","16","294","411","9.285714285714286","0","0","0","8.503401360544217","69","4.024","22","250","370","8.952","0","0","0","2.4"
,"70","3.995575221238938","18","226","336","9.451327433628318","2.6548672566371683","2.6548672566371683","0","5.752212389380531","70","4.110655737704918","25","244","365","9.360655737704919","6.967213114754099","2.8688524590163933","5.737704918032787","2.0491803278688523","70","3.8812260536398466","15","261","355","9.32567049808429","2.2988505747126435","0","0.7662835249042146","1.1494252873563218","70","4.054607508532423","13","293","380","9.146757679180887","3.4129692832764507","2.7303754266211606","4.09556313993174","2.04778156996587","70","4.03169014084507","26","284","464","9.373239436619718","0.704225352112676","2.816901408450704","2.816901408450704","4.929577464788732","70","4","16","273","425","9.333333333333334","8.791208791208792","4.761904761904762","1.465201465201465","3.663003663003663","70","4.115537848605578","20","251","401","9.362549800796813","4.780876494023905","1.593625498007968","2.3904382470119523","6.772908366533865","70","4","16","263","409","9.44486692015209","1.520912547528517","4.182509505703422","2.661596958174905","4.182509505703422","70","4.163346613545817","16","251","415","9.354581673306773","4.780876494023905","4.780876494023905","4.382470119521912","5.577689243027889","70","3.948","20","250","482","9.448","6.8","1.6","1.6","0.8","70","4","16","277","437","9.386281588447654","0","0","0","0","70","4","20","290","402","9.427586206896551","0","0","0","0","70","4","13","259","387","9.35135135135135","0","0","0","0","70","4","17","245","391","9.395918367346939","0","0","0","0","70","4","19","268","421","9.291044776119403","0","0","0","0","70","4","22","226","363","9.43362831858407","0","0","0","0","70","4","22","262","414","9.610687022900763","0","0","0","0","70","4","12","246","428","9.300813008130081","0","0","0","0","70","4","23","255","425","9.466666666666667","0","0","0","0","70","4","13","252","347","9.333333333333334","0","0","0","0","70","4.008403361344538","16","238","405","9.394957983193278","0","0","0","0.8403361344537815","70","4.008403361344538","17","238","384","9.428571428571429","0","0","0","0.8403361344537815","70","4","21","273","401","9.421245421245422","0","0","0","0","70","4.012987012987013","20","231","399","9.16017316017316","0","0","0","1.2987012987012987","70","4.0111940298507465","9","268","368","9.35820895522388","0","0","0","1.1194029850746268","70","4.012658227848101","23","237","411","9.417721518987342","0","0","0","1.2658227848101267","70","4.011904761904762","27","252","398","9.523809523809524","0","0","0","1.1904761904761905","70","4.012","13","250","406","9.384","0","0","0","1.2","70","4.003623188405797","20","276","459","9.41304347826087","0","0","0","0.36231884057971014","70","4.003322259136213","22","301","502","9.262458471760798","0","0","0","0.33222591362126247","70","4.032374100719425","22","278","428","9.525179856115107","0","0","0","3.237410071942446","70","4.048979591836734","18","245","447","9.510204081632653","0","0","0","4.8979591836734695","70","4.0236220472440944","11","254","384","9.181102362204724","0","0","0","2.3622047244094486","70","4.023972602739726","13","292","434","9.32876712328767","0","0","0","2.3972602739726026","70","4.043307086614173","22","254","416","9.259842519685039","0","0","0","4.724409448818897","70","4.054263565891473","21","258","336","9.255813953488373","0","0","0","5.426356589147287","70","4.028673835125448","22","279","463","9.376344086021506","0","0","0","2.867383512544803","70","4.017605633802817","18","284","443","9.338028169014084","0","0","0","1.7605633802816902","70","4.051369863013699","17","292","430","9.342465753424657","0","0","0","5.136986301369863","70","4.032","22","250","393","9.136","0","0","0","3.2"
,"71","3.995575221238938","18","226","336","9.451327433628318","2.6548672566371683","2.6548672566371683","0","5.752212389380531","71","4.11522633744856","25","243","365","9.316872427983538","6.995884773662551","2.880658436213992","6.172839506172839","2.05761316872428","71","3.8803088803088803","15","259","355","9.266409266409266","2.3166023166023164","0","0.7722007722007722","1.1583011583011582","71","4.062283737024221","15","289","380","9.038062283737025","3.4602076124567476","3.114186851211073","4.498269896193771","2.0761245674740483","71","4.035460992907802","27","282","464","9.297872340425531","0.7092198581560284","2.8368794326241136","2.8368794326241136","4.964539007092198","71","4.0036764705882355","16","272","425","9.294117647058824","9.191176470588236","4.779411764705882","1.4705882352941178","3.676470588235294","71","4.1214574898785425","21","247","401","9.246963562753036","4.8582995951417","1.6194331983805668","2.42914979757085","7.287449392712551","71","4.003802281368821","16","263","409","9.44486692015209","1.520912547528517","4.182509505703422","2.661596958174905","4.562737642585551","71","4.165322580645161","19","248","415","9.233870967741936","4.838709677419355","4.838709677419355","4.435483870967742","5.645161290322581","71","3.948","20","250","482","9.448","6.8","1.6","1.6","0.8","71","4","16","277","437","9.386281588447654","0","0","0","0","71","4","20","289","402","9.391003460207612","0","0","0","0","71","4.003861003861004","13","259","387","9.35135135135135","0","0","0","0.3861003861003861","71","4","17","245","391","9.395918367346939","0","0","0","0","71","4","19","267","421","9.258426966292134","0","0","0","0","71","4","23","224","363","9.339285714285714","0","0","0","0","71","4","22","261","414","9.57088122605364","0","0","0","0","71","4.012244897959183","12","245","428","9.257142857142858","0","0","0","1.2244897959183674","71","4","24","254","425","9.4251968503937","0","0","0","0","71","4.00796812749004","14","251","347","9.290836653386455","0","0","0","0.796812749003984","71","4.0042194092827","16","237","405","9.358649789029537","0","0","0","0.4219409282700422","71","4","17","237","384","9.443037974683545","0","0","0","0","71","4.007352941176471","21","272","401","9.411764705882353","0","0","0","0.7352941176470589","71","4.012987012987013","20","231","399","9.16017316017316","0","0","0","1.2987012987012987","71","4.007518796992481","9","266","368","9.278195488721805","0","0","0","0.7518796992481203","71","4.008438818565401","23","237","411","9.417721518987342","0","0","0","0.8438818565400844","71","4.011904761904762","27","252","398","9.523809523809524","0","0","0","1.1904761904761905","71","4.02","13","250","406","9.384","0","0","0","2","71","4.007299270072993","21","274","459","9.343065693430656","0","0","0","0.7299270072992701","71","4.003333333333333","23","300","502","9.226666666666667","0","0","0","0.3333333333333333","71","4.04","22","275","428","9.41090909090909","0","0","0","4","71","4.057142857142857","18","245","447","9.510204081632653","0","0","0","5.714285714285714","71","4.031496062992126","11","254","384","9.181102362204724","0","0","0","3.1496062992125986","71","4.027491408934708","14","291","434","9.292096219931272","0","0","0","2.7491408934707904","71","4.051181102362205","22","254","416","9.259842519685039","0","0","0","5.511811023622047","71","4.054263565891473","21","258","336","9.255813953488373","0","0","0","5.426356589147287","71","4.039568345323741","22","278","463","9.39568345323741","0","0","0","3.9568345323741005","71","4.056537102473499","18","283","443","9.30035335689046","0","0","0","5.6537102473498235","71","4.093425605536332","18","289","430","9.231833910034602","0","0","0","9.342560553633218","71","4.036144578313253","23","249","393","9.108433734939759","0","0","0","3.6144578313253013"
,"72","3.9955555555555557","19","225","336","9.404444444444444","2.6666666666666665","2.6666666666666665","0","5.777777777777778","72","4.111111111111111","25","243","365","9.316872427983538","6.995884773662551","2.880658436213992","5.761316872427984","2.05761316872428","72","3.8793774319066148","15","257","355","9.221789883268482","2.3346303501945527","0","0.7782101167315175","1.1673151750972763","72","4.055363321799308","15","289","380","9.038062283737025","3.4602076124567476","2.7681660899653977","4.1522491349480966","2.0761245674740483","72","4.035460992907802","27","282","464","9.297872340425531","0.7092198581560284","2.8368794326241136","2.8368794326241136","4.964539007092198","72","4.003690036900369","16","271","425","9.254612546125461","8.85608856088561","4.797047970479705","1.4760147601476015","3.690036900369004","72","4.117408906882591","21","247","401","9.246963562753036","4.8582995951417","1.6194331983805668","2.42914979757085","6.882591093117409","72","4.0038167938931295","16","262","409","9.404580152671755","1.5267175572519085","4.198473282442748","2.6717557251908395","4.580152671755725","72","4.165991902834008","20","247","415","9.190283400809717","4.8582995951417","4.8582995951417","4.4534412955465585","5.668016194331984","72","3.9437751004016066","20","249","482","9.405622489959839","6.42570281124498","1.606425702811245","1.606425702811245","0.8032128514056225","72","4","17","275","437","9.309090909090909","0","0","0","0","72","4","21","288","402","9.36111111111111","0","0","0","0","72","4","13","258","387","9.310077519379846","0","0","0","0","72","4","17","245","391","9.395918367346939","0","0","0","0","72","4","20","266","421","9.218045112781954","0","0","0","0","72","4","23","224","363","9.339285714285714","0","0","0","0","72","4","23","260","414","9.53076923076923","0","0","0","0","72","4","12","243","428","9.201646090534979","0","0","0","0","72","4","24","254","425","9.4251968503937","0","0","0","0","72","4","15","250","347","9.248","0","0","0","0","72","4.008474576271187","16","236","405","9.313559322033898","0","0","0","0.847457627118644","72","4.008474576271187","18","236","384","9.398305084745763","0","0","0","0.847457627118644","72","4","21","272","401","9.411764705882353","0","0","0","0","72","4.01304347826087","21","230","399","9.11304347826087","0","0","0","1.3043478260869565","72","4.011320754716981","9","265","368","9.245283018867925","0","0","0","1.1320754716981132","72","4.0168776371308015","23","237","411","9.417721518987342","0","0","0","1.6877637130801688","72","4.01195219123506","27","251","398","9.48207171314741","0","0","0","1.1952191235059761","72","4.0120481927710845","13","249","406","9.38152610441767","0","0","0","1.2048192771084338","72","4.003663003663004","21","273","459","9.304029304029305","0","0","0","0.3663003663003663","72","4.003355704697986","24","298","502","9.154362416107382","0","0","0","0.33557046979865773","72","4.047794117647059","22","272","428","9.294117647058824","0","0","0","4.779411764705882","72","4.040983606557377","18","244","447","9.467213114754099","0","0","0","4.098360655737705","72","4.019685039370079","11","254","384","9.181102362204724","0","0","0","1.968503937007874","72","4.02076124567474","16","289","434","9.217993079584774","0","0","0","2.0761245674740483","72","4.043478260869565","22","253","416","9.217391304347826","0","0","0","4.743083003952569","72","4.050387596899225","21","258","336","9.255813953488373","0","0","0","5.038759689922481","72","4.043478260869565","23","276","463","9.326086956521738","0","0","0","4.3478260869565215","72","4.035460992907802","18","282","443","9.297872340425531","0","0","0","3.5460992907801416","72","4.055749128919861","19","287","430","9.156794425087108","0","0","0","5.574912891986063","72","4.020242914979757","23","247","393","9.068825910931174","0","0","0","2.0242914979757085"
,"73","3.792372881355932","20","236","341","9.338983050847459","3.389830508474576","4.237288135593221","2.542372881355932","7.627118644067797","73","3.8455598455598454","25","259","372","9.127413127413128","9.266409266409266","3.861003861003861","7.722007722007722","3.474903474903475","73","3.652014652014652","15","273","375","9.31868131868132","5.128205128205129","2.5641025641025643","2.197802197802198","2.93040293040293","73","3.9130434782608696","16","299","408","9.384615384615385","5.016722408026756","4.682274247491639","5.68561872909699","2.3411371237458196","73","3.8187919463087248","27","298","484","9.348993288590604","2.0134228187919465","4.3624161073825505","4.026845637583893","5.704697986577181","73","3.9452554744525545","17","274","453","9.562043795620438","9.489051094890511","5.109489051094891","1.4598540145985401","3.6496350364963503","73","3.9609375","22","256","420","9.359375","6.25","2.734375","2.734375","8.984375","73","3.8145454545454545","16","275","418","9.316363636363636","2.5454545454545454","6.545454545454546","3.6363636363636362","6.909090909090909","73","3.897338403041825","20","263","441","9.269961977186313","6.844106463878327","7.224334600760456","5.32319391634981","7.224334600760456","73","3.6051660516605164","20","271","498","9.269372693726938","8.118081180811808","3.690036900369004","3.321033210332103","4.428044280442805","73","3.7916666666666665","18","288","456","9.354166666666666","1.7361111111111112","2.0833333333333335","1.7361111111111112","1.3888888888888888","73","3.7679738562091503","21","306","416","9.34640522875817","1.9607843137254901","1.9607843137254901","1.9607843137254901","3.9215686274509802","73","3.675","13","280","403","9.292857142857143","2.857142857142857","2.5","5","3.5714285714285716","73","3.8725099601593627","18","251","402","9.458167330677291","1.1952191235059761","1.1952191235059761","0.796812749003984","0.398406374501992","73","3.8545454545454545","21","275","445","9.432727272727274","1.0909090909090908","2.1818181818181817","1.0909090909090908","1.4545454545454546","73","3.8290598290598292","23","234","380","9.35897435897436","0.42735042735042733","1.2820512820512822","0.8547008547008547","1.7094017094017093","73","3.674911660777385","23","283","424","9.250883392226148","2.4734982332155475","3.1802120141342756","2.1201413427561837","3.1802120141342756","73","3.661596958174905","12","263","444","9.201520912547528","4.182509505703422","3.041825095057034","4.562737642585551","4.182509505703422","73","3.8484848484848486","24","264","441","9.454545454545455","0.7575757575757576","0.3787878787878788","1.893939393939394","0","73","3.697416974169742","15","271","366","9.239852398523984","4.428044280442805","2.5830258302583027","2.2140221402214024","2.5830258302583027","73","3.776","16","250","431","9.344","2.8","1.6","1.2","2.8","73","3.8244897959183675","18","245","395","9.404081632653062","1.6326530612244898","2.4489795918367347","2.0408163265306123","1.6326530612244898","73","3.9057971014492754","23","276","415","9.442028985507246","1.0869565217391304","1.0869565217391304","0.7246376811594203","1.4492753623188406","73","3.6772908366533863","21","251","422","9.219123505976096","1.593625498007968","2.3904382470119523","3.9840637450199203","5.577689243027889","73","3.7508896797153026","11","281","400","9.295373665480428","2.491103202846975","3.5587188612099645","1.0676156583629892","3.202846975088968","73","3.8857142857142857","23","245","418","9.428571428571429","1.2244897959183674","1.6326530612244898","1.6326530612244898","4.8979591836734695","73","3.6824817518248176","27","274","412","9.248175182481752","2.18978102189781","2.5547445255474455","3.6496350364963503","4.37956204379562","73","3.790874524714829","13","263","421","9.330798479087452","2.2813688212927756","0.7604562737642585","1.520912547528517","3.4220532319391634","73","3.83859649122807","21","285","477","9.36140350877193","1.7543859649122806","1.4035087719298245","2.1052631578947367","2.1052631578947367","73","3.751572327044025","24","318","537","9.257861635220126","2.20125786163522","2.830188679245283","1.2578616352201257","1.5723270440251573","73","3.64","23","300","454","9.146666666666667","5","2.6666666666666665","4.333333333333333","7.666666666666667","73","3.9325396825396823","18","252","466","9.595238095238095","1.5873015873015872","0.3968253968253968","1.1904761904761905","7.5396825396825395","73","3.7518248175182483","11","274","394","9.197080291970803","2.9197080291970803","1.8248175182481752","3.6496350364963503","6.934306569343065","73","3.9457627118644067","16","295","458","9.484745762711864","1.3559322033898304","1.0169491525423728","1.3559322033898304","2.711864406779661","73","3.7806691449814127","22","269","436","9.219330855018587","2.973977695167286","1.858736059479554","2.973977695167286","7.063197026022305","73","3.9328358208955225","21","268","356","9.395522388059701","1.8656716417910448","1.492537313432836","2.2388059701492535","12.313432835820896","73","3.8281786941580758","23","291","480","9.381443298969073","1.0309278350515463","1.7182130584192439","3.0927835051546393","5.154639175257732","73","3.7565789473684212","18","304","466","9.223684210526315","2.960526315789474","1.9736842105263157","2.3026315789473686","8.881578947368421","73","3.89","20","300","465","9.386666666666667","2","1","1.3333333333333333","9.333333333333334","73","3.779467680608365","24","263","411","9.1787072243346","0.7604562737642585","1.1406844106463878","1.9011406844106464","7.984790874524715"
,"74","3.9957446808510637","21","235","341","9.293617021276596","2.5531914893617023","2.5531914893617023","0","6.382978723404255","74","4.096525096525096","25","259","372","9.127413127413128","7.335907335907336","3.088803088803089","6.563706563706564","1.9305019305019304","74","3.892988929889299","16","271","375","9.239852398523984","3.690036900369004","0","0.7380073800738007","2.5830258302583027","74","4.063545150501672","16","299","408","9.384615384615385","3.678929765886288","3.678929765886288","4.013377926421405","2.0066889632107023","74","4.013468013468014","28","297","484","9.313131313131313","0.6734006734006734","3.367003367003367","2.6936026936026938","4.713804713804714","74","4.003663003663004","17","273","453","9.523809523809524","8.791208791208792","4.761904761904762","1.465201465201465","3.663003663003663","74","4.125","22","256","420","9.359375","5.46875","1.5625","2.734375","7.8125","74","4.025454545454545","16","275","418","9.316363636363636","1.4545454545454546","5.090909090909091","3.6363636363636362","4.363636363636363","74","4.155893536121673","20","263","441","9.269961977186313","3.802281368821293","6.4638783269961975","4.182509505703422","5.7034220532319395","74","3.892988929889299","20","271","498","9.269372693726938","5.535055350553505","1.845018450184502","1.845018450184502","2.952029520295203","74","4","18","288","456","9.354166666666666","0.3472222222222222","0","0","0","74","3.9901960784313726","21","306","416","9.34640522875817","0","0","0","0","74","4.003584229390681","13","279","403","9.254480286738351","0","0.35842293906810035","0.35842293906810035","0","74","4.004","18","250","402","9.416","0","0","0.4","0","74","3.989010989010989","21","273","445","9.355311355311356","0","0","0","0","74","4","23","234","380","9.35897435897436","0","0","0.42735042735042733","0","74","4.00709219858156","23","282","424","9.212765957446809","0.3546099290780142","0","0.3546099290780142","0","74","4.026819923371647","13","261","444","9.118773946360154","0.7662835249042146","0","1.9157088122605364","0","74","3.9923954372623576","24","263","441","9.414448669201521","0","0","0.7604562737642585","0","74","4.003690036900369","15","271","366","9.239852398523984","0","0.36900369003690037","0","0","74","4.02","16","250","431","9.344","0.4","0","0","1.6","74","4.004098360655738","19","244","395","9.360655737704919","0","0","0","0.819672131147541","74","4","23","276","415","9.442028985507246","0","0","0","0","74","4.016129032258065","23","248","422","9.096774193548388","0","0","0","1.6129032258064515","74","4.007168458781362","11","279","400","9.21863799283154","0","0","0.35842293906810035","0.7168458781362007","74","4.016393442622951","24","244","418","9.385245901639344","0","0","0","1.639344262295082","74","4.0036764705882355","27","272","412","9.176470588235293","0","0","0.36764705882352944","1.1029411764705883","74","4.015209125475285","13","263","421","9.330798479087452","0.38022813688212925","0","0","1.520912547528517","74","4.007017543859649","21","285","477","9.36140350877193","0.3508771929824561","0","0","0.3508771929824561","74","4.003154574132492","24","317","537","9.230283911671924","0","0.31545741324921134","0","0.31545741324921134","74","4.0369127516778525","23","298","454","9.073825503355705","0","0","0","4.026845637583893","74","4.044","20","250","466","9.512","0","0","0","4.8","74","4.025547445255475","11","274","394","9.197080291970803","0","0","0","2.9197080291970803","74","4.030508474576271","16","295","458","9.484745762711864","0","0","0","3.0508474576271185","74","4.037313432835821","23","268","436","9.17910447761194","0","0","0","4.850746268656716","74","4.059925093632959","21","267","356","9.415730337078651","0","0","0","5.992509363295881","74","4.030927835051546","23","291","480","9.381443298969073","0","0","0.3436426116838488","3.0927835051546393","74","4.042904290429043","18","303","466","9.188118811881187","0","0","0.33003300330033003","3.9603960396039604","74","4.043624161073826","21","298","465","9.322147651006711","0","0","0","5.033557046979865","74","4.022813688212928","24","263","411","9.1787072243346","0","0","0","3.4220532319391634"
,"75","3.9829787234042553","21","235","341","9.293617021276596","2.5531914893617023","2.5531914893617023","0","5.957446808510638","75","4.096899224806202","25","258","372","9.085271317829458","7.364341085271318","3.10077519379845","6.589147286821706","1.937984496124031","75","3.9107806691449816","17","269","375","9.159851301115241","3.717472118959108","0","0.7434944237918215","3.345724907063197","75","4.0673400673400675","17","297","408","9.313131313131313","3.7037037037037037","4.040404040404041","4.040404040404041","2.0202020202020203","75","4.02020202020202","28","297","484","9.313131313131313","0.6734006734006734","3.7037037037037037","2.6936026936026938","4.713804713804714","75","4.007326007326007","17","273","453","9.523809523809524","9.157509157509157","4.761904761904762","1.465201465201465","3.663003663003663","75","4.122047244094488","22","254","420","9.275590551181102","5.511811023622047","1.5748031496062993","2.3622047244094486","7.874015748031496","75","4.025454545454545","16","275","418","9.316363636363636","1.4545454545454546","5.090909090909091","3.6363636363636362","4.363636363636363","75","4.155893536121673","20","263","441","9.269961977186313","3.802281368821293","6.4638783269961975","4.182509505703422","6.083650190114068","75","3.903345724907063","20","269","498","9.189591078066915","5.5762081784386615","2.2304832713754648","2.2304832713754648","2.973977695167286","75","4","18","288","456","9.354166666666666","0","0","0","0","75","4","21","301","416","9.17607973421927","0","0","0","0.33222591362126247","75","4.007168458781362","13","279","403","9.254480286738351","0","0.35842293906810035","0.35842293906810035","0.35842293906810035","75","4.004032258064516","19","248","402","9.330645161290322","0","0","0.4032258064516129","0","75","3.996309963099631","22","271","445","9.276752767527675","0","0","0","0","75","4","23","234","380","9.35897435897436","0","0","0","0","75","4.00355871886121","24","281","424","9.174377224199288","0","0","0.35587188612099646","0","75","4.019157088122605","13","261","444","9.118773946360154","0.7662835249042146","0","0","1.1494252873563218","75","3.9961977186311786","24","263","441","9.414448669201521","0","0","1.520912547528517","0","75","4.007434944237918","16","269","366","9.174721189591079","0","0","0","0.7434944237918215","75","4","16","250","431","9.344","0","0","0","0","75","4.004115226337449","19","243","395","9.316872427983538","0","0","0","0.411522633744856","75","4.007272727272727","23","275","415","9.403636363636364","0","0","0","0.7272727272727273","75","4.016129032258065","23","248","422","9.096774193548388","0","0","0","1.6129032258064515","75","4.003584229390681","11","279","400","9.21863799283154","0","0","0","0.35842293906810035","75","4.012345679012346","24","243","418","9.34156378600823","0","0","0","1.2345679012345678","75","4.011029411764706","27","272","412","9.176470588235293","0","0","0","1.4705882352941178","75","4.019305019305019","14","259","421","9.181467181467182","0","0","0","1.9305019305019304","75","4.007042253521127","22","284","477","9.32394366197183","0","0","0","0.704225352112676","75","4.003164556962025","24","316","537","9.19620253164557","0","0","0","0.31645569620253167","75","4.043771043771044","23","297","454","9.037037037037036","0","0","0","4.377104377104377","75","4.0602409638554215","21","249","466","9.46987951807229","0","0","0","6.024096385542169","75","4.032846715328467","11","274","394","9.197080291970803","0","0","0","3.6496350364963503","75","4.023728813559322","16","295","458","9.484745762711864","0","0","0","2.3728813559322033","75","4.048689138576779","23","267","436","9.138576779026216","0","0","0","5.2434456928838955","75","4.097378277153558","21","267","356","9.415730337078651","0","0","0","9.737827715355806","75","4.055363321799308","23","289","480","9.356401384083044","0","0","0","5.536332179930795","75","4.043189368770764","20","301","466","9.116279069767442","0","0","0","4.318936877076412","75","4.077702702702703","23","296","465","9.256756756756756","0","0","0","7.77027027027027","75","4.041984732824427","25","262","411","9.13740458015267","0","0","0","4.580152671755725"
,"76","3.9957446808510637","21","235","355","9.412765957446808","2.5531914893617023","2.5531914893617023","0","6.382978723404255","76","4.093385214007782","25","257","383","9.1284046692607","7.392996108949417","3.11284046692607","6.22568093385214","1.9455252918287937","76","3.8992537313432836","18","268","393","9.253731343283581","3.7313432835820897","0","0.746268656716418","2.985074626865672","76","4.063973063973064","17","297","421","9.400673400673401","3.7037037037037037","3.7037037037037037","4.040404040404041","2.0202020202020203","76","4.020338983050848","29","295","492","9.294915254237289","0.6779661016949152","3.7288135593220337","2.711864406779661","4.745762711864407","76","4.003663003663004","17","273","458","9.56043956043956","8.791208791208792","4.761904761904762","1.465201465201465","3.663003663003663","76","4.126984126984127","23","252","435","9.317460317460318","5.555555555555555","1.5873015873015872","2.380952380952381","7.936507936507937","76","4.025547445255475","17","274","424","9.321167883211679","1.4598540145985401","5.109489051094891","3.6496350364963503","4.37956204379562","76","4.153256704980843","21","261","447","9.233716475095786","3.8314176245210727","6.513409961685824","4.21455938697318","5.363984674329502","76","3.8805970149253732","20","268","518","9.298507462686567","5.597014925373134","1.8656716417910448","1.492537313432836","2.2388059701492535","76","4","20","285","464","9.305263157894737","0","0","0","0","76","3.9966777408637872","21","301","437","9.315614617940199","0","0","0","0","76","3.996389891696751","14","277","413","9.256317689530686","0","0","0","0","76","4.004032258064516","19","248","420","9.475806451612904","0","0","0.4032258064516129","0","76","3.996282527881041","22","269","467","9.368029739776953","0","0","0","0","76","4","24","233","389","9.390557939914164","0","0","0","0","76","4.003571428571429","24","280","433","9.257142857142858","0","0","0.35714285714285715","0","76","4.003831417624521","13","261","458","9.226053639846743","0.3831417624521073","0","0","0","76","4","24","262","447","9.427480916030534","0","0","0","0","76","4","16","269","376","9.24907063197026","0","0","0","0","76","4.008032128514056","16","249","436","9.34136546184739","0","0","0","0.8032128514056225","76","4.008264462809917","20","242","408","9.380165289256198","0","0","0","0.8264462809917356","76","4","23","274","426","9.489051094890511","0","0","0","0","76","4.012096774193548","23","248","437","9.21774193548387","0","0","0","1.2096774193548387","76","4.010791366906475","12","278","415","9.287769784172662","0","0","0","1.079136690647482","76","4.01673640167364","25","239","429","9.280334728033473","0","0","0","1.6736401673640167","76","4.018382352941177","27","272","422","9.25","0","0","0","1.838235294117647","76","4.011673151750973","16","257","434","9.198443579766536","0","0","0","1.1673151750972763","76","4.003521126760563","22","284","491","9.422535211267606","0","0","0","0.352112676056338","76","4.003184713375796","25","314","558","9.261146496815286","0","0","0","0.3184713375796178","76","4.03728813559322","23","295","478","9.166101694915254","0","0","0","3.7288135593220337","76","4.048582995951417","21","247","481","9.51417004048583","0","0","0","4.8582995951417","76","4.025830258302583","11","271","400","9.121771217712178","0","0","0","2.5830258302583027","76","4.033898305084746","16","295","465","9.532203389830508","0","0","0","3.389830508474576","76","4.048689138576779","23","267","452","9.258426966292134","0","0","0","5.2434456928838955","76","4.056390977443609","22","266","363","9.428571428571429","0","0","0","5.639097744360902","76","4.048611111111111","23","288","491","9.395833333333334","0","0","0","4.861111111111111","76","4.03","21","300","487","9.22","0","0","0","3","76","4.054054054054054","23","296","486","9.39864864864865","0","0","0","5.405405405405405","76","4.022988505747127","25","261","422","9.18007662835249","0","0","0","2.2988505747126435"
,"77","3.9914163090128754","22","233","355","9.321888412017167","2.575107296137339","2.575107296137339","0","6.008583690987124","77","4.094488188976378","27","254","383","9","7.480314960629921","3.1496062992125986","6.299212598425197","1.968503937007874","77","3.906367041198502","18","267","393","9.213483146067416","3.745318352059925","0","0.7490636704119851","3.3707865168539324","77","4.0673400673400675","17","297","421","9.400673400673401","3.7037037037037037","4.040404040404041","4.040404040404041","2.0202020202020203","77","4.020408163265306","29","294","492","9.258503401360544","0.6802721088435374","3.741496598639456","2.7210884353741496","4.761904761904762","77","4.007326007326007","17","273","458","9.56043956043956","9.157509157509157","4.761904761904762","1.465201465201465","3.663003663003663","77","4.134920634920635","23","252","435","9.317460317460318","5.555555555555555","1.5873015873015872","2.7777777777777777","7.936507936507937","77","4.021978021978022","17","273","424","9.326007326007327","1.465201465201465","4.761904761904762","3.663003663003663","4.395604395604396","77","4.157088122605364","21","261","447","9.233716475095786","3.8314176245210727","6.513409961685824","4.21455938697318","5.363984674329502","77","3.8838951310861423","21","267","518","9.258426966292134","5.617977528089888","2.247191011235955","1.4981273408239701","2.247191011235955","77","4","20","284","464","9.267605633802816","0","0","0","0","77","4.003322259136213","21","301","437","9.315614617940199","0","0","0","0.33222591362126247","77","4.003623188405797","15","276","413","9.217391304347826","0","0","0","0.36231884057971014","77","4","19","248","420","9.475806451612904","0","0","0","0","77","3.996268656716418","22","268","467","9.328358208955224","0","0","0","0","77","4","24","232","389","9.344827586206897","0","0","0","0","77","4.003571428571429","24","280","433","9.257142857142858","0","0","0.35714285714285715","0","77","4.019230769230769","13","260","458","9.184615384615384","0.7692307692307693","0","0","1.1538461538461537","77","4","24","260","447","9.346153846153847","0","0","0","0","77","4.007462686567164","16","268","376","9.208955223880597","0","0","0","0.746268656716418","77","4.004032258064516","16","248","436","9.298387096774194","0","0","0","0.4032258064516129","77","4.0041322314049586","20","242","408","9.380165289256198","0","0","0","0.4132231404958678","77","4.007326007326007","24","273","426","9.457875457875458","0","0","0","0.7326007326007326","77","4.016194331983805","23","247","437","9.17408906882591","0","0","0","1.6194331983805668","77","4.003623188405797","13","276","415","9.210144927536232","0","0","0","0.36231884057971014","77","4.042016806722689","25","238","429","9.235294117647058","0","0","0","4.201680672268908","77","4.014760147601476","27","271","422","9.210332103321033","0","0","0","1.4760147601476015","77","4.01953125","16","256","434","9.1640625","0","0","0","1.953125","77","4.007042253521127","22","284","491","9.422535211267606","0","0","0","0.704225352112676","77","4.003215434083601","26","311","558","9.163987138263666","0","0","0","0.3215434083601286","77","4.037542662116041","23","293","478","9.092150170648464","0","0","0","3.7542662116040955","77","4.048780487804878","22","246","481","9.471544715447154","0","0","0","4.878048780487805","77","4.03690036900369","11","271","400","9.121771217712178","0","0","0","3.690036900369004","77","4.023809523809524","16","294","465","9.496598639455783","0","0","0","2.380952380952381","77","4.045112781954887","24","266","452","9.218045112781954","0","0","0","4.887218045112782","77","4.087121212121212","23","264","363","9.348484848484848","0","0","0","8.712121212121213","77","4.052083333333333","23","288","491","9.395833333333334","0","0","0","5.208333333333333","77","4.050335570469799","22","298","487","9.154362416107382","0","0","0","5.033557046979865","77","4.081355932203389","23","295","486","9.36271186440678","0","0","0","8.135593220338983","77","4.038314176245211","25","261","422","9.18007662835249","0","0","0","3.8314176245210727"
,"78","3.987012987012987","22","231","355","9.229437229437229","2.1645021645021645","2.5974025974025974","0","5.627705627705628","78","4.090909090909091","27","253","383","8.956521739130435","7.509881422924901","3.1620553359683794","5.928853754940712","1.976284584980237","78","3.898876404494382","18","267","393","9.213483146067416","3.745318352059925","0","0.7490636704119851","2.9962546816479403","78","4.063973063973064","17","297","421","9.400673400673401","3.7037037037037037","3.7037037037037037","4.040404040404041","2.0202020202020203","78","4.020477815699659","29","293","492","9.228668941979523","0.6825938566552902","3.7542662116040955","2.7303754266211606","4.778156996587031","78","4.003663003663004","17","273","458","9.56043956043956","8.791208791208792","4.761904761904762","1.465201465201465","3.663003663003663","78","4.132","24","250","435","9.24","5.6","1.6","2.4","8","78","4.0256410256410255","17","273","424","9.326007326007327","1.465201465201465","5.128205128205129","3.663003663003663","4.395604395604396","78","4.157088122605364","21","261","447","9.233716475095786","3.8314176245210727","6.513409961685824","4.21455938697318","5.363984674329502","78","3.8801498127340825","21","267","518","9.258426966292134","5.617977528089888","1.8726591760299625","1.4981273408239701","2.247191011235955","78","4","20","283","464","9.229681978798586","0","0","0","0","78","4","21","299","437","9.250836120401338","0","0","0","0","78","4","16","273","413","9.098901098901099","0","0","0","0","78","4","19","247","420","9.449392712550607","0","0","0","0","78","4.00374531835206","22","267","467","9.295880149812733","0","0","0","0.37453183520599254","78","4","24","232","389","9.344827586206897","0","0","0","0","78","4.003571428571429","24","280","433","9.257142857142858","0","0","0.35714285714285715","0","78","4.003846153846154","13","260","458","9.184615384615384","0.38461538461538464","0","0","0","78","4","25","259","447","9.305019305019306","0","0","0","0","78","4","16","267","376","9.168539325842696","0","0","0","0","78","4.008064516129032","16","248","436","9.298387096774194","0","0","0","0.8064516129032258","78","4.008298755186722","21","241","408","9.336099585062241","0","0","0","0.8298755186721992","78","4","24","270","426","9.34074074074074","0","0","0","0","78","4.012145748987854","23","247","437","9.17408906882591","0","0","0","1.214574898785425","78","4.003623188405797","13","276","415","9.210144927536232","0","0","0","0.36231884057971014","78","4.038135593220339","27","236","429","9.14406779661017","0","0","0","3.8135593220338984","78","4.018518518518518","27","270","422","9.170370370370371","0","0","0","1.8518518518518519","78","4.01171875","16","256","434","9.1640625","0","0","0","1.171875","78","4.003533568904594","22","283","491","9.392226148409893","0","0","0","0.35335689045936397","78","4.003215434083601","26","311","558","9.163987138263666","0","0","0","0.3215434083601286","78","4.030821917808219","23","292","478","9.054794520547945","0","0","0","3.0821917808219177","78","4.049382716049383","22","243","481","9.349794238683128","0","0","0","4.938271604938271","78","4.033333333333333","11","270","400","9.08148148148148","0","0","0","3.3333333333333335","78","4.034246575342466","18","292","465","9.424657534246576","0","0","0","3.4246575342465753","78","4.026315789473684","24","266","452","9.218045112781954","0","0","0","3.007518796992481","78","4.0534351145038165","24","262","363","9.267175572519085","0","0","0","5.343511450381679","78","4.034965034965035","23","286","491","9.34965034965035","0","0","0","3.4965034965034967","78","4.037162162162162","23","296","487","9.087837837837839","0","0","0","3.7162162162162162","78","4.054421768707483","23","294","486","9.326530612244898","0","0","0","5.442176870748299","78","4.030769230769231","26","260","422","9.138461538461538","0","0","0","3.076923076923077"
,"79","3.987012987012987","22","231","376","9.41125541125541","1.7316017316017316","2.5974025974025974","0","5.627705627705628","79","4.090909090909091","27","253","417","9.225296442687746","7.905138339920948","3.1620553359683794","5.533596837944664","1.976284584980237","79","3.9056603773584904","18","265","411","9.275471698113208","3.7735849056603774","0","0.7547169811320755","3.3962264150943398","79","4.0675675675675675","18","296","428","9.412162162162161","3.7162162162162162","4.054054054054054","4.054054054054054","2.027027027027027","79","4.020477815699659","29","293","511","9.358361774744028","0.6825938566552902","3.7542662116040955","2.7303754266211606","4.778156996587031","79","4.007352941176471","17","272","468","9.595588235294118","9.191176470588236","4.779411764705882","1.4705882352941178","3.676470588235294","79","4.136","24","250","461","9.448","5.6","2","2.4","8","79","4.036764705882353","18","272","437","9.382352941176471","1.4705882352941178","6.25","3.676470588235294","4.411764705882353","79","4.157692307692308","22","260","456","9.261538461538462","3.8461538461538463","6.538461538461538","4.230769230769231","5.384615384615385","79","3.8838951310861423","21","267","542","9.438202247191011","5.617977528089888","2.247191011235955","1.4981273408239701","2.247191011235955","79","4","22","280","490","9.321428571428571","0","0","0","0","79","4.003355704697986","21","298","456","9.342281879194632","0","0","0","0.33557046979865773","79","4.0036764705882355","16","272","434","9.213235294117647","0","0","0","0.36764705882352944","79","4","19","246","427","9.463414634146341","0","0","0","0","79","4","22","267","488","9.453183520599252","0","0","0","0","79","4","25","231","395","9.35064935064935","0","0","0","0","79","4.003571428571429","24","280","445","9.342857142857143","0","0","0.35714285714285715","0","79","4.01937984496124","14","258","470","9.209302325581396","0.7751937984496124","0","0","1.1627906976744187","79","4","25","259","461","9.413127413127413","0","0","0","0","79","4.007518796992481","16","266","386","9.24812030075188","0","0","0","0.7518796992481203","79","4","16","248","447","9.387096774193548","0","0","0","0","79","4.004201680672269","22","238","424","9.344537815126051","0","0","0","0.42016806722689076","79","4.007407407407407","24","270","446","9.488888888888889","0","0","0","0.7407407407407407","79","4.012145748987854","23","247","452","9.295546558704453","0","0","0","1.214574898785425","79","4.0036496350364965","14","274","435","9.277372262773723","0","0","0","0.36496350364963503","79","4.0212765957446805","27","235","454","9.310638297872341","0","0","0","2.127659574468085","79","4.011111111111111","27","270","434","9.25925925925926","0","0","0","1.1111111111111112","79","4.015686274509804","17","255","458","9.309803921568628","0","0","0","1.5686274509803921","79","4.007067137809187","22","283","499","9.448763250883392","0","0","0","0.7067137809187279","79","4.003225806451613","26","310","582","9.296774193548387","0","0","0","0.3225806451612903","79","4.054794520547945","23","292","501","9.212328767123287","0","0","0","5.47945205479452","79","4.046025104602511","23","239","504","9.364016736401673","0","0","0","4.602510460251046","79","4.04074074074074","11","270","419","9.222222222222221","0","0","0","4.074074074074074","79","4.023972602739726","18","292","476","9.5","0","0","0","2.3972602739726026","79","4.049056603773585","24","265","467","9.290566037735848","0","0","0","5.283018867924528","79","4.0807692307692305","25","260","387","9.36923076923077","0","0","0","8.076923076923077","79","4.066433566433567","23","286","503","9.433566433566433","0","0","0","6.643356643356643","79","4.051194539249146","24","293","520","9.20136518771331","0","0","0","5.1194539249146755","79","4.075085324232082","24","293","505","9.419795221843003","0","0","0","7.508532423208191","79","4.038610038610039","26","259","432","9.173745173745173","0","0","0","3.861003861003861"
,"80","3.986899563318777","22","229","376","9.327510917030567","1.3100436681222707","2.6200873362445414","0","5.676855895196507","80","4.086956521739131","27","253","417","9.225296442687746","7.509881422924901","3.1620553359683794","5.533596837944664","1.976284584980237","80","3.9053030303030303","18","264","411","9.242424242424242","3.787878787878788","0","0.7575757575757576","3.409090909090909","80","4.064406779661017","18","295","428","9.376271186440677","3.7288135593220337","3.7288135593220337","4.067796610169491","2.0338983050847457","80","4.023890784982935","29","293","511","9.358361774744028","0.6825938566552902","3.7542662116040955","2.7303754266211606","5.1194539249146755","80","4.011029411764706","17","272","468","9.595588235294118","9.558823529411764","4.779411764705882","1.4705882352941178","3.676470588235294","80","4.132530120481928","24","249","461","9.405622489959839","5.622489959839357","1.606425702811245","2.4096385542168677","8.032128514056225","80","4.044117647058823","18","272","437","9.382352941176471","1.4705882352941178","6.617647058823529","3.676470588235294","4.779411764705882","80","4.15625","24","256","456","9.1015625","3.90625","6.640625","4.296875","5.078125","80","3.8759398496240602","22","266","542","9.398496240601503","5.639097744360902","1.8796992481203008","1.1278195488721805","2.255639097744361","80","4","22","279","490","9.283154121863799","0","0","0","0","80","4","22","295","456","9.233898305084745","0","0","0","0","80","4","16","272","434","9.213235294117647","0","0","0","0","80","4","20","245","427","9.420408163265305","0","0","0","0","80","4.003759398496241","22","266","488","9.413533834586467","0","0","0","0.37593984962406013","80","4","25","231","395","9.35064935064935","0","0","0","0","80","4.003571428571429","24","280","445","9.342857142857143","0","0","0.35714285714285715","0","80","4.003891050583658","14","257","470","9.167315175097276","0.38910505836575876","0","0","0","80","4","25","258","461","9.372093023255815","0","0","0","0","80","4","17","265","386","9.20754716981132","0","0","0","0","80","4.008097165991903","16","247","447","9.352226720647772","0","0","0","0.8097165991902834","80","4.008438818565401","22","237","424","9.316455696202532","0","0","0","0.8438818565400844","80","4","25","269","446","9.449814126394052","0","0","0","0","80","4.012244897959183","23","245","452","9.273469387755101","0","0","0","1.2244897959183674","80","4.0036764705882355","14","272","435","9.205882352941176","0","0","0","0.36764705882352944","80","4.012820512820513","28","234","454","9.264957264957266","0","0","0","1.2820512820512822","80","4.018656716417911","28","268","434","9.194029850746269","0","0","0","1.8656716417910448","80","4.007905138339921","17","253","458","9.225296442687746","0","0","0","0.7905138339920948","80","4.003571428571429","23","280","499","9.335714285714285","0","0","0","0.35714285714285715","80","4.003225806451613","26","310","582","9.296774193548387","0","0","0","0.3225806451612903","80","4.037671232876712","23","292","501","9.212328767123287","0","0","0","3.767123287671233","80","4.033613445378151","23","238","504","9.319327731092438","0","0","0","3.361344537815126","80","4.022304832713755","12","269","419","9.182156133828997","0","0","0","2.2304832713754648","80","4.027491408934708","18","291","476","9.47766323024055","0","0","0","2.7491408934707904","80","4.030418250950571","25","263","467","9.254752851711027","0","0","0","3.4220532319391634","80","4.069230769230769","25","260","387","9.36923076923077","0","0","0","6.923076923076923","80","4.034965034965035","23","286","503","9.433566433566433","0","0","0","3.4965034965034967","80","4.034602076124568","26","289","520","9.065743944636678","0","0","0","3.4602076124567476","80","4.041095890410959","25","292","505","9.383561643835616","0","0","0","4.109589041095891","80","4.023166023166024","26","259","432","9.173745173745173","0","0","0","2.3166023166023164"
,"81","3.986899563318777","22","229","376","9.327510917030567","0.8733624454148472","2.6200873362445414","0","5.676855895196507","81","4.083333333333333","27","252","417","9.182539682539682","7.5396825396825395","3.1746031746031744","5.158730158730159","1.9841269841269842","81","3.9042145593869733","19","261","411","9.118773946360154","3.8314176245210727","0","0.7662835249042146","3.4482758620689653","81","4.068027210884353","19","294","428","9.34013605442177","3.741496598639456","4.081632653061225","4.081632653061225","2.0408163265306123","81","4.023972602739726","29","292","511","9.321917808219178","0.684931506849315","3.767123287671233","2.73972602739726","5.136986301369863","81","4.007352941176471","17","272","468","9.595588235294118","9.191176470588236","4.779411764705882","1.4705882352941178","3.676470588235294","81","4.133064516129032","24","248","461","9.403225806451612","5.645161290322581","1.6129032258064515","2.4193548387096775","7.661290322580645","81","4.040590405904059","19","271","437","9.343173431734318","1.4760147601476015","6.642066420664206","3.690036900369004","4.428044280442805","81","4.152941176470589","24","255","456","9.058823529411764","3.9215686274509802","6.666666666666667","4.313725490196078","4.313725490196078","81","3.8679245283018866","22","265","542","9.358490566037736","5.660377358490566","1.509433962264151","0.7547169811320755","2.2641509433962264","81","4","22","279","490","9.283154121863799","0","0","0","0","81","4.003412969283277","22","293","456","9.160409556313994","0","0","0","0.3412969283276451","81","4.003703703703704","16","270","434","9.133333333333333","0","0","0","0.37037037037037035","81","4","20","244","427","9.37704918032787","0","0","0","0","81","4","22","265","488","9.373584905660378","0","0","0","0","81","4","27","229","395","9.25764192139738","0","0","0","0","81","4","25","278","445","9.266187050359711","0","0","0","0","81","4.015625","14","256","470","9.140625","0.390625","0","0","1.171875","81","4","25","257","461","9.330739299610896","0","0","0","0","81","4.007547169811321","17","265","386","9.20754716981132","0","0","0","0.7547169811320755","81","4","18","244","447","9.229508196721312","0","0","0","0","81","4.004255319148936","22","235","424","9.293617021276596","0","0","0","0.425531914893617","81","4.007462686567164","25","268","446","9.41044776119403","0","0","0","0.746268656716418","81","4.012295081967213","23","244","452","9.229508196721312","0","0","0","1.2295081967213115","81","4.007352941176471","14","272","435","9.205882352941176","0","0","0","0.7352941176470589","81","4.012820512820513","28","234","454","9.264957264957266","0","0","0","1.2820512820512822","81","4.014925373134329","28","268","434","9.194029850746269","0","0","0","1.492537313432836","81","4.01593625498008","19","251","458","9.155378486055778","0","0","0","1.593625498007968","81","4.007142857142857","23","280","499","9.335714285714285","0","0","0","0.7142857142857143","81","4.003225806451613","26","310","582","9.296774193548387","0","0","0","0.3225806451612903","81","4.041237113402062","23","291","501","9.175257731958762","0","0","0","4.123711340206185","81","4.033755274261603","24","237","504","9.282700421940929","0","0","0","3.3755274261603376","81","4.0299625468164795","14","267","419","9.101123595505618","0","0","0","2.9962546816479403","81","4.027681660899654","19","289","476","9.40484429065744","0","0","0","2.7681660899653977","81","4.0418250950570345","25","263","467","9.254752851711027","0","0","0","4.562737642585551","81","4.081081081081081","25","259","387","9.328185328185327","0","0","0","8.108108108108109","81","4.062937062937063","23","286","503","9.433566433566433","0","0","0","6.293706293706293","81","4.048611111111111","26","288","520","9.027777777777779","0","0","0","4.861111111111111","81","4.072164948453608","25","291","505","9.347079037800688","0","0","0","7.216494845360825","81","4.035019455252918","26","257","432","9.09727626459144","0","0","0","3.501945525291829"
,"82","3.986784140969163","23","227","389","9.348017621145374","0.8810572687224669","2.643171806167401","0","5.726872246696035","82","4.083333333333333","27","252","430","9.285714285714286","7.5396825396825395","3.5714285714285716","4.761904761904762","1.9841269841269842","82","3.9042145593869733","19","261","436","9.310344827586206","3.8314176245210727","0","0.7662835249042146","3.4482758620689653","82","4.064846416382252","19","293","439","9.378839590443686","3.7542662116040955","3.7542662116040955","4.09556313993174","2.04778156996587","82","4.02054794520548","29","292","520","9.383561643835616","0.684931506849315","3.767123287671233","2.73972602739726","4.794520547945205","82","4.007407407407407","19","270","475","9.577777777777778","9.25925925925926","4.814814814814815","1.4814814814814814","3.7037037037037037","82","4.133603238866397","24","247","474","9.465587044534413","5.668016194331984","1.6194331983805668","2.42914979757085","7.6923076923076925","82","4.04074074074074","20","270","448","9.392592592592592","1.4814814814814814","6.666666666666667","3.7037037037037037","4.444444444444445","82","4.152941176470589","24","255","486","9.294117647058824","3.9215686274509802","6.666666666666667","4.313725490196078","3.9215686274509802","82","3.8679245283018866","22","265","557","9.471698113207546","5.660377358490566","1.509433962264151","0.7547169811320755","2.2641509433962264","82","4","22","279","512","9.440860215053764","0","0","0","0","82","4","22","291","487","9.29896907216495","0","0","0","0","82","4","16","269","465","9.323420074349443","0","0","0","0","82","4","20","244","437","9.459016393442623","0","0","0","0","82","4.003787878787879","22","264","503","9.446969696969697","0","0","0","0.3787878787878788","82","4","27","228","416","9.473684210526315","0","0","0","0","82","4","26","277","458","9.321299638989169","0","0","0","0","82","4.003921568627451","14","255","491","9.294117647058824","0.39215686274509803","0","0","0","82","4","25","256","475","9.3984375","0","0","0","0","82","4","17","264","397","9.25","0","0","0","0","82","4.016460905349795","18","243","466","9.34156378600823","0","0","0","1.646090534979424","82","4.008510638297873","22","235","442","9.446808510638299","0","0","0","0.851063829787234","82","4","25","268","468","9.574626865671641","0","0","0","0","82","4.016393442622951","23","244","467","9.352459016393443","0","0","0","1.639344262295082","82","4.003690036900369","14","271","458","9.335793357933579","0","0","0","0.36900369003690037","82","4.034188034188034","28","234","475","9.444444444444445","0","0","0","3.4188034188034186","82","4.011320754716981","28","265","448","9.184905660377359","0","0","0","1.1320754716981132","82","4.008032128514056","21","249","487","9.301204819277109","0","0","0","0.8032128514056225","82","4.003584229390681","24","279","516","9.419354838709678","0","0","0","0.35842293906810035","82","4.003246753246753","26","308","609","9.402597402597403","0","0","0","0.3246753246753247","82","4.041522491349481","23","289","522","9.245674740484429","0","0","0","4.1522491349480966","82","4.025316455696203","24","237","523","9.443037974683545","0","0","0","2.5316455696202533","82","4.011320754716981","15","265","446","9.222641509433963","0","0","0","1.1320754716981132","82","4.027681660899654","19","289","495","9.536332179930795","0","0","0","2.7681660899653977","82","4.026923076923077","25","260","486","9.284615384615385","0","0","0","3.076923076923077","82","4.065637065637065","25","259","406","9.474903474903474","0","0","0","6.563706563706564","82","4.031468531468532","23","286","512","9.496503496503497","0","0","0","3.1468531468531467","82","4.031358885017422","27","287","563","9.296167247386759","0","0","0","3.1358885017421603","82","4.037800687285223","25","291","526","9.491408934707904","0","0","0","3.7800687285223367","82","4.03125","27","256","450","9.203125","0","0","0","3.125"
,"83","3.986666666666667","25","225","389","9.27111111111111","0.8888888888888888","2.6666666666666665","0","5.777777777777778","83","4.087301587301587","27","252","430","9.285714285714286","7.5396825396825395","3.5714285714285716","4.761904761904762","2.380952380952381","83","3.9042145593869733","19","261","436","9.310344827586206","3.8314176245210727","0","0.7662835249042146","3.4482758620689653","83","4.0687285223367695","21","291","439","9.312714776632303","3.7800687285223367","4.123711340206185","4.123711340206185","2.0618556701030926","83","4.02054794520548","29","292","520","9.383561643835616","0.684931506849315","3.767123287671233","2.73972602739726","4.794520547945205","83","4.007434944237918","20","269","475","9.53903345724907","9.293680297397769","4.83271375464684","1.486988847583643","3.717472118959108","83","4.133603238866397","24","247","474","9.465587044534413","5.668016194331984","1.6194331983805668","2.42914979757085","7.6923076923076925","83","4.048507462686567","20","268","448","9.32089552238806","1.492537313432836","6.7164179104477615","4.104477611940299","4.477611940298507","83","4.153543307086614","25","254","486","9.259842519685039","3.937007874015748","6.692913385826771","4.330708661417323","3.937007874015748","83","3.871212121212121","23","264","557","9.431818181818182","5.681818181818182","1.5151515151515151","0.7575757575757576","2.272727272727273","83","4","22","278","512","9.410071942446043","0","0","0","0","83","4.003460207612457","23","289","487","9.231833910034602","0","0","0","0.3460207612456747","83","4.003731343283582","16","268","465","9.283582089552239","0","0","0","0.373134328358209","83","4","21","242","437","9.37190082644628","0","0","0","0","83","4","22","261","503","9.39463601532567","0","0","0","0","83","4","29","225","416","9.333333333333334","0","0","0","0","83","4","26","276","458","9.304347826086957","0","0","0","0","83","4.015810276679842","15","253","491","9.209486166007904","0.3952569169960474","0","0","1.1857707509881423","83","4","27","253","475","9.272727272727273","0","0","0","0","83","4.007575757575758","17","264","397","9.25","0","0","0","0.7575757575757576","83","4","18","243","466","9.34156378600823","0","0","0","0","83","4.0042918454935625","23","233","442","9.356223175965665","0","0","0","0.4291845493562232","83","4.007575757575758","26","264","468","9.431818181818182","0","0","0","0.7575757575757576","83","4.012345679012346","23","243","467","9.308641975308642","0","0","0","1.2345679012345678","83","4.007407407407407","14","270","458","9.303703703703704","0","0","0","0.7407407407407407","83","4.02991452991453","28","234","475","9.444444444444445","0","0","0","2.9914529914529915","83","4.015209125475285","30","263","448","9.102661596958175","0","0","0","1.520912547528517","83","4.016064257028113","21","249","487","9.301204819277109","0","0","0","1.606425702811245","83","4.0071942446043165","25","278","516","9.381294964028777","0","0","0","0.7194244604316546","83","4.003257328990228","27","307","609","9.368078175895766","0","0","0","0.3257328990228013","83","4.048442906574395","23","289","522","9.245674740484429","0","0","0","4.844290657439446","83","4.0210970464135025","24","237","523","9.443037974683545","0","0","0","2.109704641350211","83","4.038022813688213","15","263","446","9.140684410646388","0","0","0","3.802281368821293","83","4.024305555555555","19","288","495","9.5","0","0","0","2.4305555555555554","83","4.038461538461538","25","260","486","9.284615384615385","0","0","0","4.230769230769231","83","4.084942084942085","25","259","406","9.474903474903474","0","0","0","8.494208494208495","83","4.052631578947368","24","285","512","9.459649122807017","0","0","0","5.2631578947368425","83","4.055944055944056","27","286","563","9.265734265734265","0","0","0","5.594405594405594","83","4.069204152249135","26","289","526","9.418685121107266","0","0","0","6.920415224913495","83","4.027450980392157","27","255","450","9.168627450980392","0","0","0","2.7450980392156863"
,"84","3.986666666666667","25","225","389","9.27111111111111","0.8888888888888888","2.6666666666666665","0","5.777777777777778","84","4.087649402390438","27","251","430","9.243027888446216","7.968127490039841","3.187250996015936","4.780876494023905","2.3904382470119523","84","3.9038461538461537","19","260","436","9.276923076923078","3.8461538461538463","0","0.7692307692307693","3.4615384615384617","84","4.062283737024221","21","289","439","9.238754325259515","3.8062283737024223","3.8062283737024223","3.8062283737024223","2.0761245674740483","84","4.017301038062284","31","289","520","9.273356401384083","0.6920415224913494","3.8062283737024223","2.7681660899653977","4.498269896193771","84","4.007434944237918","20","269","475","9.53903345724907","9.293680297397769","4.83271375464684","1.486988847583643","3.717472118959108","84","4.134146341463414","24","246","474","9.422764227642276","5.691056910569106","1.6260162601626016","2.4390243902439024","7.723577235772358","84","4.045454545454546","21","264","448","9.159090909090908","1.5151515151515151","6.818181818181818","3.787878787878788","4.545454545454546","84","4.153543307086614","25","254","486","9.259842519685039","3.937007874015748","6.692913385826771","4.330708661417323","3.937007874015748","84","3.871212121212121","23","264","557","9.431818181818182","5.681818181818182","1.5151515151515151","0.7575757575757576","2.272727272727273","84","4","22","278","512","9.410071942446043","0","0","0","0","84","4","23","289","487","9.231833910034602","0","0","0","0","84","4","16","267","465","9.250936329588015","0","0","0","0","84","4","21","241","437","9.32780082987552","0","0","0","0","84","4.003831417624521","22","261","503","9.39463601532567","0","0","0","0.3831417624521073","84","4","29","224","416","9.285714285714286","0","0","0","0","84","4","26","276","458","9.304347826086957","0","0","0","0","84","4","16","252","491","9.166666666666666","0","0","0","0","84","4","27","252","475","9.23015873015873","0","0","0","0","84","4","18","262","397","9.17557251908397","0","0","0","0","84","4.016460905349795","18","243","466","9.34156378600823","0","0","0","1.646090534979424","84","4.008583690987124","23","233","442","9.356223175965665","0","0","0","0.8583690987124464","84","4","28","262","468","9.351145038167939","0","0","0","0","84","4.012345679012346","23","243","467","9.308641975308642","0","0","0","1.2345679012345678","84","4.003717472118959","14","269","458","9.271375464684015","0","0","0","0.37174721189591076","84","4.034334763948498","29","233","475","9.399141630901287","0","0","0","3.4334763948497855","84","4.011583011583012","30","259","448","8.94980694980695","0","0","0","1.1583011583011582","84","4.008097165991903","22","247","487","9.214574898785425","0","0","0","0.8097165991902834","84","4.003610108303249","25","277","516","9.342960288808664","0","0","0","0.36101083032490977","84","4.003257328990228","27","307","609","9.368078175895766","0","0","0","0.3257328990228013","84","4.041522491349481","23","289","522","9.245674740484429","0","0","0","4.1522491349480966","84","4.038135593220339","24","236","523","9.398305084745763","0","0","0","3.8135593220338984","84","4.011450381679389","16","262","446","9.099236641221374","0","0","0","1.1450381679389312","84","4.034843205574913","19","287","495","9.463414634146341","0","0","0","3.484320557491289","84","4.030888030888031","25","259","486","9.243243243243244","0","0","0","3.474903474903475","84","4.062015503875969","25","258","406","9.434108527131784","0","0","0","6.2015503875969","84","4.03859649122807","24","285","512","9.459649122807017","0","0","0","3.8596491228070176","84","4.024647887323944","28","284","563","9.19718309859155","0","0","0","2.464788732394366","84","4.045138888888889","26","288","526","9.381944444444445","0","0","0","4.513888888888889","84","4.02755905511811","28","254","450","9.133858267716535","0","0","0","2.7559055118110236"
,"85","3.600806451612903","25","248","410","9.10483870967742","5.241935483870968","6.451612903225806","3.629032258064516","7.258064516129032","85","3.919230769230769","28","260","445","9.361538461538462","8.076923076923077","4.230769230769231","5.769230769230769","3.8461538461538463","85","3.830188679245283","19","265","456","9.50943396226415","4.528301886792453","0.37735849056603776","1.8867924528301887","4.528301886792453","85","4.010238907849829","21","293","466","9.583617747440274","4.09556313993174","4.436860068259386","3.7542662116040955","2.7303754266211606","85","3.8662207357859533","32","299","535","9.424749163879598","2.3411371237458196","4.682274247491639","4.013377926421405","5.016722408026756","85","3.717241379310345","20","290","487","9.324137931034484","10.344827586206897","6.896551724137931","4.482758620689655","6.206896551724138","85","3.764925373134328","25","268","487","9.14179104477612","7.835820895522388","5.970149253731344","3.3582089552238807","11.567164179104477","85","3.710801393728223","21","287","483","9.142857142857142","4.878048780487805","8.362369337979095","6.620209059233449","7.317073170731708","85","3.7670250896057347","25","279","504","9.096774193548388","5.017921146953405","9.67741935483871","7.526881720430108","6.093189964157706","85","3.7163636363636363","23","275","564","9.461818181818181","7.636363636363637","3.6363636363636362","1.4545454545454546","4","85","3.808219178082192","22","292","529","9.363013698630137","1.0273972602739727","0.684931506849315","2.0547945205479454","0.684931506849315","85","3.8817567567567566","24","296","516","9.466216216216216","1.0135135135135136","0.6756756756756757","0.6756756756756757","1.0135135135135136","85","3.887272727272727","16","275","485","9.374545454545455","0.7272727272727273","1.0909090909090908","0.7272727272727273","1.0909090909090908","85","3.722007722007722","21","259","456","9.305019305019306","1.5444015444015444","4.633204633204633","3.088803088803089","3.088803088803089","85","3.6714285714285713","23","280","529","9.307142857142857","2.142857142857143","1.7857142857142858","2.857142857142857","3.2142857142857144","85","3.6408163265306124","30","245","443","9.183673469387756","2.857142857142857","0.40816326530612246","4.081632653061225","3.673469387755102","85","3.8368055555555554","26","288","468","9.3125","2.0833333333333335","1.0416666666666667","1.3888888888888888","1.7361111111111112","85","3.816793893129771","17","262","514","9.32824427480916","1.5267175572519085","0.7633587786259542","1.5267175572519085","4.198473282442748","85","3.652173913043478","27","276","503","9.26086956521739","1.0869565217391304","1.0869565217391304","2.898550724637681","4.7101449275362315","85","3.8131868131868134","20","273","414","9.340659340659341","1.098901098901099","1.465201465201465","1.465201465201465","1.8315018315018314","85","3.868","18","250","477","9.344","1.2","1.6","2","1.6","85","3.8237704918032787","23","244","461","9.450819672131148","0.819672131147541","2.0491803278688523","1.2295081967213115","2.459016393442623","85","3.6971830985915495","28","284","488","9.267605633802816","2.112676056338028","3.5211267605633805","1.408450704225352","2.816901408450704","85","3.711026615969582","23","263","479","9.133079847908744","3.041825095057034","1.9011406844106464","3.041825095057034","2.661596958174905","85","3.61744966442953","14","298","480","9.140939597315436","3.6912751677852347","4.026845637583893","3.6912751677852347","5.704697986577181","85","3.6484375","30","256","494","9.234375","2.34375","3.515625","3.515625","5.078125","85","3.8088235294117645","30","272","487","9.161764705882353","2.2058823529411766","2.573529411764706","2.2058823529411766","3.676470588235294","85","3.8076923076923075","22","260","511","9.315384615384616","0.7692307692307693","1.5384615384615385","0.7692307692307693","5","85","3.7248322147651005","25","298","537","9.25503355704698","2.684563758389262","4.026845637583893","3.0201342281879193","3.3557046979865772","85","3.942122186495177","27","311","628","9.4983922829582","0.6430868167202572","0.6430868167202572","1.2861736334405145","0.6430868167202572","85","3.707936507936508","23","315","539","9.231746031746031","3.492063492063492","1.9047619047619047","2.857142857142857","8.253968253968255","85","3.758893280632411","24","253","540","9.312252964426877","2.3715415019762847","1.976284584980237","1.5810276679841897","4.3478260869565215","85","3.7949640287769784","16","278","478","9.37410071942446","2.5179856115107913","1.7985611510791366","1.079136690647482","4.316546762589928","85","3.651898734177215","20","316","510","9.221518987341772","3.1645569620253164","3.1645569620253164","1.8987341772151898","5.379746835443038","85","3.75","26","276","514","9.289855072463768","2.898550724637681","2.536231884057971","2.536231884057971","6.159420289855072","85","3.8676470588235294","26","272","418","9.308823529411764","1.838235294117647","2.2058823529411766","3.3088235294117645","12.132352941176471","85","3.928813559322034","24","295","519","9.44406779661017","1.694915254237288","1.694915254237288","1.694915254237288","7.4576271186440675","85","3.739413680781759","28","307","590","9.19869706840391","3.257328990228013","1.9543973941368078","2.2801302931596092","6.840390879478828","85","3.7973856209150325","27","306","550","9.313725490196079","2.9411764705882355","1.6339869281045751","2.6143790849673203","7.189542483660131","85","3.8641509433962264","28","265","469","9.29811320754717","2.641509433962264","1.509433962264151","0.7547169811320755","6.037735849056604"
,"86","3.967479674796748","25","246","410","9.016260162601625","2.4390243902439024","1.6260162601626016","0","4.878048780487805","86","4.077519379844961","29","258","445","9.333333333333334","7.364341085271318","3.10077519379845","4.651162790697675","3.10077519379845","86","3.897727272727273","19","264","456","9.469696969696969","3.787878787878788","0","0.7575757575757576","3.0303030303030303","86","4.064846416382252","21","293","466","9.583617747440274","3.0716723549488054","3.7542662116040955","3.7542662116040955","2.3890784982935154","86","3.9899665551839463","32","299","535","9.424749163879598","1.3377926421404682","3.678929765886288","2.3411371237458196","3.678929765886288","86","3.986206896551724","20","290","487","9.324137931034484","8.275862068965518","5.172413793103448","1.3793103448275863","3.793103448275862","86","4.138059701492537","25","268","487","9.14179104477612","5.597014925373134","3.7313432835820897","1.492537313432836","9.701492537313433","86","4.094736842105263","22","285","483","9.066666666666666","2.807017543859649","6.315789473684211","4.56140350877193","7.368421052631579","86","4.157706093189964","25","279","504","9.096774193548388","3.5842293906810037","6.451612903225806","5.734767025089606","3.5842293906810037","86","3.8727272727272726","23","275","564","9.461818181818181","5.818181818181818","1.8181818181818181","0.7272727272727273","2.1818181818181817","86","4.006849315068493","22","292","529","9.363013698630137","0","0.3424657534246575","1.0273972602739727","0","86","4.003389830508475","24","295","516","9.430508474576271","0.3389830508474576","0","0.3389830508474576","0","86","4","16","275","485","9.374545454545455","0","0","0","0","86","4.007722007722008","21","259","456","9.305019305019306","0.7722007722007722","0","0.7722007722007722","0","86","3.9892857142857143","23","280","529","9.307142857142857","0","0","0","0.35714285714285715","86","4.012345679012346","31","243","443","9.094650205761317","0.411522633744856","0","0.411522633744856","0.823045267489712","86","4.003472222222222","26","288","468","9.3125","0","0.3472222222222222","0","0","86","4","17","262","514","9.32824427480916","0.3816793893129771","0.3816793893129771","0","0","86","3.989010989010989","28","273","503","9.15018315018315","0","0","0.3663003663003663","0","86","3.996309963099631","21","271","414","9.261992619926199","0","0","0.36900369003690037","0","86","4.02","18","250","477","9.344","0","0","0","2","86","4.008298755186722","24","241","461","9.32780082987552","0","0","0","0.8298755186721992","86","3.9964788732394365","28","284","488","9.267605633802816","0","0","0","0","86","4.011450381679389","23","262","479","9.091603053435115","0","0","1.1450381679389312","1.1450381679389312","86","4.023648648648648","14","296","480","9.067567567567568","0.33783783783783783","0","0.6756756756756757","1.6891891891891893","86","4.02755905511811","31","254","494","9.204724409448819","0","0","0","2.7559055118110236","86","4","30","271","487","9.121771217712178","0","0","0","0.7380073800738007","86","4.007692307692308","22","260","511","9.315384615384616","0","0","0","0.7692307692307693","86","4.01010101010101","25","297","537","9.218855218855218","0.3367003367003367","0.3367003367003367","0.3367003367003367","0.3367003367003367","86","4.003215434083601","27","311","628","9.4983922829582","0","0","0","0.3215434083601286","86","4.038216560509555","23","314","539","9.21656050955414","0","0","0","3.821656050955414","86","4.035714285714286","24","252","540","9.26984126984127","0","0.3968253968253968","0","3.1746031746031744","86","4.025179856115108","16","278","478","9.37410071942446","0","0","0","2.8776978417266186","86","4.035256410256411","21","312","510","9.083333333333334","0","0","0","3.8461538461538463","86","4.021739130434782","26","276","514","9.289855072463768","0","0","0.36231884057971014","2.898550724637681","86","4.055350553505535","26","271","418","9.269372693726938","0","0","0.7380073800738007","5.166051660516605","86","4.047457627118644","24","295","519","9.44406779661017","0","0","0","5.084745762711864","86","4.016393442622951","29","305","590","9.127868852459017","0","0","0","1.9672131147540983","86","4.03921568627451","27","306","550","9.313725490196079","0","0","0","4.248366013071895","86","4.026415094339622","28","265","469","9.29811320754717","0","0","0","3.3962264150943398"
,"87","3.9628099173553717","27","242","410","8.851239669421487","2.0661157024793386","1.6528925619834711","0","4.958677685950414","87","4.089147286821706","29","258","445","9.333333333333334","7.751937984496124","2.7131782945736433","4.651162790697675","3.10077519379845","87","3.897338403041825","19","263","456","9.437262357414449","3.802281368821293","0","0.7604562737642585","3.041825095057034","87","4.064846416382252","21","293","466","9.583617747440274","3.0716723549488054","4.09556313993174","3.7542662116040955","2.04778156996587","87","3.9865771812080535","32","298","535","9.389261744966444","1.342281879194631","3.6912751677852347","2.348993288590604","3.6912751677852347","87","3.989655172413793","20","290","487","9.324137931034484","8.275862068965518","5.172413793103448","1.3793103448275863","3.4482758620689653","87","4.145522388059701","25","268","487","9.14179104477612","5.970149253731344","4.477611940298507","1.1194029850746268","9.701492537313433","87","4.101754385964912","22","285","483","9.066666666666666","2.456140350877193","7.017543859649122","5.614035087719298","6.315789473684211","87","4.157706093189964","25","279","504","9.096774193548388","3.5842293906810037","5.734767025089606","5.734767025089606","3.5842293906810037","87","3.8763636363636365","23","275","564","9.461818181818181","6.181818181818182","1.4545454545454546","0.7272727272727273","2.1818181818181817","87","4","22","291","529","9.326460481099657","0","0","0","0","87","4.003412969283277","24","293","516","9.365187713310581","0","0","0","0.3412969283276451","87","4.003663003663004","17","273","485","9.36996336996337","0","0","0","0.3663003663003663","87","4","21","259","456","9.305019305019306","0.3861003861003861","0","0.3861003861003861","0","87","3.996415770609319","23","279","529","9.268817204301076","0","0","0","0","87","4","31","243","443","9.094650205761317","0","0","0","0","87","4.007017543859649","26","285","468","9.2","0","0.3508771929824561","0","0.3508771929824561","87","4.015267175572519","17","262","514","9.32824427480916","0.3816793893129771","0.3816793893129771","0","1.5267175572519085","87","3.9963369963369964","28","273","503","9.15018315018315","0","0","0","0","87","4","21","270","414","9.251851851851852","0","0","0","0.37037037037037035","87","4.0120481927710845","18","249","477","9.301204819277109","0","0","0","1.2048192771084338","87","4.004149377593361","24","241","461","9.32780082987552","0","0","0","0.4149377593360996","87","4.003521126760563","28","284","488","9.267605633802816","0","0","0","0.352112676056338","87","4.019083969465649","23","262","479","9.091603053435115","0","0","0.3816793893129771","1.5267175572519085","87","4.016891891891892","14","296","480","9.067567567567568","0","0","0.6756756756756757","1.0135135135135136","87","4.019762845849803","32","253","494","9.162055335968379","0","0","0","1.976284584980237","87","4.011111111111111","31","270","487","9.08148148148148","0","0","0","1.1111111111111112","87","4.023166023166024","23","259","511","9.274131274131275","0","0","0","2.3166023166023164","87","4.010135135135135","25","296","537","9.182432432432432","0","0","0.33783783783783783","0.6756756756756757","87","4.006430868167203","27","311","628","9.4983922829582","0","0","0","0.6430868167202572","87","4.044585987261146","23","314","539","9.21656050955414","0","0","0","4.45859872611465","87","4.027888446215139","24","251","540","9.227091633466136","0","0","0","2.7888446215139444","87","4.017985611510792","16","278","478","9.37410071942446","0","0","0","2.158273381294964","87","4.035369774919614","22","311","510","9.04823151125402","0","0","0","3.536977491961415","87","4.043636363636364","27","275","514","9.25090909090909","0","0","0","4.7272727272727275","87","4.114391143911439","26","271","418","9.269372693726938","0","0","0.36900369003690037","11.07011070110701","87","4.064406779661017","24","295","519","9.44406779661017","0","0","0","6.440677966101695","87","4.03960396039604","29","303","590","9.062706270627062","0","0","0","4.29042904290429","87","4.0493421052631575","27","304","550","9.243421052631579","0","0","0","4.934210526315789","87","4.03030303030303","29","264","469","9.257575757575758","0","0","0","3.0303030303030303"
,"88","3.954356846473029","27","241","438","9.037344398340249","2.074688796680498","1.6597510373443984","0","4.149377593360996","88","4.0852713178294575","29","258","455","9.410852713178295","7.364341085271318","2.7131782945736433","4.651162790697675","3.10077519379845","88","3.896551724137931","20","261","462","9.402298850574713","3.8314176245210727","0","0.7662835249042146","3.0651340996168583","88","4.065068493150685","21","292","468","9.561643835616438","3.0821917808219177","3.767123287671233","3.767123287671233","2.3972602739726026","88","3.9864864864864864","33","296","543","9.371621621621621","1.3513513513513513","3.7162162162162162","2.364864864864865","3.7162162162162162","88","4.003484320557491","20","287","491","9.247386759581882","8.362369337979095","5.2264808362369335","1.3937282229965158","3.484320557491289","88","4.149253731343284","25","268","500","9.238805970149254","5.970149253731344","4.477611940298507","1.492537313432836","9.701492537313433","88","4.087719298245614","22","285","503","9.20701754385965","2.456140350877193","6.666666666666667","4.56140350877193","6.315789473684211","88","4.16546762589928","25","278","512","9.115107913669064","3.597122302158273","6.474820143884892","5.755395683453237","3.597122302158273","88","3.869090909090909","23","275","574","9.534545454545455","5.818181818181818","1.4545454545454546","0.7272727272727273","2.1818181818181817","88","4","23","289","539","9.321799307958477","0","0","0","0","88","4","24","293","536","9.501706484641637","0","0","0","0","88","4","19","271","493","9.350553505535055","0","0","0","0","88","3.9921875","23","256","462","9.2265625","0","0","0","0","88","4","24","278","543","9.33093525179856","0","0","0","0","88","4","31","242","460","9.190082644628099","0","0","0","0","88","4","26","284","481","9.253521126760564","0","0","0","0","88","3.99618320610687","17","262","523","9.396946564885496","0.3816793893129771","0.3816793893129771","0","0","88","4","29","272","527","9.286764705882353","0","0","0","0","88","4","24","267","429","9.250936329588015","0","0","0","0","88","4.020242914979757","20","247","494","9.352226720647772","0","0","0","2.0242914979757085","88","4.008333333333334","24","240","476","9.408333333333333","0","0","0","0.8333333333333334","88","4","28","283","501","9.321554770318022","0","0","0","0","88","4.007692307692308","25","260","496","9.138461538461538","0","0","0","0.7692307692307693","88","4.003389830508475","14","295","504","9.193220338983052","0","0","0","0.3389830508474576","88","4.015873015873016","33","252","514","9.277777777777779","0","0","0","1.5873015873015872","88","4.007434944237918","32","269","510","9.211895910780669","0","0","0","0.7434944237918215","88","4.007751937984496","24","258","523","9.325581395348838","0","0","0","0.7751937984496124","88","4.003401360544218","25","294","549","9.19047619047619","0","0","0","0.3401360544217687","88","4.003215434083601","27","311","638","9.562700964630226","0","0","0","0.3215434083601286","88","4.04140127388535","23","314","556","9.32484076433121","0","0","0","4.140127388535032","88","4.036","24","250","551","9.272","0","0","0","3.6","88","4.010791366906475","16","278","487","9.43884892086331","0","0","0","1.4388489208633093","88","4.029220779220779","23","308","533","9.090909090909092","0","0","0","2.9220779220779223","88","4.029197080291971","27","274","527","9.306569343065693","0","0","0","3.2846715328467155","88","4.0664206642066425","26","271","435","9.394833948339484","0","0","0","6.642066420664206","88","4.0476190476190474","24","294","523","9.4421768707483","0","0","0","4.761904761904762","88","4.029801324503311","29","302","615","9.23841059602649","0","0","0","2.980132450331126","88","4.039735099337748","29","302","566","9.278145695364238","0","0","0","3.9735099337748343","88","4.03030303030303","29","264","485","9.378787878787879","0","0","0","3.0303030303030303"
,"89","3.95850622406639","27","241","438","9.037344398340249","2.074688796680498","1.6597510373443984","0","4.564315352697095","89","4.0813953488372094","29","258","455","9.410852713178295","6.976744186046512","2.7131782945736433","4.651162790697675","3.10077519379845","89","3.896551724137931","20","261","462","9.402298850574713","3.8314176245210727","0","0.7662835249042146","3.0651340996168583","89","4.06551724137931","22","290","468","9.489655172413793","3.103448275862069","4.137931034482759","3.793103448275862","2.0689655172413794","89","3.9864864864864864","33","296","543","9.371621621621621","1.3513513513513513","3.7162162162162162","2.364864864864865","3.7162162162162162","89","4.013937282229965","20","287","491","9.247386759581882","8.362369337979095","5.2264808362369335","1.3937282229965158","3.484320557491289","89","4.142322097378277","25","267","500","9.198501872659175","5.992509363295881","4.49438202247191","0.7490636704119851","9.737827715355806","89","4.094736842105263","22","285","503","9.20701754385965","2.456140350877193","7.017543859649122","4.912280701754386","6.315789473684211","89","4.169675090252707","25","277","512","9.07581227436823","3.6101083032490973","6.137184115523466","5.776173285198556","3.6101083032490973","89","3.871794871794872","23","273","574","9.457875457875458","6.227106227106227","1.465201465201465","0.7326007326007326","2.197802197802198","89","4","24","287","539","9.247386759581882","0","0","0","0","89","4.003448275862069","27","290","536","9.4","0","0","0","0.3448275862068966","89","4.003703703703704","20","270","493","9.318518518518518","0","0","0","0.37037037037037035","89","3.9960629921259843","24","254","462","9.141732283464567","0","0","0","0","89","4","24","278","543","9.33093525179856","0","0","0","0","89","4","32","240","460","9.1","0","0","0","0","89","4.003521126760563","26","284","481","9.253521126760564","0","0","0","0.352112676056338","89","4.019083969465649","17","262","523","9.396946564885496","0","0.3816793893129771","0","1.5267175572519085","89","4","30","269","527","9.219330855018587","0","0","0","0","89","4.003759398496241","24","266","429","9.210526315789474","0","0","0","0.37593984962406013","89","4.012244897959183","21","245","494","9.273469387755101","0","0","0","1.2244897959183674","89","4.00418410041841","24","239","476","9.430962343096235","0","0","0","0.41841004184100417","89","4.003533568904594","28","283","501","9.321554770318022","0","0","0","0.35335689045936397","89","4.0115384615384615","25","260","496","9.138461538461538","0","0","0","1.1538461538461537","89","4.0034246575342465","14","292","504","9.102739726027398","0","0","0","0.3424657534246575","89","4.0199203187251","34","251","514","9.235059760956176","0","0","0","1.9920318725099602","89","4.0111940298507465","33","268","510","9.171641791044776","0","0","0","1.1194029850746268","89","4.0236220472440944","25","254","523","9.15748031496063","0","0","0","2.3622047244094486","89","4.006802721088436","25","294","549","9.19047619047619","0","0","0","0.6802721088435374","89","4.006430868167203","27","311","638","9.562700964630226","0","0","0","0.6430868167202572","89","4.035143769968051","24","313","556","9.29073482428115","0","0","0","3.5143769968051117","89","4.028225806451613","25","248","551","9.233870967741936","0","0","0","2.8225806451612905","89","4.028776978417266","16","278","487","9.43884892086331","0","0","0","3.237410071942446","89","4.038961038961039","23","308","533","9.090909090909092","0","0","0","3.896103896103896","89","4.036764705882353","29","272","527","9.227941176470589","0","0","0","4.044117647058823","89","4.099630996309963","26","271","435","9.394833948339484","0","0","0","9.96309963099631","89","4.051194539249146","24","293","523","9.406143344709898","0","0","0","5.1194539249146755","89","4.043046357615894","29","302","615","9.23841059602649","0","0","0","4.304635761589404","89","4.043189368770764","29","301","566","9.242524916943522","0","0","0","4.318936877076412","89","4.045454545454546","29","264","485","9.378787878787879","0","0","0","4.545454545454546"
,"90","3.9541666666666666","27","240","438","8.991666666666667","2.0833333333333335","1.6666666666666667","0","4.166666666666667","90","4.0852713178294575","29","258","455","9.410852713178295","7.364341085271318","2.7131782945736433","4.651162790697675","3.10077519379845","90","3.900383141762452","20","261","462","9.402298850574713","4.21455938697318","0","0.7662835249042146","3.0651340996168583","90","4.062283737024221","22","289","468","9.46712802768166","3.114186851211073","3.8062283737024223","3.8062283737024223","2.0761245674740483","90","3.9863945578231292","33","294","543","9.299319727891156","1.3605442176870748","3.741496598639456","2.380952380952381","3.741496598639456","90","4.013986013986014","20","286","491","9.20979020979021","8.391608391608392","5.244755244755245","1.3986013986013985","3.8461538461538463","90","4.142322097378277","25","267","500","9.198501872659175","5.992509363295881","4.49438202247191","0.7490636704119851","9.737827715355806","90","4.084507042253521","22","284","503","9.169014084507042","2.112676056338028","6.338028169014085","4.577464788732394","6.338028169014085","90","4.1678832116788325","25","274","512","9.02919708029197","3.6496350364963503","6.204379562043796","5.474452554744525","3.6496350364963503","90","3.871794871794872","23","273","574","9.457875457875458","5.86080586080586","1.465201465201465","0.7326007326007326","2.5641025641025643","90","4","24","287","539","9.247386759581882","0","0","0","0","90","4","27","288","536","9.32638888888889","0","0","0","0","90","4","20","268","493","9.253731343283581","0","0","0","0","90","4","25","252","462","9.063492063492063","0","0","0","0","90","4","25","277","543","9.292418772563177","0","0","0","0","90","4","32","239","460","9.05439330543933","0","0","0","0","90","4","27","283","481","9.215547703180212","0","0","0","0","90","4.0038167938931295","17","262","523","9.396946564885496","0","0.3816793893129771","0","0","90","4","30","268","527","9.194029850746269","0","0","0","0","90","4","25","264","429","9.128787878787879","0","0","0","0","90","4.020491803278689","22","244","494","9.229508196721312","0","0","0","2.0491803278688523","90","4.00836820083682","24","239","476","9.430962343096235","0","0","0","0.8368200836820083","90","4","30","279","501","9.182795698924732","0","0","0","0","90","4.003846153846154","25","260","496","9.138461538461538","0","0","0","0.38461538461538464","90","4.0034246575342465","14","292","504","9.102739726027398","0","0","0","0.3424657534246575","90","4.01593625498008","34","251","514","9.235059760956176","0","0","0","1.593625498007968","90","4.007490636704119","33","267","510","9.146067415730338","0","0","0","0.7490636704119851","90","4.007905138339921","25","253","523","9.114624505928854","0","0","0","0.7905138339920948","90","4.003401360544218","25","294","549","9.19047619047619","0","0","0","0.3401360544217687","90","4.003215434083601","27","311","638","9.562700964630226","0","0","0","0.3215434083601286","90","4.05448717948718","24","312","556","9.301282051282051","0","0","0","5.448717948717949","90","4.032258064516129","25","248","551","9.233870967741936","0","0","0","3.225806451612903","90","4.0108303249097474","16","277","487","9.40072202166065","0","0","0","1.444043321299639","90","4.022801302931596","24","307","533","9.055374592833877","0","0","0","2.2801302931596092","90","4.025735294117647","29","272","527","9.227941176470589","0","0","0","2.9411764705882355","90","4.078066914498141","26","269","435","9.37546468401487","0","0","0","7.806691449814126","90","4.055172413793104","26","290","523","9.296551724137931","0","0","0","5.517241379310345","90","4.0365448504983386","29","301","615","9.235880398671096","0","0","0","3.654485049833887","90","4.033333333333333","30","300","566","9.206666666666667","0","0","0","3.3333333333333335","90","4.0227272727272725","29","264","485","9.378787878787879","0","0","0","2.272727272727273"
,"91","3.9581589958158996","28","239","457","9.104602510460252","2.092050209205021","1.6736401673640167","0","4.602510460251046","91","4.08203125","29","256","464","9.3984375","7.03125","2.734375","4.6875","3.125","91","3.9042145593869733","20","261","478","9.524904214559387","4.597701149425287","0","0.7662835249042146","3.0651340996168583","91","4.0588235294117645","22","289","484","9.577854671280276","3.114186851211073","4.1522491349480966","3.8062283737024223","1.3840830449826989","91","3.9863945578231292","33","294","562","9.428571428571429","1.3605442176870748","3.741496598639456","2.380952380952381","3.741496598639456","91","4.014084507042254","22","284","502","9.211267605633802","8.450704225352112","5.28169014084507","1.408450704225352","3.5211267605633805","91","4.142857142857143","25","266","506","9.203007518796992","6.015037593984962","4.511278195488722","0.7518796992481203","9.774436090225564","91","4.088339222614841","22","283","515","9.222614840989399","1.7667844522968197","6.360424028268551","4.946996466431095","6.360424028268551","91","4.158671586715867","26","271","533","9.062730627306273","3.690036900369004","5.535055350553505","5.166051660516605","3.690036900369004","91","3.871794871794872","23","273","582","9.516483516483516","6.227106227106227","1.465201465201465","0.7326007326007326","2.197802197802198","91","4","25","286","555","9.321678321678322","0","0","0","0","91","4.003472222222222","27","288","563","9.51388888888889","0","0","0","0.3472222222222222","91","4.00374531835206","20","267","517","9.393258426966293","0","0","0","0.37453183520599254","91","4","25","251","489","9.250996015936256","0","0","0","0","91","4","25","277","560","9.415162454873647","0","0","0","0","91","4","32","239","489","9.297071129707113","0","0","0","0","91","4.00354609929078","27","282","495","9.312056737588652","0","0","0","0.3546099290780142","91","4.019157088122605","17","261","528","9.39463601532567","0","0.3831417624521073","0","1.5325670498084292","91","4","30","268","548","9.350746268656716","0","0","0","0","91","4.003802281368821","26","263","457","9.300380228136882","0","0","0","0.38022813688212925","91","4.012448132780083","23","241","515","9.269709543568466","0","0","0","1.2448132780082988","91","4.00418410041841","24","239","485","9.506276150627615","0","0","0","0.41841004184100417","91","4.003584229390681","30","279","520","9.31899641577061","0","0","0","0.35842293906810035","91","4.015384615384615","25","260","510","9.246153846153845","0","0","0","1.5384615384615385","91","4.006849315068493","14","292","524","9.23972602739726","0","0","0","0.684931506849315","91","4.024193548387097","36","248","527","9.225806451612904","0","0","0","2.4193548387096775","91","4.01123595505618","33","267","526","9.265917602996256","0","0","0","1.1235955056179776","91","4.023809523809524","25","252","549","9.277777777777779","0","0","0","2.380952380952381","91","4.006825938566553","25","293","565","9.262798634812286","0","0","0","0.6825938566552902","91","4.006430868167203","27","311","645","9.607717041800644","0","0","0","0.6430868167202572","91","4.038461538461538","24","312","569","9.384615384615385","0","0","0","3.8461538461538463","91","4.028225806451613","25","248","567","9.362903225806452","0","0","0","2.8225806451612905","91","4.036231884057971","16","276","496","9.427536231884059","0","0","0","3.6231884057971016","91","4.0359477124183005","24","306","567","9.241830065359476","0","0","0","3.5947712418300655","91","4.029629629629629","31","270","547","9.296296296296296","0","0","0","3.3333333333333335","91","4.107806691449814","26","269","445","9.449814126394052","0","0","0","10.780669144981413","91","4.052083333333333","27","288","543","9.36111111111111","0","0","0","5.208333333333333","91","4.036789297658863","30","299","631","9.270903010033445","0","0","0","3.678929765886288","91","4.043771043771044","31","297","587","9.252525252525253","0","0","0","4.377104377104377","91","4.026615969581749","30","263","494","9.406844106463879","0","0","0","2.661596958174905"
,"92","3.953781512605042","28","238","457","9.058823529411764","2.100840336134454","1.680672268907563","0","4.201680672268908","92","4.086614173228346","30","254","464","9.31496062992126","7.480314960629921","2.7559055118110236","4.724409448818897","3.1496062992125986","92","3.9105058365758754","21","257","478","9.392996108949417","4.669260700389105","0","0.7782101167315175","3.11284046692607","92","4.055555555555555","23","288","484","9.541666666666666","3.125","3.8194444444444446","3.8194444444444446","1.3888888888888888","92","3.982876712328767","33","292","562","9.356164383561644","1.36986301369863","3.767123287671233","2.3972602739726026","3.767123287671233","92","4.01056338028169","22","284","502","9.211267605633802","8.450704225352112","5.28169014084507","1.408450704225352","3.5211267605633805","92","4.143396226415095","25","265","506","9.162264150943397","6.037735849056604","4.528301886792453","0.7547169811320755","9.81132075471698","92","4.082142857142857","23","280","515","9.114285714285714","1.7857142857142858","6.071428571428571","4.642857142857143","6.428571428571429","92","4.162361623616236","26","271","533","9.062730627306273","3.690036900369004","5.535055350553505","5.535055350553505","3.690036900369004","92","3.875","23","272","582","9.477941176470589","6.25","1.4705882352941178","0.7352941176470589","2.573529411764706","92","4","25","285","555","9.319298245614036","0","0","0","0","92","4","28","286","563","9.468531468531468","0","0","0","0","92","4","20","266","517","9.38345864661654","0","0","0","0","92","4","25","250","489","9.208","0","0","0","0","92","4","25","276","560","9.384057971014492","0","0","0","0","92","4","32","238","489","9.252100840336135","0","0","0","0","92","4","28","280","495","9.235714285714286","0","0","0","0","92","4.003846153846154","18","260","528","9.353846153846154","0","0.38461538461538464","0","0","92","4","30","267","548","9.318352059925093","0","0","0","0","92","4","26","263","457","9.300380228136882","0","0","0","0","92","4.008333333333334","23","240","515","9.241666666666667","0","0","0","0.8333333333333334","92","4.00836820083682","24","239","485","9.506276150627615","0","0","0","0.8368200836820083","92","4","31","277","520","9.24187725631769","0","0","0","0","92","4.003861003861004","26","259","510","9.204633204633204","0","0","0","0.3861003861003861","92","4.003460207612457","15","289","524","9.134948096885813","0","0","0","0.3460207612456747","92","4.016194331983805","36","247","527","9.214574898785425","0","0","0","1.6194331983805668","92","4.00763358778626","36","262","526","9.061068702290076","0","0","0","0.7633587786259542","92","4.008","26","250","549","9.192","0","0","0","0.8","92","4.0034364261168385","25","291","565","9.195876288659793","0","0","0","0.3436426116838488","92","4.003225806451613","27","310","645","9.574193548387097","0","0","0","0.3225806451612903","92","4.038585209003215","25","311","569","9.35048231511254","0","0","0","3.8585209003215435","92","4.024489795918368","26","245","567","9.240816326530613","0","0","0","2.4489795918367347","92","4.0218181818181815","16","275","496","9.389090909090909","0","0","0","2.1818181818181817","92","4.026229508196721","24","305","567","9.20655737704918","0","0","0","2.622950819672131","92","4.022556390977444","33","266","547","9.150375939849624","0","0","0","2.6315789473684212","92","4.06015037593985","27","266","445","9.330827067669173","0","0","0","6.015037593984962","92","4.041811846689895","28","287","543","9.32404181184669","0","0","0","4.181184668989547","92","4.043624161073826","30","298","631","9.234899328859061","0","0","0","4.3624161073825505","92","4.023809523809524","33","294","587","9.156462585034014","0","0","0","2.380952380952381","92","4.022813688212928","30","263","494","9.406844106463879","0","0","0","2.2813688212927756"
,"93","3.957983193277311","28","238","457","9.058823529411764","2.100840336134454","1.680672268907563","0","4.621848739495798","93","4.08300395256917","30","253","464","9.272727272727273","7.1146245059288535","2.766798418972332","4.743083003952569","3.1620553359683794","93","3.914396887159533","21","257","478","9.392996108949417","4.669260700389105","0","0.7782101167315175","3.11284046692607","93","4.059233449477352","23","287","484","9.505226480836237","3.1358885017421603","4.181184668989547","3.832752613240418","1.3937282229965158","93","3.982638888888889","35","288","562","9.222222222222221","1.3888888888888888","3.8194444444444446","2.4305555555555554","3.4722222222222223","93","4.014134275618375","23","283","502","9.173144876325088","8.480565371024735","5.30035335689046","1.4134275618374559","3.5335689045936394","93","4.143939393939394","25","264","506","9.128787878787879","5.681818181818182","4.545454545454546","0.7575757575757576","9.848484848484848","93","4.097122302158273","24","278","515","9.035971223021583","2.158273381294964","6.474820143884892","5.0359712230215825","6.474820143884892","93","4.163568773234201","26","269","533","8.988847583643123","3.717472118959108","5.5762081784386615","5.5762081784386615","3.717472118959108","93","3.8786764705882355","23","272","582","9.477941176470589","6.25","1.4705882352941178","0.7352941176470589","2.9411764705882355","93","4","25","285","555","9.319298245614036","0","0","0","0","93","4.003496503496503","28","286","563","9.468531468531468","0","0","0","0.34965034965034963","93","4.003759398496241","20","266","517","9.38345864661654","0","0","0","0.37593984962406013","93","4","26","249","489","9.164658634538153","0","0","0","0","93","4","25","276","560","9.384057971014492","0","0","0","0","93","4","32","237","489","9.20675105485232","0","0","0","0","93","4.003571428571429","28","280","495","9.235714285714286","0","0","0","0.35714285714285715","93","4.015384615384615","18","260","528","9.353846153846154","0","0","0","1.5384615384615385","93","4","30","267","548","9.318352059925093","0","0","0","0","93","4.003802281368821","26","263","457","9.300380228136882","0","0","0","0.38022813688212925","93","4.00836820083682","23","239","515","9.196652719665272","0","0","0","0.8368200836820083","93","4.004201680672269","25","238","485","9.46218487394958","0","0","0","0.42016806722689076","93","4.003623188405797","32","276","520","9.210144927536232","0","0","0","0.36231884057971014","93","4.011627906976744","27","258","510","9.162790697674419","0","0","0","1.1627906976744187","93","4.006968641114983","16","287","524","9.059233449477352","0","0","0","0.6968641114982579","93","4.020408163265306","36","245","527","9.126530612244897","0","0","0","2.0408163265306123","93","4.011450381679389","36","262","526","9.061068702290076","0","0","0","1.1450381679389312","93","4.024096385542169","27","249","549","9.14859437751004","0","0","0","2.4096385542168677","93","4.006872852233677","25","291","565","9.195876288659793","0","0","0","0.6872852233676976","93","4.0064935064935066","28","308","645","9.506493506493506","0","0","0","0.6493506493506493","93","4.0453074433656955","25","309","569","9.300970873786408","0","0","0","4.53074433656958","93","4.0285714285714285","26","245","567","9.240816326530613","0","0","0","2.857142857142857","93","4.018382352941177","17","272","496","9.286764705882353","0","0","0","1.838235294117647","93","4.036065573770492","24","305","567","9.20655737704918","0","0","0","3.6065573770491803","93","4.037735849056604","33","265","547","9.124528301886793","0","0","0","4.150943396226415","93","4.106463878326996","27","263","445","9.285171102661597","0","0","0","10.64638783269962","93","4.045454545454546","28","286","543","9.286713286713287","0","0","0","4.545454545454546","93","4.026845637583893","30","298","631","9.234899328859061","0","0","0","2.684563758389262","93","4.037542662116041","34","293","587","9.119453924914676","0","0","0","3.7542662116040955","93","4.019083969465649","30","262","494","9.366412213740459","0","0","0","1.9083969465648856"
,"94","3.953191489361702","29","235","476","9.080851063829787","2.127659574468085","1.702127659574468","0","4.25531914893617","94","4.087649402390438","31","251","482","9.330677290836654","7.569721115537849","2.7888446215139444","4.780876494023905","3.187250996015936","94","3.909448818897638","22","254","494","9.401574803149606","4.724409448818897","0","0.7874015748031497","3.1496062992125986","94","4.055944055944056","24","286","501","9.587412587412587","3.1468531468531467","3.8461538461538463","3.8461538461538463","1.3986013986013985","94","3.9790940766550524","35","287","585","9.35191637630662","1.3937282229965158","3.832752613240418","2.4390243902439024","3.484320557491289","94","4.010600706713781","23","283","522","9.314487632508834","8.480565371024735","5.30035335689046","1.4134275618374559","3.5335689045936394","94","4.143939393939394","25","264","517","9.212121212121213","5.303030303030303","4.545454545454546","0.7575757575757576","9.848484848484848","94","4.083333333333333","24","276","541","9.144927536231885","1.8115942028985508","6.159420289855072","4.3478260869565215","6.159420289855072","94","4.163568773234201","26","269","562","9.20446096654275","3.717472118959108","5.5762081784386615","5.5762081784386615","3.717472118959108","94","3.8814814814814813","23","270","592","9.481481481481481","6.666666666666667","1.4814814814814814","0.7407407407407407","2.962962962962963","94","4","25","285","571","9.43157894736842","0","0","0","0","94","4","28","284","578","9.5","0","0","0","0","94","4","21","264","531","9.409090909090908","0","0","0","0","94","4","27","247","511","9.255060728744938","0","0","0","0","94","4","25","274","570","9.401459854014599","0","0","0","0","94","4","33","235","508","9.27659574468085","0","0","0","0","94","4","28","280","510","9.342857142857143","0","0","0","0","94","4","18","259","546","9.451737451737452","0","0","0","0","94","4","30","267","562","9.423220973782772","0","0","0","0","94","4","27","261","473","9.340996168582375","0","0","0","0","94","4.008403361344538","23","238","545","9.403361344537815","0","0","0","0.8403361344537815","94","4.008438818565401","25","237","497","9.518987341772151","0","0","0","0.8438818565400844","94","4","33","275","542","9.33090909090909","0","0","0","0","94","4.00390625","29","256","523","9.1796875","0","0","0","0.390625","94","4.003496503496503","16","286","557","9.251748251748252","0","0","0","0.34965034965034963","94","4.0285714285714285","36","245","556","9.363265306122448","0","0","0","2.857142857142857","94","4.00763358778626","36","262","557","9.297709923664122","0","0","0","0.7633587786259542","94","4.008032128514056","27","249","577","9.373493975903614","0","0","0","0.8032128514056225","94","4.003448275862069","26","290","584","9.289655172413793","0","0","0","0.3448275862068966","94","4.003257328990228","28","307","662","9.583061889250814","0","0","0","0.3257328990228013","94","4.039087947882736","25","307","589","9.36156351791531","0","0","0","3.9087947882736156","94","4.032786885245901","27","244","587","9.360655737704919","0","0","0","3.278688524590164","94","4.018450184501845","17","271","519","9.416974169741698","0","0","0","1.845018450184502","94","4.026315789473684","25","304","589","9.31578947368421","0","0","0","2.6315789473684212","94","4.022641509433963","33","265","579","9.366037735849057","0","0","0","2.641509433962264","94","4.080152671755725","27","262","465","9.419847328244275","0","0","0","8.01526717557252","94","4.049469964664311","29","283","565","9.335689045936396","0","0","0","4.946996466431095","94","4.047297297297297","30","296","648","9.277027027027026","0","0","0","4.72972972972973","94","4.030716723549488","34","293","616","9.31740614334471","0","0","0","3.0716723549488054","94","4.022900763358779","30","262","511","9.49618320610687","0","0","0","2.2900763358778624"
,"95","3.9527896995708156","30","233","476","9.004291845493562","2.1459227467811157","1.7167381974248928","0","4.291845493562231","95","4.083665338645418","31","251","482","9.330677290836654","7.171314741035856","2.7888446215139444","4.780876494023905","3.187250996015936","95","3.9130434782608696","22","253","494","9.359683794466402","4.743083003952569","0","0.7905138339920948","3.1620553359683794","95","4.059440559440559","24","286","501","9.587412587412587","3.1468531468531467","4.195804195804196","3.8461538461538463","1.3986013986013985","95","3.9790940766550524","35","287","585","9.35191637630662","1.3937282229965158","3.832752613240418","2.4390243902439024","3.484320557491289","95","4.01779359430605","23","281","522","9.281138790035588","8.540925266903914","5.338078291814947","1.4234875444839858","3.5587188612099645","95","4.145038167938932","26","262","517","9.129770992366412","5.343511450381679","4.580152671755725","0.7633587786259542","9.923664122137405","95","4.091240875912408","24","274","541","9.065693430656934","1.8248175182481752","6.569343065693431","4.37956204379562","6.204379562043796","95","4.1610486891385765","28","267","562","9.131086142322097","3.745318352059925","5.617977528089888","5.2434456928838955","3.745318352059925","95","3.876865671641791","23","268","592","9.41044776119403","6.343283582089552","1.492537313432836","0.746268656716418","2.985074626865672","95","4","25","285","571","9.43157894736842","0","0","0","0","95","4.00355871886121","29","281","578","9.409252669039146","0","0","0","0.35587188612099646","95","4.003802281368821","21","263","531","9.414448669201521","0","0","0","0.38022813688212925","95","4","29","245","511","9.16734693877551","0","0","0","0","95","4","26","271","570","9.29889298892989","0","0","0","0","95","4","33","235","508","9.27659574468085","0","0","0","0","95","4.003584229390681","28","279","510","9.304659498207885","0","0","0","0.35842293906810035","95","4.015625","19","256","546","9.375","0","0","0","1.5625","95","4","30","267","562","9.423220973782772","0","0","0","0","95","4.003831417624521","27","261","473","9.340996168582375","0","0","0","0.3831417624521073","95","4.008474576271187","23","236","545","9.313559322033898","0","0","0","0.847457627118644","95","4.004255319148936","25","235","497","9.429787234042553","0","0","0","0.425531914893617","95","4.0036496350364965","34","274","542","9.291970802919709","0","0","0","0.36496350364963503","95","4.015625","29","256","523","9.1796875","0","0","0","1.5625","95","4.003508771929824","16","285","557","9.214035087719298","0","0","0","0.3508771929824561","95","4.028688524590164","37","244","556","9.319672131147541","0","0","0","2.8688524590163933","95","4.011450381679389","36","262","557","9.297709923664122","0","0","0","1.1450381679389312","95","4.024096385542169","27","249","577","9.373493975903614","0","0","0","2.4096385542168677","95","4.006920415224913","27","289","584","9.252595155709342","0","0","0","0.6920415224913494","95","4.006535947712418","29","306","662","9.555555555555555","0","0","0","0.6535947712418301","95","4.045901639344263","25","305","589","9.298360655737705","0","0","0","4.590163934426229","95","4.0246913580246915","28","243","587","9.316872427983538","0","0","0","2.4691358024691357","95","4.018450184501845","17","271","519","9.416974169741698","0","0","0","1.845018450184502","95","4.033222591362127","26","301","589","9.209302325581396","0","0","0","3.3222591362126246","95","4.041666666666667","34","264","579","9.325757575757576","0","0","0","4.545454545454546","95","4.091954022988506","27","261","465","9.379310344827585","0","0","0","9.195402298850574","95","4.028268551236749","29","283","565","9.335689045936396","0","0","0","2.8268551236749118","95","4.030508474576271","30","295","648","9.240677966101694","0","0","0","3.0508474576271185","95","4.034246575342466","34","292","616","9.280821917808218","0","0","0","3.4246575342465753","95","4.019230769230769","31","260","511","9.415384615384616","0","0","0","1.9230769230769231"
,"96","3.9482758620689653","30","232","476","8.956896551724139","2.1551724137931036","1.7241379310344827","0","3.8793103448275863","96","4.087649402390438","31","251","482","9.330677290836654","7.569721115537849","2.7888446215139444","4.780876494023905","3.187250996015936","96","3.909090909090909","22","253","494","9.359683794466402","4.743083003952569","0","0.7905138339920948","3.1620553359683794","96","4.055944055944056","24","286","501","9.587412587412587","3.1468531468531467","3.8461538461538463","3.8461538461538463","1.3986013986013985","96","3.9789473684210526","35","285","585","9.27719298245614","1.4035087719298245","3.8596491228070176","2.456140350877193","3.508771929824561","96","4.01779359430605","23","281","522","9.281138790035588","8.540925266903914","5.338078291814947","1.4234875444839858","3.5587188612099645","96","4.145593869731801","26","261","517","9.095785440613026","5.363984674329502","4.597701149425287","0.7662835249042146","9.96168582375479","96","4.084249084249084","24","273","541","9.025641025641026","1.8315018315018314","6.227106227106227","4.029304029304029","6.227106227106227","96","4.162878787878788","29","264","562","9.030303030303031","3.787878787878788","5.681818181818182","5.303030303030303","3.787878787878788","96","3.876865671641791","23","268","592","9.41044776119403","6.343283582089552","1.492537313432836","0.746268656716418","2.985074626865672","96","4","26","284","571","9.394366197183098","0","0","0","0","96","4","29","280","578","9.378571428571428","0","0","0","0","96","4","21","261","531","9.333333333333334","0","0","0","0","96","4","31","243","511","9.078189300411523","0","0","0","0","96","4","27","269","570","9.219330855018587","0","0","0","0","96","4","34","234","508","9.239316239316238","0","0","0","0","96","4","28","279","510","9.304659498207885","0","0","0","0","96","4","19","254","546","9.291338582677165","0","0","0","0","96","4","30","267","562","9.423220973782772","0","0","0","0","96","4","27","259","473","9.258687258687258","0","0","0","0","96","4.008474576271187","23","236","545","9.313559322033898","0","0","0","0.847457627118644","96","4.008583690987124","25","233","497","9.34763948497854","0","0","0","0.8583690987124464","96","4","34","273","542","9.252747252747254","0","0","0","0","96","4.003952569169961","29","253","523","9.075098814229248","0","0","0","0.3952569169960474","96","4.003533568904594","17","283","557","9.137809187279151","0","0","0","0.35335689045936397","96","4.032921810699588","37","243","556","9.275720164609053","0","0","0","3.292181069958848","96","4.00763358778626","36","262","557","9.297709923664122","0","0","0","0.7633587786259542","96","4.008064516129032","27","248","577","9.35483870967742","0","0","0","0.8064516129032258","96","4.003460207612457","27","289","584","9.252595155709342","0","0","0","0.3460207612456747","96","4.003267973856209","29","306","662","9.555555555555555","0","0","0","0.32679738562091504","96","4.046052631578948","25","304","589","9.276315789473685","0","0","0","4.605263157894737","96","4.024793388429752","28","242","587","9.28099173553719","0","0","0","2.479338842975207","96","4.014814814814815","17","270","519","9.407407407407407","0","0","0","1.4814814814814814","96","4.016666666666667","27","300","589","9.193333333333333","0","0","0","1.6666666666666667","96","4.022813688212928","34","263","579","9.307984790874524","0","0","0","2.661596958174905","96","4.069767441860465","29","258","465","9.271317829457365","0","0","0","6.976744186046512","96","4.03886925795053","29","283","565","9.335689045936396","0","0","0","3.8869257950530036","96","4.0508474576271185","30","295","648","9.240677966101694","0","0","0","5.084745762711864","96","4.037800687285223","35","291","616","9.243986254295532","0","0","0","3.7800687285223367","96","4.023166023166024","31","259","511","9.374517374517374","0","0","0","2.3166023166023164"
,"97","3.536964980544747","31","257","506","9.252918287937744","4.669260700389105","5.058365758754864","5.058365758754864","7.392996108949417","97","3.852830188679245","32","265","495","9.328301886792453","9.056603773584905","4.150943396226415","6.037735849056604","5.660377358490566","97","3.6","22","275","513","9.214545454545455","8","2.1818181818181817","4","5.454545454545454","97","3.948453608247423","26","291","507","9.54639175257732","3.7800687285223367","4.4673539518900345","4.4673539518900345","2.4054982817869415","97","3.6451612903225805","36","310","613","9.212903225806452","2.2580645161290325","5.806451612903226","4.516129032258065","4.838709677419355","97","3.6655844155844157","23","308","535","9.032467532467532","9.090909090909092","8.766233766233766","4.545454545454546","6.818181818181818","97","3.920289855072464","26","276","540","9.26086956521739","7.246376811594203","5.797101449275362","3.260869565217391","13.043478260869565","97","3.7109634551495017","24","301","568","9.083056478405316","4.983388704318937","8.970099667774086","6.312292358803987","8.305647840531561","97","3.9818840579710146","29","276","586","9.369565217391305","6.159420289855072","7.246376811594203","6.884057971014493","4.3478260869565215","97","3.6188811188811187","23","286","608","9.27972027972028","8.741258741258742","4.195804195804196","1.3986013986013985","4.895104895104895","97","3.824324324324324","27","296","585","9.371621621621621","1.6891891891891893","1.6891891891891893","0.6756756756756757","3.0405405405405403","97","3.7993197278911564","29","294","601","9.4421768707483","1.0204081632653061","1.3605442176870748","2.0408163265306123","1.7006802721088434","97","3.8694029850746268","22","268","551","9.529850746268657","1.1194029850746268","0.373134328358209","1.492537313432836","0.746268656716418","97","3.8","32","255","542","9.349019607843138","1.9607843137254901","1.9607843137254901","1.1764705882352942","2.3529411764705883","97","3.800711743772242","28","281","591","9.366548042704625","2.1352313167259784","2.1352313167259784","1.4234875444839858","3.202846975088968","97","3.572519083969466","34","262","525","9.15267175572519","4.961832061068702","3.435114503816794","3.435114503816794","4.961832061068702","97","3.722408026755853","29","299","519","9.150501672240802","2.6755852842809364","1.6722408026755853","1.6722408026755853","2.3411371237458196","97","3.735294117647059","19","272","568","9.338235294117647","1.4705882352941178","1.4705882352941178","3.676470588235294","2.9411764705882355","97","3.827956989247312","30","279","576","9.376344086021506","1.7921146953405018","2.5089605734767026","1.4336917562724014","1.4336917562724014","97","3.7563636363636363","27","275","498","9.396363636363636","2.1818181818181817","1.8181818181818181","2.909090909090909","1.8181818181818181","97","3.7098039215686276","23","255","568","9.24705882352941","3.1372549019607843","1.5686274509803921","2.3529411764705883","3.1372549019607843","97","3.7918367346938777","25","245","522","9.338775510204082","0.8163265306122449","1.2244897959183674","1.2244897959183674","0.8163265306122449","97","3.8647686832740216","34","281","561","9.444839857651246","1.0676156583629892","2.1352313167259784","1.7793594306049823","1.7793594306049823","97","3.7007299270072993","29","274","552","9.167883211678832","2.9197080291970803","4.37956204379562","2.9197080291970803","5.474452554744525","97","3.8900343642611683","17","291","583","9.443298969072165","1.3745704467353952","1.3745704467353952","1.0309278350515463","1.3745704467353952","97","3.7674418604651163","37","258","579","9.248062015503876","1.937984496124031","2.3255813953488373","2.3255813953488373","4.651162790697675","97","3.711743772241993","37","281","568","9.252669039145907","2.1352313167259784","2.8469750889679717","1.4234875444839858","3.9145907473309607","97","3.8237547892720305","27","261","590","9.333333333333334","1.5325670498084292","1.5325670498084292","2.2988505747126435","3.0651340996168583","97","3.8217821782178216","27","303","611","9.392739273927393","1.6501650165016502","1.3201320132013201","0.9900990099009901","1.6501650165016502","97","3.7515337423312882","29","326","676","9.38036809815951","1.8404907975460123","2.7607361963190185","2.147239263803681","3.067484662576687","97","3.777089783281734","26","323","616","9.25077399380805","2.476780185758514","1.8575851393188854","1.8575851393188854","7.430340557275541","97","3.8458498023715415","28","253","603","9.296442687747035","0.7905138339920948","2.3715415019762847","0.7905138339920948","3.1620553359683794","97","3.85663082437276","18","279","538","9.476702508960573","1.075268817204301","0.35842293906810035","2.150537634408602","2.5089605734767026","97","3.7306501547987616","27","323","618","9.244582043343653","2.7863777089783284","3.4055727554179565","1.238390092879257","6.501547987616099","97","3.667820069204152","35","289","597","9.190311418685122","2.7681660899653977","2.7681660899653977","2.7681660899653977","5.536332179930795","97","3.660899653979239","29","289","486","9.038062283737025","3.114186851211073","3.4602076124567476","4.1522491349480966","13.14878892733564","97","3.778877887788779","29","303","585","9.32013201320132","1.9801980198019802","2.6402640264026402","2.6402640264026402","7.590759075907591","97","3.8950819672131147","30","305","668","9.442622950819672","0.9836065573770492","1.9672131147540983","1.639344262295082","5.245901639344262","97","3.762057877813505","35","311","640","9.228295819935692","1.9292604501607717","2.2508038585209005","1.607717041800643","5.144694533762058","97","3.898876404494382","32","267","525","9.535580524344569","0.7490636704119851","1.8726591760299625","0.37453183520599254","4.49438202247191"
,"98","3.9416342412451364","31","257","506","9.252918287937744","3.11284046692607","1.556420233463035","0.38910505836575876","3.8910505836575875","98","4.090566037735849","32","265","495","9.328301886792453","7.169811320754717","2.641509433962264","4.528301886792453","3.7735849056603774","98","3.9635036496350367","22","274","513","9.175182481751825","5.474452554744525","2.9197080291970803","2.5547445255474455","4.014598540145985","98","4.0446735395189","26","291","507","9.54639175257732","2.7491408934707904","3.7800687285223367","3.7800687285223367","1.3745704467353952","98","3.957792207792208","36","308","613","9.142857142857142","1.2987012987012987","4.545454545454546","3.896103896103896","3.2467532467532467","98","4.012987012987013","23","308","535","9.032467532467532","6.818181818181818","5.51948051948052","2.272727272727273","4.545454545454546","98","4.174545454545455","26","275","540","9.221818181818183","7.2727272727272725","4.7272727272727275","1.4545454545454546","11.272727272727273","98","4.033222591362127","24","301","568","9.083056478405316","2.3255813953488373","4.983388704318937","3.654485049833887","6.976744186046512","98","4.1854545454545455","29","275","586","9.33090909090909","5.454545454545454","7.636363636363637","7.2727272727272725","3.6363636363636362","98","3.8869257950530036","25","283","608","9.19434628975265","7.420494699646643","2.1201413427561837","0.7067137809187279","3.5335689045936394","98","4.003389830508475","27","295","585","9.335593220338984","0.3389830508474576","0","0","0","98","4.006849315068493","29","292","601","9.36986301369863","0","0.3424657534246575","0.3424657534246575","0","98","3.9962546816479403","22","267","551","9.49063670411985","0","0","0","0","98","4","32","255","542","9.349019607843138","0.39215686274509803","0","0.39215686274509803","0","98","4","30","279","591","9.290322580645162","0","0","0","0","98","3.996153846153846","34","260","525","9.069230769230769","0.38461538461538464","0","0","0","98","4","29","299","519","9.150501672240802","0","0","0","0.33444816053511706","98","3.9963235294117645","19","272","568","9.338235294117647","0","0","0.7352941176470589","0","98","4","31","278","576","9.338129496402878","0","0","0","0","98","4","28","273","498","9.31868131868132","0","0.3663003663003663","0.3663003663003663","0","98","4.007843137254902","23","255","568","9.24705882352941","0","0","0.39215686274509803","0.7843137254901961","98","4.008196721311475","25","244","522","9.295081967213115","0","0","0","0.819672131147541","98","4","34","280","561","9.435714285714285","0","0","0","0","98","4.007352941176471","29","272","552","9.154411764705882","0","0","0.36764705882352944","0.7352941176470589","98","4.010452961672474","20","287","583","9.296167247386759","0","0","0.34843205574912894","0.6968641114982579","98","4.01937984496124","37","258","579","9.248062015503876","0","0","0.3875968992248062","1.937984496124031","98","3.99644128113879","37","281","568","9.252669039145907","0","0","0.35587188612099646","0.7117437722419929","98","4.003831417624521","27","261","590","9.333333333333334","0","0","0","0.7662835249042146","98","4","27","303","611","9.392739273927393","0","0","0","0.33003300330033003","98","4.006172839506172","30","324","676","9.314814814814815","0","0","0.30864197530864196","0.30864197530864196","98","4.052959501557632","27","321","616","9.22741433021807","0","0","0.3115264797507788","5.29595015576324","98","4.023809523809524","28","252","603","9.253968253968255","0","0","0","2.380952380952381","98","4.025179856115108","18","278","538","9.43884892086331","0","0","0.3597122302158273","2.158273381294964","98","4.024844720496894","27","322","618","9.211180124223603","0","0","0","2.7950310559006213","98","4.013888888888889","36","288","597","9.152777777777779","0","0","0","2.4305555555555554","98","4.066433566433567","29","286","486","8.944055944055943","0","0","0.6993006993006993","6.293706293706293","98","4.053156146179402","29","301","585","9.249169435215947","0","0","0","5.3156146179401995","98","4.049180327868853","30","305","668","9.442622950819672","0","0","0.32786885245901637","4.918032786885246","98","4.029126213592233","36","309","640","9.16504854368932","0","0","0","2.912621359223301","98","4.018867924528302","32","265","525","9.456603773584906","0","0","0","1.8867924528301887"
,"99","3.93359375","31","256","506","9.2109375","2.734375","1.5625","0","3.90625","99","4.08745247148289","33","263","495","9.254752851711027","6.844106463878327","2.661596958174905","4.562737642585551","3.802281368821293","99","3.988970588235294","23","272","513","9.110294117647058","5.514705882352941","2.573529411764706","2.573529411764706","4.044117647058823","99","4.048442906574395","27","289","507","9.474048442906575","3.114186851211073","3.8062283737024223","3.4602076124567476","1.3840830449826989","99","3.964169381107492","36","307","613","9.107491856677525","1.3029315960912051","4.88599348534202","4.234527687296417","3.257328990228013","99","4.029220779220779","23","308","535","9.032467532467532","7.467532467532467","5.8441558441558445","2.272727272727273","4.220779220779221","99","4.1838235294117645","27","272","540","9.102941176470589","7.720588235294118","5.514705882352941","1.4705882352941178","10.661764705882353","99","4.026845637583893","24","298","568","8.979865771812081","2.348993288590604","4.3624161073825505","4.3624161073825505","6.040268456375839","99","4.192727272727272","29","275","586","9.33090909090909","5.454545454545454","7.636363636363637","7.2727272727272725","3.6363636363636362","99","3.8754448398576513","27","281","608","9.117437722419929","7.473309608540926","1.4234875444839858","0.7117437722419929","3.5587188612099645","99","4","29","292","585","9.226027397260275","0","0","0","0","99","4.0034246575342465","29","292","601","9.36986301369863","0","0","0","0.3424657534246575","99","4","22","267","551","9.49063670411985","0","0","0","0.37453183520599254","99","4.007843137254902","32","255","542","9.349019607843138","0.39215686274509803","0","0.39215686274509803","0.39215686274509803","99","4","31","278","591","9.251798561151078","0","0","0","0","99","3.996138996138996","34","259","525","9.027027027027026","0.3861003861003861","0","0","0","99","4.003355704697986","29","298","519","9.114093959731544","0","0","0","0.33557046979865773","99","4.018382352941177","19","272","568","9.338235294117647","0","0","0.36764705882352944","1.4705882352941178","99","4","32","274","576","9.18978102189781","0","0","0","0","99","4.011070110701107","28","271","498","9.291512915129152","0","0.36900369003690037","0.36900369003690037","0.36900369003690037","99","4.007936507936508","24","252","568","9.174603174603174","0","0","0","0.7936507936507936","99","4.004115226337449","26","243","522","9.251028806584362","0","0","0","0.411522633744856","99","4.007168458781362","35","279","561","9.397849462365592","0","0","0","0.7168458781362007","99","4.025735294117647","29","272","552","9.154411764705882","0","0","0","2.573529411764706","99","4.013986013986014","20","286","583","9.258741258741258","0","0","0.34965034965034963","1.048951048951049","99","4.031128404669261","37","257","579","9.206225680933851","0","0","0.38910505836575876","3.11284046692607","99","4.00355871886121","37","281","568","9.252669039145907","0","0","0.35587188612099646","1.4234875444839858","99","4.023166023166024","28","259","590","9.250965250965251","0","0","0","2.3166023166023164","99","4.006600660066007","27","303","611","9.392739273927393","0","0","0","0.6600660066006601","99","4.012461059190031","31","321","676","9.214953271028037","0","0","0","1.2461059190031152","99","4.047021943573668","27","319","616","9.15987460815047","0","0","0.31347962382445144","4.38871473354232","99","4.032","28","250","603","9.168","0","0","0","3.2","99","4.025270758122744","19","277","538","9.40072202166065","0","0","0","2.527075812274368","99","4.027950310559007","27","322","618","9.211180124223603","0","0","0","2.7950310559006213","99","4.034843205574913","37","287","597","9.114982578397212","0","0","0","4.181184668989547","99","4.095406360424028","31","283","486","8.826855123674912","0","0","0.35335689045936397","9.187279151943462","99","4.0369127516778525","29","298","585","9.201342281879194","0","0","0","3.6912751677852347","99","4.0495049504950495","30","303","668","9.372937293729374","0","0","0.33003300330033003","4.9504950495049505","99","4.032362459546926","36","309","640","9.16504854368932","0","0","0","3.236245954692557","99","4.022813688212928","34","263","525","9.376425855513308","0","0","0","2.2813688212927756"
,"100","3.925490196078431","31","255","518","9.262745098039217","2.3529411764705883","1.5686274509803921","0","3.5294117647058822","100","4.091254752851711","33","263","505","9.330798479087452","7.224334600760456","2.661596958174905","4.562737642585551","3.802281368821293","100","3.988929889298893","24","271","532","9.210332103321033","5.535055350553505","2.5830258302583027","2.5830258302583027","4.428044280442805","100","4.041522491349481","27","289","520","9.56401384083045","3.114186851211073","3.4602076124567476","3.114186851211073","1.3840830449826989","100","3.980392156862745","36","306","640","9.248366013071895","1.3071895424836601","6.209150326797386","3.9215686274509802","3.2679738562091503","100","4.029411764705882","23","306","543","9.058823529411764","7.516339869281046","5.555555555555555","2.287581699346405","4.57516339869281","100","4.18450184501845","27","271","563","9.239852398523984","7.380073800738008","5.166051660516605","1.4760147601476015","10.70110701107011","100","4.02027027027027","25","296","592","9.114864864864865","2.364864864864865","4.391891891891892","3.7162162162162162","5.743243243243243","100","4.194139194139194","29","273","598","9.340659340659341","5.4945054945054945","7.326007326007326","7.6923076923076925","3.663003663003663","100","3.882562277580071","27","281","627","9.252669039145907","7.829181494661921","1.4234875444839858","0.7117437722419929","3.5587188612099645","100","4","29","291","599","9.285223367697595","0","0","0","0","100","4","29","291","619","9.457044673539519","0","0","0","0","100","4","23","265","558","9.464150943396227","0","0","0","0","100","4.003921568627451","32","255","555","9.450980392156863","0.39215686274509803","0","0.39215686274509803","0","100","4","31","278","617","9.43884892086331","0","0","0","0","100","3.996138996138996","34","259","546","9.18918918918919","0","0","0","0","100","4","29","297","535","9.191919191919192","0","0","0","0","100","4.003703703703704","19","270","570","9.274074074074074","0","0","0.37037037037037035","0","100","4","32","273","597","9.304029304029305","0","0","0","0","100","4","28","271","516","9.424354243542435","0","0","0","0","100","4.007936507936508","24","252","582","9.285714285714286","0","0","0","0.7936507936507936","100","4.008264462809917","26","242","538","9.338842975206612","0","0","0","0.8264462809917356","100","4","35","277","576","9.429602888086643","0","0","0","0","100","4.007407407407407","29","270","568","9.192592592592593","0","0","0","0.7407407407407407","100","4.01056338028169","21","284","604","9.330985915492958","0","0","0.352112676056338","0.704225352112676","100","4.019455252918288","37","257","589","9.284046692607005","0","0","0.38910505836575876","1.9455252918287937","100","4","37","281","579","9.330960854092528","0","0","0.35587188612099646","0.7117437722419929","100","4.007782101167315","28","257","601","9.252918287937744","0","0","0","0.7782101167315175","100","4.003322259136213","27","301","621","9.388704318936878","0","0","0","0.33222591362126247","100","4.006230529595015","31","321","702","9.376947040498443","0","0","0","0.6230529595015576","100","4.050632911392405","27","316","636","9.183544303797468","0","0","0.31645569620253167","4.746835443037975","100","4.02","28","250","614","9.256","0","0","0","2","100","4.025270758122744","19","277","550","9.487364620938628","0","0","0","2.527075812274368","100","4.021806853582555","27","321","628","9.2398753894081","0","0","0","2.1806853582554515","100","4.020905923344948","37","287","609","9.198606271777004","0","0","0","2.4390243902439024","100","4.070671378091872","31","283","516","9.03886925795053","0","0","0.35335689045936397","6.713780918727915","100","4.043918918918919","30","296","605","9.27027027027027","0","0","0","4.391891891891892","100","4.039867109634551","30","301","678","9.368770764119601","0","0","0","3.9867109634551494","100","4.0227272727272725","36","308","653","9.214285714285714","0","0","0","2.272727272727273","100","4.034220532319392","34","263","545","9.52851711026616","0","0","0","3.4220532319391634"
,"101","3.921259842519685","31","254","518","9.220472440944881","1.5748031496062993","1.5748031496062993","0","3.937007874015748","101","4.089147286821706","34","258","505","9.131782945736434","6.976744186046512","2.7131782945736433","4.651162790697675","3.875968992248062","101","3.988929889298893","24","271","532","9.210332103321033","5.535055350553505","2.5830258302583027","2.5830258302583027","4.059040590405904","101","4.045138888888889","27","288","520","9.527777777777779","3.125","3.8194444444444446","3.125","1.3888888888888888","101","3.9802631578947367","37","304","640","9.177631578947368","1.3157894736842106","6.25","3.9473684210526314","3.289473684210526","101","4.029411764705882","23","306","543","9.058823529411764","7.516339869281046","5.882352941176471","2.287581699346405","4.248366013071895","101","4.191881918819188","27","271","563","9.239852398523984","7.749077490774908","5.535055350553505","1.4760147601476015","10.70110701107011","101","4.034129692832765","25","293","592","9.01023890784983","2.3890784982935154","4.436860068259386","4.436860068259386","5.802047781569966","101","4.199261992619927","30","271","598","9.269372693726938","5.535055350553505","7.380073800738008","7.380073800738008","3.690036900369004","101","3.8754448398576513","27","281","627","9.252669039145907","7.473309608540926","1.4234875444839858","0.7117437722419929","3.5587188612099645","101","4","30","290","599","9.255172413793103","0","0","0","0","101","4.003448275862069","29","290","619","9.475862068965517","0","0","0","0.3448275862068966","101","4.003802281368821","23","263","558","9.384030418250951","0","0","0","0.38022813688212925","101","4.003937007874016","33","254","555","9.409448818897637","0","0","0","0.3937007874015748","101","4","33","276","617","9.36231884057971","0","0","0","0","101","3.996124031007752","34","258","546","9.147286821705427","0","0","0","0","101","4.003378378378378","29","296","535","9.175675675675675","0","0","0","0.33783783783783783","101","4.014869888475836","20","269","570","9.234200743494425","0","0","0","1.486988847583643","101","4","32","273","597","9.304029304029305","0","0","0","0","101","4.003690036900369","28","271","516","9.424354243542435","0","0","0","0.36900369003690037","101","4.007936507936508","24","252","582","9.285714285714286","0","0","0","0.7936507936507936","101","4.0041322314049586","26","242","538","9.338842975206612","0","0","0","0.4132231404958678","101","4.007246376811594","36","276","576","9.391304347826088","0","0","0","0.7246376811594203","101","4.022304832713755","30","269","568","9.152416356877323","0","0","0","2.2304832713754648","101","4.021201413427562","22","283","604","9.30035335689046","0","0","0.35335689045936397","1.7667844522968197","101","4.031128404669261","37","257","589","9.284046692607005","0","0","0","3.11284046692607","101","4.01067615658363","37","281","579","9.330960854092528","0","0","0.35587188612099646","1.4234875444839858","101","4.023346303501945","28","257","601","9.252918287937744","0","0","0","2.3346303501945527","101","4.006666666666667","28","300","621","9.353333333333333","0","0","0","0.6666666666666666","101","4.012539184952978","31","319","702","9.310344827586206","0","0","0","1.2539184952978057","101","4.057507987220447","28","313","636","9.08626198083067","0","0","0","5.7507987220447285","101","4.028","28","250","614","9.256","0","0","0","2.8","101","4.010869565217392","19","276","550","9.44927536231884","0","0","0","1.0869565217391304","101","4.0344827586206895","27","319","628","9.172413793103448","0","0","0","3.4482758620689653","101","4.038461538461538","37","286","609","9.160839160839162","0","0","0","4.195804195804196","101","4.085106382978723","32","282","516","9","0","0","0.3546099290780142","8.156028368794326","101","4.030508474576271","31","295","605","9.240677966101694","0","0","0","3.0508474576271185","101","4.043333333333333","30","300","678","9.333333333333334","0","0","0","4.333333333333333","101","4.045602605863192","36","307","653","9.17915309446254","0","0","0","4.5602605863192185","101","4.015325670498084","35","261","545","9.448275862068966","0","0","0","1.5325670498084292"
,"102","3.9173228346456694","31","254","518","9.220472440944881","1.5748031496062993","1.5748031496062993","0","3.543307086614173","102","4.093023255813954","34","258","505","9.131782945736434","7.364341085271318","2.7131782945736433","4.651162790697675","3.875968992248062","102","4","24","269","532","9.144981412639405","5.5762081784386615","2.973977695167286","2.6022304832713754","4.83271375464684","102","4.041811846689895","27","287","520","9.491289198606271","3.1358885017421603","3.484320557491289","3.1358885017421603","1.3937282229965158","102","3.9834983498349836","37","303","640","9.141914191419142","1.3201320132013201","6.270627062706271","3.9603960396039604","3.3003300330033003","102","4.029508196721311","23","305","543","9.062295081967212","7.540983606557377","5.573770491803279","2.2950819672131146","4.590163934426229","102","4.1881918819188195","27","271","563","9.239852398523984","7.380073800738008","5.535055350553505","1.4760147601476015","10.70110701107011","102","4.023972602739726","25","292","592","8.972602739726028","2.3972602739726026","4.4520547945205475","3.767123287671233","5.821917808219178","102","4.199261992619927","30","271","598","9.269372693726938","5.535055350553505","7.380073800738008","7.380073800738008","3.690036900369004","102","3.8745519713261647","28","279","627","9.175627240143369","7.168458781362007","1.4336917562724014","0.7168458781362007","3.5842293906810037","102","4","30","290","599","9.255172413793103","0","0","0","0","102","4","29","290","619","9.475862068965517","0","0","0","0","102","4","23","263","558","9.384030418250951","0","0","0","0","102","4","33","253","555","9.367588932806324","0","0","0","0","102","4","35","274","617","9.284671532846716","0","0","0","0","102","3.996124031007752","34","258","546","9.147286821705427","0","0","0","0","102","4","30","294","535","9.108843537414966","0","0","0","0","102","4","20","268","570","9.194029850746269","0","0","0","0","102","4","33","271","597","9.269372693726938","0","0","0","0","102","4","28","271","516","9.424354243542435","0","0","0","0","102","4.008","24","250","582","9.216","0","0","0","0.8","102","4.008333333333334","26","240","538","9.283333333333333","0","0","0","0.8333333333333334","102","4","37","275","576","9.36","0","0","0","0","102","4.007434944237918","30","269","568","9.152416356877323","0","0","0","0.7434944237918215","102","4.00354609929078","23","282","604","9.26950354609929","0","0","0","0.3546099290780142","102","4.015625","38","256","589","9.2421875","0","0","0","1.5625","102","4.00355871886121","37","281","579","9.330960854092528","0","0","0.35587188612099646","0.7117437722419929","102","4.007843137254902","30","255","601","9.168627450980392","0","0","0","0.7843137254901961","102","4.003344481605351","29","299","621","9.31772575250836","0","0","0","0.33444816053511706","102","4.003134796238244","31","319","702","9.310344827586206","0","0","0","0.31347962382445144","102","4.044871794871795","28","312","636","9.051282051282051","0","0","0","4.487179487179487","102","4.032","28","250","614","9.256","0","0","0","3.2","102","4.018248175182482","19","274","550","9.372262773722628","0","0","0","1.8248175182481752","102","4.009404388714733","27","319","628","9.172413793103448","0","0","0","0.9404388714733543","102","4.024647887323944","38","284","609","9.084507042253522","0","0","0","2.816901408450704","102","4.06049822064057","32","281","516","8.96085409252669","0","0","0","6.049822064056939","102","4.037414965986395","31","294","605","9.204081632653061","0","0","0","3.741496598639456","102","4.04","30","300","678","9.333333333333334","0","0","0","4","102","4.022875816993464","37","306","653","9.143790849673202","0","0","0","2.287581699346405","102","4.019305019305019","35","259","545","9.405405405405405","0","0","0","1.9305019305019304"
,"103","3.91699604743083","32","253","536","9.320158102766799","1.5810276679841897","1.1857707509881423","0","3.952569169960474","103","4.093385214007782","35","257","528","9.268482490272374","6.614785992217898","3.11284046692607","4.669260700389105","3.8910505836575875","103","4","24","269","550","9.278810408921933","5.5762081784386615","2.6022304832713754","2.6022304832713754","4.4609665427509295","103","4.045454545454546","28","286","535","9.55944055944056","3.1468531468531467","3.8461538461538463","3.1468531468531467","1.3986013986013985","103","3.990033222591362","37","301","668","9.282392026578073","1.3289036544850499","6.312292358803987","3.9867109634551494","3.3222591362126246","103","4.029605263157895","23","304","551","9.078947368421053","7.565789473684211","5.921052631578948","2.3026315789473686","4.276315789473684","103","4.189591078066915","28","269","580","9.28624535315985","7.434944237918216","5.5762081784386615","1.486988847583643","10.780669144981413","103","4.037671232876712","25","292","623","9.184931506849315","2.3972602739726026","4.4520547945205475","4.4520547945205475","6.164383561643835","103","4.196296296296296","30","270","621","9.4","5.555555555555555","7.407407407407407","7.037037037037037","3.7037037037037037","103","3.870503597122302","28","278","653","9.323741007194245","7.194244604316546","1.4388489208633093","0.7194244604316546","3.597122302158273","103","4","31","289","613","9.314878892733564","0","0","0","0","103","4.003496503496503","29","286","630","9.405594405594405","0","0","0","0.34965034965034963","103","4.003831417624521","23","261","570","9.409961685823754","0","0","0","0.3831417624521073","103","4.003968253968254","33","252","567","9.420634920634921","0","0","0","0.3968253968253968","103","4","35","272","640","9.375","0","0","0","0","103","3.99609375","35","256","561","9.1796875","0","0","0","0","103","4.003412969283277","31","293","552","9.187713310580206","0","0","0","0.3412969283276451","103","4.01498127340824","21","267","590","9.303370786516854","0","0","0","1.4981273408239701","103","4","34","267","616","9.258426966292134","0","0","0","0","103","4.003690036900369","28","271","525","9.490774907749078","0","0","0","0.36900369003690037","103","4.008","24","250","595","9.32","0","0","0","0.8","103","4.00418410041841","26","239","549","9.330543933054393","0","0","0","0.41841004184100417","103","4.003663003663004","38","273","591","9.391941391941392","0","0","0","0.3663003663003663","103","4.026022304832714","30","269","590","9.315985130111525","0","0","0","2.6022304832713754","103","4.01423487544484","23","281","633","9.437722419928825","0","0","0","1.4234875444839858","103","4.02734375","38","256","604","9.359375","0","0","0","2.734375","103","4.00711743772242","37","281","591","9.416370106761565","0","0","0","1.0676156583629892","103","4.023715415019763","31","253","624","9.280632411067193","0","0","0","2.3715415019762847","103","4.003355704697986","30","298","636","9.38255033557047","0","0","0","0.33557046979865773","103","4.003134796238244","31","319","717","9.404388714733543","0","0","0","0.31347962382445144","103","4.057877813504823","29","311","678","9.286173633440514","0","0","0","5.787781350482315","103","4.020491803278689","29","244","621","9.081967213114755","0","0","0","2.0491803278688523","103","4.014598540145985","19","274","567","9.496350364963504","0","0","0","1.4598540145985401","103","4.034591194968553","27","318","649","9.270440251572326","0","0","0","3.459119496855346","103","4.035211267605634","38","284","635","9.267605633802816","0","0","0","3.8732394366197185","103","4.071428571428571","32","280","537","9.121428571428572","0","0","0","7.142857142857143","103","4.030927835051546","32","291","625","9.25085910652921","0","0","0","3.0927835051546393","103","4.05","30","300","696","9.453333333333333","0","0","0","5","103","4.0359477124183005","37","306","676","9.294117647058824","0","0","0","3.5947712418300655","103","4.019305019305019","35","259","556","9.49034749034749","0","0","0","1.9305019305019304"
,"104","3.9047619047619047","32","252","536","9.277777777777779","1.5873015873015872","0.3968253968253968","0","3.5714285714285716","104","4.101167315175097","35","257","528","9.268482490272374","6.614785992217898","3.501945525291829","4.669260700389105","3.8910505836575875","104","3.9888059701492535","24","268","550","9.238805970149254","5.597014925373134","2.611940298507463","2.611940298507463","3.7313432835820897","104","4.042105263157895","29","285","535","9.52280701754386","3.1578947368421053","3.508771929824561","3.1578947368421053","1.4035087719298245","104","3.9933110367892977","38","299","668","9.210702341137123","1.3377926421404682","6.354515050167224","4.013377926421405","3.3444816053511706","104","4.029900332225914","23","301","551","8.976744186046512","7.641196013289036","5.647840531561462","2.3255813953488373","4.651162790697675","104","4.1940298507462686","28","268","580","9.246268656716419","7.835820895522388","5.597014925373134","1.492537313432836","10.82089552238806","104","4.024054982817869","25","291","623","9.147766323024054","2.4054982817869415","4.4673539518900345","3.7800687285223367","5.498281786941581","104","4.192592592592592","30","270","621","9.4","5.555555555555555","7.407407407407407","6.666666666666667","3.7037037037037037","104","3.869565217391304","28","276","653","9.26086956521739","7.246376811594203","1.4492753623188406","0.7246376811594203","3.260869565217391","104","4","31","289","613","9.314878892733564","0","0","0","0","104","4","30","282","630","9.25531914893617","0","0","0","0","104","4","23","260","570","9.36923076923077","0","0","0","0","104","4","33","252","567","9.420634920634921","0","0","0","0","104","4","36","271","640","9.335793357933579","0","0","0","0","104","4","35","255","561","9.137254901960784","0","0","0","0","104","4","31","293","552","9.187713310580206","0","0","0","0","104","4","21","267","590","9.303370786516854","0","0","0","0","104","4","34","267","616","9.258426966292134","0","0","0","0","104","4","28","271","525","9.490774907749078","0","0","0","0","104","4.008097165991903","24","247","595","9.190283400809717","0","0","0","0.8097165991902834","104","4.00836820083682","26","239","549","9.330543933054393","0","0","0","0.8368200836820083","104","4","39","272","591","9.360294117647058","0","0","0","0","104","4.007462686567164","31","268","590","9.276119402985074","0","0","0","0.746268656716418","104","4.003571428571429","23","280","633","9.407142857142857","0","0","0","0.35714285714285715","104","4.015625","38","256","604","9.359375","0","0","0","1.5625","104","4.01067615658363","37","281","591","9.416370106761565","0","0","0","1.0676156583629892","104","4.007936507936508","31","252","624","9.238095238095237","0","0","0","0.7936507936507936","104","4.003401360544218","31","294","636","9.238095238095237","0","0","0","0.3401360544217687","104","4","31","318","717","9.371069182389936","0","0","0","0","104","4.0453074433656955","29","309","678","9.223300970873787","0","0","0","4.53074433656958","104","4.020576131687243","30","243","621","9.045267489711934","0","0","0","2.05761316872428","104","4.018248175182482","19","274","567","9.496350364963504","0","0","0","1.8248175182481752","104","4.012658227848101","27","316","649","9.208860759493671","0","0","0","1.2658227848101267","104","4.017667844522968","39","283","635","9.229681978798586","0","0","0","2.1201413427561837","104","4.071428571428571","32","280","537","9.121428571428572","0","0","0","7.142857142857143","104","4.031141868512111","33","289","625","9.176470588235293","0","0","0","3.114186851211073","104","4.037037037037037","31","297","696","9.346801346801346","0","0","0","3.7037037037037037","104","4.019672131147541","37","305","676","9.265573770491804","0","0","0","1.9672131147540983","104","4.027237354085603","35","257","556","9.408560311284047","0","0","0","2.7237354085603114"
,"105","3.908366533864542","32","251","536","9.235059760956176","1.9920318725099602","0","0","3.9840637450199203","105","4.097276264591439","35","257","528","9.268482490272374","6.22568093385214","3.501945525291829","4.669260700389105","3.8910505836575875","105","3.996268656716418","24","268","550","9.238805970149254","5.597014925373134","2.611940298507463","2.611940298507463","4.104477611940299","105","4.045774647887324","29","284","535","9.492957746478874","3.1690140845070425","3.8732394366197185","3.1690140845070425","1.408450704225352","105","3.9932885906040267","39","298","668","9.174496644295303","1.342281879194631","6.375838926174497","4.026845637583893","3.3557046979865772","105","4.026845637583893","24","298","551","8.865771812080537","7.382550335570469","6.040268456375839","2.348993288590604","4.3624161073825505","105","4.191011235955056","28","267","580","9.205992509363297","7.49063670411985","5.617977528089888","1.4981273408239701","10.861423220973784","105","4.027681660899654","26","289","623","9.07266435986159","2.422145328719723","4.498269896193771","4.1522491349480966","5.536332179930795","105","4.1940298507462686","30","268","621","9.350746268656716","5.597014925373134","7.462686567164179","6.7164179104477615","3.7313432835820897","105","3.8713235294117645","28","272","653","9.147058823529411","7.352941176470588","1.4705882352941178","0.7352941176470589","2.9411764705882355","105","4","33","285","613","9.171929824561403","0","0","0","0","105","4.007142857142857","30","280","630","9.185714285714285","0","0","0","0.7142857142857143","105","4.003875968992248","23","258","570","9.294573643410853","0","0","0","0.3875968992248062","105","4.004","34","250","567","9.344","0","0","0","0.4","105","4","36","271","640","9.335793357933579","0","0","0","0","105","4","38","249","561","8.923694779116467","0","0","0","0","105","4.003460207612457","32","289","552","9.058823529411764","0","0","0","0.3460207612456747","105","4.015037593984962","21","266","590","9.263157894736842","0","0","0","1.5037593984962405","105","4","34","267","616","9.258426966292134","0","0","0","0","105","4.003690036900369","28","271","525","9.490774907749078","0","0","0","0.36900369003690037","105","4.008130081300813","24","246","595","9.146341463414634","0","0","0","0.8130081300813008","105","4.00418410041841","26","239","549","9.330543933054393","0","0","0","0.41841004184100417","105","4.0036764705882355","39","272","591","9.360294117647058","0","0","0","0.36764705882352944","105","4.022471910112359","31","267","590","9.243445692883896","0","0","0","2.247191011235955","105","4.014388489208633","24","278","633","9.33093525179856","0","0","0","1.4388489208633093","105","4.0236220472440944","39","254","604","9.275590551181102","0","0","0","2.3622047244094486","105","4.010714285714286","37","280","591","9.378571428571428","0","0","0","1.0714285714285714","105","4.023809523809524","31","252","624","9.238095238095237","0","0","0","2.380952380952381","105","4.003412969283277","32","293","636","9.20136518771331","0","0","0","0.3412969283276451","105","4.003174603174603","33","315","717","9.276190476190477","0","0","0","0.31746031746031744","105","4.052117263843648","29","307","678","9.159609120521173","0","0","0","5.2117263843648205","105","4.016460905349795","30","243","621","9.045267489711934","0","0","0","1.646090534979424","105","4.021897810218978","19","274","567","9.496350364963504","0","0","0","2.18978102189781","105","4.031746031746032","27","315","649","9.187301587301587","0","0","0","3.1746031746031744","105","4.0355871886121","39","281","635","9.195729537366548","0","0","0","3.9145907473309607","105","4.07168458781362","33","279","537","9.082437275985663","0","0","0","7.168458781362007","105","4.03125","33","288","625","9.13888888888889","0","0","0","3.125","105","4.04054054054054","31","296","696","9.31081081081081","0","0","0","4.054054054054054","105","4.042763157894737","38","304","676","9.230263157894736","0","0","0","4.276315789473684","105","4.023346303501945","35","257","556","9.408560311284047","0","0","0","2.3346303501945527"
,"106","3.9","33","250","554","9.336","1.6","0","0","3.6","106","4.099206349206349","35","252","542","9.214285714285714","6.349206349206349","3.5714285714285716","4.365079365079365","3.9682539682539684","106","3.988721804511278","25","266","560","9.240601503759398","5.639097744360902","2.6315789473684212","2.6315789473684212","3.7593984962406015","106","4.042253521126761","29","284","554","9.626760563380282","3.1690140845070425","3.5211267605633805","3.1690140845070425","1.408450704225352","106","3.98989898989899","39","297","695","9.31986531986532","1.3468013468013469","6.0606060606060606","4.040404040404041","3.367003367003367","106","4.023569023569023","24","297","577","9.003367003367003","7.407407407407407","5.723905723905724","2.356902356902357","4.377104377104377","106","4.19172932330827","28","266","593","9.263157894736842","7.518796992481203","5.639097744360902","1.5037593984962405","10.902255639097744","106","4.024221453287197","26","289","647","9.238754325259515","2.422145328719723","4.498269896193771","3.8062283737024223","5.536332179930795","106","4.195488721804511","31","266","638","9.406015037593985","5.639097744360902","7.518796992481203","6.7669172932330826","3.7593984962406015","106","3.878228782287823","28","271","676","9.276752767527675","7.380073800738008","1.4760147601476015","0.7380073800738007","3.321033210332103","106","4","33","284","638","9.316901408450704","0","0","0","0","106","4","30","279","660","9.362007168458781","0","0","0","0","106","4","23","258","592","9.465116279069768","0","0","0","0","106","4","35","246","588","9.357723577235772","0","0","0","0","106","4","36","269","662","9.427509293680297","0","0","0","0","106","4","38","246","601","9.113821138211382","0","0","0","0","106","4","32","288","579","9.208333333333334","0","0","0","0","106","4","21","265","615","9.41132075471698","0","0","0","0","106","4","34","266","640","9.406015037593985","0","0","0","0","106","4","29","269","530","9.449814126394052","0","0","0","0","106","4.008130081300813","24","246","616","9.317073170731707","0","0","0","0.8130081300813008","106","4.008438818565401","27","237","561","9.341772151898734","0","0","0","0.8438818565400844","106","4","40","269","609","9.37546468401487","0","0","0","0","106","4.01123595505618","31","267","612","9.408239700374532","0","0","0","1.1235955056179776","106","4.007220216606498","25","277","661","9.494584837545126","0","0","0","0.7220216606498195","106","4.015810276679842","39","253","621","9.367588932806324","0","0","0","1.5810276679841897","106","4.0071942446043165","38","278","602","9.424460431654676","0","0","0","0.7194244604316546","106","4.007936507936508","31","252","642","9.380952380952381","0","0","0","0.7936507936507936","106","4.0034246575342465","32","292","665","9.36986301369863","0","0","0","0.3424657534246575","106","4","36","312","746","9.365384615384615","0","0","0","0","106","4.035830618892508","29","307","712","9.381107491856678","0","0","0","3.583061889250814","106","4.020576131687243","30","243","644","9.234567901234568","0","0","0","2.05761316872428","106","4.007299270072993","19","274","578","9.576642335766424","0","0","0","0.7299270072992701","106","4.016025641025641","27","312","677","9.275641025641026","0","0","0","1.6025641025641026","106","4.021505376344086","41","279","651","9.232974910394265","0","0","0","2.5089605734767026","106","4.068345323741007","34","278","561","9.215827338129497","0","0","0","6.83453237410072","106","4.035087719298246","33","285","651","9.249122807017544","0","0","0","3.508771929824561","106","4.0508474576271185","31","295","718","9.423728813559322","0","0","0","5.084745762711864","106","4.0131578947368425","38","304","698","9.375","0","0","0","1.3157894736842106","106","4.0234375","36","256","574","9.5078125","0","0","0","2.34375"
,"107","3.903225806451613","35","248","554","9.25","1.6129032258064515","0","0","4.032258064516129","107","4.095238095238095","35","252","542","9.214285714285714","5.555555555555555","3.5714285714285716","4.365079365079365","3.9682539682539684","107","3.9962406015037595","25","266","560","9.240601503759398","5.639097744360902","2.6315789473684212","2.6315789473684212","4.135338345864661","107","4.045936395759718","30","283","554","9.597173144876326","3.1802120141342756","3.8869257950530036","3.1802120141342756","1.4134275618374559","107","3.98989898989899","39","297","695","9.31986531986532","1.3468013468013469","6.0606060606060606","4.040404040404041","3.367003367003367","107","4.02020202020202","24","297","577","9.003367003367003","7.407407407407407","6.0606060606060606","2.356902356902357","3.7037037037037037","107","4.192452830188679","29","265","593","9.222641509433963","7.547169811320755","5.660377358490566","1.509433962264151","10.566037735849056","107","4.027777777777778","26","288","647","9.20138888888889","2.4305555555555554","4.513888888888889","4.166666666666667","5.555555555555555","107","4.195488721804511","31","266","638","9.406015037593985","5.639097744360902","7.518796992481203","6.7669172932330826","3.7593984962406015","107","3.874538745387454","28","271","676","9.276752767527675","7.380073800738008","1.4760147601476015","0.7380073800738007","2.952029520295203","107","4","33","282","638","9.24113475177305","0","0","0","0","107","4.0071942446043165","30","278","660","9.323741007194245","0","0","0","0.7194244604316546","107","4.003952569169961","26","253","592","9.280632411067193","0","0","0","0.3952569169960474","107","4.004065040650406","35","246","588","9.357723577235772","0","0","0","0.4065040650406504","107","4","36","268","662","9.388059701492537","0","0","0","0","107","4","38","246","601","9.113821138211382","0","0","0","0","107","4.003484320557491","32","287","579","9.170731707317072","0","0","0","0.34843205574912894","107","4.0150943396226415","21","265","615","9.41132075471698","0","0","0","1.509433962264151","107","4","34","265","640","9.41132075471698","0","0","0","0","107","4.003717472118959","29","269","530","9.449814126394052","0","0","0","0.37174721189591076","107","4.0081632653061225","24","245","616","9.273469387755101","0","0","0","0.8163265306122449","107","4.004273504273504","28","234","561","9.213675213675213","0","0","0","0.42735042735042733","107","4.00374531835206","40","267","609","9.295880149812733","0","0","0","0.37453183520599254","107","4.022471910112359","31","267","612","9.408239700374532","0","0","0","2.247191011235955","107","4.0144927536231885","25","276","661","9.456521739130435","0","0","0","1.4492753623188406","107","4.023715415019763","39","253","621","9.367588932806324","0","0","0","2.3715415019762847","107","4","39","275","602","9.323636363636364","0","0","0","0","107","4.0239043824701195","31","251","642","9.346613545816734","0","0","0","2.3904382470119523","107","4.0034246575342465","32","292","665","9.36986301369863","0","0","0","0.3424657534246575","107","4.003205128205129","36","312","746","9.365384615384615","0","0","0","0.32051282051282054","107","4.04885993485342","29","307","712","9.381107491856678","0","0","0","4.88599348534202","107","4.016460905349795","30","243","644","9.234567901234568","0","0","0","1.646090534979424","107","4.021897810218978","19","274","578","9.576642335766424","0","0","0","2.18978102189781","107","4.032051282051282","27","312","677","9.275641025641026","0","0","0","3.2051282051282053","107","4.028673835125448","41","279","651","9.232974910394265","0","0","0","3.225806451612903","107","4.08273381294964","34","278","561","9.215827338129497","0","0","0","8.273381294964029","107","4.024734982332156","34","283","651","9.173144876325088","0","0","0","2.4734982332155475","107","4.034013605442177","31","294","718","9.394557823129253","0","0","0","3.401360544217687","107","4.039735099337748","38","302","698","9.304635761589404","0","0","0","3.9735099337748343","107","4.023529411764706","36","255","574","9.466666666666667","0","0","0","2.3529411764705883"
,"108","3.902834008097166","35","247","554","9.255060728744938","1.6194331983805668","0","0","3.6437246963562755","108","4.099206349206349","35","252","542","9.214285714285714","6.349206349206349","3.5714285714285716","4.365079365079365","3.9682539682539684","108","3.988721804511278","25","266","560","9.240601503759398","5.639097744360902","2.6315789473684212","2.6315789473684212","3.7593984962406015","108","4.04270462633452","30","281","554","9.523131672597865","3.202846975088968","3.5587188612099645","3.202846975088968","1.4234875444839858","108","3.9966216216216215","39","296","695","9.283783783783784","1.3513513513513513","6.081081081081081","4.054054054054054","3.3783783783783785","108","4.023648648648648","25","296","577","8.966216216216216","7.4324324324324325","6.081081081081081","2.364864864864865","4.054054054054054","108","4.193181818181818","30","264","593","9.181818181818182","7.575757575757576","5.681818181818182","1.5151515151515151","10.227272727272727","108","4.024305555555555","26","288","647","9.20138888888889","2.4305555555555554","4.513888888888889","3.8194444444444446","5.555555555555555","108","4.200757575757576","31","264","638","9.325757575757576","5.681818181818182","7.575757575757576","6.818181818181818","3.787878787878788","108","3.878228782287823","28","271","676","9.276752767527675","7.380073800738008","1.4760147601476015","0.7380073800738007","3.321033210332103","108","4","33","280","638","9.164285714285715","0","0","0","0","108","4","30","277","660","9.28519855595668","0","0","0","0","108","4.003968253968254","27","252","592","9.238095238095237","0","0","0","0.3968253968253968","108","4","35","246","588","9.357723577235772","0","0","0","0","108","4","37","267","662","9.348314606741573","0","0","0","0","108","4","38","245","601","9.13469387755102","0","0","0","0","108","4","32","287","579","9.170731707317072","0","0","0","0","108","4","21","265","615","9.41132075471698","0","0","0","0","108","4","34","265","640","9.41132075471698","0","0","0","0","108","4","29","269","530","9.449814126394052","0","0","0","0","108","4.008196721311475","24","244","616","9.229508196721312","0","0","0","0.819672131147541","108","4.0085470085470085","28","234","561","9.213675213675213","0","0","0","0.8547008547008547","108","4","40","267","609","9.295880149812733","0","0","0","0","108","4.003759398496241","32","266","612","9.368421052631579","0","0","0","0.37593984962406013","108","4.007272727272727","26","275","661","9.418181818181818","0","0","0","0.7272727272727273","108","4.015810276679842","39","253","621","9.367588932806324","0","0","0","1.5810276679841897","108","4","39","273","602","9.245421245421245","0","0","0","0","108","4.00796812749004","31","251","642","9.346613545816734","0","0","0","0.796812749003984","108","4.003448275862069","32","290","665","9.296551724137931","0","0","0","0.3448275862068966","108","4","38","308","746","9.233766233766234","0","0","0","0","108","4.03921568627451","29","306","712","9.352941176470589","0","0","0","3.9215686274509802","108","4.020661157024794","30","242","644","9.190082644628099","0","0","0","2.0661157024793386","108","4.014652014652015","19","273","578","9.538461538461538","0","0","0","1.465201465201465","108","4.016077170418006","27","311","677","9.241157556270096","0","0","0","1.607717041800643","108","4.0215827338129495","41","278","651","9.201438848920864","0","0","0","2.5179856115107913","108","4.050541516245487","35","277","561","9.176895306859207","0","0","0","5.054151624548736","108","4.010600706713781","34","283","651","9.173144876325088","0","0","0","1.0600706713780919","108","4.030716723549488","32","293","718","9.358361774744028","0","0","0","3.0716723549488054","108","4.016611295681063","38","301","698","9.322259136212624","0","0","0","1.6611295681063123","108","4.015686274509804","36","255","574","9.466666666666667","0","0","0","1.5686274509803921"
,"109","3.703846153846154","35","260","570","9.338461538461539","3.4615384615384617","2.3076923076923075","1.5384615384615385","6.153846153846154","109","3.954022988505747","35","261","567","9.402298850574713","6.896551724137931","5.747126436781609","4.980842911877395","4.980842911877395","109","3.8369565217391304","25","276","577","9.355072463768115","6.884057971014493","3.6231884057971016","4.7101449275362315","6.521739130434782","109","3.762541806020067","31","299","566","9.364548494983278","5.351170568561873","5.016722408026756","4.682274247491639","3.678929765886288","109","3.7","39","320","718","9.225","4.0625","8.4375","6.5625","5.9375","109","3.9866220735785953","25","299","596","9.424749163879598","7.6923076923076925","7.357859531772576","3.0100334448160537","3.678929765886288","109","3.897887323943662","30","284","622","9.253521126760564","9.154929577464788","8.098591549295774","4.577464788732394","11.619718309859154","109","3.8538205980066444","26","301","660","9.408637873754152","3.654485049833887","6.312292358803987","4.983388704318937","6.976744186046512","109","4.007220216606498","31","277","655","9.415162454873647","7.581227436823105","8.303249097472925","6.859205776173285","6.498194945848375","109","3.7214285714285715","29","280","689","9.407142857142857","8.214285714285714","3.2142857142857144","1.0714285714285714","5","109","3.7898305084745765","33","295","664","9.342372881355931","2.0338983050847457","1.694915254237288","1.694915254237288","2.711864406779661","109","3.6026058631921822","30","307","693","9.140065146579804","2.9315960912052117","2.6058631921824102","2.9315960912052117","3.257328990228013","109","3.7360594795539033","27","269","619","9.368029739776953","2.973977695167286","0.7434944237918215","1.858736059479554","2.973977695167286","109","3.731060606060606","35","264","608","9.265151515151516","1.5151515151515151","1.5151515151515151","1.1363636363636365","2.6515151515151514","109","3.6912280701754385","39","285","686","9.256140350877192","3.1578947368421053","3.1578947368421053","1.7543859649122806","2.1052631578947367","109","3.813229571984436","38","257","621","9.361867704280156","2.7237354085603114","2.3346303501945527","1.556420233463035","1.556420233463035","109","3.789297658862876","34","299","606","9.244147157190636","1.0033444816053512","1.3377926421404682","1.6722408026755853","3.3444816053511706","109","3.911439114391144","21","271","626","9.44649446494465","0.36900369003690037","1.1070110701107012","0.36900369003690037","1.845018450184502","109","3.7992831541218637","34","279","656","9.369175627240143","2.150537634408602","1.075268817204301","1.7921146953405018","1.7921146953405018","109","3.7517482517482517","29","286","540","9.34965034965035","1.048951048951049","1.7482517482517483","1.048951048951049","3.1468531468531467","109","3.7906976744186047","24","258","624","9.286821705426357","1.937984496124031","1.550387596899225","0.7751937984496124","2.3255813953488373","109","3.6929133858267718","28","254","586","9.21259842519685","2.7559055118110236","2.3622047244094486","1.968503937007874","3.937007874015748","109","3.7097902097902096","40","286","632","9.251748251748252","2.797202797202797","1.3986013986013985","3.4965034965034967","2.097902097902098","109","3.616949152542373","33","295","623","9.145762711864407","4.067796610169491","3.7288135593220337","3.7288135593220337","6.101694915254237","109","3.7027027027027026","27","296","684","9.344594594594595","2.364864864864865","4.054054054054054","2.364864864864865","4.054054054054054","109","3.798507462686567","39","268","635","9.305970149253731","2.985074626865672","2.2388059701492535","2.2388059701492535","5.223880597014926","109","3.763888888888889","39","288","627","9.340277777777779","1.3888888888888888","0.3472222222222222","2.4305555555555554","2.0833333333333335","109","3.6838235294117645","33","272","653","9.169117647058824","3.3088235294117645","1.838235294117647","2.9411764705882355","4.779411764705882","109","3.857142857142857","32","301","698","9.514950166112957","1.6611295681063123","0.6644518272425249","0.9966777408637874","2.3255813953488373","109","3.828125","38","320","771","9.3625","1.25","1.25","1.5625","1.25","109","3.8117283950617282","29","324","727","9.314814814814815","2.7777777777777777","2.4691358024691357","1.8518518518518519","6.172839506172839","109","3.5977859778597785","30","271","663","9.114391143911439","5.535055350553505","3.321033210332103","4.797047970479705","6.273062730627307","109","3.835664335664336","19","286","588","9.398601398601398","0.6993006993006993","0.6993006993006993","1.3986013986013985","3.8461538461538463","109","3.8276923076923075","29","325","699","9.34153846153846","2.1538461538461537","1.2307692307692308","1.8461538461538463","4.3076923076923075","109","3.8655172413793104","41","290","670","9.303448275862069","1.3793103448275863","1.3793103448275863","2.0689655172413794","4.137931034482759","109","3.7072368421052633","36","304","585","9.131578947368421","3.289473684210526","4.605263157894737","3.9473684210526314","11.842105263157896","109","3.789297658862876","35","299","684","9.270903010033445","2.0066889632107023","2.3411371237458196","1.3377926421404682","5.351170568561873","109","3.749206349206349","33","315","739","9.193650793650793","1.9047619047619047","3.1746031746031744","2.5396825396825395","4.761904761904762","109","3.878205128205128","38","312","716","9.33974358974359","0.6410256410256411","1.2820512820512822","0.6410256410256411","4.487179487179487","109","3.625441696113074","36","283","590","9.137809187279151","2.4734982332155475","4.946996466431095","4.240282685512367","6.360424028268551"
,"110","3.9305019305019306","36","259","570","9.297297297297296","1.5444015444015444","0.7722007722007722","0.7722007722007722","4.2471042471042475","110","4.1050583657587545","35","257","567","9.237354085603112","5.447470817120623","4.280155642023346","5.058365758754864","4.669260700389105","110","4.0144927536231885","25","276","577","9.355072463768115","5.797101449275362","2.536231884057971","2.898550724637681","4.7101449275362315","110","4.05685618729097","31","299","566","9.364548494983278","3.678929765886288","4.013377926421405","3.678929765886288","1.6722408026755853","110","4.028213166144201","40","319","718","9.191222570532915","2.5078369905956115","5.6426332288401255","4.38871473354232","4.075235109717869","110","4.030100334448161","25","299","596","9.424749163879598","7.357859531772576","5.68561872909699","2.3411371237458196","3.678929765886288","110","4.225352112676056","30","284","622","9.253521126760564","10.56338028169014","6.690140845070423","1.7605633802816902","9.507042253521126","110","4.016666666666667","26","300","660","9.393333333333333","2.3333333333333335","5.333333333333333","2.6666666666666665","5.333333333333333","110","4.192028985507246","31","276","655","9.376811594202898","5.072463768115942","7.246376811594203","6.521739130434782","4.3478260869565215","110","3.8964285714285714","29","280","689","9.407142857142857","7.857142857142857","2.5","1.0714285714285714","3.5714285714285716","110","4.003401360544218","33","294","664","9.306122448979592","0","0.3401360544217687","0.6802721088435374","0","110","3.977124183006536","31","306","693","9.104575163398692","0.32679738562091504","0","0","0","110","3.996282527881041","27","269","619","9.368029739776953","0.37174721189591076","0","0","0.37174721189591076","110","3.988593155893536","36","263","608","9.224334600760455","0","0.38022813688212925","0","0","110","3.992982456140351","39","285","686","9.256140350877192","0.3508771929824561","0","0","0","110","3.98828125","38","256","621","9.3359375","0.390625","0.390625","0.390625","0","110","3.9932432432432434","34","296","606","9.135135135135135","0","0","0.33783783783783783","0","110","4.007407407407407","21","270","626","9.407407407407407","0","0.37037037037037035","0.37037037037037035","0.37037037037037035","110","4.007220216606498","35","277","656","9.292418772563177","0.36101083032490977","0","0.36101083032490977","0","110","4","29","285","540","9.312280701754386","0","0","0","0","110","4.011627906976744","24","258","624","9.286821705426357","0","0","0","1.1627906976744187","110","4.011857707509882","28","253","586","9.1699604743083","0","0","0.3952569169960474","0.7905138339920948","110","3.99645390070922","40","282","632","9.163120567375886","0","0","0.7092198581560284","0","110","3.9966101694915253","33","295","623","9.145762711864407","0","0","0","0.3389830508474576","110","4.010169491525423","27","295","684","9.308474576271186","0","0","0.3389830508474576","0.6779661016949152","110","4.011278195488722","40","266","635","9.225563909774436","0","0","0","1.8796992481203008","110","4.006993006993007","39","286","627","9.265734265734265","0","0","0.34965034965034963","0.6993006993006993","110","4","34","271","653","9.129151291512915","0","0","0","0.36900369003690037","110","4.006666666666667","33","300","698","9.48","0.3333333333333333","0","0","0.3333333333333333","110","4","38","320","771","9.3625","0","0","0.3125","0","110","4.061728395061729","29","324","727","9.314814814814815","0","0","0","6.481481481481482","110","4.029739776951673","31","269","663","9.033457249070633","0","0","0.7434944237918215","3.345724907063197","110","4.013986013986014","19","286","588","9.398601398601398","0","0","0","1.3986013986013985","110","4.018518518518518","29","324","699","9.308641975308642","0","0","0.30864197530864196","1.5432098765432098","110","4.020689655172414","41","290","670","9.303448275862069","0","0","0","2.413793103448276","110","4.029801324503311","36","302","585","9.059602649006623","0","0","0.33112582781456956","2.980132450331126","110","4.0134228187919465","35","298","684","9.234899328859061","0","0","0","1.342281879194631","110","4.044444444444444","33","315","739","9.193650793650793","0","0","0.31746031746031744","4.126984126984127","110","4.022435897435898","38","312","716","9.33974358974359","0","0","0","2.5641025641025643","110","4.02846975088968","37","281","590","9.06049822064057","0","0","1.0676156583629892","2.1352313167259784"
,"111","3.9305019305019306","36","259","570","9.297297297297296","1.5444015444015444","0","0.7722007722007722","4.2471042471042475","111","4.1050583657587545","35","257","567","9.237354085603112","5.058365758754864","4.280155642023346","5.058365758754864","4.669260700389105","111","4.003623188405797","25","276","577","9.355072463768115","5.434782608695652","2.536231884057971","2.536231884057971","3.9855072463768115","111","4.057239057239057","32","297","566","9.292929292929292","3.7037037037037037","4.377104377104377","3.7037037037037037","1.3468013468013469","111","4.018867924528302","40","318","718","9.157232704402515","2.5157232704402515","5.660377358490566","4.40251572327044","3.459119496855346","111","4.030201342281879","26","298","596","9.389261744966444","7.382550335570469","5.704697986577181","2.348993288590604","3.6912751677852347","111","4.227758007117438","30","281","622","9.138790035587188","10.676156583629894","6.761565836298932","1.4234875444839858","9.9644128113879","111","4.03","26","300","660","9.393333333333333","2.3333333333333335","6","2.6666666666666665","5.666666666666667","111","4.197802197802198","32","273","655","9.260073260073261","5.128205128205129","7.326007326007326","6.593406593406593","4.395604395604396","111","3.9","29","280","689","9.407142857142857","7.857142857142857","2.5","1.4285714285714286","3.5714285714285716","111","4.010238907849829","34","293","664","9.26962457337884","0","0.3412969283276451","0.3412969283276451","0.3412969283276451","111","3.9934640522875817","31","306","693","9.104575163398692","0","0","0","0.6535947712418301","111","4.003717472118959","27","269","619","9.368029739776953","0.37174721189591076","0","0","0.37174721189591076","111","4.0038167938931295","36","262","608","9.19083969465649","0","0.3816793893129771","0","0.3816793893129771","111","3.9964664310954063","39","283","686","9.187279151943462","0","0","0","0","111","4","39","254","621","9.275590551181102","0.3937007874015748","0.3937007874015748","0","0","111","4.003401360544218","34","294","606","9.061224489795919","0","0","0.3401360544217687","0.3401360544217687","111","4.011152416356877","22","269","626","9.368029739776953","0","0","0","1.1152416356877324","111","4.007272727272727","36","275","656","9.214545454545455","0.36363636363636365","0","0.36363636363636365","0","111","4.003521126760563","29","284","540","9.274647887323944","0","0","0","0.352112676056338","111","4.007751937984496","24","258","624","9.286821705426357","0","0","0","0.7751937984496124","111","4.007936507936508","29","252","586","9.126984126984127","0","0","0","0.7936507936507936","111","4","41","281","632","9.124555160142348","0","0","0","0.35587188612099646","111","4.023728813559322","33","295","623","9.145762711864407","0","0","0","2.3728813559322033","111","4.013745704467354","29","291","684","9.161512027491408","0","0","0.3436426116838488","1.0309278350515463","111","4.022641509433963","40","265","635","9.184905660377359","0","0","0","3.018867924528302","111","4.003521126760563","41","284","627","9.190140845070422","0","0","0","0.352112676056338","111","4.022222222222222","34","270","653","9.103703703703705","0","0","0","2.2222222222222223","111","4.0033670033670035","34","297","698","9.373737373737374","0","0","0","0.3367003367003367","111","4.003125","38","320","771","9.3625","0","0","0.3125","0.3125","111","4.04320987654321","29","324","727","9.314814814814815","0","0","0","4.320987654320987","111","4.018587360594796","31","269","663","9.033457249070633","0","0","0","2.2304832713754648","111","4.017543859649122","19","285","588","9.36140350877193","0","0","0","1.7543859649122806","111","4.03405572755418","29","323","699","9.275541795665635","0","0","0","3.4055727554179565","111","4.031034482758621","41","290","670","9.303448275862069","0","0","0","3.4482758620689653","111","4.083056478405315","36","301","585","9.023255813953488","0","0","0","8.305647840531561","111","4.0369127516778525","35","298","684","9.234899328859061","0","0","0","3.6912751677852347","111","4.041666666666667","34","312","739","9.096153846153847","0","0","0","4.166666666666667","111","4.028938906752412","39","311","716","9.305466237942122","0","0","0","3.215434083601286","111","4.02491103202847","37","281","590","9.06049822064057","0","0","0.35587188612099646","2.1352313167259784"
,"112","3.9302325581395348","36","258","584","9.364341085271318","1.550387596899225","0","0.7751937984496124","4.263565891472868","112","4.1050583657587545","35","257","585","9.377431906614786","5.447470817120623","4.280155642023346","5.058365758754864","4.669260700389105","112","3.996376811594203","25","276","583","9.398550724637682","5.434782608695652","2.536231884057971","2.536231884057971","3.6231884057971016","112","4.054421768707483","32","294","586","9.319727891156463","3.741496598639456","4.081632653061225","3.741496598639456","1.3605442176870748","112","4.018867924528302","40","318","734","9.257861635220126","2.20125786163522","5.660377358490566","4.40251572327044","3.1446540880503147","112","4.030201342281879","26","298","613","9.503355704697986","7.382550335570469","5.704697986577181","2.348993288590604","3.6912751677852347","112","4.227758007117438","30","281","639","9.259786476868328","10.676156583629894","6.761565836298932","1.4234875444839858","9.9644128113879","112","4.036789297658863","26","299","668","9.411371237458194","2.3411371237458196","6.0200668896321075","2.6755852842809364","5.68561872909699","112","4.197802197802198","32","273","676","9.413919413919414","5.128205128205129","7.326007326007326","6.593406593406593","4.761904761904762","112","3.8960573476702507","29","279","704","9.476702508960573","7.885304659498208","2.5089605734767026","1.075268817204301","3.5842293906810037","112","4","34","293","676","9.351535836177474","0","0","0","0","112","3.9868852459016395","31","305","703","9.134426229508197","0","0","0","0","112","4.00374531835206","27","267","626","9.340823970037453","0.37453183520599254","0","0","0.37453183520599254","112","3.99618320610687","36","262","620","9.282442748091603","0","0","0","0","112","4","39","282","707","9.304964539007091","0","0","0","0","112","3.9960629921259843","39","254","634","9.377952755905511","0","0.3937007874015748","0","0","112","4","34","294","632","9.238095238095237","0","0","0.3401360544217687","0","112","4","23","267","639","9.400749063670412","0","0","0","0","112","4","38","273","677","9.28937728937729","0","0","0","0","112","4","30","283","554","9.335689045936396","0","0","0","0","112","4.007751937984496","24","258","629","9.325581395348838","0","0","0","0.7751937984496124","112","4.007936507936508","29","252","602","9.253968253968255","0","0","0","0.7936507936507936","112","4","42","280","651","9.221428571428572","0","0","0","0","112","4.003389830508475","33","295","634","9.220338983050848","0","0","0","0.3389830508474576","112","4.003460207612457","30","289","707","9.245674740484429","0","0","0","0.3460207612456747","112","4.0150943396226415","40","265","654","9.328301886792453","0","0","0","1.509433962264151","112","4.007042253521127","41","284","647","9.330985915492958","0","0","0","0.704225352112676","112","4.00374531835206","34","267","670","9.108614232209737","0","0","0","0.37453183520599254","112","4.003378378378378","35","296","718","9.472972972972974","0","0","0","0.33783783783783783","112","4","39","318","778","9.339622641509434","0","0","0.31446540880503143","0","112","4.05607476635514","31","321","740","9.29595015576324","0","0","0","5.607476635514018","112","4.026315789473684","31","266","678","9.06766917293233","0","0","0","3.007518796992481","112","4.01056338028169","20","284","599","9.401408450704226","0","0","0","1.056338028169014","112","4.009316770186335","29","322","720","9.372670807453416","0","0","0","0.9316770186335404","112","4.017361111111111","41","288","680","9.29861111111111","0","0","0","2.0833333333333335","112","4.04983388704319","36","301","608","9.17607973421927","0","0","0","4.983388704318937","112","4.016778523489933","35","298","698","9.328859060402685","0","0","0","1.6778523489932886","112","4.035369774919614","34","311","762","9.209003215434084","0","0","0","3.536977491961415","112","4.022653721682848","39","309","726","9.300970873786408","0","0","0","2.26537216828479","112","4.025089605734767","37","279","601","9.060931899641577","0","0","0.35842293906810035","2.150537634408602"
,"113","3.9299610894941632","37","257","584","9.330739299610896","1.556420233463035","0","0.7782101167315175","4.280155642023346","113","4.101960784313725","36","255","585","9.31764705882353","4.705882352941177","3.9215686274509802","5.098039215686274","4.705882352941177","113","4.007352941176471","26","272","583","9.242647058823529","5.514705882352941","2.573529411764706","2.573529411764706","4.044117647058823","113","4.0580204778157","33","293","586","9.283276450511945","3.7542662116040955","4.09556313993174","4.09556313993174","1.3651877133105803","113","4.018987341772152","41","316","734","9.189873417721518","2.5316455696202533","5.69620253164557","4.430379746835443","3.1645569620253164","113","4.03030303030303","27","297","613","9.468013468013469","7.407407407407407","5.723905723905724","2.356902356902357","3.7037037037037037","113","4.227758007117438","30","281","639","9.259786476868328","10.676156583629894","6.761565836298932","1.4234875444839858","9.9644128113879","113","4.036789297658863","26","299","668","9.411371237458194","2.3411371237458196","6.0200668896321075","2.6755852842809364","5.68561872909699","113","4.198529411764706","32","272","676","9.375","5.147058823529412","7.352941176470588","6.617647058823529","4.411764705882353","113","3.891696750902527","29","277","704","9.40072202166065","7.9422382671480145","2.527075812274368","0.7220216606498195","3.6101083032490973","113","4.0034246575342465","34","292","676","9.315068493150685","0","0","0","0.3424657534246575","113","3.9934426229508198","31","305","703","9.134426229508197","0","0","0","0.6557377049180327","113","4.003759398496241","28","266","626","9.300751879699249","0","0","0","0.37593984962406013","113","4.0038167938931295","36","262","620","9.282442748091603","0","0","0","0.3816793893129771","113","4","40","281","707","9.266903914590747","0","0","0","0","113","4","39","254","634","9.377952755905511","0","0","0","0","113","4.0034246575342465","34","292","632","9.178082191780822","0","0","0","0.3424657534246575","113","4.007518796992481","24","266","639","9.360902255639099","0","0","0","0.7518796992481203","113","4","38","273","677","9.28937728937729","0","0","0","0","113","4.00355871886121","31","281","554","9.259786476868328","0","0","0","0.35587188612099646","113","4.0078125","26","256","629","9.2421875","0","0","0","0.78125","113","4.007936507936508","29","252","602","9.253968253968255","0","0","0","0.7936507936507936","113","4.003597122302159","43","278","651","9.143884892086332","0","0","0","0.3597122302158273","113","4.023728813559322","33","295","634","9.220338983050848","0","0","0","2.3728813559322033","113","4.006944444444445","30","288","707","9.215277777777779","0","0","0","0.6944444444444444","113","4.034090909090909","40","264","654","9.287878787878787","0","0","0","3.409090909090909","113","4","41","283","647","9.293286219081272","0","0","0","0","113","4.022556390977444","34","266","670","9.06766917293233","0","0","0","2.255639097744361","113","4.003389830508475","36","295","718","9.43728813559322","0","0","0","0.3389830508474576","113","4.003154574132492","40","317","778","9.305993690851736","0","0","0.31545741324921134","0.31545741324921134","113","4.043887147335423","32","319","740","9.235109717868339","0","0","0","4.38871473354232","113","4.022813688212928","31","263","678","8.958174904942966","0","0","0","2.661596958174905","113","4.024734982332156","20","283","599","9.363957597173146","0","0","0","2.4734982332155475","113","4.03416149068323","29","322","720","9.372670807453416","0","0","0","3.4161490683229814","113","4.020905923344948","41","287","680","9.261324041811847","0","0","0","2.0905923344947737","113","4.080267558528428","37","299","608","9.103678929765886","0","0","0","8.02675585284281","113","4.026936026936027","35","297","698","9.292929292929292","0","0","0","2.6936026936026938","113","4.038585209003215","34","311","762","9.209003215434084","0","0","0","3.8585209003215435","113","4.032362459546926","39","309","726","9.300970873786408","0","0","0","3.236245954692557","113","4.028985507246377","37","276","601","8.942028985507246","0","0","0.36231884057971014","2.536231884057971"
,"114","3.929411764705882","37","255","584","9.24705882352941","1.5686274509803921","0","0.7843137254901961","4.313725490196078","114","4.101960784313725","36","255","585","9.31764705882353","4.705882352941177","3.9215686274509802","5.098039215686274","4.705882352941177","114","4","26","271","583","9.202952029520295","5.535055350553505","2.5830258302583027","2.5830258302583027","3.690036900369004","114","4.054607508532423","33","293","586","9.283276450511945","3.7542662116040955","4.09556313993174","3.7542662116040955","1.3651877133105803","114","4.019047619047619","42","315","734","9.155555555555555","2.2222222222222223","5.714285714285714","4.444444444444445","3.1746031746031744","114","4.030508474576271","27","295","613","9.396610169491526","7.4576271186440675","5.762711864406779","2.3728813559322033","3.7288135593220337","114","4.231046931407942","32","277","639","9.155234657039712","10.830324909747292","6.859205776173285","1.444043321299639","10.108303249097473","114","4.036789297658863","26","299","668","9.411371237458194","2.3411371237458196","6.0200668896321075","2.6755852842809364","5.68561872909699","114","4.198529411764706","32","272","676","9.375","5.147058823529412","7.352941176470588","6.617647058823529","4.779411764705882","114","3.891696750902527","29","277","704","9.40072202166065","7.9422382671480145","2.527075812274368","0.7220216606498195","3.6101083032490973","114","4","35","289","676","9.204152249134948","0","0","0","0","114","3.986754966887417","32","302","703","9.026490066225165","0","0","0","0","114","4.003802281368821","29","263","626","9.186311787072244","0","0","0","0.38022813688212925","114","4","36","259","620","9.158301158301159","0","0","0","0","114","4","40","281","707","9.266903914590747","0","0","0","0","114","4","39","253","634","9.34387351778656","0","0","0","0","114","4","34","290","632","9.117241379310345","0","0","0","0","114","4","24","265","639","9.320754716981131","0","0","0","0","114","4","39","271","677","9.210332103321033","0","0","0","0","114","4","32","279","554","9.182795698924732","0","0","0","0","114","4.0078125","26","256","629","9.2421875","0","0","0","0.78125","114","4.008","29","250","602","9.208","0","0","0","0.8","114","4","43","278","651","9.143884892086332","0","0","0","0","114","4.003401360544218","34","294","634","9.183673469387756","0","0","0","0.3401360544217687","114","4.006968641114983","30","287","707","9.177700348432056","0","0","0","0.6968641114982579","114","4.015325670498084","42","261","654","9.164750957854405","0","0","0","1.5325670498084292","114","4.003533568904594","41","283","647","9.293286219081272","0","0","0","0.35335689045936397","114","4.003759398496241","34","266","670","9.06766917293233","0","0","0","0.37593984962406013","114","4.003401360544218","36","294","718","9.401360544217686","0","0","0","0.3401360544217687","114","4","40","317","778","9.305993690851736","0","0","0","0","114","4.056426332288401","32","319","740","9.235109717868339","0","0","0","5.6426332288401255","114","4.019011406844107","31","263","678","8.958174904942966","0","0","0","2.2813688212927756","114","4.014134275618375","20","283","599","9.363957597173146","0","0","0","1.4134275618374559","114","4.021875","29","320","720","9.30625","0","0","0","2.1875","114","4.020905923344948","41","287","680","9.261324041811847","0","0","0","2.0905923344947737","114","4.033444816053512","37","299","608","9.103678929765886","0","0","0","3.3444816053511706","114","4.02020202020202","35","297","698","9.292929292929292","0","0","0","2.0202020202020203","114","4.032258064516129","34","310","762","9.174193548387096","0","0","0","3.225806451612903","114","4.022875816993464","41","306","726","9.196078431372548","0","0","0","2.287581699346405","114","4.0218181818181815","37","275","601","8.901818181818182","0","0","0","2.1818181818181817"
,"115","3.9291338582677167","37","254","602","9.346456692913385","1.5748031496062993","0","0.7874015748031497","4.330708661417323","115","4.110236220472441","37","254","604","9.4251968503937","4.724409448818897","3.937007874015748","5.118110236220472","5.118110236220472","115","4.007407407407407","26","270","603","9.318518518518518","5.555555555555555","2.5925925925925926","2.5925925925925926","4.074074074074074","115","4.054607508532423","33","293","602","9.392491467576791","3.7542662116040955","4.09556313993174","3.7542662116040955","1.3651877133105803","115","4.019108280254777","42","314","754","9.312101910828025","2.5477707006369426","5.732484076433121","4.45859872611465","3.1847133757961785","115","4.030612244897959","27","294","630","9.482993197278912","7.482993197278912","5.782312925170068","2.380952380952381","3.741496598639456","115","4.234657039711191","32","277","661","9.31407942238267","10.830324909747292","7.2202166064981945","1.444043321299639","10.108303249097473","115","4.0369127516778525","27","298","674","9.416107382550335","2.348993288590604","6.040268456375839","2.684563758389262","5.704697986577181","115","4.2","32","270","688","9.385185185185184","5.185185185185185","7.407407407407407","6.666666666666667","4.074074074074074","115","3.8949275362318843","29","276","721","9.485507246376812","7.971014492753623","2.536231884057971","0.7246376811594203","3.6231884057971016","115","4.003496503496503","36","286","701","9.265734265734265","0","0","0","0.34965034965034963","115","3.993333333333333","32","300","733","9.153333333333334","0","0","0","0.6666666666666666","115","4","29","261","647","9.264367816091953","0","0","0","0","115","4.003875968992248","37","258","641","9.279069767441861","0","0","0","0.3875968992248062","115","4","42","278","727","9.29496402877698","0","0","0","0","115","4","39","252","641","9.357142857142858","0","0","0","0","115","4.003460207612457","34","289","654","9.231833910034602","0","0","0","0.3460207612456747","115","4.007604562737643","25","263","659","9.391634980988593","0","0","0","0.7604562737642585","115","4","41","269","700","9.301115241635689","0","0","0","0","115","4.003610108303249","32","277","576","9.263537906137184","0","0","0","0.36101083032490977","115","4.0078740157480315","26","254","638","9.307086614173228","0","0","0","0.7874015748031497","115","4.008032128514056","30","249","613","9.261044176706827","0","0","0","0.8032128514056225","115","4.003597122302159","43","278","681","9.359712230215827","0","0","0","0.3597122302158273","115","4.02054794520548","34","292","649","9.212328767123287","0","0","0","2.0547945205479454","115","4.007017543859649","31","285","738","9.319298245614036","0","0","0","0.7017543859649122","115","4.026819923371647","42","261","673","9.310344827586206","0","0","0","2.681992337164751","115","4.007067137809187","41","283","662","9.39929328621908","0","0","0","0.7067137809187279","115","4.022641509433963","34","265","695","9.222641509433963","0","0","0","2.2641509433962264","115","4.003412969283277","37","293","734","9.474402730375427","0","0","0","0.3412969283276451","115","4.003164556962025","40","316","790","9.348101265822784","0","0","0","0.31645569620253167","115","4.031545741324921","34","317","761","9.299684542586752","0","0","0","3.1545741324921135","115","4.01937984496124","32","258","707","9.062015503875969","0","0","0","1.937984496124031","115","4.02491103202847","20","281","608","9.352313167259787","0","0","0","2.491103202846975","115","4.025","29","320","737","9.4125","0","0","0","2.5","115","4.031468531468532","42","286","698","9.34965034965035","0","0","0","3.1468531468531467","115","4.083612040133779","37","299","629","9.244147157190636","0","0","0","8.361204013377927","115","4.03030303030303","35","297","716","9.414141414141413","0","0","0","3.0303030303030303","115","4.035483870967742","34","310","781","9.296774193548387","0","0","0","3.5483870967741935","115","4.032786885245901","42","305","747","9.298360655737705","0","0","0","3.278688524590164","115","4.025454545454545","37","275","632","9.127272727272727","0","0","0","2.5454545454545454"
,"116","3.9285714285714284","37","252","602","9.26984126984127","1.5873015873015872","0","0.7936507936507936","4.365079365079365","116","4.106299212598425","37","254","604","9.4251968503937","4.724409448818897","3.937007874015748","5.118110236220472","4.724409448818897","116","4.007462686567164","27","268","603","9.238805970149254","5.597014925373134","2.611940298507463","2.611940298507463","3.7313432835820897","116","4.054794520547945","33","292","602","9.356164383561644","3.767123287671233","4.109589041095891","3.767123287671233","1.36986301369863","116","4.019108280254777","42","314","754","9.312101910828025","2.229299363057325","5.732484076433121","4.45859872611465","3.1847133757961785","116","4.030716723549488","28","293","630","9.447098976109215","7.508532423208191","5.802047781569966","2.3890784982935154","3.7542662116040955","116","4.231046931407942","32","277","661","9.31407942238267","10.830324909747292","6.859205776173285","1.444043321299639","10.108303249097473","116","4.037037037037037","28","297","674","9.38047138047138","2.356902356902357","6.0606060606060606","2.6936026936026938","5.723905723905724","116","4.200743494423792","32","269","688","9.345724907063197","5.204460966542751","7.434944237918216","6.691449814126394","4.089219330855019","116","3.894160583941606","30","274","721","9.408759124087592","7.664233576642336","2.5547445255474455","0.7299270072992701","3.6496350364963503","116","4","38","284","701","9.190140845070422","0","0","0","0","116","3.986666666666667","32","300","733","9.153333333333334","0","0","0","0","116","4.003831417624521","29","261","647","9.264367816091953","0","0","0","0.3831417624521073","116","4","38","256","641","9.234375","0","0","0","0","116","4","42","278","727","9.29496402877698","0","0","0","0","116","4","39","251","641","9.314741035856574","0","0","0","0","116","4","35","286","654","9.118881118881118","0","0","0","0","116","4","25","262","659","9.351145038167939","0","0","0","0","116","4","43","267","700","9.220973782771535","0","0","0","0","116","4","32","275","576","9.192727272727273","0","0","0","0","116","4.007905138339921","27","253","638","9.264822134387352","0","0","0","0.7905138339920948","116","4.008064516129032","30","248","613","9.21774193548387","0","0","0","0.8064516129032258","116","4","43","278","681","9.359712230215827","0","0","0","0","116","4.006896551724138","34","290","649","9.137931034482758","0","0","0","0.6896551724137931","116","4.007042253521127","31","284","738","9.28169014084507","0","0","0","0.704225352112676","116","4.022988505747127","42","261","673","9.310344827586206","0","0","0","2.2988505747126435","116","4.003533568904594","41","283","662","9.39929328621908","0","0","0","0.35335689045936397","116","4.003773584905661","34","265","695","9.222641509433963","0","0","0","0.37735849056603776","116","4.003412969283277","37","293","734","9.474402730375427","0","0","0","0.3412969283276451","116","4","40","316","790","9.348101265822784","0","0","0","0","116","4.041269841269841","34","315","761","9.238095238095237","0","0","0","4.126984126984127","116","4.027237354085603","32","257","707","9.019455252918288","0","0","0","2.7237354085603114","116","4.01779359430605","20","281","608","9.352313167259787","0","0","0","1.7793594306049823","116","4.0125","29","320","737","9.4125","0","0","0","1.25","116","4.014035087719298","42","285","698","9.312280701754386","0","0","0","1.4035087719298245","116","4.026755852842809","37","299","629","9.244147157190636","0","0","0","2.6755852842809364","116","4.02020202020202","35","297","716","9.414141414141413","0","0","0","2.0202020202020203","116","4.029126213592233","34","309","781","9.262135922330097","0","0","0","2.912621359223301","116","4.00983606557377","42","305","747","9.298360655737705","0","0","0","0.9836065573770492","116","4.0218181818181815","37","275","632","9.127272727272727","0","0","0","2.1818181818181817"
,"117","3.9285714285714284","37","252","602","9.26984126984127","1.5873015873015872","0","0.7936507936507936","4.365079365079365","117","4.103174603174603","37","252","604","9.34920634920635","4.365079365079365","3.9682539682539684","5.158730158730159","4.761904761904762","117","4.02621722846442","28","267","603","9.213483146067416","5.617977528089888","2.6217228464419478","2.6217228464419478","4.119850187265918","117","4.054794520547945","33","292","602","9.356164383561644","3.767123287671233","4.109589041095891","3.767123287671233","1.36986301369863","117","4.025477707006369","42","314","754","9.312101910828025","2.5477707006369426","5.732484076433121","4.45859872611465","3.1847133757961785","117","4.030821917808219","28","292","630","9.431506849315069","7.534246575342466","5.821917808219178","2.3972602739726026","3.767123287671233","117","4.231046931407942","32","277","661","9.31407942238267","10.830324909747292","6.859205776173285","1.444043321299639","10.108303249097473","117","4.037037037037037","28","297","674","9.38047138047138","2.356902356902357","6.0606060606060606","2.6936026936026938","5.723905723905724","117","4.200743494423792","32","269","688","9.345724907063197","5.204460966542751","7.434944237918216","6.691449814126394","3.717472118959108","117","3.8974358974358974","30","273","721","9.36996336996337","7.326007326007326","2.5641025641025643","0.7326007326007326","3.663003663003663","117","4.003533568904594","39","283","701","9.151943462897526","0","0","0","0.35335689045936397","117","3.9933110367892977","32","299","733","9.117056856187292","0","0","0","0.6688963210702341","117","4","30","257","647","9.14396887159533","0","0","0","0","117","4.00390625","38","256","641","9.234375","0","0","0","0.390625","117","4","42","278","727","9.29496402877698","0","0","0","0","117","4","39","250","641","9.272","0","0","0","0","117","4.003521126760563","37","284","654","9.04225352112676","0","0","0","0.352112676056338","117","4.007662835249042","25","261","659","9.310344827586206","0","0","0","0.7662835249042146","117","4","44","265","700","9.154716981132076","0","0","0","0","117","4.003636363636364","32","275","576","9.192727272727273","0","0","0","0.36363636363636365","117","4.007905138339921","27","253","638","9.264822134387352","0","0","0","0.7905138339920948","117","4.008064516129032","30","248","613","9.21774193548387","0","0","0","0.8064516129032258","117","4.003597122302159","43","278","681","9.359712230215827","0","0","0","0.3597122302158273","117","4.020833333333333","34","288","649","9.0625","0","0","0","2.0833333333333335","117","4.007067137809187","32","283","738","9.250883392226148","0","0","0","0.7067137809187279","117","4.0310077519379846","44","258","673","9.186046511627907","0","0","0","3.10077519379845","117","4.00709219858156","41","282","662","9.361702127659575","0","0","0","0.7092198581560284","117","4.022641509433963","34","265","695","9.222641509433963","0","0","0","2.2641509433962264","117","4.0034364261168385","38","291","734","9.422680412371134","0","0","0","0.3436426116838488","117","4.003174603174603","41","315","790","9.314285714285715","0","0","0","0.31746031746031744","117","4.044585987261146","34","314","761","9.203821656050955","0","0","0","4.45859872611465","117","4.011673151750973","32","257","707","9.019455252918288","0","0","0","1.1673151750972763","117","4.021428571428571","20","280","608","9.314285714285715","0","0","0","2.142857142857143","117","4.031446540880503","30","318","737","9.345911949685535","0","0","0","3.1446540880503147","117","4.024647887323944","43","284","698","9.274647887323944","0","0","0","2.464788732394366","117","4.084175084175084","38","297","629","9.185185185185185","0","0","0","8.417508417508417","117","4.030405405405405","35","296","716","9.378378378378379","0","0","0","3.0405405405405403","117","4.042345276872964","36","307","781","9.192182410423452","0","0","0","4.234527687296417","117","4.046052631578948","43","304","747","9.263157894736842","0","0","0","4.605263157894737","117","4.025454545454545","37","275","632","9.127272727272727","0","0","0","2.5454545454545454"
,"118","3.9322709163346614","37","251","625","9.410358565737052","1.593625498007968","0","0.796812749003984","4.382470119521912","118","4.107569721115538","37","251","620","9.48207171314741","4.780876494023905","3.585657370517928","5.179282868525896","4.780876494023905","118","4.015037593984962","28","266","625","9.338345864661655","5.639097744360902","2.6315789473684212","2.6315789473684212","3.7593984962406015","118","4.054982817869416","34","291","612","9.38831615120275","3.7800687285223367","4.123711340206185","3.7800687285223367","1.3745704467353952","118","4.012861736334405","44","311","766","9.286173633440514","2.2508038585209005","5.787781350482315","4.180064308681672","3.215434083601286","118","4.030821917808219","28","292","640","9.5","7.534246575342466","5.821917808219178","2.3972602739726026","3.767123287671233","118","4.225454545454546","32","275","676","9.396363636363636","10.545454545454545","6.545454545454546","1.0909090909090908","10.181818181818182","118","4.040955631399317","28","293","688","9.34470989761092","2.3890784982935154","6.143344709897611","2.7303754266211606","5.802047781569966","118","4.205223880597015","32","268","703","9.417910447761194","5.223880597014926","7.462686567164179","6.7164179104477615","4.104477611940299","118","3.901098901098901","30","273","739","9.501831501831502","7.6923076923076925","2.5641025641025643","0.7326007326007326","3.663003663003663","118","4","39","283","736","9.39929328621908","0","0","0","0","118","3.9866220735785953","32","299","753","9.250836120401338","0","0","0","0","118","4.003891050583658","30","257","674","9.354085603112841","0","0","0","0.38910505836575876","118","4","38","256","657","9.359375","0","0","0","0","118","4","42","277","746","9.393501805054152","0","0","0","0","118","4","39","250","654","9.376","0","0","0","0","118","4","37","284","687","9.274647887323944","0","0","0","0","118","4","25","259","681","9.428571428571429","0","0","0","0","118","4","44","265","727","9.358490566037736","0","0","0","0","118","4","32","275","608","9.425454545454546","0","0","0","0","118","4.008064516129032","28","248","656","9.193548387096774","0","0","0","0.8064516129032258","118","4.008130081300813","31","246","629","9.260162601626016","0","0","0","0.8130081300813008","118","4","43","277","689","9.379061371841155","0","0","0","0","118","4.006944444444445","34","288","682","9.291666666666666","0","0","0","0.6944444444444444","118","4.007067137809187","32","283","766","9.448763250883392","0","0","0","0.7067137809187279","118","4.01937984496124","44","258","698","9.37984496124031","0","0","0","1.937984496124031","118","4.00354609929078","41","282","676","9.460992907801419","0","0","0","0.3546099290780142","118","4.003773584905661","34","265","708","9.320754716981131","0","0","0","0.37735849056603776","118","4.003448275862069","39","290","756","9.537931034482758","0","0","0","0.3448275862068966","118","4","42","313","807","9.354632587859426","0","0","0","0","118","4.035031847133758","34","314","789","9.382165605095542","0","0","0","3.5031847133757963","118","4.019685039370079","33","254","732","9.086614173228346","0","0","0","1.968503937007874","118","4.017921146953405","20","279","626","9.405017921146953","0","0","0","1.7921146953405018","118","4.012698412698413","30","315","753","9.35873015873016","0","0","0","1.2698412698412698","118","4.014084507042254","43","284","717","9.408450704225352","0","0","0","1.408450704225352","118","4.033783783783784","38","296","648","9.277027027027026","0","0","0","3.3783783783783785","118","4.020408163265306","36","294","730","9.401360544217686","0","0","0","2.0408163265306123","118","4.026058631921824","36","307","797","9.296416938110749","0","0","0","2.6058631921824102","118","4.016447368421052","43","304","767","9.394736842105264","0","0","0","1.644736842105263","118","4.021897810218978","38","274","648","9.204379562043796","0","0","0","2.18978102189781"
,"119","3.936","37","250","625","9.368","1.6","0","0.8","4.4","119","4.103585657370518","37","251","620","9.48207171314741","4.382470119521912","3.187250996015936","5.179282868525896","4.780876494023905","119","4.026415094339622","29","265","625","9.29811320754717","5.660377358490566","2.641509433962264","2.641509433962264","4.150943396226415","119","4.054982817869416","34","291","612","9.38831615120275","3.7800687285223367","4.123711340206185","3.7800687285223367","1.3745704467353952","119","4.009677419354839","45","310","766","9.258064516129032","2.2580645161290325","5.806451612903226","3.870967741935484","3.225806451612903","119","4.030927835051546","28","291","640","9.470790378006873","7.560137457044673","5.841924398625429","2.4054982817869415","3.7800687285223367","119","4.2226277372262775","32","274","676","9.357664233576642","10.583941605839415","6.204379562043796","0.7299270072992701","10.218978102189782","119","4.044368600682594","28","293","688","9.34470989761092","2.3890784982935154","6.143344709897611","2.7303754266211606","5.802047781569966","119","4.2209737827715355","33","267","703","9.378277153558052","5.617977528089888","7.49063670411985","6.741573033707865","3.745318352059925","119","3.8970588235294117","30","272","739","9.463235294117647","7.720588235294118","2.573529411764706","0.7352941176470589","3.676470588235294","119","4.00354609929078","39","282","736","9.361702127659575","0","0","0","0.3546099290780142","119","3.9933110367892977","32","299","753","9.250836120401338","0","0","0","0.6688963210702341","119","4","31","252","674","9.214285714285714","0","0","0","0","119","4.00390625","38","256","657","9.359375","0","0","0","0.390625","119","4","43","276","746","9.355072463768115","0","0","0","0","119","4","39","247","654","9.246963562753036","0","0","0","0","119","4.00355871886121","40","281","687","9.167259786476869","0","0","0","0.35587188612099646","119","4.007782101167315","26","257","681","9.346303501945526","0","0","0","0.7782101167315175","119","4","45","263","727","9.338403041825096","0","0","0","0","119","4.0036496350364965","32","274","608","9.394160583941606","0","0","0","0.36496350364963503","119","4.008064516129032","28","248","656","9.193548387096774","0","0","0","0.8064516129032258","119","4.008130081300813","31","246","629","9.260162601626016","0","0","0","0.8130081300813008","119","4.003636363636364","45","275","689","9.316363636363636","0","0","0","0.36363636363636365","119","4.020833333333333","34","288","682","9.291666666666666","0","0","0","2.0833333333333335","119","4.00709219858156","32","282","766","9.411347517730496","0","0","0","0.7092198581560284","119","4.0310077519379846","44","258","698","9.37984496124031","0","0","0","3.10077519379845","119","4.00711743772242","41","281","676","9.423487544483987","0","0","0","0.7117437722419929","119","4.022641509433963","34","265","708","9.320754716981131","0","0","0","2.2641509433962264","119","4.003508771929824","42","285","756","9.368421052631579","0","0","0","0.3508771929824561","119","4.003194888178914","42","313","807","9.354632587859426","0","0","0","0.3194888178913738","119","4.035256410256411","34","312","789","9.320512820512821","0","0","0","3.5256410256410255","119","4.011811023622047","33","254","732","9.086614173228346","0","0","0","1.1811023622047243","119","4.018050541516246","21","277","626","9.328519855595667","0","0","0","1.8050541516245486","119","4.025396825396825","30","315","753","9.35873015873016","0","0","0","2.5396825396825395","119","4.028268551236749","43","283","717","9.371024734982333","0","0","0","2.8268551236749118","119","4.087837837837838","38","296","648","9.277027027027026","0","0","0","8.783783783783784","119","4.0272108843537415","36","294","730","9.401360544217686","0","0","0","2.7210884353741496","119","4.04885993485342","36","307","797","9.296416938110749","0","0","0","4.88599348534202","119","4.0364238410596025","44","302","767","9.324503311258278","0","0","0","3.642384105960265","119","4.0256410256410255","39","273","648","9.164835164835164","0","0","0","2.5641025641025643"
,"120","3.931726907630522","37","249","625","9.333333333333334","1.2048192771084338","0","0.8032128514056225","4.417670682730924","120","4.108","38","250","620","9.44","4.8","3.2","5.2","4.8","120","4.019011406844107","29","263","625","9.224334600760455","5.7034220532319395","2.661596958174905","3.041825095057034","3.802281368821293","120","4.054982817869416","34","291","612","9.38831615120275","3.7800687285223367","4.123711340206185","3.7800687285223367","1.3745704467353952","120","4.009708737864078","46","309","766","9.223300970873787","2.26537216828479","5.825242718446602","3.883495145631068","3.236245954692557","120","4.034602076124568","30","289","640","9.397923875432525","7.612456747404845","5.882352941176471","2.422145328719723","3.8062283737024223","120","4.22140221402214","32","271","676","9.284132841328413","10.70110701107011","6.273062730627307","0.7380073800738007","9.96309963099631","120","4.044520547945205","28","292","688","9.308219178082192","2.3972602739726026","6.164383561643835","2.73972602739726","5.821917808219178","120","4.217228464419476","33","267","703","9.378277153558052","5.2434456928838955","7.49063670411985","6.741573033707865","4.119850187265918","120","3.9003690036900367","30","271","739","9.431734317343173","7.749077490774908","2.5830258302583027","0.7380073800738007","3.690036900369004","120","4","39","282","736","9.361702127659575","0","0","0","0","120","3.9866220735785953","32","299","753","9.250836120401338","0","0","0","0","120","4.00398406374502","31","251","674","9.187250996015937","0","0","0","0.398406374501992","120","4","38","254","657","9.338582677165354","0","0","0","0","120","4","43","276","746","9.355072463768115","0","0","0","0","120","4","39","247","654","9.246963562753036","0","0","0","0","120","4","40","281","687","9.167259786476869","0","0","0","0","120","4","26","257","681","9.346303501945526","0","0","0","0","120","4","45","262","727","9.32824427480916","0","0","0","0","120","4","32","273","608","9.355311355311356","0","0","0","0","120","4.008064516129032","28","248","656","9.193548387096774","0","0","0","0.8064516129032258","120","4.0081632653061225","32","245","629","9.224489795918368","0","0","0","0.8163265306122449","120","4","45","274","689","9.277372262773723","0","0","0","0","120","4.006968641114983","34","287","682","9.254355400696864","0","0","0","0.6968641114982579","120","4.00711743772242","32","281","766","9.380782918149466","0","0","0","0.7117437722419929","120","4.01556420233463","44","257","698","9.377431906614786","0","0","0","1.556420233463035","120","4.00355871886121","41","281","676","9.423487544483987","0","0","0","0.35587188612099646","120","4.003773584905661","34","265","708","9.320754716981131","0","0","0","0.37735849056603776","120","4.003508771929824","42","285","756","9.368421052631579","0","0","0","0.3508771929824561","120","4","42","312","807","9.320512820512821","0","0","0","0","120","4.041666666666667","34","312","789","9.320512820512821","0","0","0","4.166666666666667","120","4.015748031496063","33","254","732","9.086614173228346","0","0","0","1.5748031496062993","120","4.0144927536231885","21","276","626","9.289855072463768","0","0","0","1.4492753623188406","120","4.016077170418006","30","311","753","9.254019292604502","0","0","0","1.607717041800643","120","4.00354609929078","43","282","717","9.333333333333334","0","0","0","0.3546099290780142","120","4.023809523809524","39","294","648","9.204081632653061","0","0","0","2.380952380952381","120","4.023809523809524","36","294","730","9.401360544217686","0","0","0","2.380952380952381","120","4.026143790849673","36","306","797","9.281045751633988","0","0","0","2.6143790849673203","120","4.016722408026756","44","299","767","9.217391304347826","0","0","0","1.6722408026755853","120","4.018382352941177","40","272","648","9.132352941176471","0","0","0","1.838235294117647"
