"BehaviorSpace results (NetLogo 7.0.2)","Table version 2.0"
"CVD_Risk_Behaviour_1.nlogox"
"wf_sweep"
"07/24/2026 02:00:29:408 +0530"
"min-pxcor","max-pxcor","min-pycor","max-pycor"
"-16","16","-16","16"
"[run number]","influence_weight_friend","[step]","report-mean-risk","death-count","count people","rewiring-events","report-mean-friends"
"1","0.25","0","4.170940170940171","0","234","0","9.2991452991453"
"6","0.25","0","4.004329004329004","0","231","0","9.090909090909092"
"2","0.25","0","3.9628099173553717","0","242","0","9.223140495867769"
"4","0.25","0","3.9696969696969697","0","231","0","9.229437229437229"
"3","0.25","0","4.016","0","250","0","9.112"
"5","0.25","0","4.086792452830188","0","265","0","9.222641509433963"
"1","0.25","1","4.153846153846154","0","234","21","9.478632478632479"
"6","0.25","1","4.065217391304348","0","230","23","9.243478260869566"
"1","0.25","2","4.072649572649572","0","234","21","9.478632478632479"
"6","0.25","2","4.082608695652174","0","230","23","9.243478260869566"
"4","0.25","1","3.9220779220779223","0","231","25","9.445887445887445"
"1","0.25","3","4.068376068376068","0","234","21","9.478632478632479"
"2","0.25","1","4.1","0","240","17","9.275"
"6","0.25","3","4.08296943231441","0","229","23","9.196506550218341"
"3","0.25","1","4.028112449799197","0","249","30","9.325301204819278"
"4","0.25","2","3.8956521739130436","1","230","25","9.4"
"3","0.25","2","4.008032128514056","0","249","30","9.325301204819278"
"2","0.25","2","4.0625","0","240","17","9.275"
"5","0.25","1","4.052830188679246","0","265","30","9.449056603773585"
"4","0.25","3","3.9","1","230","25","9.4"
"1","0.25","4","4.0606060606060606","0","231","31","9.428571428571429"
"2","0.25","3","4.0625","0","240","17","9.275"
"5","0.25","2","4.037878787878788","1","264","30","9.409090909090908"
"3","0.25","3","4.008064516129032","0","248","30","9.28225806451613"
"1","0.25","5","4.0562770562770565","0","231","31","9.428571428571429"
"6","0.25","4","4.078602620087336","0","229","43","9.37117903930131"
"5","0.25","3","4.03030303030303","1","264","30","9.409090909090908"
"1","0.25","6","4.0562770562770565","0","231","31","9.428571428571429"
"6","0.25","5","4.074561403508772","0","228","43","9.333333333333334"
"4","0.25","4","3.9","1","230","41","9.539130434782608"
"6","0.25","6","4.070796460176991","0","226","43","9.238938053097344"
"2","0.25","4","4.0625","0","240","41","9.475"
"4","0.25","5","3.8995633187772927","2","229","41","9.493449781659388"
"2","0.25","5","4.0625","0","240","41","9.475"
"1","0.25","7","4.0562770562770565","0","231","47","9.567099567099566"
"2","0.25","6","4.063025210084033","0","238","41","9.394957983193278"
"3","0.25","4","4.008097165991903","0","247","56","9.481781376518219"
"4","0.25","6","3.8991228070175437","2","228","41","9.482456140350877"
"5","0.25","4","4.034351145038168","1","262","47","9.458015267175572"
"1","0.25","8","4.0562770562770565","0","231","47","9.567099567099566"
"3","0.25","5","4.004081632653061","0","245","56","9.395918367346939"
"1","0.25","9","4.056521739130435","0","230","47","9.521739130434783"
"6","0.25","7","4.070796460176991","0","226","73","9.504424778761061"
"5","0.25","5","4.030769230769231","2","260","47","9.384615384615385"
"3","0.25","6","4.004115226337449","1","243","56","9.308641975308642"
"6","0.25","8","4.070796460176991","0","226","73","9.504424778761061"
"5","0.25","6","4.038910505836576","3","257","47","9.29182879377432"
"4","0.25","7","3.8991228070175437","2","228","60","9.649122807017545"
"6","0.25","9","4.071111111111111","0","225","73","9.466666666666667"
"2","0.25","7","4.063025210084033","0","238","57","9.529411764705882"
"4","0.25","8","3.898678414096916","2","227","60","9.603524229074889"
"1","0.25","10","4.056521739130435","0","230","58","9.617391304347827"
"4","0.25","9","3.898678414096916","2","227","60","9.603524229074889"
"2","0.25","8","4.063025210084033","0","238","57","9.529411764705882"
"3","0.25","7","4","2","242","87","9.520661157024794"
"1","0.25","11","4.057017543859649","1","228","58","9.526315789473685"
"2","0.25","9","4.063025210084033","0","238","57","9.529411764705882"
"3","0.25","8","4","2","242","87","9.520661157024794"
"1","0.25","12","4.057017543859649","1","228","58","9.526315789473685"
"5","0.25","7","4.03921568627451","3","255","72","9.427450980392157"
"6","0.25","10","4.071428571428571","0","224","85","9.526785714285714"
"3","0.25","9","4","2","242","87","9.520661157024794"
"5","0.25","8","4.03921568627451","3","255","72","9.427450980392157"
"4","0.25","10","3.898678414096916","2","227","67","9.665198237885463"
"6","0.25","11","4.071748878923767","1","223","85","9.488789237668161"
"4","0.25","11","3.898678414096916","2","227","67","9.665198237885463"
"5","0.25","9","4.03921568627451","3","255","72","9.427450980392157"
"2","0.25","10","4.063025210084033","0","238","65","9.596638655462185"
"6","0.25","12","4.071748878923767","1","223","85","9.488789237668161"
"4","0.25","12","3.898678414096916","2","227","67","9.665198237885463"
"3","0.25","10","4","2","240","100","9.541666666666666"
"2","0.25","11","4.0548523206751055","0","237","65","9.569620253164556"
"3","0.25","11","4","2","240","100","9.541666666666666"
"2","0.25","12","4.046610169491525","0","236","65","9.525423728813559"
"1","0.25","13","3.822314049586777","1","242","68","9.446280991735538"
"1","0.25","14","4.066115702479339","1","242","68","9.446280991735538"
"3","0.25","12","4.004201680672269","3","238","100","9.453781512605042"
"5","0.25","10","4.03921568627451","3","255","91","9.576470588235294"
"1","0.25","15","4.066390041493776","1","241","68","9.402489626556017"
"6","0.25","13","3.661290322580645","1","248","100","9.153225806451612"
"5","0.25","11","4.039370078740157","3","254","91","9.535433070866143"
"4","0.25","13","3.7016806722689077","2","238","72","9.453781512605042"
"5","0.25","12","4.0395256916996045","4","253","91","9.494071146245059"
"6","0.25","14","4.032258064516129","1","248","100","9.153225806451612"
"4","0.25","14","3.9327731092436973","2","238","72","9.453781512605042"
"6","0.25","15","4.036290322580645","1","248","100","9.153225806451612"
"4","0.25","15","3.923404255319149","2","235","72","9.327659574468084"
"2","0.25","13","3.7848605577689245","0","251","80","9.450199203187251"
"1","0.25","16","4.066945606694561","2","239","77","9.389121338912133"
"2","0.25","14","4.088","0","250","80","9.408"
"1","0.25","17","4.071729957805907","2","237","77","9.324894514767932"
"2","0.25","15","4.092","0","250","80","9.408"
"6","0.25","16","4.040650406504065","1","246","109","9.138211382113822"
"3","0.25","13","3.6374045801526718","3","262","120","9.320610687022901"
"4","0.25","16","3.923404255319149","2","235","82","9.412765957446808"
"1","0.25","18","4.071729957805907","2","237","77","9.324894514767932"
"3","0.25","14","3.9618320610687023","3","262","120","9.320610687022901"
"6","0.25","17","4.040816326530612","2","245","109","9.118367346938776"
"6","0.25","18","4.040983606557377","2","244","109","9.073770491803279"
"4","0.25","17","3.923076923076923","2","234","82","9.367521367521368"
"3","0.25","15","3.946564885496183","3","262","120","9.320610687022901"
"2","0.25","16","4.092741935483871","0","248","87","9.379032258064516"
"5","0.25","13","3.65","4","280","105","9.15"
"4","0.25","18","3.9267241379310347","2","232","82","9.275862068965518"
"2","0.25","17","4.096774193548387","0","248","87","9.379032258064516"
"5","0.25","14","4.078853046594982","4","279","105","9.118279569892474"
"1","0.25","19","4.072033898305085","2","236","88","9.372881355932204"
"2","0.25","18","4.096774193548387","0","248","87","9.379032258064516"
"5","0.25","15","4.075268817204301","4","279","105","9.118279569892474"
"1","0.25","20","4.076923076923077","2","234","88","9.282051282051283"
"3","0.25","16","3.946564885496183","3","262","133","9.419847328244275"
"6","0.25","19","4.037344398340249","3","241","125","9.112033195020746"
"1","0.25","21","4.081545064377682","2","233","88","9.253218884120171"
"6","0.25","20","4.041666666666667","4","240","125","9.066666666666666"
"3","0.25","17","3.946564885496183","3","262","133","9.419847328244275"
"4","0.25","19","3.9267241379310347","2","232","103","9.456896551724139"
"2","0.25","19","4.105263157894737","0","247","100","9.441295546558704"
"6","0.25","21","4.0375","4","240","125","9.066666666666666"
"3","0.25","18","3.946564885496183","3","262","133","9.419847328244275"
"5","0.25","16","4.075812274368231","4","277","112","9.090252707581227"
"4","0.25","20","3.9267241379310347","2","232","103","9.456896551724139"
"2","0.25","20","4.1016260162601625","0","246","100","9.398373983739837"
"5","0.25","17","4.072463768115942","4","276","112","9.05072463768116"
"4","0.25","21","3.9267241379310347","2","232","103","9.456896551724139"
"1","0.25","22","4.081896551724138","2","232","111","9.405172413793103"
"2","0.25","21","4.10655737704918","0","244","100","9.311475409836065"
"5","0.25","18","4.072463768115942","4","276","112","9.05072463768116"
"1","0.25","23","4.082251082251083","2","231","111","9.35930735930736"
"3","0.25","19","3.946564885496183","3","262","140","9.473282442748092"
"6","0.25","22","4.046218487394958","5","238","149","9.176470588235293"
"1","0.25","24","4.08296943231441","2","229","111","9.266375545851528"
"3","0.25","20","3.9461538461538463","3","260","140","9.392307692307693"
"6","0.25","23","4.059071729957806","5","237","149","9.130801687763713"
"4","0.25","22","3.9264069264069263","2","231","110","9.471861471861471"
"6","0.25","24","4.055084745762712","5","236","149","9.084745762711865"
"4","0.25","23","3.9264069264069263","2","231","110","9.471861471861471"
"3","0.25","21","3.9498069498069497","3","259","140","9.35135135135135"
"2","0.25","22","4.099173553719008","1","242","113","9.363636363636363"
"4","0.25","24","3.9264069264069263","2","231","110","9.471861471861471"
"5","0.25","19","4.076363636363636","4","275","134","9.170909090909092"
"2","0.25","23","4.095041322314049","1","242","113","9.363636363636363"
"5","0.25","20","4.076642335766423","4","274","134","9.138686131386862"
"2","0.25","24","4.095041322314049","1","242","113","9.363636363636363"
"5","0.25","21","4.076642335766423","4","274","134","9.138686131386862"
"1","0.25","25","3.831275720164609","2","243","140","9.300411522633745"
"3","0.25","22","3.9498069498069497","3","259","153","9.451737451737452"
"6","0.25","25","3.8514056224899598","5","249","166","9.228915662650602"
"1","0.25","26","4.078189300411522","2","243","140","9.300411522633745"
"3","0.25","23","3.9498069498069497","3","259","153","9.451737451737452"
"4","0.25","25","3.7008196721311477","2","244","116","9.30327868852459"
"6","0.25","26","4.080321285140562","5","249","166","9.228915662650602"
"1","0.25","27","4.078512396694215","2","242","140","9.256198347107437"
"3","0.25","24","3.9498069498069497","3","259","153","9.451737451737452"
"4","0.25","26","3.9794238683127574","3","243","116","9.25925925925926"
"6","0.25","27","4.088353413654619","5","249","166","9.228915662650602"
"5","0.25","22","4.077205882352941","5","272","149","9.176470588235293"
"4","0.25","27","3.9794238683127574","3","243","116","9.25925925925926"
"2","0.25","25","3.8814229249011856","2","253","126","9.320158102766799"
"5","0.25","23","4.077205882352941","5","272","149","9.176470588235293"
"1","0.25","28","4.078512396694215","2","242","150","9.338842975206612"
"6","0.25","28","4.088353413654619","5","249","182","9.357429718875501"
"5","0.25","24","4.077490774907749","5","271","149","9.136531365313653"
"2","0.25","26","4.118577075098814","2","253","126","9.320158102766799"
"4","0.25","28","3.9876543209876543","3","243","122","9.308641975308642"
"1","0.25","29","4.078512396694215","2","242","150","9.338842975206612"
"2","0.25","27","4.122529644268774","2","253","126","9.320158102766799"
"6","0.25","29","4.089068825910931","5","247","182","9.319838056680162"
"1","0.25","30","4.079166666666667","2","240","150","9.25"
"4","0.25","29","3.987603305785124","3","242","122","9.305785123966942"
"3","0.25","25","3.774074074074074","3","270","158","9.362962962962962"
"6","0.25","30","4.089068825910931","5","247","182","9.319838056680162"
"4","0.25","30","3.987551867219917","3","241","122","9.261410788381744"
"3","0.25","26","3.9703703703703703","3","270","158","9.362962962962962"
"3","0.25","27","3.974074074074074","3","270","158","9.362962962962962"
"2","0.25","28","4.115537848605578","3","251","134","9.298804780876495"
"1","0.25","31","4.079166666666667","2","240","167","9.391666666666667"
"6","0.25","31","4.093117408906883","5","247","191","9.392712550607287"
"2","0.25","29","4.115537848605578","3","251","134","9.298804780876495"
"6","0.25","32","4.089068825910931","5","247","191","9.392712550607287"
"1","0.25","32","4.079166666666667","2","240","167","9.391666666666667"
"2","0.25","30","4.112","3","250","134","9.256"
"6","0.25","33","4.089068825910931","5","247","191","9.392712550607287"
"4","0.25","31","3.9831932773109244","4","238","131","9.201680672268907"
"1","0.25","33","4.079166666666667","2","240","167","9.391666666666667"
"5","0.25","25","3.678929765886288","6","299","170","9.143812709030101"
"3","0.25","28","3.9738805970149254","3","268","162","9.313432835820896"
"4","0.25","32","3.9831223628691985","4","237","131","9.156118143459915"
"5","0.25","26","4.077181208053691","6","298","170","9.10738255033557"
"4","0.25","33","3.983050847457627","4","236","131","9.110169491525424"
"3","0.25","29","3.9700374531835205","3","267","162","9.273408239700375"
"6","0.25","34","4.089795918367347","6","245","199","9.379591836734694"
"5","0.25","27","4.074074074074074","6","297","170","9.070707070707071"
"3","0.25","30","3.969924812030075","3","266","162","9.233082706766917"
"2","0.25","31","4.105263157894737","3","247","145","9.319838056680162"
"6","0.25","35","4.094262295081967","7","244","199","9.336065573770492"
"1","0.25","34","4.079497907949791","3","239","171","9.380753138075313"
"6","0.25","36","4.102459016393443","7","244","199","9.336065573770492"
"2","0.25","32","4.109311740890688","3","247","145","9.319838056680162"
"1","0.25","35","4.079831932773109","3","238","171","9.336134453781513"
"2","0.25","33","4.109311740890688","3","247","145","9.319838056680162"
"4","0.25","34","3.98728813559322","4","236","155","9.313559322033898"
"4","0.25","35","3.9914529914529915","4","234","155","9.222222222222221"
"3","0.25","31","3.969924812030075","3","266","181","9.37593984962406"
"4","0.25","36","3.9869565217391303","5","230","155","9.034782608695652"
"5","0.25","28","4.074074074074074","6","297","182","9.151515151515152"
"3","0.25","32","3.969924812030075","3","266","181","9.37593984962406"
"2","0.25","34","4.1020408163265305","3","245","156","9.371428571428572"
"6","0.25","37","3.90272373540856","7","257","210","9.29182879377432"
"3","0.25","33","3.969924812030075","3","266","181","9.37593984962406"
"5","0.25","29","4.070707070707071","6","297","182","9.151515151515152"
"2","0.25","35","4.1020408163265305","3","245","156","9.371428571428572"
"6","0.25","38","4.101960784313725","7","255","210","9.207843137254901"
"6","0.25","39","4.102362204724409","8","254","210","9.165354330708661"
"5","0.25","30","4.070945945945946","6","296","182","9.114864864864865"
"2","0.25","36","4.1020408163265305","3","245","156","9.371428571428572"
"3","0.25","34","3.969924812030075","3","266","189","9.436090225563909"
"3","0.25","35","3.969811320754717","3","265","189","9.39622641509434"
"4","0.25","37","3.649402390438247","5","251","186","9.211155378486056"
"6","0.25","40","4.110236220472441","8","254","220","9.244094488188976"
"3","0.25","36","3.969811320754717","3","265","189","9.39622641509434"
"4","0.25","38","4.020161290322581","5","248","186","9.080645161290322"
"6","0.25","41","4.095617529880478","10","251","220","9.115537848605578"
"5","0.25","31","4.074576271186441","7","295","205","9.233898305084745"
"2","0.25","37","3.925490196078431","3","255","166","9.325490196078432"
"4","0.25","39","4.020161290322581","5","248","186","9.080645161290322"
"6","0.25","42","4.099601593625498","10","251","220","9.115537848605578"
"5","0.25","32","4.074576271186441","7","295","205","9.233898305084745"
"2","0.25","38","4.090196078431372","3","255","166","9.325490196078432"
"5","0.25","33","4.078231292517007","7","294","205","9.238095238095237"
"2","0.25","39","4.0984251968503935","4","254","166","9.283464566929133"
"4","0.25","40","4.016194331983805","6","247","210","9.23076923076923"
"6","0.25","43","4.092369477911647","10","249","242","9.244979919678714"
"3","0.25","37","3.8248175182481754","3","274","196","9.379562043795621"
"6","0.25","44","4.096385542168675","10","249","242","9.244979919678714"
"4","0.25","41","4.016194331983805","6","247","210","9.23076923076923"
"3","0.25","38","4","3","271","196","9.261992619926199"
"2","0.25","40","4.094861660079052","4","253","175","9.312252964426877"
"4","0.25","42","4.016194331983805","6","247","210","9.23076923076923"
"1","0.25","36","4.080508474576271","4","236","171","9.313559322033898"
"6","0.25","45","4.088709677419355","10","248","242","9.225806451612904"
"2","0.25","41","4.098814229249012","4","253","175","9.312252964426877"
"3","0.25","39","4","3","270","196","9.222222222222221"
"5","0.25","34","4.082758620689655","7","290","218","9.220689655172414"
"2","0.25","42","4.099601593625498","5","251","175","9.227091633466136"
"5","0.25","35","4.083044982698962","7","289","218","9.204152249134948"
"5","0.25","36","4.090592334494773","7","287","218","9.13588850174216"
"4","0.25","43","4.024590163934426","7","244","228","9.295081967213115"
"6","0.25","46","4.084677419354839","10","248","255","9.330645161290322"
"4","0.25","44","4.028688524590164","7","244","228","9.295081967213115"
"6","0.25","47","4.089795918367347","11","245","255","9.216326530612244"
"3","0.25","40","4.003731343283582","4","268","212","9.32089552238806"
"4","0.25","45","4.024793388429752","9","242","228","9.206611570247935"
"1","0.25","37","3.7905138339920947","4","253","187","9.256916996047432"
"2","0.25","43","4.099601593625498","5","251","184","9.298804780876495"
"6","0.25","48","4.089795918367347","11","245","255","9.216326530612244"
"3","0.25","41","4.007490636704119","5","267","212","9.280898876404494"
"1","0.25","38","4.055555555555555","4","252","187","9.214285714285714"
"2","0.25","44","4.091633466135458","5","251","184","9.298804780876495"
"3","0.25","42","4.003773584905661","5","265","212","9.2"
"1","0.25","39","4.063745019920319","5","251","187","9.171314741035857"
"2","0.25","45","4.095617529880478","5","251","184","9.298804780876495"
"4","0.25","46","4.012448132780083","9","241","247","9.319502074688797"
"4","0.25","47","4.012448132780083","9","241","247","9.319502074688797"
"5","0.25","37","3.9003322259136213","7","301","246","9.322259136212624"
"6","0.25","49","3.6911764705882355","11","272","276","9.110294117647058"
"4","0.25","48","4.0125","9","240","247","9.275"
"2","0.25","46","4.091633466135458","5","251","193","9.370517928286853"
"5","0.25","38","4.1033333333333335","7","300","246","9.286666666666667"
"1","0.25","40","4.067729083665339","5","251","198","9.258964143426295"
"3","0.25","43","4.003787878787879","6","264","233","9.325757575757576"
"6","0.25","50","4.0661764705882355","11","272","276","9.110294117647058"
"1","0.25","41","4.075697211155378","5","251","198","9.258964143426295"
"2","0.25","47","4.095617529880478","5","251","193","9.370517928286853"
"5","0.25","39","4.110738255033557","7","298","246","9.221476510067115"
"6","0.25","51","4.0814814814814815","11","270","276","9.044444444444444"
"1","0.25","42","4.075697211155378","5","251","198","9.258964143426295"
"3","0.25","44","4.003787878787879","6","264","233","9.325757575757576"
"2","0.25","48","4.091633466135458","5","251","193","9.370517928286853"
"3","0.25","45","4","7","263","233","9.285171102661597"
"1","0.25","43","4.076305220883534","5","249","208","9.285140562248996"
"4","0.25","49","3.8669354838709675","9","248","261","9.403225806451612"
"1","0.25","44","4.076305220883534","5","249","208","9.285140562248996"
"6","0.25","52","4.0817843866171","11","269","286","9.078066914498141"
"4","0.25","50","4.016129032258065","9","248","261","9.403225806451612"
"5","0.25","40","4.111486486486487","8","296","267","9.29054054054054"
"2","0.25","49","3.8783269961977185","5","263","198","9.315589353612168"
"6","0.25","53","4.085820895522388","12","268","286","9.037313432835822"
"1","0.25","45","4.076305220883534","5","249","208","9.285140562248996"
"5","0.25","41","4.111864406779661","8","295","267","9.254237288135593"
"4","0.25","51","4","9","247","261","9.360323886639677"
"2","0.25","50","4.072243346007604","5","263","198","9.315589353612168"
"6","0.25","54","4.086792452830188","13","265","286","8.920754716981133"
"3","0.25","46","3.99618320610687","7","262","262","9.465648854961833"
"5","0.25","42","4.1058020477815695","8","293","267","9.187713310580206"
"2","0.25","51","4.072243346007604","5","263","198","9.315589353612168"
"3","0.25","47","3.996153846153846","8","260","262","9.384615384615385"
"1","0.25","46","4.076305220883534","5","249","217","9.357429718875501"
"1","0.25","47","4.076612903225806","5","248","217","9.314516129032258"
"4","0.25","52","4.004065040650406","10","246","267","9.365853658536585"
"3","0.25","48","3.996124031007752","10","258","262","9.30232558139535"
"2","0.25","52","4.076628352490421","6","261","204","9.279693486590038"
"1","0.25","48","4.076923076923077","5","247","217","9.271255060728745"
"4","0.25","53","4.008230452674897","12","243","267","9.234567901234568"
"2","0.25","53","4.06949806949807","7","259","204","9.196911196911197"
"6","0.25","55","4.087121212121212","13","264","318","9.121212121212121"
"5","0.25","43","4.1061643835616435","8","292","293","9.32876712328767"
"2","0.25","54","4.073643410852713","7","258","204","9.155038759689923"
"4","0.25","54","4.020746887966805","12","241","267","9.145228215767634"
"5","0.25","44","4.109589041095891","8","292","293","9.32876712328767"
"6","0.25","56","4.083333333333333","13","264","318","9.121212121212121"
"5","0.25","45","4.109965635738831","8","291","293","9.292096219931272"
"6","0.25","57","4.083969465648855","14","262","318","9.038167938931299"
"1","0.25","49","3.964426877470356","5","253","230","9.438735177865613"
"2","0.25","55","4.0627450980392155","8","255","225","9.192156862745097"
"4","0.25","55","4.025","12","240","294","9.341666666666667"
"1","0.25","50","4.087649402390438","6","251","230","9.354581673306773"
"2","0.25","56","4.051383399209486","10","253","225","9.106719367588934"
"4","0.25","56","4.03347280334728","12","239","294","9.297071129707113"
"3","0.25","49","3.7472527472527473","11","273","285","9.355311355311356"
"1","0.25","51","4.088","6","250","230","9.312"
"5","0.25","46","4.109965635738831","8","291","303","9.360824742268042"
"2","0.25","57","4.055776892430279","11","251","225","9.0199203187251"
"4","0.25","57","4.025210084033613","12","238","294","9.252100840336135"
"3","0.25","50","3.9926739926739927","11","273","285","9.355311355311356"
"6","0.25","58","4.0813953488372094","16","258","340","9.046511627906977"
"5","0.25","47","4.110726643598616","10","289","303","9.294117647058824"
"3","0.25","51","3.989010989010989","11","273","285","9.355311355311356"
"5","0.25","48","4.111111111111111","11","288","303","9.256944444444445"
"6","0.25","59","4.0852713178294575","16","258","340","9.046511627906977"
"1","0.25","52","4.088709677419355","6","248","242","9.330645161290322"
"4","0.25","58","4.033755274261603","12","237","310","9.350210970464135"
"6","0.25","60","4.081712062256809","16","257","340","9.011673151750973"
"4","0.25","59","4.0256410256410255","13","234","310","9.222222222222221"
"1","0.25","53","4.093117408906883","6","247","242","9.327935222672064"
"3","0.25","52","3.989010989010989","11","273","291","9.3992673992674"
"4","0.25","60","4.034188034188034","13","234","310","9.222222222222221"
"2","0.25","58","4.063745019920319","11","251","266","9.346613545816734"
"1","0.25","54","4.093117408906883","6","247","242","9.327935222672064"
"3","0.25","53","3.988929889298893","12","271","291","9.335793357933579"
"2","0.25","59","4.067729083665339","11","251","266","9.346613545816734"
"2","0.25","60","4.064","12","250","266","9.304"
"3","0.25","54","3.988888888888889","12","270","291","9.296296296296296"
"1","0.25","55","4.093877551020408","6","245","255","9.404081632653062"
"1","0.25","56","4.094262295081967","6","244","255","9.360655737704919"
"5","0.25","49","3.745222929936306","11","314","322","9.235668789808917"
"6","0.25","61","3.859778597785978","16","271","368","9.343173431734318"
"1","0.25","57","4.091286307053942","6","241","255","9.236514522821576"
"5","0.25","50","4.102893890675241","11","311","322","9.131832797427652"
"3","0.25","55","3.992565055762082","12","269","305","9.360594795539033"
"6","0.25","62","4.07037037037037","16","270","368","9.303703703703704"
"4","0.25","61","3.7171314741035855","13","251","335","9.187250996015937"
"5","0.25","51","4.102893890675241","11","311","322","9.131832797427652"
"3","0.25","56","3.985074626865672","12","268","305","9.32089552238806"
"6","0.25","63","4.074074074074074","16","270","368","9.303703703703704"
"4","0.25","62","4.0199203187251","13","251","335","9.187250996015937"
"3","0.25","57","3.9813432835820897","12","268","305","9.32089552238806"
"4","0.25","63","4.035856573705179","13","251","335","9.187250996015937"
"1","0.25","58","4.0875","7","240","272","9.333333333333334"
"2","0.25","61","3.7527675276752768","12","271","282","9.261992619926199"
"1","0.25","59","4.084033613445378","8","238","272","9.252100840336135"
"2","0.25","62","4.04074074074074","12","270","282","9.222222222222221"
"1","0.25","60","4.080851063829787","10","235","272","9.12340425531915"
"6","0.25","64","4.066666666666666","16","270","380","9.392592592592592"
"2","0.25","63","4.07037037037037","12","270","282","9.222222222222221"
"4","0.25","64","4.036290322580645","14","248","349","9.169354838709678"
"5","0.25","52","4.12621359223301","11","309","343","9.197411003236246"
"6","0.25","65","4.066666666666666","16","270","380","9.392592592592592"
"3","0.25","58","3.9849624060150375","12","266","321","9.360902255639099"
"4","0.25","65","4.044715447154472","15","246","349","9.121951219512194"
"5","0.25","53","4.12012987012987","12","308","343","9.162337662337663"
"6","0.25","66","4.066666666666666","16","270","380","9.392592592592592"
"4","0.25","66","4.048979591836734","15","245","349","9.077551020408164"
"3","0.25","59","3.981060606060606","13","264","321","9.295454545454545"
"5","0.25","54","4.126623376623376","12","308","343","9.162337662337663"
"3","0.25","60","3.9809885931558937","13","263","321","9.254752851711027"
"2","0.25","64","4.071161048689139","14","267","291","9.176029962546817"
"2","0.25","65","4.071161048689139","14","267","291","9.176029962546817"
"6","0.25","67","4.066666666666666","16","270","390","9.466666666666667"
"6","0.25","68","4.066914498141264","16","269","390","9.427509293680297"
"4","0.25","67","4.06198347107438","17","242","381","9.223140495867769"
"2","0.25","66","4.071161048689139","14","267","291","9.176029962546817"
"4","0.25","68","4.062761506276151","17","239","381","9.087866108786612"
"1","0.25","61","3.841463414634146","11","246","301","9.40650406504065"
"6","0.25","69","4.067164179104478","16","268","390","9.388059701492537"
"4","0.25","69","4.067226890756302","17","238","381","9.042016806722689"
"1","0.25","62","4.081967213114754","11","244","301","9.319672131147541"
"5","0.25","55","4.120521172638436","12","307","360","9.237785016286646"
"1","0.25","63","4.073770491803279","11","244","301","9.319672131147541"
"5","0.25","56","4.127035830618892","12","307","360","9.237785016286646"
"3","0.25","61","3.7509025270758123","14","277","343","9.321299638989169"
"5","0.25","57","4.124183006535947","12","306","360","9.202614379084967"
"2","0.25","67","4.071698113207547","16","265","306","9.20754716981132"
"3","0.25","62","3.9891696750902526","14","277","343","9.321299638989169"
"6","0.25","70","4.071428571428571","16","266","405","9.421052631578947"
"2","0.25","68","4.0754716981132075","16","265","306","9.20754716981132"
"6","0.25","71","4.078947368421052","16","266","405","9.421052631578947"
"3","0.25","63","3.989130434782609","15","276","343","9.282608695652174"
"4","0.25","70","4.079831932773109","17","238","411","9.294117647058824"
"2","0.25","69","4.071698113207547","16","265","306","9.20754716981132"
"1","0.25","64","4.078189300411522","11","243","314","9.382716049382717"
"6","0.25","72","4.083650190114068","17","263","405","9.300380228136882"
"4","0.25","71","4.07563025210084","17","238","411","9.294117647058824"
"1","0.25","65","4.082644628099174","12","242","314","9.338842975206612"
"4","0.25","72","4.080508474576271","18","236","411","9.211864406779661"
"1","0.25","66","4.08298755186722","12","241","314","9.294605809128631"
"5","0.25","58","4.134426229508197","13","305","374","9.259016393442623"
"3","0.25","64","3.9927272727272727","15","275","353","9.345454545454546"
"5","0.25","59","4.129568106312292","15","301","374","9.129568106312293"
"2","0.25","70","4.0754716981132075","16","265","327","9.366037735849057"
"5","0.25","60","4.137123745819398","15","299","374","9.063545150501673"
"3","0.25","65","3.9963636363636366","15","275","353","9.345454545454546"
"2","0.25","71","4.075757575757576","16","264","327","9.325757575757576"
"3","0.25","66","4","15","274","353","9.306569343065693"
"1","0.25","67","4.083682008368201","13","239","329","9.330543933054393"
"6","0.25","73","3.8489208633093526","17","278","423","9.345323741007194"
"2","0.25","72","4.0727969348659006","17","261","327","9.226053639846743"
"4","0.25","73","3.643939393939394","18","264","424","9.136363636363637"
"1","0.25","68","4.084033613445378","13","238","329","9.285714285714286"
"6","0.25","74","4.093525179856115","17","278","423","9.345323741007194"
"4","0.25","74","4.11787072243346","18","263","424","9.095057034220533"
"1","0.25","69","4.088983050847458","15","236","329","9.211864406779661"
"6","0.25","75","4.090252707581228","17","277","423","9.306859205776174"
"4","0.25","75","4.125954198473282","19","262","424","9.053435114503817"
"3","0.25","67","4.0036764705882355","15","272","366","9.323529411764707"
"3","0.25","68","4.011070110701107","15","271","366","9.321033210332104"
"3","0.25","69","4.011070110701107","15","271","366","9.321033210332104"
"6","0.25","76","4.097472924187725","17","277","435","9.393501805054152"
"4","0.25","76","4.130769230769231","19","260","438","9.076923076923077"
"5","0.25","61","3.871473354231975","15","319","415","9.247648902821316"
"1","0.25","70","4.093220338983051","15","236","359","9.466101694915254"
"4","0.25","77","4.131782945736434","19","258","438","9.007751937984496"
"6","0.25","77","4.093862815884476","17","277","435","9.393501805054152"
"5","0.25","62","4.140127388535032","19","314","415","9.07643312101911"
"4","0.25","78","4.1400778210116735","19","257","438","9.019455252918288"
"2","0.25","73","3.7651245551601424","17","281","344","9.181494661921707"
"1","0.25","71","4.089361702127659","16","235","359","9.421276595744681"
"6","0.25","78","4.0978260869565215","17","276","435","9.369565217391305"
"5","0.25","63","4.131832797427653","19","311","415","9.016077170418006"
"2","0.25","74","4.075268817204301","18","279","344","9.10394265232975"
"1","0.25","72","4.089361702127659","16","235","359","9.421276595744681"
"3","0.25","70","4.011070110701107","15","271","381","9.431734317343173"
"2","0.25","75","4.071942446043166","18","278","344","9.06474820143885"
"3","0.25","71","4.003717472118959","16","269","381","9.360594795539033"
"3","0.25","72","4.00374531835206","16","267","381","9.295880149812733"
"6","0.25","79","4.094202898550725","17","276","440","9.405797101449275"
"4","0.25","79","4.136186770428016","19","257","459","9.182879377431906"
"6","0.25","80","4.0978260869565215","17","276","440","9.405797101449275"
"4","0.25","80","4.137254901960785","19","255","459","9.129411764705882"
"6","0.25","81","4.098181818181819","18","275","440","9.367272727272727"
"4","0.25","81","4.1299212598425195","19","254","459","9.086614173228346"
"1","0.25","73","3.9057377049180326","17","244","373","9.475409836065573"
"2","0.25","76","4.075812274368231","18","277","362","9.155234657039712"
"5","0.25","64","4.131832797427653","19","311","448","9.228295819935692"
"1","0.25","74","4.095041322314049","17","242","373","9.388429752066116"
"2","0.25","77","4.072463768115942","19","276","362","9.115942028985508"
"6","0.25","82","4.091911764705882","19","272","449","9.323529411764707"
"5","0.25","65","4.12621359223301","20","309","448","9.16504854368932"
"2","0.25","78","4.076642335766423","19","274","362","9.072992700729927"
"1","0.25","75","4.104166666666667","18","240","373","9.3"
"6","0.25","83","4.084558823529412","19","272","449","9.323529411764707"
"4","0.25","82","4.1299212598425195","19","254","476","9.220472440944881"
"5","0.25","66","4.130718954248366","21","306","448","9.058823529411764"
"3","0.25","73","3.817857142857143","16","280","399","9.4"
"4","0.25","83","4.1299212598425195","19","254","476","9.220472440944881"
"6","0.25","84","4.0851851851851855","19","270","449","9.25925925925926"
"4","0.25","84","4.1299212598425195","19","254","476","9.220472440944881"
"3","0.25","74","4.036101083032491","16","277","399","9.31407942238267"
"3","0.25","75","4.036231884057971","17","276","399","9.282608695652174"
"1","0.25","76","4.108333333333333","18","240","390","9.441666666666666"
"2","0.25","79","4.073529411764706","19","272","381","9.132352941176471"
"1","0.25","77","4.109243697478991","19","238","390","9.352941176470589"
"1","0.25","78","4.110169491525424","21","236","390","9.26271186440678"
"2","0.25","80","4.077205882352941","19","272","381","9.132352941176471"
"2","0.25","81","4.077205882352941","19","272","381","9.132352941176471"
"3","0.25","76","4.036363636363636","18","275","410","9.323636363636364"
"4","0.25","85","3.9288389513108615","19","267","487","9.318352059925093"
"4","0.25","86","4.105263157894737","19","266","487","9.278195488721805"
"5","0.25","67","4.127450980392157","21","306","483","9.287581699346406"
"6","0.25","85","3.893238434163701","20","281","468","9.281138790035588"
"3","0.25","77","4.036496350364963","19","274","410","9.284671532846716"
"4","0.25","87","4.109433962264151","20","265","487","9.237735849056603"
"5","0.25","68","4.131578947368421","21","304","483","9.223684210526315"
"6","0.25","86","4.078853046594982","22","279","468","9.21146953405018"
"3","0.25","78","4.036496350364963","19","274","410","9.284671532846716"
"1","0.25","79","4.110169491525424","21","236","412","9.44915254237288"
"6","0.25","87","4.079136690647482","22","278","468","9.172661870503598"
"5","0.25","69","4.129139072847682","21","302","483","9.158940397350994"
"1","0.25","80","4.110169491525424","21","236","412","9.44915254237288"
"1","0.25","81","4.115879828326181","23","233","412","9.321888412017167"
"2","0.25","82","4.080882352941177","19","272","401","9.279411764705882"
"2","0.25","83","4.07380073800738","19","271","401","9.239852398523984"
"3","0.25","79","4.036496350364963","19","274","424","9.386861313868613"
"2","0.25","84","4.081180811808118","19","271","401","9.239852398523984"
"4","0.25","88","4.106463878326996","21","263","500","9.254752851711027"
"3","0.25","80","4.036496350364963","19","274","424","9.386861313868613"
"6","0.25","88","4.08273381294964","22","278","486","9.302158273381295"
"4","0.25","89","4.1183206106870225","21","262","500","9.213740458015268"
"3","0.25","81","4.029411764705882","19","272","424","9.375"
"1","0.25","82","4.1173913043478265","24","230","433","9.365217391304348"
"4","0.25","90","4.111538461538461","22","260","500","9.138461538461538"
"6","0.25","89","4.0830324909747295","23","277","486","9.263537906137184"
"5","0.25","70","4.132890365448505","21","301","517","9.348837209302326"
"6","0.25","90","4.083333333333333","24","276","486","9.22463768115942"
"1","0.25","83","4.113043478260869","24","230","433","9.365217391304348"
"5","0.25","71","4.122923588039867","21","301","517","9.348837209302326"
"1","0.25","84","4.109649122807017","24","228","433","9.289473684210526"
"5","0.25","72","4.129568106312292","21","301","517","9.348837209302326"
"3","0.25","82","4.022140221402214","19","271","442","9.468634686346864"
"3","0.25","83","4.022222222222222","19","270","442","9.42962962962963"
"4","0.25","91","4.127413127413128","23","259","524","9.281853281853282"
"2","0.25","85","3.806896551724138","19","290","415","9.358620689655172"
"3","0.25","84","4.022388059701493","20","268","442","9.350746268656716"
"6","0.25","91","4.083941605839416","24","274","500","9.255474452554745"
"4","0.25","92","4.12015503875969","23","258","524","9.24031007751938"
"2","0.25","86","4.086805555555555","19","288","415","9.284722222222221"
"6","0.25","92","4.088235294117647","24","272","500","9.198529411764707"
"4","0.25","93","4.127906976744186","23","258","524","9.24031007751938"
"2","0.25","87","4.079861111111111","19","288","415","9.284722222222221"
"6","0.25","93","4.088888888888889","25","270","500","9.125925925925927"
"1","0.25","85","3.712","24","250","456","9.152"
"1","0.25","86","4.108433734939759","24","249","456","9.108433734939759"
"5","0.25","73","3.952076677316294","21","313","527","9.431309904153355"
"4","0.25","94","4.12015503875969","23","258","546","9.410852713178295"
"2","0.25","88","4.097222222222222","19","288","428","9.375"
"1","0.25","87","4.088353413654619","24","249","456","9.108433734939759"
"5","0.25","74","4.146964856230032","21","313","527","9.431309904153355"
"3","0.25","85","3.8091872791519434","20","283","462","9.307420494699647"
"4","0.25","95","4.124031007751938","23","258","546","9.410852713178295"
"4","0.25","96","4.12109375","24","256","546","9.328125"
"5","0.25","75","4.143769968051118","21","313","527","9.431309904153355"
"3","0.25","86","4.028268551236749","20","283","462","9.307420494699647"
"6","0.25","94","4.08955223880597","25","268","529","9.283582089552239"
"2","0.25","89","4.076388888888889","19","288","428","9.375"
"6","0.25","95","4.08955223880597","25","268","529","9.283582089552239"
"3","0.25","87","4.025","21","280","462","9.192857142857143"
"2","0.25","90","4.083333333333333","19","288","428","9.375"
"6","0.25","96","4.090225563909774","25","266","529","9.225563909774436"
"1","0.25","88","4.080645161290323","24","248","471","9.185483870967742"
"5","0.25","76","4.145631067961165","24","309","534","9.339805825242719"
"1","0.25","89","4.076612903225806","24","248","471","9.185483870967742"
"1","0.25","90","4.076923076923077","24","247","471","9.1417004048583"
"2","0.25","91","4.076655052264808","19","287","433","9.372822299651569"
"5","0.25","77","4.146103896103896","24","308","534","9.324675324675324"
"3","0.25","88","4.0285714285714285","21","280","479","9.314285714285715"
"4","0.25","97","3.8254545454545457","25","275","557","9.236363636363636"
"2","0.25","92","4.083623693379791","19","287","433","9.372822299651569"
"5","0.25","78","4.154098360655738","27","305","534","9.219672131147542"
"4","0.25","98","4.110294117647059","27","272","557","9.117647058823529"
"3","0.25","89","4.025089605734767","21","279","479","9.275985663082437"
"2","0.25","93","4.076923076923077","19","286","433","9.342657342657343"
"6","0.25","97","3.9563636363636365","25","275","551","9.425454545454546"
"4","0.25","99","4.125","27","272","557","9.117647058823529"
"3","0.25","90","4.025179856115108","22","278","479","9.237410071942445"
"6","0.25","98","4.12","25","275","551","9.425454545454546"
"1","0.25","91","4.073170731707317","24","246","484","9.203252032520325"
"6","0.25","99","4.112727272727272","25","275","551","9.425454545454546"
"1","0.25","92","4.065573770491803","24","244","484","9.147540983606557"
"1","0.25","93","4.065573770491803","24","244","484","9.147540983606557"
"2","0.25","94","4.08421052631579","19","285","445","9.389473684210527"
"4","0.25","100","4.125461254612546","28","271","573","9.195571955719558"
"2","0.25","95","4.077464788732394","19","284","445","9.352112676056338"
"5","0.25","79","4.145695364238411","27","302","569","9.344370860927153"
"4","0.25","101","4.118081180811808","28","271","573","9.195571955719558"
"3","0.25","91","4.028985507246377","23","276","494","9.304347826086957"
"6","0.25","100","4.1098901098901095","26","273","555","9.384615384615385"
"2","0.25","96","4.084507042253521","19","284","445","9.352112676056338"
"4","0.25","102","4.114814814814815","28","270","573","9.155555555555555"
"5","0.25","80","4.1490066225165565","27","302","569","9.344370860927153"
"6","0.25","101","4.106227106227106","26","273","555","9.384615384615385"
"3","0.25","92","4.029090909090909","23","275","494","9.265454545454546"
"5","0.25","81","4.145695364238411","27","302","569","9.344370860927153"
"1","0.25","94","4.061475409836065","24","244","501","9.28688524590164"
"6","0.25","102","4.111111111111111","27","270","555","9.274074074074074"
"3","0.25","93","4.032846715328467","24","274","494","9.226277372262773"
"1","0.25","95","4.066115702479339","25","242","501","9.198347107438016"
"1","0.25","96","4.06198347107438","25","242","501","9.198347107438016"
"4","0.25","103","4.107806691449814","29","269","592","9.256505576208179"
"4","0.25","104","4.115671641791045","29","268","592","9.216417910447761"
"6","0.25","103","4.118518518518519","27","270","571","9.392592592592592"
"4","0.25","105","4.112359550561798","30","267","592","9.176029962546817"
"6","0.25","104","4.115671641791045","28","268","571","9.313432835820896"
"3","0.25","94","4.033088235294118","24","272","510","9.264705882352942"
"5","0.25","82","4.1490066225165565","27","302","588","9.47019867549669"
"2","0.25","97","3.820598006644518","19","301","459","9.295681063122924"
"3","0.25","95","4.033088235294118","24","272","510","9.264705882352942"
"6","0.25","105","4.116104868913857","28","267","571","9.273408239700375"
"5","0.25","83","4.15","27","300","588","9.4"
"2","0.25","98","4.079734219269103","19","301","459","9.295681063122924"
"3","0.25","96","4.033210332103321","25","271","510","9.22509225092251"
"5","0.25","84","4.16","27","300","588","9.4"
"2","0.25","99","4.066666666666666","19","300","459","9.26"
"1","0.25","97","3.6806083650190113","27","263","524","9.163498098859316"
"1","0.25","98","4.095057034220532","27","263","524","9.163498098859316"
"4","0.25","106","4.119850187265918","30","267","612","9.325842696629213"
"1","0.25","99","4.083969465648855","27","262","524","9.122137404580153"
"6","0.25","106","4.121212121212121","29","264","585","9.287878787878787"
"4","0.25","107","4.119850187265918","30","267","612","9.325842696629213"
"2","0.25","100","4.07","19","300","470","9.333333333333334"
"6","0.25","107","4.117424242424242","29","264","585","9.287878787878787"
"4","0.25","108","4.112359550561798","30","267","612","9.325842696629213"
"2","0.25","101","4.07","19","300","470","9.333333333333334"
"6","0.25","108","4.121212121212121","29","264","585","9.287878787878787"
"2","0.25","102","4.073333333333333","19","300","470","9.333333333333334"
"3","0.25","97","3.7586206896551726","26","290","525","9.144827586206896"
"5","0.25","85","3.801829268292683","27","328","605","9.146341463414634"
"3","0.25","98","4.06551724137931","26","290","525","9.144827586206896"
"1","0.25","100","4.076923076923077","28","260","539","9.161538461538461"
"3","0.25","99","4.0657439446366785","26","289","525","9.107266435986158"
"5","0.25","86","4.17737003058104","28","327","605","9.113149847094801"
"1","0.25","101","4.077220077220077","28","259","539","9.11969111969112"
"4","0.25","109","3.931899641577061","30","279","623","9.268817204301076"
"1","0.25","102","4.070866141732283","28","254","539","8.905511811023622"
"2","0.25","103","4.066889632107023","19","299","477","9.34448160535117"
"5","0.25","87","4.174846625766871","28","326","605","9.079754601226995"
"4","0.25","110","4.103942652329749","30","279","623","9.268817204301076"
"6","0.25","109","3.937956204379562","30","274","603","9.423357664233576"
"2","0.25","104","4.0673400673400675","20","297","477","9.286195286195285"
"4","0.25","111","4.111111111111111","30","279","623","9.268817204301076"
"6","0.25","110","4.135036496350365","30","274","603","9.423357664233576"
"3","0.25","100","4.0625","26","288","533","9.180555555555555"
"2","0.25","105","4.0641891891891895","20","296","477","9.277027027027026"
"6","0.25","111","4.135036496350365","30","274","603","9.423357664233576"
"3","0.25","101","4.062937062937063","28","286","533","9.104895104895105"
"3","0.25","102","4.063157894736842","28","285","533","9.066666666666666"
"4","0.25","112","4.10431654676259","30","278","629","9.273381294964029"
"1","0.25","103","4.070866141732283","28","254","580","9.228346456692913"
"5","0.25","88","4.185185185185185","28","324","618","9.098765432098766"
"6","0.25","112","4.1286764705882355","31","272","608","9.397058823529411"
"4","0.25","113","4.111510791366906","30","278","629","9.273381294964029"
"1","0.25","104","4.070866141732283","28","254","580","9.228346456692913"
"5","0.25","89","4.169753086419753","28","324","618","9.098765432098766"
"6","0.25","113","4.132352941176471","31","272","608","9.397058823529411"
"4","0.25","114","4.1046931407942235","30","277","629","9.234657039711191"
"1","0.25","105","4.070866141732283","28","254","580","9.228346456692913"
"2","0.25","106","4.054421768707483","21","294","494","9.319727891156463"
"5","0.25","90","4.186915887850467","29","321","618","9.009345794392523"
"6","0.25","114","4.1286764705882355","31","272","608","9.397058823529411"
"2","0.25","107","4.048442906574395","23","289","494","9.134948096885813"
"3","0.25","103","4.063157894736842","28","285","548","9.171929824561403"
"2","0.25","108","4.045454545454546","24","286","494","9.083916083916083"
"3","0.25","104","4.063157894736842","28","285","548","9.171929824561403"
"1","0.25","106","4.067193675889328","28","253","599","9.33596837944664"
"6","0.25","115","4.132841328413284","31","271","619","9.439114391143912"
"3","0.25","105","4.066666666666666","28","285","548","9.171929824561403"
"4","0.25","115","4.116788321167883","31","274","640","9.218978102189782"
"1","0.25","107","4.071146245059288","28","253","599","9.33596837944664"
"6","0.25","116","4.132841328413284","31","271","619","9.439114391143912"
"4","0.25","116","4.11070110701107","33","271","640","9.107011070110701"
"1","0.25","108","4.071146245059288","28","253","599","9.33596837944664"
"6","0.25","117","4.12962962962963","31","270","619","9.4"
"4","0.25","117","4.114814814814815","34","270","640","9.066666666666666"
"5","0.25","91","4.18125","29","320","652","9.1875"
"5","0.25","92","4.172955974842767","29","318","652","9.119496855345911"
"3","0.25","106","4.067615658362989","29","281","564","9.13167259786477"
"6","0.25","118","4.12962962962963","31","270","629","9.474074074074075"
"5","0.25","93","4.160377358490566","29","318","652","9.119496855345911"
"3","0.25","107","4.067615658362989","29","281","564","9.13167259786477"
"6","0.25","119","4.130111524163569","31","269","629","9.434944237918216"
"1","0.25","109","3.843283582089552","28","268","612","9.298507462686567"
"6","0.25","120","4.130111524163569","31","269","629","9.434944237918216"
"3","0.25","108","4.064285714285714","30","280","564","9.1"
"1","0.25","110","4.052238805970149","28","268","612","9.298507462686567"
"4","0.25","118","4.107407407407408","34","270","668","9.274074074074074"
"2","0.25","109","3.696485623003195","24","313","530","9.194888178913738"
"1","0.25","111","4.059925093632959","28","267","612","9.258426966292134"
"4","0.25","119","4.118518518518519","34","270","668","9.274074074074074"
"2","0.25","110","4.045016077170418","25","311","530","9.12540192926045"
"4","0.25","120","4.107407407407408","34","270","668","9.274074074074074"
"2","0.25","111","4.038709677419355","26","310","530","9.09032258064516"
"5","0.25","94","4.173501577287066","30","317","678","9.249211356466876"
"1","0.25","112","4.052631578947368","28","266","625","9.31578947368421"
"5","0.25","95","4.1645569620253164","30","316","678","9.215189873417721"
"1","0.25","113","4.056390977443609","28","266","625","9.31578947368421"
"5","0.25","96","4.170886075949367","30","316","678","9.215189873417721"
"7","0.25","0","4.306772908366534","0","251","0","9.155378486055778"
"1","0.25","114","4.056818181818182","28","264","625","9.318181818181818"
"3","0.25","109","3.8053691275167787","30","298","581","9.234899328859061"
"2","0.25","112","4.048701298701299","26","308","551","9.162337662337663"
"3","0.25","110","4.087248322147651","30","298","581","9.234899328859061"
"2","0.25","113","4.049019607843137","27","306","551","9.091503267973856"
"3","0.25","111","4.090604026845638","30","298","581","9.234899328859061"
"2","0.25","114","4.052287581699346","27","306","551","9.091503267973856"
"8","0.25","0","3.904580152671756","0","262","0","9.068702290076336"
"1","0.25","115","4.06083650190114","29","263","630","9.315589353612168"
"7","0.25","1","4.179282868525896","0","251","26","9.362549800796813"
"1","0.25","116","4.064638783269962","29","263","630","9.315589353612168"
"7","0.25","2","4.123505976095617","0","251","26","9.362549800796813"
"1","0.25","117","4.061302681992337","29","261","630","9.264367816091953"
"7","0.25","3","4.1195219123505975","0","251","26","9.362549800796813"
"5","0.25","97","3.987841945288754","30","329","697","9.343465045592705"
"3","0.25","112","4.090909090909091","30","297","591","9.265993265993266"
"8","0.25","1","4.022988505747127","0","261","22","9.195402298850574"
"3","0.25","113","4.091216216216216","30","296","591","9.22972972972973"
"5","0.25","98","4.161585365853658","30","328","697","9.347560975609756"
"2","0.25","115","4.049180327868853","27","305","578","9.232786885245902"
"8","0.25","2","3.9884615384615385","1","260","22","9.153846153846153"
"5","0.25","99","4.162079510703364","31","327","697","9.314984709480122"
"3","0.25","114","4.094594594594595","30","296","591","9.22972972972973"
"1","0.25","118","4.065134099616858","29","261","653","9.440613026819923"
"7","0.25","4","4.1195219123505975","0","251","45","9.51394422310757"
"8","0.25","3","3.9806201550387597","1","258","22","9.069767441860465"
"2","0.25","116","4.0493421052631575","28","304","578","9.197368421052632"
"1","0.25","119","4.065134099616858","29","261","653","9.440613026819923"
"7","0.25","5","4.125","2","248","45","9.39516129032258"
"1","0.25","120","4.065384615384615","29","260","653","9.4"
"2","0.25","117","4.043046357615894","29","302","578","9.132450331125828"
"7","0.25","6","4.125","2","248","45","9.39516129032258"
"5","0.25","100","4.171779141104294","31","326","708","9.349693251533742"
"3","0.25","115","4.088135593220339","30","295","608","9.335593220338984"
"5","0.25","101","4.172839506172839","32","324","708","9.296296296296296"
"3","0.25","116","4.081911262798635","30","293","608","9.26962457337884"
"5","0.25","102","4.169753086419753","32","324","708","9.296296296296296"
"8","0.25","4","3.98046875","2","256","50","9.2265625"
"7","0.25","7","4.125506072874494","2","247","66","9.522267206477732"
"3","0.25","117","4.075085324232082","30","293","608","9.26962457337884"
"8","0.25","5","3.980392156862745","2","255","50","9.184313725490195"
"7","0.25","8","4.126016260162602","2","246","66","9.487804878048781"
"8","0.25","6","3.980392156862745","2","255","50","9.184313725490195"
"2","0.25","118","4.046357615894039","29","302","610","9.344370860927153"
"9","0.25","0","4.054393305439331","0","239","0","9.221757322175732"
"7","0.25","9","4.122448979591836","2","245","66","9.444897959183674"
"2","0.25","119","4.046357615894039","29","302","610","9.344370860927153"
"2","0.25","120","4.043046357615894","29","302","610","9.344370860927153"
"5","0.25","103","4.169753086419753","32","324","724","9.395061728395062"
"3","0.25","118","4.072413793103448","30","290","623","9.26896551724138"
"5","0.25","104","4.169753086419753","32","324","724","9.395061728395062"
"7","0.25","10","4.118852459016393","2","244","81","9.549180327868852"
"9","0.25","1","3.9623430962343096","0","239","20","9.389121338912133"
"3","0.25","119","4.075862068965518","30","290","623","9.26896551724138"
"8","0.25","7","3.984251968503937","2","254","82","9.401574803149606"
"7","0.25","11","4.1193415637860085","3","243","81","9.506172839506172"
"5","0.25","105","4.169753086419753","32","324","724","9.395061728395062"
"3","0.25","120","4.073170731707317","31","287","623","9.156794425087108"
"9","0.25","2","3.9491525423728815","1","236","20","9.279661016949152"
"8","0.25","8","3.984189723320158","2","253","82","9.359683794466402"
"7","0.25","12","4.1203319502074685","3","241","81","9.41908713692946"
"8","0.25","9","3.984189723320158","2","253","82","9.359683794466402"
"9","0.25","3","3.953191489361702","1","235","20","9.242553191489362"
"5","0.25","106","4.170278637770898","33","323","733","9.41795665634675"
"8","0.25","10","3.984126984126984","3","252","103","9.484126984126984"
"5","0.25","107","4.1713395638629285","34","321","733","9.35202492211838"
"9","0.25","4","3.952991452991453","1","234","45","9.41025641025641"
"10","0.25","0","4.08235294117647","0","255","0","9.105882352941176"
"8","0.25","11","3.9879518072289155","5","249","103","9.405622489959839"
"11","0.29","0","3.7248908296943233","0","229","0","9.196506550218341"
"9","0.25","5","3.961206896551724","2","232","45","9.327586206896552"
"5","0.25","108","4.171875","34","320","733","9.31875"
"7","0.25","13","3.893700787401575","4","254","95","9.417322834645669"
"8","0.25","12","3.9879032258064515","5","248","103","9.39516129032258"
"9","0.25","6","3.961038961038961","2","231","45","9.281385281385282"
"7","0.25","14","4.122047244094488","4","254","95","9.417322834645669"
"7","0.25","15","4.122047244094488","4","254","95","9.417322834645669"
"11","0.29","1","3.9118942731277535","0","227","26","9.365638766519824"
"10","0.25","1","4.023529411764706","0","255","34","9.372549019607844"
"11","0.29","2","3.915929203539823","1","226","26","9.31858407079646"
"7","0.25","16","4.122047244094488","4","254","100","9.456692913385826"
"10","0.25","2","3.9607843137254903","0","255","34","9.372549019607844"
"9","0.25","7","3.961038961038961","2","231","67","9.471861471861471"
"11","0.29","3","3.902222222222222","1","225","26","9.27111111111111"
"7","0.25","17","4.119047619047619","4","252","100","9.373015873015873"
"9","0.25","8","3.961038961038961","2","231","67","9.471861471861471"
"10","0.25","3","3.9488188976377954","0","254","34","9.330708661417322"
"8","0.25","13","3.832684824902724","5","257","127","9.486381322957198"
"7","0.25","18","4.1195219123505975","4","251","100","9.386454183266933"
"9","0.25","9","3.961038961038961","2","231","67","9.471861471861471"
"8","0.25","14","3.9844357976653697","5","257","127","9.486381322957198"
"8","0.25","15","3.9883268482490273","5","257","127","9.486381322957198"
"5","0.25","109","4.033232628398792","34","331","748","9.438066465256798"
"11","0.29","4","3.901345291479821","1","223","51","9.417040358744394"
"11","0.29","5","3.901345291479821","1","223","51","9.417040358744394"
"5","0.25","110","4.151515151515151","35","330","748","9.406060606060606"
"9","0.25","10","3.961038961038961","2","231","79","9.575757575757576"
"7","0.25","19","4.1195219123505975","4","251","110","9.466135458167331"
"11","0.29","6","3.900900900900901","1","222","51","9.36936936936937"
"10","0.25","4","3.9448818897637796","0","254","50","9.456692913385826"
"5","0.25","111","4.1580547112462005","36","329","748","9.379939209726444"
"7","0.25","20","4.1195219123505975","4","251","110","9.466135458167331"
"9","0.25","11","3.961038961038961","2","231","79","9.575757575757576"
"8","0.25","16","3.988235294117647","5","255","132","9.443137254901961"
"10","0.25","5","3.9523809523809526","1","252","50","9.373015873015873"
"9","0.25","12","3.9608695652173913","2","230","79","9.530434782608696"
"8","0.25","17","3.988235294117647","5","255","132","9.443137254901961"
"7","0.25","21","4.1195219123505975","4","251","110","9.466135458167331"
"10","0.25","6","3.9563492063492065","1","252","50","9.373015873015873"
"8","0.25","18","3.984251968503937","5","254","132","9.409448818897637"
"11","0.29","7","3.900900900900901","1","222","74","9.576576576576576"
"11","0.29","8","3.9045454545454548","2","220","74","9.481818181818182"
"7","0.25","22","4.1195219123505975","4","251","115","9.50597609561753"
"11","0.29","9","3.9045454545454548","2","220","74","9.481818181818182"
"5","0.25","112","4.152439024390244","36","328","759","9.414634146341463"
"7","0.25","23","4.120481927710843","5","249","115","9.437751004016064"
"5","0.25","113","4.155487804878049","36","328","759","9.414634146341463"
"9","0.25","13","3.6294820717131473","2","251","86","9.306772908366534"
"7","0.25","24","4.1214574898785425","6","247","115","9.360323886639677"
"10","0.25","7","3.9563492063492065","1","252","72","9.547619047619047"
"8","0.25","19","3.9881422924901186","5","253","141","9.438735177865613"
"5","0.25","114","4.155487804878049","36","328","759","9.414634146341463"
"10","0.25","8","3.956175298804781","1","251","72","9.51394422310757"
"8","0.25","20","3.9840637450199203","5","251","141","9.354581673306773"
"9","0.25","14","3.944223107569721","2","251","86","9.306772908366534"
"11","0.29","10","3.9045454545454548","2","220","89","9.618181818181819"
"10","0.25","9","3.956","1","250","72","9.472"
"8","0.25","21","3.984","5","250","141","9.312"
"11","0.29","11","3.9045454545454548","2","220","89","9.618181818181819"
"9","0.25","15","3.9397590361445785","2","249","86","9.228915662650602"
"11","0.29","12","3.9045454545454548","2","220","89","9.618181818181819"
"7","0.25","25","3.797752808988764","7","267","130","9.183520599250937"
"9","0.25","16","3.9397590361445785","2","249","105","9.38152610441767"
"10","0.25","10","3.9558232931726907","1","249","93","9.598393574297189"
"5","0.25","115","4.156441717791411","38","326","767","9.39877300613497"
"8","0.25","22","3.984","5","250","162","9.48"
"7","0.25","26","4.093632958801498","7","267","130","9.183520599250937"
"10","0.25","11","3.9554655870445345","1","247","93","9.522267206477732"
"9","0.25","17","3.9397590361445785","2","249","105","9.38152610441767"
"8","0.25","23","3.9839357429718874","5","249","162","9.44578313253012"
"5","0.25","116","4.159509202453988","38","326","767","9.39877300613497"
"11","0.29","13","3.5625","2","240","94","9.258333333333333"
"7","0.25","27","4.093632958801498","7","267","130","9.183520599250937"
"10","0.25","12","3.9554655870445345","1","247","93","9.522267206477732"
"11","0.29","14","3.9285714285714284","3","238","94","9.176470588235293"
"5","0.25","117","4.166153846153846","39","325","767","9.372307692307693"
"8","0.25","24","3.9839357429718874","5","249","162","9.44578313253012"
"9","0.25","18","3.939516129032258","2","248","105","9.338709677419354"
"11","0.29","15","3.932489451476793","3","237","94","9.130801687763713"
"7","0.25","28","4.093632958801498","7","267","140","9.258426966292134"
"7","0.25","29","4.093632958801498","7","267","140","9.258426966292134"
"9","0.25","19","3.939516129032258","2","248","109","9.370967741935484"
"7","0.25","30","4.093984962406015","8","266","140","9.218045112781954"
"11","0.29","16","3.9364406779661016","4","236","118","9.288135593220339"
"9","0.25","20","3.9392712550607287","2","247","109","9.327935222672064"
"10","0.25","13","3.8458498023715415","1","253","105","9.541501976284586"
"11","0.29","17","3.9361702127659575","4","235","118","9.242553191489362"
"9","0.25","21","3.9430894308943087","2","246","109","9.284552845528456"
"10","0.25","14","3.9563492063492065","1","252","105","9.5"
"8","0.25","25","3.8897637795275593","5","254","177","9.511811023622048"
"5","0.25","118","4.166666666666667","39","324","784","9.444444444444445"
"11","0.29","18","3.9361702127659575","4","235","118","9.242553191489362"
"10","0.25","15","3.9642857142857144","1","252","105","9.5"
"8","0.25","26","3.9800796812749004","7","251","177","9.426294820717132"
"5","0.25","119","4.188854489164087","39","323","784","9.411764705882353"
"7","0.25","31","4.09433962264151","8","265","151","9.260377358490565"
"8","0.25","27","3.984","7","250","177","9.384"
"5","0.25","120","4.186335403726708","40","322","784","9.385093167701863"
"7","0.25","32","4.09469696969697","8","264","151","9.287878787878787"
"7","0.25","33","4.09469696969697","8","264","151","9.287878787878787"
"9","0.25","22","3.9471544715447155","2","246","122","9.390243902439025"
"11","0.29","19","3.9361702127659575","4","235","131","9.353191489361702"
"10","0.25","16","3.960159362549801","1","251","115","9.53784860557769"
"9","0.25","23","3.9471544715447155","2","246","122","9.390243902439025"
"11","0.29","20","3.9361702127659575","4","235","131","9.353191489361702"
"10","0.25","17","3.96","1","250","115","9.52"
"9","0.25","24","3.942857142857143","3","245","122","9.346938775510203"
"11","0.29","21","3.9401709401709404","4","234","131","9.307692307692308"
"10","0.25","18","3.9558232931726907","2","249","115","9.477911646586346"
"8","0.25","28","3.98","7","250","193","9.512"
"7","0.25","34","4.09469696969697","8","264","158","9.340909090909092"
"8","0.25","29","3.9799196787148596","7","249","193","9.46987951807229"
"7","0.25","35","4.09469696969697","8","264","158","9.340909090909092"
"7","0.25","36","4.09469696969697","8","264","158","9.340909090909092"
"8","0.25","30","3.9798387096774195","7","248","193","9.435483870967742"
"11","0.29","22","3.944206008583691","5","233","142","9.356223175965665"
"10","0.25","19","3.9596774193548385","2","248","127","9.53225806451613"
"11","0.29","23","3.944206008583691","5","233","142","9.356223175965665"
"10","0.25","20","3.9595141700404857","2","247","127","9.489878542510121"
"12","0.29","0","4.012195121951219","0","246","0","9.170731707317072"
"9","0.25","25","3.848605577689243","3","251","130","9.474103585657371"
"11","0.29","24","3.944206008583691","5","233","142","9.356223175965665"
"10","0.25","21","3.9591836734693877","3","245","127","9.404081632653062"
"9","0.25","26","3.956175298804781","3","251","130","9.474103585657371"
"8","0.25","31","3.979591836734694","9","245","205","9.404081632653062"
"9","0.25","27","3.9558232931726907","3","249","130","9.389558232931726"
"8","0.25","32","3.9753086419753085","10","243","205","9.325102880658436"
"7","0.25","37","3.9025270758122743","8","277","163","9.249097472924188"
"8","0.25","33","3.9753086419753085","10","243","205","9.325102880658436"
"12","0.29","1","4.020408163265306","0","245","24","9.322448979591837"
"7","0.25","38","4.105072463768116","8","276","163","9.210144927536232"
"11","0.29","25","3.6907630522088355","5","249","150","9.228915662650602"
"10","0.25","22","3.9591836734693877","3","245","142","9.526530612244898"
"12","0.29","2","4.03265306122449","0","245","24","9.322448979591837"
"7","0.25","39","4.098181818181819","8","275","163","9.170909090909092"
"9","0.25","28","3.962962962962963","3","243","139","9.209876543209877"
"10","0.25","23","3.959016393442623","4","244","142","9.48360655737705"
"11","0.29","26","4","6","248","150","9.185483870967742"
"12","0.29","3","4.049180327868853","0","244","24","9.278688524590164"
"10","0.25","24","3.9588477366255144","4","243","142","9.440329218106996"
"9","0.25","29","3.958677685950413","3","242","139","9.165289256198347"
"11","0.29","27","3.9959514170040484","7","247","150","9.1417004048583"
"9","0.25","30","3.95850622406639","3","241","139","9.120331950207468"
"8","0.25","34","3.9753086419753085","10","243","226","9.497942386831276"
"8","0.25","35","3.975206611570248","10","242","226","9.462809917355372"
"7","0.25","40","4.098540145985401","8","274","176","9.226277372262773"
"11","0.29","28","4","7","247","158","9.206477732793521"
"8","0.25","36","3.970954356846473","10","241","226","9.427385892116183"
"12","0.29","4","4.049382716049383","0","243","40","9.366255144032921"
"11","0.29","29","4.004048582995951","7","247","158","9.206477732793521"
"7","0.25","41","4.098540145985401","8","274","176","9.226277372262773"
"12","0.29","5","4.041322314049586","0","242","40","9.322314049586776"
"11","0.29","30","4.004048582995951","7","247","158","9.206477732793521"
"12","0.29","6","4.041322314049586","0","242","40","9.322314049586776"
"7","0.25","42","4.099630996309963","9","271","176","9.114391143911439"
"10","0.25","25","3.628787878787879","4","264","160","9.325757575757576"
"9","0.25","31","3.9583333333333335","3","240","169","9.325"
"10","0.25","26","3.996212121212121","4","264","160","9.325757575757576"
"9","0.25","32","3.9583333333333335","3","240","169","9.325"
"10","0.25","27","3.980916030534351","4","262","160","9.312977099236642"
"9","0.25","33","3.9583333333333335","3","240","169","9.325"
"11","0.29","31","4.0081632653061225","8","245","162","9.151020408163266"
"8","0.25","37","3.648854961832061","10","262","245","9.19083969465649"
"11","0.29","32","4.004081632653061","8","245","162","9.151020408163266"
"12","0.29","7","4.041322314049586","0","242","59","9.479338842975206"
"11","0.29","33","4.004115226337449","8","243","162","9.061728395061728"
"8","0.25","38","3.965250965250965","10","259","245","9.065637065637066"
"7","0.25","43","4.092936802973978","9","269","200","9.211895910780669"
"12","0.29","8","4.041322314049586","0","242","59","9.479338842975206"
"8","0.25","39","3.965250965250965","10","259","245","9.065637065637066"
"10","0.25","28","3.976923076923077","4","260","167","9.284615384615385"
"12","0.29","9","4.041841004184101","0","239","59","9.355648535564853"
"7","0.25","44","4.093283582089552","10","268","200","9.171641791044776"
"10","0.25","29","3.976923076923077","4","260","167","9.284615384615385"
"7","0.25","45","4.08955223880597","10","268","200","9.171641791044776"
"9","0.25","34","3.9583333333333335","3","240","189","9.491666666666667"
"10","0.25","30","3.9806949806949805","4","259","167","9.243243243243244"
"9","0.25","35","3.9583333333333335","3","240","189","9.491666666666667"
"11","0.29","34","4.004115226337449","8","243","182","9.22633744855967"
"9","0.25","36","3.957983193277311","3","238","189","9.420168067226891"
"11","0.29","35","4.008230452674897","8","243","182","9.22633744855967"
"12","0.29","10","4.0423728813559325","0","236","84","9.432203389830509"
"8","0.25","40","3.964980544747082","11","257","260","9.09727626459144"
"11","0.29","36","4.004149377593361","9","241","182","9.136929460580912"
"12","0.29","11","4.042553191489362","0","235","84","9.38723404255319"
"8","0.25","41","3.9686274509803923","12","255","260","9.011764705882353"
"7","0.25","46","4.093984962406015","11","266","218","9.233082706766917"
"12","0.29","12","4.042553191489362","0","235","84","9.38723404255319"
"10","0.25","31","3.9844357976653697","4","257","182","9.27626459143969"
"8","0.25","42","3.9686274509803923","12","255","260","9.011764705882353"
"7","0.25","47","4.093984962406015","11","266","218","9.233082706766917"
"10","0.25","32","3.984375","4","256","182","9.234375"
"7","0.25","48","4.093984962406015","11","266","218","9.233082706766917"
"10","0.25","33","3.984375","4","256","182","9.234375"
"9","0.25","37","3.637065637065637","3","259","201","9.18918918918919"
"11","0.29","37","3.7115384615384617","9","260","201","9.284615384615385"
"8","0.25","43","3.9686274509803923","12","255","285","9.207843137254901"
"9","0.25","38","4.007751937984496","3","258","201","9.147286821705427"
"11","0.29","38","4.007722007722008","10","259","201","9.243243243243244"
"12","0.29","13","3.7848605577689245","0","251","108","9.386454183266933"
"8","0.25","44","3.968503937007874","12","254","285","9.228346456692913"
"10","0.25","34","3.984375","4","256","197","9.3515625"
"9","0.25","39","3.9844961240310077","3","258","201","9.147286821705427"
"11","0.29","39","4.003921568627451","13","255","201","9.08235294117647"
"12","0.29","14","4.067729083665339","0","251","108","9.386454183266933"
"10","0.25","35","3.984313725490196","4","255","197","9.341176470588236"
"8","0.25","45","3.972332015810277","12","253","285","9.185770750988143"
"12","0.29","15","4.080321285140562","0","249","108","9.301204819277109"
"10","0.25","36","3.984313725490196","4","255","197","9.341176470588236"
"7","0.25","49","3.7587412587412588","11","286","239","9.174825174825175"
"9","0.25","40","3.980544747081712","4","257","212","9.198443579766536"
"7","0.25","50","4.053003533568905","13","283","239","9.060070671378092"
"8","0.25","46","3.9800796812749004","13","251","296","9.243027888446216"
"7","0.25","51","4.060283687943262","13","282","239","9.02127659574468"
"11","0.29","40","4.007936507936508","14","252","223","9.126984126984127"
"9","0.25","41","3.980392156862745","5","255","212","9.113725490196078"
"8","0.25","47","3.9759036144578315","13","249","296","9.164658634538153"
"12","0.29","16","4.076612903225806","0","248","124","9.387096774193548"
"11","0.29","41","4.007936507936508","14","252","223","9.126984126984127"
"9","0.25","42","3.980392156862745","5","255","212","9.113725490196078"
"8","0.25","48","3.97165991902834","13","247","296","9.085020242914979"
"11","0.29","42","4.007936507936508","14","252","223","9.126984126984127"
"12","0.29","17","4.076612903225806","0","248","124","9.387096774193548"
"12","0.29","18","4.076612903225806","0","248","124","9.387096774193548"
"10","0.25","37","3.7205882352941178","4","272","209","9.308823529411764"
"10","0.25","38","3.9442379182156135","4","269","209","9.24907063197026"
"10","0.25","39","3.9442379182156135","4","269","209","9.24907063197026"
"7","0.25","52","4.060283687943262","13","282","261","9.177304964539006"
"12","0.29","19","4.069105691056911","2","246","134","9.390243902439025"
"9","0.25","43","3.9762845849802373","5","253","232","9.185770750988143"
"11","0.29","43","4.00796812749004","14","251","251","9.306772908366534"
"11","0.29","44","4.00796812749004","14","251","251","9.306772908366534"
"12","0.29","20","4.061224489795919","2","245","134","9.346938775510203"
"7","0.25","53","4.067857142857143","14","280","261","9.107142857142858"
"9","0.25","44","3.9760956175298805","5","251","232","9.107569721115539"
"11","0.29","45","4.008","15","250","251","9.264"
"12","0.29","21","4.065573770491803","2","244","134","9.30327868852459"
"7","0.25","54","4.067857142857143","14","280","261","9.107142857142858"
"9","0.25","45","3.972","6","250","232","9.064"
"8","0.25","49","3.672932330827068","13","266","315","9.18796992481203"
"10","0.25","40","3.9288389513108615","4","267","221","9.258426966292134"
"8","0.25","50","3.969924812030075","13","266","315","9.18796992481203"
"10","0.25","41","3.9245283018867925","6","265","221","9.177358490566037"
"8","0.25","51","3.9774436090225564","13","266","315","9.18796992481203"
"10","0.25","42","3.9245283018867925","6","265","221","9.177358490566037"
"11","0.29","46","4.008032128514056","16","249","269","9.365461847389557"
"12","0.29","22","4.061475409836065","2","244","154","9.467213114754099"
"11","0.29","47","4.008097165991903","17","247","269","9.319838056680162"
"12","0.29","23","4.065573770491803","2","244","154","9.467213114754099"
"9","0.25","46","3.968","6","250","254","9.24"
"11","0.29","48","4.008097165991903","17","247","269","9.319838056680162"
"7","0.25","55","4.067857142857143","14","280","283","9.264285714285714"
"8","0.25","52","3.981132075471698","14","265","324","9.215094339622642"
"12","0.29","24","4.06198347107438","2","242","154","9.388429752066116"
"9","0.25","47","3.967871485943775","6","249","254","9.196787148594378"
"7","0.25","56","4.068100358422939","15","279","283","9.232974910394265"
"8","0.25","53","3.9809885931558937","15","263","324","9.201520912547528"
"9","0.25","48","3.967611336032389","6","247","254","9.117408906882591"
"10","0.25","43","3.9245283018867925","6","265","245","9.358490566037736"
"7","0.25","57","4.068100358422939","15","279","283","9.232974910394265"
"8","0.25","54","3.9808429118773945","16","261","324","9.118773946360154"
"10","0.25","44","3.923954372623574","8","263","245","9.277566539923955"
"10","0.25","45","3.9233716475095783","10","261","245","9.203065134099617"
"11","0.29","49","3.7777777777777777","18","261","283","9.363984674329503"
"12","0.29","25","3.888888888888889","2","252","170","9.412698412698413"
"11","0.29","50","4.007662835249042","18","261","283","9.363984674329503"
"8","0.25","55","3.9846153846153847","16","260","343","9.261538461538462"
"12","0.29","26","4.059523809523809","2","252","170","9.412698412698413"
"7","0.25","58","4.068100358422939","15","279","307","9.405017921146953"
"12","0.29","27","4.063492063492063","2","252","170","9.412698412698413"
"7","0.25","59","4.064981949458484","16","277","307","9.328519855595667"
"8","0.25","56","3.9806949806949805","16","259","343","9.22007722007722"
"10","0.25","46","3.9233716475095783","10","261","266","9.363984674329503"
"9","0.25","49","3.712121212121212","6","264","277","9.227272727272727"
"11","0.29","51","4.007692307692308","18","260","283","9.353846153846154"
"7","0.25","60","4.065454545454545","17","275","307","9.272727272727273"
"10","0.25","47","3.9233716475095783","10","261","266","9.363984674329503"
"8","0.25","57","3.9806949806949805","16","259","343","9.22007722007722"
"9","0.25","50","3.977272727272727","6","264","277","9.227272727272727"
"10","0.25","48","3.923076923076923","10","260","266","9.330769230769231"
"12","0.29","28","4.0476190476190474","2","252","177","9.468253968253968"
"9","0.25","51","3.9696969696969697","6","264","277","9.227272727272727"
"12","0.29","29","4.052","2","250","177","9.448"
"11","0.29","52","4.007722007722008","18","259","294","9.397683397683398"
"12","0.29","30","4.048387096774194","2","248","177","9.387096774193548"
"11","0.29","53","4.007722007722008","18","259","294","9.397683397683398"
"8","0.25","58","3.9806201550387597","16","258","356","9.294573643410853"
"11","0.29","54","4.01171875","19","256","294","9.28125"
"8","0.25","59","3.980544747081712","16","257","356","9.27626459143969"
"9","0.25","52","3.96958174904943","6","263","287","9.32319391634981"
"8","0.25","60","3.984251968503937","17","254","356","9.196850393700787"
"9","0.25","53","3.969465648854962","7","262","287","9.282442748091603"
"12","0.29","31","4.05241935483871","2","248","186","9.459677419354838"
"7","0.25","61","3.8546712802768166","17","289","328","9.314878892733564"
"12","0.29","32","4.048387096774194","2","248","186","9.459677419354838"
"9","0.25","54","3.9693486590038316","7","261","287","9.241379310344827"
"10","0.25","49","3.762962962962963","10","270","278","9.4"
"10","0.25","50","3.9","10","270","278","9.4"
"12","0.29","33","4.052631578947368","3","247","186","9.417004048582996"
"7","0.25","62","4.090909090909091","18","286","328","9.202797202797203"
"10","0.25","51","3.903345724907063","10","269","278","9.360594795539033"
"11","0.29","55","4.011764705882353","19","255","312","9.39607843137255"
"7","0.25","63","4.095070422535211","19","284","328","9.133802816901408"
"11","0.29","56","4.011764705882353","19","255","312","9.39607843137255"
"11","0.29","57","4.007936507936508","20","252","312","9.26984126984127"
"9","0.25","55","3.9693486590038316","7","261","306","9.386973180076629"
"12","0.29","34","4.048780487804878","3","246","198","9.471544715447154"
"12","0.29","35","4.0528455284552845","3","246","198","9.471544715447154"
"8","0.25","61","3.7686567164179103","17","268","373","9.32089552238806"
"9","0.25","56","3.9693486590038316","7","261","306","9.386973180076629"
"10","0.25","52","3.9029850746268657","11","268","291","9.417910447761194"
"12","0.29","36","4.048979591836734","3","245","198","9.428571428571429"
"8","0.25","62","4","17","267","373","9.280898876404494"
"9","0.25","57","3.969111969111969","9","259","306","9.305019305019306"
"10","0.25","53","3.9029850746268657","11","268","291","9.417910447761194"
"7","0.25","64","4.095406360424028","20","283","355","9.286219081272085"
"8","0.25","63","4.007547169811321","17","265","373","9.215094339622642"
"10","0.25","54","3.9029850746268657","11","268","291","9.417910447761194"
"11","0.29","58","4.011904761904762","20","252","325","9.373015873015873"
"7","0.25","65","4.099644128113879","21","281","355","9.252669039145907"
"11","0.29","59","4.011904761904762","20","252","325","9.373015873015873"
"7","0.25","66","4.103202846975089","21","281","355","9.252669039145907"
"11","0.29","60","4.007936507936508","20","252","325","9.373015873015873"
"9","0.25","58","3.969111969111969","9","259","321","9.420849420849422"
"10","0.25","55","3.9022556390977443","12","266","303","9.458646616541353"
"12","0.29","37","3.7169811320754715","4","265","211","9.237735849056603"
"9","0.25","59","3.969111969111969","9","259","321","9.420849420849422"
"8","0.25","64","4.007547169811321","17","265","387","9.320754716981131"
"10","0.25","56","3.9022556390977443","12","266","303","9.458646616541353"
"12","0.29","38","4.026415094339622","4","265","211","9.237735849056603"
"9","0.25","60","3.9689922480620154","10","258","321","9.387596899224807"
"8","0.25","65","4","18","264","387","9.280303030303031"
"10","0.25","57","3.9022556390977443","12","266","303","9.458646616541353"
"12","0.29","39","4.03030303030303","5","264","211","9.196969696969697"
"7","0.25","67","4.100358422939068","22","279","368","9.275985663082437"
"8","0.25","66","4","18","261","387","9.164750957854405"
"7","0.25","68","4.100358422939068","22","279","368","9.275985663082437"
"11","0.29","61","3.6498194945848375","20","277","338","9.104693140794224"
"7","0.25","69","4.100358422939068","22","279","368","9.275985663082437"
"11","0.29","62","4.0324909747292415","20","277","338","9.104693140794224"
"10","0.25","58","3.90188679245283","12","265","312","9.486792452830189"
"12","0.29","40","4.022900763358779","5","262","219","9.17557251908397"
"11","0.29","63","4.050724637681159","20","276","338","9.072463768115941"
"10","0.25","59","3.9053030303030303","12","264","312","9.446969696969697"
"12","0.29","41","4.015325670498084","5","261","219","9.134099616858238"
"8","0.25","67","3.996138996138996","19","259","411","9.274131274131275"
"9","0.25","61","3.6056338028169015","10","284","332","9.06338028169014"
"10","0.25","60","3.9053030303030303","12","264","312","9.446969696969697"
"12","0.29","42","4.019157088122605","5","261","219","9.134099616858238"
"8","0.25","68","3.996124031007752","19","258","411","9.232558139534884"
"9","0.25","62","3.971631205673759","11","282","332","8.99290780141844"
"7","0.25","70","4.0978260869565215","23","276","385","9.282608695652174"
"8","0.25","69","3.992217898832685","19","257","411","9.190661478599221"
"9","0.25","63","3.97864768683274","11","281","332","8.95373665480427"
"7","0.25","71","4.0978260869565215","23","276","385","9.282608695652174"
"11","0.29","64","4.043956043956044","21","273","351","9.047619047619047"
"7","0.25","72","4.098181818181819","23","275","385","9.28"
"11","0.29","65","4.0476190476190474","21","273","351","9.047619047619047"
"11","0.29","66","4.0476190476190474","21","273","351","9.047619047619047"
"12","0.29","43","4.023076923076923","5","260","240","9.253846153846155"
"12","0.29","44","4.023076923076923","5","260","240","9.253846153846155"
"8","0.25","70","3.9961089494163424","19","257","436","9.385214007782102"
"10","0.25","61","3.641843971631206","12","282","320","9.319148936170214"
"12","0.29","45","4.023166023166024","6","259","240","9.212355212355213"
"9","0.25","64","3.9785714285714286","11","280","359","9.107142857142858"
"10","0.25","62","3.9288256227758005","13","281","320","9.281138790035588"
"8","0.25","71","3.9921259842519685","21","254","436","9.26771653543307"
"10","0.25","63","3.931654676258993","15","278","320","9.16546762589928"
"8","0.25","72","4","21","253","436","9.225296442687746"
"9","0.25","65","3.9747292418772564","14","277","359","8.989169675090253"
"11","0.29","67","4.0476190476190474","21","273","363","9.135531135531135"
"9","0.25","66","3.9711191335740073","14","277","359","8.989169675090253"
"11","0.29","68","4.044444444444444","23","270","363","9.014814814814814"
"7","0.25","73","3.98220640569395","24","281","405","9.423487544483987"
"11","0.29","69","4.037174721189591","24","269","363","8.973977695167287"
"12","0.29","46","4.019455252918288","6","257","257","9.30739299610895"
"7","0.25","74","4.096085409252669","24","281","405","9.423487544483987"
"12","0.29","47","4.015625","6","256","257","9.265625"
"7","0.25","75","4.093189964157706","24","279","405","9.35483870967742"
"12","0.29","48","4.015686274509804","6","255","257","9.231372549019607"
"10","0.25","64","3.9280575539568345","15","278","331","9.244604316546763"
"10","0.25","65","3.9244604316546763","15","278","331","9.244604316546763"
"9","0.25","67","3.9709090909090907","14","275","387","9.149090909090908"
"10","0.25","66","3.931159420289855","17","276","331","9.166666666666666"
"8","0.25","73","3.68","21","275","460","9.214545454545455"
"9","0.25","68","3.9709090909090907","14","275","387","9.149090909090908"
"11","0.29","70","4.037174721189591","24","269","386","9.144981412639405"
"7","0.25","76","4.097122302158273","25","278","414","9.381294964028777"
"8","0.25","74","3.9413919413919416","22","273","460","9.135531135531135"
"9","0.25","69","3.970695970695971","15","273","387","9.06959706959707"
"11","0.29","71","4.037593984962406","25","266","386","9.022556390977444"
"7","0.25","77","4.0978260869565215","25","276","414","9.31159420289855"
"8","0.25","75","3.9411764705882355","22","272","460","9.095588235294118"
"11","0.29","72","4.037735849056604","25","265","386","8.981132075471699"
"7","0.25","78","4.094545454545455","25","275","414","9.272727272727273"
"12","0.29","49","3.849056603773585","7","265","274","9.441509433962263"
"10","0.25","67","3.934306569343066","18","274","350","9.226277372262773"
"12","0.29","50","4.026717557251908","8","262","274","9.32824427480916"
"12","0.29","51","4.019083969465649","8","262","274","9.32824427480916"
"10","0.25","68","3.93040293040293","19","273","350","9.186813186813186"
"10","0.25","69","3.9375","19","272","350","9.147058823529411"
"9","0.25","70","3.9705882352941178","15","272","413","9.220588235294118"
"8","0.25","76","3.948529411764706","22","272","479","9.235294117647058"
"7","0.25","79","4.098540145985401","25","274","432","9.364963503649635"
"9","0.25","71","3.9705882352941178","15","272","413","9.220588235294118"
"8","0.25","77","3.9444444444444446","23","270","479","9.162962962962963"
"7","0.25","80","4.095238095238095","25","273","432","9.326007326007327"
"9","0.25","72","3.9703703703703703","16","270","413","9.148148148148149"
"8","0.25","78","3.9444444444444446","23","270","479","9.162962962962963"
"7","0.25","81","4.095588235294118","26","272","432","9.308823529411764"
"11","0.29","73","3.8974358974358974","25","273","409","9.406593406593407"
"12","0.29","52","4.015325670498084","8","261","286","9.379310344827585"
"11","0.29","74","4.033210332103321","25","271","409","9.328413284132841"
"12","0.29","53","4.015325670498084","8","261","286","9.379310344827585"
"11","0.29","75","4.029739776951673","25","269","409","9.278810408921933"
"12","0.29","54","4.019305019305019","9","259","286","9.297297297297296"
"10","0.25","70","3.9411764705882355","19","272","372","9.308823529411764"
"10","0.25","71","3.933579335793358","20","271","372","9.269372693726938"
"8","0.25","79","3.9442379182156135","23","269","494","9.234200743494425"
"10","0.25","72","3.9296296296296296","21","270","372","9.22962962962963"
"8","0.25","80","3.9440298507462686","23","268","494","9.194029850746269"
"7","0.25","82","4.095588235294118","26","272","447","9.419117647058824"
"8","0.25","81","3.943820224719101","23","267","494","9.153558052434457"
"7","0.25","83","4.0962962962962965","27","270","447","9.34074074074074"
"11","0.29","76","4.033707865168539","25","267","430","9.355805243445692"
"11","0.29","77","4.033707865168539","25","267","430","9.355805243445692"
"7","0.25","84","4.092592592592593","27","270","447","9.34074074074074"
"12","0.29","55","4.01953125","10","256","309","9.375"
"9","0.25","73","3.683848797250859","16","291","435","9.168384879725085"
"11","0.29","78","4.033834586466165","25","266","430","9.323308270676693"
"12","0.29","56","4.019607843137255","11","255","309","9.333333333333334"
"9","0.25","74","3.9827586206896552","16","290","435","9.13103448275862"
"12","0.29","57","4.019685039370079","11","254","309","9.291338582677165"
"9","0.25","75","3.982698961937716","17","289","435","9.093425605536332"
"8","0.25","82","3.943820224719101","23","267","518","9.333333333333334"
"8","0.25","83","3.9431818181818183","23","264","518","9.219696969696969"
"10","0.25","73","3.74468085106383","21","282","387","9.361702127659575"
"11","0.29","79","4.030075187969925","25","266","454","9.503759398496241"
"8","0.25","84","3.946768060836502","23","263","518","9.186311787072244"
"10","0.25","74","3.9466192170818504","21","281","387","9.323843416370106"
"10","0.25","75","3.9464285714285716","21","280","387","9.285714285714286"
"11","0.29","80","4.034090909090909","25","264","454","9.424242424242424"
"12","0.29","58","4.023715415019763","11","253","329","9.40711462450593"
"7","0.25","85","3.8229166666666665","28","288","460","9.291666666666666"
"11","0.29","81","4.034090909090909","25","264","454","9.424242424242424"
"12","0.29","59","4.027888446215139","12","251","329","9.330677290836654"
"7","0.25","86","4.131944444444445","28","288","460","9.291666666666666"
"9","0.25","76","3.9825783972125435","17","287","452","9.142857142857142"
"7","0.25","87","4.125874125874126","28","286","460","9.223776223776223"
"12","0.29","60","4.027888446215139","12","251","329","9.330677290836654"
"9","0.25","77","3.982456140350877","18","285","452","9.066666666666666"
"10","0.25","76","3.953405017921147","21","279","395","9.304659498207885"
"9","0.25","78","3.9858657243816253","19","283","452","8.996466431095406"
"10","0.25","77","3.949820788530466","21","279","395","9.304659498207885"
"11","0.29","82","4.034090909090909","25","264","473","9.568181818181818"
"10","0.25","78","3.953405017921147","21","279","395","9.304659498207885"
"11","0.29","83","4.030418250950571","25","263","473","9.52851711026616"
"8","0.25","85","3.76","23","275","542","9.36"
"11","0.29","84","4.026615969581749","25","263","473","9.52851711026616"
"7","0.25","88","4.125874125874126","28","286","474","9.321678321678322"
"8","0.25","86","3.96","23","275","542","9.36"
"7","0.25","89","4.126315789473685","28","285","474","9.284210526315789"
"8","0.25","87","3.9452554744525545","23","274","542","9.321167883211679"
"12","0.29","61","3.7715355805243447","13","267","351","9.310861423220974"
"7","0.25","90","4.126315789473685","28","285","474","9.284210526315789"
"9","0.25","79","3.9893617021276597","20","282","486","9.198581560283689"
"12","0.29","62","4.086466165413534","13","266","351","9.278195488721805"
"10","0.25","79","3.949458483754513","22","277","403","9.28519855595668"
"9","0.25","80","3.98576512455516","21","281","486","9.160142348754448"
"10","0.25","80","3.9563636363636365","22","275","403","9.214545454545455"
"12","0.29","63","4.078947368421052","13","266","351","9.278195488721805"
"10","0.25","81","3.9525547445255476","23","274","403","9.175182481751825"
"9","0.25","81","3.98220640569395","21","281","486","9.160142348754448"
"11","0.29","85","3.7949640287769784","25","278","488","9.39568345323741"
"11","0.29","86","4.014388489208633","25","278","488","9.39568345323741"
"8","0.25","88","3.9452554744525545","23","274","556","9.423357664233576"
"7","0.25","91","4.120141342756184","28","283","483","9.314487632508834"
"11","0.29","87","4.0181818181818185","26","275","488","9.28"
"8","0.25","89","3.952029520295203","24","271","556","9.350553505535055"
"12","0.29","64","4.086466165413534","13","266","364","9.37593984962406"
"7","0.25","92","4.109540636042403","28","283","483","9.314487632508834"
"7","0.25","93","4.1138790035587185","29","281","483","9.245551601423488"
"8","0.25","90","3.9555555555555557","24","270","556","9.311111111111112"
"12","0.29","65","4.086792452830188","13","265","364","9.335849056603774"
"12","0.29","66","4.086792452830188","13","265","364","9.335849056603774"
"9","0.25","82","3.982078853046595","22","279","509","9.24731182795699"
"10","0.25","82","3.95985401459854","23","274","427","9.35036496350365"
"9","0.25","83","3.9820143884892087","22","278","509","9.251798561151078"
"11","0.29","88","4.021897810218978","26","274","502","9.343065693430656"
"10","0.25","83","3.956043956043956","23","273","427","9.326007326007327"
"9","0.25","84","3.9820143884892087","22","278","509","9.251798561151078"
"11","0.29","89","4.018315018315018","26","273","502","9.304029304029305"
"10","0.25","84","3.959409594095941","25","271","427","9.261992619926199"
"7","0.25","94","4.110714285714286","29","280","498","9.35"
"11","0.29","90","4.022058823529412","26","272","502","9.264705882352942"
"12","0.29","67","4.086792452830188","13","265","370","9.381132075471697"
"8","0.25","91","3.9553903345724906","24","269","573","9.397769516728625"
"7","0.25","95","4.108303249097473","31","277","498","9.24187725631769"
"12","0.29","68","4.088122605363985","14","261","370","9.226053639846743"
"8","0.25","92","3.958955223880597","25","268","573","9.35820895522388"
"7","0.25","96","4.094890510948905","33","274","498","9.13138686131387"
"12","0.29","69","4.088461538461538","14","260","370","9.184615384615384"
"8","0.25","93","3.958955223880597","25","268","573","9.35820895522388"
"11","0.29","91","4.022058823529412","26","272","525","9.433823529411764"
"11","0.29","92","4.022058823529412","26","272","525","9.433823529411764"
"11","0.29","93","4.025830258302583","26","271","525","9.394833948339484"
"12","0.29","70","4.088461538461538","14","260","388","9.323076923076924"
"10","0.25","85","3.6462585034013606","25","294","445","9.272108843537415"
"9","0.25","85","3.604575163398693","23","306","524","9.169934640522875"
"12","0.29","71","4.088803088803089","14","259","388","9.281853281853282"
"10","0.25","86","3.9625850340136055","25","294","445","9.272108843537415"
"8","0.25","94","3.958801498127341","25","267","588","9.430711610486892"
"12","0.29","72","4.089147286821706","15","258","388","9.24031007751938"
"9","0.25","86","3.9836065573770494","24","305","524","9.134426229508197"
"8","0.25","95","3.9586466165413534","25","266","588","9.443609022556391"
"10","0.25","87","3.9590443686006824","26","293","445","9.235494880546074"
"7","0.25","97","3.9192982456140353","34","285","523","9.347368421052632"
"8","0.25","96","3.9584905660377356","25","265","588","9.418867924528302"
"11","0.29","94","4.022222222222222","26","270","538","9.451851851851853"
"9","0.25","87","3.9901315789473686","24","304","524","9.098684210526315"
"7","0.25","98","4.105633802816901","34","284","523","9.309859154929578"
"11","0.29","95","4.022222222222222","26","270","538","9.451851851851853"
"7","0.25","99","4.098591549295775","34","284","523","9.309859154929578"
"11","0.29","96","4.022222222222222","26","270","538","9.451851851851853"
"10","0.25","88","3.9688581314878895","28","289","458","9.176470588235293"
"10","0.25","89","3.9756944444444446","28","288","458","9.13888888888889"
"12","0.29","73","3.870848708487085","15","271","399","9.261992619926199"
"10","0.25","90","3.982638888888889","28","288","458","9.13888888888889"
"9","0.25","88","3.9735099337748343","25","302","543","9.185430463576159"
"12","0.29","74","4.121771217712177","15","271","399","9.261992619926199"
"7","0.25","100","4.095070422535211","34","284","536","9.401408450704226"
"8","0.25","97","3.8810408921933086","25","269","601","9.591078066914498"
"12","0.29","75","4.118518518518519","15","270","399","9.222222222222221"
"9","0.25","89","3.9635761589403975","25","302","543","9.185430463576159"
"8","0.25","98","3.9586466165413534","25","266","601","9.473684210526315"
"7","0.25","101","4.095744680851064","35","282","536","9.361702127659575"
"11","0.29","97","3.7797202797202796","26","286","543","9.286713286713287"
"9","0.25","90","3.963455149501661","25","301","543","9.196013289036545"
"8","0.25","99","3.9586466165413534","25","266","601","9.473684210526315"
"7","0.25","102","4.088967971530249","35","281","536","9.380782918149466"
"11","0.29","98","4.066901408450704","26","284","543","9.211267605633802"
"11","0.29","99","4.045774647887324","26","284","543","9.211267605633802"
"10","0.25","91","3.9791666666666665","28","288","482","9.305555555555555"
"12","0.29","76","4.1169811320754715","16","265","415","9.147169811320754"
"12","0.29","77","4.110266159695818","17","263","415","9.11787072243346"
"10","0.25","92","3.9825783972125435","29","287","482","9.268292682926829"
"12","0.29","78","4.1038461538461535","18","260","415","9.007692307692308"
"8","0.25","100","3.9618320610687023","25","262","614","9.412213740458014"
"7","0.25","103","4.082437275985663","36","279","545","9.376344086021506"
"10","0.25","93","3.986013986013986","29","286","482","9.23076923076923"
"8","0.25","101","3.954198473282443","25","262","614","9.412213740458014"
"7","0.25","104","4.083333333333333","37","276","545","9.26086956521739"
"11","0.29","100","4.063604240282685","26","283","556","9.265017667844523"
"9","0.25","91","3.963455149501661","25","301","558","9.295681063122924"
"8","0.25","102","3.9536679536679538","26","259","614","9.297297297297296"
"7","0.25","105","4.090579710144928","37","276","545","9.26086956521739"
"11","0.29","101","4.053571428571429","27","280","556","9.157142857142857"
"9","0.25","92","3.963455149501661","25","301","558","9.295681063122924"
"11","0.29","102","4.064516129032258","27","279","556","9.118279569892474"
"9","0.25","93","3.9633333333333334","26","300","558","9.266666666666667"
"12","0.29","79","4.116279069767442","20","258","447","9.170542635658915"
"10","0.25","94","3.9825174825174825","29","286","506","9.398601398601398"
"12","0.29","80","4.109375","20","256","447","9.1015625"
"10","0.25","95","3.9789473684210526","30","285","506","9.36140350877193"
"8","0.25","103","3.945525291828794","28","257","638","9.408560311284047"
"12","0.29","81","4.11328125","20","256","447","9.1015625"
"10","0.25","96","3.982456140350877","30","285","506","9.36140350877193"
"7","0.25","106","4.083941605839416","37","274","572","9.379562043795621"
"8","0.25","104","3.9571984435797667","28","257","638","9.408560311284047"
"11","0.29","103","4.057553956834532","27","278","589","9.323741007194245"
"8","0.25","105","3.945525291828794","28","257","638","9.408560311284047"
"7","0.25","107","4.084249084249084","38","273","572","9.347985347985349"
"9","0.25","94","3.962962962962963","26","297","571","9.252525252525253"
"11","0.29","104","4.054151624548736","28","277","589","9.292418772563177"
"7","0.25","108","4.0777777777777775","38","270","572","9.244444444444444"
"9","0.25","95","3.9662162162162162","27","296","571","9.216216216216216"
"11","0.29","105","4.057971014492754","28","276","589","9.253623188405797"
"9","0.25","96","3.9694915254237286","27","295","571","9.179661016949153"
"12","0.29","82","4.109803921568627","20","255","479","9.349019607843138"
"8","0.25","106","3.953125","28","256","660","9.5390625"
"12","0.29","83","4.113725490196078","20","255","479","9.349019607843138"
"8","0.25","107","3.9448818897637796","28","254","660","9.456692913385826"
"10","0.25","97","3.913494809688581","31","289","517","9.515570934256056"
"12","0.29","84","4.110236220472441","20","254","479","9.307086614173228"
"8","0.25","108","3.9565217391304346","28","253","660","9.41501976284585"
"10","0.25","98","3.989547038327526","32","287","517","9.442508710801393"
"11","0.29","106","4.061594202898551","28","276","607","9.384057971014492"
"10","0.25","99","3.9859154929577465","34","284","517","9.345070422535212"
"11","0.29","107","4.050724637681159","28","276","607","9.384057971014492"
"7","0.25","109","3.795847750865052","38","289","595","9.301038062283737"
"11","0.29","108","4.058181818181819","28","275","607","9.345454545454546"
"7","0.25","110","4.086505190311419","38","289","595","9.301038062283737"
"9","0.25","97","3.877483443708609","27","302","597","9.490066225165563"
"7","0.25","111","4.087108013937282","38","287","595","9.233449477351916"
"12","0.29","85","3.8689138576779025","21","267","498","9.325842696629213"
"9","0.25","98","3.9503311258278146","27","302","597","9.490066225165563"
"10","0.25","100","3.9893238434163703","35","281","535","9.359430604982206"
"12","0.29","86","4.082706766917293","21","266","498","9.285714285714286"
"8","0.25","109","3.5412186379928317","28","279","680","9.197132616487455"
"10","0.25","101","3.989247311827957","35","279","535","9.304659498207885"
"9","0.25","99","3.953333333333333","27","300","597","9.44"
"12","0.29","87","4.101503759398496","21","266","498","9.285714285714286"
"8","0.25","110","3.971326164874552","28","279","680","9.197132616487455"
"10","0.25","102","3.9927797833935017","35","277","535","9.227436823104693"
"8","0.25","111","3.978494623655914","28","279","680","9.197132616487455"
"7","0.25","112","4.083623693379791","38","287","607","9.317073170731707"
"11","0.29","109","3.8088737201365186","28","293","619","9.34470989761092"
"7","0.25","113","4.08421052631579","38","285","607","9.284210526315789"
"11","0.29","110","4.054607508532423","28","293","619","9.34470989761092"
"7","0.25","114","4.084507042253521","38","284","607","9.267605633802816"
"12","0.29","88","4.097744360902255","21","266","508","9.360902255639099"
"11","0.29","111","4.054794520547945","28","292","619","9.308219178082192"
"12","0.29","89","4.1056603773584905","22","265","508","9.320754716981131"
"9","0.25","100","3.963210702341137","27","299","605","9.45819397993311"
"8","0.25","112","3.9784172661870505","29","278","685","9.194244604316546"
"12","0.29","90","4.09811320754717","22","265","508","9.320754716981131"
"9","0.25","101","3.9698996655518393","27","299","605","9.45819397993311"
"8","0.25","113","3.9711191335740073","29","277","685","9.155234657039712"
"10","0.25","103","3.9891696750902526","35","277","566","9.451263537906136"
"9","0.25","102","3.972972972972973","27","296","605","9.385135135135135"
"8","0.25","114","3.9747292418772564","29","277","685","9.155234657039712"
"10","0.25","104","3.9927797833935017","35","277","566","9.451263537906136"
"7","0.25","115","4.084507042253521","38","284","617","9.338028169014084"
"11","0.29","112","4.058419243986254","29","291","628","9.333333333333334"
"10","0.25","105","3.9855072463768115","35","276","566","9.41304347826087"
"7","0.25","116","4.084507042253521","38","284","617","9.338028169014084"
"12","0.29","91","4.1022727272727275","22","264","518","9.356060606060606"
"11","0.29","113","4.058419243986254","29","291","628","9.333333333333334"
"7","0.25","117","4.084805653710247","38","283","617","9.30035335689046"
"12","0.29","92","4.106870229007634","23","262","518","9.305343511450381"
"11","0.29","114","4.055363321799308","30","289","628","9.259515570934257"
"12","0.29","93","4.10727969348659","23","261","518","9.264367816091953"
"8","0.25","115","3.9782608695652173","29","276","698","9.253623188405797"
"9","0.25","103","3.9728813559322034","27","295","624","9.477966101694916"
"8","0.25","116","3.9963503649635035","31","274","698","9.175182481751825"
"9","0.25","104","3.979591836734694","27","294","624","9.4421768707483"
"10","0.25","106","3.989051094890511","37","274","580","9.437956204379562"
"8","0.25","117","3.989051094890511","31","274","698","9.175182481751825"
"7","0.25","118","4.085106382978723","38","282","626","9.340425531914894"
"9","0.25","105","3.979591836734694","27","294","624","9.4421768707483"
"10","0.25","107","3.9779411764705883","38","272","580","9.367647058823529"
"7","0.25","119","4.07829181494662","38","281","626","9.338078291814947"
"11","0.29","115","4.059233449477352","32","287","644","9.296167247386759"
"10","0.25","108","3.9851851851851854","38","270","580","9.296296296296296"
"12","0.29","94","4.111111111111111","23","261","541","9.440613026819923"
"11","0.29","116","4.056338028169014","33","284","644","9.183098591549296"
"7","0.25","120","4.07829181494662","38","281","626","9.338078291814947"
"12","0.29","95","4.114942528735632","23","261","541","9.440613026819923"
"11","0.29","117","4.067375886524823","33","282","644","9.106382978723405"
"12","0.29","96","4.111969111969112","24","259","541","9.35907335907336"
"8","0.25","118","3.992619926199262","31","271","712","9.158671586715867"
"9","0.25","106","3.979591836734694","27","294","635","9.517006802721088"
"8","0.25","119","3.985239852398524","31","271","712","9.158671586715867"
"9","0.25","107","3.9795221843003414","28","293","635","9.481228668941979"
"8","0.25","120","3.99250936329588","33","267","712","9.02621722846442"
"9","0.25","108","3.9828178694158076","28","291","635","9.40893470790378"
"10","0.25","109","3.795053003533569","38","283","612","9.448763250883392"
"12","0.29","97","3.7928571428571427","25","280","557","9.192857142857143"
"13","0.29","0","4.089068825910931","0","247","0","9.17408906882591"
"11","0.29","118","4.056939501779359","33","281","678","9.330960854092528"
"10","0.25","110","3.9680851063829787","39","282","612","9.411347517730496"
"12","0.29","98","4.115107913669065","27","278","557","9.115107913669064"
"11","0.29","119","4.064981949458484","34","277","678","9.191335740072201"
"10","0.25","111","3.971223021582734","42","278","612","9.266187050359711"
"12","0.29","99","4.10431654676259","27","278","557","9.115107913669064"
"11","0.29","120","4.054151624548736","34","277","678","9.191335740072201"
"14","0.29","0","4.145748987854251","0","247","0","9.165991902834008"
"13","0.29","1","4.0242914979757085","0","247","31","9.425101214574898"
"13","0.29","2","3.9836065573770494","0","244","31","9.295081967213115"
"9","0.25","109","3.8026315789473686","28","304","649","9.388157894736842"
"13","0.29","3","3.987704918032787","0","244","31","9.295081967213115"
"12","0.29","100","4.111510791366906","27","278","569","9.201438848920864"
"10","0.25","112","3.964028776978417","42","278","632","9.410071942446043"
"12","0.29","101","4.11913357400722","28","277","569","9.16245487364621"
"10","0.25","113","3.9676258992805757","42","278","632","9.410071942446043"
"9","0.25","110","3.9967105263157894","28","304","649","9.388157894736842"
"12","0.29","102","4.115942028985507","28","276","569","9.123188405797102"
"10","0.25","114","3.963898916967509","42","277","632","9.371841155234657"
"15","0.29","0","4.080168776371308","0","237","0","9.19831223628692"
"9","0.25","111","4","28","303","649","9.353135313531354"
"14","0.29","1","4.198380566801619","0","247","22","9.34412955465587"
"14","0.29","2","4.138211382113822","1","246","22","9.300813008130081"
"13","0.29","4","3.987704918032787","0","244","54","9.48360655737705"
"14","0.29","3","4.14344262295082","1","244","22","9.21311475409836"
"13","0.29","5","3.987704918032787","0","244","54","9.48360655737705"
"13","0.29","6","3.9876543209876543","1","243","54","9.440329218106996"
"10","0.25","115","3.9711191335740073","42","277","641","9.436823104693142"
"12","0.29","103","4.115942028985507","28","276","585","9.23913043478261"
"15","0.29","1","4.088983050847458","0","236","29","9.398305084745763"
"10","0.25","116","3.967391304347826","42","276","641","9.398550724637682"
"12","0.29","104","4.116363636363636","28","275","585","9.2"
"9","0.25","112","4.009966777408638","28","301","661","9.382059800664452"
"15","0.29","2","4.072340425531915","1","235","29","9.353191489361702"
"10","0.25","117","3.971014492753623","42","276","641","9.398550724637682"
"12","0.29","105","4.12","28","275","585","9.2"
"15","0.29","3","4.0638297872340425","1","235","29","9.353191489361702"
"14","0.29","4","4.14344262295082","1","244","47","9.418032786885245"
"9","0.25","113","4.009966777408638","28","301","661","9.382059800664452"
"13","0.29","7","3.987603305785124","2","242","72","9.545454545454545"
"14","0.29","5","4.1440329218107","1","243","47","9.37448559670782"
"9","0.25","114","4.006666666666667","28","300","661","9.346666666666666"
"13","0.29","8","3.987551867219917","2","241","72","9.50207468879668"
"14","0.29","6","4.1440329218107","1","243","47","9.37448559670782"
"13","0.29","9","3.987551867219917","2","241","72","9.50207468879668"
"10","0.25","118","3.9635036496350367","42","274","647","9.372262773722628"
"12","0.29","106","4.127272727272727","28","275","601","9.316363636363636"
"10","0.25","119","3.9633699633699635","42","273","647","9.333333333333334"
"15","0.29","4","4.068376068376068","1","234","47","9.461538461538462"
"12","0.29","107","4.123636363636364","28","275","601","9.316363636363636"
"15","0.29","5","4.064377682403434","1","233","47","9.416309012875537"
"10","0.25","120","3.955719557195572","43","271","647","9.254612546125461"
"13","0.29","10","3.99163179916318","3","239","88","9.548117154811715"
"14","0.29","7","4.1440329218107","1","243","70","9.563786008230453"
"15","0.29","6","4.068669527896995","1","233","47","9.416309012875537"
"12","0.29","108","4.131868131868132","29","273","601","9.238095238095237"
"13","0.29","11","3.991596638655462","3","238","88","9.504201680672269"
"14","0.29","8","4.1440329218107","1","243","70","9.563786008230453"
"9","0.25","115","4.01010101010101","28","297","676","9.34006734006734"
"13","0.29","12","3.9915254237288136","3","236","88","9.415254237288135"
"14","0.29","9","4.1440329218107","1","243","70","9.563786008230453"
"9","0.25","116","4.013559322033898","30","295","676","9.267796610169492"
"9","0.25","117","4.010204081632653","31","294","676","9.244897959183673"
"15","0.29","7","4.064655172413793","1","232","66","9.53448275862069"
"15","0.29","8","4.068965517241379","1","232","66","9.53448275862069"
"14","0.29","10","4.1440329218107","1","243","76","9.613168724279836"
"15","0.29","9","4.073275862068965","1","232","66","9.53448275862069"
"14","0.29","11","4.1440329218107","1","243","76","9.613168724279836"
"16","0.29","0","4.205533596837944","0","253","0","9.233201581027668"
"12","0.29","109","3.778523489932886","29","298","620","9.060402684563758"
"14","0.29","12","4.144628099173554","1","242","76","9.586776859504132"
"13","0.29","13","3.6653696498054473","3","257","111","9.315175097276265"
"12","0.29","110","4.128378378378378","30","296","620","9.013513513513514"
"13","0.29","14","3.9883268482490273","3","257","111","9.315175097276265"
"12","0.29","111","4.118243243243243","30","296","620","9.013513513513514"
"15","0.29","10","4.073593073593074","1","231","78","9.593073593073592"
"13","0.29","15","3.996078431372549","4","255","111","9.231372549019607"
"9","0.25","118","4.013651877133106","31","293","704","9.399317406143345"
"15","0.29","11","4.073593073593074","1","231","78","9.593073593073592"
"9","0.25","119","4.010238907849829","31","293","704","9.399317406143345"
"15","0.29","12","4.073913043478261","2","230","78","9.547826086956523"
"16","0.29","1","4.115537848605578","0","251","34","9.434262948207172"
"9","0.25","120","4.013745704467354","31","291","704","9.333333333333334"
"16","0.29","2","4.120481927710843","0","249","34","9.349397590361447"
"14","0.29","13","3.7406015037593985","1","266","83","9.210526315789474"
"16","0.29","3","4.121951219512195","0","246","34","9.235772357723578"
"14","0.29","14","4.132075471698113","1","265","83","9.169811320754716"
"13","0.29","16","3.9960629921259843","4","254","119","9.251968503937007"
"12","0.29","112","4.121621621621622","30","296","636","9.121621621621621"
"14","0.29","15","4.129770992366412","1","262","83","9.053435114503817"
"13","0.29","17","3.992094861660079","4","253","119","9.209486166007904"
"12","0.29","113","4.118243243243243","30","296","636","9.121621621621621"
"13","0.29","18","3.988095238095238","4","252","119","9.166666666666666"
"12","0.29","114","4.122033898305085","30","295","636","9.084745762711865"
"15","0.29","13","3.8244897959183675","2","245","92","9.379591836734694"
"15","0.29","14","4.090534979423868","2","243","92","9.292181069958847"
"15","0.29","15","4.090909090909091","3","242","92","9.24793388429752"
"17","0.29","0","3.911214953271028","0","214","0","9.102803738317757"
"14","0.29","16","4.145593869731801","1","261","98","9.18007662835249"
"16","0.29","4","4.122950819672131","0","244","70","9.442622950819672"
"16","0.29","5","4.122950819672131","0","244","70","9.442622950819672"
"14","0.29","17","4.155038759689923","1","258","98","9.054263565891473"
"13","0.29","19","3.988","5","250","142","9.28"
"16","0.29","6","4.122950819672131","0","244","70","9.442622950819672"
"12","0.29","115","4.11864406779661","30","295","652","9.193220338983052"
"14","0.29","18","4.155038759689923","1","258","98","9.054263565891473"
"13","0.29","20","3.9879518072289155","5","249","142","9.236947791164658"
"13","0.29","21","3.9879518072289155","5","249","142","9.236947791164658"
"15","0.29","16","4.095041322314049","3","242","108","9.380165289256198"
"12","0.29","116","4.119047619047619","30","294","652","9.156462585034014"
"17","0.29","1","3.9766355140186915","0","214","29","9.373831775700934"
"12","0.29","117","4.119047619047619","30","294","652","9.156462585034014"
"15","0.29","17","4.086776859504132","3","242","108","9.380165289256198"
"17","0.29","2","3.9626168224299065","0","214","29","9.373831775700934"
"15","0.29","18","4.086776859504132","3","242","108","9.380165289256198"
"16","0.29","7","4.1234567901234565","0","243","90","9.563786008230453"
"17","0.29","3","3.97196261682243","0","214","29","9.373831775700934"
"14","0.29","19","4.155038759689923","1","258","113","9.170542635658915"
"13","0.29","22","3.9878542510121457","5","247","159","9.295546558704453"
"16","0.29","8","4.131687242798354","0","243","90","9.563786008230453"
"16","0.29","9","4.136363636363637","0","242","90","9.52892561983471"
"14","0.29","20","4.155038759689923","1","258","113","9.170542635658915"
"13","0.29","23","3.983673469387755","6","245","159","9.208163265306123"
"15","0.29","19","4.087136929460581","3","241","114","9.385892116182573"
"14","0.29","21","4.155642023346304","1","257","113","9.136186770428015"
"13","0.29","24","3.9795081967213113","6","244","159","9.163934426229508"
"12","0.29","118","4.1160409556314","30","293","664","9.249146757679181"
"15","0.29","20","4.0875","3","240","114","9.341666666666667"
"17","0.29","4","3.9624413145539905","0","213","41","9.43661971830986"
"12","0.29","119","4.1160409556314","30","293","664","9.249146757679181"
"15","0.29","21","4.087866108786611","3","239","114","9.297071129707113"
"17","0.29","5","3.9624413145539905","0","213","41","9.43661971830986"
"12","0.29","120","4.1160409556314","30","293","664","9.249146757679181"
"16","0.29","10","4.141078838174274","1","241","106","9.62655601659751"
"17","0.29","6","3.9624413145539905","0","213","41","9.43661971830986"
"16","0.29","11","4.141078838174274","1","241","106","9.62655601659751"
"14","0.29","22","4.155642023346304","1","257","130","9.268482490272374"
"16","0.29","12","4.141666666666667","1","240","106","9.583333333333334"
"15","0.29","22","4.087866108786611","3","239","128","9.414225941422593"
"14","0.29","23","4.155642023346304","1","257","130","9.268482490272374"
"15","0.29","23","4.088235294117647","3","238","128","9.369747899159664"
"14","0.29","24","4.1568627450980395","1","255","130","9.184313725490195"
"15","0.29","24","4.084388185654008","3","237","128","9.324894514767932"
"17","0.29","7","3.9624413145539905","0","213","55","9.568075117370892"
"13","0.29","25","3.8070866141732282","6","254","181","9.362204724409448"
"17","0.29","8","3.9624413145539905","0","213","55","9.568075117370892"
"13","0.29","26","4.015748031496063","6","254","181","9.362204724409448"
"17","0.29","9","3.9622641509433962","0","212","55","9.518867924528301"
"18","0.29","0","3.954954954954955","0","222","0","9.108108108108109"
"13","0.29","27","4.0199203187251","7","251","181","9.235059760956176"
"16","0.29","13","3.9288537549407114","1","253","120","9.470355731225297"
"16","0.29","14","4.173913043478261","1","253","120","9.470355731225297"
"15","0.29","25","3.6946564885496183","3","262","138","9.091603053435115"
"16","0.29","15","4.170634920634921","1","252","120","9.428571428571429"
"17","0.29","10","3.962085308056872","1","211","72","9.630331753554502"
"15","0.29","26","4.091954022988506","3","261","138","9.049808429118775"
"14","0.29","25","3.84","1","275","145","9.185454545454546"
"17","0.29","11","3.962085308056872","1","211","72","9.630331753554502"
"18","0.29","1","4.013574660633484","1","221","23","9.294117647058824"
"13","0.29","28","4.01195219123506","7","251","197","9.362549800796813"
"15","0.29","27","4.091954022988506","3","261","138","9.049808429118775"
"14","0.29","26","4.130909090909091","1","275","145","9.185454545454546"
"17","0.29","12","3.962085308056872","1","211","72","9.630331753554502"
"18","0.29","2","3.981818181818182","1","220","23","9.272727272727273"
"13","0.29","29","4.016064257028113","7","249","197","9.27710843373494"
"14","0.29","27","4.134545454545455","1","275","145","9.185454545454546"
"18","0.29","3","3.9817351598173514","1","219","23","9.223744292237443"
"16","0.29","16","4.166666666666667","1","252","126","9.476190476190476"
"13","0.29","30","4.016194331983805","8","247","197","9.19838056680162"
"16","0.29","17","4.166666666666667","1","252","126","9.476190476190476"
"16","0.29","18","4.168","1","250","126","9.4"
"15","0.29","28","4.088461538461538","4","260","149","9.092307692307692"
"15","0.29","29","4.0926640926640925","5","259","149","9.05019305019305"
"14","0.29","28","4.141818181818182","1","275","151","9.229090909090909"
"17","0.29","13","3.68","1","225","82","9.324444444444444"
"18","0.29","4","3.9954337899543377","1","219","52","9.488584474885844"
"13","0.29","31","4.016260162601626","9","246","221","9.34959349593496"
"14","0.29","29","4.156934306569343","1","274","151","9.18978102189781"
"15","0.29","30","4.089147286821706","5","258","149","9.007751937984496"
"18","0.29","5","3.9954337899543377","1","219","52","9.488584474885844"
"17","0.29","14","3.9466666666666668","1","225","82","9.324444444444444"
"13","0.29","32","4.012295081967213","9","244","221","9.311475409836065"
"16","0.29","19","4.168674698795181","1","249","141","9.477911646586346"
"17","0.29","15","3.9555555555555557","1","225","82","9.324444444444444"
"14","0.29","30","4.157509157509158","1","273","151","9.15018315018315"
"18","0.29","6","3.9954128440366974","1","218","52","9.440366972477063"
"13","0.29","33","4.012396694214876","10","242","221","9.223140495867769"
"16","0.29","20","4.169354838709677","1","248","141","9.435483870967742"
"16","0.29","21","4.170731707317073","1","246","141","9.422764227642276"
"17","0.29","16","3.955357142857143","1","224","87","9.321428571428571"
"18","0.29","7","3.9953703703703702","1","216","64","9.462962962962964"
"15","0.29","31","4.09375","7","256","169","9.078125"
"17","0.29","17","3.954954954954955","3","222","87","9.225225225225225"
"14","0.29","31","4.1611721611721615","1","273","167","9.267399267399268"
"15","0.29","32","4.08984375","7","256","169","9.078125"
"18","0.29","8","3.9953488372093022","1","215","64","9.413953488372092"
"17","0.29","18","3.954954954954955","3","222","87","9.225225225225225"
"14","0.29","32","4.164835164835165","1","273","167","9.267399267399268"
"13","0.29","34","4.008298755186722","10","241","245","9.385892116182573"
"18","0.29","9","3.9953271028037385","1","214","64","9.373831775700934"
"15","0.29","33","4.09375","7","256","169","9.078125"
"16","0.29","22","4.170731707317073","1","246","149","9.487804878048781"
"13","0.29","35","4.004149377593361","10","241","245","9.385892116182573"
"14","0.29","33","4.164835164835165","1","273","167","9.267399267399268"
"16","0.29","23","4.170731707317073","1","246","149","9.487804878048781"
"13","0.29","36","4.004149377593361","10","241","245","9.385892116182573"
"16","0.29","24","4.171428571428572","2","245","149","9.444897959183674"
"17","0.29","19","3.95","3","220","101","9.254545454545454"
"18","0.29","10","3.995305164319249","1","213","82","9.492957746478874"
"17","0.29","20","3.9454545454545453","3","220","101","9.254545454545454"
"18","0.29","11","3.995305164319249","1","213","82","9.492957746478874"
"15","0.29","34","4.09375","7","256","188","9.2265625"
"14","0.29","34","4.161764705882353","2","272","177","9.301470588235293"
"17","0.29","21","3.9454545454545453","3","220","101","9.254545454545454"
"18","0.29","12","3.995305164319249","1","213","82","9.492957746478874"
"15","0.29","35","4.08984375","7","256","188","9.2265625"
"14","0.29","35","4.162361623616236","2","271","177","9.261992619926199"
"15","0.29","36","4.09375","7","256","188","9.2265625"
"14","0.29","36","4.162361623616236","2","271","177","9.261992619926199"
"16","0.29","25","3.9921875","2","256","162","9.3359375"
"13","0.29","37","3.8134920634920637","10","252","257","9.396825396825397"
"16","0.29","26","4.19140625","2","256","162","9.3359375"
"13","0.29","38","3.992063492063492","10","252","257","9.396825396825397"
"17","0.29","22","3.9493087557603688","3","217","110","9.225806451612904"
"16","0.29","27","4.188235294117647","3","255","162","9.294117647058824"
"13","0.29","39","3.992","10","250","257","9.32"
"17","0.29","23","3.953917050691244","3","217","110","9.225806451612904"
"18","0.29","13","3.867579908675799","1","219","93","9.470319634703197"
"17","0.29","24","3.953488372093023","4","215","110","9.153488372093022"
"18","0.29","14","4.009174311926605","1","218","93","9.422018348623853"
"18","0.29","15","4.009174311926605","1","218","93","9.422018348623853"
"16","0.29","28","4.181102362204724","3","254","169","9.307086614173228"
"16","0.29","29","4.166666666666667","4","252","169","9.23015873015873"
"15","0.29","37","3.778985507246377","7","276","195","9.130434782608695"
"13","0.29","40","3.992","10","250","271","9.432"
"14","0.29","37","3.943859649122807","3","285","189","9.242105263157894"
"16","0.29","30","4.156","5","250","169","9.152"
"15","0.29","38","4.094890510948905","9","274","195","9.05109489051095"
"13","0.29","41","4","10","250","271","9.432"
"14","0.29","38","4.176056338028169","3","284","189","9.204225352112676"
"18","0.29","16","4.009174311926605","1","218","108","9.559633027522937"
"15","0.29","39","4.091240875912408","9","274","195","9.05109489051095"
"13","0.29","42","4.008064516129032","10","248","271","9.346774193548388"
"18","0.29","17","4.009216589861751","1","217","108","9.557603686635945"
"14","0.29","39","4.180212014134276","3","283","189","9.1660777385159"
"18","0.29","18","4.0092592592592595","1","216","108","9.50925925925926"
"17","0.29","25","3.5564853556485354","4","239","128","9.03765690376569"
"17","0.29","26","3.9831932773109244","4","238","128","8.991596638655462"
"17","0.29","27","3.9745762711864407","6","236","128","8.898305084745763"
"16","0.29","31","4.153225806451613","6","248","189","9.233870967741936"
"18","0.29","19","4.0093023255813955","1","215","116","9.553488372093023"
"13","0.29","43","4.016129032258065","10","248","282","9.435483870967742"
"16","0.29","32","4.153846153846154","6","247","189","9.190283400809717"
"18","0.29","20","4.018691588785047","1","214","116","9.514018691588785"
"15","0.29","40","4.094890510948905","9","274","208","9.145985401459853"
"13","0.29","44","4.016129032258065","10","248","282","9.435483870967742"
"16","0.29","33","4.154471544715447","6","246","189","9.146341463414634"
"14","0.29","40","4.180212014134276","3","283","204","9.27208480565371"
"18","0.29","21","4.02803738317757","1","214","116","9.514018691588785"
"13","0.29","45","4.016129032258065","10","248","282","9.435483870967742"
"15","0.29","41","4.091575091575091","9","273","208","9.106227106227106"
"14","0.29","41","4.184397163120567","3","282","204","9.23404255319149"
"15","0.29","42","4.095238095238095","9","273","208","9.106227106227106"
"14","0.29","42","4.181494661921708","4","281","204","9.195729537366548"
"17","0.29","28","3.9788135593220337","6","236","147","9.059322033898304"
"18","0.29","22","4.02803738317757","1","214","127","9.616822429906541"
"17","0.29","29","3.974468085106383","6","235","147","9.080851063829787"
"13","0.29","46","4.016129032258065","10","248","288","9.483870967741936"
"18","0.29","23","4.028169014084507","1","213","127","9.568075117370892"
"16","0.29","34","4.155102040816327","7","245","211","9.281632653061225"
"13","0.29","47","4.016129032258065","10","248","288","9.483870967741936"
"17","0.29","30","3.9698275862068964","7","232","147","8.948275862068966"
"18","0.29","24","4.028169014084507","1","213","127","9.568075117370892"
"13","0.29","48","4.016129032258065","10","248","288","9.483870967741936"
"16","0.29","35","4.155102040816327","7","245","211","9.281632653061225"
"15","0.29","43","4.092250922509225","9","271","217","9.092250922509225"
"16","0.29","36","4.161157024793388","7","242","211","9.148760330578513"
"14","0.29","43","4.168458781362007","4","279","228","9.297491039426523"
"15","0.29","44","4.095940959409594","9","271","217","9.092250922509225"
"14","0.29","44","4.169064748201439","4","278","228","9.266187050359711"
"15","0.29","45","4.092592592592593","9","270","217","9.051851851851852"
"14","0.29","45","4.169064748201439","4","278","228","9.266187050359711"
"18","0.29","25","3.6202531645569622","1","237","133","9.08860759493671"
"17","0.29","31","3.9695652173913043","8","230","171","9.069565217391304"
"18","0.29","26","4.0168776371308015","1","237","133","9.08860759493671"
"17","0.29","32","3.9695652173913043","8","230","171","9.069565217391304"
"13","0.29","49","3.772727272727273","10","264","297","9.287878787878787"
"18","0.29","27","4.0168776371308015","1","237","133","9.08860759493671"
"17","0.29","33","3.96943231441048","8","229","171","9.030567685589519"
"13","0.29","50","4.022900763358779","10","262","297","9.206106870229007"
"13","0.29","51","4.030534351145038","10","262","297","9.206106870229007"
"16","0.29","37","3.9838709677419355","8","248","232","9.35483870967742"
"14","0.29","46","4.169064748201439","4","278","243","9.37410071942446"
"15","0.29","46","4.097014925373134","9","268","228","9.052238805970148"
"18","0.29","28","4.008474576271187","1","236","139","9.11864406779661"
"16","0.29","38","4.142276422764228","10","246","232","9.268292682926829"
"14","0.29","47","4.169675090252707","4","277","243","9.335740072202166"
"15","0.29","47","4.089887640449438","10","267","228","9.01123595505618"
"18","0.29","29","4.0085470085470085","1","234","139","9.102564102564102"
"16","0.29","39","4.131147540983607","11","244","232","9.180327868852459"
"14","0.29","48","4.170909090909091","4","275","243","9.28"
"15","0.29","48","4.090225563909774","10","266","228","8.969924812030076"
"18","0.29","30","4","2","233","139","9.055793991416309"
"17","0.29","34","3.96943231441048","8","229","189","9.187772925764191"
"13","0.29","52","4.038314176245211","10","261","311","9.272030651340996"
"17","0.29","35","3.9649122807017543","8","228","189","9.140350877192983"
"13","0.29","53","4.042635658914729","11","258","311","9.147286821705427"
"17","0.29","36","3.960352422907489","8","227","189","9.092511013215859"
"13","0.29","54","4.046511627906977","11","258","311","9.147286821705427"
"18","0.29","31","4.008583690987124","2","233","161","9.244635193133048"
"16","0.29","40","4.131147540983607","11","244","251","9.336065573770492"
"18","0.29","32","4.008620689655173","2","232","161","9.198275862068966"
"16","0.29","41","4.127049180327869","11","244","251","9.336065573770492"
"18","0.29","33","4.008695652173913","2","230","161","9.104347826086956"
"16","0.29","42","4.131147540983607","11","244","251","9.336065573770492"
"13","0.29","55","4.050387596899225","11","258","331","9.30232558139535"
"14","0.29","49","3.9965034965034967","5","286","261","9.286713286713287"
"13","0.29","56","4.046692607003891","12","257","331","9.26070038910506"
"15","0.29","49","4.052434456928839","11","267","259","9.453183520599252"
"17","0.29","37","3.596","8","250","206","9.152"
"14","0.29","50","4.178947368421053","5","285","261","9.249122807017544"
"13","0.29","57","4.04296875","13","256","331","9.21875"
"15","0.29","50","4.082706766917293","11","266","259","9.413533834586467"
"18","0.29","34","4.008695652173913","2","230","176","9.234782608695653"
"16","0.29","43","4.127049180327869","11","244","269","9.48360655737705"
"17","0.29","38","3.972","8","250","206","9.152"
"14","0.29","51","4.180212014134276","6","283","261","9.173144876325088"
"18","0.29","35","4.008733624454148","2","229","176","9.187772925764191"
"15","0.29","51","4.075757575757576","11","264","259","9.333333333333334"
"16","0.29","44","4.127049180327869","11","244","269","9.48360655737705"
"17","0.29","39","3.995967741935484","9","248","206","9.064516129032258"
"18","0.29","36","4.008771929824562","2","228","176","9.140350877192983"
"16","0.29","45","4.127572016460905","12","243","269","9.440329218106996"
"13","0.29","58","4.04296875","13","256","346","9.3359375"
"13","0.29","59","4.043478260869565","14","253","346","9.217391304347826"
"16","0.29","46","4.128099173553719","12","242","280","9.487603305785123"
"17","0.29","40","3.9878048780487805","10","246","225","9.130081300813009"
"15","0.29","52","4.076335877862595","12","262","274","9.374045801526718"
"13","0.29","60","4.043824701195219","15","251","346","9.147410358565738"
"14","0.29","52","4.180851063829787","6","282","275","9.23404255319149"
"16","0.29","47","4.128630705394191","13","241","280","9.443983402489627"
"15","0.29","53","4.0807692307692305","13","260","274","9.292307692307693"
"17","0.29","41","3.9878048780487805","10","246","225","9.130081300813009"
"14","0.29","53","4.180851063829787","6","282","275","9.23404255319149"
"16","0.29","48","4.128630705394191","13","241","280","9.443983402489627"
"18","0.29","37","3.743801652892562","3","242","195","9.24793388429752"
"15","0.29","54","4.0807692307692305","13","260","274","9.292307692307693"
"17","0.29","42","3.9878048780487805","10","246","225","9.130081300813009"
"14","0.29","54","4.184397163120567","6","282","275","9.23404255319149"
"18","0.29","38","4.008298755186722","4","241","195","9.203319502074688"
"18","0.29","39","4.01673640167364","5","239","195","9.112970711297072"
"13","0.29","61","3.801498127340824","15","267","376","9.273408239700375"
"13","0.29","62","4.0754716981132075","15","265","376","9.19245283018868"
"15","0.29","55","4.0813953488372094","14","258","292","9.356589147286822"
"17","0.29","43","3.9878048780487805","10","246","239","9.24390243902439"
"18","0.29","40","4.0210970464135025","6","237","213","9.181434599156118"
"14","0.29","55","4.180851063829787","6","282","288","9.326241134751774"
"18","0.29","41","4.025316455696203","6","237","213","9.181434599156118"
"17","0.29","44","3.9878048780487805","10","246","239","9.24390243902439"
"13","0.29","63","4.083018867924529","15","265","376","9.19245283018868"
"15","0.29","56","4.081712062256809","15","257","292","9.315175097276265"
"16","0.29","49","3.932806324110672","13","253","294","9.383399209486166"
"18","0.29","42","4.029535864978903","6","237","213","9.181434599156118"
"14","0.29","56","4.182142857142857","6","280","288","9.25"
"17","0.29","45","3.9878048780487805","10","246","239","9.24390243902439"
"15","0.29","57","4.08203125","15","256","292","9.28125"
"16","0.29","50","4.154150197628459","13","253","294","9.383399209486166"
"14","0.29","57","4.183453237410072","7","278","288","9.172661870503598"
"16","0.29","51","4.155378486055777","13","251","294","9.426294820717132"
"13","0.29","64","4.079545454545454","15","264","390","9.265151515151516"
"17","0.29","46","3.987755102040816","10","245","243","9.23265306122449"
"18","0.29","43","4.025316455696203","6","237","230","9.324894514767932"
"13","0.29","65","4.083650190114068","16","263","390","9.224334600760455"
"16","0.29","52","4.159362549800797","13","251","303","9.49800796812749"
"17","0.29","47","3.987704918032787","11","244","243","9.188524590163935"
"18","0.29","44","4.025316455696203","6","237","230","9.324894514767932"
"13","0.29","66","4.080152671755725","16","262","390","9.183206106870228"
"16","0.29","53","4.152","13","250","303","9.456"
"17","0.29","48","3.987704918032787","11","244","243","9.188524590163935"
"18","0.29","45","4.025531914893617","6","235","230","9.23404255319149"
"15","0.29","58","4.082677165354331","17","254","315","9.377952755905511"
"14","0.29","58","4.184115523465704","7","277","316","9.342960288808664"
"16","0.29","54","4.156","13","250","303","9.456"
"15","0.29","59","4.083333333333333","17","252","315","9.301587301587302"
"14","0.29","59","4.184115523465704","7","277","316","9.342960288808664"
"15","0.29","60","4.083665338645418","17","251","315","9.266932270916335"
"14","0.29","60","4.1854545454545455","8","275","316","9.316363636363636"
"18","0.29","46","4.025531914893617","6","235","244","9.353191489361702"
"13","0.29","67","4.091954022988506","16","261","407","9.279693486590038"
"18","0.29","47","4.0256410256410255","7","234","244","9.307692307692308"
"13","0.29","68","4.084942084942085","16","259","407","9.204633204633204"
"16","0.29","55","4.153846153846154","14","247","313","9.408906882591094"
"16","0.29","56","4.162601626016261","15","246","313","9.365853658536585"
"16","0.29","57","4.154471544715447","15","246","313","9.365853658536585"
"13","0.29","69","4.093023255813954","17","258","407","9.162790697674419"
"18","0.29","48","4.0256410256410255","7","234","244","9.307692307692308"
"15","0.29","61","3.882575757575758","17","264","333","9.446969696969697"
"15","0.29","62","4.06083650190114","17","263","333","9.406844106463879"
"16","0.29","58","4.163265306122449","15","245","330","9.461224489795919"
"14","0.29","61","3.9965277777777777","8","288","328","9.402777777777779"
"17","0.29","49","3.7567567567567566","11","259","259","9.32046332046332"
"16","0.29","59","4.156378600823046","16","243","330","9.37448559670782"
"15","0.29","63","4.057471264367816","18","261","333","9.32567049808429"
"16","0.29","60","4.166666666666667","17","240","330","9.241666666666667"
"14","0.29","62","4.160839160839161","10","286","328","9.328671328671328"
"14","0.29","63","4.1573426573426575","10","286","328","9.328671328671328"
"17","0.29","50","3.9296875","12","256","259","9.1953125"
"17","0.29","51","3.9215686274509802","12","255","259","9.2"
"13","0.29","70","4.085603112840467","17","257","427","9.32295719844358"
"15","0.29","64","4.058139534883721","19","258","355","9.37984496124031"
"13","0.29","71","4.089494163424124","17","257","427","9.32295719844358"
"15","0.29","65","4.058365758754864","19","257","355","9.361867704280156"
"14","0.29","64","4.158450704225352","11","284","339","9.330985915492958"
"13","0.29","72","4.085603112840467","17","257","427","9.32295719844358"
"18","0.29","49","3.6627450980392156","8","255","255","9.16078431372549"
"15","0.29","66","4.059055118110236","20","254","355","9.251968503937007"
"14","0.29","65","4.15547703180212","11","283","339","9.293286219081272"
"18","0.29","50","4.0236220472440944","8","254","255","9.165354330708661"
"14","0.29","66","4.163120567375887","11","282","339","9.25531914893617"
"16","0.29","61","3.8384615384615386","17","260","347","9.284615384615385"
"16","0.29","62","4.11969111969112","17","259","347","9.243243243243244"
"18","0.29","51","4.027777777777778","8","252","255","9.079365079365079"
"17","0.29","52","3.925196850393701","12","254","278","9.307086614173228"
"17","0.29","53","3.9206349206349205","13","252","278","9.23015873015873"
"16","0.29","63","4.127906976744186","17","258","347","9.2015503875969"
"17","0.29","54","3.9243027888446216","13","251","278","9.195219123505977"
"15","0.29","67","4.059055118110236","20","254","382","9.464566929133857"
"13","0.29","73","3.962121212121212","17","264","438","9.431818181818182"
"15","0.29","68","4.059055118110236","20","254","382","9.464566929133857"
"13","0.29","74","4.0418250950570345","18","263","438","9.391634980988593"
"18","0.29","52","4.023809523809524","8","252","276","9.246031746031745"
"18","0.29","53","4.0239043824701195","8","251","276","9.203187250996017"
"13","0.29","75","4.038314176245211","19","261","438","9.310344827586206"
"15","0.29","69","4.059055118110236","20","254","382","9.464566929133857"
"14","0.29","67","4.159574468085107","11","282","355","9.368794326241135"
"18","0.29","54","4.024","8","250","276","9.16"
"16","0.29","64","4.12890625","17","256","362","9.2421875"
"14","0.29","68","4.1637010676156585","11","281","355","9.387900355871887"
"17","0.29","55","3.92","13","250","302","9.344"
"16","0.29","65","4.137795275590551","17","254","362","9.15748031496063"
"14","0.29","69","4.160142348754448","11","281","355","9.387900355871887"
"17","0.29","56","3.9233870967741935","13","248","302","9.258064516129032"
"16","0.29","66","4.137795275590551","17","254","362","9.15748031496063"
"17","0.29","57","3.923076923076923","13","247","302","9.214574898785425"
"15","0.29","70","4.059288537549407","21","253","390","9.486166007905139"
"13","0.29","76","4.042145593869732","19","261","442","9.340996168582375"
"15","0.29","71","4.059288537549407","21","253","390","9.486166007905139"
"13","0.29","77","4.045977011494253","19","261","442","9.340996168582375"
"18","0.29","55","4.028","8","250","294","9.304"
"15","0.29","72","4.055555555555555","22","252","390","9.444444444444445"
"18","0.29","56","4.0242914979757085","10","247","294","9.17408906882591"
"13","0.29","78","4.038461538461538","19","260","442","9.3"
"18","0.29","57","4.024390243902439","10","246","294","9.130081300813009"
"14","0.29","70","4.164874551971326","12","279","365","9.383512544802867"
"16","0.29","67","4.138339920948616","17","253","386","9.304347826086957"
"14","0.29","71","4.161870503597123","12","278","365","9.345323741007194"
"17","0.29","58","3.9306122448979592","13","245","328","9.346938775510203"
"16","0.29","68","4.138339920948616","17","253","386","9.304347826086957"
"14","0.29","72","4.163043478260869","12","276","365","9.27536231884058"
"17","0.29","59","3.930327868852459","13","244","328","9.319672131147541"
"16","0.29","69","4.138339920948616","17","253","386","9.304347826086957"
"13","0.29","79","4.038610038610039","20","259","455","9.366795366795367"
"17","0.29","60","3.925311203319502","15","241","328","9.186721991701244"
"13","0.29","80","4.035019455252918","22","257","455","9.284046692607005"
"18","0.29","58","4.024390243902439","10","246","321","9.34959349593496"
"13","0.29","81","4.038910505836576","22","257","455","9.284046692607005"
"18","0.29","59","4.028455284552845","10","246","321","9.34959349593496"
"15","0.29","73","3.6464285714285714","22","280","401","9.128571428571428"
"16","0.29","70","4.138339920948616","17","253","398","9.399209486166008"
"18","0.29","60","4.024489795918368","10","245","321","9.306122448979592"
"15","0.29","74","4.068100358422939","22","279","401","9.13978494623656"
"16","0.29","71","4.138888888888889","18","252","398","9.357142857142858"
"15","0.29","75","4.072202166064982","22","277","401","9.111913357400722"
"16","0.29","72","4.132530120481928","20","249","398","9.269076305220883"
"13","0.29","82","4.035019455252918","22","257","471","9.408560311284047"
"14","0.29","73","4.115107913669065","12","278","377","9.546762589928058"
"13","0.29","83","4.0390625","22","256","471","9.3671875"
"17","0.29","61","3.6525096525096523","15","259","349","9.28957528957529"
"14","0.29","74","4.169064748201439","12","278","377","9.546762589928058"
"13","0.29","84","4.03515625","22","256","471","9.3671875"
"14","0.29","75","4.16546762589928","12","278","377","9.546762589928058"
"17","0.29","62","3.9382239382239383","15","259","349","9.28957528957529"
"15","0.29","76","4.072463768115942","23","276","413","9.159420289855072"
"18","0.29","61","3.821011673151751","10","257","336","9.268482490272374"
"15","0.29","77","4.072727272727272","23","275","413","9.12"
"17","0.29","63","3.945736434108527","16","258","349","9.248062015503876"
"18","0.29","62","4.03125","10","256","336","9.2265625"
"16","0.29","73","3.9049429657794676","20","263","416","9.35361216730038"
"15","0.29","78","4.072727272727272","23","275","413","9.12"
"18","0.29","63","4.031496062992126","12","254","336","9.141732283464567"
"16","0.29","74","4.1461538461538465","21","260","416","9.23076923076923"
"14","0.29","76","4.169675090252707","13","277","385","9.566787003610107"
"16","0.29","75","4.147286821705427","22","258","416","9.147286821705427"
"14","0.29","77","4.1732851985559565","13","277","385","9.566787003610107"
"17","0.29","64","3.9490196078431374","16","255","364","9.254901960784315"
"13","0.29","85","3.931558935361217","22","263","481","9.490494296577946"
"14","0.29","78","4.175182481751825","14","274","385","9.452554744525548"
"18","0.29","64","4.027667984189724","13","253","358","9.280632411067193"
"13","0.29","86","4.0458015267175576","23","262","481","9.450381679389313"
"17","0.29","65","3.9682539682539684","18","252","364","9.126984126984127"
"18","0.29","65","4.027667984189724","13","253","358","9.280632411067193"
"13","0.29","87","4.045977011494253","24","261","481","9.409961685823754"
"15","0.29","79","4.072992700729927","23","274","432","9.218978102189782"
"17","0.29","66","3.9721115537848606","18","251","364","9.091633466135459"
"18","0.29","66","4.027888446215139","13","251","358","9.195219123505977"
"15","0.29","80","4.069597069597069","23","273","432","9.179487179487179"
"16","0.29","76","4.15234375","24","256","437","9.234375"
"15","0.29","81","4.065934065934066","23","273","432","9.179487179487179"
"16","0.29","77","4.15234375","24","256","437","9.234375"
"16","0.29","78","4.152941176470589","24","255","437","9.192156862745097"
"13","0.29","88","4.042471042471043","24","259","491","9.428571428571429"
"14","0.29","79","4.175182481751825","14","274","403","9.583941605839415"
"13","0.29","89","4.046692607003891","24","257","491","9.377431906614786"
"14","0.29","80","4.175824175824176","14","273","403","9.545787545787546"
"18","0.29","67","4.027888446215139","13","251","372","9.306772908366534"
"13","0.29","90","4.046692607003891","24","257","491","9.377431906614786"
"14","0.29","81","4.175824175824176","14","273","403","9.545787545787546"
"17","0.29","67","3.9760956175298805","18","251","396","9.346613545816734"
"18","0.29","68","4.02","13","250","372","9.264"
"15","0.29","82","4.065934065934066","23","273","443","9.260073260073261"
"17","0.29","68","3.9840637450199203","18","251","396","9.346613545816734"
"18","0.29","69","4.024096385542169","13","249","372","9.25301204819277"
"15","0.29","83","4.065934065934066","23","273","443","9.260073260073261"
"17","0.29","69","3.9718875502008033","19","249","396","9.261044176706827"
"16","0.29","79","4.152941176470589","24","255","454","9.325490196078432"
"15","0.29","84","4.065934065934066","23","273","443","9.260073260073261"
"13","0.29","91","4.042801556420233","24","257","505","9.486381322957198"
"16","0.29","80","4.1607843137254905","24","255","454","9.325490196078432"
"18","0.29","70","4.02834008097166","13","247","386","9.34412955465587"
"13","0.29","92","4.050980392156863","26","255","505","9.403921568627451"
"16","0.29","81","4.16205533596838","25","253","454","9.24110671936759"
"14","0.29","82","4.175824175824176","14","273","410","9.597069597069597"
"18","0.29","71","4.020408163265306","14","245","386","9.26530612244898"
"13","0.29","93","4.043307086614173","26","254","505","9.37007874015748"
"18","0.29","72","4.020491803278689","15","244","386","9.221311475409836"
"14","0.29","83","4.175824175824176","14","273","410","9.597069597069597"
"17","0.29","70","3.979757085020243","19","247","417","9.34412955465587"
"14","0.29","84","4.174074074074074","15","270","410","9.481481481481481"
"17","0.29","71","3.97165991902834","19","247","417","9.34412955465587"
"17","0.29","72","3.9757085020242915","19","247","417","9.34412955465587"
"15","0.29","85","3.8402777777777777","24","288","455","9.229166666666666"
"16","0.29","82","4.158102766798419","25","253","474","9.399209486166008"
"16","0.29","83","4.159362549800797","26","251","474","9.322709163346614"
"15","0.29","86","4.0625","24","288","455","9.229166666666666"
"13","0.29","94","4.047808764940239","27","251","520","9.370517928286853"
"16","0.29","84","4.155378486055777","26","251","474","9.322709163346614"
"13","0.29","95","4.04","27","250","520","9.328"
"15","0.29","87","4.072916666666667","24","288","455","9.229166666666666"
"18","0.29","73","3.873015873015873","15","252","406","9.468253968253968"
"13","0.29","96","4.048192771084337","27","249","520","9.285140562248996"
"18","0.29","74","4.035856573705179","16","251","406","9.426294820717132"
"18","0.29","75","4.039840637450199","16","251","406","9.426294820717132"
"17","0.29","73","3.773076923076923","19","260","433","9.376923076923077"
"15","0.29","88","4.065972222222222","24","288","461","9.270833333333334"
"17","0.29","74","3.945945945945946","19","259","433","9.335907335907336"
"14","0.29","85","3.8551724137931034","15","290","428","9.275862068965518"
"15","0.29","89","4.066202090592334","24","287","461","9.233449477351916"
"18","0.29","76","4.040160642570281","17","249","415","9.413654618473895"
"17","0.29","75","3.9302325581395348","19","258","433","9.294573643410853"
"14","0.29","86","4.145328719723183","15","289","428","9.238754325259515"
"15","0.29","90","4.066901408450704","25","284","461","9.119718309859154"
"18","0.29","77","4.040322580645161","18","248","415","9.370967741935484"
"16","0.29","85","3.9101123595505616","26","267","488","9.295880149812733"
"14","0.29","87","4.145833333333333","16","288","428","9.20138888888889"
"18","0.29","78","4.045081967213115","20","244","415","9.204918032786885"
"13","0.29","97","3.8244274809160306","28","262","546","9.442748091603054"
"16","0.29","86","4.168539325842697","26","267","488","9.295880149812733"
"13","0.29","98","4.068965517241379","29","261","546","9.402298850574713"
"16","0.29","87","4.1722846441947565","26","267","488","9.295880149812733"
"13","0.29","99","4.065384615384615","29","260","546","9.361538461538462"
"17","0.29","76","3.934108527131783","19","258","450","9.426356589147288"
"17","0.29","77","3.934108527131783","19","258","450","9.426356589147288"
"15","0.29","91","4.066901408450704","25","284","482","9.267605633802816"
"16","0.29","88","4.172932330827067","26","266","496","9.31578947368421"
"18","0.29","79","4.036885245901639","20","244","445","9.450819672131148"
"17","0.29","78","3.9302325581395348","19","258","450","9.426356589147288"
"15","0.29","92","4.067615658362989","26","281","482","9.153024911032029"
"14","0.29","88","4.149305555555555","16","288","444","9.3125"
"16","0.29","89","4.173584905660378","27","265","496","9.275471698113208"
"18","0.29","80","4.045267489711934","20","243","445","9.407407407407407"
"14","0.29","89","4.15034965034965","17","286","444","9.237762237762238"
"15","0.29","93","4.068592057761733","26","277","482","9.025270758122744"
"18","0.29","81","4.037190082644628","20","242","445","9.363636363636363"
"13","0.29","100","4.062015503875969","30","258","559","9.37984496124031"
"16","0.29","90","4.173584905660378","27","265","496","9.275471698113208"
"14","0.29","90","4.15034965034965","17","286","444","9.237762237762238"
"13","0.29","101","4.058139534883721","30","258","559","9.37984496124031"
"17","0.29","79","3.934108527131783","19","258","457","9.48062015503876"
"13","0.29","102","4.062256809338521","30","257","559","9.33852140077821"
"17","0.29","80","3.9302325581395348","19","258","457","9.48062015503876"
"16","0.29","91","4.174242424242424","28","264","508","9.325757575757576"
"17","0.29","81","3.93359375","19","256","457","9.3984375"
"18","0.29","82","4.045454545454546","20","242","464","9.520661157024794"
"16","0.29","92","4.174242424242424","28","264","508","9.325757575757576"
"18","0.29","83","4.037344398340249","21","241","464","9.485477178423237"
"16","0.29","93","4.17490494296578","28","263","508","9.29277566539924"
"14","0.29","91","4.15034965034965","17","286","460","9.34965034965035"
"15","0.29","94","4.068592057761733","26","277","511","9.234657039711191"
"18","0.29","84","4.045643153526971","21","241","464","9.485477178423237"
"13","0.29","103","4.05859375","30","256","577","9.4375"
"14","0.29","92","4.152482269503546","18","282","460","9.198581560283689"
"15","0.29","95","4.072727272727272","26","275","511","9.163636363636364"
"13","0.29","104","4.066929133858268","30","254","577","9.354330708661417"
"14","0.29","93","4.156028368794326","18","282","460","9.198581560283689"
"17","0.29","82","3.9291338582677167","20","254","463","9.362204724409448"
"15","0.29","96","4.073260073260073","26","273","511","9.084249084249084"
"13","0.29","105","4.062992125984252","30","254","577","9.354330708661417"
"17","0.29","83","3.932806324110672","21","253","463","9.328063241106719"
"16","0.29","94","4.17175572519084","28","262","521","9.351145038167939"
"17","0.29","84","3.9285714285714284","22","252","463","9.285714285714286"
"16","0.29","95","4.172413793103448","28","261","521","9.310344827586206"
"16","0.29","96","4.172413793103448","28","261","521","9.310344827586206"
"18","0.29","85","3.6742424242424243","21","264","475","9.219696969696969"
"18","0.29","86","4.0534351145038165","22","262","475","9.13740458015267"
"13","0.29","106","4.067193675889328","30","253","593","9.438735177865613"
"18","0.29","87","4.068965517241379","22","261","475","9.095785440613026"
"13","0.29","107","4.063492063492063","30","252","593","9.404761904761905"
"14","0.29","94","4.152482269503546","18","282","484","9.368794326241135"
"13","0.29","108","4.067729083665339","30","251","593","9.362549800796813"
"14","0.29","95","4.153024911032029","18","281","484","9.330960854092528"
"17","0.29","85","3.8262548262548264","22","259","479","9.451737451737452"
"15","0.29","97","3.929328621908127","26","283","537","9.328621908127209"
"14","0.29","96","4.1535714285714285","18","280","484","9.292857142857143"
"16","0.29","97","3.923636363636364","29","275","539","9.265454545454546"
"18","0.29","88","4.073076923076923","22","260","495","9.207692307692307"
"17","0.29","86","3.953488372093023","23","258","479","9.410852713178295"
"15","0.29","98","4.0711743772241995","27","281","537","9.252669039145907"
"18","0.29","89","4.069230769230769","22","260","495","9.207692307692307"
"15","0.29","99","4.067857142857143","27","280","537","9.214285714285714"
"16","0.29","98","4.182481751824818","29","274","539","9.226277372262773"
"17","0.29","87","3.953307392996109","23","257","479","9.369649805447471"
"18","0.29","90","4.073643410852713","23","258","495","9.131782945736434"
"16","0.29","99","4.165441176470588","30","272","539","9.154411764705882"
"13","0.29","109","3.8631178707224336","30","263","617","9.406844106463879"
"13","0.29","110","4.0534351145038165","30","262","617","9.374045801526718"
"13","0.29","111","4.053639846743295","31","261","617","9.333333333333334"
"17","0.29","88","3.9450980392156865","24","255","492","9.419607843137255"
"15","0.29","100","4.067857142857143","27","280","563","9.4"
"18","0.29","91","4.0703125","23","256","512","9.1796875"
"17","0.29","89","3.9446640316205532","25","253","492","9.34387351778656"
"16","0.29","100","4.173431734317343","31","271","558","9.254612546125461"
"15","0.29","101","4.07168458781362","27","279","563","9.369175627240143"
"18","0.29","92","4.070588235294117","23","255","512","9.192156862745097"
"14","0.29","97","3.9023569023569022","19","297","506","9.313131313131313"
"17","0.29","90","3.9365079365079363","26","252","492","9.301587301587302"
"16","0.29","101","4.162361623616236","31","271","558","9.254612546125461"
"18","0.29","93","4.066929133858268","24","254","512","9.149606299212598"
"15","0.29","102","4.061594202898551","28","276","563","9.26086956521739"
"13","0.29","112","4.053846153846154","31","260","626","9.361538461538462"
"14","0.29","98","4.1447811447811445","19","297","506","9.313131313131313"
"16","0.29","102","4.174074074074074","31","270","558","9.214814814814815"
"13","0.29","113","4.046153846153846","31","260","626","9.361538461538462"
"14","0.29","99","4.138513513513513","19","296","506","9.277027027027026"
"13","0.29","114","4.05019305019305","32","259","626","9.32046332046332"
"17","0.29","91","3.944","27","250","515","9.408"
"18","0.29","94","4.07905138339921","24","253","530","9.24901185770751"
"15","0.29","103","4.062043795620438","30","274","582","9.321167883211679"
"18","0.29","95","4.071428571428571","25","252","530","9.206349206349206"
"17","0.29","92","3.9397590361445785","27","249","515","9.365461847389557"
"16","0.29","103","4.159851301115242","31","269","574","9.293680297397769"
"15","0.29","104","4.062043795620438","30","274","582","9.321167883211679"
"17","0.29","93","3.9437751004016066","27","249","515","9.365461847389557"
"18","0.29","96","4.079681274900398","25","251","530","9.163346613545817"
"16","0.29","104","4.16728624535316","31","269","574","9.293680297397769"
"14","0.29","100","4.138513513513513","19","296","522","9.385135135135135"
"15","0.29","105","4.062043795620438","30","274","582","9.321167883211679"
"13","0.29","115","4.046332046332046","32","259","640","9.428571428571429"
"14","0.29","101","4.138513513513513","19","296","522","9.385135135135135"
"13","0.29","116","4.0505836575875485","32","257","640","9.361867704280156"
"16","0.29","105","4.152985074626866","31","268","574","9.253731343283581"
"14","0.29","102","4.138983050847457","20","295","522","9.349152542372881"
"13","0.29","117","4.046875","32","256","640","9.328125"
"17","0.29","94","3.9397590361445785","27","249","531","9.493975903614459"
"17","0.29","95","3.9437751004016066","27","249","531","9.493975903614459"
"15","0.29","106","4.062271062271062","30","273","598","9.3992673992674"
"16","0.29","106","4.169811320754717","32","265","591","9.283018867924529"
"17","0.29","96","3.943548387096774","27","248","531","9.451612903225806"
"15","0.29","107","4.0625","30","272","598","9.375"
"14","0.29","103","4.140410958904109","20","292","535","9.397260273972602"
"13","0.29","118","4.050980392156863","32","255","651","9.427450980392157"
"18","0.29","97","3.7435897435897436","25","273","548","9.172161172161172"
"16","0.29","107","4.166666666666667","33","264","591","9.242424242424242"
"15","0.29","108","4.059701492537314","32","268","598","9.216417910447761"
"14","0.29","104","4.140410958904109","20","292","535","9.397260273972602"
"13","0.29","119","4.047058823529412","32","255","651","9.427450980392157"
"18","0.29","98","4.044280442804428","27","271","548","9.092250922509225"
"16","0.29","108","4.170454545454546","33","264","591","9.242424242424242"
"13","0.29","120","4.051383399209486","33","253","651","9.34387351778656"
"18","0.29","99","4.055555555555555","27","270","548","9.051851851851852"
"14","0.29","105","4.13448275862069","20","290","535","9.324137931034484"
"17","0.29","97","3.680451127819549","27","266","545","9.308270676691729"
"17","0.29","98","3.9473684210526314","27","266","545","9.308270676691729"
"18","0.29","100","4.078066914498141","27","269","570","9.174721189591079"
"17","0.29","99","3.969924812030075","27","266","545","9.308270676691729"
"19","0.29","0","4.013100436681222","0","229","0","9.196506550218341"
"14","0.29","106","4.1280276816609","20","289","551","9.40484429065744"
"18","0.29","101","4.063670411985019","28","267","570","9.093632958801498"
"15","0.29","109","3.7832167832167833","32","286","628","9.328671328671328"
"18","0.29","102","4.067924528301887","28","265","570","9.018867924528301"
"14","0.29","107","4.121527777777778","20","288","551","9.368055555555555"
"15","0.29","110","4.055944055944056","32","286","628","9.328671328671328"
"16","0.29","109","3.8090277777777777","34","288","615","9.208333333333334"
"17","0.29","100","3.9586466165413534","27","266","551","9.353383458646617"
"14","0.29","108","4.114583333333333","20","288","551","9.368055555555555"
"16","0.29","110","4.157894736842105","35","285","615","9.094736842105263"
"15","0.29","111","4.066901408450704","33","284","628","9.253521126760564"
"17","0.29","101","3.969811320754717","28","265","551","9.313207547169812"
"16","0.29","111","4.161403508771929","35","285","615","9.094736842105263"
"19","0.29","1","4.008771929824562","0","228","20","9.359649122807017"
"17","0.29","102","3.9660377358490564","28","265","551","9.313207547169812"
"19","0.29","2","4","0","228","20","9.359649122807017"
"19","0.29","3","4.004405286343612","0","227","20","9.321585903083701"
"18","0.29","103","4.0606060606060606","28","264","599","9.196969696969697"
"18","0.29","104","4.068441064638783","28","263","599","9.163498098859316"
"15","0.29","112","4.052816901408451","33","284","636","9.309859154929578"
"18","0.29","105","4.061068702290076","29","262","599","9.122137404580153"
"17","0.29","103","3.965909090909091","28","264","559","9.333333333333334"
"15","0.29","113","4.053003533568905","33","283","636","9.27208480565371"
"19","0.29","4","3.995594713656388","0","227","40","9.497797356828194"
"16","0.29","112","4.150877192982456","35","285","634","9.228070175438596"
"15","0.29","114","4.0462633451957295","33","281","636","9.209964412811388"
"17","0.29","104","3.9657794676806084","28","263","559","9.29277566539924"
"14","0.29","109","3.98989898989899","20","297","563","9.454545454545455"
"19","0.29","5","3.995594713656388","0","227","40","9.497797356828194"
"16","0.29","113","4.161403508771929","35","285","634","9.228070175438596"
"14","0.29","110","4.104377104377105","20","297","563","9.454545454545455"
"19","0.29","6","3.995594713656388","0","227","40","9.497797356828194"
"17","0.29","105","3.9657794676806084","28","263","559","9.29277566539924"
"16","0.29","114","4.150877192982456","35","285","634","9.228070175438596"
"14","0.29","111","4.10472972972973","20","296","563","9.41891891891892"
"18","0.29","106","4.068702290076335","29","262","618","9.267175572519085"
"18","0.29","107","4.068702290076335","29","262","618","9.267175572519085"
"19","0.29","7","3.9955555555555557","0","225","56","9.546666666666667"
"18","0.29","108","4.065384615384615","30","260","618","9.192307692307692"
"19","0.29","8","3.995515695067265","0","223","56","9.461883408071749"
"15","0.29","115","4.0462633451957295","33","281","660","9.380782918149466"
"17","0.29","106","3.9657794676806084","28","263","569","9.368821292775666"
"19","0.29","9","3.9954954954954953","1","222","56","9.423423423423424"
"14","0.29","112","4.101694915254237","21","295","570","9.430508474576271"
"16","0.29","115","4.158450704225352","35","284","645","9.267605633802816"
"17","0.29","107","3.9656488549618323","28","262","569","9.32824427480916"
"15","0.29","116","4.046594982078853","33","279","660","9.304659498207885"
"14","0.29","113","4.0993150684931505","21","292","570","9.32876712328767"
"15","0.29","117","4.046594982078853","33","279","660","9.304659498207885"
"16","0.29","116","4.141342756183746","35","283","645","9.229681978798586"
"17","0.29","108","3.9655172413793105","28","261","569","9.28735632183908"
"14","0.29","114","4.1","23","290","570","9.255172413793103"
"16","0.29","117","4.159010600706714","35","283","645","9.229681978798586"
"19","0.29","10","3.9954954954954953","1","222","80","9.63963963963964"
"19","0.29","11","3.995475113122172","2","221","80","9.592760180995475"
"18","0.29","109","3.874538745387454","31","271","639","9.343173431734318"
"19","0.29","12","3.9954545454545456","2","220","80","9.545454545454545"
"18","0.29","110","4.070110701107011","31","271","639","9.343173431734318"
"18","0.29","111","4.066666666666666","31","270","639","9.303703703703704"
"15","0.29","118","4.047101449275362","34","276","675","9.304347826086957"
"16","0.29","118","4.144876325088339","35","283","662","9.349823321554771"
"15","0.29","119","4.047101449275362","34","276","675","9.304347826086957"
"14","0.29","115","4.100346020761246","23","289","592","9.370242214532873"
"17","0.29","109","3.761904761904762","28","273","580","9.260073260073261"
"15","0.29","120","4.047272727272727","34","275","675","9.265454545454546"
"16","0.29","119","4.159010600706714","35","283","662","9.349823321554771"
"14","0.29","116","4.098245614035088","25","285","592","9.27017543859649"
"16","0.29","120","4.142348754448399","35","281","662","9.281138790035588"
"17","0.29","110","3.95970695970696","28","273","580","9.260073260073261"
"19","0.29","13","3.6322314049586777","2","242","90","9.24793388429752"
"14","0.29","117","4.095406360424028","25","283","592","9.201413427561837"
"18","0.29","112","4.067164179104478","31","268","654","9.41044776119403"
"19","0.29","14","3.983402489626556","3","241","90","9.203319502074688"
"17","0.29","111","3.9558823529411766","29","272","580","9.220588235294118"
"18","0.29","113","4.067924528301887","32","265","654","9.313207547169812"
"19","0.29","15","3.98744769874477","3","239","90","9.121338912133892"
"18","0.29","114","4.068181818181818","33","264","654","9.272727272727273"
"19","0.29","16","3.9873949579831933","3","238","110","9.243697478991596"
"17","0.29","112","3.96309963099631","29","271","589","9.247232472324724"
"20","0.29","0","3.991228070175439","0","228","0","9.219298245614034"
"19","0.29","17","3.9873417721518987","3","237","110","9.19831223628692"
"17","0.29","113","3.962825278810409","29","269","589","9.16728624535316"
"18","0.29","115","4.068441064638783","34","263","676","9.399239543726235"
"21","0.33","0","4.087155963302752","0","218","0","9.238532110091743"
"19","0.29","18","3.9915254237288136","3","236","110","9.152542372881356"
"14","0.29","118","4.0964285714285715","26","280","624","9.321428571428571"
"18","0.29","116","4.061068702290076","34","262","676","9.358778625954198"
"17","0.29","114","3.9625468164794007","29","267","589","9.086142322097379"
"14","0.29","119","4.096774193548387","26","279","624","9.290322580645162"
"18","0.29","117","4.057471264367816","34","261","676","9.32567049808429"
"14","0.29","120","4.097122302158273","26","278","624","9.251798561151078"
"19","0.29","19","3.9957446808510637","4","235","126","9.242553191489362"
"20","0.29","1","4.004405286343612","0","227","18","9.330396475770925"
"19","0.29","20","3.9957446808510637","4","235","126","9.242553191489362"
"21","0.33","1","4.004587155963303","0","218","26","9.477064220183486"
"20","0.29","2","4.008810572687224","0","227","18","9.330396475770925"
"19","0.29","21","3.9956709956709955","4","231","126","9.108225108225108"
"21","0.33","2","4.013824884792626","0","217","26","9.43778801843318"
"18","0.29","118","4.065891472868217","34","258","694","9.356589147286822"
"20","0.29","3","3.982300884955752","1","226","18","9.283185840707965"
"17","0.29","115","3.9660377358490564","30","265","616","9.20754716981132"
"21","0.33","3","4.032258064516129","0","217","26","9.43778801843318"
"18","0.29","119","4.066147859922179","35","257","694","9.315175097276265"
"17","0.29","116","3.969811320754717","30","265","616","9.20754716981132"
"18","0.29","120","4.070038910505836","35","257","694","9.315175097276265"
"17","0.29","117","3.9771863117870723","31","263","616","9.140684410646388"
"19","0.29","22","3.9956521739130433","4","230","150","9.278260869565218"
"21","0.33","4","4.032258064516129","0","217","42","9.585253456221198"
"19","0.29","23","3.9956521739130433","4","230","150","9.278260869565218"
"20","0.29","4","3.982142857142857","1","224","38","9.375"
"21","0.33","5","4.032258064516129","0","217","42","9.585253456221198"
"19","0.29","24","3.9956521739130433","4","230","150","9.278260869565218"
"20","0.29","5","3.9820627802690582","1","223","38","9.327354260089686"
"22","0.33","0","3.884297520661157","0","242","0","9.181818181818182"
"21","0.33","6","4.032407407407407","0","216","42","9.537037037037036"
"20","0.29","6","3.9820627802690582","1","223","38","9.327354260089686"
"17","0.29","118","3.973076923076923","34","260","636","9.176923076923076"
"17","0.29","119","3.976923076923077","34","260","636","9.176923076923076"
"21","0.33","7","4.032407407407407","0","216","52","9.62962962962963"
"23","0.33","0","3.774891774891775","0","231","0","9.16017316017316"
"17","0.29","120","3.9766536964980546","35","257","636","9.058365758754864"
"21","0.33","8","4.032407407407407","0","216","52","9.62962962962963"
"22","0.33","1","3.8916666666666666","1","240","27","9.325"
"21","0.33","9","4.0327102803738315","0","214","52","9.532710280373832"
"20","0.29","7","3.986425339366516","1","221","64","9.493212669683258"
"19","0.29","25","3.6613545816733066","4","251","162","9.107569721115539"
"22","0.33","2","3.908333333333333","1","240","27","9.325"
"20","0.29","8","3.9954545454545456","1","220","64","9.445454545454545"
"19","0.29","26","3.976","4","250","162","9.064"
"22","0.33","3","3.928870292887029","1","239","27","9.280334728033473"
"20","0.29","9","3.9954128440366974","2","218","64","9.357798165137615"
"19","0.29","27","3.9838709677419355","5","248","162","8.975806451612904"
"21","0.33","10","4.0327102803738315","0","214","63","9.63551401869159"
"21","0.33","11","4.028169014084507","0","213","63","9.586854460093896"
"23","0.33","1","3.9565217391304346","0","230","32","9.4"
"23","0.33","2","3.9608695652173913","0","230","32","9.4"
"21","0.33","12","4.028169014084507","0","213","63","9.586854460093896"
"24","0.33","0","3.9680365296803655","0","219","0","9.068493150684931"
"20","0.29","10","3.9954128440366974","2","218","90","9.596330275229358"
"23","0.33","3","3.973568281938326","0","227","32","9.268722466960352"
"19","0.29","28","3.983739837398374","5","246","185","9.073170731707316"
"19","0.29","29","3.991869918699187","5","246","185","9.073170731707316"
"20","0.29","11","3.9954128440366974","2","218","90","9.596330275229358"
"19","0.29","30","3.9917695473251027","6","243","185","8.938271604938272"
"22","0.33","4","3.924686192468619","1","239","51","9.481171548117155"
"20","0.29","12","3.9907834101382487","2","217","90","9.566820276497696"
"22","0.33","5","3.9243697478991595","1","238","51","9.436974789915967"
"22","0.33","6","3.9243697478991595","1","238","51","9.436974789915967"
"24","0.33","1","3.949771689497717","0","219","29","9.333333333333334"
"23","0.33","4","3.97787610619469","0","226","61","9.486725663716815"
"24","0.33","2","3.954337899543379","0","219","29","9.333333333333334"
"23","0.33","5","3.973333333333333","0","225","61","9.44"
"24","0.33","3","3.958904109589041","0","219","29","9.333333333333334"
"21","0.33","13","3.7280701754385963","0","228","69","9.271929824561404"
"23","0.33","6","3.9776785714285716","1","224","61","9.392857142857142"
"21","0.33","14","3.991228070175439","0","228","69","9.271929824561404"
"22","0.33","7","3.923404255319149","1","235","65","9.429787234042553"
"19","0.29","31","3.9917695473251027","6","243","207","9.119341563786008"
"20","0.29","13","3.7641921397379914","2","229","99","9.397379912663755"
"21","0.33","15","3.986784140969163","0","227","69","9.233480176211454"
"22","0.33","8","3.92274678111588","2","233","65","9.339055793991417"
"19","0.29","32","3.9834710743801653","6","242","207","9.074380165289256"
"24","0.33","4","3.958904109589041","0","219","41","9.442922374429223"
"20","0.29","14","3.9737991266375547","2","229","99","9.397379912663755"
"19","0.29","33","3.9834710743801653","6","242","207","9.074380165289256"
"23","0.33","7","3.96875","1","224","84","9.598214285714286"
"24","0.33","5","3.958904109589041","0","219","41","9.442922374429223"
"22","0.33","9","3.92274678111588","2","233","65","9.339055793991417"
"20","0.29","15","3.9737991266375547","2","229","99","9.397379912663755"
"23","0.33","8","3.9684684684684686","1","222","84","9.504504504504505"
"24","0.33","6","3.958904109589041","0","219","41","9.442922374429223"
"23","0.33","9","3.9684684684684686","1","222","84","9.504504504504505"
"21","0.33","16","3.986784140969163","0","227","84","9.365638766519824"
"21","0.33","17","3.9867256637168142","1","226","84","9.31858407079646"
"24","0.33","7","3.9585253456221197","1","217","55","9.511520737327189"
"21","0.33","18","3.986666666666667","1","225","84","9.27111111111111"
"23","0.33","10","3.9683257918552037","2","221","102","9.619909502262443"
"19","0.29","34","3.979338842975207","6","242","224","9.214876033057852"
"24","0.33","8","3.958139534883721","2","215","55","9.423255813953489"
"19","0.29","35","3.983402489626556","7","241","224","9.1701244813278"
"20","0.29","16","3.9691629955947136","3","227","104","9.348017621145374"
"23","0.33","11","3.9683257918552037","2","221","102","9.619909502262443"
"24","0.33","9","3.957943925233645","2","214","55","9.373831775700934"
"19","0.29","36","3.9790794979079496","8","239","224","9.07949790794979"
"20","0.29","17","3.9691629955947136","3","227","104","9.348017621145374"
"23","0.33","12","3.9683257918552037","2","221","102","9.619909502262443"
"22","0.33","10","3.92274678111588","2","233","92","9.570815450643776"
"20","0.29","18","3.9690265486725664","3","226","104","9.300884955752212"
"21","0.33","19","3.986607142857143","1","224","98","9.357142857142858"
"22","0.33","11","3.92274678111588","2","233","92","9.570815450643776"
"21","0.33","20","3.986547085201794","1","223","98","9.309417040358744"
"22","0.33","12","3.9224137931034484","2","232","92","9.525862068965518"
"24","0.33","10","3.9577464788732395","2","213","72","9.502347417840376"
"21","0.33","21","3.986547085201794","1","223","98","9.309417040358744"
"24","0.33","11","3.957547169811321","2","212","72","9.471698113207546"
"20","0.29","19","3.968888888888889","4","225","113","9.333333333333334"
"23","0.33","13","3.7148936170212767","3","235","110","9.429787234042553"
"24","0.33","12","3.957345971563981","2","211","72","9.421800947867299"
"23","0.33","14","3.953191489361702","3","235","110","9.429787234042553"
"20","0.29","20","3.9598214285714284","5","224","113","9.285714285714286"
"23","0.33","15","3.953191489361702","3","235","110","9.429787234042553"
"19","0.29","37","3.7628458498023716","8","253","242","9.272727272727273"
"19","0.29","38","3.992063492063492","8","252","242","9.23015873015873"
"20","0.29","21","3.9506726457399104","5","223","113","9.246636771300448"
"19","0.29","39","3.996031746031746","8","252","242","9.23015873015873"
"23","0.33","16","3.9527896995708156","3","233","117","9.399141630901287"
"24","0.33","13","3.6784140969162995","2","227","92","9.365638766519824"
"23","0.33","17","3.9527896995708156","3","233","117","9.399141630901287"
"24","0.33","14","3.986666666666667","2","225","92","9.28"
"23","0.33","18","3.9527896995708156","3","233","117","9.399141630901287"
"24","0.33","15","3.991111111111111","2","225","92","9.28"
"21","0.33","22","3.986425339366516","1","221","110","9.321266968325792"
"19","0.29","40","3.996031746031746","8","252","248","9.277777777777779"
"23","0.33","19","3.9527896995708156","3","233","124","9.459227467811159"
"19","0.29","41","3.995983935742972","9","249","248","9.14859437751004"
"21","0.33","23","3.990867579908676","2","219","110","9.242009132420092"
"23","0.33","20","3.9521739130434783","3","230","124","9.339130434782609"
"19","0.29","42","3.9919354838709675","9","248","248","9.161290322580646"
"24","0.33","16","3.991111111111111","2","225","98","9.333333333333334"
"22","0.33","13","3.5546875","2","256","110","9.2421875"
"23","0.33","21","3.9521739130434783","3","230","124","9.339130434782609"
"24","0.33","17","3.991031390134529","3","223","98","9.291479820627803"
"24","0.33","18","3.990990990990991","3","222","98","9.252252252252251"
"22","0.33","14","3.93359375","2","256","110","9.2421875"
"21","0.33","24","3.990867579908676","2","219","110","9.242009132420092"
"20","0.29","22","3.9504504504504503","5","222","124","9.297297297297296"
"23","0.33","22","3.9521739130434783","3","230","140","9.478260869565217"
"23","0.33","23","3.9521739130434783","3","230","140","9.478260869565217"
"19","0.29","43","3.995967741935484","9","248","265","9.298387096774194"
"20","0.29","23","3.9504504504504503","5","222","124","9.297297297297296"
"22","0.33","15","3.933333333333333","2","255","110","9.2"
"24","0.33","19","3.990990990990991","3","222","108","9.342342342342342"
"20","0.29","24","3.9502262443438916","6","221","124","9.248868778280542"
"23","0.33","24","3.9519650655021836","3","229","140","9.43231441048035"
"19","0.29","44","3.9919028340080973","10","247","265","9.263157894736842"
"24","0.33","20","3.990990990990991","3","222","108","9.342342342342342"
"24","0.33","21","3.9909090909090907","4","220","108","9.245454545454546"
"19","0.29","45","3.9959514170040484","10","247","265","9.263157894736842"
"21","0.33","25","3.850220264317181","2","227","133","9.462555066079295"
"19","0.29","46","3.9918367346938775","12","245","279","9.289795918367346"
"24","0.33","22","3.9908256880733943","4","218","123","9.293577981651376"
"21","0.33","26","3.982300884955752","3","226","133","9.415929203539823"
"23","0.33","25","3.6315789473684212","3","247","147","9.206477732793521"
"24","0.33","23","3.9908256880733943","4","218","123","9.293577981651376"
"19","0.29","47","3.9959016393442623","13","244","279","9.254098360655737"
"23","0.33","26","3.9390243902439024","3","246","147","9.16260162601626"
"24","0.33","24","3.9907834101382487","4","217","123","9.244239631336406"
"19","0.29","48","3.9917695473251027","13","243","279","9.209876543209877"
"22","0.33","16","3.932806324110672","2","253","120","9.193675889328063"
"20","0.29","25","3.761904761904762","6","231","137","9.281385281385282"
"23","0.33","27","3.9430894308943087","3","246","147","9.16260162601626"
"20","0.29","26","3.9304347826086956","6","230","137","9.234782608695653"
"22","0.33","17","3.9362549800796813","3","251","120","9.115537848605578"
"23","0.33","28","3.94238683127572","4","243","151","9.135802469135802"
"21","0.33","27","3.986666666666667","4","225","133","9.36888888888889"
"23","0.33","29","3.9421487603305785","4","242","151","9.099173553719009"
"24","0.33","25","3.7787610619469025","5","226","140","9.327433628318584"
"22","0.33","18","3.936","3","250","120","9.072"
"23","0.33","30","3.9421487603305785","4","242","151","9.099173553719009"
"20","0.29","27","3.9304347826086956","6","230","137","9.234782608695653"
"24","0.33","26","3.986666666666667","5","225","140","9.297777777777778"
"24","0.33","27","3.982142857142857","5","224","140","9.25"
"19","0.29","49","3.7061068702290076","13","262","304","9.213740458015268"
"19","0.29","50","4.038461538461538","13","260","304","9.13076923076923"
"23","0.33","31","3.9421487603305785","4","242","166","9.223140495867769"
"21","0.33","28","3.986607142857143","5","224","140","9.383928571428571"
"19","0.29","51","4.0347490347490345","13","259","304","9.088803088803088"
"23","0.33","32","3.9421487603305785","4","242","166","9.223140495867769"
"21","0.33","29","3.986607142857143","5","224","140","9.383928571428571"
"20","0.29","28","3.9260869565217393","6","230","144","9.295652173913043"
"24","0.33","28","3.9732142857142856","5","224","147","9.3125"
"24","0.33","29","3.9641255605381165","6","223","147","9.27354260089686"
"23","0.33","33","3.9421487603305785","4","242","166","9.223140495867769"
"21","0.33","30","3.986607142857143","5","224","140","9.383928571428571"
"20","0.29","29","3.9260869565217393","6","230","144","9.295652173913043"
"24","0.33","30","3.9551569506726456","6","223","147","9.27354260089686"
"20","0.29","30","3.9260869565217393","6","230","144","9.295652173913043"
"22","0.33","19","3.932","3","250","141","9.24"
"22","0.33","20","3.936","3","250","141","9.24"
"23","0.33","34","3.941666666666667","5","240","176","9.216666666666667"
"19","0.29","52","4.0234375","13","256","322","9.109375"
"23","0.33","35","3.9414225941422596","5","239","176","9.171548117154812"
"21","0.33","31","3.986547085201794","5","223","151","9.434977578475337"
"19","0.29","53","4.019607843137255","13","255","322","9.074509803921568"
"22","0.33","21","3.931726907630522","3","249","141","9.196787148594378"
"24","0.33","31","3.9551569506726456","6","223","157","9.36322869955157"
"20","0.29","31","3.925764192139738","7","229","149","9.292576419213974"
"19","0.29","54","4.023715415019763","14","253","322","8.996047430830039"
"21","0.33","32","3.9864864864864864","5","222","151","9.387387387387387"
"23","0.33","36","3.9411764705882355","6","238","176","9.126050420168067"
"24","0.33","32","3.9504504504504503","6","222","157","9.378378378378379"
"20","0.29","32","3.925764192139738","7","229","149","9.292576419213974"
"24","0.33","33","3.9502262443438916","7","221","157","9.330316742081449"
"20","0.29","33","3.925438596491228","7","228","149","9.24561403508772"
"21","0.33","33","3.986425339366516","5","221","151","9.34841628959276"
"24","0.33","34","3.95","8","220","169","9.39090909090909"
"22","0.33","22","3.931726907630522","3","249","156","9.317269076305221"
"19","0.29","55","4.027667984189724","14","253","351","9.225296442687746"
"20","0.29","34","3.925438596491228","7","228","158","9.324561403508772"
"24","0.33","35","3.9541284403669725","8","218","169","9.293577981651376"
"21","0.33","34","3.9863636363636363","5","220","167","9.454545454545455"
"22","0.33","23","3.931451612903226","3","248","156","9.274193548387096"
"23","0.33","37","3.75","7","248","195","9.338709677419354"
"24","0.33","36","3.953917050691244","9","217","169","9.244239631336406"
"19","0.29","56","4.023715415019763","14","253","351","9.225296442687746"
"20","0.29","35","3.9251101321585904","8","227","158","9.277533039647578"
"21","0.33","35","3.986111111111111","6","216","167","9.287037037037036"
"22","0.33","24","3.931451612903226","3","248","156","9.274193548387096"
"23","0.33","38","3.9878542510121457","8","247","195","9.295546558704453"
"19","0.29","57","4.023715415019763","14","253","351","9.225296442687746"
"20","0.29","36","3.9251101321585904","8","227","158","9.277533039647578"
"21","0.33","36","3.986046511627907","6","215","167","9.237209302325581"
"23","0.33","39","3.9796747967479673","9","246","195","9.252032520325203"
"23","0.33","40","3.9754098360655736","10","244","203","9.229508196721312"
"20","0.29","37","3.7125","8","240","165","9.208333333333334"
"23","0.33","41","3.9836065573770494","10","244","203","9.229508196721312"
"19","0.29","58","4.01984126984127","14","252","363","9.277777777777779"
"24","0.33","37","3.6824034334763946","9","233","185","9.253218884120171"
"22","0.33","25","3.651685393258427","3","267","167","9.131086142322097"
"23","0.33","42","3.987603305785124","11","242","203","9.140495867768594"
"24","0.33","38","3.9393939393939394","9","231","185","9.16017316017316"
"20","0.29","38","3.9201680672268906","9","238","165","9.126050420168067"
"19","0.29","59","4.027888446215139","14","251","363","9.243027888446216"
"22","0.33","26","3.9210526315789473","3","266","167","9.090225563909774"
"19","0.29","60","4.0239043824701195","14","251","363","9.243027888446216"
"20","0.29","39","3.9201680672268906","9","238","165","9.126050420168067"
"21","0.33","37","3.5840336134453783","7","238","189","9.176470588235293"
"24","0.33","39","3.9523809523809526","9","231","185","9.16017316017316"
"22","0.33","27","3.9198473282442747","3","262","167","8.923664122137405"
"21","0.33","38","4.012711864406779","8","236","189","9.084745762711865"
"21","0.33","39","4.017021276595744","9","235","189","9.038297872340426"
"23","0.33","43","3.9917355371900825","11","242","224","9.314049586776859"
"23","0.33","44","3.9917355371900825","11","242","224","9.314049586776859"
"20","0.29","40","3.9201680672268906","9","238","181","9.260504201680673"
"20","0.29","41","3.919491525423729","9","236","181","9.186440677966102"
"24","0.33","40","3.9434782608695653","10","230","195","9.2"
"23","0.33","45","3.987551867219917","11","241","224","9.28630705394191"
"20","0.29","42","3.919491525423729","9","236","181","9.186440677966102"
"24","0.33","41","3.9434782608695653","10","230","195","9.2"
"21","0.33","40","4.021367521367521","10","234","210","9.17094017094017"
"19","0.29","61","3.8181818181818183","14","264","377","9.272727272727273"
"22","0.33","28","3.919230769230769","3","260","196","9.061538461538461"
"24","0.33","42","3.942982456140351","10","228","195","9.140350877192983"
"21","0.33","41","4.021367521367521","10","234","210","9.17094017094017"
"19","0.29","62","4.057034220532319","15","263","377","9.239543726235741"
"22","0.33","29","3.918918918918919","3","259","196","9.019305019305019"
"21","0.33","42","4.017094017094017","10","234","210","9.17094017094017"
"19","0.29","63","4.072243346007604","15","263","377","9.239543726235741"
"22","0.33","30","3.918918918918919","3","259","196","9.019305019305019"
"23","0.33","46","3.975103734439834","11","241","240","9.41908713692946"
"20","0.29","43","3.9191489361702128","9","235","193","9.242553191489362"
"23","0.33","47","3.9748953974895396","12","239","240","9.330543933054393"
"20","0.29","44","3.9188034188034186","9","234","193","9.196581196581196"
"23","0.33","48","3.9748953974895396","12","239","240","9.330543933054393"
"24","0.33","43","3.9513274336283186","10","226","208","9.15929203539823"
"20","0.29","45","3.9184549356223175","9","233","193","9.150214592274677"
"21","0.33","43","4.017094017094017","10","234","223","9.282051282051283"
"19","0.29","64","4.068702290076335","16","262","395","9.335877862595419"
"24","0.33","44","3.9424778761061945","10","226","208","9.15929203539823"
"19","0.29","65","4.072519083969466","16","262","395","9.335877862595419"
"24","0.33","45","3.9419642857142856","10","224","208","9.0625"
"22","0.33","31","3.914396887159533","3","257","221","9.167315175097276"
"19","0.29","66","4.068702290076335","16","262","395","9.335877862595419"
"22","0.33","32","3.9140625","3","256","221","9.125"
"21","0.33","44","4.017316017316017","12","231","223","9.142857142857142"
"20","0.29","46","3.918103448275862","10","232","208","9.232758620689655"
"22","0.33","33","3.9130434782608696","4","253","221","9.003952569169961"
"21","0.33","45","4.017316017316017","12","231","223","9.142857142857142"
"20","0.29","47","3.9177489177489178","11","231","208","9.186147186147187"
"23","0.33","49","3.587121212121212","12","264","249","9.159090909090908"
"20","0.29","48","3.9177489177489178","11","231","208","9.186147186147187"
"23","0.33","50","3.9618320610687023","12","262","249","9.083969465648854"
"24","0.33","46","3.9464285714285716","10","224","231","9.267857142857142"
"19","0.29","67","4.072519083969466","16","262","407","9.427480916030534"
"23","0.33","51","3.9693486590038316","12","261","249","9.042145593869732"
"24","0.33","47","3.936651583710407","11","221","231","9.14027149321267"
"19","0.29","68","4.068965517241379","16","261","407","9.386973180076629"
"21","0.33","46","4.017316017316017","12","231","239","9.281385281385282"
"24","0.33","48","3.9363636363636365","11","220","231","9.1"
"21","0.33","47","4.0174672489082965","12","229","239","9.231441048034934"
"19","0.29","69","4.073359073359073","16","259","407","9.305019305019306"
"22","0.33","34","3.9130434782608696","4","253","251","9.24110671936759"
"21","0.33","48","4.0174672489082965","12","229","239","9.231441048034934"
"22","0.33","35","3.9130434782608696","4","253","251","9.24110671936759"
"22","0.33","36","3.9126984126984126","4","252","251","9.198412698412698"
"20","0.29","49","3.6639676113360324","11","247","227","9.190283400809717"
"23","0.33","52","3.9692307692307693","12","260","263","9.107692307692307"
"20","0.29","50","3.934959349593496","12","246","227","9.146341463414634"
"23","0.33","53","3.969111969111969","13","259","263","9.065637065637066"
"19","0.29","70","4.073643410852713","16","258","424","9.410852713178295"
"20","0.29","51","3.9430894308943087","12","246","227","9.146341463414634"
"23","0.33","54","3.969111969111969","13","259","263","9.065637065637066"
"19","0.29","71","4.073929961089494","17","257","424","9.369649805447471"
"24","0.33","49","3.5933609958506225","11","241","256","9.161825726141078"
"19","0.29","72","4.073929961089494","17","257","424","9.369649805447471"
"21","0.33","49","3.7125506072874495","12","247","254","9.109311740890687"
"24","0.33","50","3.933333333333333","11","240","256","9.116666666666667"
"21","0.33","50","4.061475409836065","13","244","254","9.01639344262295"
"20","0.29","52","3.946938775510204","12","245","231","9.142857142857142"
"24","0.33","51","3.9285714285714284","13","238","256","9.025210084033613"
"21","0.33","51","4.049180327868853","13","244","254","9.01639344262295"
"22","0.33","37","3.6654275092936803","4","269","271","9.315985130111525"
"20","0.29","53","3.946938775510204","12","245","231","9.142857142857142"
"23","0.33","55","3.9689922480620154","13","258","278","9.13953488372093"
"22","0.33","38","3.966417910447761","4","268","271","9.32089552238806"
"23","0.33","56","3.96875","14","256","278","9.0546875"
"20","0.29","54","3.946938775510204","12","245","231","9.142857142857142"
"22","0.33","39","3.9625468164794007","5","267","271","9.280898876404494"
"23","0.33","57","3.96875","14","256","278","9.0546875"
"19","0.29","73","3.792727272727273","17","275","439","9.265454545454546"
"21","0.33","52","4.045081967213115","13","244","270","9.147540983606557"
"19","0.29","74","4.043636363636364","17","275","439","9.265454545454546"
"21","0.33","53","4.040983606557377","13","244","270","9.147540983606557"
"24","0.33","52","3.9240506329113924","13","237","274","9.130801687763713"
"19","0.29","75","4.036496350364963","17","274","439","9.226277372262773"
"21","0.33","54","4.036885245901639","13","244","270","9.147540983606557"
"24","0.33","53","3.9237288135593222","13","236","274","9.09322033898305"
"20","0.29","55","3.946938775510204","12","245","237","9.191836734693878"
"22","0.33","40","3.9547169811320755","6","265","292","9.358490566037736"
"24","0.33","54","3.923404255319149","13","235","274","9.05531914893617"
"20","0.29","56","3.946938775510204","12","245","237","9.191836734693878"
"23","0.33","58","3.9686274509803923","15","255","300","9.184313725490195"
"22","0.33","41","3.9584905660377356","6","265","292","9.358490566037736"
"20","0.29","57","3.9508196721311477","12","244","237","9.172131147540984"
"23","0.33","59","3.9686274509803923","15","255","300","9.184313725490195"
"22","0.33","42","3.9545454545454546","6","264","292","9.318181818181818"
"21","0.33","55","4.032786885245901","13","244","276","9.19672131147541"
"19","0.29","76","4.04029304029304","17","273","452","9.282051282051283"
"23","0.33","60","3.9683794466403164","16","253","300","9.114624505928854"
"21","0.33","56","4.032786885245901","13","244","276","9.19672131147541"
"19","0.29","77","4.055350553505535","19","271","452","9.202952029520295"
"21","0.33","57","4.032921810699588","13","243","276","9.152263374485596"
"19","0.29","78","4.055350553505535","19","271","452","9.202952029520295"
"20","0.29","58","3.9588477366255144","12","243","247","9.209876543209877"
"24","0.33","55","3.927350427350427","13","234","291","9.188034188034187"
"20","0.29","59","3.9670781893004117","12","243","247","9.209876543209877"
"24","0.33","56","3.9313304721030042","13","233","291","9.17596566523605"
"20","0.29","60","3.966666666666667","14","240","247","9.083333333333334"
"22","0.33","43","3.958174904942966","6","263","313","9.44486692015209"
"24","0.33","57","3.9310344827586206","14","232","291","9.137931034482758"
"22","0.33","44","3.954198473282443","7","262","313","9.404580152671755"
"21","0.33","58","4.037037037037037","13","243","292","9.283950617283951"
"22","0.33","45","3.9580152671755724","7","262","313","9.404580152671755"
"21","0.33","59","4.033057851239669","13","242","292","9.239669421487603"
"19","0.29","79","4.059040590405904","19","271","468","9.321033210332104"
"21","0.33","60","4.033057851239669","13","242","292","9.239669421487603"
"19","0.29","80","4.055350553505535","19","271","468","9.321033210332104"
"23","0.33","61","3.7026022304832713","17","269","323","9.263940520446097"
"24","0.33","58","3.9310344827586206","14","232","306","9.267241379310345"
"19","0.29","81","4.055555555555555","20","270","468","9.281481481481482"
"23","0.33","62","4.007490636704119","18","267","323","9.183520599250937"
"24","0.33","59","3.930735930735931","14","231","306","9.220779220779221"
"23","0.33","63","4","19","266","323","9.142857142857142"
"20","0.29","61","3.806451612903226","14","248","265","9.362903225806452"
"22","0.33","46","3.9580152671755724","7","262","328","9.51908396946565"
"24","0.33","60","3.9304347826086956","14","230","306","9.173913043478262"
"20","0.29","62","3.9596774193548385","14","248","265","9.362903225806452"
"22","0.33","47","3.957692307692308","7","260","328","9.492307692307692"
"21","0.33","61","3.857707509881423","13","253","304","9.328063241106719"
"20","0.29","63","3.9591836734693877","15","245","265","9.240816326530613"
"19","0.29","82","4.0559701492537314","20","268","479","9.283582089552239"
"22","0.33","48","3.9575289575289574","7","259","328","9.451737451737452"
"21","0.33","62","4.043478260869565","13","253","304","9.328063241106719"
"19","0.29","83","4.06015037593985","20","266","479","9.300751879699249"
"21","0.33","63","4.0395256916996045","13","253","304","9.328063241106719"
"19","0.29","84","4.056390977443609","20","266","479","9.300751879699249"
"23","0.33","64","3.996212121212121","20","264","342","9.204545454545455"
"23","0.33","65","3.9961977186311786","20","263","342","9.163498098859316"
"24","0.33","61","3.818565400843882","14","237","320","9.39240506329114"
"23","0.33","66","3.99618320610687","21","262","342","9.122137404580153"
"20","0.29","64","3.959016393442623","15","244","283","9.344262295081966"
"24","0.33","62","3.928270042194093","14","237","320","9.39240506329114"
"21","0.33","64","4.031620553359684","13","253","312","9.391304347826088"
"20","0.29","65","3.959016393442623","15","244","283","9.344262295081966"
"24","0.33","63","3.9237288135593222","14","236","320","9.347457627118644"
"21","0.33","65","4.031620553359684","13","253","312","9.391304347826088"
"20","0.29","66","3.959016393442623","15","244","283","9.344262295081966"
"21","0.33","66","4.031620553359684","13","253","312","9.391304347826088"
"22","0.33","49","3.700361010830325","7","277","345","9.386281588447654"
"19","0.29","85","3.8840579710144927","21","276","492","9.31159420289855"
"22","0.33","50","3.9819494584837547","7","277","345","9.386281588447654"
"19","0.29","86","4.072463768115942","21","276","492","9.31159420289855"
"23","0.33","67","3.996168582375479","22","261","369","9.295019157088122"
"24","0.33","64","3.927350427350427","15","234","329","9.333333333333334"
"22","0.33","51","3.9819494584837547","7","277","345","9.386281588447654"
"19","0.29","87","4.065693430656935","22","274","492","9.291970802919709"
"21","0.33","67","4.0355731225296445","13","253","319","9.446640316205533"
"23","0.33","68","3.996138996138996","22","259","369","9.227799227799228"
"20","0.29","67","3.9588477366255144","16","243","294","9.390946502057613"
"24","0.33","65","3.92274678111588","15","233","329","9.28755364806867"
"21","0.33","68","4.031746031746032","14","252","319","9.404761904761905"
"23","0.33","69","3.996138996138996","22","259","369","9.227799227799228"
"20","0.29","68","3.95850622406639","16","241","294","9.302904564315353"
"24","0.33","66","3.9310344827586206","15","232","329","9.25"
"21","0.33","69","4.032","15","250","319","9.328"
"20","0.29","69","3.9583333333333335","16","240","294","9.258333333333333"
"22","0.33","52","3.9819494584837547","7","277","355","9.458483754512635"
"19","0.29","88","4.069852941176471","24","272","500","9.272058823529411"
"22","0.33","53","3.9854545454545454","8","275","355","9.381818181818181"
"19","0.29","89","4.0625","24","272","500","9.272058823529411"
"22","0.33","54","3.9854014598540144","8","274","355","9.343065693430656"
"23","0.33","70","3.996138996138996","22","259","390","9.38996138996139"
"19","0.29","90","4.069852941176471","24","272","500","9.272058823529411"
"24","0.33","67","3.9264069264069263","15","231","350","9.437229437229437"
"21","0.33","70","4.032388663967612","16","247","329","9.287449392712551"
"23","0.33","71","3.9961089494163424","23","257","390","9.30739299610895"
"20","0.29","70","3.9581589958158996","16","239","310","9.355648535564853"
"24","0.33","68","3.9260869565217393","15","230","350","9.391304347826088"
"21","0.33","71","4.032520325203252","16","246","329","9.24390243902439"
"23","0.33","72","3.99609375","24","256","390","9.265625"
"20","0.29","71","3.9581589958158996","16","239","310","9.355648535564853"
"24","0.33","69","3.9260869565217393","15","230","350","9.391304347826088"
"21","0.33","72","4.032520325203252","16","246","329","9.24390243902439"
"20","0.29","72","3.957983193277311","16","238","310","9.3109243697479"
"22","0.33","55","3.9853479853479854","9","273","368","9.3992673992674"
"22","0.33","56","3.9816176470588234","9","272","368","9.360294117647058"
"19","0.29","91","4.066914498141264","24","269","515","9.263940520446097"
"22","0.33","57","3.9779411764705883","9","272","368","9.360294117647058"
"19","0.29","92","4.063432835820896","25","268","515","9.223880597014926"
"24","0.33","70","3.925764192139738","15","229","361","9.441048034934498"
"19","0.29","93","4.07089552238806","25","268","515","9.223880597014926"
"24","0.33","71","3.925438596491228","15","228","361","9.394736842105264"
"23","0.33","73","3.8171641791044775","24","268","410","9.335820895522389"
"24","0.33","72","3.925438596491228","15","228","361","9.394736842105264"
"20","0.29","73","3.7233201581027666","16","253","322","9.320158102766799"
"21","0.33","73","3.6728624535315983","17","269","357","9.197026022304833"
"23","0.33","74","4.011278195488722","24","266","410","9.323308270676693"
"20","0.29","74","3.9881422924901186","16","253","322","9.320158102766799"
"21","0.33","74","4.044776119402985","17","268","357","9.156716417910447"
"23","0.33","75","4.011278195488722","24","266","410","9.323308270676693"
"22","0.33","58","3.981549815498155","9","271","381","9.416974169741698"
"20","0.29","75","3.9799196787148596","18","249","322","9.14859437751004"
"21","0.33","75","4.029850746268656","17","268","357","9.156716417910447"
"22","0.33","59","3.9814126394052045","10","269","381","9.338289962825279"
"19","0.29","94","4.063432835820896","25","268","536","9.380597014925373"
"22","0.33","60","3.9776951672862455","10","269","381","9.338289962825279"
"19","0.29","95","4.067164179104478","25","268","536","9.380597014925373"
"23","0.33","76","4.003759398496241","24","266","416","9.368421052631579"
"19","0.29","96","4.06390977443609","27","266","536","9.323308270676693"
"24","0.33","73","3.5783132530120483","16","249","373","9.132530120481928"
"23","0.33","77","4.003773584905661","25","265","416","9.328301886792453"
"24","0.33","74","3.9838709677419355","16","248","373","9.088709677419354"
"20","0.29","76","3.9759036144578315","18","249","340","9.293172690763052"
"21","0.33","76","4.037313432835821","17","268","370","9.253731343283581"
"23","0.33","78","4.007575757575758","26","264","416","9.287878787878787"
"24","0.33","75","3.9838709677419355","16","248","373","9.088709677419354"
"20","0.29","77","3.967741935483871","18","248","340","9.25"
"21","0.33","77","4.041044776119403","17","268","370","9.253731343283581"
"20","0.29","78","3.967741935483871","18","248","340","9.25"
"21","0.33","78","4.037593984962406","19","266","370","9.172932330827068"
"22","0.33","61","3.8","10","280","395","9.471428571428572"
"23","0.33","79","4.011406844106464","27","263","426","9.32319391634981"
"24","0.33","76","3.983805668016194","17","247","387","9.157894736842104"
"22","0.33","62","3.9784172661870505","11","278","395","9.402877697841726"
"19","0.29","97","3.797872340425532","28","282","556","9.397163120567376"
"23","0.33","80","4.011494252873563","29","261","426","9.24904214559387"
"20","0.29","79","3.967741935483871","18","248","356","9.379032258064516"
"24","0.33","77","3.9878048780487805","17","246","387","9.113821138211382"
"22","0.33","63","3.978181818181818","11","275","395","9.294545454545455"
"19","0.29","98","4.06049822064057","29","281","556","9.359430604982206"
"20","0.29","80","3.967479674796748","20","246","356","9.292682926829269"
"21","0.33","79","4.041353383458647","19","266","385","9.285714285714286"
"23","0.33","81","4.011494252873563","29","261","426","9.24904214559387"
"24","0.33","78","3.9878048780487805","17","246","387","9.113821138211382"
"19","0.29","99","4.049822064056939","29","281","556","9.359430604982206"
"20","0.29","81","3.9672131147540983","21","244","356","9.204918032786885"
"21","0.33","80","4.045112781954887","19","266","385","9.285714285714286"
"21","0.33","81","4.049056603773585","19","265","385","9.245283018867925"
"24","0.33","79","3.983739837398374","17","246","409","9.292682926829269"
"23","0.33","82","4.011494252873563","29","261","440","9.35632183908046"
"19","0.29","100","4.05338078291815","29","281","567","9.437722419928825"
"22","0.33","64","3.963636363636364","11","275","407","9.381818181818181"
"24","0.33","80","3.9794238683127574","18","243","409","9.201646090534979"
"23","0.33","83","4.0115384615384615","29","260","440","9.315384615384616"
"19","0.29","101","4.049822064056939","29","281","567","9.437722419928825"
"22","0.33","65","3.963636363636364","11","275","407","9.381818181818181"
"24","0.33","81","3.979253112033195","20","241","409","9.120331950207468"
"21","0.33","82","4.049056603773585","19","265","401","9.366037735849057"
"20","0.29","82","3.9669421487603307","22","242","379","9.305785123966942"
"23","0.33","84","4.007751937984496","30","258","440","9.232558139534884"
"19","0.29","102","4.057347670250896","30","279","567","9.362007168458781"
"22","0.33","66","3.9635036496350367","11","274","407","9.343065693430656"
"21","0.33","83","4.049056603773585","19","265","401","9.366037735849057"
"20","0.29","83","3.9583333333333335","23","240","379","9.291666666666666"
"20","0.29","84","3.9535864978902953","23","237","379","9.240506329113924"
"21","0.33","84","4.049056603773585","19","265","401","9.366037735849057"
"24","0.33","82","3.979253112033195","20","241","432","9.311203319502075"
"19","0.29","103","4.057347670250896","30","279","580","9.455197132616487"
"22","0.33","67","3.9633699633699635","11","273","419","9.428571428571429"
"24","0.33","83","3.983402489626556","20","241","432","9.311203319502075"
"22","0.33","68","3.963235294117647","11","272","419","9.397058823529411"
"19","0.29","104","4.061594202898551","30","276","580","9.340579710144928"
"24","0.33","84","3.9791666666666665","21","240","432","9.266666666666667"
"22","0.33","69","3.962825278810409","12","269","419","9.278810408921933"
"23","0.33","85","3.804428044280443","30","271","462","9.343173431734318"
"19","0.29","105","4.0583941605839415","31","274","580","9.27007299270073"
"21","0.33","85","3.737762237762238","20","286","409","9.118881118881118"
"23","0.33","86","4.003717472118959","31","269","462","9.263940520446097"
"20","0.29","85","3.796747967479675","23","246","405","9.390243902439025"
"20","0.29","86","3.9430894308943087","23","246","405","9.390243902439025"
"21","0.33","86","4.066433566433567","20","286","409","9.118881118881118"
"23","0.33","87","4.00374531835206","33","267","462","9.183520599250937"
"20","0.29","87","3.942857142857143","23","245","405","9.346938775510203"
"21","0.33","87","4.056140350877193","21","285","409","9.080701754385965"
"22","0.33","70","3.962406015037594","12","266","435","9.278195488721805"
"19","0.29","106","4.0661764705882355","31","272","609","9.404411764705882"
"24","0.33","85","3.7848605577689245","21","251","445","9.410358565737052"
"22","0.33","71","3.9661654135338344","12","266","435","9.278195488721805"
"19","0.29","107","4.062730627306273","31","271","609","9.37269372693727"
"20","0.29","88","3.9465020576131686","23","243","414","9.333333333333334"
"24","0.33","86","4.004032258064516","23","248","445","9.290322580645162"
"23","0.33","88","3.996212121212121","33","264","484","9.227272727272727"
"22","0.33","72","3.973584905660377","12","265","435","9.237735849056603"
"19","0.29","108","4.0664206642066425","31","271","609","9.37269372693727"
"20","0.29","89","3.9421487603305785","24","242","414","9.289256198347108"
"21","0.33","88","4.045614035087719","21","285","420","9.157894736842104"
"24","0.33","87","4.012145748987854","23","247","445","9.255060728744938"
"23","0.33","89","3.9885057471264367","33","261","484","9.10344827586207"
"20","0.29","90","3.946280991735537","24","242","414","9.289256198347108"
"21","0.33","89","4.045936395759718","21","283","420","9.088339222614842"
"23","0.33","90","3.9884615384615385","33","260","484","9.061538461538461"
"21","0.33","90","4.045936395759718","21","283","420","9.088339222614842"
"20","0.29","91","3.9421487603305785","24","242","431","9.429752066115702"
"24","0.33","88","4.012295081967213","23","244","464","9.311475409836065"
"20","0.29","92","3.9419087136929463","24","241","431","9.385892116182573"
"24","0.33","89","4.016597510373444","25","241","464","9.195020746887966"
"20","0.29","93","3.9414225941422596","24","239","431","9.297071129707113"
"21","0.33","91","4.046099290780142","21","282","432","9.170212765957446"
"24","0.33","90","4.016597510373444","25","241","464","9.195020746887966"
"23","0.33","91","3.992248062015504","34","258","519","9.248062015503876"
"19","0.29","109","3.795138888888889","31","288","628","9.333333333333334"
"21","0.33","92","4.049645390070922","21","282","432","9.170212765957446"
"23","0.33","92","3.9921259842519685","35","254","519","9.078740157480315"
"19","0.29","110","4.079861111111111","31","288","628","9.333333333333334"
"22","0.33","73","3.6795774647887325","12","284","457","9.23943661971831"
"21","0.33","93","4.046762589928058","23","278","432","9.079136690647482"
"23","0.33","93","3.9921259842519685","35","254","519","9.078740157480315"
"19","0.29","111","4.079861111111111","31","288","628","9.333333333333334"
"22","0.33","74","3.9469964664310955","12","283","457","9.201413427561837"
"22","0.33","75","3.943462897526502","12","283","457","9.201413427561837"
"20","0.29","94","3.9411764705882355","24","238","450","9.411764705882353"
"20","0.29","95","3.9411764705882355","24","238","450","9.411764705882353"
"24","0.33","91","4.016597510373444","25","241","487","9.385892116182573"
"20","0.29","96","3.940677966101695","24","236","450","9.347457627118644"
"24","0.33","92","4.016666666666667","25","240","487","9.341666666666667"
"24","0.33","93","4.016666666666667","25","240","487","9.341666666666667"
"19","0.29","112","4.094076655052265","31","287","640","9.37979094076655"
"21","0.33","94","4.046762589928058","23","278","451","9.215827338129497"
"23","0.33","94","3.9921259842519685","35","254","556","9.37007874015748"
"19","0.29","113","4.094076655052265","31","287","640","9.37979094076655"
"22","0.33","76","3.9469964664310955","12","283","468","9.279151943462898"
"21","0.33","95","4.046762589928058","23","278","451","9.215827338129497"
"23","0.33","95","3.9921259842519685","35","254","556","9.37007874015748"
"19","0.29","114","4.094405594405594","31","286","640","9.342657342657343"
"22","0.33","77","3.9430604982206408","12","281","468","9.202846975088969"
"21","0.33","96","4.047101449275362","24","276","451","9.13768115942029"
"23","0.33","96","3.992094861660079","35","253","556","9.328063241106719"
"22","0.33","78","3.9466192170818504","12","281","468","9.202846975088969"
"24","0.33","94","4.016666666666667","25","240","497","9.425"
"20","0.29","97","3.603112840466926","25","257","468","9.206225680933851"
"24","0.33","95","4.01673640167364","25","239","497","9.389121338912133"
"24","0.33","96","4.01673640167364","25","239","497","9.389121338912133"
"20","0.29","98","3.9215686274509802","25","255","468","9.184313725490195"
"19","0.29","115","4.094736842105263","31","285","656","9.417543859649124"
"20","0.29","99","3.9215686274509802","25","255","468","9.184313725490195"
"19","0.29","116","4.091872791519434","32","283","656","9.342756183745584"
"22","0.33","79","3.942857142857143","13","280","483","9.271428571428572"
"19","0.29","117","4.088652482269503","32","282","656","9.304964539007091"
"22","0.33","80","3.9464285714285716","13","280","483","9.271428571428572"
"23","0.33","97","3.854961832061069","35","262","573","9.458015267175572"
"22","0.33","81","3.942857142857143","13","280","483","9.271428571428572"
"23","0.33","98","4.015325670498084","36","261","573","9.417624521072797"
"21","0.33","97","3.905263157894737","25","285","467","9.319298245614036"
"23","0.33","99","4.023255813953488","37","258","573","9.310077519379846"
"20","0.29","100","3.9330708661417324","26","254","475","9.196850393700787"
"21","0.33","98","4.039007092198582","26","282","467","9.205673758865249"
"20","0.29","101","3.9330708661417324","26","254","475","9.196850393700787"
"21","0.33","99","4.064056939501779","26","281","467","9.174377224199288"
"24","0.33","97","3.686046511627907","26","258","510","9.279069767441861"
"20","0.29","102","3.9291338582677167","26","254","475","9.196850393700787"
"19","0.29","118","4.088652482269503","32","282","671","9.411347517730496"
"24","0.33","98","4.023346303501945","26","257","510","9.299610894941635"
"19","0.29","119","4.088652482269503","32","282","671","9.411347517730496"
"24","0.33","99","4.023529411764706","26","255","510","9.24705882352941"
"22","0.33","82","3.9456521739130435","13","276","498","9.231884057971014"
"19","0.29","120","4.088967971530249","32","281","671","9.373665480427047"
"23","0.33","100","4.01937984496124","37","258","589","9.434108527131784"
"23","0.33","101","4.019607843137255","38","255","589","9.309803921568628"
"22","0.33","83","3.938181818181818","13","275","498","9.192727272727273"
"22","0.33","84","3.9448529411764706","13","272","498","9.073529411764707"
"23","0.33","102","4.019685039370079","39","254","589","9.26771653543307"
"20","0.29","103","3.9288537549407114","26","253","485","9.233201581027668"
"20","0.29","104","3.9285714285714284","26","252","485","9.19047619047619"
"21","0.33","100","4.053571428571429","27","280","489","9.292857142857143"
"20","0.29","105","3.928","27","250","485","9.104"
"21","0.33","101","4.058608058608058","30","273","489","9.135531135531135"
"24","0.33","100","4.02755905511811","27","254","523","9.307086614173228"
"25","0.33","0","3.963963963963964","0","222","0","9.126126126126126"
"21","0.33","102","4.062271062271062","30","273","489","9.135531135531135"
"24","0.33","101","4.02755905511811","27","254","523","9.307086614173228"
"24","0.33","102","4.02755905511811","27","254","523","9.307086614173228"
"23","0.33","103","4.01984126984127","39","252","603","9.30952380952381"
"20","0.29","106","3.928","27","250","507","9.28"
"23","0.33","104","4.01984126984127","39","252","603","9.30952380952381"
"20","0.29","107","3.928","27","250","507","9.28"
"20","0.29","108","3.928","27","250","507","9.28"
"23","0.33","105","4.02","40","250","603","9.232"
"25","0.33","1","4.004545454545455","0","220","28","9.3"
"22","0.33","85","3.693103448275862","13","290","536","9.337931034482759"
"25","0.33","2","4.040909090909091","0","220","28","9.3"
"24","0.33","103","4.027667984189724","27","253","531","9.328063241106719"
"22","0.33","86","3.9515570934256057","13","289","536","9.301038062283737"
"25","0.33","3","4.063926940639269","0","219","28","9.26027397260274"
"24","0.33","104","4.027777777777778","27","252","531","9.293650793650794"
"22","0.33","87","3.9411764705882355","13","289","536","9.301038062283737"
"21","0.33","103","4.0625","31","272","526","9.375"
"24","0.33","105","4.027888446215139","27","251","531","9.250996015936256"
"21","0.33","104","4.055555555555555","31","270","526","9.296296296296296"
"23","0.33","106","4.02","40","250","624","9.4"
"23","0.33","107","4.02","40","250","624","9.4"
"21","0.33","105","4.052044609665428","32","269","526","9.256505576208179"
"25","0.33","4","4.0691244239631335","0","217","52","9.391705069124423"
"23","0.33","108","4.020080321285141","41","249","624","9.357429718875501"
"20","0.29","109","3.6074074074074076","29","270","516","9.237037037037037"
"25","0.33","5","4.069444444444445","0","216","52","9.342592592592593"
"24","0.33","106","4.027888446215139","27","251","546","9.370517928286853"
"25","0.33","6","4.065420560747664","0","214","52","9.289719626168225"
"24","0.33","107","4.027888446215139","27","251","546","9.370517928286853"
"20","0.29","110","3.925925925925926","29","270","516","9.237037037037037"
"22","0.33","88","3.9480968858131487","13","289","544","9.356401384083044"
"24","0.33","108","4.027888446215139","27","251","546","9.370517928286853"
"20","0.29","111","3.9363295880149813","29","267","516","9.191011235955056"
"22","0.33","89","3.9409722222222223","13","288","544","9.333333333333334"
"22","0.33","90","3.9479166666666665","13","288","544","9.333333333333334"
"21","0.33","106","4.048327137546468","32","269","559","9.50185873605948"
"25","0.33","7","4.065727699530516","0","213","78","9.48356807511737"
"23","0.33","109","3.8098859315589353","41","263","635","9.391634980988593"
"21","0.33","107","4.048327137546468","32","269","559","9.50185873605948"
"25","0.33","8","4.066037735849057","0","212","78","9.433962264150944"
"23","0.33","110","4.026615969581749","41","263","635","9.391634980988593"
"25","0.33","9","4.066037735849057","0","212","78","9.433962264150944"
"21","0.33","108","4.048689138576779","32","267","559","9.423220973782772"
"23","0.33","111","4.026717557251908","41","262","635","9.366412213740459"
"20","0.29","112","3.943609022556391","29","266","526","9.225563909774436"
"24","0.33","109","3.7857142857142856","28","266","557","9.285714285714286"
"20","0.29","113","3.9473684210526314","29","266","526","9.225563909774436"
"24","0.33","110","4.053231939163498","29","263","557","9.171102661596958"
"22","0.33","91","3.9409722222222223","13","288","550","9.375"
"25","0.33","10","4.0663507109004735","0","211","94","9.535545023696683"
"20","0.29","114","3.9471698113207547","29","265","526","9.184905660377359"
"24","0.33","111","4.057034220532319","29","263","557","9.171102661596958"
"25","0.33","11","4.0669856459330145","0","209","94","9.435406698564593"
"23","0.33","112","4.038167938931298","41","262","643","9.427480916030534"
"22","0.33","92","3.9403508771929823","14","285","550","9.263157894736842"
"25","0.33","12","4.0673076923076925","0","208","94","9.39423076923077"
"23","0.33","113","4.030888030888031","42","259","643","9.305019305019306"
"22","0.33","93","3.9263157894736844","14","285","550","9.263157894736842"
"23","0.33","114","4.0347490347490345","42","259","643","9.305019305019306"
"21","0.33","109","3.7395833333333335","32","288","575","9.305555555555555"
"20","0.29","115","3.9471698113207547","29","265","538","9.275471698113208"
"24","0.33","112","4.057034220532319","29","263","574","9.300380228136882"
"21","0.33","110","4.059233449477352","32","287","575","9.268292682926829"
"20","0.29","116","3.9471698113207547","29","265","538","9.275471698113208"
"25","0.33","13","3.7767857142857144","0","224","115","9.366071428571429"
"24","0.33","113","4.057251908396947","30","262","574","9.259541984732824"
"20","0.29","117","3.946969696969697","29","264","538","9.234848484848484"
"21","0.33","111","4.055944055944056","32","286","575","9.23076923076923"
"23","0.33","115","4.030888030888031","42","259","652","9.374517374517374"
"25","0.33","14","4.053571428571429","0","224","115","9.366071428571429"
"24","0.33","114","4.064885496183206","30","262","574","9.259541984732824"
"22","0.33","94","3.933333333333333","14","285","575","9.43859649122807"
"23","0.33","116","4.027237354085603","42","257","652","9.299610894941635"
"25","0.33","15","4.058558558558558","0","222","115","9.288288288288289"
"23","0.33","117","4.01556420233463","42","257","652","9.299610894941635"
"22","0.33","95","3.925531914893617","16","282","575","9.326241134751774"
"22","0.33","96","3.9326241134751774","16","282","575","9.326241134751774"
"25","0.33","16","4.058558558558558","0","222","124","9.36936936936937"
"20","0.29","118","3.946768060836502","29","263","549","9.277566539923955"
"25","0.33","17","4.0590909090909095","0","220","124","9.272727272727273"
"24","0.33","115","4.061302681992337","30","261","584","9.295019157088122"
"21","0.33","112","4.056140350877193","32","285","584","9.256140350877192"
"23","0.33","118","4.02755905511811","42","254","666","9.283464566929133"
"25","0.33","18","4.0590909090909095","0","220","124","9.272727272727273"
"20","0.29","119","3.946564885496183","29","262","549","9.236641221374045"
"24","0.33","116","4.065384615384615","30","260","584","9.261538461538462"
"21","0.33","113","4.063157894736842","32","285","584","9.256140350877192"
"23","0.33","119","4.019685039370079","42","254","666","9.283464566929133"
"20","0.29","120","3.9461538461538463","30","260","549","9.161538461538461"
"24","0.33","117","4.061776061776062","30","259","584","9.22007722007722"
"21","0.33","114","4.066901408450704","33","284","584","9.225352112676056"
"23","0.33","120","4.0236220472440944","42","254","666","9.283464566929133"
"25","0.33","19","4.050228310502283","0","219","138","9.424657534246576"
"25","0.33","20","4.0504587155963305","0","218","138","9.376146788990825"
"25","0.33","21","4.050691244239632","1","217","138","9.327188940092165"
"22","0.33","97","3.665562913907285","16","302","588","9.317880794701987"
"21","0.33","115","4.067137809187279","33","283","593","9.250883392226148"
"24","0.33","118","4.065637065637065","30","259","599","9.335907335907336"
"25","0.33","22","4.050691244239632","1","217","151","9.44700460829493"
"22","0.33","98","3.9735099337748343","16","302","588","9.317880794701987"
"24","0.33","119","4.065891472868217","30","258","599","9.294573643410853"
"21","0.33","116","4.070671378091872","33","283","593","9.250883392226148"
"27","0.33","0","3.8060344827586206","0","232","0","9.293103448275861"
"25","0.33","23","4.050925925925926","1","216","151","9.398148148148149"
"22","0.33","99","3.947019867549669","16","302","588","9.317880794701987"
"26","0.33","0","4.222222222222222","0","234","0","9.094017094017094"
"25","0.33","24","4.050925925925926","1","216","151","9.398148148148149"
"24","0.33","120","4.070038910505836","31","257","599","9.252918287937744"
"21","0.33","117","4.070671378091872","33","283","593","9.250883392226148"
"27","0.33","1","3.930735930735931","0","231","27","9.48917748917749"
"22","0.33","100","3.947019867549669","16","302","599","9.390728476821192"
"25","0.33","25","3.853982300884956","1","226","161","9.327433628318584"
"27","0.33","2","3.96943231441048","1","229","27","9.458515283842795"
"21","0.33","118","4.0711743772241995","34","281","604","9.252669039145907"
"26","0.33","1","4.051282051282051","0","234","26","9.316239316239317"
"25","0.33","26","4.04424778761062","1","226","161","9.327433628318584"
"22","0.33","101","3.9464882943143813","18","299","599","9.284280936454849"
"27","0.33","3","3.965065502183406","1","229","27","9.458515283842795"
"26","0.33","2","4.060085836909871","1","233","26","9.270386266094421"
"21","0.33","119","4.068100358422939","34","279","604","9.225806451612904"
"25","0.33","27","4.066666666666666","2","225","161","9.28"
"22","0.33","102","3.9496644295302015","19","298","599","9.248322147651006"
"26","0.33","3","4.07725321888412","1","233","26","9.270386266094421"
"21","0.33","120","4.068100358422939","34","279","604","9.225806451612904"
"28","0.33","0","4.032921810699588","0","243","0","9.185185185185185"
"25","0.33","28","4.066666666666666","2","225","169","9.351111111111111"
"27","0.33","4","3.9563318777292578","1","229","49","9.65065502183406"
"25","0.33","29","4.071111111111111","2","225","169","9.351111111111111"
"27","0.33","5","3.9563318777292578","1","229","49","9.65065502183406"
"25","0.33","30","4.066666666666666","2","225","169","9.351111111111111"
"27","0.33","6","3.9563318777292578","1","229","49","9.65065502183406"
"26","0.33","4","4.07725321888412","1","233","53","9.50214592274678"
"22","0.33","103","3.9494949494949494","20","297","619","9.346801346801346"
"26","0.33","5","4.07725321888412","1","233","53","9.50214592274678"
"22","0.33","104","3.956081081081081","21","296","619","9.31081081081081"
"25","0.33","31","4.071111111111111","2","225","177","9.422222222222222"
"26","0.33","6","4.07725321888412","1","233","53","9.50214592274678"
"27","0.33","7","3.9563318777292578","1","229","57","9.720524017467248"
"22","0.33","105","3.952542372881356","22","295","619","9.27457627118644"
"25","0.33","32","4.071111111111111","2","225","177","9.422222222222222"
"28","0.33","1","4.090534979423868","0","243","32","9.448559670781894"
"27","0.33","8","3.9559471365638768","1","227","57","9.656387665198238"
"25","0.33","33","4.071428571428571","2","224","177","9.375"
"27","0.33","9","3.9557522123893807","2","226","57","9.619469026548673"
"28","0.33","2","4.086776859504132","0","242","32","9.40495867768595"
"29","0.33","0","4.0038167938931295","0","262","0","9.17557251908397"
"28","0.33","3","4.095041322314049","0","242","32","9.40495867768595"
"25","0.33","34","4.071748878923767","2","223","183","9.38116591928251"
"26","0.33","7","4.07725321888412","1","233","67","9.622317596566523"
"27","0.33","10","3.9557522123893807","2","226","68","9.716814159292035"
"25","0.33","35","4.072072072072072","2","222","183","9.342342342342342"
"26","0.33","8","4.07725321888412","1","233","67","9.622317596566523"
"27","0.33","11","3.9555555555555557","2","225","68","9.671111111111111"
"25","0.33","36","4.076923076923077","2","221","183","9.294117647058824"
"26","0.33","9","4.077586206896552","1","232","67","9.577586206896552"
"27","0.33","12","3.9555555555555557","2","225","68","9.671111111111111"
"28","0.33","4","4.0995850622406635","0","241","52","9.526970954356846"
"22","0.33","106","3.95578231292517","22","294","639","9.401360544217686"
"29","0.33","1","4.080459770114943","0","261","24","9.31800766283525"
"28","0.33","5","4.108786610878661","0","239","52","9.439330543933055"
"22","0.33","107","3.9523809523809526","22","294","639","9.401360544217686"
"29","0.33","2","4.053846153846154","1","260","24","9.276923076923078"
"28","0.33","6","4.1059322033898304","0","236","52","9.313559322033898"
"22","0.33","108","3.9621993127147768","23","291","639","9.31958762886598"
"29","0.33","3","4.054054054054054","1","259","24","9.243243243243244"
"25","0.33","37","3.9047619047619047","2","231","195","9.316017316017316"
"26","0.33","10","4.077586206896552","1","232","81","9.698275862068966"
"27","0.33","13","3.676348547717842","2","241","77","9.385892116182573"
"25","0.33","38","4.034782608695652","2","230","195","9.269565217391305"
"27","0.33","14","4.012605042016807","3","238","77","9.336134453781513"
"25","0.33","39","4.039301310043668","2","229","195","9.222707423580786"
"26","0.33","11","4.077586206896552","1","232","81","9.698275862068966"
"27","0.33","15","4.025210084033613","3","238","77","9.336134453781513"
"26","0.33","12","4.077922077922078","2","231","81","9.653679653679653"
"28","0.33","7","4.101694915254237","0","236","81","9.559322033898304"
"28","0.33","8","4.101694915254237","0","236","81","9.559322033898304"
"25","0.33","40","4.035087719298246","2","228","203","9.24561403508772"
"29","0.33","4","4.05019305019305","1","259","54","9.474903474903474"
"27","0.33","16","4.029535864978903","3","237","88","9.39240506329114"
"25","0.33","41","4.044052863436123","2","227","203","9.198237885462555"
"28","0.33","9","4.102127659574468","0","235","81","9.523404255319148"
"29","0.33","5","4.05019305019305","1","259","54","9.474903474903474"
"25","0.33","42","4.039647577092511","2","227","203","9.198237885462555"
"27","0.33","17","4.025316455696203","3","237","88","9.39240506329114"
"26","0.33","13","3.738095238095238","2","252","91","9.325396825396826"
"27","0.33","18","4.029535864978903","3","237","88","9.39240506329114"
"29","0.33","6","4.0505836575875485","2","257","54","9.392996108949417"
"26","0.33","14","4.055776892430279","2","251","91","9.282868525896415"
"26","0.33","15","4.048","2","250","91","9.24"
"22","0.33","109","3.820598006644518","24","301","662","9.428571428571429"
"25","0.33","43","4.04424778761062","2","226","218","9.309734513274336"
"28","0.33","10","4.103896103896104","0","231","92","9.437229437229437"
"27","0.33","19","4.02542372881356","3","236","97","9.423728813559322"
"22","0.33","110","3.9833887043189367","24","301","662","9.428571428571429"
"28","0.33","11","4.103896103896104","0","231","92","9.437229437229437"
"27","0.33","20","4.0256410256410255","3","234","97","9.333333333333334"
"25","0.33","44","4.039823008849558","2","226","218","9.309734513274336"
"28","0.33","12","4.104347826086957","0","230","92","9.391304347826088"
"27","0.33","21","4.0256410256410255","3","234","97","9.333333333333334"
"22","0.33","111","3.9833333333333334","24","300","662","9.393333333333333"
"25","0.33","45","4.04424778761062","2","226","218","9.309734513274336"
"29","0.33","7","4.0505836575875485","2","257","73","9.540856031128405"
"26","0.33","16","4.044","2","250","104","9.344"
"26","0.33","17","4.044","2","250","104","9.344"
"29","0.33","8","4.0505836575875485","2","257","73","9.540856031128405"
"25","0.33","46","4.035555555555556","3","225","222","9.297777777777778"
"27","0.33","22","4.0256410256410255","3","234","107","9.418803418803419"
"29","0.33","9","4.0505836575875485","2","257","73","9.540856031128405"
"25","0.33","47","4.040178571428571","3","224","222","9.25"
"27","0.33","23","4.030172413793103","4","232","107","9.327586206896552"
"26","0.33","18","4.048","2","250","104","9.344"
"25","0.33","48","4.0358744394618835","3","223","222","9.201793721973095"
"27","0.33","24","4.0344827586206895","4","232","107","9.327586206896552"
"22","0.33","112","3.99","24","300","677","9.493333333333334"
"22","0.33","113","3.9866220735785953","24","299","677","9.45819397993311"
"28","0.33","13","3.933333333333333","0","240","114","9.5"
"22","0.33","114","3.98993288590604","24","298","677","9.422818791946309"
"26","0.33","19","4.048","2","250","111","9.4"
"28","0.33","14","4.095833333333333","0","240","114","9.5"
"29","0.33","10","4.05078125","2","256","85","9.59375"
"28","0.33","15","4.096234309623431","0","239","114","9.456066945606695"
"26","0.33","20","4.044","2","250","111","9.4"
"27","0.33","25","3.9411764705882355","4","238","121","9.453781512605042"
"25","0.33","49","3.6721311475409837","4","244","238","9.147540983606557"
"29","0.33","11","4.05078125","2","256","85","9.59375"
"26","0.33","21","4.044","2","250","111","9.4"
"27","0.33","26","4.059071729957806","4","237","121","9.40928270042194"
"25","0.33","50","4.041152263374485","4","243","238","9.102880658436215"
"29","0.33","12","4.05078125","2","256","85","9.59375"
"27","0.33","27","4.059071729957806","4","237","121","9.40928270042194"
"25","0.33","51","4.028925619834711","4","242","238","9.107438016528926"
"28","0.33","16","4.092050209205021","0","239","126","9.556485355648535"
"26","0.33","22","4.044","2","250","118","9.456"
"22","0.33","115","3.9865319865319866","24","297","687","9.454545454545455"
"28","0.33","17","4.092050209205021","0","239","126","9.556485355648535"
"26","0.33","23","4.044","2","250","118","9.456"
"27","0.33","28","4.059322033898305","5","236","126","9.40677966101695"
"28","0.33","18","4.088235294117647","1","238","126","9.512605042016807"
"22","0.33","116","3.989864864864865","25","296","687","9.41891891891892"
"25","0.33","52","4.037190082644628","4","242","254","9.239669421487603"
"27","0.33","29","4.059322033898305","5","236","126","9.40677966101695"
"26","0.33","24","4.040160642570281","3","249","118","9.413654618473895"
"27","0.33","30","4.059322033898305","5","236","126","9.40677966101695"
"25","0.33","53","4.029166666666667","4","240","254","9.15"
"22","0.33","117","3.9864864864864864","25","296","687","9.41891891891892"
"25","0.33","54","4.029411764705882","5","238","254","9.067226890756302"
"29","0.33","13","3.5993031358885017","2","287","94","9.19163763066202"
"28","0.33","19","4.084033613445378","1","238","133","9.571428571428571"
"27","0.33","31","4.059322033898305","5","236","131","9.44915254237288"
"28","0.33","20","4.084033613445378","1","238","133","9.571428571428571"
"29","0.33","14","4.048951048951049","2","286","94","9.153846153846153"
"26","0.33","25","3.8687258687258685","4","259","125","9.266409266409266"
"27","0.33","32","4.059322033898305","5","236","131","9.44915254237288"
"28","0.33","21","4.084388185654008","2","237","133","9.535864978902953"
"27","0.33","33","4.059322033898305","5","236","131","9.44915254237288"
"26","0.33","26","4.046332046332046","4","259","125","9.266409266409266"
"29","0.33","15","4.034965034965035","2","286","94","9.153846153846153"
"25","0.33","55","4.033898305084746","6","236","278","9.177966101694915"
"22","0.33","118","3.986348122866894","25","293","700","9.419795221843003"
"26","0.33","27","4.042471042471043","4","259","125","9.266409266409266"
"25","0.33","56","4.029787234042553","6","235","278","9.140425531914893"
"22","0.33","119","3.9795221843003414","25","293","700","9.419795221843003"
"25","0.33","57","4.034188034188034","6","234","278","9.094017094017094"
"22","0.33","120","3.9795221843003414","25","293","700","9.419795221843003"
"27","0.33","34","4.060344827586207","6","232","134","9.293103448275861"
"28","0.33","22","4.084745762711864","3","236","141","9.559322033898304"
"27","0.33","35","4.060344827586207","6","232","134","9.293103448275861"
"26","0.33","28","4.042471042471043","4","259","130","9.305019305019306"
"28","0.33","23","4.084745762711864","3","236","141","9.559322033898304"
"27","0.33","36","4.065217391304348","6","230","134","9.2"
"26","0.33","29","4.042635658914729","5","258","130","9.263565891472869"
"29","0.33","16","4.028368794326241","2","282","104","9.127659574468085"
"28","0.33","24","4.085106382978723","4","235","141","9.514893617021277"
"26","0.33","30","4.042635658914729","5","258","130","9.263565891472869"
"29","0.33","17","4.0285714285714285","3","280","104","9.107142857142858"
"25","0.33","58","4.0257510729613735","6","233","303","9.261802575107296"
"25","0.33","59","4.030042918454936","6","233","303","9.261802575107296"
"29","0.33","18","4.028673835125448","4","279","104","9.068100358422939"
"25","0.33","60","4.0257510729613735","6","233","303","9.261802575107296"
"26","0.33","31","4.046692607003891","5","257","143","9.32295719844358"
"28","0.33","25","3.808764940239044","4","251","150","9.290836653386455"
"27","0.33","37","3.8089430894308944","6","246","161","9.292682926829269"
"26","0.33","32","4.0505836575875485","5","257","143","9.32295719844358"
"28","0.33","26","4.111553784860558","4","251","150","9.290836653386455"
"27","0.33","38","4.049180327868853","7","244","161","9.21311475409836"
"30","0.33","0","4.059760956175299","0","251","0","9.155378486055778"
"28","0.33","27","4.111553784860558","4","251","150","9.290836653386455"
"27","0.33","39","4.05327868852459","7","244","161","9.21311475409836"
"26","0.33","33","4.046692607003891","5","257","143","9.32295719844358"
"25","0.33","61","3.831967213114754","6","244","317","9.360655737704919"
"29","0.33","19","4.0359712230215825","4","278","127","9.194244604316546"
"25","0.33","62","4.0578512396694215","6","242","317","9.314049586776859"
"29","0.33","20","4.043165467625899","4","278","127","9.194244604316546"
"25","0.33","63","4.049792531120332","6","241","317","9.269709543568466"
"27","0.33","40","4.05327868852459","7","244","173","9.311475409836065"
"28","0.33","28","4.116","5","250","158","9.312"
"29","0.33","21","4.043321299638989","4","277","127","9.16245487364621"
"30","0.33","1","4.052","0","250","28","9.336"
"28","0.33","29","4.129032258064516","6","248","158","9.225806451612904"
"27","0.33","41","4.053719008264463","8","242","173","9.223140495867769"
"26","0.33","34","4.043137254901961","6","255","152","9.309803921568628"
"28","0.33","30","4.133603238866397","6","247","158","9.182186234817813"
"30","0.33","2","4.032128514056225","0","249","28","9.293172690763052"
"27","0.33","42","4.066115702479339","8","242","173","9.223140495867769"
"26","0.33","35","4.043307086614173","7","254","152","9.26771653543307"
"30","0.33","3","4.048192771084337","0","249","28","9.293172690763052"
"25","0.33","64","4.046025104602511","6","239","336","9.347280334728033"
"26","0.33","36","4.043307086614173","7","254","152","9.26771653543307"
"25","0.33","65","4.046025104602511","6","239","336","9.347280334728033"
"25","0.33","66","4.054393305439331","6","239","336","9.347280334728033"
"27","0.33","43","4.074380165289257","8","242","187","9.338842975206612"
"28","0.33","31","4.1417004048583","6","247","179","9.352226720647772"
"29","0.33","22","4.043478260869565","4","276","147","9.268115942028986"
"27","0.33","44","4.082644628099174","8","242","187","9.338842975206612"
"28","0.33","32","4.138211382113822","6","246","179","9.308943089430894"
"27","0.33","45","4.095435684647303","8","241","187","9.294605809128631"
"30","0.33","4","4.052208835341365","0","249","43","9.413654618473895"
"29","0.33","23","4.043636363636364","4","275","147","9.272727272727273"
"28","0.33","33","4.142276422764228","6","246","179","9.308943089430894"
"30","0.33","5","4.05241935483871","0","248","43","9.370967741935484"
"29","0.33","24","4.043795620437956","5","274","147","9.233576642335766"
"25","0.33","67","4.042016806722689","7","238","352","9.436974789915967"
"30","0.33","6","4.064516129032258","0","248","43","9.370967741935484"
"25","0.33","68","4.054621848739496","7","238","352","9.436974789915967"
"26","0.33","37","3.8171641791044775","7","268","167","9.276119402985074"
"25","0.33","69","4.046218487394958","7","238","352","9.436974789915967"
"27","0.33","46","4.1078838174273855","8","241","198","9.385892116182573"
"26","0.33","38","4.022471910112359","7","267","167","9.235955056179776"
"27","0.33","47","4.108333333333333","8","240","198","9.35"
"26","0.33","39","4.02621722846442","7","267","167","9.235955056179776"
"28","0.33","34","4.1387755102040815","6","245","186","9.322448979591837"
"27","0.33","48","4.108333333333333","8","240","198","9.35"
"28","0.33","35","4.140495867768595","6","242","186","9.190082644628099"
"28","0.33","36","4.132231404958677","6","242","186","9.190082644628099"
"25","0.33","70","4.054621848739496","7","238","367","9.563025210084033"
"30","0.33","7","4.060483870967742","0","248","63","9.53225806451613"
"25","0.33","71","4.050632911392405","7","237","367","9.518987341772151"
"30","0.33","8","4.064516129032258","0","248","63","9.53225806451613"
"25","0.33","72","4.0548523206751055","7","237","367","9.518987341772151"
"30","0.33","9","4.068548387096774","0","248","63","9.53225806451613"
"26","0.33","40","4.041353383458647","7","266","178","9.278195488721805"
"29","0.33","25","3.68","6","300","166","9.2"
"27","0.33","49","3.7953667953667956","8","259","207","9.212355212355213"
"26","0.33","41","4.033962264150944","7","265","178","9.237735849056603"
"27","0.33","50","4.0813953488372094","8","258","207","9.170542635658915"
"26","0.33","42","4.041509433962264","7","265","178","9.237735849056603"
"29","0.33","26","3.9966666666666666","6","300","166","9.2"
"27","0.33","51","4.08984375","9","256","207","9.0859375"
"30","0.33","10","4.068825910931174","0","247","79","9.619433198380566"
"25","0.33","73","3.6911196911196913","7","259","379","9.196911196911197"
"29","0.33","27","4","6","297","166","9.090909090909092"
"28","0.33","37","3.8192307692307694","7","260","204","9.184615384615384"
"30","0.33","11","4.069105691056911","0","246","79","9.59349593495935"
"25","0.33","74","4.023166023166024","7","259","379","9.196911196911197"
"28","0.33","38","4.123552123552123","7","259","204","9.158301158301159"
"30","0.33","12","4.073770491803279","1","244","79","9.508196721311476"
"25","0.33","75","4.0310077519379846","8","258","379","9.155038759689923"
"28","0.33","39","4.12015503875969","8","258","204","9.116279069767442"
"26","0.33","43","4.033962264150944","7","265","194","9.358490566037736"
"27","0.33","52","4.09375","9","256","222","9.203125"
"26","0.33","44","4.037735849056604","7","265","194","9.358490566037736"
"27","0.33","53","4.094117647058823","9","255","222","9.16078431372549"
"27","0.33","54","4.094117647058823","9","255","222","9.16078431372549"
"26","0.33","45","4.034351145038168","9","262","194","9.274809160305344"
"25","0.33","76","4.034883720930233","8","258","389","9.232558139534884"
"29","0.33","28","4","6","297","186","9.225589225589225"
"25","0.33","77","4.038759689922481","8","258","389","9.232558139534884"
"28","0.33","40","4.109375","8","256","216","9.125"
"29","0.33","29","4","6","295","186","9.152542372881356"
"25","0.33","78","4.034883720930233","8","258","389","9.232558139534884"
"29","0.33","30","4","6","295","186","9.152542372881356"
"30","0.33","13","3.6145454545454547","1","275","91","9.185454545454546"
"26","0.33","46","4.041984732824427","9","262","209","9.389312977099237"
"28","0.33","41","4.106299212598425","9","254","216","9.118110236220472"
"27","0.33","55","4.098814229249012","9","253","232","9.193675889328063"
"30","0.33","14","4.13919413919414","1","273","91","9.106227106227106"
"26","0.33","47","4.0344827586206895","9","261","209","9.348659003831418"
"28","0.33","42","4.102362204724409","9","254","216","9.118110236220472"
"25","0.33","79","4.038759689922481","8","258","397","9.294573643410853"
"30","0.33","15","4.1286764705882355","1","272","91","9.066176470588236"
"27","0.33","56","4.095238095238095","9","252","232","9.15079365079365"
"25","0.33","80","4.035019455252918","8","257","397","9.26070038910506"
"26","0.33","48","4.042471042471043","9","259","209","9.266409266409266"
"27","0.33","57","4.095238095238095","9","252","232","9.15079365079365"
"25","0.33","81","4.035019455252918","8","257","397","9.26070038910506"
"29","0.33","31","4","6","293","204","9.20136518771331"
"29","0.33","32","4","6","293","204","9.20136518771331"
"28","0.33","43","4.111111111111111","9","252","232","9.158730158730158"
"30","0.33","16","4.133333333333334","1","270","112","9.2"
"27","0.33","58","4.096","9","250","243","9.152"
"25","0.33","82","4.035019455252918","8","257","403","9.30739299610895"
"28","0.33","44","4.111111111111111","9","252","232","9.158730158730158"
"29","0.33","33","4","6","293","204","9.20136518771331"
"30","0.33","17","4.12962962962963","1","270","112","9.2"
"27","0.33","59","4.092369477911647","9","249","243","9.108433734939759"
"25","0.33","83","4.035019455252918","8","257","403","9.30739299610895"
"28","0.33","45","4.112","10","250","232","9.088"
"30","0.33","18","4.130597014925373","1","268","112","9.119402985074627"
"27","0.33","60","4.092741935483871","10","248","243","9.064516129032258"
"25","0.33","84","4.035019455252918","8","257","403","9.30739299610895"
"26","0.33","49","3.888059701492537","9","268","229","9.447761194029852"
"26","0.33","50","4.056179775280899","10","267","229","9.408239700374532"
"26","0.33","51","4.041509433962264","10","265","229","9.335849056603774"
"29","0.33","34","4","6","292","221","9.280821917808218"
"28","0.33","46","4.112903225806452","10","248","248","9.185483870967742"
"30","0.33","19","4.131086142322097","1","267","133","9.235955056179776"
"29","0.33","35","4","6","292","221","9.280821917808218"
"28","0.33","47","4.105691056910569","11","246","248","9.113821138211382"
"25","0.33","85","3.6881720430107525","9","279","409","9.010752688172044"
"30","0.33","20","4.131578947368421","1","266","133","9.19548872180451"
"28","0.33","48","4.097560975609756","11","246","248","9.113821138211382"
"29","0.33","36","4","6","291","221","9.243986254295532"
"30","0.33","21","4.1358490566037736","1","265","133","9.154716981132076"
"25","0.33","86","4.0647482014388485","9","278","409","8.971223021582734"
"26","0.33","52","4.049056603773585","10","265","240","9.418867924528302"
"27","0.33","61","3.9647058823529413","10","255","264","9.364705882352942"
"25","0.33","87","4.076086956521739","9","276","409","8.891304347826088"
"26","0.33","53","4.045454545454546","10","264","240","9.386363636363637"
"27","0.33","62","4.043137254901961","10","255","264","9.364705882352942"
"26","0.33","54","4.0494296577946765","10","263","240","9.346007604562738"
"27","0.33","63","4.031496062992126","11","254","264","9.32283464566929"
"30","0.33","22","4.133079847908745","1","263","155","9.239543726235741"
"25","0.33","88","4.072727272727272","9","275","426","8.974545454545455"
"30","0.33","23","4.133079847908745","1","263","155","9.239543726235741"
"27","0.33","64","4.031746031746032","13","252","276","9.333333333333334"
"25","0.33","89","4.065693430656935","9","274","426","8.934306569343066"
"30","0.33","24","4.133587786259542","1","262","155","9.198473282442748"
"28","0.33","49","3.8803088803088803","11","259","265","9.328185328185327"
"27","0.33","65","4.043824701195219","13","251","276","9.290836653386455"
"26","0.33","55","4.0458015267175576","11","262","256","9.442748091603054"
"25","0.33","90","4.065934065934066","10","273","426","8.893772893772894"
"26","0.33","56","4.049618320610687","11","262","256","9.442748091603054"
"28","0.33","50","4.10077519379845","11","258","265","9.286821705426357"
"27","0.33","66","4.04","14","250","276","9.256"
"29","0.33","37","3.9057239057239057","7","297","236","9.447811447811448"
"26","0.33","57","4.045977011494253","11","261","256","9.402298850574713"
"28","0.33","51","4.101960784313725","12","255","265","9.192156862745097"
"29","0.33","38","3.9966329966329965","7","297","236","9.447811447811448"
"29","0.33","39","4","7","296","236","9.412162162162161"
"27","0.33","67","4.040160642570281","14","249","295","9.365461847389557"
"26","0.33","58","4.049808429118774","11","261","271","9.517241379310345"
"25","0.33","91","4.070110701107011","10","271","446","8.959409594095941"
"30","0.33","25","3.996309963099631","1","271","174","9.416974169741698"
"28","0.33","52","4.103585657370518","13","251","276","9.115537848605578"
"27","0.33","68","4.040485829959514","15","247","295","9.279352226720647"
"26","0.33","59","4.046332046332046","12","259","271","9.436293436293436"
"25","0.33","92","4.0664206642066425","10","271","446","8.959409594095941"
"30","0.33","26","4.121771217712177","1","271","174","9.416974169741698"
"28","0.33","53","4.095617529880478","13","251","276","9.115537848605578"
"27","0.33","69","4.036585365853658","15","246","295","9.235772357723578"
"26","0.33","60","4.05019305019305","12","259","271","9.436293436293436"
"25","0.33","93","4.067164179104478","12","268","446","8.850746268656716"
"29","0.33","40","4","8","295","247","9.450847457627118"
"30","0.33","27","4.118081180811808","1","271","174","9.416974169741698"
"28","0.33","54","4.104","14","250","276","9.08"
"29","0.33","41","4","8","294","247","9.414965986394558"
"29","0.33","42","4","8","294","247","9.414965986394558"
"30","0.33","28","4.125461254612546","1","271","178","9.44649446494465"
"27","0.33","70","4.036885245901639","16","244","318","9.336065573770492"
"30","0.33","29","4.12962962962963","2","270","178","9.407407407407407"
"26","0.33","61","3.91044776119403","12","268","278","9.402985074626866"
"25","0.33","94","4.07089552238806","12","268","478","9.08955223880597"
"28","0.33","55","4.1","14","250","295","9.232"
"27","0.33","71","4.037037037037037","17","243","318","9.292181069958847"
"30","0.33","30","4.126865671641791","3","268","178","9.350746268656716"
"25","0.33","95","4.067415730337078","12","267","478","9.04868913857678"
"26","0.33","62","4.045112781954887","13","266","278","9.323308270676693"
"28","0.33","56","4.108","14","250","295","9.232"
"27","0.33","72","4.037190082644628","17","242","318","9.24793388429752"
"25","0.33","96","4.071698113207547","13","265","478","8.966037735849056"
"29","0.33","43","4","9","292","263","9.452054794520548"
"26","0.33","63","4.0452830188679245","13","265","278","9.283018867924529"
"28","0.33","57","4.096385542168675","14","249","295","9.188755020080322"
"29","0.33","44","4","9","291","263","9.415807560137457"
"29","0.33","45","4","10","290","263","9.386206896551725"
"30","0.33","31","4.12781954887218","4","266","196","9.413533834586467"
"30","0.33","32","4.125","5","264","196","9.333333333333334"
"26","0.33","64","4.0418250950570345","15","263","299","9.368821292775666"
"30","0.33","33","4.126923076923077","5","260","196","9.207692307692307"
"28","0.33","58","4.105263157894737","14","247","307","9.214574898785425"
"27","0.33","73","3.83399209486166","19","253","346","9.470355731225297"
"26","0.33","65","4.0344827586206895","15","261","299","9.28735632183908"
"28","0.33","59","4.101214574898785","14","247","307","9.214574898785425"
"26","0.33","66","4.038610038610039","15","259","299","9.22007722007722"
"27","0.33","74","4.031746031746032","20","252","346","9.428571428571429"
"28","0.33","60","4.1020408163265305","14","245","307","9.126530612244897"
"27","0.33","75","4.01984126984127","20","252","346","9.428571428571429"
"29","0.33","46","4","10","290","286","9.544827586206896"
"25","0.33","97","3.7222222222222223","13","288","507","9.069444444444445"
"29","0.33","47","4","10","287","286","9.449477351916377"
"25","0.33","98","4.0874125874125875","13","286","507","8.993006993006993"
"30","0.33","34","4.126923076923077","5","260","223","9.415384615384616"
"29","0.33","48","4","10","287","286","9.449477351916377"
"25","0.33","99","4.080701754385965","14","285","507","8.95438596491228"
"30","0.33","35","4.130769230769231","5","260","223","9.415384615384616"
"27","0.33","76","4.01984126984127","20","252","357","9.515873015873016"
"30","0.33","36","4.1312741312741315","5","259","223","9.374517374517374"
"26","0.33","67","4.0347490347490345","15","259","323","9.405405405405405"
"27","0.33","77","4.0199203187251","20","251","357","9.474103585657371"
"26","0.33","68","4.038759689922481","15","258","323","9.364341085271318"
"27","0.33","78","4.02","20","250","357","9.432"
"26","0.33","69","4.03515625","16","256","323","9.296875"
"28","0.33","61","3.872093023255814","15","258","333","9.294573643410853"
"28","0.33","62","4.1400778210116735","15","257","333","9.252918287937744"
"25","0.33","100","4.07773851590106","14","283","528","9.081272084805654"
"27","0.33","79","4.02","20","250","367","9.512"
"28","0.33","63","4.13671875","15","256","333","9.2109375"
"29","0.33","49","3.7508196721311475","10","305","303","9.39672131147541"
"25","0.33","101","4.074733096085409","14","281","528","9.00355871886121"
"27","0.33","80","4.020161290322581","20","248","367","9.42741935483871"
"29","0.33","50","4.016447368421052","11","304","303","9.361842105263158"
"25","0.33","102","4.082437275985663","14","279","528","8.924731182795698"
"26","0.33","70","4.0395256916996045","19","253","342","9.328063241106719"
"30","0.33","37","3.7943262411347516","5","282","236","9.184397163120567"
"27","0.33","81","4.020161290322581","20","248","367","9.42741935483871"
"26","0.33","71","4.035856573705179","19","251","342","9.258964143426295"
"29","0.33","51","4.016447368421052","11","304","303","9.361842105263158"
"30","0.33","38","4.103202846975089","5","281","236","9.145907473309608"
"26","0.33","72","4.036","20","250","342","9.216"
"30","0.33","39","4.103202846975089","5","281","236","9.145907473309608"
"28","0.33","64","4.137254901960785","16","255","350","9.301960784313726"
"27","0.33","82","4.020242914979757","20","247","380","9.489878542510121"
"28","0.33","65","4.137254901960785","16","255","350","9.301960784313726"
"27","0.33","83","4.020242914979757","20","247","380","9.489878542510121"
"29","0.33","52","4.016447368421052","11","304","312","9.421052631578947"
"28","0.33","66","4.137254901960785","16","255","350","9.301960784313726"
"27","0.33","84","4.028688524590164","21","244","380","9.401639344262295"
"25","0.33","103","4.075268817204301","14","279","558","9.13978494623656"
"29","0.33","53","4.016556291390729","11","302","312","9.350993377483444"
"30","0.33","40","4.107142857142857","6","280","251","9.214285714285714"
"25","0.33","104","4.086021505376344","14","279","558","9.13978494623656"
"29","0.33","54","4.016666666666667","11","300","312","9.293333333333333"
"30","0.33","41","4.107913669064748","7","278","251","9.136690647482014"
"25","0.33","105","4.082437275985663","14","279","558","9.13978494623656"
"30","0.33","42","4.108303249097473","7","277","251","9.097472924187725"
"26","0.33","73","3.806083650190114","20","263","373","9.330798479087452"
"28","0.33","67","4.141732283464567","16","254","364","9.37007874015748"
"26","0.33","74","4.022900763358779","21","262","373","9.290076335877863"
"26","0.33","75","4.019083969465649","21","262","373","9.290076335877863"
"28","0.33","68","4.142857142857143","17","252","364","9.285714285714286"
"27","0.33","85","3.84375","21","256","395","9.4375"
"28","0.33","69","4.142857142857143","17","252","364","9.285714285714286"
"27","0.33","86","4.031372549019608","21","255","395","9.39607843137255"
"29","0.33","55","4.016778523489933","11","298","326","9.328859060402685"
"25","0.33","106","4.086330935251799","14","278","576","9.23021582733813"
"27","0.33","87","4.03921568627451","21","255","395","9.39607843137255"
"29","0.33","56","4.016891891891892","12","296","326","9.256756756756756"
"30","0.33","43","4.108695652173913","7","276","269","9.18840579710145"
"25","0.33","107","4.086330935251799","14","278","576","9.23021582733813"
"26","0.33","76","4.019157088122605","22","261","383","9.32567049808429"
"29","0.33","57","4.016949152542373","12","295","326","9.220338983050848"
"30","0.33","44","4.109489051094891","8","274","269","9.16058394160584"
"25","0.33","108","4.090252707581228","15","277","576","9.191335740072201"
"26","0.33","77","4.019455252918288","22","257","383","9.167315175097276"
"30","0.33","45","4.1098901098901095","8","273","269","9.12087912087912"
"27","0.33","88","4.035714285714286","22","252","397","9.293650793650794"
"26","0.33","78","4.01953125","23","256","383","9.125"
"28","0.33","70","4.139442231075697","18","251","380","9.370517928286853"
"27","0.33","89","4.036","22","250","397","9.296"
"28","0.33","71","4.14","19","250","380","9.328"
"27","0.33","90","4.032258064516129","23","248","397","9.21774193548387"
"28","0.33","72","4.140562248995984","20","249","380","9.285140562248996"
"26","0.33","79","4.019685039370079","24","254","407","9.228346456692913"
"30","0.33","46","4.106227106227106","8","273","293","9.296703296703297"
"29","0.33","58","4.017064846416382","12","293","347","9.296928327645052"
"30","0.33","47","4.107011070110701","8","271","293","9.217712177121772"
"26","0.33","80","4.023809523809524","24","252","407","9.15079365079365"
"27","0.33","91","4.032520325203252","23","246","420","9.325203252032521"
"25","0.33","109","3.9403508771929823","16","285","594","9.452631578947368"
"29","0.33","59","4.017064846416382","12","293","347","9.296928327645052"
"27","0.33","92","4.032520325203252","23","246","420","9.325203252032521"
"25","0.33","110","4.073943661971831","17","284","594","9.415492957746478"
"30","0.33","48","4.107806691449814","9","269","293","9.144981412639405"
"27","0.33","93","4.032520325203252","23","246","420","9.325203252032521"
"26","0.33","81","4.023809523809524","24","252","407","9.15079365079365"
"29","0.33","60","4.017123287671233","12","292","347","9.26027397260274"
"25","0.33","111","4.081560283687943","19","282","594","9.354609929078014"
"28","0.33","73","3.8185185185185184","20","270","397","9.192592592592593"
"28","0.33","74","4.118518518518519","20","270","397","9.192592592592593"
"28","0.33","75","4.138059701492537","21","268","397","9.119402985074627"
"27","0.33","94","4.028688524590164","24","244","443","9.426229508196721"
"27","0.33","95","4.024793388429752","25","242","443","9.338842975206612"
"26","0.33","82","4.024","25","250","431","9.256"
"27","0.33","96","4.025","25","240","443","9.25"
"25","0.33","112","4.07829181494662","19","281","614","9.459074733096086"
"26","0.33","83","4.024096385542169","25","249","431","9.220883534136545"
"25","0.33","113","4.082142857142857","19","280","614","9.428571428571429"
"28","0.33","76","4.153558052434457","22","267","413","9.198501872659175"
"26","0.33","84","4.0242914979757085","26","247","431","9.1417004048583"
"25","0.33","114","4.089605734767025","19","279","614","9.390681003584229"
"30","0.33","49","3.783505154639175","9","291","314","9.223367697594501"
"28","0.33","77","4.142322097378277","22","267","413","9.198501872659175"
"30","0.33","50","4.106896551724138","9","290","314","9.186206896551724"
"28","0.33","78","4.146067415730337","22","267","413","9.198501872659175"
"30","0.33","51","4.111888111888112","11","286","314","9.034965034965035"
"29","0.33","61","3.7435897435897436","12","312","364","9.301282051282051"
"29","0.33","62","4.003205128205129","12","312","364","9.301282051282051"
"27","0.33","97","3.577777777777778","25","270","465","9.02962962962963"
"25","0.33","115","4.093189964157706","19","279","631","9.512544802867383"
"29","0.33","63","4","12","311","364","9.266881028938906"
"27","0.33","98","4.037313432835821","25","268","465","8.947761194029852"
"25","0.33","116","4.089605734767025","19","279","631","9.512544802867383"
"28","0.33","79","4.153558052434457","22","267","426","9.295880149812733"
"27","0.33","99","4.033707865168539","25","267","465","8.906367041198502"
"25","0.33","117","4.090252707581228","20","277","631","9.444043321299638"
"28","0.33","80","4.1471698113207545","23","265","426","9.222641509433963"
"28","0.33","81","4.143396226415095","23","265","426","9.222641509433963"
"26","0.33","85","3.75","27","264","456","9.166666666666666"
"26","0.33","86","4.003802281368821","27","263","456","9.125475285171103"
"30","0.33","52","4.112280701754386","11","285","339","9.171929824561403"
"26","0.33","87","4.019305019305019","30","259","456","8.957528957528957"
"30","0.33","53","4.112280701754386","11","285","339","9.171929824561403"
"29","0.33","64","4.003215434083601","12","311","373","9.32475884244373"
"25","0.33","118","4.086642599277979","20","277","646","9.552346570397113"
"27","0.33","100","4.037878787878788","27","264","490","8.969696969696969"
"30","0.33","54","4.112676056338028","11","284","339","9.133802816901408"
"25","0.33","119","4.086642599277979","20","277","646","9.552346570397113"
"27","0.33","101","4.037878787878788","27","264","490","8.969696969696969"
"29","0.33","65","3.9967845659163985","12","311","373","9.32475884244373"
"28","0.33","82","4.1477272727272725","23","264","436","9.257575757575758"
"27","0.33","102","4.041666666666667","27","264","490","8.969696969696969"
"25","0.33","120","4.086642599277979","20","277","646","9.552346570397113"
"28","0.33","83","4.159695817490494","23","263","436","9.216730038022813"
"29","0.33","66","3.9935691318327975","12","311","373","9.32475884244373"
"28","0.33","84","4.156488549618321","23","262","436","9.17557251908397"
"27","0.33","103","4.038314176245211","29","261","507","8.980842911877394"
"26","0.33","88","4.015444015444015","30","259","479","9.135135135135135"
"27","0.33","104","4.038461538461538","29","260","507","8.938461538461539"
"26","0.33","89","4.023255813953488","30","258","479","9.093023255813954"
"31","0.4","0","4.191111111111111","0","225","0","9.102222222222222"
"27","0.33","105","4.046153846153846","29","260","507","8.938461538461539"
"30","0.33","55","4.112676056338028","11","284","360","9.28169014084507"
"26","0.33","90","4.027237354085603","31","257","479","9.050583657587548"
"30","0.33","56","4.112676056338028","11","284","360","9.28169014084507"
"29","0.33","67","3.9935691318327975","12","311","384","9.395498392282958"
"30","0.33","57","4.113475177304965","11","282","360","9.205673758865249"
"28","0.33","85","4.018518518518518","23","270","458","9.407407407407407"
"29","0.33","68","3.9935275080906147","12","309","384","9.346278317152104"
"28","0.33","86","4.159851301115242","23","269","458","9.368029739776953"
"29","0.33","69","3.9934640522875817","13","306","384","9.267973856209151"
"31","0.4","1","4.075555555555556","0","225","27","9.342222222222222"
"28","0.33","87","4.152985074626866","23","268","458","9.328358208955224"
"26","0.33","91","4.027237354085603","31","257","502","9.229571984435797"
"31","0.4","2","4.017857142857143","0","224","27","9.3125"
"27","0.33","106","4.0546875","30","256","534","8.9765625"
"26","0.33","92","4.027237354085603","31","257","502","9.229571984435797"
"31","0.4","3","4.013392857142857","0","224","27","9.3125"
"27","0.33","107","4.0546875","30","256","534","8.9765625"
"26","0.33","93","4.027450980392157","31","255","502","9.145098039215686"
"27","0.33","108","4.050980392156863","30","255","534","8.933333333333334"
"30","0.33","58","4.107142857142857","12","280","383","9.292857142857143"
"30","0.33","59","4.103942652329749","13","279","383","9.254480286738351"
"29","0.33","70","3.9934426229508198","14","305","404","9.363934426229509"
"28","0.33","88","4.153558052434457","23","267","466","9.348314606741573"
"31","0.4","4","4.017937219730942","0","223","48","9.452914798206278"
"30","0.33","60","4.103942652329749","13","279","383","9.254480286738351"
"31","0.4","5","4.004484304932736","0","223","48","9.452914798206278"
"29","0.33","71","3.9934426229508198","14","305","404","9.363934426229509"
"28","0.33","89","4.150943396226415","23","265","466","9.267924528301887"
"31","0.4","6","4.004504504504505","0","222","48","9.414414414414415"
"26","0.33","94","4.02755905511811","32","254","520","9.244094488188976"
"29","0.33","72","3.986666666666667","17","300","404","9.193333333333333"
"26","0.33","95","4.023809523809524","33","252","520","9.166666666666666"
"28","0.33","90","4.1471698113207545","23","265","466","9.267924528301887"
"26","0.33","96","4.027777777777778","33","252","520","9.166666666666666"
"31","0.4","7","4.004504504504505","0","222","63","9.54954954954955"
"31","0.4","8","4","1","221","63","9.51131221719457"
"27","0.33","109","3.8438661710037176","30","269","561","9.271375464684015"
"31","0.4","9","4","1","221","63","9.51131221719457"
"27","0.33","110","4.033457249070632","30","269","561","9.271375464684015"
"27","0.33","111","4.030188679245283","31","265","561","9.124528301886793"
"28","0.33","91","4.1471698113207545","23","265","482","9.388679245283019"
"30","0.33","61","3.778877887788779","13","303","403","9.214521452145215"
"28","0.33","92","4.150943396226415","23","265","482","9.388679245283019"
"31","0.4","10","4","1","221","73","9.60180995475113"
"28","0.33","93","4.144486692015209","24","263","482","9.307984790874524"
"30","0.33","62","4.1066666666666665","15","300","403","9.106666666666667"
"31","0.4","11","4","1","220","73","9.554545454545455"
"31","0.4","12","4","1","220","73","9.554545454545455"
"30","0.33","63","4.103678929765886","15","299","403","9.076923076923077"
"26","0.33","97","3.660649819494585","33","277","547","9.205776173285198"
"26","0.33","98","4.0181818181818185","34","275","547","9.127272727272727"
"27","0.33","112","4.038167938931298","33","262","588","9.206106870229007"
"29","0.33","73","3.7080745341614905","17","322","429","9.180124223602485"
"26","0.33","99","4.029197080291971","35","274","547","9.087591240875913"
"27","0.33","113","4.046511627906977","35","258","588","9.046511627906977"
"29","0.33","74","3.99375","18","320","429","9.1125"
"27","0.33","114","4.046511627906977","35","258","588","9.046511627906977"
"29","0.33","75","3.975","18","320","429","9.1125"
"28","0.33","94","4.140684410646388","24","263","503","9.467680608365018"
"31","0.4","13","3.892857142857143","1","224","86","9.607142857142858"
"28","0.33","95","4.14828897338403","24","263","503","9.467680608365018"
"31","0.4","14","4.004464285714286","1","224","86","9.607142857142858"
"30","0.33","64","4.104377104377105","15","297","423","9.138047138047138"
"28","0.33","96","4.141221374045801","24","262","503","9.473282442748092"
"31","0.4","15","4","1","224","86","9.607142857142858"
"30","0.33","65","4.10472972972973","15","296","423","9.10135135135135"
"26","0.33","100","4.018382352941177","36","272","574","9.213235294117647"
"30","0.33","66","4.10472972972973","15","296","423","9.10135135135135"
"27","0.33","115","4.05078125","37","256","620","9.2109375"
"26","0.33","101","4.022222222222222","37","270","574","9.133333333333333"
"31","0.4","16","4","1","224","93","9.669642857142858"
"27","0.33","116","4.051181102362205","39","254","620","9.125984251968504"
"29","0.33","76","3.9749216300940438","18","319","450","9.210031347962383"
"31","0.4","17","4","1","224","93","9.669642857142858"
"26","0.33","102","4.022222222222222","37","270","574","9.133333333333333"
"27","0.33","117","4.051181102362205","39","254","620","9.125984251968504"
"31","0.4","18","4","1","224","93","9.669642857142858"
"29","0.33","77","3.9748427672955975","18","318","450","9.176100628930818"
"29","0.33","78","3.9748427672955975","18","318","450","9.176100628930818"
"28","0.33","97","3.7708333333333335","24","288","512","9.1875"
"31","0.4","19","4","1","224","99","9.723214285714286"
"31","0.4","20","4","1","224","99","9.723214285714286"
"28","0.33","98","4.118055555555555","24","288","512","9.1875"
"30","0.33","67","4.10472972972973","15","296","444","9.243243243243244"
"31","0.4","21","4","1","224","99","9.723214285714286"
"28","0.33","99","4.114583333333333","24","288","512","9.1875"
"30","0.33","68","4.10472972972973","15","296","444","9.243243243243244"
"26","0.33","103","4.022222222222222","37","270","601","9.333333333333334"
"30","0.33","69","4.101694915254237","16","295","444","9.206779661016949"
"31","0.4","22","4","1","224","100","9.732142857142858"
"27","0.33","118","4.051587301587301","40","252","646","9.246031746031745"
"26","0.33","104","4.022304832713755","37","269","601","9.293680297397769"
"31","0.4","23","4","1","223","100","9.68609865470852"
"29","0.33","79","3.9745222929936306","18","314","468","9.159235668789808"
"27","0.33","119","4.056224899598393","40","249","646","9.116465863453815"
"26","0.33","105","4.022304832713755","37","269","601","9.293680297397769"
"31","0.4","24","4","2","222","100","9.64864864864865"
"27","0.33","120","4.0602409638554215","40","249","646","9.116465863453815"
"29","0.33","80","3.9775641025641026","18","312","468","9.08974358974359"
"28","0.33","100","4.114583333333333","24","288","519","9.23611111111111"
"29","0.33","81","3.9807073954983925","19","311","468","9.054662379421222"
"28","0.33","101","4.111111111111111","24","288","519","9.23611111111111"
"30","0.33","70","4.098639455782313","16","294","456","9.251700680272108"
"26","0.33","106","4.022556390977444","38","266","615","9.330827067669173"
"28","0.33","102","4.104895104895105","24","286","519","9.160839160839162"
"31","0.4","25","3.4466403162055337","3","253","104","9.035573122529645"
"30","0.33","71","4.098976109215017","16","293","456","9.215017064846416"
"26","0.33","107","4.022556390977444","38","266","615","9.330827067669173"
"30","0.33","72","4.0993150684931505","16","292","456","9.226027397260275"
"31","0.4","26","3.9762845849802373","3","253","104","9.035573122529645"
"26","0.33","108","4.022641509433963","39","265","615","9.290566037735848"
"31","0.4","27","4","3","253","104","9.035573122529645"
"32","0.4","0","4.096","0","250","0","9.128"
"29","0.33","82","3.9805825242718447","19","309","498","9.216828478964402"
"28","0.33","103","4.098591549295775","24","284","533","9.183098591549296"
"31","0.4","28","4","4","250","114","8.984"
"28","0.33","104","4.092198581560283","25","282","533","9.113475177304965"
"29","0.33","83","3.9805194805194803","19","308","498","9.181818181818182"
"31","0.4","29","4","4","250","114","8.984"
"28","0.33","105","4.081560283687943","25","282","533","9.113475177304965"
"29","0.33","84","3.980392156862745","19","306","498","9.11111111111111"
"31","0.4","30","4","4","249","114","8.939759036144578"
"32","0.4","1","4.0602409638554215","0","249","37","9.38152610441767"
"32","0.4","2","4","1","246","37","9.268292682926829"
"26","0.33","109","3.663230240549828","39","291","637","9.175257731958762"
"30","0.33","73","3.9245901639344263","16","305","474","9.363934426229509"
"32","0.4","3","4","1","246","37","9.268292682926829"
"26","0.33","110","4.037800687285223","39","291","637","9.175257731958762"
"30","0.33","74","4.115131578947368","16","304","474","9.335526315789474"
"26","0.33","111","4.051546391752577","39","291","637","9.175257731958762"
"30","0.33","75","4.122516556291391","18","302","474","9.264900662251655"
"31","0.4","31","4","5","248","135","9.064516129032258"
"28","0.33","106","4.078853046594982","27","279","551","9.125448028673835"
"31","0.4","32","4","6","247","135","9.02834008097166"
"31","0.4","33","4","6","247","135","9.02834008097166"
"28","0.33","107","4.08273381294964","27","278","551","9.086330935251798"
"28","0.33","108","4.079136690647482","27","278","551","9.086330935251798"
"32","0.4","4","4","1","245","65","9.453061224489796"
"32","0.4","5","4","1","245","65","9.453061224489796"
"26","0.33","112","4.048109965635739","39","291","649","9.257731958762887"
"29","0.33","85","3.830188679245283","19","318","526","9.427672955974844"
"32","0.4","6","4","1","245","65","9.453061224489796"
"31","0.4","34","4","6","245","159","9.13469387755102"
"26","0.33","113","4.051724137931035","39","290","649","9.26206896551724"
"31","0.4","35","4","7","244","159","9.09016393442623"
"31","0.4","36","4","7","243","159","9.045267489711934"
"29","0.33","86","3.968454258675079","19","317","526","9.394321766561514"
"26","0.33","114","4.059027777777778","40","288","649","9.194444444444445"
"30","0.33","76","4.1158940397351","18","302","495","9.403973509933774"
"29","0.33","87","3.962025316455696","19","316","526","9.360759493670885"
"32","0.4","7","4","1","245","80","9.575510204081633"
"30","0.33","77","4.122516556291391","18","302","495","9.403973509933774"
"30","0.33","78","4.1158940397351","18","302","495","9.403973509933774"
"32","0.4","8","4","1","245","80","9.575510204081633"
"32","0.4","9","4","1","243","80","9.51440329218107"
"28","0.33","109","3.7818791946308723","28","298","578","9.181208053691275"
"26","0.33","115","4.059233449477352","40","287","664","9.261324041811847"
"28","0.33","110","4.121621621621622","28","296","578","9.108108108108109"
"31","0.4","37","3.8260869565217392","7","253","197","9.280632411067193"
"26","0.33","116","4.055749128919861","40","287","664","9.261324041811847"
"31","0.4","38","4.003968253968254","7","252","197","9.238095238095237"
"28","0.33","111","4.114864864864865","28","296","578","9.108108108108109"
"29","0.33","88","3.964968152866242","19","314","545","9.445859872611464"
"30","0.33","79","4.122923588039867","18","301","503","9.421926910299003"
"26","0.33","117","4.062937062937063","41","286","664","9.223776223776223"
"31","0.4","39","3.996","8","250","197","9.192"
"29","0.33","89","3.970967741935484","21","310","545","9.341935483870968"
"30","0.33","80","4.123333333333333","18","300","503","9.386666666666667"
"30","0.33","81","4.124161073825503","20","298","503","9.315436241610739"
"29","0.33","90","3.970873786407767","21","309","545","9.307443365695793"
"32","0.4","10","4","1","243","96","9.646090534979423"
"32","0.4","11","4","1","242","96","9.603305785123966"
"31","0.4","40","4","8","250","208","9.28"
"32","0.4","12","4","1","240","96","9.516666666666667"
"26","0.33","118","4.066666666666666","41","285","684","9.35438596491228"
"31","0.4","41","4","9","249","208","9.244979919678714"
"28","0.33","112","4.114864864864865","28","296","597","9.236486486486486"
"31","0.4","42","4","9","249","208","9.244979919678714"
"28","0.33","113","4.118243243243243","28","296","597","9.236486486486486"
"26","0.33","119","4.070422535211268","42","284","684","9.316901408450704"
"28","0.33","114","4.118243243243243","28","296","597","9.236486486486486"
"26","0.33","120","4.067137809187279","42","283","684","9.279151943462898"
"30","0.33","82","4.124161073825503","20","298","524","9.456375838926174"
"30","0.33","83","4.121212121212121","20","297","524","9.42087542087542"
"29","0.33","91","3.9740259740259742","22","308","567","9.415584415584416"
"31","0.4","43","4","9","248","223","9.32258064516129"
"30","0.33","84","4.125","20","296","524","9.385135135135135"
"31","0.4","44","4","9","247","223","9.31174089068826"
"32","0.4","13","3.525925925925926","1","270","118","9.14074074074074"
"29","0.33","92","3.970684039087948","22","307","567","9.381107491856678"
"28","0.33","115","4.136518771331058","29","293","609","9.242320819112628"
"31","0.4","45","4","11","244","223","9.180327868852459"
"32","0.4","14","4.011111111111111","1","270","118","9.14074074074074"
"29","0.33","93","3.973856209150327","22","306","567","9.34640522875817"
"28","0.33","116","4.136986301369863","29","292","609","9.205479452054794"
"32","0.4","15","4.003717472118959","1","269","118","9.100371747211897"
"28","0.33","117","4.136986301369863","29","292","609","9.205479452054794"
"33","0.4","0","4.162162162162162","0","222","0","9.225225225225225"
"31","0.4","46","4","11","243","250","9.358024691358025"
"31","0.4","47","4","12","241","250","9.269709543568466"
"32","0.4","16","4","1","268","130","9.149253731343284"
"31","0.4","48","4","12","240","250","9.225"
"32","0.4","17","4","1","267","130","9.108614232209737"
"30","0.33","85","3.9096774193548387","20","310","537","9.361290322580645"
"32","0.4","18","4","1","267","130","9.108614232209737"
"28","0.33","118","4.127586206896551","30","290","629","9.317241379310344"
"33","0.4","1","4.076923076923077","0","221","20","9.366515837104073"
"28","0.33","119","4.124137931034483","30","290","629","9.317241379310344"
"29","0.33","94","3.9704918032786884","23","305","583","9.416393442622951"
"30","0.33","86","4.142857142857143","21","308","537","9.292207792207792"
"33","0.4","2","4.013636363636364","0","220","20","9.318181818181818"
"29","0.33","95","3.973684210526316","23","304","583","9.381578947368421"
"33","0.4","3","4.004566210045662","0","219","20","9.269406392694064"
"30","0.33","87","4.142857142857143","21","308","537","9.292207792207792"
"32","0.4","19","4","1","267","148","9.243445692883896"
"29","0.33","96","3.9702970297029703","24","303","583","9.346534653465346"
"32","0.4","20","4","1","266","148","9.203007518796992"
"28","0.33","120","4.118055555555555","31","288","629","9.291666666666666"
"31","0.4","49","3.648854961832061","12","262","270","9.099236641221374"
"32","0.4","21","4","1","266","148","9.203007518796992"
"31","0.4","50","3.9846153846153847","13","260","270","9.015384615384615"
"33","0.4","4","4.004566210045662","0","219","42","9.470319634703197"
"33","0.4","5","4.0046082949308754","0","217","42","9.410138248847927"
"31","0.4","51","3.996153846153846","13","260","270","9.015384615384615"
"30","0.33","88","4.136363636363637","21","308","550","9.376623376623376"
"33","0.4","6","4.00462962962963","0","216","42","9.37037037037037"
"30","0.33","89","4.136807817589577","21","307","550","9.342019543973942"
"32","0.4","22","4","1","265","161","9.320754716981131"
"30","0.33","90","4.136807817589577","21","307","550","9.342019543973942"
"32","0.4","23","4","1","265","161","9.320754716981131"
"33","0.4","7","4.00462962962963","0","216","62","9.555555555555555"
"32","0.4","24","4","1","265","161","9.320754716981131"
"29","0.33","97","3.774294670846395","24","319","606","9.435736677115987"
"33","0.4","8","4.00462962962963","0","216","62","9.555555555555555"
"31","0.4","52","4","13","259","287","9.104247104247104"
"33","0.4","9","4.0046728971962615","0","214","62","9.457943925233645"
"29","0.33","98","3.968454258675079","25","317","606","9.375394321766562"
"31","0.4","53","4","14","257","287","9.019455252918288"
"34","0.4","0","4.0505836575875485","0","257","0","9.120622568093385"
"29","0.33","99","3.9621451104100944","25","317","606","9.375394321766562"
"31","0.4","54","4","14","255","287","8.941176470588236"
"30","0.33","91","4.137254901960785","21","306","562","9.38562091503268"
"33","0.4","10","4.0046728971962615","0","214","79","9.616822429906541"
"30","0.33","92","4.140983606557377","22","305","562","9.350819672131147"
"32","0.4","25","3.7857142857142856","1","280","174","9.207142857142857"
"33","0.4","11","4","0","214","79","9.616822429906541"
"32","0.4","26","3.9714285714285715","1","280","174","9.207142857142857"
"30","0.33","93","4.1381578947368425","22","304","562","9.31578947368421"
"33","0.4","12","4","0","213","79","9.568075117370892"
"32","0.4","27","3.9964285714285714","1","280","174","9.207142857142857"
"31","0.4","55","4","15","254","312","9.094488188976378"
"29","0.33","100","3.962025316455696","25","316","619","9.424050632911392"
"34","0.4","1","3.9961089494163424","0","257","32","9.369649805447471"
"31","0.4","56","4","15","254","312","9.094488188976378"
"29","0.33","101","3.961661341853035","26","313","619","9.322683706070288"
"34","0.4","2","3.9961089494163424","0","257","32","9.369649805447471"
"29","0.33","102","3.961661341853035","26","313","619","9.322683706070288"
"31","0.4","57","4","16","252","312","9.023809523809524"
"33","0.4","13","3.668122270742358","1","229","94","9.388646288209607"
"34","0.4","3","4","1","255","32","9.286274509803922"
"30","0.33","94","4.139072847682119","23","302","574","9.324503311258278"
"32","0.4","28","4","2","279","181","9.21863799283154"
"33","0.4","14","4.013100436681222","1","229","94","9.388646288209607"
"32","0.4","29","4","3","277","181","9.140794223826715"
"33","0.4","15","4.008771929824562","1","228","94","9.342105263157896"
"30","0.33","95","4.1395348837209305","23","301","574","9.289036544850498"
"32","0.4","30","4","3","276","181","9.101449275362318"
"30","0.33","96","4.13","23","300","574","9.26"
"31","0.4","58","4","16","251","339","9.195219123505977"
"31","0.4","59","4","17","250","339","9.152"
"31","0.4","60","4","17","250","339","9.152"
"34","0.4","4","4","1","252","60","9.412698412698413"
"33","0.4","16","4.004424778761062","2","226","100","9.31858407079646"
"29","0.33","103","3.9615384615384617","27","312","636","9.397435897435898"
"34","0.4","5","4","1","248","60","9.266129032258064"
"33","0.4","17","4","4","224","100","9.223214285714286"
"29","0.33","104","3.9615384615384617","27","312","636","9.397435897435898"
"32","0.4","31","4","3","275","197","9.178181818181818"
"34","0.4","6","4","1","247","60","9.23076923076923"
"33","0.4","18","4","4","224","100","9.223214285714286"
"32","0.4","32","4","3","273","197","9.106227106227106"
"29","0.33","105","3.9644012944983817","27","309","636","9.294498381877023"
"32","0.4","33","4","3","272","197","9.066176470588236"
"31","0.4","61","3.787878787878788","17","264","357","9.280303030303031"
"33","0.4","19","4","4","224","117","9.375"
"31","0.4","62","3.988593155893536","17","263","357","9.239543726235741"
"33","0.4","20","4","4","222","117","9.333333333333334"
"30","0.33","97","4.012987012987013","23","308","592","9.5"
"31","0.4","63","3.996168582375479","18","261","357","9.157088122605364"
"34","0.4","7","4","1","247","91","9.481781376518219"
"30","0.33","98","4.140522875816994","24","306","592","9.431372549019608"
"33","0.4","21","4","4","221","117","9.312217194570136"
"32","0.4","34","4","3","270","229","9.22962962962963"
"34","0.4","8","4","1","246","91","9.439024390243903"
"30","0.33","99","4.131147540983607","24","305","592","9.39672131147541"
"32","0.4","35","4","3","269","229","9.189591078066915"
"29","0.33","106","3.964169381107492","27","307","653","9.335504885993485"
"34","0.4","9","4","1","246","91","9.439024390243903"
"32","0.4","36","4","3","269","229","9.189591078066915"
"29","0.33","107","3.964169381107492","27","307","653","9.335504885993485"
"33","0.4","22","4","4","221","131","9.438914027149321"
"31","0.4","64","3.996153846153846","19","260","378","9.276923076923078"
"29","0.33","108","3.9640522875816995","27","306","653","9.300653594771243"
"33","0.4","23","4","4","220","131","9.39090909090909"
"31","0.4","65","4","19","258","378","9.209302325581396"
"33","0.4","24","4","5","219","131","9.342465753424657"
"31","0.4","66","4","19","258","378","9.209302325581396"
"30","0.33","100","4.135313531353136","24","303","605","9.412541254125413"
"34","0.4","10","4","1","246","113","9.617886178861788"
"30","0.33","101","4.132013201320132","24","303","605","9.412541254125413"
"34","0.4","11","4","1","245","113","9.575510204081633"
"34","0.4","12","4","2","244","113","9.532786885245901"
"30","0.33","102","4.136666666666667","26","300","605","9.306666666666667"
"33","0.4","25","3.84","5","225","143","9.431111111111111"
"32","0.4","37","3.8156028368794326","3","282","257","9.347517730496454"
"31","0.4","67","4","19","258","395","9.34108527131783"
"33","0.4","26","3.995515695067265","5","223","143","9.345291479820627"
"31","0.4","68","4","19","258","395","9.34108527131783"
"32","0.4","38","4.01067615658363","4","281","257","9.309608540925266"
"33","0.4","27","3.995515695067265","5","223","143","9.345291479820627"
"32","0.4","39","4","4","278","257","9.194244604316546"
"31","0.4","69","4","21","255","395","9.223529411764705"
"34","0.4","13","3.6148148148148147","2","270","127","9.244444444444444"
"30","0.33","103","4.131756756756757","28","296","629","9.324324324324325"
"33","0.4","28","4","6","222","161","9.45945945945946"
"29","0.33","109","3.7663551401869158","28","321","675","9.35202492211838"
"31","0.4","70","4","21","255","415","9.380392156862746"
"30","0.33","104","4.131756756756757","28","296","629","9.324324324324325"
"34","0.4","14","4","3","269","127","9.20446096654275"
"33","0.4","29","4","7","220","161","9.363636363636363"
"31","0.4","71","4","21","255","415","9.380392156862746"
"29","0.33","110","3.9341692789968654","29","319","675","9.285266457680251"
"30","0.33","105","4.128813559322034","29","295","629","9.288135593220339"
"32","0.4","40","4","5","277","276","9.292418772563177"
"34","0.4","15","4","3","269","127","9.20446096654275"
"33","0.4","30","4","8","219","161","9.32420091324201"
"31","0.4","72","4","22","252","415","9.301587301587302"
"32","0.4","41","4","6","275","276","9.214545454545455"
"29","0.33","111","3.9465408805031448","30","318","675","9.251572327044025"
"32","0.4","42","4","6","275","276","9.214545454545455"
"34","0.4","16","4","3","269","137","9.278810408921933"
"33","0.4","31","4","10","217","180","9.400921658986174"
"33","0.4","32","4","10","217","180","9.400921658986174"
"34","0.4","17","4","3","269","137","9.278810408921933"
"34","0.4","18","4","3","269","137","9.278810408921933"
"31","0.4","73","3.9069767441860463","22","258","430","9.418604651162791"
"30","0.33","106","4.129251700680272","30","294","662","9.476190476190476"
"32","0.4","43","4","6","274","299","9.343065693430656"
"33","0.4","33","4","10","217","180","9.400921658986174"
"31","0.4","74","4","22","257","430","9.377431906614786"
"32","0.4","44","4","6","274","299","9.343065693430656"
"30","0.33","107","4.130584192439863","31","291","662","9.374570446735396"
"31","0.4","75","4","22","256","430","9.3515625"
"32","0.4","45","4","6","273","299","9.304029304029305"
"29","0.33","112","3.952681388012618","30","317","689","9.305993690851736"
"30","0.33","108","4.127586206896551","31","290","662","9.358620689655172"
"34","0.4","19","4","4","268","147","9.313432835820896"
"29","0.33","113","3.9525316455696204","31","316","689","9.272151898734178"
"34","0.4","20","4","4","268","147","9.313432835820896"
"33","0.4","34","4","10","216","196","9.50925925925926"
"31","0.4","76","4","24","253","448","9.367588932806324"
"34","0.4","21","4","4","268","147","9.313432835820896"
"33","0.4","35","4","11","214","196","9.411214953271028"
"29","0.33","114","3.9525316455696204","31","316","689","9.272151898734178"
"31","0.4","77","4","24","253","448","9.367588932806324"
"32","0.4","46","4","6","271","318","9.365313653136532"
"31","0.4","78","4","24","253","448","9.367588932806324"
"33","0.4","36","4","12","212","196","9.31132075471698"
"32","0.4","47","4","6","270","318","9.325925925925926"
"32","0.4","48","4","7","269","318","9.293680297397769"
"34","0.4","22","4","4","267","157","9.348314606741573"
"34","0.4","23","4","4","267","157","9.348314606741573"
"31","0.4","79","4","24","252","464","9.46031746031746"
"33","0.4","37","3.81981981981982","12","222","224","9.405405405405405"
"31","0.4","80","4","25","250","464","9.384"
"34","0.4","24","4","4","265","157","9.30566037735849"
"33","0.4","38","3.995475113122172","12","221","224","9.357466063348417"
"29","0.33","115","3.9525316455696204","31","316","704","9.367088607594937"
"30","0.33","109","3.99","31","300","682","9.513333333333334"
"31","0.4","81","4","26","249","464","9.34136546184739"
"33","0.4","39","4","12","221","224","9.357466063348417"
"30","0.33","110","4.136666666666667","31","300","682","9.513333333333334"
"33","0.4","40","4","12","221","233","9.438914027149321"
"30","0.33","111","4.1438127090301","32","299","682","9.48494983277592"
"29","0.33","116","3.9523809523809526","32","315","704","9.333333333333334"
"32","0.4","49","3.801418439716312","7","282","344","9.397163120567376"
"33","0.4","41","4","12","220","233","9.39090909090909"
"31","0.4","82","4","26","249","493","9.57429718875502"
"33","0.4","42","4","12","219","233","9.342465753424657"
"32","0.4","50","3.99644128113879","7","281","344","9.359430604982206"
"29","0.33","117","3.9523809523809526","32","315","704","9.333333333333334"
"31","0.4","83","4","27","247","493","9.489878542510121"
"31","0.4","84","4","27","246","493","9.487804878048781"
"32","0.4","51","4","7","279","344","9.297491039426523"
"34","0.4","25","3.7183098591549295","4","284","170","9.253521126760564"
"33","0.4","43","4","12","218","245","9.403669724770642"
"34","0.4","26","3.98943661971831","4","284","170","9.253521126760564"
"30","0.33","112","4.144295302013423","33","298","691","9.51006711409396"
"33","0.4","44","4","12","217","245","9.35483870967742"
"34","0.4","27","4.003521126760563","4","284","170","9.253521126760564"
"30","0.33","113","4.141414141414141","33","297","691","9.501683501683502"
"32","0.4","52","4","7","279","365","9.448028673835125"
"29","0.33","118","3.9523809523809526","32","315","716","9.40952380952381"
"33","0.4","45","4","12","216","245","9.305555555555555"
"31","0.4","85","3.9357429718875503","27","249","506","9.67871485943775"
"32","0.4","53","4","7","279","365","9.448028673835125"
"30","0.33","114","4.141414141414141","33","297","691","9.501683501683502"
"29","0.33","119","3.948717948717949","33","312","716","9.307692307692308"
"31","0.4","86","4","27","249","506","9.67871485943775"
"29","0.33","120","3.9516129032258065","34","310","716","9.238709677419354"
"32","0.4","54","4","7","278","365","9.410071942446043"
"31","0.4","87","4","27","247","506","9.595141700404858"
"33","0.4","46","4","12","214","264","9.383177570093459"
"34","0.4","28","4.003533568904594","4","283","178","9.27208480565371"
"33","0.4","47","4","12","213","264","9.342723004694836"
"34","0.4","29","4","4","282","178","9.23404255319149"
"33","0.4","48","4","12","212","264","9.320754716981131"
"34","0.4","30","4","4","281","178","9.209964412811388"
"31","0.4","88","4","27","247","513","9.651821862348179"
"32","0.4","55","4","7","278","377","9.496402877697841"
"30","0.33","115","4.141414141414141","33","297","697","9.542087542087542"
"31","0.4","89","4","27","247","513","9.651821862348179"
"30","0.33","116","4.141891891891892","33","296","697","9.506756756756756"
"32","0.4","56","4","7","276","377","9.420289855072463"
"31","0.4","90","4","27","247","513","9.651821862348179"
"30","0.33","117","4.141891891891892","33","296","697","9.506756756756756"
"35","0.4","0","3.992156862745098","0","255","0","9.16078431372549"
"32","0.4","57","4","7","276","377","9.420289855072463"
"34","0.4","31","4","4","280","192","9.271428571428572"
"31","0.4","91","4","27","247","518","9.692307692307692"
"33","0.4","49","3.623931623931624","12","234","279","9.17094017094017"
"31","0.4","92","4","27","246","518","9.65040650406504"
"34","0.4","32","4","5","278","192","9.20863309352518"
"33","0.4","50","4.004273504273504","12","234","279","9.17094017094017"
"31","0.4","93","4","27","246","518","9.65040650406504"
"30","0.33","118","4.142857142857143","33","294","706","9.496598639455783"
"34","0.4","33","4","6","275","192","9.112727272727273"
"33","0.4","51","3.9914163090128754","12","233","279","9.124463519313304"
"32","0.4","58","4","7","275","387","9.454545454545455"
"30","0.33","119","4.133561643835616","33","292","706","9.424657534246576"
"32","0.4","59","4","7","275","387","9.454545454545455"
"30","0.33","120","4.124137931034483","33","290","706","9.351724137931035"
"31","0.4","94","4","27","244","521","9.59016393442623"
"35","0.4","1","3.9450980392156865","0","255","28","9.380392156862746"
"32","0.4","60","4","8","273","387","9.377289377289378"
"31","0.4","95","4","27","243","521","9.555555555555555"
"33","0.4","52","3.9914163090128754","12","233","287","9.193133047210301"
"35","0.4","2","3.9686274509803923","0","255","28","9.380392156862746"
"31","0.4","96","4","27","243","521","9.555555555555555"
"33","0.4","53","3.9956896551724137","12","232","287","9.14655172413793"
"35","0.4","3","3.9881889763779528","0","254","28","9.338582677165354"
"33","0.4","54","3.9913793103448274","12","232","287","9.14655172413793"
"34","0.4","34","4","6","273","220","9.238095238095237"
"34","0.4","35","4","6","273","220","9.238095238095237"
"34","0.4","36","4","6","271","220","9.158671586715867"
"33","0.4","55","3.9956709956709955","13","231","296","9.177489177489177"
"35","0.4","4","3.9960629921259843","0","254","50","9.511811023622048"
"31","0.4","97","3.8725099601593627","27","251","531","9.53784860557769"
"36","0.4","0","3.924686192468619","0","239","0","9.205020920502092"
"33","0.4","56","4","13","231","296","9.177489177489177"
"31","0.4","98","3.99203187250996","27","251","531","9.53784860557769"
"35","0.4","5","4","0","254","50","9.511811023622048"
"32","0.4","61","3.725085910652921","10","291","405","9.353951890034365"
"33","0.4","57","4","13","231","296","9.177489177489177"
"31","0.4","99","3.9880478087649402","27","251","531","9.53784860557769"
"35","0.4","6","4","0","253","50","9.470355731225297"
"32","0.4","62","3.993127147766323","10","291","405","9.353951890034365"
"32","0.4","63","4","10","290","405","9.36551724137931"
"31","0.4","100","3.9879518072289155","27","249","537","9.51004016064257"
"36","0.4","1","4.0210084033613445","0","238","27","9.38655462184874"
"33","0.4","58","4","13","230","305","9.208695652173914"
"33","0.4","59","4","13","230","305","9.208695652173914"
"31","0.4","101","3.9878542510121457","27","247","537","9.497975708502024"
"36","0.4","2","3.9915254237288136","0","236","27","9.296610169491526"
"35","0.4","7","4","0","252","62","9.523809523809524"
"34","0.4","37","3.763888888888889","6","288","247","9.20138888888889"
"33","0.4","60","4","13","230","305","9.208695652173914"
"31","0.4","102","3.987755102040816","27","245","537","9.428571428571429"
"36","0.4","3","3.978723404255319","0","235","27","9.27659574468085"
"35","0.4","8","4","0","250","62","9.448"
"32","0.4","64","4","10","289","415","9.397923875432525"
"34","0.4","38","4.006968641114983","7","287","247","9.16376306620209"
"35","0.4","9","4","0","250","62","9.448"
"32","0.4","65","4","10","289","415","9.397923875432525"
"34","0.4","39","4","7","286","247","9.125874125874127"
"32","0.4","66","4","10","288","415","9.36111111111111"
"31","0.4","103","3.987704918032787","27","244","555","9.532786885245901"
"31","0.4","104","3.987704918032787","27","244","555","9.532786885245901"
"36","0.4","4","3.9957446808510637","0","235","52","9.48936170212766"
"33","0.4","61","3.5797665369649807","13","257","312","9.011673151750973"
"31","0.4","105","3.987704918032787","27","244","555","9.532786885245901"
"36","0.4","5","3.9956896551724137","0","232","52","9.362068965517242"
"35","0.4","10","4","1","249","77","9.526104417670682"
"33","0.4","62","4.046692607003891","13","257","312","9.011673151750973"
"36","0.4","6","3.9956896551724137","0","232","52","9.362068965517242"
"35","0.4","11","4","1","249","77","9.526104417670682"
"34","0.4","40","4","8","285","260","9.178947368421053"
"33","0.4","63","4","14","256","312","8.96875"
"32","0.4","67","4","10","288","426","9.4375"
"35","0.4","12","4","1","249","77","9.526104417670682"
"31","0.4","106","3.987704918032787","27","244","565","9.614754098360656"
"34","0.4","41","4","8","285","260","9.178947368421053"
"32","0.4","68","4","10","288","426","9.4375"
"31","0.4","107","3.9876543209876543","28","243","565","9.572016460905349"
"34","0.4","42","4","8","284","260","9.140845070422536"
"31","0.4","108","3.9875","29","240","565","9.466666666666667"
"32","0.4","69","4","11","287","426","9.400696864111499"
"36","0.4","7","3.9956709956709955","0","231","79","9.558441558441558"
"36","0.4","8","3.995633187772926","1","229","79","9.475982532751091"
"33","0.4","64","4.0078740157480315","14","254","330","9.023622047244094"
"36","0.4","9","3.995633187772926","1","229","79","9.475982532751091"
"35","0.4","13","3.715355805243446","2","267","90","9.295880149812733"
"33","0.4","65","4","15","251","330","8.93227091633466"
"33","0.4","66","4","15","250","330","8.888"
"35","0.4","14","4.044943820224719","2","267","90","9.295880149812733"
"34","0.4","43","4","8","283","274","9.201413427561837"
"35","0.4","15","4.033707865168539","2","267","90","9.295880149812733"
"31","0.4","109","3.7817460317460316","29","252","581","9.412698412698413"
"32","0.4","70","4","11","287","437","9.477351916376307"
"36","0.4","10","4","1","227","99","9.559471365638766"
"31","0.4","110","4.011904761904762","29","252","581","9.412698412698413"
"34","0.4","44","4","9","282","274","9.163120567375886"
"32","0.4","71","4","11","286","437","9.44055944055944"
"36","0.4","11","4","1","226","99","9.513274336283185"
"31","0.4","111","4.00398406374502","29","251","581","9.370517928286853"
"34","0.4","45","4","9","277","274","9.068592057761732"
"32","0.4","72","4","11","286","437","9.44055944055944"
"36","0.4","12","4","1","225","99","9.466666666666667"
"35","0.4","16","4.030075187969925","2","266","99","9.323308270676693"
"33","0.4","67","4","15","249","368","9.14859437751004"
"33","0.4","68","4","15","249","368","9.14859437751004"
"35","0.4","17","4.030188679245283","3","265","99","9.290566037735848"
"31","0.4","112","4","29","250","589","9.392"
"33","0.4","69","4","15","247","368","9.06072874493927"
"35","0.4","18","4.03030303030303","3","264","99","9.325757575757576"
"31","0.4","113","4","29","249","589","9.349397590361447"
"36","0.4","13","3.6872427983539096","2","243","121","9.316872427983538"
"31","0.4","114","4","29","249","589","9.349397590361447"
"34","0.4","46","4","10","275","309","9.243636363636364"
"36","0.4","14","4.004115226337449","2","243","121","9.316872427983538"
"34","0.4","47","4","10","274","309","9.204379562043796"
"32","0.4","73","3.79933110367893","12","299","450","9.351170568561873"
"35","0.4","19","4.030418250950571","3","263","113","9.391634980988593"
"36","0.4","15","4","2","242","121","9.272727272727273"
"33","0.4","70","4","15","247","393","9.263157894736842"
"32","0.4","74","4","12","299","450","9.351170568561873"
"35","0.4","20","4.030418250950571","3","263","113","9.391634980988593"
"34","0.4","48","4","10","273","309","9.164835164835164"
"33","0.4","71","4","15","247","393","9.263157894736842"
"32","0.4","75","4","12","299","450","9.351170568561873"
"35","0.4","21","4.030418250950571","3","263","113","9.391634980988593"
"31","0.4","115","4","29","249","596","9.405622489959839"
"33","0.4","72","4","15","247","393","9.263157894736842"
"31","0.4","116","4","29","249","596","9.405622489959839"
"31","0.4","117","4","29","249","596","9.405622489959839"
"36","0.4","16","4","2","240","130","9.275"
"35","0.4","22","4.030418250950571","3","263","123","9.467680608365018"
"36","0.4","17","4","2","239","130","9.230125523012552"
"32","0.4","76","4","12","299","455","9.384615384615385"
"35","0.4","23","4.030534351145038","4","262","123","9.427480916030534"
"36","0.4","18","4","2","239","130","9.230125523012552"
"32","0.4","77","4","13","298","455","9.348993288590604"
"31","0.4","118","4","29","246","605","9.373983739837398"
"35","0.4","24","4.030534351145038","4","262","123","9.427480916030534"
"33","0.4","73","3.799227799227799","15","259","407","9.343629343629344"
"32","0.4","78","4","14","297","455","9.313131313131313"
"31","0.4","119","4","29","244","605","9.28688524590164"
"33","0.4","74","3.9961089494163424","16","257","407","9.268482490272374"
"31","0.4","120","4","29","244","605","9.28688524590164"
"33","0.4","75","3.9961089494163424","16","257","407","9.268482490272374"
"36","0.4","19","4","3","238","147","9.327731092436975"
"36","0.4","20","4","4","236","147","9.23728813559322"
"34","0.4","49","3.789473684210526","12","285","329","9.333333333333334"
"36","0.4","21","4","4","236","147","9.23728813559322"
"34","0.4","50","3.9964788732394365","12","284","329","9.316901408450704"
"35","0.4","25","3.8115942028985508","4","276","130","9.282608695652174"
"32","0.4","79","4","14","296","462","9.358108108108109"
"34","0.4","51","3.9964664310954063","13","283","329","9.279151943462898"
"35","0.4","26","4.047272727272727","4","275","130","9.243636363636364"
"33","0.4","76","3.99609375","16","256","427","9.3828125"
"32","0.4","80","4","14","296","462","9.358108108108109"
"35","0.4","27","4.032846715328467","4","274","130","9.211678832116789"
"33","0.4","77","4","17","255","427","9.341176470588236"
"32","0.4","81","4","14","296","462","9.358108108108109"
"36","0.4","22","4","4","235","161","9.319148936170214"
"33","0.4","78","4","17","255","427","9.341176470588236"
"37","0.4","0","4.065573770491803","0","244","0","9.163934426229508"
"36","0.4","23","4","4","233","161","9.236051502145923"
"36","0.4","24","4","4","233","161","9.236051502145923"
"34","0.4","52","4","13","283","345","9.392226148409893"
"35","0.4","28","4.029304029304029","4","273","140","9.245421245421245"
"33","0.4","79","4","17","255","438","9.427450980392157"
"32","0.4","82","4","15","295","474","9.403389830508475"
"34","0.4","53","4","13","281","345","9.323843416370106"
"35","0.4","29","4.029304029304029","4","273","140","9.245421245421245"
"33","0.4","80","4","18","253","438","9.34387351778656"
"32","0.4","83","4","16","294","474","9.36734693877551"
"37","0.4","1","4.049180327868853","0","244","33","9.434426229508198"
"34","0.4","54","4","13","280","345","9.285714285714286"
"35","0.4","30","4.032967032967033","4","273","140","9.245421245421245"
"33","0.4","81","4","18","251","438","9.258964143426295"
"37","0.4","2","4.016393442622951","0","244","33","9.434426229508198"
"32","0.4","84","4","16","294","474","9.36734693877551"
"37","0.4","3","4.008196721311475","0","244","33","9.434426229508198"
"36","0.4","25","3.8506224066390042","4","241","174","9.46058091286307"
"36","0.4","26","3.987551867219917","4","241","174","9.46058091286307"
"36","0.4","27","4.004166666666666","4","240","174","9.416666666666666"
"35","0.4","31","4.029304029304029","4","273","153","9.340659340659341"
"33","0.4","82","4","18","250","458","9.376"
"35","0.4","32","4.029411764705882","5","272","153","9.308823529411764"
"33","0.4","83","4","18","250","458","9.376"
"34","0.4","55","4","13","280","360","9.392857142857142"
"37","0.4","4","4.008196721311475","0","244","51","9.581967213114755"
"35","0.4","33","4.029629629629629","6","270","153","9.22962962962963"
"37","0.4","5","4","0","244","51","9.581967213114755"
"33","0.4","84","4","20","245","458","9.2"
"36","0.4","28","4.00418410041841","4","239","182","9.439330543933055"
"34","0.4","56","4","13","277","360","9.306859205776174"
"37","0.4","6","4","0","244","51","9.581967213114755"
"36","0.4","29","4.00418410041841","4","239","182","9.439330543933055"
"32","0.4","85","3.7333333333333334","16","315","489","9.231746031746031"
"34","0.4","57","4","13","277","360","9.306859205776174"
"36","0.4","30","4","4","239","182","9.439330543933055"
"32","0.4","86","3.9935897435897436","17","312","489","9.128205128205128"
"32","0.4","87","3.996774193548387","18","310","489","9.058064516129033"
"37","0.4","7","4","0","243","62","9.62962962962963"
"35","0.4","34","4.029739776951673","7","269","172","9.33085501858736"
"36","0.4","31","4","4","239","190","9.506276150627615"
"37","0.4","8","4","0","242","62","9.586776859504132"
"35","0.4","35","4.0299625468164795","7","267","172","9.250936329588015"
"36","0.4","32","4","4","239","190","9.506276150627615"
"37","0.4","9","4","0","241","62","9.54356846473029"
"35","0.4","36","4.030075187969925","7","266","172","9.218045112781954"
"36","0.4","33","4","5","238","190","9.46218487394958"
"34","0.4","58","4","13","276","375","9.376811594202898"
"33","0.4","85","3.6296296296296298","20","270","484","9.177777777777777"
"33","0.4","86","4.003703703703704","20","270","484","9.177777777777777"
"34","0.4","59","4","13","275","375","9.338181818181818"
"37","0.4","10","4","0","240","76","9.616666666666667"
"32","0.4","88","4","18","309","516","9.197411003236246"
"36","0.4","34","4","5","237","195","9.459915611814345"
"33","0.4","87","4","20","270","484","9.177777777777777"
"34","0.4","60","4","14","273","375","9.267399267399268"
"37","0.4","11","4","0","240","76","9.616666666666667"
"36","0.4","35","4","5","237","195","9.459915611814345"
"32","0.4","89","4","18","309","516","9.197411003236246"
"37","0.4","12","4","0","240","76","9.616666666666667"
"36","0.4","36","4","5","236","195","9.415254237288135"
"32","0.4","90","4","18","308","516","9.162337662337663"
"35","0.4","37","3.8970588235294117","7","272","195","9.345588235294118"
"33","0.4","88","4","21","267","496","9.153558052434457"
"35","0.4","38","4.044280442804428","8","271","195","9.306273062730627"
"33","0.4","89","4","21","266","496","9.1203007518797"
"35","0.4","39","4.044280442804428","8","271","195","9.306273062730627"
"37","0.4","13","3.75","0","256","87","9.328125"
"33","0.4","90","4","22","265","496","9.079245283018867"
"36","0.4","37","3.8518518518518516","6","243","207","9.473251028806585"
"37","0.4","14","4.03515625","0","256","87","9.328125"
"36","0.4","38","4","6","241","207","9.385892116182573"
"32","0.4","91","4","18","308","530","9.253246753246753"
"36","0.4","39","4","6","240","207","9.341666666666667"
"37","0.4","15","4","0","256","87","9.328125"
"34","0.4","61","3.8181818181818183","14","286","392","9.405594405594405"
"32","0.4","92","4","19","305","530","9.147540983606557"
"32","0.4","93","4","19","304","530","9.144736842105264"
"34","0.4","62","4.003508771929824","14","285","392","9.375438596491229"
"35","0.4","40","4.033333333333333","9","270","202","9.318518518518518"
"33","0.4","91","4","22","263","517","9.163498098859316"
"35","0.4","41","4.037037037037037","9","270","202","9.318518518518518"
"34","0.4","63","3.9964912280701754","14","285","392","9.375438596491229"
"37","0.4","16","4","0","256","93","9.375"
"33","0.4","92","4","23","262","517","9.122137404580153"
"36","0.4","40","4","6","240","219","9.441666666666666"
"35","0.4","42","4.037174721189591","10","269","202","9.278810408921933"
"37","0.4","17","4","0","254","93","9.291338582677165"
"33","0.4","93","4","23","261","517","9.080459770114942"
"36","0.4","41","4","6","239","219","9.405857740585773"
"37","0.4","18","4","0","253","93","9.24901185770751"
"36","0.4","42","4","7","237","219","9.324894514767932"
"32","0.4","94","4","19","302","562","9.298013245033113"
"34","0.4","64","4","14","284","403","9.415492957746478"
"32","0.4","95","4","20","300","562","9.233333333333333"
"35","0.4","43","4.037174721189591","10","269","218","9.397769516728625"
"37","0.4","19","4","0","251","101","9.227091633466136"
"34","0.4","65","4","15","283","403","9.378091872791519"
"32","0.4","96","4","20","300","562","9.233333333333333"
"36","0.4","43","4","8","235","237","9.38723404255319"
"37","0.4","20","4","0","251","101","9.227091633466136"
"35","0.4","44","4.029739776951673","10","269","218","9.397769516728625"
"33","0.4","94","4","23","260","544","9.246153846153845"
"36","0.4","44","4","9","234","237","9.341880341880342"
"34","0.4","66","4","15","280","403","9.264285714285714"
"37","0.4","21","4","0","249","101","9.140562248995984"
"35","0.4","45","4.029850746268656","10","268","218","9.35820895522388"
"33","0.4","95","4","25","257","544","9.120622568093385"
"36","0.4","45","4","9","234","237","9.341880341880342"
"33","0.4","96","4","25","255","544","9.035294117647059"
"35","0.4","46","4.029850746268656","10","268","230","9.447761194029852"
"37","0.4","22","4","0","248","124","9.298387096774194"
"36","0.4","46","4","9","234","258","9.521367521367521"
"35","0.4","47","4.029850746268656","10","268","230","9.447761194029852"
"37","0.4","23","4","0","248","124","9.298387096774194"
"36","0.4","47","4","9","234","258","9.521367521367521"
"34","0.4","67","4","18","277","424","9.299638989169676"
"37","0.4","24","4","1","247","124","9.263157894736842"
"35","0.4","48","4.029850746268656","10","268","230","9.447761194029852"
"36","0.4","48","4","11","232","258","9.439655172413794"
"34","0.4","68","4","18","277","424","9.299638989169676"
"32","0.4","97","3.883495145631068","20","309","584","9.398058252427184"
"34","0.4","69","4","19","276","424","9.26086956521739"
"32","0.4","98","3.9935064935064934","20","308","584","9.363636363636363"
"33","0.4","97","3.735294117647059","26","272","579","9.242647058823529"
"32","0.4","99","4","21","306","584","9.294117647058824"
"33","0.4","98","4.007352941176471","26","272","579","9.242647058823529"
"33","0.4","99","4","26","272","579","9.242647058823529"
"35","0.4","49","3.8028169014084505","10","284","238","9.295774647887324"
"37","0.4","25","3.8294573643410854","1","258","142","9.356589147286822"
"36","0.4","49","3.7398373983739837","11","246","273","9.300813008130081"
"37","0.4","26","3.992248062015504","1","258","142","9.356589147286822"
"35","0.4","50","4.038732394366197","10","284","238","9.295774647887324"
"36","0.4","50","4","11","246","273","9.300813008130081"
"37","0.4","27","4","2","256","142","9.28125"
"35","0.4","51","4.024647887323944","10","284","238","9.295774647887324"
"36","0.4","51","4","11","245","273","9.257142857142858"
"34","0.4","70","4","21","274","450","9.379562043795621"
"34","0.4","71","4","22","272","450","9.301470588235293"
"32","0.4","100","4","21","304","603","9.348684210526315"
"33","0.4","100","4","26","272","587","9.301470588235293"
"34","0.4","72","4","22","271","450","9.261992619926199"
"33","0.4","101","4","26","272","587","9.301470588235293"
"32","0.4","101","4","22","302","603","9.278145695364238"
"33","0.4","102","4","26","271","587","9.261992619926199"
"32","0.4","102","4","22","299","603","9.20401337792642"
"36","0.4","52","4","12","243","278","9.209876543209877"
"37","0.4","28","4","2","256","151","9.3515625"
"35","0.4","52","4.024734982332156","10","283","244","9.30035335689046"
"36","0.4","53","4","14","241","278","9.12863070539419"
"37","0.4","29","4","2","256","151","9.3515625"
"35","0.4","53","4.02491103202847","10","281","244","9.224199288256228"
"36","0.4","54","4","14","241","278","9.12863070539419"
"37","0.4","30","4","2","256","151","9.3515625"
"35","0.4","54","4.0285714285714285","10","280","244","9.235714285714286"
"33","0.4","103","4","26","271","597","9.335793357933579"
"33","0.4","104","4","26","271","597","9.335793357933579"
"37","0.4","31","4","3","255","156","9.349019607843138"
"33","0.4","105","4","27","268","597","9.223880597014926"
"37","0.4","32","4","3","255","156","9.349019607843138"
"36","0.4","55","4","14","241","297","9.28630705394191"
"37","0.4","33","4","3","255","156","9.349019607843138"
"32","0.4","103","4","22","298","634","9.375838926174497"
"36","0.4","56","4","14","241","297","9.28630705394191"
"35","0.4","55","4.0285714285714285","10","280","255","9.314285714285715"
"34","0.4","73","3.6254180602006687","22","299","476","9.183946488294314"
"36","0.4","57","4","14","240","297","9.241666666666667"
"35","0.4","56","4.028673835125448","11","279","255","9.275985663082437"
"32","0.4","104","4","22","296","634","9.371621621621621"
"35","0.4","57","4.028776978417266","12","278","255","9.237410071942445"
"32","0.4","105","4","22","294","634","9.299319727891156"
"34","0.4","74","4.01010101010101","23","297","476","9.11111111111111"
"33","0.4","106","4","27","268","612","9.335820895522389"
"37","0.4","34","4","5","252","165","9.293650793650794"
"34","0.4","75","4.0033670033670035","23","297","476","9.11111111111111"
"33","0.4","107","4","27","268","612","9.335820895522389"
"37","0.4","35","4","5","251","165","9.250996015936256"
"36","0.4","58","4","15","239","314","9.338912133891213"
"33","0.4","108","4","27","268","612","9.335820895522389"
"37","0.4","36","4","5","251","165","9.250996015936256"
"36","0.4","59","4","15","239","314","9.338912133891213"
"36","0.4","60","4","15","239","314","9.338912133891213"
"35","0.4","58","4.028880866425993","12","277","270","9.306859205776174"
"35","0.4","59","4.028880866425993","12","277","270","9.306859205776174"
"32","0.4","106","4","22","292","664","9.438356164383562"
"34","0.4","76","4","23","296","487","9.16891891891892"
"35","0.4","60","4.028985507246377","13","276","270","9.27536231884058"
"32","0.4","107","4","22","292","664","9.438356164383562"
"34","0.4","77","4","23","296","487","9.16891891891892"
"32","0.4","108","4","23","291","664","9.402061855670103"
"34","0.4","78","4","23","295","487","9.138983050847457"
"36","0.4","61","3.689922480620155","15","258","327","9.178294573643411"
"33","0.4","109","3.7222222222222223","27","288","621","9.229166666666666"
"37","0.4","37","3.6115107913669067","5","278","182","9.107913669064748"
"36","0.4","62","4","15","258","327","9.178294573643411"
"33","0.4","110","4","27","288","621","9.229166666666666"
"37","0.4","38","4.021660649819495","5","277","182","9.068592057761732"
"36","0.4","63","4","15","258","327","9.178294573643411"
"37","0.4","39","4.007246376811594","5","276","182","9.028985507246377"
"33","0.4","111","4.003484320557491","27","287","621","9.19163763066202"
"35","0.4","61","3.8339100346020762","13","289","287","9.280276816608996"
"36","0.4","64","4","16","257","336","9.206225680933851"
"34","0.4","79","4","23","295","500","9.227118644067797"
"36","0.4","65","4","17","256","336","9.1640625"
"35","0.4","62","4.020905923344948","14","287","287","9.205574912891986"
"34","0.4","80","4","23","295","500","9.227118644067797"
"36","0.4","66","4","18","255","336","9.12156862745098"
"33","0.4","112","4.003484320557491","27","287","634","9.282229965156795"
"35","0.4","63","4.031468531468532","14","286","287","9.167832167832168"
"37","0.4","40","4","5","276","197","9.13768115942029"
"34","0.4","81","4","24","292","500","9.136986301369863"
"37","0.4","41","4","5","276","197","9.13768115942029"
"33","0.4","113","4.003484320557491","27","287","634","9.282229965156795"
"32","0.4","109","3.6375","23","320","687","9.15625"
"37","0.4","42","4","5","276","197","9.13768115942029"
"33","0.4","114","4","28","285","634","9.20701754385965"
"32","0.4","110","4.0344827586206895","24","319","687","9.122257053291536"
"32","0.4","111","4.009433962264151","24","318","687","9.08805031446541"
"36","0.4","67","4","18","255","353","9.254901960784315"
"36","0.4","68","4","20","252","353","9.182539682539682"
"36","0.4","69","4","22","250","353","9.104"
"35","0.4","64","4.027972027972028","14","286","302","9.272727272727273"
"34","0.4","82","4","24","292","522","9.287671232876713"
"37","0.4","43","4","6","275","207","9.170909090909092"
"33","0.4","115","4","28","285","646","9.291228070175439"
"35","0.4","65","4.027972027972028","14","286","302","9.272727272727273"
"34","0.4","83","4","24","292","522","9.287671232876713"
"37","0.4","44","4","7","273","207","9.113553113553113"
"33","0.4","116","4","29","284","646","9.253521126760564"
"35","0.4","66","4.028070175438597","14","285","302","9.235087719298246"
"34","0.4","84","4","24","290","522","9.220689655172414"
"37","0.4","45","4","7","272","207","9.125"
"32","0.4","112","4.003154574132492","25","317","697","9.116719242902208"
"33","0.4","117","4","29","284","646","9.253521126760564"
"32","0.4","113","4.003174603174603","26","315","697","9.053968253968254"
"36","0.4","70","4","22","250","372","9.256"
"32","0.4","114","4","26","315","697","9.053968253968254"
"36","0.4","71","4","22","248","372","9.209677419354838"
"35","0.4","67","4.028169014084507","15","284","321","9.330985915492958"
"36","0.4","72","4","22","247","372","9.165991902834008"
"37","0.4","46","4","7","272","227","9.272058823529411"
"33","0.4","118","4","29","284","662","9.366197183098592"
"35","0.4","68","4.028268551236749","16","283","321","9.293286219081272"
"37","0.4","47","4","8","270","227","9.192592592592593"
"33","0.4","119","4","29","284","662","9.366197183098592"
"35","0.4","69","4.028268551236749","16","283","321","9.293286219081272"
"37","0.4","48","4","9","268","227","9.111940298507463"
"34","0.4","85","3.815181518151815","24","303","542","9.32013201320132"
"33","0.4","120","4","29","284","662","9.366197183098592"
"32","0.4","115","4","26","315","715","9.168253968253968"
"34","0.4","86","4.006666666666667","24","300","542","9.213333333333333"
"32","0.4","116","4","27","313","715","9.143769968051119"
"34","0.4","87","4","24","300","542","9.213333333333333"
"32","0.4","117","4","27","313","715","9.143769968051119"
"36","0.4","73","3.6176470588235294","22","272","396","9.110294117647058"
"35","0.4","70","4.028268551236749","16","283","334","9.385159010600706"
"36","0.4","74","3.9776951672862455","23","269","396","8.996282527881041"
"35","0.4","71","4.0285714285714285","18","280","334","9.271428571428572"
"36","0.4","75","3.992565055762082","23","269","396","8.996282527881041"
"35","0.4","72","4.028673835125448","19","279","334","9.240143369175627"
"38","0.4","0","4.020576131687243","0","243","0","9.020576131687243"
"37","0.4","49","3.696551724137931","9","290","248","9.179310344827586"
"37","0.4","50","3.98961937716263","9","289","248","9.141868512110726"
"34","0.4","88","4","24","299","562","9.311036789297658"
"32","0.4","118","4","27","312","729","9.198717948717949"
"37","0.4","51","4.003460207612457","9","289","248","9.141868512110726"
"34","0.4","89","4","25","297","562","9.239057239057239"
"32","0.4","119","4","27","311","729","9.202572347266882"
"36","0.4","76","3.996268656716418","23","268","416","9.104477611940299"
"34","0.4","90","4","25","297","562","9.239057239057239"
"32","0.4","120","4","27","308","729","9.103896103896103"
"38","0.4","1","3.954732510288066","0","243","29","9.25925925925926"
"36","0.4","77","3.9962406015037595","24","266","416","9.022556390977444"
"38","0.4","2","3.987603305785124","0","242","29","9.214876033057852"
"36","0.4","78","4","24","265","416","8.981132075471699"
"38","0.4","3","4.0041322314049586","0","242","29","9.214876033057852"
"35","0.4","73","3.7583892617449663","20","298","354","9.228187919463087"
"37","0.4","52","4","10","288","259","9.180555555555555"
"35","0.4","74","4.040404040404041","21","297","354","9.191919191919192"
"37","0.4","53","4","10","287","259","9.19163763066202"
"35","0.4","75","4.0067796610169495","23","295","354","9.11864406779661"
"37","0.4","54","4","10","286","259","9.195804195804195"
"34","0.4","91","4","25","297","587","9.407407407407407"
"38","0.4","4","4.004166666666666","0","240","46","9.3"
"36","0.4","79","4","26","263","446","9.125475285171103"
"39","0.4","0","4.024896265560166","0","241","0","9.153526970954356"
"34","0.4","92","4","25","297","587","9.407407407407407"
"38","0.4","5","4.004166666666666","0","240","46","9.3"
"36","0.4","80","4","26","262","446","9.099236641221374"
"38","0.4","6","4","0","240","46","9.3"
"34","0.4","93","4","25","296","587","9.371621621621621"
"36","0.4","81","4","27","261","446","9.065134099616857"
"37","0.4","55","4","10","285","277","9.284210526315789"
"35","0.4","76","4","23","295","375","9.261016949152543"
"39","0.4","1","4.091286307053942","0","241","30","9.402489626556017"
"37","0.4","56","4","10","285","277","9.284210526315789"
"35","0.4","77","4","23","295","375","9.261016949152543"
"39","0.4","2","4.01673640167364","1","239","30","9.330543933054393"
"37","0.4","57","4","10","285","277","9.284210526315789"
"38","0.4","7","4","0","240","69","9.491666666666667"
"36","0.4","82","4","27","261","474","9.279693486590038"
"39","0.4","3","4.02092050209205","1","239","30","9.330543933054393"
"35","0.4","78","4","23","295","375","9.261016949152543"
"34","0.4","94","4","25","295","603","9.450847457627118"
"38","0.4","8","4","0","239","69","9.456066945606695"
"36","0.4","83","4","27","260","474","9.238461538461538"
"34","0.4","95","4","26","293","603","9.38566552901024"
"38","0.4","9","4","1","237","69","9.40084388185654"
"36","0.4","84","4","27","259","474","9.235521235521235"
"34","0.4","96","4","26","292","603","9.349315068493151"
"37","0.4","58","4","10","285","289","9.368421052631579"
"39","0.4","4","4.01255230125523","1","239","53","9.523012552301255"
"35","0.4","79","4","23","294","384","9.285714285714286"
"39","0.4","5","4","1","239","53","9.523012552301255"
"37","0.4","59","4","10","285","289","9.368421052631579"
"38","0.4","10","4","1","237","87","9.552742616033756"
"39","0.4","6","4","1","238","53","9.478991596638656"
"35","0.4","80","4","23","294","384","9.285714285714286"
"37","0.4","60","4","10","284","289","9.330985915492958"
"38","0.4","11","4","1","237","87","9.552742616033756"
"35","0.4","81","4","23","294","384","9.285714285714286"
"38","0.4","12","4","1","237","87","9.552742616033756"
"36","0.4","85","3.739130434782609","27","276","490","9.246376811594203"
"36","0.4","86","3.9963636363636366","28","275","490","9.207272727272727"
"39","0.4","7","4","1","238","72","9.638655462184873"
"36","0.4","87","3.9963369963369964","29","273","490","9.128205128205128"
"39","0.4","8","4","1","238","72","9.638655462184873"
"39","0.4","9","4","1","236","72","9.567796610169491"
"34","0.4","97","3.730769230769231","26","312","621","9.294871794871796"
"35","0.4","82","4","23","294","393","9.346938775510203"
"37","0.4","61","3.863481228668942","10","293","305","9.34470989761092"
"38","0.4","13","3.6850393700787403","1","254","96","9.283464566929133"
"34","0.4","98","4.016077170418006","26","311","621","9.318327974276528"
"35","0.4","83","4","23","293","393","9.310580204778157"
"37","0.4","62","3.9965870307167237","10","293","305","9.34470989761092"
"38","0.4","14","4.019685039370079","1","254","96","9.283464566929133"
"34","0.4","99","4.003225806451613","27","310","621","9.283870967741935"
"35","0.4","84","4","23","293","393","9.310580204778157"
"37","0.4","63","3.993174061433447","10","293","305","9.34470989761092"
"38","0.4","15","4.023809523809524","2","252","96","9.198412698412698"
"39","0.4","10","4","1","233","79","9.493562231759658"
"36","0.4","88","4","29","273","508","9.260073260073261"
"39","0.4","11","4","1","233","79","9.493562231759658"
"36","0.4","89","4","30","269","508","9.115241635687733"
"39","0.4","12","4","1","232","79","9.46551724137931"
"36","0.4","90","4","30","269","508","9.115241635687733"
"37","0.4","64","3.993174061433447","10","293","312","9.392491467576791"
"38","0.4","16","4.01984126984127","2","252","105","9.26984126984127"
"34","0.4","100","4.003236245954692","28","309","637","9.352750809061488"
"37","0.4","65","3.9897610921501707","10","293","312","9.392491467576791"
"38","0.4","17","4.023809523809524","2","252","105","9.26984126984127"
"34","0.4","101","4.003236245954692","28","309","637","9.352750809061488"
"37","0.4","66","3.989655172413793","10","290","312","9.310344827586206"
"38","0.4","18","4.015873015873016","2","252","105","9.26984126984127"
"35","0.4","85","3.731629392971246","24","313","407","9.201277955271566"
"34","0.4","102","4","28","309","637","9.352750809061488"
"36","0.4","91","4","30","269","534","9.308550185873607"
"39","0.4","13","3.802469135802469","1","243","101","9.497942386831276"
"35","0.4","86","4.019169329073482","24","313","407","9.201277955271566"
"36","0.4","92","4","30","268","534","9.26865671641791"
"39","0.4","14","4.0041322314049586","1","242","101","9.454545454545455"
"39","0.4","15","4.004149377593361","1","241","101","9.410788381742739"
"36","0.4","93","4","32","266","534","9.18796992481203"
"35","0.4","87","4.012861736334405","24","311","407","9.131832797427652"
"38","0.4","19","4.027888446215139","2","251","117","9.322709163346614"
"37","0.4","67","3.98961937716263","11","289","327","9.377162629757786"
"38","0.4","20","4.027888446215139","2","251","117","9.322709163346614"
"37","0.4","68","4","11","289","327","9.377162629757786"
"38","0.4","21","4.027888446215139","2","251","117","9.322709163346614"
"34","0.4","103","4","30","306","650","9.34640522875817"
"37","0.4","69","4","11","288","327","9.354166666666666"
"39","0.4","16","4.004166666666666","2","240","108","9.433333333333334"
"34","0.4","104","4","30","306","650","9.34640522875817"
"39","0.4","17","4.008333333333334","2","240","108","9.433333333333334"
"39","0.4","18","4","2","238","108","9.344537815126051"
"34","0.4","105","4","30","304","650","9.282894736842104"
"36","0.4","94","4","32","266","557","9.360902255639099"
"35","0.4","88","4.009740259740259","24","308","424","9.142857142857142"
"38","0.4","22","4.027888446215139","2","251","130","9.426294820717132"
"35","0.4","89","4.013029315960912","24","307","424","9.172638436482085"
"36","0.4","95","4","32","266","557","9.360902255639099"
"38","0.4","23","4.028","2","250","130","9.384"
"36","0.4","96","4","32","266","557","9.360902255639099"
"35","0.4","90","4.0130718954248366","24","306","424","9.143790849673202"
"38","0.4","24","4.028112449799197","2","249","130","9.349397590361447"
"39","0.4","19","4","2","238","126","9.495798319327731"
"37","0.4","70","4","12","287","343","9.428571428571429"
"39","0.4","20","4","3","236","126","9.40677966101695"
"37","0.4","71","4","12","286","343","9.391608391608392"
"39","0.4","21","4","3","235","126","9.361702127659575"
"37","0.4","72","4","12","285","343","9.35438596491228"
"34","0.4","106","4","30","303","672","9.392739273927393"
"36","0.4","97","3.8411552346570397","32","277","577","9.386281588447654"
"34","0.4","107","4","30","303","672","9.392739273927393"
"35","0.4","91","4.009868421052632","24","304","442","9.19078947368421"
"39","0.4","22","4","3","235","139","9.472340425531915"
"36","0.4","98","4.0144927536231885","32","276","577","9.347826086956522"
"34","0.4","108","4","30","303","672","9.392739273927393"
"39","0.4","23","4","3","233","139","9.381974248927039"
"38","0.4","25","3.619565217391304","3","276","136","9.094202898550725"
"35","0.4","92","4.0131578947368425","24","304","442","9.19078947368421"
"39","0.4","24","4","3","233","139","9.381974248927039"
"36","0.4","99","4.003636363636364","32","275","577","9.309090909090909"
"38","0.4","26","4.028985507246377","3","276","136","9.094202898550725"
"35","0.4","93","4.00990099009901","24","303","442","9.168316831683168"
"38","0.4","27","4.032727272727273","3","275","136","9.054545454545455"
"37","0.4","73","3.8383838383838382","12","297","357","9.400673400673401"
"37","0.4","74","3.9966101694915253","12","295","357","9.328813559322034"
"36","0.4","100","4.0036496350364965","33","274","594","9.394160583941606"
"36","0.4","101","4.003663003663004","33","273","594","9.355311355311356"
"37","0.4","75","4","13","294","357","9.29251700680272"
"39","0.4","25","3.640625","3","256","155","9.2578125"
"38","0.4","28","4.025735294117647","5","272","152","9.058823529411764"
"39","0.4","26","4","4","255","155","9.215686274509803"
"36","0.4","102","4.0036764705882355","34","272","594","9.323529411764707"
"35","0.4","94","4.013245033112582","25","302","471","9.324503311258278"
"39","0.4","27","3.9960629921259843","5","254","155","9.173228346456693"
"38","0.4","29","4.025830258302583","5","271","152","9.018450184501845"
"35","0.4","95","4.013333333333334","26","300","471","9.26"
"34","0.4","109","3.749216300940439","31","319","686","9.310344827586206"
"38","0.4","30","4.025830258302583","5","271","152","9.018450184501845"
"35","0.4","96","4.013468013468014","29","297","471","9.151515151515152"
"34","0.4","110","4.0062893081761","31","318","686","9.276729559748428"
"37","0.4","76","4","13","293","380","9.41296928327645"
"36","0.4","103","4","34","272","611","9.448529411764707"
"34","0.4","111","4.003154574132492","31","317","686","9.242902208201892"
"39","0.4","28","3.9960629921259843","5","254","162","9.228346456692913"
"37","0.4","77","4","13","290","380","9.303448275862069"
"36","0.4","104","4","34","271","611","9.409594095940959"
"39","0.4","29","4","5","254","162","9.228346456692913"
"37","0.4","78","4","13","290","380","9.303448275862069"
"36","0.4","105","4","34","270","611","9.37037037037037"
"39","0.4","30","4","7","252","162","9.142857142857142"
"38","0.4","31","4.025830258302583","5","271","176","9.195571955719558"
"38","0.4","32","4.029520295202952","5","271","176","9.195571955719558"
"36","0.4","106","4","34","269","624","9.427509293680297"
"34","0.4","112","4","32","315","712","9.33968253968254"
"38","0.4","33","4.025830258302583","5","271","176","9.195571955719558"
"36","0.4","107","4","34","269","624","9.427509293680297"
"39","0.4","31","4","7","251","180","9.298804780876495"
"37","0.4","79","4","13","289","400","9.40484429065744"
"34","0.4","113","4","33","310","712","9.180645161290322"
"39","0.4","32","4","8","250","180","9.256"
"36","0.4","108","4","34","266","624","9.31578947368421"
"37","0.4","80","4","14","288","400","9.368055555555555"
"39","0.4","33","4","8","250","180","9.256"
"34","0.4","114","4","33","309","712","9.15210355987055"
"35","0.4","97","3.832797427652733","29","311","495","9.37620578778135"
"37","0.4","81","4","15","286","400","9.293706293706293"
"35","0.4","98","4.029126213592233","29","309","495","9.307443365695793"
"39","0.4","34","4","8","250","196","9.384"
"39","0.4","35","4","8","250","196","9.384"
"39","0.4","36","4","8","250","196","9.384"
"37","0.4","82","4","16","283","428","9.378091872791519"
"36","0.4","109","3.7992831541218637","34","279","644","9.405017921146953"
"37","0.4","83","4","16","280","428","9.32857142857143"
"35","0.4","99","4.016181229773463","29","309","495","9.307443365695793"
"36","0.4","110","4","34","277","644","9.328519855595667"
"37","0.4","84","4","16","280","428","9.32857142857143"
"38","0.4","34","4.029739776951673","5","269","190","9.226765799256505"
"34","0.4","115","4","33","309","744","9.359223300970873"
"36","0.4","111","4","34","276","644","9.297101449275363"
"38","0.4","35","4.029850746268656","5","268","190","9.186567164179104"
"34","0.4","116","4","33","308","744","9.324675324675324"
"38","0.4","36","4.0299625468164795","6","267","190","9.146067415730338"
"39","0.4","37","3.6363636363636362","8","275","209","9.112727272727273"
"34","0.4","117","4","33","306","744","9.261437908496733"
"39","0.4","38","4.007352941176471","9","272","209","8.992647058823529"
"35","0.4","100","4.012987012987013","29","308","514","9.396103896103897"
"39","0.4","39","4.003690036900369","10","271","209","8.959409594095941"
"35","0.4","101","4.012987012987013","29","308","514","9.396103896103897"
"36","0.4","112","4","34","274","662","9.372262773722628"
"37","0.4","85","3.875432525951557","16","289","448","9.494809688581315"
"35","0.4","102","4.013029315960912","30","307","514","9.36156351791531"
"36","0.4","113","4","35","273","662","9.333333333333334"
"37","0.4","86","4","16","288","448","9.458333333333334"
"37","0.4","87","4","16","287","448","9.421602787456447"
"36","0.4","114","4","35","273","662","9.333333333333334"
"34","0.4","118","4","33","306","772","9.444444444444445"
"39","0.4","40","4","10","270","233","9.096296296296297"
"34","0.4","119","4","34","304","772","9.375"
"39","0.4","41","4","10","269","233","9.055762081784387"
"39","0.4","42","4","10","269","233","9.055762081784387"
"34","0.4","120","4","34","304","772","9.375"
"38","0.4","37","3.778169014084507","6","284","210","9.267605633802816"
"37","0.4","88","4","16","286","461","9.475524475524475"
"35","0.4","103","4.013029315960912","30","307","531","9.472312703583063"
"37","0.4","89","4","17","284","461","9.401408450704226"
"38","0.4","38","4.03169014084507","6","284","210","9.267605633802816"
"37","0.4","90","4","17","283","461","9.363957597173146"
"35","0.4","104","4.0130718954248366","31","306","531","9.437908496732026"
"36","0.4","115","4","35","273","679","9.457875457875458"
"38","0.4","39","4.028268551236749","6","283","210","9.265017667844523"
"39","0.4","43","4","10","269","254","9.211895910780669"
"35","0.4","105","4.0131578947368425","31","304","531","9.375"
"39","0.4","44","4","10","269","254","9.211895910780669"
"37","0.4","91","4","18","282","474","9.425531914893616"
"39","0.4","45","4","10","269","254","9.211895910780669"
"37","0.4","92","4","18","280","474","9.35"
"40","0.4","0","4.065573770491803","0","244","0","9.163934426229508"
"37","0.4","93","4","18","280","474","9.35"
"36","0.4","116","4","35","273","679","9.457875457875458"
"36","0.4","117","4","35","270","679","9.34074074074074"
"39","0.4","46","4","10","269","268","9.315985130111525"
"39","0.4","47","4","10","269","268","9.315985130111525"
"40","0.4","1","4.004115226337449","1","243","25","9.325102880658436"
"39","0.4","48","4","10","268","268","9.313432835820896"
"37","0.4","94","4","18","279","495","9.46236559139785"
"40","0.4","2","3.9588477366255144","1","243","25","9.325102880658436"
"37","0.4","95","4","18","278","495","9.424460431654676"
"40","0.4","3","3.9545454545454546","1","242","25","9.297520661157025"
"37","0.4","96","4","18","278","495","9.424460431654676"
"38","0.4","40","4.028268551236749","6","283","221","9.342756183745584"
"38","0.4","41","4.028268551236749","6","283","221","9.342756183745584"
"36","0.4","118","4","35","270","697","9.474074074074075"
"38","0.4","42","4.028268551236749","6","283","221","9.342756183745584"
"36","0.4","119","4","36","269","697","9.434944237918216"
"35","0.4","106","4.0131578947368425","31","304","552","9.513157894736842"
"39","0.4","49","3.7746478873239435","10","284","279","9.316901408450704"
"40","0.4","4","3.970954356846473","2","241","48","9.452282157676349"
"36","0.4","120","4","36","269","697","9.434944237918216"
"35","0.4","107","4.013201320132013","31","303","552","9.478547854785479"
"39","0.4","50","4.00709219858156","10","282","279","9.26241134751773"
"40","0.4","5","3.9833333333333334","2","240","48","9.408333333333333"
"35","0.4","108","4.013245033112582","31","302","552","9.443708609271523"
"39","0.4","51","4","10","280","279","9.185714285714285"
"37","0.4","97","3.741496598639456","20","294","504","9.319727891156463"
"40","0.4","6","3.995798319327731","2","238","48","9.319327731092438"
"38","0.4","43","4.028368794326241","6","282","234","9.397163120567376"
"37","0.4","98","4","20","294","504","9.319727891156463"
"38","0.4","44","4.0285714285714285","7","280","234","9.321428571428571"
"37","0.4","99","4","23","287","504","9.10801393728223"
"38","0.4","45","4.028673835125448","7","279","234","9.283154121863799"
"39","0.4","52","4","11","278","292","9.201438848920864"
"40","0.4","7","4","2","236","68","9.398305084745763"
"39","0.4","53","4","12","277","292","9.16245487364621"
"40","0.4","8","4","2","236","68","9.398305084745763"
"39","0.4","54","4","13","274","292","9.10948905109489"
"35","0.4","109","3.896103896103896","32","308","566","9.493506493506494"
"40","0.4","9","4","2","235","68","9.353191489361702"
"38","0.4","46","4.028673835125448","7","279","255","9.4336917562724"
"35","0.4","110","4.01628664495114","32","307","566","9.45928338762215"
"37","0.4","100","4","23","287","528","9.275261324041812"
"38","0.4","47","4.028673835125448","7","279","255","9.4336917562724"
"35","0.4","111","4.016447368421052","32","304","566","9.361842105263158"
"37","0.4","101","4","23","287","528","9.275261324041812"
"38","0.4","48","4.028880866425993","8","277","255","9.35740072202166"
"37","0.4","102","4","24","285","528","9.2"
"40","0.4","10","4","2","234","94","9.52991452991453"
"39","0.4","55","4","13","274","323","9.335766423357665"
"40","0.4","11","4","2","234","94","9.52991452991453"
"39","0.4","56","4","13","273","323","9.296703296703297"
"40","0.4","12","4","3","232","94","9.439655172413794"
"39","0.4","57","4","14","272","323","9.257352941176471"
"35","0.4","112","4.019736842105263","32","304","585","9.486842105263158"
"37","0.4","103","4","24","283","550","9.279151943462898"
"35","0.4","113","4.0131578947368425","32","304","585","9.486842105263158"
"37","0.4","104","4","24","283","550","9.279151943462898"
"38","0.4","49","3.8482758620689657","8","290","271","9.386206896551725"
"37","0.4","105","4","24","282","550","9.24113475177305"
"35","0.4","114","4.0131578947368425","32","304","585","9.486842105263158"
"38","0.4","50","4.031358885017422","8","287","271","9.317073170731707"
"38","0.4","51","4.02787456445993","8","287","271","9.317073170731707"
"39","0.4","58","4","14","272","347","9.433823529411764"
"40","0.4","13","3.80327868852459","3","244","114","9.51639344262295"
"39","0.4","59","4","14","271","347","9.394833948339484"
"40","0.4","14","3.9876543209876543","3","243","114","9.473251028806585"
"39","0.4","60","4","14","270","347","9.37037037037037"
"40","0.4","15","3.9958847736625516","3","243","114","9.473251028806585"
"37","0.4","106","4","24","281","567","9.338078291814947"
"35","0.4","115","4.013201320132013","32","303","594","9.511551155115512"
"38","0.4","52","4.024475524475524","9","286","283","9.363636363636363"
"37","0.4","107","4","24","281","567","9.338078291814947"
"35","0.4","116","4.013201320132013","32","303","594","9.511551155115512"
"38","0.4","53","4.028268551236749","9","283","283","9.250883392226148"
"37","0.4","108","4","24","280","567","9.3"
"40","0.4","16","4","3","242","118","9.49586776859504"
"35","0.4","117","4.013245033112582","32","302","594","9.47682119205298"
"38","0.4","54","4.024734982332156","9","283","283","9.250883392226148"
"40","0.4","17","4","3","242","118","9.49586776859504"
"40","0.4","18","4","3","242","118","9.49586776859504"
"39","0.4","61","3.800711743772242","14","281","361","9.395017793594306"
"39","0.4","62","3.99288256227758","14","281","361","9.395017793594306"
"40","0.4","19","4","3","241","122","9.485477178423237"
"35","0.4","118","4.01328903654485","32","301","612","9.561461794019934"
"39","0.4","63","4","14","281","361","9.395017793594306"
"38","0.4","55","4.028673835125448","10","279","303","9.268817204301076"
"40","0.4","20","4","4","239","122","9.397489539748953"
"35","0.4","119","4.01328903654485","32","301","612","9.561461794019934"
"38","0.4","56","4.028776978417266","11","278","303","9.237410071942445"
"40","0.4","21","4","4","239","122","9.397489539748953"
"37","0.4","109","3.6129032258064515","24","310","589","9.135483870967741"
"35","0.4","120","4.01328903654485","32","301","612","9.561461794019934"
"38","0.4","57","4.028880866425993","12","277","303","9.205776173285198"
"37","0.4","110","3.970684039087948","25","307","589","9.055374592833877"
"39","0.4","64","4","14","281","370","9.459074733096086"
"37","0.4","111","3.986970684039088","25","307","589","9.055374592833877"
"39","0.4","65","4","14","280","370","9.42142857142857"
"39","0.4","66","4","14","279","370","9.42652329749104"
"40","0.4","22","4","4","239","134","9.497907949790795"
"40","0.4","23","4","4","239","134","9.497907949790795"
"38","0.4","58","4.029090909090909","13","275","333","9.367272727272727"
"40","0.4","24","4","5","237","134","9.40928270042194"
"38","0.4","59","4.029197080291971","13","274","333","9.335766423357665"
"38","0.4","60","4.029197080291971","13","274","333","9.335766423357665"
"39","0.4","67","4","14","278","381","9.467625899280575"
"37","0.4","112","3.996742671009772","25","307","603","9.146579804560261"
"39","0.4","68","4","14","278","381","9.467625899280575"
"37","0.4","113","3.996742671009772","25","307","603","9.146579804560261"
"39","0.4","69","4","14","277","381","9.429602888086643"
"37","0.4","114","3.996732026143791","25","306","603","9.11111111111111"
"40","0.4","25","3.731225296442688","5","253","145","9.217391304347826"
"40","0.4","26","3.996031746031746","5","252","145","9.174603174603174"
"39","0.4","70","4","14","277","394","9.52346570397112"
"38","0.4","61","3.8869257950530036","14","283","361","9.448763250883392"
"37","0.4","115","3.9900662251655628","26","302","616","9.052980132450331"
"40","0.4","27","4","5","252","145","9.174603174603174"
"39","0.4","71","4","15","274","394","9.408759124087592"
"38","0.4","62","4.0213523131672595","16","281","361","9.373665480427047"
"39","0.4","72","4","16","271","394","9.321033210332104"
"37","0.4","116","3.99","27","300","616","8.98"
"37","0.4","117","3.99","27","300","616","8.98"
"38","0.4","63","4.028673835125448","18","279","361","9.297491039426523"
"40","0.4","28","4","5","252","154","9.246031746031745"
"40","0.4","29","4","5","252","154","9.246031746031745"
"40","0.4","30","4","5","252","154","9.246031746031745"
"38","0.4","64","4.025179856115108","18","278","378","9.381294964028777"
"37","0.4","118","3.99","27","300","657","9.253333333333334"
"38","0.4","65","4.028776978417266","18","278","378","9.381294964028777"
"39","0.4","73","3.7241379310344827","16","290","414","9.26896551724138"
"38","0.4","66","4.025179856115108","18","278","378","9.381294964028777"
"37","0.4","119","3.9899665551839463","27","299","657","9.217391304347826"
"39","0.4","74","4","16","288","414","9.25"
"40","0.4","31","4","5","250","166","9.312"
"37","0.4","120","3.9899665551839463","27","299","657","9.217391304347826"
"39","0.4","75","4.003472222222222","16","288","414","9.25"
"40","0.4","32","4","5","249","166","9.269076305220883"
"40","0.4","33","4","5","249","166","9.269076305220883"
"38","0.4","67","4.028776978417266","18","278","393","9.489208633093526"
"38","0.4","68","4.02536231884058","19","276","393","9.420289855072463"
"39","0.4","76","4.003484320557491","17","287","423","9.275261324041812"
"40","0.4","34","4","5","249","184","9.413654618473895"
"38","0.4","69","4.028985507246377","19","276","393","9.420289855072463"
"39","0.4","77","4.003508771929824","18","285","423","9.2"
"40","0.4","35","4","6","247","184","9.327935222672064"
"39","0.4","78","4","18","285","423","9.2"
"40","0.4","36","4","6","246","184","9.284552845528456"
"38","0.4","70","4.025547445255475","19","274","404","9.423357664233576"
"38","0.4","71","4.029304029304029","19","273","404","9.384615384615385"
"39","0.4","79","4","18","284","438","9.267605633802816"
"38","0.4","72","4.018315018315018","19","273","404","9.384615384615385"
"39","0.4","80","4","18","283","438","9.229681978798586"
"40","0.4","37","3.696969696969697","7","264","202","9.159090909090908"
"39","0.4","81","4","18","283","438","9.229681978798586"
"40","0.4","38","4.003787878787879","7","264","202","9.159090909090908"
"40","0.4","39","4.007575757575758","7","264","202","9.159090909090908"
"38","0.4","73","3.9528985507246377","19","276","423","9.615942028985508"
"40","0.4","40","4.007575757575758","7","264","212","9.234848484848484"
"39","0.4","82","4","18","283","460","9.385159010600706"
"38","0.4","74","4.018248175182482","20","274","423","9.547445255474452"
"40","0.4","41","4.011363636363637","7","264","212","9.234848484848484"
"39","0.4","83","4","18","283","460","9.385159010600706"
"38","0.4","75","4.022058823529412","20","272","423","9.470588235294118"
"40","0.4","42","4","7","263","212","9.193916349809886"
"39","0.4","84","4","20","281","460","9.316725978647687"
"38","0.4","76","4.018518518518518","22","270","436","9.488888888888889"
"40","0.4","43","4","7","263","220","9.254752851711027"
"38","0.4","77","4.026119402985074","24","268","436","9.41044776119403"
"40","0.4","44","4","8","262","220","9.213740458015268"
"38","0.4","78","4.022471910112359","24","267","436","9.378277153558052"
"40","0.4","45","4","8","261","220","9.18007662835249"
"39","0.4","85","3.7466666666666666","20","300","473","9.226666666666667"
"39","0.4","86","3.9865319865319866","21","297","473","9.117845117845118"
"39","0.4","87","3.9966329966329965","21","297","473","9.117845117845118"
"38","0.4","79","4.018796992481203","25","266","459","9.511278195488721"
"40","0.4","46","4","8","259","229","9.166023166023166"
"38","0.4","80","4.022556390977444","25","266","459","9.511278195488721"
"40","0.4","47","4","9","257","229","9.081712062256809"
"38","0.4","81","4.026315789473684","25","266","459","9.511278195488721"
"40","0.4","48","4","10","255","229","8.996078431372549"
"39","0.4","88","3.993220338983051","21","295","489","9.220338983050848"
"39","0.4","89","4","21","294","489","9.197278911564625"
"38","0.4","82","4.018796992481203","25","266","470","9.593984962406015"
"39","0.4","90","4","21","291","489","9.099656357388316"
"38","0.4","83","4.022641509433963","26","265","470","9.554716981132076"
"38","0.4","84","4.026515151515151","26","264","470","9.568181818181818"
"40","0.4","49","3.681159420289855","10","276","256","9.166666666666666"
"39","0.4","91","4","21","290","518","9.275862068965518"
"40","0.4","50","4.0144927536231885","10","276","256","9.166666666666666"
"39","0.4","92","4","22","289","518","9.238754325259515"
"38","0.4","85","3.802158273381295","27","278","483","9.446043165467627"
"40","0.4","51","4","10","274","256","9.087591240875913"
"39","0.4","93","4","23","287","518","9.16376306620209"
"38","0.4","86","4.025179856115108","27","278","483","9.446043165467627"
"38","0.4","87","4.018115942028985","28","276","483","9.369565217391305"
"40","0.4","52","4","10","273","279","9.216117216117215"
"39","0.4","94","4","23","284","545","9.23943661971831"
"38","0.4","88","4.021739130434782","28","276","494","9.44927536231884"
"40","0.4","53","4","10","271","279","9.136531365313653"
"39","0.4","95","4","23","283","545","9.201413427561837"
"38","0.4","89","4.018115942028985","28","276","494","9.44927536231884"
"40","0.4","54","4","10","270","279","9.096296296296297"
"39","0.4","96","4","23","282","545","9.170212765957446"
"38","0.4","90","4.014652014652015","29","273","494","9.333333333333334"
"38","0.4","91","4.021978021978022","29","273","510","9.45054945054945"
"40","0.4","55","4","10","269","303","9.263940520446097"
"38","0.4","92","4.018382352941177","29","272","510","9.411764705882353"
"40","0.4","56","4","10","266","303","9.157894736842104"
"38","0.4","93","4.025830258302583","29","271","510","9.37269372693727"
"40","0.4","57","4","10","265","303","9.116981132075471"
"39","0.4","97","3.902439024390244","24","287","572","9.470383275261325"
"39","0.4","98","4.003484320557491","24","287","572","9.470383275261325"
"38","0.4","94","4.022304832713755","29","269","523","9.390334572490707"
"39","0.4","99","4","24","286","572","9.433566433566433"
"38","0.4","95","4.026119402985074","29","268","523","9.350746268656716"
"38","0.4","96","4.022388059701493","29","268","523","9.350746268656716"
"40","0.4","58","4","11","263","323","9.193916349809886"
"40","0.4","59","4","11","263","323","9.193916349809886"
"40","0.4","60","4","11","262","323","9.15267175572519"
"39","0.4","100","4","24","284","577","9.394366197183098"
"39","0.4","101","4","24","283","577","9.356890459363958"
"39","0.4","102","4","25","282","577","9.319148936170214"
"38","0.4","97","3.7809187279151946","29","283","538","9.335689045936396"
"38","0.4","98","4.01418439716312","30","282","538","9.297872340425531"
"38","0.4","99","4.014285714285714","31","280","538","9.221428571428572"
"40","0.4","61","3.810909090909091","11","275","354","9.381818181818181"
"40","0.4","62","3.9927272727272727","11","275","354","9.381818181818181"
"40","0.4","63","3.9963503649635035","11","274","354","9.343065693430656"
"39","0.4","103","4","26","280","602","9.42142857142857"
"38","0.4","100","4.014285714285714","31","280","555","9.342857142857143"
"39","0.4","104","4","26","280","602","9.42142857142857"
"38","0.4","101","4.014336917562724","31","279","555","9.311827956989248"
"39","0.4","105","4","27","277","602","9.321299638989169"
"38","0.4","102","4.014336917562724","31","279","555","9.311827956989248"
"40","0.4","64","3.989010989010989","12","273","365","9.384615384615385"
"40","0.4","65","3.989010989010989","12","273","365","9.384615384615385"
"40","0.4","66","3.989010989010989","12","273","365","9.384615384615385"
"38","0.4","103","4.014440433212997","32","277","571","9.350180505415162"
"39","0.4","106","4","28","274","632","9.430656934306569"
"38","0.4","104","4.0144927536231885","32","276","571","9.318840579710145"
"39","0.4","107","4","28","273","632","9.391941391941392"
"38","0.4","105","4.014598540145985","33","274","571","9.24087591240876"
"39","0.4","108","4","28","270","632","9.281481481481482"
"40","0.4","67","3.989010989010989","12","273","375","9.457875457875458"
"40","0.4","68","3.989010989010989","12","273","375","9.457875457875458"
"40","0.4","69","3.989010989010989","12","273","375","9.457875457875458"
"38","0.4","106","4.014598540145985","33","274","597","9.430656934306569"
"38","0.4","107","4.014598540145985","33","274","597","9.430656934306569"
"38","0.4","108","4.014652014652015","34","273","597","9.391941391941392"
"40","0.4","70","3.988970588235294","12","272","380","9.455882352941176"
"39","0.4","109","3.870503597122302","29","278","668","9.546762589928058"
"40","0.4","71","3.9926470588235294","12","272","380","9.455882352941176"
"39","0.4","110","4.0215827338129495","29","278","668","9.546762589928058"
"40","0.4","72","4","12","270","380","9.385185185185184"
"39","0.4","111","4","30","277","668","9.509025270758123"
"39","0.4","112","4","30","277","678","9.581227436823104"
"38","0.4","109","3.74061433447099","34","293","611","9.20136518771331"
"39","0.4","113","4","30","276","678","9.543478260869565"
"38","0.4","110","4.006872852233677","34","291","611","9.154639175257731"
"39","0.4","114","4","31","275","678","9.505454545454546"
"38","0.4","111","4.010344827586207","34","290","611","9.117241379310345"
"40","0.4","73","3.6610169491525424","12","295","393","9.193220338983052"
"40","0.4","74","4.006802721088436","12","294","393","9.204081632653061"
"39","0.4","115","4","31","275","683","9.541818181818181"
"40","0.4","75","3.993150684931507","13","292","393","9.13013698630137"
"39","0.4","116","4","31","275","683","9.541818181818181"
"38","0.4","112","4.017361111111111","34","288","624","9.131944444444445"
"39","0.4","117","4","31","273","683","9.47985347985348"
"38","0.4","113","4.013937282229965","34","287","624","9.101045296167248"
"38","0.4","114","4.013986013986014","35","286","624","9.06993006993007"
"40","0.4","76","4","13","291","406","9.25085910652921"
"39","0.4","118","4","33","271","700","9.527675276752767"
"39","0.4","119","4","34","270","700","9.488888888888889"
"40","0.4","77","4","13","291","406","9.25085910652921"
"39","0.4","120","4","35","268","700","9.417910447761194"
"40","0.4","78","4","13","291","406","9.25085910652921"
"38","0.4","115","4.014035087719298","36","285","645","9.178947368421053"
"38","0.4","116","4.014084507042254","36","284","645","9.140845070422536"
"38","0.4","117","4.014084507042254","36","284","645","9.140845070422536"
"40","0.4","79","4","13","291","422","9.360824742268042"
"40","0.4","80","4","13","291","422","9.360824742268042"
"40","0.4","81","4","13","289","422","9.28719723183391"
"38","0.4","118","4.014084507042254","36","284","673","9.338028169014084"
"38","0.4","119","4.014134275618375","36","283","673","9.30035335689046"
"38","0.4","120","4.014134275618375","36","283","673","9.30035335689046"
"40","0.4","82","4","13","289","430","9.342560553633218"
"40","0.4","83","4","13","288","430","9.305555555555555"
"40","0.4","84","4","13","288","430","9.305555555555555"
"40","0.4","85","3.8518518518518516","14","297","445","9.373737373737374"
"40","0.4","86","3.993265993265993","14","297","445","9.373737373737374"
"40","0.4","87","3.9966329966329965","14","297","445","9.373737373737374"
"40","0.4","88","4","15","295","455","9.36949152542373"
"40","0.4","89","4","16","292","455","9.267123287671232"
"40","0.4","90","4","17","290","455","9.193103448275862"
"40","0.4","91","4","17","289","479","9.321799307958477"
"40","0.4","92","4","17","289","479","9.321799307958477"
"40","0.4","93","4","17","289","479","9.321799307958477"
"40","0.4","94","4","18","288","497","9.409722222222221"
"40","0.4","95","4","19","287","497","9.372822299651569"
"40","0.4","96","4","19","286","497","9.356643356643357"
"40","0.4","97","3.6549520766773163","19","313","514","9.201277955271566"
"40","0.4","98","4.006389776357827","19","313","514","9.201277955271566"
"40","0.4","99","4.006389776357827","19","313","514","9.201277955271566"
"40","0.4","100","4.006389776357827","19","313","519","9.233226837060704"
"40","0.4","101","4.003205128205129","19","312","519","9.256410256410257"
"40","0.4","102","4.003215434083601","19","311","519","9.221864951768488"
"40","0.4","103","4.003225806451613","19","310","529","9.251612903225807"
"40","0.4","104","4.003236245954692","19","309","529","9.223300970873787"
"40","0.4","105","4.003257328990228","19","307","529","9.153094462540716"
"40","0.4","106","4.003267973856209","19","306","552","9.267973856209151"
"40","0.4","107","4","19","306","552","9.267973856209151"
"40","0.4","108","4","19","304","552","9.203947368421053"
"40","0.4","109","3.7881619937694704","19","321","567","9.29595015576324"
"40","0.4","110","4.018691588785047","19","321","567","9.29595015576324"
"40","0.4","111","4","20","320","567","9.2625"
"40","0.4","112","4","21","319","576","9.285266457680251"
"40","0.4","113","4","22","318","576","9.251572327044025"
"40","0.4","114","4","22","317","576","9.217665615141955"
"40","0.4","115","4","22","316","596","9.310126582278482"
"40","0.4","116","4","22","313","596","9.21405750798722"
"40","0.4","117","4","22","312","596","9.179487179487179"
"40","0.4","118","4","22","312","626","9.371794871794872"
"40","0.4","119","4","22","312","626","9.371794871794872"
"40","0.4","120","4","22","311","626","9.337620578778136"
