"BehaviorSpace results (NetLogo 7.0.2)","Table version 2.0"
"CVD_Risk_Behaviour_1.nlogox"
"wh_sweep"
"07/24/2026 01:58:07:708 +0530"
"min-pxcor","max-pxcor","min-pycor","max-pycor"
"-16","16","-16","16"
"[run number]","influence_weight_household","[step]","report-mean-risk","death-count","count people","rewiring-events","report-mean-friends"
"2","0","0","3.99581589958159","0","239","0","9.263598326359833"
"3","0","0","3.9066666666666667","0","225","0","9.137777777777778"
"4","0","0","4.024489795918368","0","245","0","9.151020408163266"
"1","0","0","3.8558951965065504","0","229","0","9.187772925764191"
"6","0","0","3.9957805907172994","0","237","0","9.130801687763713"
"5","0","0","4.067796610169491","0","236","0","9.254237288135593"
"3","0","1","3.9955555555555557","0","225","20","9.315555555555555"
"2","0","1","4.004201680672269","0","238","29","9.504201680672269"
"3","0","2","4","0","224","20","9.267857142857142"
"4","0","1","3.9958847736625516","0","243","30","9.308641975308642"
"2","0","2","4","0","237","29","9.459915611814345"
"3","0","3","4","0","223","20","9.219730941704036"
"4","0","2","4","0","242","30","9.28099173553719"
"2","0","3","4","0","237","29","9.459915611814345"
"1","0","1","4.0174672489082965","0","229","24","9.397379912663755"
"1","0","2","4","0","229","24","9.397379912663755"
"4","0","3","4","0","242","30","9.28099173553719"
"6","0","1","4.025316455696203","0","237","25","9.341772151898734"
"5","0","1","4.021367521367521","0","234","22","9.350427350427351"
"1","0","3","4","0","229","24","9.397379912663755"
"6","0","2","4","0","235","25","9.27659574468085"
"3","0","4","4","0","223","44","9.434977578475337"
"2","0","4","4","0","237","42","9.569620253164556"
"5","0","2","4","0","234","22","9.350427350427351"
"3","0","5","4","1","221","44","9.357466063348417"
"2","0","5","4","0","237","42","9.569620253164556"
"3","0","6","4","2","218","44","9.220183486238533"
"2","0","6","4","0","236","42","9.525423728813559"
"5","0","3","4","0","233","22","9.313304721030043"
"6","0","3","4","0","235","25","9.27659574468085"
"4","0","4","4","0","242","58","9.512396694214877"
"4","0","5","4","0","240","58","9.433333333333334"
"4","0","6","4","1","239","58","9.389121338912133"
"2","0","7","4","0","235","58","9.617021276595745"
"3","0","7","4","2","218","71","9.46788990825688"
"3","0","8","4","2","218","71","9.46788990825688"
"1","0","4","4","0","229","40","9.537117903930131"
"2","0","8","4","0","235","58","9.617021276595745"
"4","0","7","4","1","239","84","9.606694560669457"
"6","0","4","4","0","234","53","9.47008547008547"
"3","0","9","4","2","217","71","9.419354838709678"
"1","0","5","4","0","229","40","9.537117903930131"
"5","0","4","4","0","233","44","9.50214592274678"
"2","0","9","4","0","234","58","9.572649572649572"
"4","0","8","4","1","238","84","9.588235294117647"
"1","0","6","4","0","229","40","9.537117903930131"
"6","0","5","4","0","233","53","9.42489270386266"
"5","0","5","4","0","233","44","9.50214592274678"
"5","0","6","4","1","232","44","9.456896551724139"
"4","0","9","4","1","237","84","9.544303797468354"
"6","0","6","4","0","233","53","9.42489270386266"
"2","0","10","4","0","233","69","9.622317596566523"
"3","0","10","4","2","216","90","9.546296296296296"
"2","0","11","4","0","233","69","9.622317596566523"
"1","0","7","4","0","229","47","9.59825327510917"
"3","0","11","4","2","216","90","9.546296296296296"
"4","0","10","4","1","235","96","9.565957446808511"
"2","0","12","4","0","231","69","9.532467532467532"
"1","0","8","4","0","228","47","9.552631578947368"
"3","0","12","4","3","214","90","9.457943925233645"
"6","0","7","4","0","233","72","9.587982832618026"
"4","0","11","4","1","234","96","9.521367521367521"
"5","0","7","4","1","232","62","9.612068965517242"
"1","0","9","4","0","227","47","9.506607929515418"
"4","0","12","4","1","234","96","9.521367521367521"
"6","0","8","4","0","232","72","9.543103448275861"
"5","0","8","4","1","232","62","9.612068965517242"
"6","0","9","4","0","232","72","9.543103448275861"
"5","0","9","4","1","231","62","9.567099567099566"
"1","0","10","4","0","227","61","9.629955947136564"
"2","0","13","3.6363636363636362","0","253","76","9.193675889328063"
"2","0","14","4.011904761904762","1","252","76","9.15079365079365"
"3","0","13","3.705627705627706","3","231","104","9.281385281385282"
"1","0","11","4","1","226","61","9.584070796460177"
"4","0","13","3.8833333333333333","2","240","115","9.616666666666667"
"2","0","15","3.996","1","250","76","9.128"
"3","0","14","3.9869565217391303","3","230","104","9.234782608695653"
"4","0","14","4","2","240","115","9.616666666666667"
"6","0","10","4","0","231","81","9.575757575757576"
"1","0","12","4","1","225","61","9.537777777777778"
"3","0","15","3.986784140969163","3","227","104","9.110132158590309"
"5","0","10","4","1","231","73","9.662337662337663"
"4","0","15","4","2","240","115","9.616666666666667"
"6","0","11","4","0","231","81","9.575757575757576"
"5","0","11","4","1","231","73","9.662337662337663"
"6","0","12","4","0","231","81","9.575757575757576"
"2","0","16","4.004048582995951","1","247","86","9.125506072874494"
"5","0","12","4","2","228","73","9.535087719298245"
"3","0","16","3.9867256637168142","4","226","131","9.300884955752212"
"2","0","17","4.004048582995951","1","247","86","9.125506072874494"
"4","0","16","4","3","239","119","9.606694560669457"
"3","0","17","4","4","226","131","9.300884955752212"
"2","0","18","4.004048582995951","1","247","86","9.125506072874494"
"1","0","13","3.6872427983539096","1","243","72","9.34156378600823"
"3","0","18","4","5","224","131","9.205357142857142"
"4","0","17","4","3","238","119","9.563025210084033"
"4","0","18","4","4","237","119","9.518987341772151"
"1","0","14","3.9958847736625516","1","243","72","9.34156378600823"
"1","0","15","3.9958677685950414","2","242","72","9.297520661157025"
"2","0","19","4.004048582995951","1","247","102","9.255060728744938"
"6","0","13","3.595330739299611","0","257","90","9.17509727626459"
"5","0","13","3.8974358974358974","2","234","87","9.666666666666666"
"4","0","19","4","4","237","128","9.594936708860759"
"3","0","19","4","5","224","147","9.348214285714286"
"2","0","20","4.004048582995951","1","247","102","9.255060728744938"
"3","0","20","4","5","224","147","9.348214285714286"
"6","0","14","3.9844357976653697","0","257","90","9.17509727626459"
"2","0","21","4.004048582995951","1","247","102","9.255060728744938"
"3","0","21","4","5","224","147","9.348214285714286"
"4","0","20","4","4","237","128","9.594936708860759"
"5","0","14","3.9913793103448274","2","232","87","9.577586206896552"
"1","0","16","3.9958677685950414","2","242","84","9.396694214876034"
"4","0","21","4","4","236","128","9.55084745762712"
"6","0","15","3.988235294117647","1","255","90","9.090196078431372"
"5","0","15","4","3","231","87","9.532467532467532"
"3","0","22","4","5","224","156","9.428571428571429"
"1","0","17","3.9958677685950414","2","242","84","9.396694214876034"
"2","0","22","4.004065040650406","1","246","114","9.308943089430894"
"3","0","23","4","5","224","156","9.428571428571429"
"1","0","18","3.995850622406639","2","241","84","9.352697095435685"
"3","0","24","4","5","224","156","9.428571428571429"
"4","0","22","4","4","235","135","9.565957446808511"
"2","0","23","4.004065040650406","1","246","114","9.308943089430894"
"4","0","23","4","4","234","135","9.52991452991453"
"6","0","16","4.00398406374502","1","251","102","9.01195219123506"
"2","0","24","4.004065040650406","1","246","114","9.308943089430894"
"5","0","16","4","3","231","97","9.619047619047619"
"4","0","24","4","4","231","135","9.402597402597403"
"6","0","17","4.00398406374502","1","251","102","9.01195219123506"
"5","0","17","4","3","231","97","9.619047619047619"
"1","0","19","3.995850622406639","2","241","91","9.410788381742739"
"6","0","18","4.004032258064516","3","248","102","8.89516129032258"
"5","0","18","4","3","231","97","9.619047619047619"
"3","0","25","3.6872427983539096","5","243","161","9.201646090534979"
"1","0","20","3.99581589958159","2","239","91","9.322175732217573"
"3","0","26","4.008264462809917","5","242","161","9.15702479338843"
"1","0","21","3.99581589958159","2","239","91","9.322175732217573"
"3","0","27","4.012396694214876","5","242","161","9.15702479338843"
"4","0","25","3.68","4","250","158","9.296"
"5","0","19","4","3","230","105","9.643478260869566"
"3","0","28","4.012396694214876","5","242","167","9.206611570247935"
"2","0","25","3.646840148698885","1","269","124","9.159851301115241"
"4","0","26","4.004016064257028","4","249","158","9.25301204819277"
"1","0","22","3.995798319327731","2","238","102","9.428571428571429"
"3","0","29","4.0125","5","240","167","9.116666666666667"
"2","0","26","3.9888059701492535","1","268","124","9.119402985074627"
"4","0","27","4","4","248","158","9.209677419354838"
"3","0","30","4.01255230125523","5","239","167","9.07112970711297"
"5","0","20","4","3","230","105","9.643478260869566"
"2","0","27","3.992481203007519","2","266","124","9.037593984962406"
"1","0","23","3.995798319327731","2","238","102","9.428571428571429"
"5","0","21","4","3","230","105","9.643478260869566"
"6","0","19","4.004048582995951","3","247","136","9.125506072874494"
"1","0","24","3.995798319327731","2","238","102","9.428571428571429"
"6","0","20","4.004048582995951","3","247","136","9.125506072874494"
"3","0","31","4.01255230125523","5","239","182","9.196652719665272"
"4","0","28","4","5","246","169","9.211382113821138"
"4","0","29","4","5","245","169","9.16734693877551"
"3","0","32","4.012605042016807","5","238","182","9.193277310924369"
"3","0","33","4.012658227848101","5","237","182","9.147679324894515"
"6","0","21","4.004048582995951","3","247","136","9.125506072874494"
"4","0","30","4","5","244","169","9.188524590163935"
"2","0","28","3.9924528301886792","2","265","141","9.162264150943397"
"5","0","22","4","3","230","111","9.695652173913043"
"1","0","25","3.742063492063492","2","252","109","9.23015873015873"
"2","0","29","3.992424242424242","2","264","141","9.128787878787879"
"5","0","23","4","3","229","111","9.65065502183406"
"2","0","30","3.9923954372623576","2","263","141","9.087452471482889"
"4","0","31","4","7","241","184","9.178423236514522"
"5","0","24","4","3","229","111","9.65065502183406"
"1","0","26","4","2","252","109","9.23015873015873"
"3","0","34","4.012765957446809","5","235","197","9.217021276595744"
"4","0","32","4","8","239","184","9.154811715481172"
"3","0","35","4.012765957446809","5","235","197","9.217021276595744"
"1","0","27","4","2","251","109","9.187250996015937"
"4","0","33","4","8","239","184","9.154811715481172"
"6","0","22","4.004065040650406","3","246","152","9.211382113821138"
"3","0","36","4.012875536480687","5","233","197","9.124463519313304"
"6","0","23","4.004081632653061","3","245","152","9.16734693877551"
"2","0","31","3.9923664122137406","3","262","154","9.145038167938932"
"5","0","25","3.592156862745098","3","255","117","9.113725490196078"
"2","0","32","3.992337164750958","3","261","154","9.10344827586207"
"6","0","24","4.004098360655738","3","244","152","9.12295081967213"
"1","0","28","4","2","251","119","9.266932270916335"
"4","0","34","4","8","238","204","9.277310924369749"
"2","0","33","3.992337164750958","3","261","154","9.10344827586207"
"5","0","26","4.019607843137255","3","255","117","9.113725490196078"
"1","0","29","4","2","250","119","9.224"
"4","0","35","4","8","236","204","9.186440677966102"
"5","0","27","4.011764705882353","3","255","117","9.113725490196078"
"1","0","30","4","2","250","119","9.224"
"4","0","36","4","9","235","204","9.157446808510638"
"3","0","37","3.8155737704918034","5","244","215","9.352459016393443"
"3","0","38","4","6","243","215","9.308641975308642"
"3","0","39","4","6","241","215","9.261410788381744"
"2","0","34","3.992337164750958","3","261","181","9.310344827586206"
"1","0","31","4","2","249","133","9.293172690763052"
"4","0","37","3.9327731092436973","10","238","231","9.495798319327731"
"5","0","28","4.003921568627451","3","255","124","9.168627450980392"
"2","0","35","3.992337164750958","3","261","181","9.310344827586206"
"1","0","32","4","2","249","133","9.293172690763052"
"5","0","29","4","3","254","124","9.125984251968504"
"4","0","38","4","10","238","231","9.495798319327731"
"6","0","25","3.726923076923077","3","260","174","9.123076923076923"
"2","0","36","3.9923076923076923","3","260","181","9.26923076923077"
"4","0","39","4","10","237","231","9.451476793248945"
"3","0","40","4","6","239","233","9.322175732217573"
"1","0","33","4","3","248","133","9.25"
"5","0","30","4","3","252","124","9.047619047619047"
"3","0","41","4","6","237","233","9.232067510548523"
"6","0","26","4.0115384615384615","3","260","174","9.123076923076923"
"3","0","42","4","6","236","233","9.186440677966102"
"4","0","40","4","10","237","237","9.50210970464135"
"6","0","27","4","3","259","174","9.08108108108108"
"4","0","41","4","11","236","237","9.457627118644067"
"5","0","31","4","3","251","138","9.115537848605578"
"4","0","42","4","11","235","237","9.412765957446808"
"3","0","43","4","6","235","254","9.327659574468084"
"1","0","34","4","3","248","149","9.379032258064516"
"5","0","32","4.008","4","250","138","9.072"
"2","0","37","3.746376811594203","4","276","196","9.282608695652174"
"3","0","44","4","6","235","254","9.327659574468084"
"1","0","35","4","3","248","149","9.379032258064516"
"6","0","28","4","3","257","189","9.11284046692607"
"2","0","38","3.996376811594203","4","276","196","9.282608695652174"
"5","0","33","4.008064516129032","5","248","138","8.983870967741936"
"3","0","45","4","6","234","254","9.282051282051283"
"4","0","43","4","11","235","251","9.53191489361702"
"2","0","39","4","5","274","196","9.211678832116789"
"1","0","36","4","3","247","149","9.34412955465587"
"6","0","29","4","5","255","189","9.035294117647059"
"4","0","44","4","12","234","251","9.487179487179487"
"6","0","30","4","6","253","189","8.948616600790514"
"4","0","45","4","12","234","251","9.487179487179487"
"3","0","46","4","6","234","268","9.401709401709402"
"3","0","47","4","7","233","268","9.356223175965665"
"2","0","40","4","5","274","209","9.306569343065693"
"3","0","48","4","7","233","268","9.356223175965665"
"5","0","34","4.008064516129032","5","248","158","9.14516129032258"
"4","0","46","4","13","233","258","9.50214592274678"
"1","0","37","3.742424242424242","3","264","160","9.234848484848484"
"4","0","47","4","13","233","258","9.50214592274678"
"6","0","31","4","6","253","223","9.217391304347826"
"2","0","41","4","5","274","209","9.306569343065693"
"5","0","35","4","6","246","158","9.065040650406504"
"4","0","48","4","13","233","258","9.50214592274678"
"6","0","32","4","6","253","223","9.217391304347826"
"1","0","38","4.003787878787879","3","264","160","9.234848484848484"
"2","0","42","4","5","273","209","9.282051282051283"
"5","0","36","4","6","246","158","9.065040650406504"
"6","0","33","4","6","253","223","9.217391304347826"
"1","0","39","3.9923954372623576","3","263","160","9.193916349809886"
"3","0","49","3.5267175572519083","7","262","288","9.068702290076336"
"3","0","50","3.99618320610687","7","262","288","9.068702290076336"
"4","0","49","3.834710743801653","13","242","271","9.462809917355372"
"3","0","51","3.9846743295019156","7","261","288","9.026819923371647"
"4","0","50","4.0125","13","240","271","9.375"
"1","0","40","3.99618320610687","3","262","170","9.229007633587786"
"2","0","43","4","6","270","224","9.274074074074074"
"4","0","51","4","13","240","271","9.375"
"1","0","41","3.99618320610687","3","262","170","9.229007633587786"
"6","0","34","4","7","251","243","9.290836653386455"
"2","0","44","4","6","269","224","9.234200743494425"
"5","0","37","3.798449612403101","7","258","179","9.209302325581396"
"3","0","52","3.9845559845559846","8","259","303","9.057915057915057"
"1","0","42","3.99618320610687","3","262","170","9.229007633587786"
"6","0","35","4","7","250","243","9.248"
"2","0","45","4","6","268","224","9.201492537313433"
"4","0","52","4","13","240","281","9.458333333333334"
"5","0","38","4.007843137254902","8","255","179","9.08235294117647"
"3","0","53","3.9844961240310077","8","258","303","9.015503875968992"
"6","0","36","4","7","249","243","9.204819277108435"
"4","0","53","4","13","236","281","9.279661016949152"
"3","0","54","3.9844961240310077","8","258","303","9.015503875968992"
"5","0","39","4.003921568627451","8","255","179","9.08235294117647"
"4","0","54","4","14","234","281","9.196581196581196"
"2","0","46","4","6","267","248","9.340823970037453"
"1","0","43","3.99618320610687","3","262","179","9.297709923664122"
"3","0","55","3.992217898832685","8","257","316","9.151750972762645"
"4","0","55","4","14","234","306","9.41025641025641"
"1","0","44","3.99618320610687","3","262","179","9.297709923664122"
"2","0","47","4","6","267","248","9.340823970037453"
"3","0","56","3.992217898832685","8","257","316","9.151750972762645"
"4","0","56","4","16","232","306","9.336206896551724"
"3","0","57","3.992217898832685","8","257","316","9.151750972762645"
"1","0","45","3.99618320610687","3","262","179","9.297709923664122"
"2","0","48","4","6","267","248","9.340823970037453"
"5","0","40","4.003937007874016","8","254","203","9.228346456692913"
"4","0","57","4","16","232","306","9.336206896551724"
"5","0","41","4","9","253","203","9.185770750988143"
"6","0","37","3.6752767527675276","7","271","257","9.158671586715867"
"4","0","58","4","16","230","322","9.391304347826088"
"3","0","58","3.992217898832685","8","257","331","9.268482490272374"
"1","0","46","3.996168582375479","3","261","189","9.340996168582375"
"5","0","42","4","9","253","203","9.185770750988143"
"4","0","59","4","16","230","322","9.391304347826088"
"6","0","38","4","7","269","257","9.130111524163569"
"3","0","59","3.992217898832685","8","257","331","9.268482490272374"
"4","0","60","4","16","230","322","9.391304347826088"
"3","0","60","3.992156862745098","8","255","331","9.184313725490195"
"1","0","47","3.996168582375479","3","261","189","9.340996168582375"
"6","0","39","4","7","267","257","9.0561797752809"
"2","0","49","3.6783216783216783","7","286","263","9.237762237762238"
"1","0","48","3.996138996138996","3","259","189","9.258687258687258"
"2","0","50","4.006993006993007","7","286","263","9.237762237762238"
"4","0","61","3.865546218487395","16","238","333","9.420168067226891"
"2","0","51","4","7","284","263","9.161971830985916"
"4","0","62","4","16","237","333","9.375527426160337"
"4","0","63","4","16","237","333","9.375527426160337"
"3","0","61","3.797752808988764","8","267","345","9.228464419475655"
"5","0","43","4","9","253","219","9.312252964426877"
"6","0","40","4","7","265","282","9.162264150943397"
"5","0","44","4","10","250","219","9.184"
"3","0","62","4.007518796992481","8","266","345","9.18796992481203"
"4","0","64","4","17","236","339","9.38135593220339"
"5","0","45","4","11","249","219","9.140562248995984"
"3","0","63","4.007547169811321","9","265","345","9.147169811320754"
"6","0","41","4","7","265","282","9.162264150943397"
"4","0","65","4","18","234","339","9.290598290598291"
"2","0","52","4","7","284","279","9.274647887323944"
"4","0","66","4","19","233","339","9.244635193133048"
"1","0","49","3.8051470588235294","3","272","209","9.316176470588236"
"6","0","42","4","8","262","282","9.053435114503817"
"2","0","53","4","7","284","279","9.274647887323944"
"3","0","64","4.007575757575758","9","264","360","9.219696969696969"
"1","0","50","3.985239852398524","3","271","209","9.276752767527675"
"2","0","54","4","7","284","279","9.274647887323944"
"4","0","67","4","19","233","359","9.416309012875537"
"4","0","68","4","19","233","359","9.416309012875537"
"3","0","65","4.007604562737643","9","263","360","9.186311787072244"
"1","0","51","3.9925925925925925","3","270","209","9.237037037037037"
"3","0","66","4.007604562737643","9","263","360","9.186311787072244"
"4","0","69","4","20","232","359","9.379310344827585"
"5","0","46","4","11","248","244","9.298387096774194"
"2","0","55","4","8","283","292","9.328621908127209"
"5","0","47","4","11","248","244","9.298387096774194"
"4","0","70","4","21","231","372","9.445887445887445"
"2","0","56","4","8","282","292","9.290780141843971"
"6","0","43","4","8","260","307","9.161538461538461"
"4","0","71","4","22","229","372","9.353711790393014"
"1","0","52","3.992565055762082","4","269","220","9.278810408921933"
"2","0","57","4","9","280","292","9.221428571428572"
"3","0","67","4.00763358778626","9","262","374","9.251908396946565"
"5","0","48","4","11","246","244","9.252032520325203"
"4","0","72","4","22","229","372","9.353711790393014"
"1","0","53","3.992565055762082","4","269","220","9.278810408921933"
"3","0","68","4","9","260","374","9.176923076923076"
"6","0","44","4","8","256","307","9.0390625"
"1","0","54","3.9925373134328357","4","268","220","9.246268656716419"
"3","0","69","4","10","259","374","9.135135135135135"
"6","0","45","4","8","256","307","9.0390625"
"2","0","58","4","10","277","314","9.277978339350181"
"4","0","73","3.6626506024096384","23","249","389","9.269076305220883"
"3","0","70","4","10","258","390","9.224806201550388"
"2","0","59","4","10","276","314","9.23913043478261"
"4","0","74","3.9959514170040484","23","247","389","9.182186234817813"
"1","0","55","3.9925373134328357","4","268","238","9.380597014925373"
"3","0","71","4","11","256","390","9.140625"
"4","0","75","3.9959514170040484","23","247","389","9.182186234817813"
"2","0","60","4","12","273","314","9.142857142857142"
"5","0","49","3.741444866920152","11","263","260","9.262357414448669"
"1","0","56","3.9924528301886792","6","265","238","9.260377358490565"
"6","0","46","4","8","254","339","9.204724409448819"
"3","0","72","4","11","254","390","9.05511811023622"
"5","0","50","3.9885496183206106","11","262","260","9.221374045801527"
"5","0","51","3.9885496183206106","11","262","260","9.221374045801527"
"1","0","57","3.9923954372623576","6","263","238","9.186311787072244"
"4","0","76","3.9959349593495936","23","246","397","9.203252032520325"
"6","0","47","4","8","253","339","9.1699604743083"
"6","0","48","4","8","252","339","9.126984126984127"
"4","0","77","4","23","246","397","9.203252032520325"
"4","0","78","4","23","246","397","9.203252032520325"
"3","0","73","3.6142857142857143","11","280","427","9.107142857142858"
"5","0","52","3.9884615384615385","11","260","269","9.207692307692307"
"2","0","61","3.7517241379310344","12","290","342","9.282758620689656"
"3","0","74","4.003571428571429","11","280","427","9.107142857142858"
"5","0","53","3.988416988416988","11","259","269","9.181467181467182"
"4","0","79","4","23","246","408","9.292682926829269"
"2","0","62","4","12","289","342","9.259515570934257"
"1","0","58","3.9923076923076923","6","260","259","9.23076923076923"
"3","0","75","4.003584229390681","12","279","427","9.068100358422939"
"4","0","80","4","24","245","408","9.248979591836735"
"5","0","54","3.988372093023256","11","258","269","9.13953488372093"
"2","0","63","4","12","289","342","9.259515570934257"
"1","0","59","3.992217898832685","7","257","259","9.105058365758754"
"4","0","81","4","24","245","408","9.248979591836735"
"1","0","60","3.9921875","7","256","259","9.0703125"
"6","0","49","3.788679245283019","9","265","372","9.358490566037736"
"3","0","76","4","12","279","445","9.197132616487455"
"4","0","82","4","25","243","424","9.292181069958847"
"2","0","64","4","12","289","346","9.28719723183391"
"6","0","50","3.9962264150943394","9","265","372","9.358490566037736"
"3","0","77","4","13","278","445","9.158273381294965"
"4","0","83","4","25","241","424","9.21161825726141"
"2","0","65","4","12","289","346","9.28719723183391"
"3","0","78","4","13","278","445","9.158273381294965"
"4","0","84","4","26","239","424","9.129707112970712"
"2","0","66","4","12","287","346","9.254355400696864"
"6","0","51","4","10","264","372","9.318181818181818"
"5","0","55","3.98828125","11","256","294","9.25"
"5","0","56","3.9881422924901186","11","253","294","9.17786561264822"
"3","0","79","4","14","277","462","9.24187725631769"
"5","0","57","3.9881422924901186","11","253","294","9.17786561264822"
"2","0","67","4","13","285","356","9.249122807017544"
"1","0","61","3.798507462686567","7","268","289","9.305970149253731"
"3","0","80","4","15","275","462","9.170909090909092"
"3","0","81","4","15","274","462","9.13138686131387"
"1","0","62","3.9961977186311786","9","263","289","9.102661596958175"
"2","0","68","4","14","284","356","9.211267605633802"
"4","0","85","3.6769230769230767","26","260","454","9.223076923076922"
"1","0","63","4","9","263","289","9.102661596958175"
"4","0","86","3.9923076923076923","26","260","454","9.223076923076922"
"2","0","69","4","14","283","356","9.173144876325088"
"6","0","52","4","10","264","386","9.424242424242424"
"4","0","87","3.996153846153846","26","260","454","9.223076923076922"
"6","0","53","4","10","263","386","9.384030418250951"
"5","0","58","3.9880478087649402","12","251","309","9.219123505976096"
"3","0","82","4","17","272","488","9.242647058823529"
"6","0","54","4","10","263","386","9.384030418250951"
"5","0","59","3.9880478087649402","12","251","309","9.219123505976096"
"4","0","88","3.996124031007752","27","258","462","9.2015503875969"
"3","0","83","4","17","272","488","9.242647058823529"
"1","0","64","4","10","261","316","9.28735632183908"
"2","0","70","4","14","283","376","9.314487632508834"
"4","0","89","3.996124031007752","27","258","462","9.2015503875969"
"3","0","84","4","18","270","488","9.170370370370371"
"5","0","60","3.9879032258064515","14","248","309","9.10483870967742"
"1","0","65","4","10","260","316","9.246153846153845"
"4","0","90","3.9961089494163424","27","257","462","9.15953307392996"
"2","0","71","4","14","280","376","9.228571428571428"
"2","0","72","4","14","279","376","9.189964157706093"
"1","0","66","4","10","260","316","9.246153846153845"
"6","0","55","4","11","260","395","9.330769230769231"
"6","0","56","4","11","260","395","9.330769230769231"
"4","0","91","3.99609375","28","256","479","9.2578125"
"6","0","57","4","11","260","395","9.330769230769231"
"4","0","92","3.996078431372549","28","255","479","9.223529411764705"
"4","0","93","3.9960629921259843","28","254","479","9.181102362204724"
"1","0","67","4","10","259","329","9.305019305019306"
"5","0","61","3.676579925650558","14","269","337","9.16728624535316"
"3","0","85","3.6975945017182132","18","291","518","9.230240549828178"
"1","0","68","4","10","258","329","9.271317829457365"
"5","0","62","4","14","268","337","9.164179104477611"
"3","0","86","3.9965635738831615","18","291","518","9.230240549828178"
"2","0","73","3.7567567567567566","14","296","397","9.277027027027026"
"1","0","69","4","10","257","329","9.229571984435797"
"5","0","63","4","14","267","337","9.123595505617978"
"6","0","58","4","12","258","415","9.4031007751938"
"3","0","87","3.9965397923875434","19","289","518","9.211072664359861"
"6","0","59","4","12","255","415","9.286274509803922"
"4","0","94","3.9960629921259843","28","254","500","9.346456692913385"
"6","0","60","4","12","255","415","9.286274509803922"
"2","0","74","3.996598639455782","15","294","397","9.204081632653061"
"4","0","95","4","29","250","500","9.208"
"4","0","96","4","30","248","500","9.120967741935484"
"2","0","75","3.9965870307167237","15","293","397","9.167235494880545"
"1","0","70","4","11","256","351","9.359375"
"3","0","88","3.9965397923875434","19","289","531","9.301038062283737"
"5","0","64","4","15","265","346","9.10943396226415"
"3","0","89","4","19","289","531","9.301038062283737"
"1","0","71","4","11","256","351","9.359375"
"5","0","65","4","16","264","346","9.068181818181818"
"3","0","90","4","19","288","531","9.26388888888889"
"1","0","72","4","11","256","351","9.359375"
"5","0","66","4","17","260","346","8.992307692307692"
"6","0","61","3.6945454545454544","13","275","442","9.265454545454546"
"4","0","97","3.579710144927536","31","276","528","9.101449275362318"
"2","0","76","4","16","292","413","9.23972602739726"
"6","0","62","4","13","273","442","9.245421245421245"
"3","0","91","4","19","288","548","9.381944444444445"
"4","0","98","4.003623188405797","31","276","528","9.101449275362318"
"2","0","77","4","16","292","413","9.23972602739726"
"3","0","92","4","19","288","548","9.381944444444445"
"4","0","99","4","31","276","528","9.101449275362318"
"6","0","63","4","14","271","442","9.217712177121772"
"2","0","78","4","17","291","413","9.20274914089347"
"3","0","93","4","19","287","548","9.344947735191637"
"1","0","73","3.7620817843866172","12","269","369","9.28624535315985"
"5","0","67","4","17","259","371","9.142857142857142"
"5","0","68","4","17","258","371","9.10077519379845"
"1","0","74","3.996268656716418","13","268","369","9.246268656716419"
"5","0","69","4","17","256","371","9.03125"
"1","0","75","4","13","268","369","9.246268656716419"
"6","0","64","4","14","270","451","9.251851851851852"
"4","0","100","4","31","276","546","9.231884057971014"
"3","0","94","4","19","287","555","9.393728222996515"
"6","0","65","4","14","269","451","9.278810408921933"
"4","0","101","4","31","275","546","9.192727272727273"
"2","0","79","4","17","291","435","9.353951890034365"
"3","0","95","4","19","287","555","9.393728222996515"
"6","0","66","4","14","268","451","9.238805970149254"
"4","0","102","4","32","274","546","9.153284671532846"
"2","0","80","4","17","290","435","9.344827586206897"
"5","0","70","4","17","255","400","9.215686274509803"
"3","0","96","4","19","287","555","9.393728222996515"
"5","0","71","4","17","252","400","9.087301587301587"
"1","0","76","4","13","268","379","9.32089552238806"
"2","0","81","4","17","290","435","9.344827586206897"
"5","0","72","4","17","251","400","9.0597609561753"
"1","0","77","4","13","267","379","9.280898876404494"
"6","0","67","4","14","266","466","9.31578947368421"
"1","0","78","4","13","267","379","9.280898876404494"
"4","0","103","4","32","274","565","9.291970802919709"
"6","0","68","4","14","264","466","9.242424242424242"
"4","0","104","4","32","274","565","9.291970802919709"
"6","0","69","4","14","264","466","9.242424242424242"
"4","0","105","4","32","271","565","9.180811808118081"
"2","0","82","4","17","290","446","9.420689655172414"
"3","0","97","3.8508474576271188","20","295","566","9.423728813559322"
"2","0","83","4","17","288","446","9.395833333333334"
"3","0","98","3.993220338983051","20","295","566","9.423728813559322"
"5","0","73","3.846743295019157","17","261","432","9.402298850574713"
"1","0","79","4","13","267","387","9.340823970037453"
"2","0","84","4","17","288","446","9.395833333333334"
"3","0","99","4","20","293","566","9.358361774744028"
"5","0","74","4","17","259","432","9.328185328185327"
"1","0","80","4","13","266","387","9.353383458646617"
"5","0","75","4","17","259","432","9.328185328185327"
"6","0","70","4","14","263","485","9.346007604562738"
"1","0","81","4","14","264","387","9.272727272727273"
"4","0","106","4","32","270","587","9.303703703703704"
"6","0","71","4","14","261","485","9.264367816091953"
"4","0","107","4","32","268","587","9.223880597014926"
"4","0","108","4","32","268","587","9.223880597014926"
"6","0","72","4","14","261","485","9.264367816091953"
"3","0","100","4","21","291","584","9.40893470790378"
"5","0","76","4","17","259","442","9.405405405405405"
"5","0","77","4","18","258","442","9.364341085271318"
"3","0","101","4","21","291","584","9.40893470790378"
"1","0","82","4","14","263","402","9.346007604562738"
"5","0","78","4","19","257","442","9.32295719844358"
"3","0","102","4","21","289","584","9.349480968858131"
"2","0","85","3.8783783783783785","17","296","458","9.445945945945946"
"1","0","83","4","15","260","402","9.23076923076923"
"1","0","84","4","15","259","402","9.227799227799228"
"2","0","86","4.003389830508475","17","295","458","9.410169491525425"
"2","0","87","4","18","293","458","9.337883959044369"
"5","0","79","4","20","256","458","9.40625"
"6","0","73","3.741007194244604","14","278","501","9.266187050359711"
"4","0","109","3.6203389830508477","33","295","601","9.138983050847457"
"5","0","80","4","22","253","458","9.296442687747035"
"3","0","103","4","22","287","604","9.463414634146341"
"4","0","110","4","33","295","601","9.138983050847457"
"6","0","74","3.9964028776978417","14","278","501","9.266187050359711"
"5","0","81","4","22","253","458","9.296442687747035"
"3","0","104","4","22","287","604","9.463414634146341"
"6","0","75","3.9964028776978417","14","278","501","9.266187050359711"
"4","0","111","4","35","292","601","9.068493150684931"
"2","0","88","4","18","292","476","9.424657534246576"
"3","0","105","4","22","286","604","9.426573426573427"
"2","0","89","4","19","291","476","9.38831615120275"
"1","0","85","3.712230215827338","15","278","428","9.287769784172662"
"2","0","90","4","19","289","476","9.321799307958477"
"5","0","82","4","22","253","478","9.454545454545455"
"1","0","86","4","15","278","428","9.287769784172662"
"6","0","76","3.996389891696751","14","277","509","9.28519855595668"
"5","0","83","4","23","252","478","9.412698412698413"
"4","0","112","4","35","292","621","9.205479452054794"
"6","0","77","3.996389891696751","14","277","509","9.28519855595668"
"5","0","84","4","24","251","478","9.386454183266933"
"1","0","87","4","15","278","428","9.287769784172662"
"3","0","106","4","22","285","617","9.480701754385965"
"4","0","113","4","35","292","621","9.205479452054794"
"6","0","78","3.996376811594203","14","276","509","9.246376811594203"
"3","0","107","4","22","284","617","9.47887323943662"
"4","0","114","4","36","291","621","9.168384879725085"
"3","0","108","4","22","284","617","9.47887323943662"
"2","0","91","4","19","287","500","9.421602787456447"
"2","0","92","4","19","287","500","9.421602787456447"
"1","0","88","4","15","278","438","9.359712230215827"
"6","0","79","3.9963636363636366","14","275","517","9.265454545454546"
"2","0","93","4","19","285","500","9.35438596491228"
"1","0","89","4","15","278","438","9.359712230215827"
"5","0","85","3.7313432835820897","24","268","496","9.276119402985074"
"6","0","80","4","14","275","517","9.265454545454546"
"1","0","90","4","15","277","438","9.321299638989169"
"5","0","86","3.99250936329588","25","267","496","9.235955056179776"
"4","0","115","4","37","288","635","9.152777777777779"
"6","0","81","4","14","274","517","9.226277372262773"
"5","0","87","4","25","266","496","9.19548872180451"
"4","0","116","4","37","288","635","9.152777777777779"
"3","0","109","3.675324675324675","22","308","630","9.24025974025974"
"4","0","117","4","37","288","635","9.152777777777779"
"3","0","110","3.9935064935064934","22","308","630","9.24025974025974"
"1","0","91","4","15","277","452","9.422382671480145"
"2","0","94","4","19","285","515","9.459649122807017"
"3","0","111","3.996732026143791","22","306","630","9.169934640522875"
"1","0","92","4","15","276","452","9.384057971014492"
"5","0","88","4","26","265","512","9.283018867924529"
"2","0","95","4","20","284","515","9.422535211267606"
"1","0","93","4","15","273","452","9.267399267399268"
"6","0","82","4","14","272","531","9.25"
"5","0","89","4","27","261","512","9.118773946360154"
"2","0","96","4","22","281","515","9.309608540925266"
"6","0","83","4","14","272","531","9.25"
"5","0","90","4","27","261","512","9.118773946360154"
"4","0","118","4","37","288","655","9.291666666666666"
"6","0","84","4","15","270","531","9.177777777777777"
"4","0","119","4","38","287","655","9.254355400696864"
"3","0","112","3.99672131147541","23","305","646","9.239344262295083"
"4","0","120","4","39","285","655","9.2"
"3","0","113","3.9967105263157894","23","304","646","9.210526315789474"
"1","0","94","4","17","270","472","9.296296296296296"
"3","0","114","3.9967105263157894","23","304","646","9.210526315789474"
"1","0","95","4","17","270","472","9.296296296296296"
"5","0","91","4","28","259","537","9.227799227799228"
"5","0","92","4","28","259","537","9.227799227799228"
"1","0","96","4","18","269","472","9.256505576208179"
"5","0","93","4","28","259","537","9.227799227799228"
"2","0","97","3.673202614379085","22","306","534","9.176470588235293"
"2","0","98","4.00327868852459","23","305","534","9.140983606557377"
"6","0","85","3.8162544169611308","15","283","555","9.293286219081272"
"2","0","99","3.9966996699669965","23","303","534","9.069306930693068"
"3","0","115","3.9967105263157894","23","304","664","9.328947368421053"
"6","0","86","3.9893617021276597","15","282","555","9.25531914893617"
"7","0","0","4.056521739130435","0","230","0","9.165217391304347"
"3","0","116","3.9966996699669965","23","303","664","9.293729372937294"
"6","0","87","3.9892857142857143","15","280","555","9.192857142857143"
"5","0","94","4","28","258","555","9.325581395348838"
"3","0","117","3.9966996699669965","23","303","664","9.293729372937294"
"5","0","95","4","28","258","555","9.325581395348838"
"5","0","96","4","28","257","555","9.284046692607005"
"1","0","97","3.898550724637681","18","276","493","9.41304347826087"
"7","0","1","3.991228070175439","1","228","30","9.342105263157896"
"2","0","100","3.9966666666666666","23","300","554","9.093333333333334"
"1","0","98","4.003623188405797","18","276","493","9.41304347826087"
"6","0","88","3.9892086330935252","15","278","575","9.258992805755396"
"7","0","2","4","1","228","30","9.342105263157896"
"2","0","101","4","23","300","554","9.093333333333334"
"3","0","118","3.9966887417218544","23","302","675","9.331125827814569"
"7","0","3","4","1","228","30","9.342105263157896"
"1","0","99","4.003636363636364","18","275","493","9.374545454545455"
"6","0","89","3.9891696750902526","15","277","575","9.256317689530686"
"2","0","102","4","23","300","554","9.093333333333334"
"6","0","90","3.989130434782609","15","276","575","9.217391304347826"
"3","0","119","3.9966887417218544","23","302","675","9.331125827814569"
"3","0","120","3.9966887417218544","23","302","675","9.331125827814569"
"5","0","97","3.6956521739130435","28","276","569","9.231884057971014"
"1","0","100","4.0036496350364965","18","274","506","9.430656934306569"
"5","0","98","4","28","276","569","9.231884057971014"
"7","0","4","4","1","227","52","9.497797356828194"
"6","0","91","3.989130434782609","15","276","589","9.318840579710145"
"1","0","101","4.0036496350364965","18","274","506","9.430656934306569"
"5","0","99","4","29","273","569","9.113553113553113"
"7","0","5","4","1","227","52","9.497797356828194"
"6","0","92","3.9890909090909092","15","275","589","9.28"
"7","0","6","4","1","226","52","9.451327433628318"
"1","0","102","4.0036496350364965","18","274","506","9.430656934306569"
"2","0","103","4","23","298","573","9.14765100671141"
"6","0","93","3.9890909090909092","15","275","589","9.28"
"2","0","104","4","23","297","573","9.11111111111111"
"8","0","0","3.9957264957264957","0","234","0","9.247863247863247"
"2","0","105","4","23","297","573","9.11111111111111"
"7","0","7","4","1","225","72","9.591111111111111"
"5","0","100","4","29","273","589","9.260073260073261"
"1","0","103","4.0036496350364965","18","274","512","9.474452554744525"
"7","0","8","4","1","224","72","9.544642857142858"
"5","0","101","4","30","272","589","9.220588235294118"
"6","0","94","3.9890909090909092","15","275","606","9.403636363636364"
"7","0","9","4","1","223","72","9.497757847533633"
"1","0","104","4.0036496350364965","18","274","512","9.474452554744525"
"5","0","102","4","30","271","589","9.180811808118081"
"6","0","95","4","17","272","606","9.286764705882353"
"1","0","105","4.003663003663004","19","273","512","9.435897435897436"
"6","0","96","4","17","271","606","9.247232472324724"
"8","0","1","4.004273504273504","0","234","25","9.461538461538462"
"8","0","2","4","1","233","25","9.416309012875537"
"2","0","106","4","23","296","596","9.22972972972973"
"7","0","10","4","1","222","95","9.657657657657658"
"8","0","3","4","1","229","25","9.275109170305678"
"2","0","107","4","25","290","596","9.110344827586207"
"7","0","11","4","2","221","95","9.610859728506787"
"5","0","103","4","31","269","601","9.189591078066915"
"7","0","12","4","2","221","95","9.610859728506787"
"2","0","108","4","25","289","596","9.07266435986159"
"5","0","104","4","31","269","601","9.189591078066915"
"1","0","106","4.0036764705882355","19","272","521","9.463235294117647"
"5","0","105","4","31","269","601","9.189591078066915"
"1","0","107","4.003703703703704","20","270","521","9.385185185185184"
"8","0","4","4","1","226","55","9.4070796460177"
"1","0","108","4.003717472118959","20","269","521","9.353159851301115"
"8","0","5","4","2","225","55","9.36"
"6","0","97","3.6723549488054608","18","293","631","9.26962457337884"
"7","0","13","3.6514522821576763","2","241","111","9.269709543568466"
"8","0","6","4","2","225","55","9.36"
"6","0","98","3.9965753424657535","19","292","631","9.232876712328768"
"7","0","14","4.016597510373444","2","241","111","9.269709543568466"
"6","0","99","4","19","290","631","9.186206896551724"
"5","0","106","4","32","267","615","9.213483146067416"
"7","0","15","4","2","240","111","9.225"
"5","0","107","4","32","267","615","9.213483146067416"
"8","0","7","4","2","224","80","9.535714285714286"
"5","0","108","4","32","267","615","9.213483146067416"
"8","0","8","4","2","224","80","9.535714285714286"
"2","0","109","3.815181518151815","25","303","627","9.326732673267326"
"7","0","16","4","2","239","119","9.246861924686192"
"8","0","9","4","2","224","80","9.535714285714286"
"2","0","110","3.99009900990099","25","303","627","9.326732673267326"
"7","0","17","4","2","239","119","9.246861924686192"
"1","0","109","3.845878136200717","20","279","540","9.376344086021506"
"7","0","18","4","2","239","119","9.246861924686192"
"6","0","100","4","20","289","656","9.321799307958477"
"2","0","111","3.9900662251655628","25","302","627","9.291390728476822"
"1","0","110","4.010791366906475","20","278","540","9.338129496402878"
"6","0","101","4","20","289","656","9.321799307958477"
"1","0","111","4","20","278","540","9.338129496402878"
"8","0","10","4","3","223","94","9.614349775784753"
"6","0","102","4","20","289","656","9.321799307958477"
"7","0","19","4","2","239","133","9.364016736401673"
"8","0","11","4","3","223","94","9.614349775784753"
"8","0","12","4","3","219","94","9.442922374429223"
"7","0","20","4","2","239","133","9.364016736401673"
"7","0","21","4","2","238","133","9.327731092436975"
"5","0","109","3.6551724137931036","34","290","635","9.220689655172414"
"2","0","112","3.99","25","300","641","9.313333333333333"
"2","0","113","3.99","25","300","641","9.313333333333333"
"5","0","110","3.9931034482758623","34","290","635","9.220689655172414"
"1","0","112","4","20","278","550","9.410071942446043"
"2","0","114","3.9899665551839463","25","299","641","9.277591973244148"
"5","0","111","3.9895833333333335","35","288","635","9.152777777777779"
"6","0","103","4","20","287","674","9.386759581881533"
"7","0","22","4","2","238","141","9.394957983193278"
"7","0","23","4","2","237","141","9.350210970464135"
"1","0","113","4","20","277","550","9.422382671480145"
"6","0","104","4","20","287","674","9.386759581881533"
"8","0","13","3.6049382716049383","3","243","114","9.283950617283951"
"7","0","24","4","2","237","141","9.350210970464135"
"1","0","114","4","20","276","550","9.384057971014492"
"8","0","14","3.9958847736625516","3","243","114","9.283950617283951"
"6","0","105","4","20","286","674","9.34965034965035"
"8","0","15","3.9917695473251027","3","243","114","9.283950617283951"
"5","0","112","3.9895833333333335","35","288","652","9.270833333333334"
"2","0","115","3.9899665551839463","25","299","669","9.464882943143813"
"5","0","113","3.986111111111111","35","288","652","9.270833333333334"
"7","0","25","3.761904761904762","2","252","145","9.238095238095237"
"1","0","115","4","21","272","558","9.294117647058824"
"2","0","116","3.9899665551839463","25","299","669","9.464882943143813"
"8","0","16","3.9917695473251027","3","243","120","9.333333333333334"
"6","0","106","4","20","286","692","9.475524475524475"
"7","0","26","4","2","251","145","9.258964143426295"
"5","0","114","3.986062717770035","35","287","652","9.261324041811847"
"8","0","17","3.991701244813278","3","241","120","9.311203319502075"
"2","0","117","3.98993288590604","25","298","669","9.429530201342281"
"1","0","116","4","21","272","558","9.294117647058824"
"6","0","107","4","20","285","692","9.43859649122807"
"7","0","27","4","2","250","145","9.216"
"8","0","18","3.991701244813278","3","241","120","9.311203319502075"
"1","0","117","4","21","272","558","9.294117647058824"
"6","0","108","4","20","285","692","9.43859649122807"
"5","0","115","3.986062717770035","35","287","667","9.365853658536585"
"7","0","28","4","2","249","154","9.27710843373494"
"8","0","19","3.9916666666666667","3","240","125","9.308333333333334"
"5","0","116","3.986013986013986","35","286","667","9.363636363636363"
"7","0","29","4","2","249","154","9.27710843373494"
"2","0","118","3.98993288590604","25","298","681","9.51006711409396"
"8","0","20","3.99163179916318","3","239","125","9.263598326359833"
"5","0","117","3.9859154929577465","36","284","667","9.288732394366198"
"7","0","30","4","2","248","154","9.266129032258064"
"8","0","21","3.991596638655462","4","238","125","9.218487394957982"
"2","0","119","3.98989898989899","25","297","681","9.474747474747474"
"1","0","118","4","22","271","583","9.439114391143912"
"2","0","120","3.989864864864865","25","296","681","9.43918918918919"
"6","0","109","3.75","20","304","705","9.217105263157896"
"1","0","119","4","22","271","583","9.439114391143912"
"6","0","110","4.016501650165017","21","303","705","9.181518151815181"
"7","0","31","4","2","248","165","9.35483870967742"
"1","0","120","4","22","269","583","9.397769516728625"
"7","0","32","4","2","247","165","9.336032388663968"
"6","0","111","4.013201320132013","21","303","705","9.181518151815181"
"5","0","118","3.9858156028368796","37","282","682","9.326241134751774"
"8","0","22","3.9915611814345993","5","237","139","9.291139240506329"
"7","0","33","4","2","246","165","9.292682926829269"
"5","0","119","4","37","281","682","9.288256227758007"
"8","0","23","4","5","237","139","9.291139240506329"
"8","0","24","4","5","237","139","9.291139240506329"
"5","0","120","4","37","281","682","9.288256227758007"
"7","0","34","4","2","246","171","9.341463414634147"
"6","0","112","4.003311258278146","22","302","717","9.225165562913908"
"7","0","35","4","2","246","171","9.341463414634147"
"9","0","0","4.048245614035087","0","228","0","9.289473684210526"
"6","0","113","4","22","300","717","9.153333333333334"
"7","0","36","4","3","242","171","9.181818181818182"
"6","0","114","4","22","300","717","9.153333333333334"
"10","0","0","3.951219512195122","0","246","0","9.113821138211382"
"8","0","25","3.6744186046511627","5","258","147","9.085271317829458"
"8","0","26","3.9961089494163424","5","257","147","9.042801556420233"
"9","0","1","4.004385964912281","0","228","25","9.508771929824562"
"8","0","27","4","5","257","147","9.042801556420233"
"9","0","2","4","0","226","25","9.451327433628318"
"11","0.25","0","4.044609665427509","0","269","0","9.323420074349443"
"9","0","3","4","0","226","25","9.451327433628318"
"7","0","37","3.856","3","250","189","9.344"
"6","0","115","4","23","298","736","9.208053691275168"
"7","0","38","4.008032128514056","3","249","189","9.301204819277109"
"6","0","116","4","23","298","736","9.208053691275168"
"7","0","39","4","3","248","189","9.258064516129032"
"10","0","1","4.0081632653061225","0","245","31","9.322448979591837"
"8","0","28","4","6","255","161","9.074509803921568"
"6","0","117","4","25","296","736","9.141891891891891"
"8","0","29","4","6","255","161","9.074509803921568"
"10","0","2","4","0","244","31","9.278688524590164"
"9","0","4","4","1","223","40","9.443946188340806"
"9","0","5","4","1","222","40","9.396396396396396"
"8","0","30","4","6","254","161","9.031496062992126"
"10","0","3","4","0","244","31","9.278688524590164"
"11","0.25","1","4.071161048689139","0","267","22","9.423220973782772"
"9","0","6","4","1","222","40","9.396396396396396"
"7","0","40","4","3","247","199","9.295546558704453"
"11","0.25","2","4.02621722846442","0","267","22","9.423220973782772"
"7","0","41","4","3","247","199","9.295546558704453"
"7","0","42","4","3","245","199","9.273469387755101"
"11","0.25","3","4.022641509433963","1","265","22","9.343396226415095"
"6","0","118","4","26","293","766","9.249146757679181"
"8","0","31","4","6","254","177","9.15748031496063"
"6","0","119","4","26","292","766","9.232876712328768"
"9","0","7","4","1","222","64","9.612612612612613"
"8","0","32","4","6","254","177","9.15748031496063"
"6","0","120","4","26","291","766","9.209621993127147"
"10","0","4","4","1","243","54","9.423868312757202"
"9","0","8","4","1","222","64","9.612612612612613"
"8","0","33","4","6","254","177","9.15748031496063"
"7","0","43","4","3","245","216","9.412244897959184"
"10","0","5","4","1","242","54","9.413223140495868"
"9","0","9","4","1","221","64","9.565610859728507"
"7","0","44","4","3","245","216","9.412244897959184"
"10","0","6","4","1","242","54","9.413223140495868"
"11","0.25","4","4.003773584905661","1","265","48","9.539622641509434"
"7","0","45","4","3","245","216","9.412244897959184"
"11","0.25","5","4.003773584905661","1","265","48","9.539622641509434"
"8","0","34","4","6","252","190","9.174603174603174"
"9","0","10","4","1","221","77","9.683257918552036"
"11","0.25","6","4.003773584905661","1","265","48","9.539622641509434"
"8","0","35","4","6","252","190","9.174603174603174"
"9","0","11","4","1","221","77","9.683257918552036"
"7","0","46","4","3","245","223","9.46938775510204"
"8","0","36","4","6","250","190","9.096"
"9","0","12","4","1","220","77","9.636363636363637"
"12","0.25","0","3.9956896551724137","0","232","0","9.189655172413794"
"7","0","47","4","3","244","223","9.426229508196721"
"10","0","7","4","1","241","82","9.601659751037344"
"7","0","48","4","4","241","223","9.311203319502075"
"10","0","8","4","1","241","82","9.601659751037344"
"10","0","9","4","1","241","82","9.601659751037344"
"11","0.25","7","4.003773584905661","1","265","63","9.652830188679244"
"11","0.25","8","4.003802281368821","1","263","63","9.574144486692015"
"9","0","13","3.759656652360515","1","233","89","9.433476394849786"
"12","0.25","1","3.9913419913419914","1","231","20","9.316017316017316"
"11","0.25","9","4","1","262","63","9.534351145038167"
"9","0","14","4.008620689655173","1","232","89","9.387931034482758"
"12","0.25","2","4.004329004329004","1","231","20","9.316017316017316"
"9","0","15","4.008658008658009","2","231","89","9.35064935064935"
"12","0.25","3","4.004329004329004","1","231","20","9.316017316017316"
"8","0","37","3.730337078651685","7","267","210","9.220973782771535"
"10","0","10","4","1","240","100","9.708333333333334"
"8","0","38","4","7","266","210","9.180451127819548"
"10","0","11","4","1","239","100","9.673640167364017"
"7","0","49","3.6769230769230767","6","260","239","9.307692307692308"
"8","0","39","4","8","265","210","9.139622641509433"
"9","0","16","4.008695652173913","2","230","99","9.391304347826088"
"7","0","50","4.011583011583012","6","259","239","9.266409266409266"
"10","0","12","4","1","239","100","9.673640167364017"
"9","0","17","4.008733624454148","2","229","99","9.353711790393014"
"11","0.25","10","4","1","261","80","9.624521072796934"
"12","0.25","4","3.9956709956709955","1","231","46","9.541125541125542"
"7","0","51","4","7","258","239","9.224806201550388"
"9","0","18","4.008733624454148","2","229","99","9.353711790393014"
"11","0.25","11","4","1","259","80","9.544401544401545"
"12","0.25","5","3.9956521739130433","2","230","46","9.521739130434783"
"11","0.25","12","4","2","257","80","9.470817120622568"
"12","0.25","6","3.991228070175439","2","228","46","9.482456140350877"
"8","0","40","4","8","264","225","9.212121212121213"
"9","0","19","4.008733624454148","2","229","106","9.414847161572052"
"8","0","41","4","8","263","225","9.201520912547528"
"7","0","52","4","8","256","258","9.2890625"
"9","0","20","4.008733624454148","2","229","106","9.414847161572052"
"10","0","13","3.7490196078431373","1","255","109","9.403921568627451"
"8","0","42","4","8","262","225","9.16030534351145"
"7","0","53","4","8","255","258","9.262745098039217"
"9","0","21","4.008771929824562","2","228","106","9.412280701754385"
"10","0","14","3.9960629921259843","2","254","109","9.362204724409448"
"12","0.25","7","3.9911894273127753","2","227","59","9.577092511013216"
"7","0","54","4","8","255","258","9.262745098039217"
"12","0.25","8","4","2","227","59","9.577092511013216"
"10","0","15","3.996031746031746","2","252","109","9.293650793650794"
"12","0.25","9","4","2","226","59","9.530973451327434"
"9","0","22","4.008771929824562","2","228","113","9.473684210526315"
"11","0.25","13","3.5944055944055946","2","286","112","9.181818181818182"
"9","0","23","4.008771929824562","2","228","113","9.473684210526315"
"8","0","43","4","8","262","245","9.312977099236642"
"9","0","24","4.008771929824562","2","228","113","9.473684210526315"
"11","0.25","14","4.003521126760563","3","284","112","9.105633802816902"
"7","0","55","4","8","255","273","9.380392156862746"
"8","0","44","4","8","261","245","9.272030651340996"
"12","0.25","10","4","2","224","75","9.580357142857142"
"10","0","16","3.996031746031746","2","252","120","9.380952380952381"
"7","0","56","4","9","252","273","9.261904761904763"
"11","0.25","15","3.992957746478873","3","284","112","9.105633802816902"
"12","0.25","11","4","2","224","75","9.580357142857142"
"8","0","45","4","8","259","245","9.243243243243244"
"10","0","17","3.996","2","250","120","9.296"
"7","0","57","4","9","251","273","9.227091633466136"
"12","0.25","12","4","2","224","75","9.580357142857142"
"10","0","18","3.9959514170040484","3","247","120","9.17408906882591"
"9","0","25","3.7154471544715446","2","246","119","9.146341463414634"
"9","0","26","4.016260162601626","2","246","119","9.146341463414634"
"9","0","27","4.008196721311475","2","244","119","9.057377049180328"
"11","0.25","16","3.9929328621908127","3","283","129","9.187279151943462"
"8","0","46","4","8","257","262","9.346303501945526"
"11","0.25","17","3.99288256227758","3","281","129","9.11032028469751"
"7","0","58","4","10","250","296","9.368"
"8","0","47","4","8","256","262","9.3046875"
"12","0.25","13","3.5697211155378485","2","251","86","9.187250996015937"
"7","0","59","4","10","249","296","9.325301204819278"
"11","0.25","18","4","3","280","129","9.114285714285714"
"8","0","48","4","8","255","262","9.262745098039217"
"10","0","19","3.9959514170040484","3","247","139","9.327935222672064"
"12","0.25","14","4","2","251","86","9.187250996015937"
"7","0","60","4","10","249","296","9.325301204819278"
"9","0","28","4.008230452674897","2","243","128","9.08641975308642"
"12","0.25","15","4.00398406374502","2","251","86","9.187250996015937"
"10","0","20","3.9959514170040484","3","247","139","9.327935222672064"
"9","0","29","4.008298755186722","2","241","128","9.037344398340249"
"10","0","21","3.9959183673469387","4","245","139","9.240816326530613"
"9","0","30","4.008333333333334","2","240","128","8.991666666666667"
"12","0.25","16","4","2","251","94","9.250996015936256"
"11","0.25","19","4","3","278","144","9.194244604316546"
"12","0.25","17","4","3","250","94","9.224"
"11","0.25","20","4","3","277","144","9.155234657039712"
"8","0","49","3.805243445692884","8","267","282","9.340823970037453"
"12","0.25","18","4","3","250","94","9.224"
"9","0","31","4.008333333333334","2","240","141","9.1"
"10","0","22","3.9959016393442623","4","244","156","9.336065573770492"
"8","0","50","4","8","267","282","9.340823970037453"
"11","0.25","21","4","3","276","144","9.115942028985508"
"7","0","61","3.661764705882353","10","272","312","9.242647058823529"
"9","0","32","4.004166666666666","2","240","141","9.1"
"10","0","23","4","4","244","156","9.336065573770492"
"8","0","51","4","8","264","282","9.227272727272727"
"7","0","62","3.9926470588235294","10","272","312","9.242647058823529"
"9","0","33","4.004166666666666","2","240","141","9.1"
"10","0","24","4","4","244","156","9.336065573770492"
"7","0","63","4","10","271","312","9.202952029520295"
"12","0.25","19","4","3","250","99","9.264"
"12","0.25","20","4","5","247","99","9.1417004048583"
"12","0.25","21","4","5","247","99","9.1417004048583"
"9","0","34","4.004166666666666","2","240","152","9.191666666666666"
"9","0","35","4.004201680672269","4","238","152","9.100840336134453"
"11","0.25","22","4","3","275","167","9.243636363636364"
"8","0","52","4","8","264","296","9.333333333333334"
"9","0","36","4.0042194092827","4","237","152","9.09704641350211"
"7","0","64","4.003703703703704","10","270","325","9.25925925925926"
"11","0.25","23","4","3","274","167","9.204379562043796"
"8","0","53","4","11","261","296","9.210727969348659"
"10","0","25","3.7251908396946565","4","262","166","9.19083969465649"
"7","0","65","4","10","269","325","9.219330855018587"
"11","0.25","24","4","3","272","167","9.125"
"8","0","54","4","11","260","296","9.169230769230769"
"12","0.25","22","4","5","246","112","9.203252032520325"
"10","0","26","3.99618320610687","4","262","166","9.19083969465649"
"7","0","66","4","10","268","325","9.17910447761194"
"12","0.25","23","4","5","246","112","9.203252032520325"
"10","0","27","4","4","261","166","9.149425287356323"
"12","0.25","24","4","5","246","112","9.203252032520325"
"9","0","37","3.6627906976744184","5","258","165","9.015503875968992"
"8","0","55","4","11","260","321","9.361538461538462"
"7","0","67","4","10","268","346","9.335820895522389"
"9","0","38","3.9921875","5","256","165","8.9296875"
"10","0","28","4","4","261","177","9.233716475095786"
"7","0","68","4","11","266","346","9.25563909774436"
"8","0","56","4","12","259","321","9.32046332046332"
"9","0","39","3.9921259842519685","6","254","165","8.84251968503937"
"8","0","57","4","13","258","321","9.279069767441861"
"10","0","29","4","6","258","177","9.131782945736434"
"7","0","69","4","11","266","346","9.25563909774436"
"12","0.25","25","3.813229571984436","5","257","127","9.369649805447471"
"10","0","30","4","7","257","177","9.089494163424124"
"11","0.25","25","3.612040133779264","3","299","187","9.143812709030101"
"12","0.25","26","4","5","257","127","9.369649805447471"
"11","0.25","26","4.003355704697986","3","298","187","9.10738255033557"
"12","0.25","27","3.9961089494163424","5","257","127","9.369649805447471"
"11","0.25","27","3.9966442953020134","3","298","187","9.10738255033557"
"9","0","40","3.9921259842519685","6","254","189","9.031496062992126"
"7","0","70","4","11","266","362","9.37593984962406"
"8","0","58","4","13","257","339","9.377431906614786"
"9","0","41","3.992094861660079","6","253","189","8.988142292490119"
"12","0.25","28","3.992217898832685","5","257","133","9.416342412451362"
"8","0","59","4","13","257","339","9.377431906614786"
"7","0","71","4","11","266","362","9.37593984962406"
"9","0","42","3.992094861660079","6","253","189","8.988142292490119"
"10","0","31","4","7","256","197","9.203125"
"8","0","60","4","13","255","339","9.294117647058824"
"12","0.25","29","3.99609375","5","256","133","9.375"
"7","0","72","4","11","266","362","9.37593984962406"
"10","0","32","4","7","254","197","9.118110236220472"
"12","0.25","30","3.992156862745098","6","255","133","9.333333333333334"
"10","0","33","4","7","254","197","9.118110236220472"
"11","0.25","28","4","3","298","203","9.21476510067114"
"11","0.25","29","4","3","297","203","9.178451178451178"
"9","0","43","3.992094861660079","6","253","206","9.122529644268775"
"9","0","44","3.992094861660079","6","253","206","9.122529644268775"
"12","0.25","31","4","6","255","146","9.435294117647059"
"11","0.25","30","4","3","296","203","9.16891891891892"
"9","0","45","3.99203187250996","7","251","206","9.03585657370518"
"12","0.25","32","4","6","254","146","9.393700787401574"
"8","0","61","3.8339622641509434","14","265","357","9.39622641509434"
"7","0","73","3.8394160583941606","12","274","374","9.401459854014599"
"12","0.25","33","4","6","254","146","9.393700787401574"
"10","0","34","4","7","253","220","9.256916996047432"
"8","0","62","4.011450381679389","14","262","357","9.305343511450381"
"7","0","74","4","13","273","374","9.362637362637363"
"10","0","35","4","8","252","220","9.214285714285714"
"8","0","63","4.0038167938931295","14","262","357","9.305343511450381"
"7","0","75","4","13","270","374","9.311111111111112"
"10","0","36","4","8","252","220","9.214285714285714"
"11","0.25","31","4","3","296","217","9.263513513513514"
"9","0","46","3.9919678714859437","7","249","228","9.124497991967871"
"12","0.25","34","4","6","253","157","9.438735177865613"
"11","0.25","32","4","3","295","217","9.227118644067797"
"9","0","47","3.9919354838709675","7","248","228","9.080645161290322"
"12","0.25","35","4","6","253","157","9.438735177865613"
"9","0","48","3.9919028340080973","7","247","228","9.044534412955466"
"11","0.25","33","4","3","295","217","9.227118644067797"
"12","0.25","36","4","6","253","157","9.438735177865613"
"8","0","64","4","14","261","368","9.35632183908046"
"7","0","76","4","13","269","390","9.390334572490707"
"8","0","65","4","15","260","368","9.315384615384616"
"8","0","66","4","15","259","368","9.274131274131275"
"7","0","77","4","13","268","390","9.388059701492537"
"7","0","78","4","13","268","390","9.388059701492537"
"12","0.25","37","3.8479087452471483","6","263","165","9.399239543726235"
"10","0","37","3.774436090225564","8","266","240","9.323308270676693"
"11","0.25","34","4","3","295","227","9.294915254237289"
"11","0.25","35","4","3","295","227","9.294915254237289"
"12","0.25","38","3.992337164750958","7","261","165","9.31800766283525"
"10","0","38","4.003773584905661","9","265","240","9.283018867924529"
"8","0","67","4","15","258","387","9.37984496124031"
"9","0","49","3.8968253968253967","8","252","251","9.5"
"7","0","79","4","13","266","405","9.451127819548873"
"12","0.25","39","4.007692307692308","7","260","165","9.276923076923078"
"11","0.25","36","4","3","294","227","9.258503401360544"
"10","0","39","4","9","264","240","9.242424242424242"
"8","0","68","4","15","258","387","9.37984496124031"
"9","0","50","4","8","251","251","9.458167330677291"
"7","0","80","4","13","264","405","9.371212121212121"
"8","0","69","4","15","258","387","9.37984496124031"
"7","0","81","4","13","263","405","9.361216730038024"
"9","0","51","4","8","250","251","9.416"
"12","0.25","40","4.007722007722008","8","259","179","9.343629343629344"
"12","0.25","41","4.011627906976744","9","258","179","9.30232558139535"
"8","0","70","4","15","258","403","9.503875968992247"
"10","0","40","4","9","264","256","9.363636363636363"
"12","0.25","42","4.003875968992248","9","258","179","9.30232558139535"
"8","0","71","4","15","256","403","9.421875"
"9","0","52","4","8","247","271","9.45748987854251"
"7","0","82","4","13","262","427","9.488549618320612"
"10","0","41","4","9","264","256","9.363636363636363"
"8","0","72","4","15","256","403","9.421875"
"11","0.25","37","3.769230769230769","3","312","242","9.307692307692308"
"7","0","83","4","14","261","427","9.448275862068966"
"9","0","53","4","8","247","271","9.45748987854251"
"10","0","42","4","9","264","256","9.363636363636363"
"11","0.25","38","4.016181229773463","3","309","242","9.236245954692556"
"7","0","84","4","15","259","427","9.366795366795367"
"9","0","54","4","8","247","271","9.45748987854251"
"12","0.25","43","4","10","257","195","9.385214007782102"
"11","0.25","39","4","3","309","242","9.236245954692556"
"12","0.25","44","4","11","256","195","9.34375"
"12","0.25","45","4","11","256","195","9.34375"
"8","0","73","3.7362637362637363","15","273","416","9.304029304029305"
"9","0","55","4","8","245","288","9.526530612244898"
"10","0","43","4","10","262","269","9.389312977099237"
"8","0","74","4.007326007326007","15","273","416","9.304029304029305"
"9","0","56","4","10","243","288","9.448559670781894"
"10","0","44","4","11","261","269","9.35632183908046"
"9","0","57","4","12","240","288","9.333333333333334"
"8","0","75","4","15","273","416","9.304029304029305"
"10","0","45","4","11","260","269","9.323076923076924"
"11","0.25","40","4","3","307","255","9.250814332247558"
"12","0.25","46","4","12","255","209","9.411764705882353"
"7","0","85","3.849056603773585","15","265","451","9.464150943396227"
"11","0.25","41","4","4","302","255","9.092715231788079"
"12","0.25","47","4","12","255","209","9.411764705882353"
"7","0","86","4","15","264","451","9.424242424242424"
"11","0.25","42","4","4","301","255","9.056478405315614"
"12","0.25","48","4","12","253","209","9.328063241106719"
"8","0","76","4","16","272","423","9.316176470588236"
"7","0","87","4","15","263","451","9.384030418250951"
"8","0","77","4","17","271","423","9.276752767527675"
"9","0","58","4","12","239","315","9.514644351464435"
"10","0","46","4","12","258","290","9.4031007751938"
"9","0","59","4","12","238","315","9.470588235294118"
"8","0","78","4","17","270","423","9.237037037037037"
"9","0","60","4","13","236","315","9.389830508474576"
"10","0","47","4","12","258","290","9.4031007751938"
"10","0","48","4","13","257","290","9.361867704280156"
"7","0","88","4","15","263","467","9.505703422053232"
"7","0","89","4","16","262","467","9.465648854961833"
"7","0","90","4","16","262","467","9.465648854961833"
"12","0.25","49","3.7752808988764044","12","267","226","9.310861423220974"
"8","0","79","4","17","270","440","9.362962962962962"
"12","0.25","50","3.992481203007519","12","266","226","9.270676691729323"
"11","0.25","43","4","4","301","294","9.315614617940199"
"8","0","80","4","17","270","440","9.362962962962962"
"12","0.25","51","4.007518796992481","12","266","226","9.270676691729323"
"8","0","81","4","18","269","440","9.323420074349443"
"11","0.25","44","4","4","301","294","9.315614617940199"
"9","0","61","3.671875","14","256","346","9.3203125"
"7","0","91","4","16","262","478","9.549618320610687"
"11","0.25","45","4","5","299","294","9.244147157190636"
"9","0","62","4.015748031496063","16","254","346","9.236220472440944"
"10","0","49","3.750915750915751","13","273","307","9.36996336996337"
"7","0","92","4","16","260","478","9.484615384615385"
"9","0","63","4.003937007874016","16","254","346","9.236220472440944"
"12","0.25","52","4","12","266","234","9.330827067669173"
"7","0","93","4","18","258","478","9.410852713178295"
"10","0","50","4.007326007326007","13","273","307","9.36996336996337"
"12","0.25","53","4","13","265","234","9.290566037735848"
"8","0","82","4","18","269","450","9.397769516728625"
"10","0","51","4.003690036900369","14","271","307","9.291512915129152"
"12","0.25","54","4","13","265","234","9.290566037735848"
"8","0","83","4","18","268","450","9.365671641791044"
"8","0","84","4","18","268","450","9.365671641791044"
"9","0","64","4.003952569169961","17","253","358","9.304347826086957"
"7","0","94","4","18","257","491","9.470817120622568"
"11","0.25","46","4","5","299","322","9.431438127090301"
"9","0","65","4.003968253968254","17","252","358","9.261904761904763"
"7","0","95","4","18","257","491","9.470817120622568"
"9","0","66","4.004","19","250","358","9.176"
"11","0.25","47","4","6","297","322","9.36026936026936"
"12","0.25","55","4","14","264","244","9.325757575757576"
"7","0","96","4","18","253","491","9.312252964426877"
"10","0","52","4","16","269","320","9.308550185873607"
"11","0.25","48","4","6","295","322","9.301694915254238"
"12","0.25","56","4","14","264","244","9.325757575757576"
"12","0.25","57","4","17","261","244","9.203065134099617"
"10","0","53","4","16","267","320","9.228464419475655"
"8","0","85","3.8836363636363638","18","275","459","9.403636363636364"
"10","0","54","4","17","266","320","9.18796992481203"
"9","0","67","4.004016064257028","20","249","373","9.25301204819277"
"8","0","86","4.007299270072993","18","274","459","9.364963503649635"
"9","0","68","4.004016064257028","20","249","373","9.25301204819277"
"8","0","87","4.007352941176471","19","272","459","9.286764705882353"
"9","0","69","4.004016064257028","20","249","373","9.25301204819277"
"7","0","97","3.6142857142857143","18","280","516","9.121428571428572"
"12","0.25","58","4","17","260","268","9.346153846153847"
"7","0","98","4.017921146953405","18","279","516","9.082437275985663"
"12","0.25","59","4","17","260","268","9.346153846153847"
"7","0","99","4.0108303249097474","18","277","516","9.126353790613718"
"12","0.25","60","4","17","260","268","9.346153846153847"
"10","0","55","4","17","266","343","9.360902255639099"
"8","0","88","4.007352941176471","19","272","472","9.382352941176471"
"9","0","70","4.004032258064516","20","248","386","9.314516129032258"
"10","0","56","4","18","265","343","9.320754716981131"
"11","0.25","49","3.7813504823151125","7","311","347","9.337620578778136"
"8","0","89","4.007407407407407","19","270","472","9.311111111111112"
"9","0","71","4.004032258064516","20","248","386","9.314516129032258"
"10","0","57","4","20","263","343","9.239543726235741"
"11","0.25","50","4.003236245954692","7","309","347","9.268608414239482"
"8","0","90","4.007407407407407","19","270","472","9.311111111111112"
"9","0","72","4.004032258064516","20","248","386","9.314516129032258"
"7","0","100","4.010869565217392","18","276","525","9.210144927536232"
"11","0.25","51","4.003257328990228","7","307","347","9.205211726384364"
"7","0","101","4.007299270072993","18","274","525","9.13138686131387"
"7","0","102","4.007299270072993","18","274","525","9.13138686131387"
"12","0.25","61","3.8095238095238093","17","273","283","9.31868131868132"
"8","0","91","4.007434944237918","20","269","487","9.390334572490707"
"12","0.25","62","4.014705882352941","18","272","283","9.279411764705882"
"10","0","58","4","21","261","366","9.363984674329503"
"8","0","92","4.007462686567164","20","268","487","9.350746268656716"
"12","0.25","63","4","18","272","283","9.279411764705882"
"9","0","73","3.7007575757575757","22","264","397","9.265151515151516"
"10","0","59","4","21","259","366","9.328185328185327"
"8","0","93","4.007490636704119","20","267","487","9.318352059925093"
"11","0.25","52","4","8","306","360","9.261437908496733"
"7","0","103","4.007326007326007","18","273","540","9.2014652014652"
"9","0","74","4.0038167938931295","22","262","397","9.183206106870228"
"10","0","60","4","21","259","366","9.328185328185327"
"11","0.25","53","4","8","306","360","9.261437908496733"
"7","0","104","4.007326007326007","18","273","540","9.2014652014652"
"9","0","75","4","22","262","397","9.183206106870228"
"7","0","105","4.007380073800738","18","271","540","9.121771217712178"
"11","0.25","54","4","8","305","360","9.226229508196722"
"12","0.25","64","4","18","272","293","9.352941176470589"
"8","0","94","4.007518796992481","20","266","503","9.398496240601503"
"12","0.25","65","4","18","271","293","9.313653136531366"
"8","0","95","4.007547169811321","20","265","503","9.358490566037736"
"12","0.25","66","4","19","269","293","9.234200743494425"
"9","0","76","4","22","261","409","9.233716475095786"
"8","0","96","4.007575757575758","20","264","503","9.340909090909092"
"7","0","106","4.007380073800738","18","271","561","9.276752767527675"
"9","0","77","4","22","259","409","9.150579150579151"
"7","0","107","4.007407407407407","18","270","561","9.237037037037037"
"9","0","78","4","24","257","409","9.066147859922179"
"11","0.25","55","4","8","302","378","9.245033112582782"
"7","0","108","4.007462686567164","18","268","561","9.156716417910447"
"10","0","61","3.740072202166065","21","277","390","9.31407942238267"
"11","0.25","56","4","8","299","378","9.143812709030101"
"10","0","62","4.014598540145985","23","274","390","9.204379562043796"
"12","0.25","67","4","19","268","305","9.283582089552239"
"11","0.25","57","4","8","298","378","9.10738255033557"
"12","0.25","68","4","19","267","305","9.243445692883896"
"10","0","63","4","23","274","390","9.204379562043796"
"12","0.25","69","4","20","264","305","9.128787878787879"
"9","0","79","4","24","257","439","9.299610894941635"
"8","0","97","3.686411149825784","20","287","520","9.226480836236934"
"9","0","80","4","24","257","439","9.299610894941635"
"8","0","98","4.003496503496503","21","286","520","9.188811188811188"
"9","0","81","4","25","255","439","9.215686274509803"
"8","0","99","3.9965034965034967","21","286","520","9.188811188811188"
"7","0","109","3.7809187279151946","18","283","580","9.257950530035336"
"10","0","64","4","23","271","407","9.217712177121772"
"12","0.25","70","4","20","263","331","9.285171102661597"
"7","0","110","4.00355871886121","18","281","580","9.238434163701067"
"10","0","65","4","24","269","407","9.159851301115241"
"12","0.25","71","4","20","263","331","9.285171102661597"
"11","0.25","58","4","8","298","414","9.348993288590604"
"7","0","111","4","18","281","580","9.238434163701067"
"11","0.25","59","4","8","298","414","9.348993288590604"
"12","0.25","72","4","20","259","331","9.11969111969112"
"10","0","66","4","24","269","407","9.159851301115241"
"9","0","82","4","25","254","460","9.338582677165354"
"8","0","100","3.9964912280701754","21","285","531","9.228070175438596"
"11","0.25","60","4","8","297","414","9.313131313131313"
"9","0","83","4","25","253","460","9.296442687747035"
"8","0","101","3.99644128113879","22","281","531","9.08185053380783"
"9","0","84","4","25","252","460","9.253968253968255"
"8","0","102","3.9964285714285714","22","280","531","9.042857142857143"
"7","0","112","4","18","281","591","9.316725978647687"
"7","0","113","4","18","281","591","9.316725978647687"
"7","0","114","4","18","280","591","9.278571428571428"
"10","0","67","4","24","269","433","9.353159851301115"
"10","0","68","4","24","269","433","9.353159851301115"
"12","0.25","73","3.7941176470588234","20","272","358","9.308823529411764"
"8","0","103","3.996415770609319","23","279","560","9.21146953405018"
"10","0","69","4","24","268","433","9.328358208955224"
"12","0.25","74","3.9963235294117645","20","272","358","9.308823529411764"
"8","0","104","3.9964028776978417","24","278","560","9.172661870503598"
"9","0","85","3.7333333333333334","25","270","483","9.333333333333334"
"11","0.25","61","3.688473520249221","8","321","431","9.171339563862928"
"7","0","115","4","19","279","601","9.311827956989248"
"12","0.25","75","4","20","272","358","9.308823529411764"
"8","0","105","3.9963636363636366","26","275","560","9.054545454545455"
"9","0","86","4","25","270","483","9.333333333333334"
"7","0","116","4","19","279","601","9.311827956989248"
"11","0.25","62","3.996875","9","320","431","9.1375"
"9","0","87","4","25","269","483","9.301115241635689"
"7","0","117","4","19","278","601","9.273381294964029"
"11","0.25","63","4","9","319","431","9.16614420062696"
"10","0","70","4","25","266","446","9.345864661654135"
"12","0.25","76","4","20","271","364","9.313653136531366"
"10","0","71","4","25","264","446","9.265151515151516"
"12","0.25","77","4","20","270","364","9.274074074074074"
"10","0","72","4","25","263","446","9.224334600760455"
"9","0","88","4","25","269","490","9.353159851301115"
"12","0.25","78","4","21","268","364","9.194029850746269"
"8","0","106","3.9963369963369964","27","273","588","9.186813186813186"
"7","0","118","4","19","277","614","9.335740072202166"
"9","0","89","4","25","268","490","9.313432835820896"
"7","0","119","4","19","276","614","9.297101449275363"
"8","0","107","3.9963235294117645","27","272","588","9.147058823529411"
"11","0.25","64","4","9","318","436","9.163522012578616"
"9","0","90","4","25","268","490","9.313432835820896"
"7","0","120","4","20","273","614","9.186813186813186"
"8","0","108","3.9963235294117645","27","272","588","9.147058823529411"
"11","0.25","65","4","9","318","436","9.163522012578616"
"11","0.25","66","4","9","316","436","9.094936708860759"
"12","0.25","79","4","21","267","384","9.303370786516854"
"12","0.25","80","4","21","267","384","9.303370786516854"
"12","0.25","81","4","21","267","384","9.303370786516854"
"9","0","91","4","25","268","501","9.395522388059701"
"10","0","73","3.7163120567375887","26","282","475","9.290780141843971"
"9","0","92","4","26","266","501","9.31578947368421"
"10","0","74","3.99288256227758","27","281","475","9.252669039145907"
"9","0","93","4","26","266","501","9.31578947368421"
"13","0.25","0","4.181069958847736","0","243","0","9.11111111111111"
"11","0.25","67","4.003174603174603","9","315","457","9.193650793650793"
"10","0","75","4","28","279","475","9.175627240143369"
"8","0","109","3.6476510067114094","27","298","613","9.174496644295303"
"12","0.25","82","4","21","266","402","9.428571428571429"
"11","0.25","68","4.006369426751593","9","314","457","9.159235668789808"
"8","0","110","4","27","298","613","9.174496644295303"
"12","0.25","83","4","21","265","402","9.388679245283019"
"11","0.25","69","4","9","313","457","9.124600638977636"
"12","0.25","84","4","21","265","402","9.388679245283019"
"8","0","111","4","27","297","613","9.138047138047138"
"9","0","94","4","26","266","513","9.406015037593985"
"13","0.25","1","4.025","0","240","31","9.233333333333333"
"9","0","95","4","26","266","513","9.406015037593985"
"13","0.25","2","4.00418410041841","0","239","31","9.196652719665272"
"9","0","96","4","26","266","513","9.406015037593985"
"13","0.25","3","3.99581589958159","0","239","31","9.196652719665272"
"10","0","76","4","28","279","500","9.35483870967742"
"10","0","77","4","28","279","500","9.35483870967742"
"8","0","112","4","28","296","625","9.182432432432432"
"10","0","78","4","29","278","500","9.316546762589928"
"11","0.25","70","4","9","311","476","9.17684887459807"
"8","0","113","4","28","294","625","9.170068027210885"
"12","0.25","85","3.4966887417218544","21","302","414","9.019867549668874"
"8","0","114","4","28","294","625","9.170068027210885"
"11","0.25","71","4","9","310","476","9.193548387096774"
"12","0.25","86","3.9834437086092715","21","302","414","9.019867549668874"
"13","0.25","4","4","0","239","68","9.506276150627615"
"9","0","97","3.74468085106383","26","282","527","9.312056737588652"
"11","0.25","72","4","9","310","476","9.193548387096774"
"13","0.25","5","4","1","238","68","9.470588235294118"
"12","0.25","87","4","21","301","414","8.983388704318937"
"9","0","98","4","26","282","527","9.312056737588652"
"13","0.25","6","4","1","238","68","9.470588235294118"
"10","0","79","4","30","277","513","9.371841155234657"
"9","0","99","4","27","281","527","9.274021352313166"
"10","0","80","4","31","276","513","9.340579710144928"
"8","0","115","4","28","294","638","9.258503401360544"
"10","0","81","4","31","274","513","9.27007299270073"
"8","0","116","4","28","294","638","9.258503401360544"
"8","0","117","4","28","293","638","9.22184300341297"
"13","0.25","7","4","1","238","86","9.621848739495798"
"12","0.25","88","4","21","301","432","9.102990033222591"
"9","0","100","4","27","279","534","9.283154121863799"
"13","0.25","8","4","1","238","86","9.621848739495798"
"12","0.25","89","4","21","300","432","9.066666666666666"
"13","0.25","9","4","1","238","86","9.621848739495798"
"9","0","101","4","27","279","534","9.283154121863799"
"12","0.25","90","4","21","299","432","9.03010033444816"
"9","0","102","4","27","278","534","9.266187050359711"
"11","0.25","73","3.8990536277602525","9","317","502","9.406940063091483"
"10","0","82","4","31","274","531","9.401459854014599"
"11","0.25","74","4","9","317","502","9.406940063091483"
"13","0.25","10","4","1","238","95","9.697478991596638"
"8","0","118","4","29","291","653","9.25085910652921"
"10","0","83","4","31","274","531","9.401459854014599"
"13","0.25","11","4","1","238","95","9.697478991596638"
"11","0.25","75","4","9","317","502","9.406940063091483"
"8","0","119","4","29","290","653","9.213793103448277"
"10","0","84","4","32","272","531","9.323529411764707"
"13","0.25","12","4","1","238","95","9.697478991596638"
"8","0","120","4","30","289","653","9.176470588235293"
"9","0","103","4","27","277","553","9.364620938628159"
"12","0.25","91","4","23","297","446","9.057239057239057"
"9","0","104","4","27","276","553","9.326086956521738"
"12","0.25","92","4","23","297","446","9.057239057239057"
"9","0","105","4","27","275","553","9.294545454545455"
"12","0.25","93","4","23","296","446","9.02027027027027"
"11","0.25","76","4","10","316","512","9.436708860759493"
"13","0.25","13","3.732283464566929","1","254","98","9.433070866141732"
"11","0.25","77","4","10","315","512","9.403174603174604"
"13","0.25","14","4.0078740157480315","1","254","98","9.433070866141732"
"11","0.25","78","4","10","314","512","9.369426751592357"
"13","0.25","15","3.9960629921259843","1","254","98","9.433070866141732"
"14","0.25","0","3.8839285714285716","0","224","0","9.125"
"10","0","85","3.8439716312056738","33","282","552","9.404255319148936"
"9","0","106","4","28","274","574","9.408759124087592"
"10","0","86","4.00354609929078","33","282","552","9.404255319148936"
"9","0","107","4","28","274","574","9.408759124087592"
"13","0.25","16","4","2","253","106","9.454545454545455"
"12","0.25","94","4","23","295","466","9.11864406779661"
"10","0","87","4.00355871886121","33","281","552","9.366548042704625"
"13","0.25","17","4","2","252","106","9.420634920634921"
"9","0","108","4","28","274","574","9.408759124087592"
"12","0.25","95","4","23","294","466","9.081632653061224"
"13","0.25","18","4","2","252","106","9.420634920634921"
"12","0.25","96","4","24","293","466","9.044368600682594"
"14","0.25","1","3.9641255605381165","0","223","32","9.36322869955157"
"11","0.25","79","4","11","312","528","9.403846153846153"
"14","0.25","2","4.004504504504505","0","222","32","9.333333333333334"
"11","0.25","80","4","11","312","528","9.403846153846153"
"14","0.25","3","4","1","221","32","9.285067873303168"
"10","0","88","4.003584229390681","34","279","559","9.340501792114695"
"13","0.25","19","4","2","251","108","9.394422310756973"
"11","0.25","81","4","11","310","528","9.35483870967742"
"10","0","89","4.007246376811594","34","276","559","9.282608695652174"
"13","0.25","20","4","3","249","108","9.373493975903614"
"13","0.25","21","4","3","247","108","9.287449392712551"
"10","0","90","4.007299270072993","36","274","559","9.204379562043796"
"9","0","109","3.752577319587629","28","291","592","9.278350515463918"
"14","0.25","4","4","1","220","60","9.49090909090909"
"14","0.25","5","4","1","219","60","9.442922374429223"
"9","0","110","4","28","291","592","9.278350515463918"
"14","0.25","6","4","1","216","60","9.314814814814815"
"9","0","111","4.006920415224913","28","289","592","9.259515570934257"
"13","0.25","22","4","3","246","127","9.439024390243903"
"11","0.25","82","4","12","306","544","9.320261437908497"
"12","0.25","97","3.803921568627451","25","306","502","9.27450980392157"
"13","0.25","23","4","3","246","127","9.439024390243903"
"12","0.25","98","4","26","304","502","9.217105263157896"
"11","0.25","83","4","12","306","544","9.320261437908497"
"13","0.25","24","4","3","246","127","9.439024390243903"
"10","0","91","4.007299270072993","36","274","584","9.386861313868613"
"12","0.25","99","4.003289473684211","26","304","502","9.217105263157896"
"14","0.25","7","4","1","216","84","9.537037037037036"
"11","0.25","84","4","12","306","544","9.320261437908497"
"9","0","112","4.006920415224913","28","289","605","9.349480968858131"
"14","0.25","8","4","1","215","84","9.497674418604651"
"10","0","92","4.007299270072993","36","274","584","9.386861313868613"
"9","0","113","4.006944444444445","28","288","605","9.3125"
"10","0","93","4.003663003663004","37","273","584","9.347985347985349"
"14","0.25","9","4","1","214","84","9.457943925233645"
"9","0","114","4.006968641114983","29","287","605","9.282229965156795"
"13","0.25","25","3.7132075471698114","3","265","133","9.169811320754716"
"14","0.25","10","4","1","214","108","9.682242990654206"
"13","0.25","26","4.033962264150944","3","265","133","9.169811320754716"
"12","0.25","100","4.003322259136213","27","301","521","9.255813953488373"
"14","0.25","11","4","1","213","108","9.633802816901408"
"13","0.25","27","4.018939393939394","3","264","133","9.181818181818182"
"14","0.25","12","4","2","211","108","9.535545023696683"
"12","0.25","101","4.003355704697986","28","298","521","9.14765100671141"
"10","0","94","4","37","272","604","9.455882352941176"
"9","0","115","4.006968641114983","29","287","611","9.32404181184669"
"10","0","95","4","37","272","604","9.455882352941176"
"12","0.25","102","4","29","297","521","9.11111111111111"
"9","0","116","4.007017543859649","29","285","611","9.256140350877192"
"10","0","96","4","37","272","604","9.455882352941176"
"11","0.25","85","3.8125","13","320","572","9.36875"
"9","0","117","4.007017543859649","29","285","611","9.256140350877192"
"13","0.25","28","4.015209125475285","3","263","144","9.224334600760455"
"11","0.25","86","4.009375","13","320","572","9.36875"
"13","0.25","29","4.015209125475285","3","263","144","9.224334600760455"
"14","0.25","13","3.6363636363636362","2","231","123","9.2987012987013"
"11","0.25","87","4.012578616352202","14","318","572","9.30188679245283"
"13","0.25","30","4.015267175572519","3","262","144","9.251908396946565"
"14","0.25","14","3.9956709956709955","2","231","123","9.2987012987013"
"14","0.25","15","4.004329004329004","2","231","123","9.2987012987013"
"9","0","118","3.9964664310954063","29","283","625","9.349823321554771"
"12","0.25","103","4","30","294","551","9.204081632653061"
"9","0","119","3.99645390070922","29","282","625","9.319148936170214"
"13","0.25","31","4.015267175572519","3","262","152","9.312977099236642"
"12","0.25","104","4","31","293","551","9.167235494880545"
"10","0","97","3.7006802721088436","37","294","615","9.19047619047619"
"14","0.25","16","3.9956709956709955","2","231","132","9.376623376623376"
"9","0","120","3.99645390070922","29","282","625","9.319148936170214"
"13","0.25","32","4.015325670498084","4","261","152","9.272030651340996"
"12","0.25","105","4","31","293","551","9.167235494880545"
"10","0","98","4.0034364261168385","37","291","615","9.079037800687285"
"14","0.25","17","3.995633187772926","3","229","132","9.283842794759826"
"11","0.25","88","4.006329113924051","15","316","588","9.335443037974683"
"13","0.25","33","4.015444015444015","4","259","152","9.227799227799228"
"14","0.25","18","4","4","227","132","9.251101321585903"
"10","0","99","4.006920415224913","37","289","615","9.003460207612457"
"11","0.25","89","4.006389776357827","16","313","588","9.297124600638977"
"11","0.25","90","4.006472491909385","19","309","588","9.177993527508091"
"14","0.25","19","4","4","227","143","9.348017621145374"
"13","0.25","34","4.015503875968992","4","258","167","9.30232558139535"
"14","0.25","20","4","4","227","143","9.348017621145374"
"13","0.25","35","4.015503875968992","4","258","167","9.30232558139535"
"14","0.25","21","4","4","226","143","9.300884955752212"
"12","0.25","106","4","32","291","584","9.326460481099657"
"13","0.25","36","4.01556420233463","5","257","167","9.26070038910506"
"15","0.25","0","3.8884297520661155","0","242","0","9.214876033057852"
"10","0","100","4.006968641114983","37","287","635","9.066202090592334"
"12","0.25","107","4","32","291","584","9.326460481099657"
"10","0","101","4.014035087719298","37","285","635","8.989473684210527"
"12","0.25","108","4","32","289","584","9.273356401384083"
"14","0.25","22","4","5","225","152","9.333333333333334"
"10","0","102","4.01418439716312","39","282","635","8.879432624113475"
"14","0.25","23","4","5","225","152","9.333333333333334"
"11","0.25","91","4.0064935064935066","19","308","617","9.331168831168831"
"14","0.25","24","4","5","224","152","9.348214285714286"
"15","0.25","1","3.9834710743801653","0","242","18","9.363636363636363"
"11","0.25","92","4.003246753246753","19","308","617","9.331168831168831"
"15","0.25","2","4","0","242","18","9.363636363636363"
"11","0.25","93","4","19","307","617","9.296416938110749"
"13","0.25","37","3.836431226765799","5","269","181","9.278810408921933"
"15","0.25","3","4.004166666666666","2","240","18","9.283333333333333"
"13","0.25","38","4.022388059701493","6","268","181","9.238805970149254"
"13","0.25","39","4.018656716417911","6","268","181","9.238805970149254"
"14","0.25","25","3.6408163265306124","5","245","163","9.077551020408164"
"14","0.25","26","4","5","243","163","8.987654320987655"
"10","0","103","4.01418439716312","39","282","668","9.113475177304965"
"15","0.25","4","3.9916666666666667","2","240","41","9.475"
"14","0.25","27","3.995850622406639","5","241","163","8.896265560165975"
"12","0.25","109","3.6687898089171975","33","314","617","9.242038216560509"
"10","0","104","3.992857142857143","40","280","668","9.035714285714286"
"15","0.25","5","3.995833333333333","2","240","41","9.475"
"13","0.25","40","4.014925373134329","6","268","188","9.291044776119403"
"11","0.25","94","4","19","305","644","9.40983606557377"
"12","0.25","110","4.006369426751593","33","314","617","9.242038216560509"
"10","0","105","3.992857142857143","40","280","668","9.035714285714286"
"15","0.25","6","4","2","240","41","9.475"
"13","0.25","41","4.01498127340824","6","267","188","9.250936329588015"
"11","0.25","95","4","19","303","644","9.33993399339934"
"12","0.25","111","4","34","312","617","9.173076923076923"
"13","0.25","42","4.015037593984962","6","266","188","9.210526315789474"
"11","0.25","96","4","19","303","644","9.33993399339934"
"14","0.25","28","3.995833333333333","5","240","180","8.991666666666667"
"14","0.25","29","4","5","240","180","8.991666666666667"
"15","0.25","7","4","3","238","54","9.495798319327731"
"14","0.25","30","4","5","240","180","8.991666666666667"
"15","0.25","8","4","3","238","54","9.495798319327731"
"15","0.25","9","4","5","235","54","9.37872340425532"
"13","0.25","43","4.015037593984962","6","266","197","9.278195488721805"
"10","0","106","3.9927797833935017","40","277","697","9.133574007220217"
"13","0.25","44","4.015151515151516","6","264","197","9.219696969696969"
"12","0.25","112","4","35","311","627","9.202572347266882"
"10","0","107","3.9927536231884058","40","276","697","9.094202898550725"
"13","0.25","45","4.015209125475285","6","263","197","9.1787072243346"
"12","0.25","113","4","35","311","627","9.202572347266882"
"10","0","108","3.9927536231884058","40","276","697","9.094202898550725"
"14","0.25","31","4","5","236","199","8.966101694915254"
"12","0.25","114","4","36","310","627","9.167741935483871"
"14","0.25","32","4","5","236","199","8.966101694915254"
"15","0.25","10","4","5","235","80","9.6"
"14","0.25","33","4","5","234","199","8.871794871794872"
"11","0.25","97","3.810725552050473","19","317","669","9.419558359621451"
"15","0.25","11","4","5","235","80","9.6"
"13","0.25","46","4.015325670498084","6","261","216","9.241379310344827"
"15","0.25","12","4","5","235","80","9.6"
"11","0.25","98","4.003164556962025","19","316","669","9.386075949367088"
"13","0.25","47","4.015325670498084","6","261","216","9.241379310344827"
"11","0.25","99","4.003174603174603","19","315","669","9.352380952380953"
"13","0.25","48","4.015325670498084","6","261","216","9.241379310344827"
"12","0.25","115","4","36","309","650","9.281553398058252"
"14","0.25","34","4","6","233","230","9.090128755364807"
"12","0.25","116","4","36","306","650","9.176470588235293"
"14","0.25","35","4","6","233","230","9.090128755364807"
"15","0.25","13","3.900414937759336","5","241","94","9.634854771784232"
"14","0.25","36","4","6","233","230","9.090128755364807"
"10","0","109","3.7474402730375425","40","293","721","9.255972696245733"
"12","0.25","117","4","36","306","650","9.176470588235293"
"15","0.25","14","3.99163179916318","5","239","94","9.548117154811715"
"11","0.25","100","4","19","313","679","9.39297124600639"
"10","0","110","3.9965870307167237","40","293","721","9.255972696245733"
"15","0.25","15","3.99163179916318","5","239","94","9.548117154811715"
"10","0","111","4","40","292","721","9.219178082191782"
"11","0.25","101","4","19","313","679","9.39297124600639"
"11","0.25","102","4","19","313","679","9.39297124600639"
"13","0.25","49","3.8095238095238093","8","273","229","9.296703296703297"
"13","0.25","50","3.996309963099631","9","271","229","9.217712177121772"
"15","0.25","16","3.9915611814345993","5","237","104","9.544303797468354"
"13","0.25","51","3.9925925925925925","9","270","229","9.177777777777777"
"15","0.25","17","3.9914529914529915","6","234","104","9.418803418803419"
"14","0.25","37","3.7429718875502007","6","249","253","9.261044176706827"
"12","0.25","118","4","36","305","674","9.318032786885245"
"15","0.25","18","3.9914529914529915","6","234","104","9.418803418803419"
"14","0.25","38","4.012145748987854","6","247","253","9.206477732793521"
"12","0.25","119","4","36","304","674","9.282894736842104"
"10","0","112","4","40","291","734","9.271477663230241"
"14","0.25","39","4.004065040650406","6","246","253","9.16260162601626"
"11","0.25","103","4","19","312","692","9.442307692307692"
"12","0.25","120","4","36","304","674","9.282894736842104"
"10","0","113","4","40","291","734","9.271477663230241"
"11","0.25","104","4","19","311","692","9.408360128617364"
"13","0.25","52","3.992565055762082","10","269","247","9.271375464684015"
"15","0.25","19","3.9913419913419914","6","231","123","9.454545454545455"
"10","0","114","4","40","290","734","9.23448275862069"
"11","0.25","105","4","19","310","692","9.374193548387098"
"14","0.25","40","4","6","245","264","9.208163265306123"
"13","0.25","53","4","10","267","247","9.198501872659175"
"15","0.25","20","3.991304347826087","6","230","123","9.408695652173913"
"14","0.25","41","4","6","245","264","9.208163265306123"
"13","0.25","54","4","10","266","247","9.157894736842104"
"15","0.25","21","3.991228070175439","6","228","123","9.31578947368421"
"14","0.25","42","4","6","244","264","9.221311475409836"
"11","0.25","106","4","19","310","710","9.490322580645161"
"16","0.25","0","4.052","0","250","0","9.12"
"10","0","115","4","40","289","751","9.314878892733564"
"15","0.25","22","3.991228070175439","6","228","145","9.508771929824562"
"14","0.25","43","4","7","241","277","9.195020746887966"
"10","0","116","4","40","289","751","9.314878892733564"
"13","0.25","55","4","11","264","269","9.25"
"11","0.25","107","4","20","308","710","9.422077922077921"
"15","0.25","23","3.9911894273127753","6","227","145","9.48898678414097"
"14","0.25","44","4","7","241","277","9.195020746887966"
"13","0.25","56","4","11","264","269","9.25"
"10","0","117","4","41","288","751","9.277777777777779"
"15","0.25","24","3.9911894273127753","6","227","145","9.48898678414097"
"14","0.25","45","4","7","241","277","9.195020746887966"
"11","0.25","108","4","21","305","710","9.344262295081966"
"13","0.25","57","4","11","264","269","9.25"
"16","0.25","1","4.008064516129032","1","248","29","9.274193548387096"
"14","0.25","46","4","7","241","296","9.352697095435685"
"16","0.25","2","4.004048582995951","1","247","29","9.23076923076923"
"14","0.25","47","4","7","241","296","9.352697095435685"
"13","0.25","58","4","11","263","290","9.368821292775666"
"15","0.25","25","3.552941176470588","6","255","161","9.035294117647059"
"10","0","118","4","41","286","772","9.391608391608392"
"16","0.25","3","4","1","246","29","9.195121951219512"
"14","0.25","48","4","7","239","296","9.263598326359833"
"13","0.25","59","4","11","262","290","9.32824427480916"
"15","0.25","26","4.015686274509804","6","255","161","9.035294117647059"
"10","0","119","4","41","285","772","9.35438596491228"
"13","0.25","60","4","12","261","290","9.28735632183908"
"15","0.25","27","3.992156862745098","6","255","161","9.035294117647059"
"10","0","120","4","41","284","772","9.316901408450704"
"11","0.25","109","3.729230769230769","21","325","726","9.316923076923077"
"11","0.25","110","3.996913580246914","21","324","726","9.283950617283951"
"15","0.25","28","4.003921568627451","6","255","170","9.105882352941176"
"16","0.25","4","4","1","246","58","9.43089430894309"
"14","0.25","49","3.748031496062992","7","254","312","9.259842519685039"
"15","0.25","29","4.003937007874016","6","254","170","9.062992125984252"
"16","0.25","5","4","1","246","58","9.43089430894309"
"11","0.25","111","4","21","323","726","9.25077399380805"
"14","0.25","50","4","7","253","312","9.217391304347826"
"15","0.25","30","4","6","254","170","9.062992125984252"
"16","0.25","6","4","1","245","58","9.387755102040817"
"14","0.25","51","4","8","251","312","9.131474103585658"
"13","0.25","61","3.8810408921933086","12","269","315","9.524163568773234"
"13","0.25","62","4","13","267","315","9.44569288389513"
"13","0.25","63","4","13","266","315","9.413533834586467"
"15","0.25","31","4","6","253","178","9.08300395256917"
"17","0.25","0","4.2047244094488185","0","254","0","9.165354330708661"
"15","0.25","32","4","6","252","178","9.03968253968254"
"16","0.25","7","4","1","245","78","9.551020408163266"
"11","0.25","112","4","21","323","745","9.368421052631579"
"14","0.25","52","4","8","250","331","9.24"
"15","0.25","33","4","7","250","178","8.952"
"16","0.25","8","4","1","244","78","9.508196721311476"
"14","0.25","53","4","8","249","331","9.196787148594378"
"11","0.25","113","4","21","321","745","9.302180685358255"
"16","0.25","9","4","1","243","78","9.465020576131687"
"13","0.25","64","4","14","264","324","9.401515151515152"
"14","0.25","54","4","8","247","331","9.117408906882591"
"11","0.25","114","4","21","320","745","9.26875"
"13","0.25","65","4","14","263","324","9.361216730038024"
"13","0.25","66","4","14","263","324","9.361216730038024"
"15","0.25","34","4","8","249","198","9.068273092369479"
"17","0.25","1","4.0396825396825395","1","252","29","9.30952380952381"
"16","0.25","10","4","1","242","92","9.537190082644628"
"15","0.25","35","4","8","248","198","9.048387096774194"
"16","0.25","11","4","1","242","92","9.537190082644628"
"17","0.25","2","3.99601593625498","1","251","29","9.266932270916335"
"14","0.25","55","4","8","247","359","9.34412955465587"
"15","0.25","36","4","8","247","198","9.004048582995951"
"16","0.25","12","4","1","239","92","9.430962343096235"
"14","0.25","56","4","8","245","359","9.26530612244898"
"17","0.25","3","3.992","2","250","29","9.232"
"13","0.25","67","4","14","263","340","9.482889733840304"
"14","0.25","57","4","8","244","359","9.221311475409836"
"11","0.25","115","4","21","319","766","9.366771159874608"
"13","0.25","68","4","15","260","340","9.361538461538462"
"11","0.25","116","4","21","318","766","9.333333333333334"
"13","0.25","69","4","16","259","340","9.32046332046332"
"11","0.25","117","4","21","317","766","9.299684542586752"
"14","0.25","58","4","8","244","384","9.426229508196721"
"15","0.25","37","3.6457564575645756","8","271","213","8.981549815498155"
"17","0.25","4","3.9919354838709675","2","248","58","9.379032258064516"
"14","0.25","59","4","8","244","384","9.426229508196721"
"16","0.25","13","3.6589147286821704","1","258","115","9.30232558139535"
"15","0.25","38","4.007407407407407","8","270","213","8.940740740740742"
"17","0.25","5","3.995967741935484","2","248","58","9.379032258064516"
"14","0.25","60","4","9","243","384","9.382716049382717"
"16","0.25","14","3.992248062015504","1","258","115","9.30232558139535"
"15","0.25","39","4.0111940298507465","9","268","213","8.902985074626866"
"17","0.25","6","3.9959349593495936","3","246","58","9.300813008130081"
"13","0.25","70","4","16","259","361","9.482625482625483"
"16","0.25","15","4","1","258","115","9.30232558139535"
"13","0.25","71","4","16","259","361","9.482625482625483"
"11","0.25","118","4","21","317","787","9.43217665615142"
"13","0.25","72","4","17","258","361","9.44186046511628"
"11","0.25","119","4","21","317","787","9.43217665615142"
"16","0.25","16","4","1","258","124","9.372093023255815"
"15","0.25","40","4.003731343283582","9","268","229","9.022388059701493"
"11","0.25","120","4","21","314","787","9.363057324840764"
"16","0.25","17","4","2","256","124","9.2890625"
"14","0.25","61","3.734375","10","256","398","9.3125"
"15","0.25","41","4.00374531835206","9","267","229","9.02621722846442"
"14","0.25","62","4.015686274509804","11","255","398","9.270588235294118"
"17","0.25","7","3.9959349593495936","3","246","85","9.520325203252032"
"16","0.25","18","4","2","254","124","9.204724409448819"
"15","0.25","42","4.003759398496241","9","266","229","8.984962406015038"
"14","0.25","63","4.007905138339921","11","253","398","9.233201581027668"
"17","0.25","8","4","3","246","85","9.520325203252032"
"13","0.25","73","3.7381818181818183","18","275","377","9.309090909090909"
"17","0.25","9","4","4","245","85","9.477551020408164"
"13","0.25","74","4.0036496350364965","19","274","377","9.27007299270073"
"14","0.25","64","4","11","253","416","9.375494071146244"
"13","0.25","75","4","19","273","377","9.23076923076923"
"18","0.25","0","3.9741379310344827","0","232","0","9.301724137931034"
"16","0.25","19","4","2","254","143","9.354330708661417"
"14","0.25","65","4","11","251","416","9.298804780876495"
"15","0.25","43","4","9","265","248","9.086792452830188"
"14","0.25","66","4","11","251","416","9.298804780876495"
"16","0.25","20","4","2","253","143","9.312252964426877"
"15","0.25","44","4","9","264","248","9.045454545454545"
"16","0.25","21","4","2","253","143","9.312252964426877"
"17","0.25","10","4","4","245","101","9.608163265306123"
"15","0.25","45","4","9","262","248","8.961832061068701"
"13","0.25","76","4","19","273","388","9.311355311355312"
"17","0.25","11","4","5","244","101","9.565573770491802"
"18","0.25","1","4.0344827586206895","0","232","22","9.491379310344827"
"13","0.25","77","4","19","273","388","9.311355311355312"
"14","0.25","67","4","11","251","431","9.418326693227092"
"17","0.25","12","4","5","242","101","9.487603305785123"
"18","0.25","2","4.008620689655173","0","232","22","9.491379310344827"
"13","0.25","78","4","19","273","388","9.311355311355312"
"14","0.25","68","4","11","250","431","9.376"
"16","0.25","22","4","2","253","155","9.40711462450593"
"18","0.25","3","4.004310344827586","0","232","22","9.491379310344827"
"14","0.25","69","4","11","249","431","9.333333333333334"
"16","0.25","23","4","3","250","155","9.28"
"15","0.25","46","4","9","262","269","9.122137404580153"
"16","0.25","24","4","3","249","155","9.244979919678714"
"15","0.25","47","4","9","262","269","9.122137404580153"
"15","0.25","48","4","9","260","269","9.061538461538461"
"18","0.25","4","4.004310344827586","0","232","36","9.612068965517242"
"13","0.25","79","4","19","273","398","9.384615384615385"
"14","0.25","70","4","11","249","441","9.413654618473895"
"18","0.25","5","4.004329004329004","0","231","36","9.567099567099566"
"13","0.25","80","4","19","272","398","9.345588235294118"
"14","0.25","71","4","13","246","441","9.284552845528456"
"18","0.25","6","4","0","231","36","9.567099567099566"
"13","0.25","81","4","21","269","398","9.28624535315985"
"14","0.25","72","4","16","243","441","9.168724279835391"
"17","0.25","13","3.5457875457875456","5","273","121","9.113553113553113"
"16","0.25","25","3.875486381322957","3","257","175","9.424124513618677"
"17","0.25","14","4","6","271","121","9.084870848708487"
"18","0.25","7","4.004329004329004","0","231","41","9.61038961038961"
"16","0.25","26","4","4","255","175","9.341176470588236"
"18","0.25","8","4.004347826086956","1","230","41","9.565217391304348"
"17","0.25","15","4.014869888475836","7","269","121","9.011152416356877"
"16","0.25","27","4","4","255","175","9.341176470588236"
"13","0.25","82","4","21","267","415","9.333333333333334"
"15","0.25","49","3.727598566308244","9","279","290","9.168458781362007"
"18","0.25","9","4","1","230","41","9.565217391304348"
"13","0.25","83","4","21","267","415","9.333333333333334"
"15","0.25","50","4","9","278","290","9.129496402877697"
"13","0.25","84","4","21","266","415","9.300751879699249"
"15","0.25","51","3.996376811594203","9","276","290","9.094202898550725"
"14","0.25","73","3.7065637065637067","16","259","474","9.274131274131275"
"16","0.25","28","4","4","255","188","9.443137254901961"
"18","0.25","10","4","1","230","50","9.643478260869566"
"16","0.25","29","4","4","254","188","9.401574803149606"
"14","0.25","74","4.011627906976744","16","258","474","9.232558139534884"
"18","0.25","11","4","1","229","50","9.615720524017467"
"16","0.25","30","4","4","254","188","9.401574803149606"
"17","0.25","16","4","7","268","135","9.074626865671641"
"14","0.25","75","4.007751937984496","16","258","474","9.232558139534884"
"18","0.25","12","4","2","228","50","9.596491228070175"
"17","0.25","17","4.003731343283582","7","268","135","9.074626865671641"
"15","0.25","52","3.9927536231884058","9","276","305","9.202898550724637"
"17","0.25","18","4","7","267","135","9.03370786516854"
"15","0.25","53","3.996376811594203","9","276","305","9.202898550724637"
"13","0.25","85","3.8411552346570397","21","277","432","9.35740072202166"
"14","0.25","76","4.0078125","16","256","484","9.2265625"
"16","0.25","31","4","4","254","198","9.48031496062992"
"18","0.25","13","3.6923076923076925","2","247","62","9.376518218623481"
"13","0.25","86","3.996389891696751","21","277","432","9.35740072202166"
"15","0.25","54","3.996376811594203","9","276","305","9.202898550724637"
"16","0.25","32","4","4","254","198","9.48031496062992"
"14","0.25","77","4","17","254","484","9.141732283464567"
"18","0.25","14","4.004081632653061","2","245","62","9.289795918367346"
"13","0.25","87","4","21","276","432","9.318840579710145"
"16","0.25","33","4","4","254","198","9.48031496062992"
"14","0.25","78","4","18","252","484","9.063492063492063"
"18","0.25","15","4.004081632653061","2","245","62","9.289795918367346"
"17","0.25","19","4","7","266","154","9.135338345864662"
"16","0.25","34","4","4","253","205","9.494071146245059"
"13","0.25","88","4","21","274","441","9.313868613138686"
"18","0.25","16","4.004098360655738","2","244","71","9.319672131147541"
"15","0.25","55","3.996376811594203","9","276","321","9.318840579710145"
"17","0.25","20","4","8","264","154","9.053030303030303"
"16","0.25","35","4","4","253","205","9.494071146245059"
"13","0.25","89","4","22","273","441","9.282051282051283"
"18","0.25","17","4.0041322314049586","3","242","71","9.231404958677686"
"15","0.25","56","4","9","275","321","9.28"
"17","0.25","21","4","8","263","154","9.011406844106464"
"16","0.25","36","4","5","252","205","9.452380952380953"
"14","0.25","79","4","18","252","512","9.285714285714286"
"13","0.25","90","4","23","272","441","9.242647058823529"
"18","0.25","18","4","3","238","71","9.109243697478991"
"15","0.25","57","4","9","274","321","9.24087591240876"
"14","0.25","80","4","18","252","512","9.285714285714286"
"14","0.25","81","4","18","252","512","9.285714285714286"
"18","0.25","19","4","3","237","92","9.240506329113924"
"13","0.25","91","4","23","272","458","9.367647058823529"
"15","0.25","58","4","9","274","339","9.372262773722628"
"18","0.25","20","4","4","236","92","9.203389830508474"
"16","0.25","37","3.6654545454545455","5","275","220","9.192727272727273"
"14","0.25","82","4","18","252","530","9.428571428571429"
"13","0.25","92","4","23","272","458","9.367647058823529"
"17","0.25","22","4","8","263","177","9.186311787072244"
"15","0.25","59","4","10","273","339","9.333333333333334"
"18","0.25","21","4","4","234","92","9.11111111111111"
"17","0.25","23","4","8","263","177","9.186311787072244"
"14","0.25","83","4","18","252","530","9.428571428571429"
"16","0.25","38","4.010909090909091","5","275","220","9.192727272727273"
"13","0.25","93","4","23","272","458","9.367647058823529"
"15","0.25","60","4","10","272","339","9.294117647058824"
"17","0.25","24","4","8","262","177","9.145038167938932"
"14","0.25","84","4","19","250","530","9.352"
"16","0.25","39","4.0036496350364965","6","274","220","9.153284671532846"
"18","0.25","22","4","5","233","116","9.270386266094421"
"13","0.25","94","4","25","270","474","9.407407407407407"
"18","0.25","23","4","5","231","116","9.177489177489177"
"16","0.25","40","4","7","273","228","9.172161172161172"
"13","0.25","95","4","25","270","474","9.407407407407407"
"18","0.25","24","4","5","231","116","9.177489177489177"
"16","0.25","41","4","7","273","228","9.172161172161172"
"13","0.25","96","4","25","270","474","9.407407407407407"
"14","0.25","85","3.717472118959108","19","269","547","9.271375464684015"
"16","0.25","42","4","7","273","228","9.172161172161172"
"15","0.25","61","3.8175438596491227","10","285","355","9.27719298245614"
"14","0.25","86","4","20","267","547","9.191011235955056"
"15","0.25","62","4.017605633802817","11","284","355","9.23943661971831"
"17","0.25","25","3.7285714285714286","8","280","197","9.25"
"14","0.25","87","4","20","265","547","9.10943396226415"
"15","0.25","63","4.007067137809187","11","283","355","9.201413427561837"
"17","0.25","26","4.003584229390681","9","279","197","9.21146953405018"
"16","0.25","43","4","7","273","238","9.245421245421245"
"17","0.25","27","4","9","279","197","9.21146953405018"
"18","0.25","25","3.6653386454183265","5","251","135","9.227091633466136"
"16","0.25","44","4","8","271","238","9.166051660516604"
"18","0.25","26","4.00398406374502","5","251","135","9.227091633466136"
"14","0.25","88","4","21","264","570","9.242424242424242"
"13","0.25","97","3.670103092783505","25","291","492","9.209621993127147"
"16","0.25","45","4","8","270","238","9.133333333333333"
"15","0.25","64","4.00711743772242","11","281","370","9.238434163701067"
"18","0.25","27","4.00398406374502","5","251","135","9.227091633466136"
"14","0.25","89","4","21","264","570","9.242424242424242"
"13","0.25","98","4.003460207612457","26","289","492","9.134948096885813"
"15","0.25","65","4.003584229390681","12","279","370","9.168458781362007"
"14","0.25","90","4","21","264","570","9.242424242424242"
"15","0.25","66","4","12","278","370","9.129496402877697"
"13","0.25","99","4","26","288","492","9.097222222222221"
"17","0.25","28","4","10","277","214","9.256317689530686"
"18","0.25","28","4.00398406374502","5","251","141","9.274900398406375"
"17","0.25","29","4","12","275","214","9.178181818181818"
"16","0.25","46","4","8","268","256","9.186567164179104"
"18","0.25","29","4.004032258064516","6","248","141","9.14516129032258"
"17","0.25","30","4","12","274","214","9.138686131386862"
"16","0.25","47","4","8","267","256","9.153558052434457"
"14","0.25","91","4","21","263","580","9.277566539923955"
"18","0.25","30","4","6","248","141","9.14516129032258"
"16","0.25","48","4","8","266","256","9.165413533834586"
"14","0.25","92","4","22","260","580","9.153846153846153"
"13","0.25","100","4","27","287","511","9.19163763066202"
"14","0.25","93","4","22","258","580","9.069767441860465"
"15","0.25","67","4","12","277","399","9.299638989169676"
"13","0.25","101","4","27","287","511","9.19163763066202"
"15","0.25","68","4","12","275","399","9.221818181818183"
"13","0.25","102","4","27","287","511","9.19163763066202"
"18","0.25","31","4","6","248","155","9.258064516129032"
"15","0.25","69","4","14","272","399","9.117647058823529"
"17","0.25","31","4","12","273","242","9.304029304029305"
"18","0.25","32","4","6","246","155","9.170731707317072"
"18","0.25","33","4","8","244","155","9.081967213114755"
"17","0.25","32","4","13","272","242","9.264705882352942"
"14","0.25","94","4","22","257","611","9.268482490272374"
"16","0.25","49","3.911439114391144","9","271","278","9.409594095940959"
"17","0.25","33","4","13","272","242","9.264705882352942"
"14","0.25","95","4","22","257","611","9.268482490272374"
"16","0.25","50","3.9962962962962965","9","270","278","9.37037037037037"
"13","0.25","103","4","27","286","529","9.27972027972028"
"14","0.25","96","4","22","256","611","9.2265625"
"13","0.25","104","4","27","286","529","9.27972027972028"
"16","0.25","51","3.9962962962962965","9","270","278","9.37037037037037"
"15","0.25","70","4","14","272","431","9.352941176470589"
"13","0.25","105","4","27","285","529","9.249122807017544"
"18","0.25","34","4","8","244","184","9.319672131147541"
"15","0.25","71","4","15","270","431","9.274074074074074"
"18","0.25","35","4","8","243","184","9.275720164609053"
"15","0.25","72","4","16","268","431","9.208955223880597"
"18","0.25","36","4","8","242","184","9.239669421487603"
"17","0.25","34","4","13","272","260","9.397058823529411"
"16","0.25","52","3.996282527881041","10","269","286","9.390334572490707"
"17","0.25","35","4","14","271","260","9.357933579335793"
"16","0.25","53","4","12","267","286","9.310861423220974"
"13","0.25","106","4","28","284","546","9.330985915492958"
"17","0.25","36","4","14","270","260","9.37037037037037"
"16","0.25","54","4","12","265","286","9.230188679245282"
"13","0.25","107","4","30","280","546","9.178571428571429"
"14","0.25","97","3.554006968641115","22","287","629","9.087108013937282"
"13","0.25","108","4","32","276","546","9.028985507246377"
"14","0.25","98","3.9930313588850175","22","287","629","9.087108013937282"
"18","0.25","37","3.8260869565217392","8","253","206","9.41501976284585"
"14","0.25","99","4.006968641114983","22","287","629","9.087108013937282"
"18","0.25","38","4","9","251","206","9.330677290836654"
"15","0.25","73","3.6955017301038064","16","289","454","9.134948096885813"
"18","0.25","39","4","10","250","206","9.288"
"16","0.25","55","4","12","264","314","9.401515151515152"
"15","0.25","74","4","16","288","454","9.11111111111111"
"16","0.25","56","4","12","264","314","9.401515151515152"
"15","0.25","75","4","16","287","454","9.073170731707316"
"16","0.25","57","4","12","264","314","9.401515151515152"
"14","0.25","100","4.003484320557491","22","287","637","9.142857142857142"
"14","0.25","101","4","22","286","637","9.104895104895105"
"17","0.25","37","3.482200647249191","14","309","276","9.119741100323624"
"18","0.25","40","4","10","249","220","9.389558232931726"
"14","0.25","102","4","22","283","637","8.989399293286219"
"17","0.25","38","4.016181229773463","14","309","276","9.119741100323624"
"18","0.25","41","4","10","248","220","9.346774193548388"
"18","0.25","42","4","11","247","220","9.303643724696355"
"17","0.25","39","4.006514657980456","14","307","276","9.04885993485342"
"13","0.25","109","3.741496598639456","32","294","579","9.360544217687075"
"16","0.25","58","4","13","263","327","9.460076045627376"
"13","0.25","110","4","33","292","579","9.287671232876713"
"15","0.25","76","4","19","283","471","9.03886925795053"
"16","0.25","59","4","14","262","327","9.419847328244275"
"13","0.25","111","4","34","290","579","9.213793103448277"
"15","0.25","77","4","19","282","471","9"
"16","0.25","60","4","14","262","327","9.419847328244275"
"14","0.25","103","4","22","279","658","9.025089605734767"
"15","0.25","78","4","19","282","471","9"
"18","0.25","43","4","11","247","234","9.417004048582996"
"14","0.25","104","4","22","277","658","8.953068592057761"
"18","0.25","44","4","11","247","234","9.417004048582996"
"14","0.25","105","4","23","276","658","8.91304347826087"
"17","0.25","40","4","14","306","296","9.143790849673202"
"18","0.25","45","4","11","247","234","9.417004048582996"
"17","0.25","41","4","16","304","296","9.078947368421053"
"13","0.25","112","4","35","288","613","9.409722222222221"
"17","0.25","42","4","16","303","296","9.049504950495049"
"16","0.25","61","3.8248175182481754","14","274","341","9.430656934306569"
"13","0.25","113","4","35","288","613","9.409722222222221"
"15","0.25","79","4","20","281","495","9.13167259786477"
"16","0.25","62","3.9963369963369964","15","273","341","9.391941391941392"
"18","0.25","46","4","11","247","245","9.506072874493928"
"13","0.25","114","4","35","287","613","9.372822299651569"
"15","0.25","80","4","20","281","495","9.13167259786477"
"16","0.25","63","4.011029411764706","16","272","341","9.352941176470589"
"18","0.25","47","4","12","246","245","9.463414634146341"
"14","0.25","106","4","23","276","696","9.18840579710145"
"15","0.25","81","4","20","281","495","9.13167259786477"
"18","0.25","48","4","12","244","245","9.385245901639344"
"14","0.25","107","4","24","274","696","9.124087591240876"
"14","0.25","108","4","24","273","696","9.091575091575091"
"16","0.25","64","4.014814814814815","17","270","349","9.333333333333334"
"17","0.25","43","4","16","303","319","9.201320132013201"
"13","0.25","115","4","36","284","638","9.471830985915492"
"16","0.25","65","4.014814814814815","17","270","349","9.333333333333334"
"17","0.25","44","4","16","302","319","9.165562913907285"
"13","0.25","116","4","36","283","638","9.448763250883392"
"15","0.25","82","4","20","281","507","9.217081850533807"
"16","0.25","66","4.01123595505618","18","267","349","9.213483146067416"
"17","0.25","45","4","16","301","319","9.129568106312293"
"13","0.25","117","4","36","283","638","9.448763250883392"
"15","0.25","83","4","20","281","507","9.217081850533807"
"18","0.25","49","3.8260869565217392","12","253","261","9.383399209486166"
"18","0.25","50","4.003952569169961","12","253","261","9.383399209486166"
"15","0.25","84","4","20","281","507","9.217081850533807"
"18","0.25","51","4.00796812749004","13","251","261","9.298804780876495"
"14","0.25","109","3.7517241379310344","24","290","723","9.172413793103448"
"16","0.25","67","4.011278195488722","19","266","379","9.398496240601503"
"13","0.25","118","4","36","283","649","9.526501766784452"
"14","0.25","110","4","24","290","723","9.172413793103448"
"16","0.25","68","4","19","266","379","9.398496240601503"
"13","0.25","119","4","37","281","649","9.451957295373665"
"18","0.25","52","4","13","251","277","9.426294820717132"
"17","0.25","46","4","17","299","341","9.210702341137123"
"14","0.25","111","4.003460207612457","24","289","723","9.134948096885813"
"16","0.25","69","4","19","266","379","9.398496240601503"
"18","0.25","53","4","13","251","277","9.426294820717132"
"13","0.25","120","4","37","280","649","9.414285714285715"
"17","0.25","47","4","18","297","341","9.138047138047138"
"18","0.25","54","4","14","249","277","9.349397590361447"
"15","0.25","85","3.7966101694915255","20","295","522","9.294915254237289"
"17","0.25","48","4","18","297","341","9.138047138047138"
"15","0.25","86","4.01360544217687","20","294","522","9.258503401360544"
"15","0.25","87","4.006802721088436","20","294","522","9.258503401360544"
"16","0.25","70","4","20","264","392","9.416666666666666"
"14","0.25","112","4","24","288","745","9.305555555555555"
"18","0.25","55","4","15","246","292","9.34959349593496"
"16","0.25","71","4","20","263","392","9.376425855513308"
"18","0.25","56","4","15","246","292","9.34959349593496"
"14","0.25","113","4","24","287","745","9.268292682926829"
"16","0.25","72","4","21","261","392","9.302681992337165"
"18","0.25","57","4","15","246","292","9.34959349593496"
"14","0.25","114","4","25","286","745","9.23076923076923"
"15","0.25","88","4.006872852233677","21","291","533","9.230240549828178"
"19","0.25","0","3.9681274900398407","0","251","0","9.155378486055778"
"15","0.25","89","4.006872852233677","21","291","533","9.230240549828178"
"15","0.25","90","4","21","289","533","9.155709342560554"
"18","0.25","58","4","16","245","308","9.43673469387755"
"18","0.25","59","4","16","244","308","9.39344262295082"
"14","0.25","115","4","25","285","756","9.27017543859649"
"17","0.25","49","3.8566775244299674","18","307","364","9.335504885993485"
"19","0.25","1","3.976","0","250","29","9.344"
"18","0.25","60","4","16","243","308","9.349794238683128"
"14","0.25","116","4","25","285","756","9.27017543859649"
"19","0.25","2","4.008064516129032","0","248","29","9.28225806451613"
"17","0.25","50","4.006535947712418","18","306","364","9.300653594771243"
"16","0.25","73","3.5724137931034483","22","290","415","9.110344827586207"
"14","0.25","117","4","25","281","756","9.124555160142348"
"19","0.25","3","4.008097165991903","0","247","29","9.238866396761134"
"17","0.25","51","3.99672131147541","18","305","364","9.265573770491804"
"16","0.25","74","3.996551724137931","22","290","415","9.110344827586207"
"15","0.25","91","4","22","288","558","9.291666666666666"
"16","0.25","75","4","22","289","415","9.07266435986159"
"15","0.25","92","4","22","288","558","9.291666666666666"
"15","0.25","93","4","23","287","558","9.254355400696864"
"18","0.25","61","3.6793893129770994","18","262","323","9.16793893129771"
"19","0.25","4","4","0","247","47","9.384615384615385"
"18","0.25","62","4","18","262","323","9.16793893129771"
"19","0.25","5","4","0","246","47","9.341463414634147"
"14","0.25","118","4","25","280","785","9.292857142857143"
"16","0.25","76","4.003460207612457","22","289","438","9.231833910034602"
"18","0.25","63","4","19","261","323","9.126436781609195"
"19","0.25","6","4","0","243","47","9.209876543209877"
"17","0.25","52","4","18","305","384","9.39672131147541"
"14","0.25","119","4","26","279","785","9.254480286738351"
"16","0.25","77","4.003484320557491","23","287","438","9.16376306620209"
"17","0.25","53","4","18","305","384","9.39672131147541"
"14","0.25","120","4","26","278","785","9.215827338129497"
"15","0.25","94","4","23","287","579","9.400696864111499"
"16","0.25","78","4","23","287","438","9.16376306620209"
"17","0.25","54","4","18","305","384","9.39672131147541"
"15","0.25","95","4","23","286","579","9.363636363636363"
"15","0.25","96","4","25","283","579","9.250883392226148"
"18","0.25","64","4","20","260","341","9.23076923076923"
"19","0.25","7","4","0","243","78","9.465020576131687"
"18","0.25","65","4","20","259","341","9.18918918918919"
"19","0.25","8","4","0","243","78","9.465020576131687"
"18","0.25","66","4","20","259","341","9.18918918918919"
"19","0.25","9","4","1","242","78","9.421487603305785"
"16","0.25","79","4","24","286","454","9.237762237762238"
"17","0.25","55","4","18","304","396","9.44078947368421"
"16","0.25","80","4","25","285","454","9.2"
"20","0.25","0","4.0894308943089435","0","246","0","9.178861788617887"
"16","0.25","81","4","25","283","454","9.151943462897526"
"17","0.25","56","4","19","302","396","9.37748344370861"
"18","0.25","67","4","20","257","355","9.214007782101167"
"17","0.25","57","4","20","300","396","9.306666666666667"
"19","0.25","10","4","1","240","103","9.55"
"18","0.25","68","4","21","255","355","9.145098039215686"
"18","0.25","69","4","21","255","355","9.145098039215686"
"19","0.25","11","4","1","239","103","9.506276150627615"
"15","0.25","97","3.8625429553264605","25","291","600","9.402061855670103"
"19","0.25","12","4","1","238","103","9.46218487394958"
"16","0.25","82","4","25","282","475","9.26241134751773"
"15","0.25","98","4","25","291","600","9.402061855670103"
"20","0.25","1","4.004081632653061","0","245","29","9.387755102040817"
"16","0.25","83","4","25","282","475","9.26241134751773"
"15","0.25","99","4","25","291","600","9.402061855670103"
"20","0.25","2","4.004081632653061","0","245","29","9.387755102040817"
"16","0.25","84","4","25","281","475","9.224199288256228"
"20","0.25","3","4","0","245","29","9.387755102040817"
"18","0.25","70","4","21","253","378","9.24110671936759"
"17","0.25","58","4","20","298","424","9.442953020134228"
"18","0.25","71","4","21","252","378","9.198412698412698"
"17","0.25","59","4","21","297","424","9.407407407407407"
"18","0.25","72","4","21","251","378","9.155378486055778"
"15","0.25","100","4","25","289","610","9.397923875432525"
"19","0.25","13","3.689922480620155","1","258","122","9.325581395348838"
"17","0.25","60","4","21","297","424","9.407407407407407"
"19","0.25","14","3.988372093023256","1","258","122","9.325581395348838"
"15","0.25","101","4","25","288","610","9.36111111111111"
"20","0.25","4","4","0","244","48","9.524590163934427"
"19","0.25","15","4.015503875968992","1","258","122","9.325581395348838"
"15","0.25","102","4","25","287","610","9.32404181184669"
"20","0.25","5","4","0","243","48","9.481481481481481"
"20","0.25","6","4","0","243","48","9.481481481481481"
"16","0.25","85","3.7972972972972974","25","296","496","9.324324324324325"
"19","0.25","16","4.01556420233463","2","257","127","9.32295719844358"
"16","0.25","86","4.003389830508475","25","295","496","9.288135593220339"
"19","0.25","17","4.01171875","2","256","127","9.28125"
"19","0.25","18","4.019685039370079","3","254","127","9.196850393700787"
"18","0.25","73","3.7313432835820897","21","268","404","9.276119402985074"
"16","0.25","87","3.9966101694915253","25","295","496","9.288135593220339"
"15","0.25","103","4","25","286","630","9.461538461538462"
"20","0.25","7","4","1","242","64","9.570247933884298"
"18","0.25","74","4.0150943396226415","23","265","404","9.20754716981132"
"20","0.25","8","4","1","239","64","9.472803347280335"
"15","0.25","104","4","26","284","630","9.387323943661972"
"18","0.25","75","4.007547169811321","23","265","404","9.20754716981132"
"17","0.25","61","3.6770186335403725","21","322","439","9.254658385093167"
"20","0.25","9","4","1","239","64","9.472803347280335"
"15","0.25","105","4","26","283","630","9.349823321554771"
"17","0.25","62","4","21","321","439","9.221183800623052"
"19","0.25","19","4.011811023622047","3","254","139","9.291338582677165"
"16","0.25","88","4","25","292","509","9.267123287671232"
"17","0.25","63","4.003115264797508","21","321","439","9.221183800623052"
"19","0.25","20","4","3","254","139","9.291338582677165"
"16","0.25","89","4","25","290","509","9.2"
"18","0.25","76","4.003787878787879","23","264","423","9.371212121212121"
"19","0.25","21","4","3","253","139","9.256916996047432"
"20","0.25","10","4","2","238","80","9.563025210084033"
"16","0.25","90","4","25","290","509","9.2"
"18","0.25","77","4.003802281368821","23","263","423","9.330798479087452"
"20","0.25","11","4","2","237","80","9.552742616033756"
"18","0.25","78","4","24","261","423","9.24904214559387"
"15","0.25","106","4","26","281","655","9.451957295373665"
"20","0.25","12","4","2","237","80","9.552742616033756"
"15","0.25","107","4","26","279","655","9.383512544802867"
"19","0.25","22","4","3","253","149","9.33596837944664"
"15","0.25","108","4","26","278","655","9.345323741007194"
"17","0.25","64","4.003134796238244","22","319","450","9.22257053291536"
"19","0.25","23","4","3","253","149","9.33596837944664"
"19","0.25","24","4","4","252","149","9.293650793650794"
"17","0.25","65","4","22","318","450","9.18867924528302"
"16","0.25","91","4","26","289","532","9.328719723183392"
"18","0.25","79","4","25","258","440","9.255813953488373"
"16","0.25","92","4","26","289","532","9.328719723183392"
"18","0.25","80","4","25","258","440","9.255813953488373"
"17","0.25","66","4","23","317","450","9.154574132492113"
"20","0.25","13","3.836734693877551","2","245","91","9.542857142857143"
"18","0.25","81","4","27","255","440","9.145098039215686"
"16","0.25","93","4","28","286","532","9.216783216783217"
"20","0.25","14","4","2","245","91","9.542857142857143"
"20","0.25","15","4","2","244","91","9.5"
"19","0.25","25","3.7185185185185183","4","270","165","9.222222222222221"
"15","0.25","109","3.8472222222222223","26","288","676","9.465277777777779"
"19","0.25","26","4.029850746268656","4","268","165","9.14179104477612"
"20","0.25","16","4","2","243","97","9.506172839506172"
"18","0.25","82","4","27","255","469","9.372549019607844"
"15","0.25","110","4.020905923344948","26","287","676","9.435540069686411"
"20","0.25","17","4","3","241","97","9.427385892116183"
"19","0.25","27","4.02621722846442","4","267","165","9.101123595505618"
"18","0.25","83","4","27","255","469","9.372549019607844"
"17","0.25","67","4","23","316","481","9.316455696202532"
"15","0.25","111","4.006993006993007","27","286","676","9.398601398601398"
"16","0.25","94","4","28","286","558","9.398601398601398"
"20","0.25","18","4","4","240","97","9.391666666666667"
"18","0.25","84","4","27","254","469","9.330708661417322"
"17","0.25","68","4","24","315","481","9.282539682539683"
"16","0.25","95","4","28","285","558","9.36140350877193"
"16","0.25","96","4","28","285","558","9.36140350877193"
"17","0.25","69","4","24","315","481","9.282539682539683"
"20","0.25","19","4","4","239","110","9.456066945606695"
"19","0.25","28","4.003759398496241","4","266","181","9.180451127819548"
"15","0.25","112","4","27","283","694","9.420494699646643"
"20","0.25","20","4","4","239","110","9.456066945606695"
"19","0.25","29","4","5","265","181","9.147169811320754"
"15","0.25","113","4","27","283","694","9.420494699646643"
"20","0.25","21","4","4","239","110","9.456066945606695"
"19","0.25","30","4","6","263","181","9.064638783269961"
"18","0.25","85","3.734317343173432","28","271","489","9.291512915129152"
"15","0.25","114","4","27","283","694","9.420494699646643"
"18","0.25","86","4","28","271","489","9.291512915129152"
"18","0.25","87","4","28","271","489","9.291512915129152"
"17","0.25","70","4","24","314","498","9.356687898089172"
"20","0.25","22","4","4","238","125","9.53781512605042"
"20","0.25","23","4","4","237","125","9.49367088607595"
"17","0.25","71","4","25","312","498","9.314102564102564"
"16","0.25","97","3.6872964169381106","28","307","573","9.218241042345277"
"20","0.25","24","4","4","236","125","9.457627118644067"
"19","0.25","31","4","6","262","201","9.17557251908397"
"17","0.25","72","4","25","309","498","9.236245954692556"
"15","0.25","115","4","27","282","709","9.48936170212766"
"16","0.25","98","4.003267973856209","28","306","573","9.183006535947712"
"18","0.25","88","4","28","270","499","9.377777777777778"
"19","0.25","32","4","6","261","201","9.134099616858238"
"15","0.25","116","4","27","282","709","9.48936170212766"
"16","0.25","99","4","28","306","573","9.183006535947712"
"19","0.25","33","4","7","259","201","9.057915057915057"
"18","0.25","89","4","29","269","499","9.338289962825279"
"15","0.25","117","4","27","282","709","9.48936170212766"
"18","0.25","90","4","29","268","499","9.313432835820896"
"20","0.25","25","3.6705882352941175","5","255","141","9.27843137254902"
"16","0.25","100","4","28","304","585","9.19078947368421"
"20","0.25","26","4.019685039370079","6","254","141","9.236220472440944"
"18","0.25","91","4","30","266","509","9.308270676691729"
"15","0.25","118","4","27","281","719","9.523131672597865"
"19","0.25","34","4","7","259","224","9.235521235521235"
"16","0.25","101","4","28","304","585","9.19078947368421"
"18","0.25","92","4","30","266","509","9.308270676691729"
"20","0.25","27","4.011811023622047","6","254","141","9.236220472440944"
"15","0.25","119","4","27","279","719","9.491039426523297"
"19","0.25","35","4","7","256","224","9.109375"
"18","0.25","93","4","30","266","509","9.308270676691729"
"16","0.25","102","4","28","303","585","9.155115511551156"
"15","0.25","120","4","27","279","719","9.491039426523297"
"19","0.25","36","4","8","255","224","9.066666666666666"
"17","0.25","73","3.7220543806646527","25","331","521","9.238670694864048"
"20","0.25","28","4","6","254","145","9.26771653543307"
"20","0.25","29","4","6","251","145","9.139442231075698"
"18","0.25","94","4","30","265","518","9.335849056603774"
"17","0.25","74","4.003058103975535","27","327","521","9.107033639143731"
"20","0.25","30","4","6","250","145","9.096"
"18","0.25","95","4","30","265","518","9.335849056603774"
"17","0.25","75","4.003076923076923","27","325","521","9.046153846153846"
"16","0.25","103","4","28","303","603","9.273927392739274"
"18","0.25","96","4","30","264","518","9.303030303030303"
"16","0.25","104","4","28","303","603","9.273927392739274"
"16","0.25","105","4","28","301","603","9.215946843853821"
"21","0.5","0","4.015810276679842","0","253","0","9.122529644268775"
"19","0.25","37","3.8931297709923665","8","262","250","9.473282442748092"
"20","0.25","31","4","6","250","163","9.24"
"19","0.25","38","4","8","262","250","9.473282442748092"
"20","0.25","32","4","6","250","163","9.24"
"19","0.25","39","4","8","261","250","9.432950191570882"
"20","0.25","33","4","6","249","163","9.196787148594378"
"17","0.25","76","4.003086419753086","27","324","544","9.160493827160494"
"16","0.25","106","4","28","300","618","9.286666666666667"
"18","0.25","97","3.6539792387543253","30","289","532","9.197231833910035"
"21","0.5","1","4.003968253968254","0","252","29","9.317460317460318"
"16","0.25","107","4","28","300","618","9.286666666666667"
"21","0.5","2","3.9721115537848606","0","251","29","9.274900398406375"
"17","0.25","77","4.003086419753086","27","324","544","9.160493827160494"
"18","0.25","98","3.982638888888889","31","288","532","9.159722222222221"
"19","0.25","40","4","8","260","258","9.453846153846154"
"20","0.25","34","4","6","249","178","9.317269076305221"
"21","0.5","3","3.9641434262948207","0","251","29","9.274900398406375"
"16","0.25","108","4","28","298","618","9.221476510067115"
"20","0.25","35","4","6","249","178","9.317269076305221"
"18","0.25","99","3.9965277777777777","31","288","532","9.159722222222221"
"17","0.25","78","4","27","321","544","9.096573208722742"
"19","0.25","41","4","9","258","258","9.372093023255815"
"20","0.25","36","4","7","247","178","9.23076923076923"
"19","0.25","42","4","9","258","258","9.372093023255815"
"21","0.5","4","3.964","0","250","55","9.448"
"18","0.25","100","4","31","286","545","9.195804195804195"
"18","0.25","101","4","31","286","545","9.195804195804195"
"21","0.5","5","3.963855421686747","0","249","55","9.405622489959839"
"19","0.25","43","4","9","258","286","9.589147286821705"
"21","0.5","6","3.959839357429719","0","249","55","9.405622489959839"
"18","0.25","102","4","31","282","545","9.042553191489361"
"19","0.25","44","4","9","258","286","9.589147286821705"
"20","0.25","37","3.727272727272727","8","264","190","9.143939393939394"
"19","0.25","45","4","9","257","286","9.54863813229572"
"20","0.25","38","4.0227272727272725","8","264","190","9.143939393939394"
"17","0.25","79","4","27","320","575","9.25625"
"16","0.25","109","3.769968051118211","30","313","641","9.29073482428115"
"20","0.25","39","4","8","262","190","9.061068702290076"
"17","0.25","80","4","28","317","575","9.186119873817034"
"16","0.25","110","3.9871794871794872","30","312","641","9.256410256410257"
"21","0.5","7","3.9596774193548385","0","248","67","9.459677419354838"
"17","0.25","81","4","29","316","575","9.151898734177216"
"16","0.25","111","3.9967845659163985","30","311","641","9.221864951768488"
"21","0.5","8","3.9596774193548385","0","248","67","9.459677419354838"
"19","0.25","46","4","9","257","297","9.634241245136186"
"18","0.25","103","4","32","280","574","9.17142857142857"
"21","0.5","9","3.9595141700404857","0","247","67","9.417004048582996"
"19","0.25","47","4","11","254","297","9.51968503937008"
"18","0.25","104","4","32","278","574","9.093525179856115"
"20","0.25","40","4","9","261","210","9.172413793103448"
"19","0.25","48","4","13","250","297","9.368"
"18","0.25","105","4","32","277","574","9.090252707581227"
"20","0.25","41","4","9","261","210","9.172413793103448"
"20","0.25","42","4","9","260","210","9.13076923076923"
"21","0.5","10","3.9591836734693877","0","245","88","9.50204081632653"
"16","0.25","112","3.996774193548387","31","310","666","9.348387096774193"
"21","0.5","11","3.962962962962963","0","243","88","9.423868312757202"
"16","0.25","113","4","31","309","666","9.313915857605178"
"17","0.25","82","4","29","316","607","9.354430379746836"
"21","0.5","12","3.9670781893004117","0","243","88","9.423868312757202"
"16","0.25","114","4","31","307","666","9.2442996742671"
"20","0.25","43","4","9","259","227","9.227799227799228"
"17","0.25","83","4","29","315","607","9.320634920634921"
"18","0.25","106","4","32","276","602","9.289855072463768"
"20","0.25","44","4","11","257","227","9.14396887159533"
"17","0.25","84","4","29","314","607","9.286624203821656"
"19","0.25","49","3.6728624535315983","16","269","320","9.33085501858736"
"18","0.25","107","4","32","275","602","9.258181818181818"
"20","0.25","45","4","11","257","227","9.14396887159533"
"19","0.25","50","4","16","269","320","9.33085501858736"
"18","0.25","108","4","32","275","602","9.258181818181818"
"19","0.25","51","4","16","267","320","9.258426966292134"
"16","0.25","115","4","31","306","691","9.372549019607844"
"21","0.5","13","3.7065637065637067","0","259","109","9.413127413127413"
"20","0.25","46","4","11","257","249","9.315175097276265"
"21","0.5","14","3.969111969111969","0","259","109","9.413127413127413"
"16","0.25","116","4","32","304","691","9.342105263157896"
"20","0.25","47","4","11","257","249","9.315175097276265"
"21","0.5","15","3.9689922480620154","0","258","109","9.410852713178295"
"16","0.25","117","4","32","303","691","9.306930693069306"
"19","0.25","52","4","17","266","332","9.308270676691729"
"20","0.25","48","4","11","256","249","9.2734375"
"19","0.25","53","4","18","264","332","9.242424242424242"
"18","0.25","109","3.7037037037037037","32","297","621","9.252525252525253"
"19","0.25","54","4","18","264","332","9.242424242424242"
"18","0.25","110","4.01010101010101","32","297","621","9.252525252525253"
"21","0.5","16","3.9689922480620154","0","258","116","9.465116279069768"
"21","0.5","17","3.9688715953307394","0","257","116","9.424124513618677"
"18","0.25","111","4","32","297","621","9.252525252525253"
"17","0.25","85","3.8509316770186337","29","322","633","9.397515527950311"
"21","0.5","18","3.96875","0","256","116","9.3828125"
"17","0.25","86","4.012461059190031","29","321","633","9.36448598130841"
"16","0.25","118","4","32","303","711","9.438943894389439"
"20","0.25","49","3.849056603773585","11","265","262","9.343396226415095"
"19","0.25","55","4","19","263","348","9.32319391634981"
"20","0.25","50","4.007575757575758","11","264","262","9.303030303030303"
"16","0.25","119","4","33","300","711","9.353333333333333"
"17","0.25","87","4","29","320","633","9.33125"
"19","0.25","56","4","19","262","348","9.282442748091603"
"20","0.25","51","4.003802281368821","11","263","262","9.285171102661597"
"16","0.25","120","4","34","299","711","9.31772575250836"
"18","0.25","112","4","32","293","632","9.187713310580206"
"19","0.25","57","4","19","261","348","9.241379310344827"
"21","0.5","19","3.96875","0","256","128","9.4765625"
"18","0.25","113","4","32","291","632","9.154639175257731"
"21","0.5","20","3.96875","0","256","128","9.4765625"
"18","0.25","114","4","32","291","632","9.154639175257731"
"21","0.5","21","3.96875","0","256","128","9.4765625"
"20","0.25","52","4","11","263","274","9.376425855513308"
"20","0.25","53","4","11","262","274","9.335877862595419"
"17","0.25","88","4","29","318","646","9.345911949685535"
"19","0.25","58","4","19","261","373","9.432950191570882"
"20","0.25","54","4","11","261","274","9.295019157088122"
"21","0.5","22","3.9686274509803923","1","255","134","9.48235294117647"
"19","0.25","59","4","19","261","373","9.432950191570882"
"17","0.25","89","4","29","317","646","9.31230283911672"
"22","0.5","0","3.889344262295082","0","244","0","9.19672131147541"
"21","0.5","23","3.9683794466403164","1","253","134","9.399209486166008"
"19","0.25","60","4","19","261","373","9.432950191570882"
"17","0.25","90","4","29","316","646","9.284810126582279"
"18","0.25","115","4","32","291","655","9.312714776632303"
"21","0.5","24","3.9682539682539684","1","252","134","9.357142857142858"
"18","0.25","116","4","32","290","655","9.275862068965518"
"20","0.25","55","4","12","260","285","9.338461538461539"
"18","0.25","117","4","34","288","655","9.20138888888889"
"20","0.25","56","4","12","259","285","9.297297297297296"
"22","0.5","1","4","0","242","27","9.380165289256198"
"20","0.25","57","4","12","259","285","9.297297297297296"
"22","0.5","2","4.066115702479339","0","242","27","9.380165289256198"
"19","0.25","61","3.7553956834532376","19","278","386","9.359712230215827"
"22","0.5","3","4.062240663900415","0","241","27","9.336099585062241"
"19","0.25","62","3.9928057553956835","19","278","386","9.359712230215827"
"21","0.5","25","3.802281368821293","1","263","154","9.475285171102662"
"17","0.25","91","4","29","314","673","9.388535031847134"
"19","0.25","63","4","19","278","386","9.359712230215827"
"21","0.5","26","3.9618320610687023","1","262","154","9.435114503816793"
"20","0.25","58","4","12","259","303","9.436293436293436"
"18","0.25","118","4","34","287","680","9.337979094076655"
"17","0.25","92","4","29","312","673","9.352564102564102"
"21","0.5","27","3.9618320610687023","1","262","154","9.435114503816793"
"20","0.25","59","4","12","259","303","9.436293436293436"
"22","0.5","4","4.0625","0","240","46","9.466666666666667"
"18","0.25","119","4","34","287","680","9.337979094076655"
"17","0.25","93","4","29","312","673","9.352564102564102"
"20","0.25","60","4","12","259","303","9.436293436293436"
"22","0.5","5","4.0625","0","240","46","9.466666666666667"
"18","0.25","120","4","34","287","680","9.337979094076655"
"19","0.25","64","4","19","278","394","9.417266187050359"
"22","0.5","6","4.0625","0","240","46","9.466666666666667"
"21","0.5","28","3.9575289575289574","1","259","161","9.366795366795367"
"19","0.25","65","4","20","276","394","9.340579710144928"
"21","0.5","29","3.95703125","2","256","161","9.2890625"
"19","0.25","66","4","20","276","394","9.340579710144928"
"21","0.5","30","3.9686274509803923","2","255","161","9.24705882352941"
"22","0.5","7","4.0625","0","240","63","9.608333333333333"
"22","0.5","8","4.062761506276151","0","239","63","9.581589958158995"
"20","0.25","61","3.7256317689530687","12","277","312","9.227436823104693"
"22","0.5","9","4.063025210084033","0","238","63","9.546218487394958"
"17","0.25","94","4","29","309","692","9.37864077669903"
"20","0.25","62","4.007272727272727","13","275","312","9.149090909090908"
"19","0.25","67","4","20","276","402","9.398550724637682"
"20","0.25","63","4.003636363636364","13","275","312","9.149090909090908"
"17","0.25","95","4","29","309","692","9.37864077669903"
"19","0.25","68","4","20","275","402","9.36"
"21","0.5","31","3.9686274509803923","2","255","190","9.474509803921569"
"23","0.5","0","4.057034220532319","0","263","0","9.1787072243346"
"19","0.25","69","4","21","274","402","9.321167883211679"
"22","0.5","10","4.063025210084033","0","238","71","9.61344537815126"
"17","0.25","96","4","29","308","692","9.344155844155845"
"21","0.5","32","3.968503937007874","2","254","190","9.433070866141732"
"22","0.5","11","4.063559322033898","0","236","71","9.525423728813559"
"21","0.5","33","3.9683794466403164","2","253","190","9.391304347826088"
"22","0.5","12","4.0638297872340425","1","235","71","9.48936170212766"
"20","0.25","64","4","14","273","322","9.142857142857142"
"20","0.25","65","4","14","272","322","9.110294117647058"
"19","0.25","70","4","21","273","415","9.384615384615385"
"20","0.25","66","4","15","271","322","9.07011070110701"
"23","0.5","1","4.106870229007634","0","262","27","9.34351145038168"
"19","0.25","71","4","21","273","415","9.384615384615385"
"21","0.5","34","3.9683794466403164","2","253","205","9.5098814229249"
"23","0.5","2","4.083969465648855","0","262","27","9.34351145038168"
"19","0.25","72","4","22","272","415","9.345588235294118"
"21","0.5","35","3.9682539682539684","2","252","205","9.468253968253968"
"23","0.5","3","4.083969465648855","0","262","27","9.34351145038168"
"21","0.5","36","3.967741935483871","2","248","205","9.298387096774194"
"22","0.5","13","3.700389105058366","2","257","88","9.245136186770427"
"22","0.5","14","4.019455252918288","2","257","88","9.245136186770427"
"22","0.5","15","4.019455252918288","2","257","88","9.245136186770427"
"20","0.25","67","4","15","271","349","9.269372693726938"
"17","0.25","97","3.7560975609756095","29","328","721","9.268292682926829"
"20","0.25","68","4","15","271","349","9.269372693726938"
"23","0.5","4","4.087786259541985","0","262","48","9.50381679389313"
"20","0.25","69","4","15","270","349","9.237037037037037"
"22","0.5","16","4.019607843137255","3","255","97","9.231372549019607"
"17","0.25","98","4.012269938650307","29","326","721","9.208588957055214"
"23","0.5","5","4.083969465648855","0","262","48","9.50381679389313"
"19","0.25","73","3.8445229681978796","22","283","428","9.413427561837455"
"22","0.5","17","4.019685039370079","3","254","97","9.188976377952756"
"17","0.25","99","4","29","326","721","9.208588957055214"
"19","0.25","74","4.00354609929078","22","282","428","9.375886524822695"
"23","0.5","6","4.091954022988506","0","261","48","9.46360153256705"
"22","0.5","18","4.019685039370079","3","254","97","9.188976377952756"
"21","0.5","37","3.843137254901961","2","255","231","9.498039215686275"
"19","0.25","75","4","22","282","428","9.375886524822695"
"21","0.5","38","4.003921568627451","2","255","231","9.498039215686275"
"20","0.25","70","4","17","267","364","9.250936329588015"
"21","0.5","39","4.003921568627451","2","255","231","9.498039215686275"
"20","0.25","71","4","17","266","364","9.263157894736842"
"22","0.5","19","4.019685039370079","3","254","111","9.299212598425196"
"20","0.25","72","4","17","266","364","9.263157894736842"
"23","0.5","7","4.089147286821706","2","258","60","9.44186046511628"
"19","0.25","76","4","22","282","438","9.446808510638299"
"22","0.5","20","4.01984126984127","3","252","111","9.214285714285714"
"23","0.5","8","4.0852713178294575","2","258","60","9.44186046511628"
"21","0.5","40","4.003968253968254","3","252","240","9.444444444444445"
"17","0.25","100","4.006153846153846","29","325","734","9.255384615384616"
"22","0.5","21","4.016064257028113","3","249","111","9.08433734939759"
"19","0.25","77","4","22","279","438","9.340501792114695"
"23","0.5","9","4.0852713178294575","2","258","60","9.44186046511628"
"21","0.5","41","4.00398406374502","3","251","240","9.402390438247012"
"17","0.25","101","4.003086419753086","29","324","734","9.222222222222221"
"19","0.25","78","4","22","279","438","9.340501792114695"
"21","0.5","42","4.004","3","250","240","9.36"
"17","0.25","102","4","32","320","734","9.09375"
"22","0.5","22","4.012096774193548","3","248","141","9.290322580645162"
"20","0.25","73","3.7597173144876326","17","283","379","9.265017667844523"
"23","0.5","10","4.0852713178294575","2","258","74","9.550387596899224"
"19","0.25","79","4","22","277","451","9.35740072202166"
"21","0.5","43","4.004","3","250","254","9.472"
"22","0.5","23","4.012096774193548","3","248","141","9.290322580645162"
"23","0.5","11","4.0852713178294575","2","258","74","9.550387596899224"
"20","0.25","74","3.9893238434163703","18","281","379","9.188612099644129"
"19","0.25","80","4","23","276","451","9.318840579710145"
"22","0.5","24","4.012195121951219","3","246","141","9.203252032520325"
"21","0.5","44","4.004","3","250","254","9.472"
"23","0.5","12","4.081712062256809","2","257","74","9.509727626459144"
"20","0.25","75","3.9964285714285714","18","280","379","9.15"
"19","0.25","81","4","23","276","451","9.318840579710145"
"21","0.5","45","4.004","3","250","254","9.472"
"17","0.25","103","4","32","320","758","9.24375"
"21","0.5","46","4.004","3","250","263","9.544"
"17","0.25","104","4","32","319","758","9.216300940438872"
"20","0.25","76","3.9964285714285714","18","280","400","9.3"
"21","0.5","47","4.004016064257028","3","249","263","9.502008032128513"
"17","0.25","105","4","32","317","758","9.14826498422713"
"19","0.25","82","4","24","274","468","9.364963503649635"
"22","0.5","25","3.854901960784314","3","255","162","9.380392156862746"
"20","0.25","77","4","19","279","400","9.268817204301076"
"21","0.5","48","4.004016064257028","3","249","263","9.502008032128513"
"23","0.5","13","3.81021897810219","2","274","88","9.416058394160585"
"19","0.25","83","4","24","274","468","9.364963503649635"
"22","0.5","26","4.015748031496063","3","254","162","9.338582677165354"
"20","0.25","78","4","19","279","400","9.268817204301076"
"23","0.5","14","4.084249084249084","2","273","88","9.377289377289378"
"19","0.25","84","4","24","273","468","9.326007326007327"
"22","0.5","27","4.011811023622047","3","254","162","9.338582677165354"
"23","0.5","15","4.084558823529412","2","272","88","9.338235294117647"
"22","0.5","28","4.011811023622047","3","254","174","9.433070866141732"
"20","0.25","79","4","19","278","409","9.29496402877698"
"22","0.5","29","4.011811023622047","3","254","174","9.433070866141732"
"21","0.5","49","3.4479166666666665","3","288","271","9"
"20","0.25","80","4","19","278","409","9.29496402877698"
"17","0.25","106","4","32","317","790","9.350157728706625"
"22","0.5","30","4.011811023622047","3","254","174","9.433070866141732"
"23","0.5","16","4.084870848708487","2","271","101","9.394833948339484"
"20","0.25","81","4","20","277","409","9.256317689530686"
"21","0.5","50","4","3","288","271","9"
"17","0.25","107","4","32","317","790","9.350157728706625"
"23","0.5","17","4.092592592592593","3","270","101","9.355555555555556"
"21","0.5","51","3.9895833333333335","3","288","271","9"
"19","0.25","85","3.858156028368794","24","282","488","9.439716312056738"
"17","0.25","108","4","32","317","790","9.350157728706625"
"23","0.5","18","4.093283582089552","4","268","101","9.276119402985074"
"19","0.25","86","3.99644128113879","24","281","488","9.402135231316725"
"22","0.5","31","4.015810276679842","3","253","182","9.462450592885375"
"19","0.25","87","4.00355871886121","24","281","488","9.402135231316725"
"22","0.5","32","4.019762845849803","3","253","182","9.462450592885375"
"20","0.25","82","4","20","277","426","9.379061371841155"
"22","0.5","33","4.019762845849803","3","253","182","9.462450592885375"
"21","0.5","52","3.9894736842105263","4","285","285","9.017543859649123"
"20","0.25","83","4","20","277","426","9.379061371841155"
"21","0.5","53","3.992957746478873","5","284","285","8.97887323943662"
"20","0.25","84","4","21","275","426","9.301818181818183"
"23","0.5","19","4.093283582089552","4","268","118","9.402985074626866"
"19","0.25","88","4.00355871886121","24","281","493","9.437722419928825"
"21","0.5","54","3.98943661971831","5","284","285","8.97887323943662"
"22","0.5","34","4.019762845849803","3","253","186","9.494071146245059"
"23","0.5","20","4.093283582089552","4","268","118","9.402985074626866"
"19","0.25","89","4.00355871886121","24","281","493","9.437722419928825"
"22","0.5","35","4.0199203187251","3","251","186","9.458167330677291"
"23","0.5","21","4.093283582089552","4","268","118","9.402985074626866"
"19","0.25","90","4","25","278","493","9.37410071942446"
"17","0.25","109","3.888888888888889","32","324","801","9.493827160493828"
"22","0.5","36","4.02","4","250","186","9.416"
"17","0.25","110","4","32","324","801","9.493827160493828"
"21","0.5","55","3.9929328621908127","5","283","310","9.159010600706713"
"17","0.25","111","4","32","322","801","9.428571428571429"
"23","0.5","22","4.093283582089552","4","268","129","9.485074626865671"
"21","0.5","56","3.9929328621908127","5","283","310","9.159010600706713"
"20","0.25","85","3.832167832167832","21","286","445","9.37062937062937"
"19","0.25","91","4","26","277","513","9.48014440433213"
"23","0.5","23","4.097378277153558","5","267","129","9.44569288389513"
"21","0.5","57","3.99645390070922","5","282","310","9.120567375886525"
"22","0.5","37","3.8941176470588235","6","255","190","9.435294117647059"
"20","0.25","86","4","21","284","445","9.387323943661972"
"19","0.25","92","4","26","277","513","9.48014440433213"
"23","0.5","24","4.101503759398496","5","266","129","9.406015037593985"
"22","0.5","38","4.015686274509804","6","255","190","9.435294117647059"
"20","0.25","87","4","21","281","445","9.274021352313166"
"19","0.25","93","4","26","277","513","9.48014440433213"
"22","0.5","39","4.019607843137255","6","255","190","9.435294117647059"
"17","0.25","112","4","32","321","819","9.50778816199377"
"21","0.5","58","4","5","282","324","9.21985815602837"
"22","0.5","40","4.023529411764706","6","255","195","9.474509803921569"
"19","0.25","94","4","26","276","524","9.521739130434783"
"17","0.25","113","4","32","320","819","9.475"
"20","0.25","88","4","21","280","460","9.35"
"21","0.5","59","3.996415770609319","7","279","324","9.10394265232975"
"22","0.5","41","4.019762845849803","6","253","195","9.391304347826088"
"19","0.25","95","4","26","276","524","9.521739130434783"
"20","0.25","89","4","21","280","460","9.35"
"17","0.25","114","4","32","320","819","9.475"
"23","0.5","25","3.8586572438162543","5","283","148","9.307420494699647"
"21","0.5","60","3.996415770609319","7","279","324","9.10394265232975"
"22","0.5","42","4.023715415019763","6","253","195","9.391304347826088"
"20","0.25","90","4","21","280","460","9.35"
"19","0.25","96","4","27","274","524","9.445255474452555"
"23","0.5","26","4.11660777385159","5","283","148","9.307420494699647"
"23","0.5","27","4.120567375886525","5","282","148","9.27659574468085"
"22","0.5","43","4.01984126984127","6","252","209","9.46031746031746"
"22","0.5","44","4.01984126984127","6","252","209","9.46031746031746"
"20","0.25","91","4","21","280","475","9.457142857142857"
"22","0.5","45","4.01984126984127","6","252","209","9.46031746031746"
"23","0.5","28","4.117021276595745","5","282","155","9.326241134751774"
"17","0.25","115","4","32","320","837","9.5875"
"20","0.25","92","4","21","278","475","9.388489208633093"
"23","0.5","29","4.120996441281139","5","281","155","9.288256227758007"
"17","0.25","116","4","32","319","837","9.554858934169278"
"19","0.25","97","3.7663230240549828","27","291","540","9.374570446735396"
"21","0.5","61","3.7918088737201363","7","293","338","9.276450511945393"
"20","0.25","93","4","21","278","475","9.388489208633093"
"23","0.5","30","4.117857142857143","5","280","155","9.25"
"19","0.25","98","4.006920415224913","27","289","540","9.30795847750865"
"21","0.5","62","4.02054794520548","7","292","338","9.23972602739726"
"17","0.25","117","4","32","319","837","9.554858934169278"
"22","0.5","46","4.0199203187251","6","251","222","9.52191235059761"
"22","0.5","47","4.020080321285141","8","249","222","9.437751004016064"
"19","0.25","99","4.003472222222222","27","288","540","9.277777777777779"
"21","0.5","63","4.017301038062284","7","289","338","9.155709342560554"
"22","0.5","48","4.024193548387097","8","248","222","9.46774193548387"
"20","0.25","94","4","22","277","489","9.451263537906136"
"23","0.5","31","4.121863799283154","5","279","169","9.311827956989248"
"20","0.25","95","4","22","275","489","9.381818181818181"
"23","0.5","32","4.118705035971223","5","278","169","9.273381294964029"
"20","0.25","96","4","22","275","489","9.381818181818181"
"19","0.25","100","4","27","288","557","9.395833333333334"
"17","0.25","118","4","32","319","847","9.617554858934168"
"23","0.5","33","4.122302158273381","5","278","169","9.273381294964029"
"19","0.25","101","4","27","288","557","9.395833333333334"
"21","0.5","64","4.017301038062284","7","289","359","9.301038062283737"
"17","0.25","119","4","32","317","847","9.552050473186119"
"21","0.5","65","4.017301038062284","7","289","359","9.301038062283737"
"19","0.25","102","4","27","287","557","9.358885017421603"
"22","0.5","49","3.7547169811320753","9","265","233","9.267924528301887"
"17","0.25","120","4","32","315","847","9.485714285714286"
"22","0.5","50","4.026415094339622","9","265","233","9.267924528301887"
"21","0.5","66","4.017361111111111","7","288","359","9.26388888888889"
"22","0.5","51","4.034090909090909","10","264","233","9.227272727272727"
"23","0.5","34","4.11913357400722","6","277","179","9.306859205776174"
"23","0.5","35","4.126353790613718","6","277","179","9.306859205776174"
"19","0.25","103","4","27","287","569","9.442508710801393"
"23","0.5","36","4.123636363636364","6","275","179","9.229090909090909"
"19","0.25","104","4","27","286","569","9.461538461538462"
"20","0.25","97","3.7534246575342465","22","292","503","9.376712328767123"
"19","0.25","105","4","27","285","569","9.424561403508772"
"22","0.5","52","4.034220532319392","11","263","241","9.247148288973383"
"20","0.25","98","4","22","292","503","9.376712328767123"
"21","0.5","67","4.017421602787456","7","287","372","9.317073170731707"
"22","0.5","53","4.034220532319392","11","263","241","9.247148288973383"
"21","0.5","68","4.0174825174825175","7","286","372","9.27972027972028"
"20","0.25","99","4","23","290","503","9.303448275862069"
"24","0.5","0","4.0093023255813955","0","215","0","9.069767441860465"
"21","0.5","69","4.0174825174825175","7","286","372","9.27972027972028"
"22","0.5","54","4.034220532319392","11","263","241","9.247148288973383"
"19","0.25","106","4","27","285","577","9.480701754385965"
"19","0.25","107","4","29","283","577","9.406360424028268"
"23","0.5","37","3.8904109589041096","6","292","193","9.212328767123287"
"24","0.5","1","4.065420560747664","0","214","23","9.233644859813085"
"22","0.5","55","4.030534351145038","12","262","251","9.282442748091603"
"20","0.25","100","4","23","289","515","9.349480968858131"
"23","0.5","38","4.184931506849315","6","292","193","9.212328767123287"
"19","0.25","108","4","29","282","577","9.368794326241135"
"21","0.5","70","4.017667844522968","8","283","388","9.279151943462898"
"24","0.5","2","4.070093457943925","0","214","23","9.233644859813085"
"22","0.5","56","4.026717557251908","12","262","251","9.282442748091603"
"20","0.25","101","4","23","288","515","9.3125"
"23","0.5","39","4.193771626297578","6","289","193","9.100346020761245"
"24","0.5","3","4.079439252336448","0","214","23","9.233644859813085"
"22","0.5","57","4.026717557251908","12","262","251","9.282442748091603"
"21","0.5","71","4.017667844522968","8","283","388","9.279151943462898"
"20","0.25","102","4","23","288","515","9.3125"
"21","0.5","72","4.01779359430605","9","281","388","9.202846975088969"
"22","0.5","58","4.026717557251908","12","262","261","9.358778625954198"
"24","0.5","4","4.079439252336448","0","214","42","9.411214953271028"
"22","0.5","59","4.026923076923077","12","260","261","9.276923076923078"
"23","0.5","40","4.204861111111111","6","288","207","9.180555555555555"
"20","0.25","103","4","23","287","534","9.40766550522648"
"24","0.5","5","4.07981220657277","1","213","42","9.36150234741784"
"19","0.25","109","3.810810810810811","29","296","592","9.385135135135135"
"22","0.5","60","4.0271317829457365","14","258","261","9.193798449612403"
"23","0.5","41","4.206293706293707","7","286","207","9.104895104895105"
"24","0.5","6","4.07981220657277","1","213","42","9.36150234741784"
"20","0.25","104","4","25","285","534","9.333333333333334"
"19","0.25","110","3.9966101694915253","29","295","592","9.349152542372881"
"23","0.5","42","4.20979020979021","7","286","207","9.104895104895105"
"20","0.25","105","4","25","284","534","9.30281690140845"
"19","0.25","111","4","29","293","592","9.283276450511945"
"24","0.5","7","4.084905660377358","1","212","57","9.452830188679245"
"21","0.5","73","3.8664383561643834","9","292","414","9.41095890410959"
"24","0.5","8","4.084905660377358","1","212","57","9.452830188679245"
"21","0.5","74","4.051369863013699","9","292","414","9.41095890410959"
"24","0.5","9","4.084905660377358","1","212","57","9.452830188679245"
"21","0.5","75","4.051546391752577","9","291","414","9.374570446735396"
"22","0.5","61","3.7355072463768115","15","276","282","9.18840579710145"
"20","0.25","106","4","25","283","551","9.385159010600706"
"23","0.5","43","4.203508771929824","7","285","229","9.221052631578948"
"19","0.25","112","4","29","291","612","9.367697594501719"
"22","0.5","62","4.036496350364963","15","274","282","9.13138686131387"
"23","0.5","44","4.204225352112676","7","284","229","9.19718309859155"
"20","0.25","107","4","25","283","551","9.385159010600706"
"19","0.25","113","4","30","290","612","9.331034482758621"
"23","0.5","45","4.207746478873239","7","284","229","9.19718309859155"
"22","0.5","63","4.029197080291971","15","274","282","9.13138686131387"
"20","0.25","108","4","25","283","551","9.385159010600706"
"24","0.5","10","4.084905660377358","1","212","68","9.556603773584905"
"19","0.25","114","4","30","290","612","9.331034482758621"
"24","0.5","11","4.076190476190476","2","210","68","9.466666666666667"
"21","0.5","76","4.051903114186851","10","289","430","9.418685121107266"
"24","0.5","12","4.076190476190476","2","210","68","9.466666666666667"
"21","0.5","77","4.052083333333333","11","288","430","9.381944444444445"
"22","0.5","64","4.033088235294118","17","272","291","9.117647058823529"
"21","0.5","78","4.052083333333333","11","288","430","9.381944444444445"
"22","0.5","65","4.040441176470588","17","272","291","9.117647058823529"
"23","0.5","46","4.204225352112676","7","284","248","9.330985915492958"
"19","0.25","115","4","30","290","622","9.4"
"22","0.5","66","4.033210332103321","18","271","291","9.07749077490775"
"23","0.5","47","4.204946996466431","8","283","248","9.293286219081272"
"19","0.25","116","4","30","290","622","9.4"
"24","0.5","13","3.7709251101321586","2","227","78","9.312775330396477"
"19","0.25","117","4","30","289","622","9.370242214532873"
"23","0.5","48","4.205673758865248","8","282","248","9.25531914893617"
"20","0.25","109","3.745819397993311","27","299","571","9.25752508361204"
"24","0.5","14","4.079295154185022","2","227","78","9.312775330396477"
"20","0.25","110","4.003344481605351","27","299","571","9.25752508361204"
"21","0.5","79","4.0524475524475525","12","286","449","9.44055944055944"
"24","0.5","15","4.110132158590308","2","227","78","9.312775330396477"
"20","0.25","111","4","27","299","571","9.25752508361204"
"21","0.5","80","4.052816901408451","13","284","449","9.366197183098592"
"22","0.5","67","4.029629629629629","18","270","307","9.155555555555555"
"21","0.5","81","4.056537102473499","13","283","449","9.335689045936396"
"19","0.25","118","4","30","289","635","9.460207612456747"
"22","0.5","68","4.029850746268656","18","268","307","9.074626865671641"
"24","0.5","16","4.097777777777778","2","225","83","9.297777777777778"
"19","0.25","119","4","31","287","635","9.386759581881533"
"22","0.5","69","4.029850746268656","18","268","307","9.074626865671641"
"24","0.5","17","4.116591928251121","4","223","83","9.201793721973095"
"19","0.25","120","4","33","285","635","9.312280701754386"
"20","0.25","112","4","27","299","583","9.33779264214047"
"24","0.5","18","4.112107623318385","4","223","83","9.201793721973095"
"20","0.25","113","4","27","298","583","9.335570469798657"
"23","0.5","49","3.9235880398671097","9","301","262","9.249169435215947"
"20","0.25","114","4","27","297","583","9.2996632996633"
"23","0.5","50","4.20265780730897","9","301","262","9.249169435215947"
"21","0.5","82","4.053191489361702","13","282","472","9.460992907801419"
"22","0.5","70","4.030075187969925","19","266","329","9.157894736842104"
"21","0.5","83","4.05338078291815","14","281","472","9.423487544483987"
"23","0.5","51","4.20265780730897","9","301","262","9.249169435215947"
"24","0.5","19","4.098654708520179","4","223","98","9.336322869955158"
"22","0.5","71","4.030534351145038","20","262","329","9.038167938931299"
"21","0.5","84","4.05338078291815","14","281","472","9.423487544483987"
"24","0.5","20","4.095022624434389","4","221","98","9.294117647058824"
"22","0.5","72","4.030651340996169","20","261","329","8.996168582375478"
"20","0.25","115","4","27","295","597","9.322033898305085"
"24","0.5","21","4.099547511312217","4","221","98","9.294117647058824"
"25","0.5","0","4.012448132780083","0","241","0","9.078838174273859"
"20","0.25","116","4","27","295","597","9.322033898305085"
"23","0.5","52","4.1993355481727574","9","301","276","9.3421926910299"
"20","0.25","117","4","27","295","597","9.322033898305085"
"23","0.5","53","4.203333333333333","9","300","276","9.306666666666667"
"23","0.5","54","4.2","9","300","276","9.306666666666667"
"24","0.5","22","4.095454545454546","5","220","108","9.336363636363636"
"24","0.5","23","4.1","5","220","108","9.336363636363636"
"25","0.5","1","3.9497907949790796","0","239","24","9.188284518828452"
"24","0.5","24","4.095454545454546","5","220","108","9.336363636363636"
"21","0.5","85","3.685064935064935","14","308","492","9.14935064935065"
"25","0.5","2","3.9748953974895396","0","239","24","9.188284518828452"
"21","0.5","86","4.055737704918033","14","305","492","9.088524590163935"
"20","0.25","118","4","27","295","612","9.423728813559322"
"22","0.5","73","3.8115942028985508","20","276","358","9.340579710144928"
"25","0.5","3","3.9748953974895396","0","239","24","9.188284518828452"
"21","0.5","87","4.0426229508196725","14","305","492","9.088524590163935"
"20","0.25","119","4","27","293","612","9.351535836177474"
"23","0.5","55","4.207357859531773","9","299","284","9.324414715719064"
"22","0.5","74","4.043478260869565","20","276","358","9.340579710144928"
"20","0.25","120","4","27","292","612","9.315068493150685"
"22","0.5","75","4.036363636363636","21","275","358","9.301818181818183"
"23","0.5","56","4.20066889632107","9","299","284","9.324414715719064"
"23","0.5","57","4.204697986577181","9","298","284","9.295302013422818"
"24","0.5","25","3.8220338983050848","5","236","117","9.169491525423728"
"24","0.5","26","4.089361702127659","6","235","117","9.12340425531915"
"25","0.5","4","3.9747899159663866","0","238","61","9.453781512605042"
"22","0.5","76","4.036363636363636","21","275","369","9.381818181818181"
"25","0.5","5","3.9747899159663866","0","238","61","9.453781512605042"
"21","0.5","88","4.045901639344263","14","305","510","9.20655737704918"
"24","0.5","27","4.089361702127659","6","235","117","9.12340425531915"
"22","0.5","77","4.04029304029304","22","273","369","9.311355311355312"
"25","0.5","6","3.9746835443037973","0","237","61","9.40928270042194"
"21","0.5","89","4.046052631578948","15","304","510","9.171052631578947"
"22","0.5","78","4.04029304029304","22","273","369","9.311355311355312"
"21","0.5","90","4.046666666666667","16","300","510","9.046666666666667"
"23","0.5","58","4.2087542087542085","9","297","299","9.36026936026936"
"26","0.5","0","4.057142857142857","0","245","0","9.151020408163266"
"23","0.5","59","4.202020202020202","9","297","299","9.36026936026936"
"24","0.5","28","4.097872340425532","6","235","128","9.217021276595744"
"23","0.5","60","4.206081081081081","9","296","299","9.324324324324325"
"25","0.5","7","3.9746835443037973","0","237","82","9.586497890295359"
"22","0.5","79","4.040441176470588","23","272","379","9.345588235294118"
"24","0.5","29","4.094017094017094","6","234","128","9.222222222222221"
"25","0.5","8","3.9746835443037973","0","237","82","9.586497890295359"
"22","0.5","80","4.040590405904059","24","271","379","9.306273062730627"
"24","0.5","30","4.094827586206897","6","232","128","9.129310344827585"
"25","0.5","9","3.9745762711864407","0","236","82","9.542372881355933"
"22","0.5","81","4.048148148148148","25","270","379","9.266666666666667"
"26","0.5","1","4.016326530612245","0","245","26","9.363265306122448"
"21","0.5","91","4.050167224080267","16","299","540","9.210702341137123"
"26","0.5","2","3.959016393442623","0","244","26","9.336065573770492"
"21","0.5","92","4.046822742474917","16","299","540","9.210702341137123"
"26","0.5","3","3.9502074688796682","0","241","26","9.244813278008298"
"25","0.5","10","3.974468085106383","0","235","98","9.63404255319149"
"24","0.5","31","4.095238095238095","6","231","141","9.194805194805195"
"21","0.5","93","4.047457627118644","19","295","540","9.064406779661017"
"25","0.5","11","3.974468085106383","0","235","98","9.63404255319149"
"24","0.5","32","4.086580086580087","6","231","141","9.194805194805195"
"25","0.5","12","3.974468085106383","0","235","98","9.63404255319149"
"22","0.5","82","4.048327137546468","25","269","399","9.382899628252789"
"24","0.5","33","4.092105263157895","7","228","141","9.06140350877193"
"23","0.5","61","3.911671924290221","9","317","316","9.249211356466876"
"22","0.5","83","4.059701492537314","26","268","399","9.343283582089553"
"22","0.5","84","4.056179775280899","27","267","399","9.303370786516854"
"23","0.5","62","4.243670886075949","9","316","316","9.265822784810126"
"26","0.5","4","3.957983193277311","0","238","56","9.394957983193278"
"23","0.5","63","4.231746031746032","9","315","316","9.231746031746031"
"26","0.5","5","3.961864406779661","1","236","56","9.305084745762711"
"26","0.5","6","3.961864406779661","1","236","56","9.305084745762711"
"24","0.5","34","4.074561403508772","7","228","161","9.236842105263158"
"25","0.5","13","3.6484375","0","256","102","9.2265625"
"21","0.5","94","4.047457627118644","19","295","572","9.28135593220339"
"24","0.5","35","4.078947368421052","7","228","161","9.236842105263158"
"25","0.5","14","4","0","255","102","9.184313725490195"
"21","0.5","95","4.0476190476190474","19","294","572","9.244897959183673"
"24","0.5","36","4.074561403508772","7","228","161","9.236842105263158"
"25","0.5","15","4.019685039370079","0","254","102","9.141732283464567"
"21","0.5","96","4.047781569965871","19","293","572","9.208191126279864"
"23","0.5","64","4.229299363057325","9","314","329","9.286624203821656"
"26","0.5","7","3.9615384615384617","1","234","83","9.444444444444445"
"22","0.5","85","3.6723549488054608","27","293","426","9.22184300341297"
"23","0.5","65","4.233974358974359","9","312","329","9.243589743589743"
"26","0.5","8","3.9615384615384617","1","234","83","9.444444444444445"
"22","0.5","86","4.044368600682594","27","293","426","9.22184300341297"
"23","0.5","66","4.241157556270096","9","311","329","9.241157556270096"
"26","0.5","9","3.96137339055794","2","233","83","9.399141630901287"
"25","0.5","16","4.015810276679842","0","253","114","9.201581027667984"
"22","0.5","87","4.055172413793104","28","290","426","9.151724137931035"
"25","0.5","17","4.0199203187251","0","251","114","9.179282868525897"
"24","0.5","37","3.772357723577236","7","246","170","9.227642276422765"
"25","0.5","18","4.01593625498008","0","251","114","9.179282868525897"
"24","0.5","38","4.060975609756097","7","246","170","9.227642276422765"
"24","0.5","39","4.061224489795919","8","245","170","9.183673469387756"
"26","0.5","10","3.96137339055794","2","233","110","9.630901287553648"
"23","0.5","67","4.237942122186495","9","311","341","9.318327974276528"
"26","0.5","11","3.961038961038961","2","231","110","9.541125541125542"
"21","0.5","97","3.862295081967213","19","305","590","9.291803278688525"
"22","0.5","88","4.055555555555555","30","288","446","9.222222222222221"
"25","0.5","19","4.024","0","250","124","9.216"
"23","0.5","68","4.237942122186495","9","311","341","9.318327974276528"
"26","0.5","12","3.965217391304348","2","230","110","9.495652173913044"
"25","0.5","20","4.024","0","250","124","9.216"
"21","0.5","98","4.055921052631579","19","304","590","9.302631578947368"
"22","0.5","89","4.055555555555555","30","288","446","9.222222222222221"
"23","0.5","69","4.248387096774193","9","310","341","9.283870967741935"
"24","0.5","40","4.061475409836065","9","244","184","9.254098360655737"
"22","0.5","90","4.059027777777778","30","288","446","9.222222222222221"
"25","0.5","21","4.028112449799197","0","249","124","9.17269076305221"
"21","0.5","99","4.0625","19","304","590","9.302631578947368"
"24","0.5","41","4.061475409836065","9","244","184","9.254098360655737"
"24","0.5","42","4.061728395061729","9","243","184","9.209876543209877"
"26","0.5","13","3.619047619047619","2","252","136","9.317460317460318"
"26","0.5","14","4","2","252","136","9.317460317460318"
"25","0.5","22","4.024096385542169","0","249","136","9.269076305220883"
"23","0.5","70","4.2387096774193544","9","310","360","9.406451612903226"
"21","0.5","100","4.0493421052631575","19","304","604","9.394736842105264"
"26","0.5","15","3.9761904761904763","2","252","136","9.317460317460318"
"25","0.5","23","4.02834008097166","0","247","136","9.182186234817813"
"22","0.5","91","4.055555555555555","30","288","467","9.368055555555555"
"23","0.5","71","4.240259740259741","9","308","360","9.337662337662337"
"21","0.5","101","4.056291390728477","19","302","604","9.324503311258278"
"25","0.5","24","4.028455284552845","0","246","136","9.138211382113822"
"24","0.5","43","4.062240663900415","9","241","203","9.302904564315353"
"22","0.5","92","4.055749128919861","30","287","467","9.331010452961673"
"23","0.5","72","4.234527687296417","9","307","360","9.309446254071661"
"21","0.5","102","4.056666666666667","19","300","604","9.286666666666667"
"26","0.5","16","3.988095238095238","2","252","141","9.357142857142858"
"22","0.5","93","4.055749128919861","30","287","467","9.331010452961673"
"24","0.5","44","4.062240663900415","9","241","203","9.302904564315353"
"26","0.5","17","3.9761904761904763","2","252","141","9.357142857142858"
"24","0.5","45","4.062240663900415","9","241","203","9.302904564315353"
"26","0.5","18","3.9879518072289155","3","249","141","9.228915662650602"
"22","0.5","94","4.056140350877193","30","285","480","9.347368421052632"
"25","0.5","25","3.832684824902724","0","257","155","9.268482490272374"
"21","0.5","103","4.053691275167785","20","298","623","9.342281879194632"
"22","0.5","95","4.056140350877193","30","285","480","9.347368421052632"
"24","0.5","46","4.062240663900415","9","241","217","9.41908713692946"
"26","0.5","19","3.975806451612903","3","248","148","9.25"
"25","0.5","26","4.00390625","0","256","155","9.296875"
"21","0.5","104","4.046979865771812","20","298","623","9.342281879194632"
"22","0.5","96","4.056338028169014","31","284","480","9.309859154929578"
"24","0.5","47","4.062761506276151","10","239","217","9.330543933054393"
"26","0.5","20","3.9879032258064515","3","248","148","9.25"
"25","0.5","27","4.019762845849803","1","253","155","9.256916996047432"
"21","0.5","105","4.0606060606060606","20","297","623","9.306397306397306"
"24","0.5","48","4.062761506276151","10","239","217","9.330543933054393"
"26","0.5","21","3.975806451612903","3","248","148","9.25"
"23","0.5","73","3.932926829268293","9","328","376","9.225609756097562"
"23","0.5","74","4.2682926829268295","9","328","376","9.225609756097562"
"25","0.5","28","4.019762845849803","1","253","167","9.351778656126482"
"23","0.5","75","4.2676923076923075","9","325","376","9.156923076923077"
"25","0.5","29","4.01195219123506","2","251","167","9.306772908366534"
"26","0.5","22","3.9878542510121457","4","247","160","9.319838056680162"
"25","0.5","30","4.004","3","250","167","9.28"
"26","0.5","23","3.975609756097561","5","246","160","9.276422764227643"
"21","0.5","106","4.047297297297297","20","296","639","9.385135135135135"
"26","0.5","24","3.987755102040816","5","245","160","9.23265306122449"
"24","0.5","49","3.7635658914728682","10","258","230","9.310077519379846"
"21","0.5","107","4.047457627118644","21","295","639","9.349152542372881"
"22","0.5","97","3.7281553398058254","31","309","493","9.080906148867314"
"24","0.5","50","4.050387596899225","10","258","230","9.310077519379846"
"21","0.5","108","4.047781569965871","22","293","639","9.276450511945393"
"22","0.5","98","4.107142857142857","32","308","493","9.045454545454545"
"25","0.5","31","4","3","248","183","9.32258064516129"
"24","0.5","51","4.038759689922481","10","258","230","9.310077519379846"
"22","0.5","99","4.116883116883117","32","308","493","9.045454545454545"
"25","0.5","32","4","3","248","183","9.32258064516129"
"23","0.5","76","4.270769230769231","9","325","398","9.292307692307693"
"25","0.5","33","4","4","246","183","9.24390243902439"
"23","0.5","77","4.266253869969041","9","323","398","9.244582043343653"
"23","0.5","78","4.2631578947368425","9","323","398","9.244582043343653"
"24","0.5","52","4.042801556420233","10","257","237","9.32295719844358"
"26","0.5","25","3.626865671641791","6","268","180","9.08955223880597"
"26","0.5","26","4","8","264","180","8.984848484848484"
"24","0.5","53","4.046875","10","256","237","9.28125"
"22","0.5","100","4.116883116883117","32","308","517","9.2012987012987"
"25","0.5","34","4","4","246","203","9.40650406504065"
"26","0.5","27","3.988593155893536","9","263","180","8.94296577946768"
"24","0.5","54","4.047058823529412","10","255","237","9.239215686274509"
"25","0.5","35","4","4","246","203","9.40650406504065"
"22","0.5","101","4.107491856677524","33","307","517","9.166123778501628"
"25","0.5","36","4","4","246","203","9.40650406504065"
"22","0.5","102","4.11437908496732","33","306","517","9.130718954248366"
"21","0.5","109","3.7628205128205128","22","312","657","9.25"
"21","0.5","110","4.080128205128205","22","312","657","9.25"
"23","0.5","79","4.260061919504644","9","323","410","9.318885448916408"
"21","0.5","111","4.0673076923076925","22","312","657","9.25"
"23","0.5","80","4.2631578947368425","9","323","410","9.318885448916408"
"26","0.5","28","3.9846153846153847","10","260","208","9.069230769230769"
"24","0.5","55","4.047244094488189","10","254","255","9.338582677165354"
"23","0.5","81","4.263975155279503","10","322","410","9.285714285714286"
"26","0.5","29","3.9845559845559846","11","259","208","9.034749034749035"
"24","0.5","56","4.044176706827309","10","249","255","9.156626506024097"
"26","0.5","30","3.9844961240310077","11","258","208","9"
"25","0.5","37","3.7674418604651163","5","258","208","9.348837209302326"
"22","0.5","103","4.118811881188119","33","303","534","9.141914191419142"
"24","0.5","57","4.044176706827309","10","249","255","9.156626506024097"
"25","0.5","38","3.996124031007752","5","258","208","9.348837209302326"
"22","0.5","104","4.115511551155116","33","303","534","9.141914191419142"
"25","0.5","39","3.992248062015504","5","258","208","9.348837209302326"
"22","0.5","105","4.119205298013245","33","302","534","9.125827814569536"
"21","0.5","112","4.0711974110032365","24","309","671","9.242718446601941"
"21","0.5","113","4.0711974110032365","24","309","671","9.242718446601941"
"21","0.5","114","4.068181818181818","24","308","671","9.214285714285714"
"26","0.5","31","3.988372093023256","11","258","243","9.271317829457365"
"25","0.5","40","3.992217898832685","5","257","219","9.392996108949417"
"24","0.5","58","4.048582995951417","11","247","283","9.327935222672064"
"23","0.5","82","4.264797507788162","10","321","429","9.370716510903426"
"26","0.5","32","3.9883268482490273","11","257","243","9.245136186770427"
"25","0.5","41","3.9921875","6","256","219","9.3515625"
"26","0.5","33","3.992217898832685","11","257","243","9.245136186770427"
"24","0.5","59","4.052631578947368","11","247","283","9.327935222672064"
"23","0.5","83","4.261682242990654","10","321","429","9.370716510903426"
"25","0.5","42","3.992156862745098","6","255","219","9.309803921568628"
"24","0.5","60","4.052631578947368","11","247","283","9.327935222672064"
"23","0.5","84","4.261682242990654","10","321","429","9.370716510903426"
"22","0.5","106","4.123333333333333","34","300","563","9.246666666666666"
"22","0.5","107","4.117056856187291","34","299","563","9.217391304347826"
"22","0.5","108","4.117845117845118","35","297","563","9.144781144781145"
"26","0.5","34","3.992217898832685","11","257","257","9.354085603112841"
"21","0.5","115","4.068181818181818","24","308","688","9.324675324675324"
"25","0.5","43","3.9921259842519685","7","254","228","9.338582677165354"
"26","0.5","35","3.992217898832685","11","257","257","9.354085603112841"
"25","0.5","44","3.992063492063492","8","252","228","9.277777777777779"
"21","0.5","116","4.068403908794788","24","307","688","9.289902280130294"
"26","0.5","36","3.992217898832685","11","257","257","9.354085603112841"
"25","0.5","45","3.992","10","250","228","9.192"
"21","0.5","117","4.068403908794788","24","307","688","9.289902280130294"
"24","0.5","61","3.7074074074074073","11","270","297","9.266666666666667"
"24","0.5","62","4.044444444444444","11","270","297","9.266666666666667"
"23","0.5","85","4.148936170212766","10","329","443","9.501519756838906"
"24","0.5","63","4.044444444444444","11","270","297","9.266666666666667"
"23","0.5","86","4.234756097560975","10","328","443","9.46951219512195"
"25","0.5","46","3.9919354838709675","11","248","249","9.28225806451613"
"26","0.5","37","3.676258992805755","11","278","265","9.194244604316546"
"23","0.5","87","4.236923076923077","11","325","443","9.403076923076924"
"25","0.5","47","3.9919028340080973","12","247","249","9.238866396761134"
"21","0.5","118","4.0688524590163935","24","305","698","9.285245901639344"
"26","0.5","38","3.9819494584837547","11","277","265","9.155234657039712"
"25","0.5","48","3.991869918699187","13","246","249","9.195121951219512"
"22","0.5","109","4.03960396039604","35","303","595","9.432343234323433"
"24","0.5","64","4.044609665427509","11","269","304","9.278810408921933"
"26","0.5","39","3.9855595667870034","11","277","265","9.155234657039712"
"21","0.5","119","4.069306930693069","25","303","698","9.214521452145215"
"22","0.5","110","4.116279069767442","35","301","595","9.388704318936878"
"24","0.5","65","4.044776119402985","12","268","304","9.246268656716419"
"21","0.5","120","4.069536423841059","25","302","698","9.178807947019868"
"22","0.5","111","4.123333333333333","36","300","595","9.353333333333333"
"24","0.5","66","4.045112781954887","13","266","304","9.218045112781954"
"23","0.5","88","4.233846153846154","11","325","455","9.476923076923077"
"26","0.5","40","3.9890909090909092","13","275","280","9.192727272727273"
"26","0.5","41","3.9927272727272727","13","275","280","9.192727272727273"
"23","0.5","89","4.238390092879257","11","323","455","9.411764705882353"
"26","0.5","42","3.988970588235294","13","272","280","9.073529411764707"
"25","0.5","49","3.610294117647059","13","272","277","9.125"
"23","0.5","90","4.235294117647059","11","323","455","9.411764705882353"
"24","0.5","67","4.045112781954887","13","266","316","9.308270676691729"
"22","0.5","112","4.121621621621622","38","296","605","9.33108108108108"
"25","0.5","50","3.988970588235294","13","272","277","9.125"
"27","0.5","0","3.8739495798319328","0","238","0","9.168067226890756"
"24","0.5","68","4.045112781954887","13","266","316","9.308270676691729"
"22","0.5","113","4.122033898305085","39","295","605","9.294915254237289"
"25","0.5","51","3.9963235294117645","13","272","277","9.125"
"24","0.5","69","4.049056603773585","13","265","316","9.267924528301887"
"22","0.5","114","4.129251700680272","40","294","605","9.258503401360544"
"26","0.5","43","3.985239852398524","13","271","300","9.180811808118081"
"25","0.5","52","3.9963235294117645","13","272","288","9.205882352941176"
"26","0.5","44","3.985239852398524","13","271","300","9.180811808118081"
"23","0.5","91","4.238390092879257","11","323","479","9.560371517027864"
"27","0.5","1","4.054621848739496","0","238","31","9.428571428571429"
"25","0.5","53","3.996309963099631","13","271","288","9.166051660516604"
"27","0.5","2","4.063025210084033","0","238","31","9.428571428571429"
"24","0.5","70","4.049242424242424","13","264","330","9.333333333333334"
"26","0.5","45","3.988888888888889","13","270","300","9.155555555555555"
"23","0.5","92","4.235294117647059","11","323","479","9.560371517027864"
"27","0.5","3","4.11344537815126","0","238","31","9.428571428571429"
"25","0.5","54","3.996268656716418","14","268","288","9.044776119402986"
"24","0.5","71","4.045454545454546","13","264","330","9.333333333333334"
"23","0.5","93","4.238390092879257","11","323","479","9.560371517027864"
"22","0.5","115","4.13013698630137","40","292","633","9.376712328767123"
"24","0.5","72","4.053231939163498","13","263","330","9.29277566539924"
"22","0.5","116","4.126712328767123","40","292","633","9.376712328767123"
"22","0.5","117","4.126712328767123","40","292","633","9.376712328767123"
"27","0.5","4","4.0928270042194095","0","237","49","9.544303797468354"
"27","0.5","5","4.084388185654008","0","237","49","9.544303797468354"
"26","0.5","46","3.992565055762082","13","269","323","9.28624535315985"
"25","0.5","55","3.9962406015037595","15","266","303","9.082706766917294"
"26","0.5","47","4","15","267","323","9.220973782771535"
"27","0.5","6","4.084388185654008","0","237","49","9.544303797468354"
"23","0.5","94","4.235294117647059","11","323","485","9.597523219814242"
"25","0.5","56","3.9962264150943394","15","265","303","9.049056603773584"
"26","0.5","48","4.00374531835206","15","267","323","9.220973782771535"
"25","0.5","57","3.996212121212121","15","264","303","9.007575757575758"
"23","0.5","95","4.238390092879257","11","323","485","9.597523219814242"
"23","0.5","96","4.236024844720497","11","322","485","9.565217391304348"
"22","0.5","118","4.126712328767123","40","292","649","9.486301369863014"
"27","0.5","7","4.084388185654008","0","237","54","9.586497890295359"
"24","0.5","73","3.6033898305084744","13","295","345","9.03728813559322"
"22","0.5","119","4.1280276816609","41","289","649","9.40484429065744"
"27","0.5","8","4.085106382978723","0","235","54","9.497872340425532"
"22","0.5","120","4.131487889273356","41","289","649","9.40484429065744"
"24","0.5","74","4.081355932203389","13","295","345","9.03728813559322"
"27","0.5","9","4.085106382978723","0","235","54","9.497872340425532"
"24","0.5","75","4.074829931972789","14","294","345","9"
"25","0.5","58","3.9961977186311786","16","263","323","9.11787072243346"
"25","0.5","59","3.9961977186311786","16","263","323","9.11787072243346"
"26","0.5","49","3.737762237762238","15","286","348","9.321678321678322"
"25","0.5","60","3.99618320610687","17","262","323","9.076335877862595"
"26","0.5","50","4","15","285","348","9.284210526315789"
"27","0.5","10","4.085106382978723","0","235","68","9.617021276595745"
"26","0.5","51","3.9964664310954063","15","283","348","9.208480565371024"
"23","0.5","97","4.172839506172839","13","324","495","9.580246913580247"
"27","0.5","11","4.085470085470085","0","234","68","9.581196581196581"
"23","0.5","98","4.2105263157894735","13","323","495","9.547987616099071"
"27","0.5","12","4.085470085470085","0","234","68","9.581196581196581"
"28","0.5","0","3.7551020408163267","0","245","0","9.191836734693878"
"24","0.5","76","4.075085324232082","14","293","360","9.112627986348123"
"23","0.5","99","4.2105263157894735","13","323","495","9.547987616099071"
"24","0.5","77","4.078498293515358","14","293","360","9.112627986348123"
"24","0.5","78","4.0756013745704465","15","291","360","9.072164948453608"
"26","0.5","52","3.9964664310954063","15","283","364","9.321554770318022"
"26","0.5","53","3.99645390070922","15","282","364","9.28368794326241"
"25","0.5","61","3.862962962962963","18","270","344","9.362962962962962"
"27","0.5","13","3.9176954732510287","0","243","79","9.497942386831276"
"26","0.5","54","3.99645390070922","15","282","364","9.28368794326241"
"28","0.5","1","3.9918032786885247","1","244","25","9.37704918032787"
"25","0.5","62","4.014869888475836","19","269","344","9.323420074349443"
"27","0.5","14","4.078189300411522","0","243","79","9.497942386831276"
"25","0.5","63","4.018587360594796","19","269","344","9.323420074349443"
"28","0.5","2","3.9917355371900825","2","242","25","9.289256198347108"
"27","0.5","15","4.078189300411522","0","243","79","9.497942386831276"
"23","0.5","100","4.208074534161491","13","322","501","9.5527950310559"
"28","0.5","3","4.008298755186722","2","241","25","9.244813278008298"
"24","0.5","79","4.0793103448275865","15","290","378","9.158620689655173"
"23","0.5","101","4.2125","14","320","501","9.49375"
"26","0.5","55","3.99645390070922","15","282","381","9.404255319148936"
"24","0.5","80","4.083044982698962","15","289","378","9.121107266435986"
"27","0.5","16","4.078189300411522","0","243","81","9.51440329218107"
"23","0.5","102","4.209375","14","320","501","9.49375"
"25","0.5","64","4.014869888475836","19","269","358","9.427509293680297"
"27","0.5","17","4.078512396694215","0","242","81","9.47107438016529"
"26","0.5","56","3.99645390070922","15","282","381","9.404255319148936"
"24","0.5","81","4.083044982698962","15","289","378","9.121107266435986"
"25","0.5","65","4.011152416356877","19","269","358","9.427509293680297"
"26","0.5","57","3.99645390070922","15","282","381","9.404255319148936"
"27","0.5","18","4.078512396694215","0","242","81","9.47107438016529"
"25","0.5","66","4.01123595505618","20","267","358","9.385767790262172"
"28","0.5","4","4.024896265560166","2","241","50","9.452282157676349"
"28","0.5","5","4.025","3","240","50","9.408333333333333"
"28","0.5","6","4.025","3","240","50","9.408333333333333"
"27","0.5","19","4.078512396694215","0","242","86","9.512396694214877"
"26","0.5","58","3.99645390070922","15","282","392","9.4822695035461"
"23","0.5","103","4.2125","14","320","511","9.55625"
"27","0.5","20","4.078512396694215","0","242","86","9.512396694214877"
"25","0.5","67","4.007490636704119","20","267","367","9.453183520599252"
"27","0.5","21","4.083333333333333","1","240","86","9.425"
"26","0.5","59","3.996415770609319","15","279","392","9.369175627240143"
"23","0.5","104","4.2125","14","320","511","9.55625"
"24","0.5","82","4.083333333333333","15","288","392","9.180555555555555"
"25","0.5","68","4.007575757575758","21","264","367","9.333333333333334"
"26","0.5","60","4","15","279","392","9.369175627240143"
"23","0.5","105","4.2125","14","320","511","9.55625"
"24","0.5","83","4.083623693379791","15","287","392","9.142857142857142"
"25","0.5","69","4","21","263","367","9.29277566539924"
"24","0.5","84","4.083623693379791","15","287","392","9.142857142857142"
"28","0.5","7","4.025","3","240","70","9.575"
"28","0.5","8","4.02510460251046","3","239","70","9.531380753138075"
"27","0.5","22","4.087866108786611","1","239","95","9.464435146443515"
"28","0.5","9","4.029411764705882","3","238","70","9.504201680672269"
"27","0.5","23","4.0886075949367084","1","237","95","9.375527426160337"
"27","0.5","24","4.088983050847458","1","236","95","9.338983050847459"
"23","0.5","106","4.212025316455696","15","316","521","9.5"
"25","0.5","70","4.007662835249042","23","261","390","9.39463601532567"
"28","0.5","10","4.038297872340426","3","235","82","9.514893617021277"
"26","0.5","61","3.838487972508591","15","291","409","9.374570446735396"
"23","0.5","107","4.2165605095541405","17","314","521","9.433121019108281"
"25","0.5","71","4","24","260","390","9.353846153846154"
"28","0.5","11","4.047008547008547","3","234","82","9.47008547008547"
"26","0.5","62","4.017301038062284","17","289","409","9.301038062283737"
"23","0.5","108","4.212218649517685","17","311","521","9.337620578778136"
"25","0.5","72","4.007692307692308","24","260","390","9.353846153846154"
"28","0.5","12","4.043290043290043","3","231","82","9.341991341991342"
"26","0.5","63","4.020905923344948","17","287","409","9.226480836236934"
"24","0.5","85","3.804560260586319","15","307","407","9.205211726384364"
"27","0.5","25","3.6973180076628354","1","261","110","9.080459770114942"
"24","0.5","86","4.09771986970684","15","307","407","9.205211726384364"
"27","0.5","26","4.119230769230769","1","260","110","9.038461538461538"
"24","0.5","87","4.111475409836066","16","305","407","9.134426229508197"
"27","0.5","27","4.124031007751938","2","258","110","8.953488372093023"
"26","0.5","64","4.020905923344948","17","287","429","9.365853658536585"
"25","0.5","73","3.8131868131868134","24","273","411","9.472527472527473"
"28","0.5","13","3.796747967479675","3","246","105","9.414634146341463"
"26","0.5","65","4.020905923344948","17","287","429","9.365853658536585"
"25","0.5","74","4","24","273","411","9.472527472527473"
"28","0.5","14","4.061728395061729","3","243","105","9.283950617283951"
"26","0.5","66","4.020979020979021","17","286","429","9.328671328671328"
"25","0.5","75","4","24","272","411","9.433823529411764"
"28","0.5","15","4.066115702479339","3","242","105","9.239669421487603"
"27","0.5","28","4.12015503875969","2","258","131","9.116279069767442"
"24","0.5","88","4.115131578947368","16","304","429","9.243421052631579"
"27","0.5","29","4.120622568093385","2","257","131","9.073929961089494"
"23","0.5","109","4.04320987654321","17","324","550","9.425925925925926"
"27","0.5","30","4.120622568093385","2","257","131","9.073929961089494"
"24","0.5","89","4.112582781456954","16","302","429","9.205298013245033"
"23","0.5","110","4.185185185185185","17","324","550","9.425925925925926"
"28","0.5","16","4.070539419087137","3","241","121","9.32780082987552"
"25","0.5","76","3.996309963099631","24","271","416","9.439114391143912"
"26","0.5","67","4.021052631578947","17","285","441","9.375438596491229"
"24","0.5","90","4.113333333333333","16","300","429","9.14"
"23","0.5","111","4.204334365325077","17","323","550","9.393188854489164"
"28","0.5","17","4.066666666666666","3","240","121","9.283333333333333"
"25","0.5","77","4","24","271","416","9.439114391143912"
"26","0.5","68","4.02112676056338","17","284","441","9.345070422535212"
"28","0.5","18","4.066666666666666","3","240","121","9.283333333333333"
"25","0.5","78","3.996309963099631","24","271","416","9.439114391143912"
"26","0.5","69","4.02112676056338","17","284","441","9.345070422535212"
"27","0.5","31","4.125","2","256","153","9.203125"
"27","0.5","32","4.122047244094488","2","254","153","9.188976377952756"
"28","0.5","19","4.070833333333334","3","240","129","9.35"
"27","0.5","33","4.118577075098814","2","253","153","9.146245059288537"
"25","0.5","79","4","25","269","424","9.427509293680297"
"23","0.5","112","4.198142414860681","17","323","567","9.4984520123839"
"28","0.5","20","4.066666666666666","3","240","129","9.35"
"26","0.5","70","4.02112676056338","17","284","453","9.429577464788732"
"25","0.5","80","3.9925373134328357","26","268","424","9.388059701492537"
"24","0.5","91","4.114093959731544","17","298","454","9.234899328859061"
"23","0.5","113","4.2","18","320","567","9.40625"
"28","0.5","21","4.066666666666666","3","240","129","9.35"
"26","0.5","71","4.0177304964539005","19","282","453","9.361702127659575"
"25","0.5","81","3.996268656716418","26","268","424","9.388059701492537"
"24","0.5","92","4.114093959731544","17","298","454","9.234899328859061"
"23","0.5","114","4.195583596214511","18","317","567","9.31230283911672"
"26","0.5","72","4.018115942028985","21","276","453","9.144927536231885"
"24","0.5","93","4.114478114478114","18","297","454","9.198653198653199"
"27","0.5","34","4.118577075098814","2","253","174","9.312252964426877"
"28","0.5","22","4.067226890756302","3","238","135","9.3109243697479"
"27","0.5","35","4.118577075098814","2","253","174","9.312252964426877"
"28","0.5","23","4.071729957805907","3","237","135","9.265822784810126"
"27","0.5","36","4.118577075098814","2","253","174","9.312252964426877"
"25","0.5","82","3.9925373134328357","26","268","437","9.485074626865671"
"28","0.5","24","4.075949367088608","3","237","135","9.265822784810126"
"25","0.5","83","3.9924528301886792","27","265","437","9.381132075471697"
"25","0.5","84","3.9923664122137406","27","262","437","9.274809160305344"
"23","0.5","115","4.1892744479495265","18","317","591","9.46372239747634"
"24","0.5","94","4.114864864864865","18","296","483","9.358108108108109"
"23","0.5","116","4.193037974683544","18","316","591","9.430379746835444"
"24","0.5","95","4.102389078498294","20","293","483","9.262798634812286"
"23","0.5","117","4.189873417721519","18","316","591","9.430379746835444"
"27","0.5","37","3.7214285714285715","2","280","181","9.07857142857143"
"26","0.5","73","3.757679180887372","21","293","489","9.296928327645052"
"24","0.5","96","4.089041095890411","20","292","483","9.226027397260275"
"28","0.5","25","3.6315789473684212","3","266","152","8.969924812030076"
"27","0.5","38","4.082437275985663","2","279","181","9.039426523297491"
"26","0.5","74","4.017064846416382","21","293","489","9.296928327645052"
"28","0.5","26","4.109433962264151","4","265","152","8.928301886792452"
"27","0.5","39","4.094202898550725","4","276","181","8.920289855072463"
"26","0.5","75","4.023972602739726","22","292","489","9.26027397260274"
"28","0.5","27","4.106060606060606","4","264","152","8.886363636363637"
"25","0.5","85","3.7347670250896057","28","279","461","9.297491039426523"
"25","0.5","86","3.971223021582734","28","278","461","9.258992805755396"
"23","0.5","118","4.194267515923567","19","314","598","9.40764331210191"
"25","0.5","87","3.9747292418772564","29","277","461","9.220216606498195"
"23","0.5","119","4.18849840255591","19","313","598","9.373801916932907"
"28","0.5","28","4.095785440613027","5","261","169","8.88888888888889"
"23","0.5","120","4.194888178913738","19","313","598","9.373801916932907"
"26","0.5","76","4.020618556701031","22","291","505","9.333333333333334"
"27","0.5","40","4.090579710144928","4","276","206","9.101449275362318"
"28","0.5","29","4.103448275862069","5","261","169","8.88888888888889"
"26","0.5","77","4.024054982817869","22","291","505","9.333333333333334"
"27","0.5","41","4.090909090909091","4","275","206","9.083636363636364"
"28","0.5","30","4.099616858237548","5","261","169","8.88888888888889"
"24","0.5","97","3.9667774086378738","20","301","509","9.488372093023257"
"27","0.5","42","4.091575091575091","4","273","206","9.003663003663004"
"26","0.5","78","4.020618556701031","22","291","505","9.333333333333334"
"25","0.5","88","3.9747292418772564","29","277","470","9.28519855595668"
"25","0.5","89","3.9745454545454546","29","275","470","9.207272727272727"
"24","0.5","98","4.083056478405315","20","301","509","9.488372093023257"
"25","0.5","90","3.9745454545454546","29","275","470","9.207272727272727"
"24","0.5","99","4.079734219269103","20","301","509","9.488372093023257"
"29","0.5","0","3.947598253275109","0","229","0","9.240174672489083"
"28","0.5","31","4.099616858237548","5","261","186","9.019157088122606"
"26","0.5","79","4.020689655172414","22","290","516","9.372413793103448"
"28","0.5","32","4.100386100386101","7","259","186","8.934362934362934"
"27","0.5","43","4.092250922509225","5","271","222","9.040590405904059"
"26","0.5","80","4.02076124567474","23","289","516","9.335640138408305"
"25","0.5","91","3.9743589743589745","31","273","484","9.238095238095237"
"28","0.5","33","4.100386100386101","7","259","186","8.934362934362934"
"27","0.5","44","4.092592592592593","5","270","222","9"
"26","0.5","81","4.02076124567474","23","289","516","9.335640138408305"
"25","0.5","92","3.974264705882353","32","272","484","9.198529411764707"
"24","0.5","100","4.080267558528428","22","299","515","9.45819397993311"
"27","0.5","45","4.093283582089552","7","268","222","8.917910447761194"
"29","0.5","1","3.9563318777292578","0","229","17","9.388646288209607"
"25","0.5","93","3.974264705882353","32","272","484","9.198529411764707"
"29","0.5","2","3.973684210526316","1","228","17","9.342105263157896"
"24","0.5","101","4.077441077441078","23","297","515","9.393939393939394"
"29","0.5","3","3.9911894273127753","1","227","17","9.295154185022026"
"24","0.5","102","4.074074074074074","23","297","515","9.393939393939394"
"28","0.5","34","4.1050583657587545","8","257","207","9.011673151750973"
"26","0.5","82","4.02076124567474","23","289","526","9.40484429065744"
"28","0.5","35","4.109375","9","256","207","8.96875"
"26","0.5","83","4.024475524475524","25","286","526","9.293706293706293"
"25","0.5","94","3.974169741697417","32","271","501","9.291512915129152"
"28","0.5","36","4.109803921568627","9","255","207","8.933333333333334"
"29","0.5","4","3.986607142857143","1","224","41","9.375"
"26","0.5","84","4.024475524475524","25","286","526","9.293706293706293"
"29","0.5","5","3.9776785714285716","1","224","41","9.375"
"25","0.5","95","3.974169741697417","32","271","501","9.291512915129152"
"27","0.5","46","4.093283582089552","7","268","260","9.201492537313433"
"29","0.5","6","3.9684684684684686","1","222","41","9.315315315315315"
"27","0.5","47","4.093283582089552","7","268","260","9.201492537313433"
"25","0.5","96","3.974169741697417","32","271","501","9.291512915129152"
"24","0.5","103","4.074324324324325","23","296","531","9.466216216216216"
"27","0.5","48","4.093283582089552","7","268","260","9.201492537313433"
"24","0.5","104","4.0756013745704465","25","291","531","9.333333333333334"
"24","0.5","105","4.072413793103448","25","290","531","9.296551724137931"
"29","0.5","7","3.9684684684684686","1","222","64","9.522522522522523"
"29","0.5","8","3.9683257918552037","1","221","64","9.475113122171946"
"28","0.5","37","3.867158671586716","9","271","234","9.313653136531366"
"29","0.5","9","3.9727272727272727","1","220","64","9.427272727272728"
"25","0.5","97","3.8191489361702127","32","282","518","9.390070921985815"
"26","0.5","85","3.736156351791531","25","307","547","9.250814332247558"
"28","0.5","38","4.103703703703704","9","270","234","9.274074074074074"
"25","0.5","98","3.9680851063829787","32","282","518","9.390070921985815"
"26","0.5","86","4.039087947882736","25","307","547","9.250814332247558"
"28","0.5","39","4.100746268656716","10","268","234","9.208955223880597"
"27","0.5","49","3.9178571428571427","7","280","276","9.357142857142858"
"25","0.5","99","3.9680851063829787","32","282","518","9.390070921985815"
"26","0.5","87","4.0359477124183005","25","306","547","9.215686274509803"
"27","0.5","50","4.103571428571429","7","280","276","9.357142857142858"
"29","0.5","10","3.9771689497716896","1","219","87","9.58904109589041"
"24","0.5","106","4.072916666666667","25","288","562","9.479166666666666"
"27","0.5","51","4.0964285714285715","7","280","276","9.357142857142858"
"29","0.5","11","3.9815668202764978","2","217","87","9.502304147465438"
"24","0.5","107","4.076655052264808","25","287","562","9.442508710801393"
"29","0.5","12","3.986175115207373","2","217","87","9.502304147465438"
"25","0.5","100","3.9645390070921986","32","282","525","9.439716312056738"
"28","0.5","40","4.108614232209738","10","267","249","9.280898876404494"
"24","0.5","108","4.076655052264808","25","287","562","9.442508710801393"
"25","0.5","101","3.96085409252669","32","281","525","9.402135231316725"
"26","0.5","88","4.0394736842105265","25","304","561","9.236842105263158"
"28","0.5","41","4.112781954887218","10","266","249","9.263157894736842"
"25","0.5","102","3.9642857142857144","32","280","525","9.364285714285714"
"26","0.5","89","4.033112582781457","26","302","561","9.165562913907285"
"28","0.5","42","4.112781954887218","10","266","249","9.263157894736842"
"27","0.5","52","4.096774193548387","7","279","281","9.35483870967742"
"26","0.5","90","4.033112582781457","26","302","561","9.165562913907285"
"27","0.5","53","4.089605734767025","7","279","281","9.35483870967742"
"29","0.5","13","3.6652542372881354","2","236","106","9.279661016949152"
"27","0.5","54","4.089928057553957","8","278","281","9.316546762589928"
"29","0.5","14","4.017094017094017","3","234","106","9.188034188034187"
"25","0.5","103","3.949640287769784","33","278","538","9.381294964028777"
"29","0.5","15","4.017094017094017","3","234","106","9.188034188034187"
"28","0.5","43","4.112781954887218","10","266","263","9.368421052631579"
"25","0.5","104","3.949640287769784","33","278","538","9.381294964028777"
"25","0.5","105","3.949090909090909","35","275","538","9.272727272727273"
"28","0.5","44","4.113207547169812","10","265","263","9.328301886792453"
"28","0.5","45","4.113207547169812","10","265","263","9.328301886792453"
"27","0.5","55","4.090252707581228","8","277","293","9.407942238267148"
"24","0.5","109","3.8733333333333335","25","300","581","9.44"
"26","0.5","91","4.033112582781457","26","302","584","9.317880794701987"
"27","0.5","56","4.093862815884476","8","277","293","9.407942238267148"
"29","0.5","16","4.021551724137931","3","232","114","9.172413793103448"
"26","0.5","92","4.033112582781457","26","302","584","9.317880794701987"
"29","0.5","17","4.025974025974026","3","231","114","9.125541125541126"
"27","0.5","57","4.090579710144928","8","276","293","9.369565217391305"
"24","0.5","110","4.083333333333333","25","300","581","9.44"
"29","0.5","18","4.025974025974026","3","231","114","9.125541125541126"
"26","0.5","93","4.033333333333333","27","300","584","9.293333333333333"
"24","0.5","111","4.086666666666667","25","300","581","9.44"
"28","0.5","46","4.113636363636363","10","264","278","9.401515151515152"
"25","0.5","106","3.948905109489051","35","274","556","9.386861313868613"
"25","0.5","107","3.948717948717949","35","273","556","9.355311355311356"
"28","0.5","47","4.114503816793893","11","262","278","9.320610687022901"
"28","0.5","48","4.114503816793893","11","262","278","9.320610687022901"
"25","0.5","108","3.948717948717949","35","273","556","9.355311355311356"
"29","0.5","19","4.026086956521739","3","230","128","9.2"
"27","0.5","58","4.090579710144928","8","276","306","9.46376811594203"
"29","0.5","20","4.026086956521739","3","230","128","9.2"
"26","0.5","94","4.033333333333333","27","300","598","9.386666666666667"
"27","0.5","59","4.083941605839416","9","274","306","9.394160583941606"
"24","0.5","112","4.086666666666667","25","300","586","9.473333333333333"
"29","0.5","21","4.030434782608696","3","230","128","9.2"
"26","0.5","95","4.033557046979865","28","298","598","9.315436241610739"
"27","0.5","60","4.076642335766423","9","274","306","9.394160583941606"
"24","0.5","113","4.086666666666667","25","300","586","9.473333333333333"
"26","0.5","96","4.037037037037037","28","297","598","9.27946127946128"
"24","0.5","114","4.083612040133779","25","299","586","9.444816053511706"
"29","0.5","22","4.048034934497816","3","229","145","9.301310043668122"
"29","0.5","23","4.048034934497816","3","229","145","9.301310043668122"
"29","0.5","24","4.048245614035087","3","228","145","9.25438596491228"
"28","0.5","49","3.663230240549828","13","291","295","9.175257731958762"
"25","0.5","109","3.6283783783783785","35","296","569","9.195945945945946"
"28","0.5","50","4.092783505154639","13","291","295","9.175257731958762"
"25","0.5","110","3.969283276450512","36","293","569","9.085324232081911"
"24","0.5","115","4.080536912751678","26","298","591","9.442953020134228"
"28","0.5","51","4.1","13","290","295","9.137931034482758"
"25","0.5","111","3.958904109589041","36","292","569","9.047945205479452"
"27","0.5","61","3.734006734006734","9","297","320","9.158249158249157"
"24","0.5","116","4.08080808080808","26","297","591","9.407407407407407"
"27","0.5","62","4.070945945945946","9","296","320","9.135135135135135"
"24","0.5","117","4.077966101694916","26","295","591","9.342372881355931"
"29","0.5","25","3.8284518828451883","4","239","157","9.288702928870293"
"26","0.5","97","3.7258566978193146","29","321","610","9.171339563862928"
"27","0.5","63","4.08843537414966","10","294","320","9.061224489795919"
"29","0.5","26","4.02092050209205","4","239","157","9.288702928870293"
"26","0.5","98","4.053291536050157","29","319","610","9.128526645768025"
"29","0.5","27","4.0210084033613445","5","238","157","9.243697478991596"
"28","0.5","52","4.1","13","290","304","9.2"
"26","0.5","99","4.056603773584905","30","318","610","9.09433962264151"
"25","0.5","112","3.9450171821305844","36","291","595","9.189003436426116"
"28","0.5","53","4.100346020761246","13","289","304","9.162629757785467"
"25","0.5","113","3.9551724137931035","36","290","595","9.151724137931035"
"28","0.5","54","4.100694444444445","14","288","304","9.131944444444445"
"25","0.5","114","3.972318339100346","36","289","595","9.114186851211073"
"29","0.5","28","4.0168776371308015","5","237","169","9.29957805907173"
"24","0.5","118","4.074576271186441","26","295","602","9.416949152542372"
"27","0.5","64","4.081632653061225","10","294","338","9.183673469387756"
"29","0.5","29","4.012765957446809","5","235","169","9.208510638297872"
"24","0.5","119","4.078498293515358","26","293","602","9.351535836177474"
"27","0.5","65","4.0793103448275865","11","290","338","9.096551724137932"
"29","0.5","30","4.021367521367521","5","234","169","9.162393162393162"
"24","0.5","120","4.0756013745704465","26","291","602","9.278350515463918"
"27","0.5","66","4.079861111111111","12","288","338","9.020833333333334"
"26","0.5","100","4.069400630914826","30","317","624","9.14826498422713"
"26","0.5","101","4.066246056782334","30","317","624","9.14826498422713"
"25","0.5","115","3.9649122807017543","36","285","617","9.228070175438596"
"28","0.5","55","4.100694444444445","14","288","316","9.215277777777779"
"26","0.5","102","4.0664556962025316","30","316","624","9.113924050632912"
"29","0.5","31","4.021367521367521","5","234","183","9.282051282051283"
"25","0.5","116","3.971830985915493","36","284","617","9.190140845070422"
"28","0.5","56","4.101045296167247","15","287","316","9.177700348432056"
"29","0.5","32","4.021459227467811","5","233","183","9.236051502145923"
"28","0.5","57","4.101398601398602","15","286","316","9.13986013986014"
"25","0.5","117","3.971631205673759","36","282","617","9.113475177304965"
"29","0.5","33","4.021645021645021","6","231","183","9.151515151515152"
"27","0.5","67","4.079861111111111","12","288","363","9.194444444444445"
"27","0.5","68","4.079861111111111","12","288","363","9.194444444444445"
"27","0.5","69","4.080139372822299","12","287","363","9.156794425087108"
"30","0.5","0","3.952191235059761","0","251","0","9.107569721115539"
"29","0.5","34","4.021834061135372","6","229","200","9.20524017467249"
"26","0.5","103","4.0664556962025316","30","316","643","9.234177215189874"
"28","0.5","58","4.098591549295775","15","284","330","9.17605633802817"
"29","0.5","35","4.021929824561403","6","228","200","9.157894736842104"
"26","0.5","104","4.0664556962025316","30","316","643","9.234177215189874"
"28","0.5","59","4.102473498233215","15","283","330","9.137809187279151"
"25","0.5","118","3.971631205673759","36","282","647","9.326241134751774"
"29","0.5","36","4.021929824561403","6","228","200","9.157894736842104"
"28","0.5","60","4.098939929328622","15","283","330","9.137809187279151"
"26","0.5","105","4.06687898089172","30","314","643","9.165605095541402"
"25","0.5","119","3.971631205673759","36","282","647","9.326241134751774"
"25","0.5","120","3.971631205673759","36","282","647","9.326241134751774"
"27","0.5","70","4.077192982456141","13","285","379","9.214035087719298"
"30","0.5","1","4.084","1","250","36","9.36"
"27","0.5","71","4.074204946996466","13","283","379","9.137809187279151"
"30","0.5","2","4.048","1","250","36","9.36"
"27","0.5","72","4.074468085106383","13","282","379","9.106382978723405"
"30","0.5","3","4.044","1","250","36","9.36"
"29","0.5","37","3.7958333333333334","6","240","216","9.333333333333334"
"26","0.5","106","4.067092651757188","30","313","664","9.26517571884984"
"29","0.5","38","4.0125","6","240","216","9.333333333333334"
"26","0.5","107","4.067741935483871","30","310","664","9.219354838709677"
"28","0.5","61","3.882943143812709","15","299","342","9.290969899665551"
"29","0.5","39","4.033333333333333","6","240","216","9.333333333333334"
"26","0.5","108","4.067741935483871","30","310","664","9.219354838709677"
"31","0.75","0","3.964","0","250","0","9.296"
"28","0.5","62","4.121212121212121","15","297","342","9.218855218855218"
"28","0.5","63","4.119047619047619","15","294","342","9.136054421768707"
"30","0.5","4","4.04","1","250","57","9.528"
"29","0.5","40","4.029411764705882","6","238","224","9.327731092436975"
"29","0.5","41","4.025316455696203","6","237","224","9.291139240506329"
"30","0.5","5","4.036290322580645","2","248","57","9.443548387096774"
"29","0.5","42","4.02542372881356","6","236","224","9.245762711864407"
"30","0.5","6","4.032388663967612","2","247","57","9.40080971659919"
"31","0.75","1","4.04","0","250","19","9.448"
"27","0.5","73","3.8682432432432434","13","296","398","9.236486486486486"
"31","0.75","2","4.028","0","250","19","9.448"
"27","0.5","74","4.0675675675675675","13","296","398","9.236486486486486"
"31","0.75","3","4.028112449799197","0","249","19","9.429718875502008"
"27","0.5","75","4.077966101694916","13","295","398","9.2"
"28","0.5","64","4.13013698630137","15","292","370","9.26027397260274"
"29","0.5","43","4.02542372881356","6","236","241","9.389830508474576"
"28","0.5","65","4.133561643835616","15","292","370","9.26027397260274"
"29","0.5","44","4.02542372881356","6","236","241","9.389830508474576"
"30","0.5","7","4.032388663967612","2","247","75","9.54655870445344"
"29","0.5","45","4.02542372881356","6","236","241","9.389830508474576"
"28","0.5","66","4.133561643835616","15","292","370","9.26027397260274"
"26","0.5","109","3.856269113149847","30","327","685","9.370030581039755"
"30","0.5","8","4.032520325203252","2","246","75","9.520325203252032"
"31","0.75","4","4.028112449799197","0","249","34","9.550200803212851"
"26","0.5","110","4.08256880733945","30","327","685","9.370030581039755"
"27","0.5","76","4.081632653061225","14","294","409","9.251700680272108"
"30","0.5","9","4.032520325203252","2","246","75","9.520325203252032"
"31","0.75","5","4.028112449799197","0","249","34","9.550200803212851"
"27","0.5","77","4.085034013605442","14","294","409","9.251700680272108"
"26","0.5","111","4.0920245398773005","30","326","685","9.337423312883436"
"29","0.5","46","4.0256410256410255","7","234","250","9.376068376068377"
"31","0.75","6","4.032258064516129","0","248","34","9.524193548387096"
"27","0.5","78","4.092150170648464","14","293","409","9.215017064846416"
"29","0.5","47","4.0256410256410255","7","234","250","9.376068376068377"
"29","0.5","48","4.0256410256410255","7","234","250","9.376068376068377"
"28","0.5","67","4.130584192439863","15","291","398","9.415807560137457"
"30","0.5","10","4.036734693877551","2","245","88","9.583673469387755"
"28","0.5","68","4.127586206896551","15","290","398","9.393103448275863"
"31","0.75","7","4.036290322580645","0","248","46","9.620967741935484"
"30","0.5","11","4.036885245901639","3","244","88","9.540983606557377"
"28","0.5","69","4.128472222222222","15","288","398","9.319444444444445"
"31","0.75","8","4.036585365853658","0","246","46","9.536585365853659"
"26","0.5","112","4.08282208588957","30","326","700","9.429447852760736"
"27","0.5","79","4.093103448275862","15","290","429","9.241379310344827"
"30","0.5","12","4.037037037037037","3","243","88","9.497942386831276"
"31","0.75","9","4.036734693877551","0","245","46","9.493877551020407"
"27","0.5","80","4.093425605536332","15","289","429","9.217993079584774"
"26","0.5","113","4.086687306501548","32","323","700","9.3312693498452"
"27","0.5","81","4.091228070175439","16","285","429","9.073684210526316"
"29","0.5","49","3.751004016064257","8","249","261","9.236947791164658"
"26","0.5","114","4.083850931677019","32","322","700","9.298136645962733"
"29","0.5","50","4.020080321285141","8","249","261","9.236947791164658"
"29","0.5","51","4.016129032258065","9","248","261","9.193548387096774"
"31","0.75","10","4.036734693877551","0","245","59","9.6"
"28","0.5","70","4.128472222222222","15","288","429","9.534722222222221"
"31","0.75","11","4.037037037037037","1","243","59","9.547325102880658"
"28","0.5","71","4.129824561403509","16","285","429","9.424561403508772"
"31","0.75","12","4.037344398340249","1","241","59","9.477178423236515"
"30","0.5","13","3.8458498023715415","4","253","102","9.446640316205533"
"28","0.5","72","4.129824561403509","16","285","429","9.424561403508772"
"29","0.5","52","4.016129032258065","9","248","271","9.274193548387096"
"30","0.5","14","4.003952569169961","4","253","102","9.446640316205533"
"27","0.5","82","4.091228070175439","16","285","458","9.27719298245614"
"26","0.5","115","4.086956521739131","32","322","726","9.459627329192546"
"29","0.5","53","4.016129032258065","9","248","271","9.274193548387096"
"27","0.5","83","4.095070422535211","16","284","458","9.23943661971831"
"30","0.5","15","4.003968253968254","4","252","102","9.404761904761905"
"29","0.5","54","4.020325203252033","9","246","271","9.252032520325203"
"26","0.5","116","4.087227414330218","33","321","726","9.426791277258568"
"27","0.5","84","4.091872791519434","16","283","458","9.201413427561837"
"26","0.5","117","4.084375","33","320","726","9.39375"
"31","0.75","13","3.8300395256916997","1","253","75","9.470355731225297"
"29","0.5","55","4.012195121951219","9","246","282","9.341463414634147"
"30","0.5","16","4.007936507936508","4","252","117","9.523809523809524"
"31","0.75","14","4.047808764940239","1","251","75","9.410358565737052"
"29","0.5","56","4.024390243902439","9","246","282","9.341463414634147"
"30","0.5","17","4.00796812749004","4","251","117","9.48207171314741"
"29","0.5","57","4.020325203252033","9","246","282","9.341463414634147"
"31","0.75","15","4.052208835341365","1","249","75","9.325301204819278"
"30","0.5","18","4.008032128514056","5","249","117","9.397590361445783"
"28","0.5","73","3.8514851485148514","16","303","451","9.326732673267326"
"28","0.5","74","4.0927152317880795","17","302","451","9.291390728476822"
"26","0.5","118","4.08125","33","320","738","9.46875"
"29","0.5","58","4.0246913580246915","10","243","289","9.275720164609053"
"28","0.5","75","4.099337748344371","17","302","451","9.291390728476822"
"27","0.5","85","3.8633333333333333","16","300","478","9.306666666666667"
"26","0.5","119","4.084639498432602","33","319","738","9.473354231974922"
"31","0.75","16","4.048192771084337","1","249","92","9.461847389558233"
"29","0.5","59","4.020746887966805","11","241","289","9.186721991701244"
"27","0.5","86","4.076666666666667","16","300","478","9.306666666666667"
"26","0.5","120","4.078616352201258","33","318","738","9.440251572327044"
"31","0.75","17","4.048192771084337","1","249","92","9.461847389558233"
"29","0.5","60","4.025","11","240","289","9.15"
"30","0.5","19","4.008032128514056","5","249","141","9.590361445783133"
"27","0.5","87","4.077181208053691","16","298","478","9.234899328859061"
"31","0.75","18","4.048387096774194","1","248","92","9.419354838709678"
"30","0.5","20","4.008032128514056","5","249","141","9.590361445783133"
"28","0.5","76","4.1033333333333335","18","300","464","9.306666666666667"
"30","0.5","21","4.008032128514056","5","249","141","9.590361445783133"
"28","0.5","77","4.116666666666666","18","300","464","9.306666666666667"
"31","0.75","19","4.0528455284552845","2","246","98","9.382113821138212"
"28","0.5","78","4.114093959731544","19","298","464","9.234899328859061"
"31","0.75","20","4.057377049180328","3","244","98","9.30327868852459"
"27","0.5","88","4.073825503355705","16","298","494","9.342281879194632"
"32","0.75","0","4.033613445378151","0","238","0","9.193277310924369"
"30","0.5","22","4.008032128514056","5","249","146","9.630522088353414"
"29","0.5","61","3.772549019607843","11","255","315","9.294117647058824"
"31","0.75","21","4.057377049180328","3","244","98","9.30327868852459"
"27","0.5","89","4.071428571428571","19","294","494","9.197278911564625"
"29","0.5","62","4.0395256916996045","12","253","315","9.209486166007904"
"30","0.5","23","4.008032128514056","5","249","146","9.630522088353414"
"27","0.5","90","4.068493150684931","20","292","494","9.136986301369863"
"29","0.5","63","4.027888446215139","12","251","315","9.123505976095618"
"30","0.5","24","4.008097165991903","6","247","146","9.578947368421053"
"28","0.5","79","4.10472972972973","19","296","482","9.317567567567568"
"32","0.75","1","4.223628691983122","0","237","23","9.350210970464135"
"31","0.75","22","4.05761316872428","3","243","112","9.37448559670782"
"28","0.5","80","4.101694915254237","19","295","482","9.28135593220339"
"32","0.75","2","4.245762711864407","0","236","23","9.330508474576272"
"31","0.75","23","4.0578512396694215","3","242","112","9.330578512396695"
"29","0.5","64","4.032","13","250","334","9.232"
"32","0.75","3","4.242553191489361","1","235","23","9.285106382978723"
"28","0.5","81","4.105084745762712","19","295","482","9.28135593220339"
"31","0.75","24","4.0578512396694215","3","242","112","9.330578512396695"
"29","0.5","65","4.032258064516129","13","248","334","9.14516129032258"
"30","0.5","25","3.7624521072796937","7","261","151","9.35632183908046"
"27","0.5","91","4.071917808219178","20","292","522","9.32876712328767"
"29","0.5","66","4.032258064516129","13","248","334","9.14516129032258"
"27","0.5","92","4.071917808219178","20","292","522","9.32876712328767"
"30","0.5","26","4.019157088122605","7","261","151","9.35632183908046"
"27","0.5","93","4.072664359861592","20","289","522","9.26643598615917"
"30","0.5","27","4.030769230769231","7","260","151","9.315384615384616"
"32","0.75","4","4.242553191489361","1","235","52","9.53191489361702"
"28","0.5","82","4.1084745762711865","19","295","496","9.376271186440677"
"32","0.75","5","4.238297872340426","1","235","52","9.53191489361702"
"32","0.75","6","4.242553191489361","1","235","52","9.53191489361702"
"31","0.75","25","3.8346456692913384","5","254","126","9.330708661417322"
"29","0.5","67","4.032258064516129","13","248","362","9.370967741935484"
"28","0.5","83","4.098976109215017","20","293","496","9.303754266211604"
"31","0.75","26","4.059288537549407","5","253","126","9.288537549407115"
"29","0.5","68","4.032258064516129","13","248","362","9.370967741935484"
"28","0.5","84","4.085616438356165","20","292","496","9.280821917808218"
"31","0.75","27","4.059288537549407","5","253","126","9.288537549407115"
"29","0.5","69","4.032520325203252","13","246","362","9.284552845528456"
"30","0.5","28","4.035019455252918","8","257","162","9.27626459143969"
"27","0.5","94","4.072664359861592","20","289","540","9.391003460207612"
"32","0.75","7","4.239316239316239","1","234","63","9.581196581196581"
"30","0.5","29","4.03125","8","256","162","9.234375"
"27","0.5","95","4.066433566433567","21","286","540","9.286713286713287"
"32","0.75","8","4.246753246753247","2","231","63","9.445887445887445"
"30","0.5","30","4.03515625","8","256","162","9.234375"
"32","0.75","9","4.251082251082251","2","231","63","9.445887445887445"
"27","0.5","96","4.063157894736842","22","285","540","9.256140350877192"
"31","0.75","28","4.059523809523809","5","252","138","9.341269841269842"
"29","0.5","70","4.032520325203252","13","246","379","9.422764227642276"
"31","0.75","29","4.063492063492063","5","252","138","9.341269841269842"
"29","0.5","71","4.03265306122449","14","245","379","9.379591836734694"
"31","0.75","30","4.064","5","250","138","9.256"
"29","0.5","72","4.032921810699588","14","243","379","9.300411522633745"
"28","0.5","85","3.9932885906040267","21","298","511","9.48993288590604"
"32","0.75","10","4.252173913043478","3","230","88","9.617391304347827"
"28","0.5","86","4.097972972972973","21","296","511","9.41891891891892"
"30","0.5","31","4.04296875","8","256","180","9.375"
"32","0.75","11","4.252173913043478","3","230","88","9.617391304347827"
"32","0.75","12","4.253275109170306","3","229","88","9.572052401746724"
"30","0.5","32","4.0390625","8","256","180","9.375"
"28","0.5","87","4.081355932203389","21","295","511","9.383050847457627"
"31","0.75","31","4.068273092369478","6","249","154","9.34136546184739"
"30","0.5","33","4.0395256916996045","10","253","180","9.24901185770751"
"31","0.75","32","4.068273092369478","6","249","154","9.34136546184739"
"29","0.5","73","3.8735177865612647","14","253","401","9.486166007905139"
"27","0.5","97","3.849498327759197","23","299","559","9.277591973244148"
"31","0.75","33","4.07258064516129","6","248","154","9.298387096774194"
"29","0.5","74","4.031872509960159","15","251","401","9.402390438247012"
"27","0.5","98","4.0200668896321075","23","299","559","9.277591973244148"
"29","0.5","75","4.0239043824701195","15","251","401","9.402390438247012"
"32","0.75","13","3.975510204081633","3","245","101","9.395918367346939"
"27","0.5","99","4.033444816053512","23","299","559","9.277591973244148"
"28","0.5","88","4.08843537414966","21","294","519","9.401360544217686"
"32","0.75","14","4.242798353909465","3","243","101","9.316872427983538"
"28","0.5","89","4.0893470790378","22","291","519","9.292096219931272"
"32","0.75","15","4.25206611570248","3","242","101","9.272727272727273"
"30","0.5","34","4.0396825396825395","10","252","203","9.38888888888889"
"31","0.75","34","4.0728744939271255","6","247","174","9.417004048582996"
"28","0.5","90","4.092783505154639","22","291","519","9.292096219931272"
"31","0.75","35","4.0728744939271255","6","247","174","9.417004048582996"
"30","0.5","35","4.04","12","250","203","9.312"
"29","0.5","76","4.024096385542169","16","249","409","9.389558232931726"
"31","0.75","36","4.076923076923077","6","247","174","9.417004048582996"
"30","0.5","36","4.044176706827309","13","249","203","9.285140562248996"
"29","0.5","77","4.024193548387097","16","248","409","9.35483870967742"
"27","0.5","100","4.033444816053512","23","299","571","9.357859531772576"
"29","0.5","78","4.0242914979757085","16","247","409","9.31174089068826"
"32","0.75","16","4.257261410788382","3","241","116","9.352697095435685"
"27","0.5","101","4.033444816053512","23","299","571","9.357859531772576"
"32","0.75","17","4.2594142259414225","3","239","116","9.330543933054393"
"27","0.5","102","4.036789297658863","23","299","571","9.357859531772576"
"32","0.75","18","4.251063829787234","4","235","116","9.217021276595744"
"28","0.5","91","4.089655172413793","23","290","534","9.358620689655172"
"31","0.75","37","3.9260700389105057","6","257","185","9.439688715953308"
"29","0.5","79","4.0246913580246915","16","243","427","9.300411522633745"
"28","0.5","92","4.09375","24","288","534","9.284722222222221"
"31","0.75","38","4.0588235294117645","6","255","185","9.35686274509804"
"29","0.5","80","4.0246913580246915","16","243","427","9.300411522633745"
"28","0.5","93","4.090909090909091","25","286","534","9.216783216783217"
"31","0.75","39","4.0627450980392155","6","255","185","9.35686274509804"
"29","0.5","81","4.025","18","240","427","9.166666666666666"
"30","0.5","37","3.8832684824902723","14","257","220","9.431906614785992"
"32","0.75","19","4.247863247863248","4","234","136","9.341880341880342"
"27","0.5","103","4.040404040404041","23","297","578","9.333333333333334"
"32","0.75","20","4.25","4","232","136","9.25"
"30","0.5","38","4.03515625","15","256","220","9.3984375"
"27","0.5","104","4.047457627118644","24","295","578","9.261016949152543"
"32","0.75","21","4.246753246753247","5","231","136","9.203463203463203"
"30","0.5","39","4.035294117647059","15","255","220","9.35686274509804"
"27","0.5","105","4.04406779661017","24","295","578","9.261016949152543"
"31","0.75","40","4.066929133858268","6","254","196","9.401574803149606"
"31","0.75","41","4.063492063492063","7","252","196","9.317460317460318"
"29","0.5","82","4.02510460251046","19","239","456","9.364016736401673"
"31","0.75","42","4.067729083665339","7","251","196","9.322709163346614"
"28","0.5","94","4.094405594405594","25","286","552","9.342657342657343"
"29","0.5","83","4.025210084033613","20","238","456","9.327731092436975"
"32","0.75","22","4.247826086956522","5","230","159","9.356521739130434"
"30","0.5","40","4.043307086614173","16","254","230","9.393700787401574"
"29","0.5","84","4.025210084033613","20","238","456","9.327731092436975"
"32","0.75","23","4.247826086956522","5","230","159","9.356521739130434"
"28","0.5","95","4.090909090909091","25","286","552","9.342657342657343"
"30","0.5","41","4.0355731225296445","16","253","230","9.351778656126482"
"32","0.75","24","4.247826086956522","5","230","159","9.356521739130434"
"27","0.5","106","4.0476190476190474","24","294","597","9.401360544217686"
"28","0.5","96","4.094736842105263","25","285","552","9.305263157894737"
"27","0.5","107","4.051546391752577","24","291","597","9.292096219931272"
"30","0.5","42","4.039840637450199","16","251","230","9.266932270916335"
"31","0.75","43","4.067729083665339","7","251","212","9.450199203187251"
"27","0.5","108","4.054982817869416","24","291","597","9.292096219931272"
"31","0.75","44","4.068","7","250","212","9.408"
"31","0.75","45","4.068273092369478","7","249","212","9.373493975903614"
"29","0.5","85","3.8975409836065573","20","244","472","9.508196721311476"
"32","0.75","25","3.81640625","5","256","174","9.125"
"29","0.5","86","4.004115226337449","20","243","472","9.465020576131687"
"30","0.5","43","4.035856573705179","16","251","244","9.378486055776893"
"32","0.75","26","4.24015748031496","5","254","174","9.039370078740157"
"29","0.5","87","4.004115226337449","20","243","472","9.465020576131687"
"30","0.5","44","4.04","17","250","244","9.336"
"32","0.75","27","4.261904761904762","5","252","174","8.952380952380953"
"31","0.75","46","4.068825910931174","8","247","221","9.368421052631579"
"28","0.5","97","3.87375415282392","25","301","570","9.368770764119601"
"31","0.75","47","4.068825910931174","8","247","221","9.368421052631579"
"30","0.5","45","4.036144578313253","18","249","244","9.301204819277109"
"28","0.5","98","4.08080808080808","27","297","570","9.232323232323232"
"31","0.75","48","4.0728744939271255","8","247","221","9.368421052631579"
"29","0.5","88","4.0041322314049586","20","242","478","9.47107438016529"
"28","0.5","99","4.063973063973064","27","297","570","9.232323232323232"
"27","0.5","109","3.797427652733119","24","311","616","9.215434083601286"
"29","0.5","89","4.004149377593361","21","241","478","9.427385892116183"
"27","0.5","110","4.064724919093851","25","309","616","9.145631067961165"
"29","0.5","90","4.00418410041841","22","239","478","9.338912133891213"
"32","0.75","28","4.261904761904762","5","252","192","9.095238095238095"
"27","0.5","111","4.058252427184466","25","309","616","9.145631067961165"
"32","0.75","29","4.2629482071713145","5","251","192","9.05179282868526"
"32","0.75","30","4.272","6","250","192","9.016"
"30","0.5","46","4.040650406504065","19","246","262","9.317073170731707"
"28","0.5","100","4.070945945945946","28","296","590","9.33108108108108"
"30","0.5","47","4.036585365853658","19","246","262","9.317073170731707"
"29","0.5","91","4.00418410041841","22","239","496","9.489539748953975"
"31","0.75","49","3.7900763358778624","8","262","232","9.351145038167939"
"30","0.5","48","4.040816326530612","19","245","262","9.273469387755101"
"28","0.5","101","4.054237288135593","28","295","590","9.294915254237289"
"29","0.5","92","4.00418410041841","22","239","496","9.489539748953975"
"31","0.75","50","4.057251908396947","8","262","232","9.351145038167939"
"29","0.5","93","4.004237288135593","23","236","496","9.364406779661017"
"32","0.75","31","4.264","6","250","212","9.176"
"28","0.5","102","4.061016949152543","28","295","590","9.294915254237289"
"32","0.75","32","4.264","6","250","212","9.176"
"31","0.75","51","4.068965517241379","8","261","232","9.310344827586206"
"27","0.5","112","4.068627450980392","27","306","632","9.143790849673202"
"32","0.75","33","4.265060240963855","6","249","212","9.132530120481928"
"27","0.5","113","4.081967213114754","27","305","632","9.108196721311476"
"27","0.5","114","4.079207920792079","28","303","632","9.036303630363037"
"29","0.5","94","4.0085470085470085","23","234","512","9.452991452991453"
"29","0.5","95","4.004273504273504","23","234","512","9.452991452991453"
"31","0.75","52","4.049808429118774","8","261","248","9.432950191570882"
"29","0.5","96","4.004273504273504","23","234","512","9.452991452991453"
"28","0.5","103","4.054237288135593","28","295","607","9.410169491525425"
"32","0.75","34","4.265060240963855","6","249","226","9.244979919678714"
"31","0.75","53","4.053846153846154","9","260","248","9.392307692307693"
"30","0.5","49","3.7604562737642584","19","263","285","9.307984790874524"
"28","0.5","104","4.061433447098976","28","293","607","9.337883959044369"
"32","0.75","35","4.269076305220883","6","249","226","9.244979919678714"
"31","0.75","54","4.038610038610039","10","259","248","9.35135135135135"
"30","0.5","50","4.022813688212928","19","263","285","9.307984790874524"
"32","0.75","36","4.270161290322581","7","248","226","9.201612903225806"
"28","0.5","105","4.061433447098976","28","293","607","9.337883959044369"
"30","0.5","51","4.019011406844107","19","263","285","9.307984790874524"
"29","0.5","97","3.7222222222222223","23","252","525","9.301587301587302"
"27","0.5","115","4.082781456953643","28","302","658","9.178807947019868"
"31","0.75","55","4.042635658914729","10","258","259","9.4031007751938"
"29","0.5","98","4.0239043824701195","24","251","525","9.258964143426295"
"27","0.5","116","4.083056478405315","28","301","658","9.142857142857142"
"31","0.75","56","4.038910505836576","10","257","259","9.361867704280156"
"29","0.5","99","4.016064257028113","25","249","525","9.17269076305221"
"27","0.5","117","4.083056478405315","28","301","658","9.142857142857142"
"30","0.5","52","4.022813688212928","19","263","296","9.391634980988593"
"31","0.75","57","4.047058823529412","11","255","259","9.27843137254902"
"28","0.5","106","4.072164948453608","29","291","625","9.429553264604811"
"32","0.75","37","3.973584905660377","8","265","236","9.2"
"30","0.5","53","4.022813688212928","19","263","296","9.391634980988593"
"28","0.5","107","4.0657439446366785","30","289","625","9.356401384083044"
"32","0.75","38","4.252830188679245","8","265","236","9.2"
"30","0.5","54","4.022813688212928","19","263","296","9.391634980988593"
"28","0.5","108","4.072916666666667","30","288","625","9.32638888888889"
"32","0.75","39","4.234848484848484","8","264","236","9.159090909090908"
"29","0.5","100","4.020080321285141","25","249","539","9.285140562248996"
"29","0.5","101","4.024193548387097","26","248","539","9.241935483870968"
"31","0.75","58","4.050980392156863","11","255","281","9.450980392156863"
"29","0.5","102","4.0242914979757085","27","247","539","9.19838056680162"
"27","0.5","118","4.083056478405315","28","301","680","9.289036544850498"
"30","0.5","55","4.019011406844107","19","263","302","9.437262357414449"
"31","0.75","59","4.0549019607843135","11","255","281","9.450980392156863"
"27","0.5","119","4.083333333333333","28","300","680","9.3"
"30","0.5","56","4.022900763358779","19","262","302","9.396946564885496"
"32","0.75","40","4.2272727272727275","8","264","252","9.280303030303031"
"31","0.75","60","4.047430830039525","11","253","281","9.375494071146244"
"32","0.75","41","4.223484848484849","8","264","252","9.280303030303031"
"27","0.5","120","4.083333333333333","28","300","680","9.3"
"30","0.5","57","4.019157088122605","19","261","302","9.35632183908046"
"29","0.5","103","4.032520325203252","28","246","547","9.21951219512195"
"32","0.75","42","4.217557251908397","9","262","252","9.198473282442748"
"29","0.5","104","4.036734693877551","28","245","547","9.175510204081633"
"28","0.5","109","3.9295302013422817","30","298","641","9.456375838926174"
"29","0.5","105","4.036885245901639","28","244","547","9.131147540983607"
"28","0.5","110","4.0673400673400675","30","297","641","9.42087542087542"
"28","0.5","111","4.054421768707483","31","294","641","9.312925170068027"
"30","0.5","58","4.030651340996169","19","261","313","9.440613026819923"
"32","0.75","43","4.223076923076923","9","260","263","9.215384615384615"
"31","0.75","61","3.7262773722627736","11","274","294","9.313868613138686"
"33","0.75","0","4.258064516129032","0","217","0","9.179723502304148"
"31","0.75","62","4.04074074074074","12","270","294","9.155555555555555"
"30","0.5","59","4.019230769230769","19","260","313","9.4"
"32","0.75","44","4.219230769230769","9","260","263","9.215384615384615"
"29","0.5","106","4.037344398340249","28","241","566","9.153526970954356"
"31","0.75","63","4.037313432835821","13","268","294","9.082089552238806"
"30","0.5","60","4.027027027027027","19","259","313","9.35907335907336"
"32","0.75","45","4.22007722007722","9","259","263","9.181467181467182"
"29","0.5","107","4.041666666666667","28","240","566","9.15"
"29","0.5","108","4.045833333333333","28","240","566","9.15"
"28","0.5","112","4.064846416382252","31","293","659","9.399317406143345"
"33","0.75","1","4.203703703703703","0","216","21","9.324074074074074"
"33","0.75","2","4.180555555555555","0","216","21","9.324074074074074"
"28","0.5","113","4.061433447098976","31","293","659","9.399317406143345"
"33","0.75","3","4.175925925925926","0","216","21","9.324074074074074"
"32","0.75","46","4.221789883268483","9","257","279","9.237354085603112"
"28","0.5","114","4.064846416382252","31","293","659","9.399317406143345"
"31","0.75","64","4.037453183520599","13","267","321","9.243445692883896"
"32","0.75","47","4.221789883268483","9","257","279","9.237354085603112"
"31","0.75","65","4.037453183520599","13","267","321","9.243445692883896"
"32","0.75","48","4.221789883268483","9","257","279","9.237354085603112"
"30","0.5","61","3.9578544061302683","19","261","322","9.50191570881226"
"31","0.75","66","4.037593984962406","13","266","321","9.203007518796992"
"29","0.5","109","3.852589641434263","28","251","586","9.354581673306773"
"33","0.75","4","4.175925925925926","0","216","42","9.518518518518519"
"30","0.5","62","4.023076923076923","19","260","322","9.461538461538462"
"29","0.5","110","4.052","28","250","586","9.312"
"33","0.75","5","4.181395348837209","0","215","42","9.469767441860466"
"29","0.5","111","4.048","28","250","586","9.312"
"30","0.5","63","4.0271317829457365","20","258","322","9.426356589147288"
"33","0.75","6","4.176744186046512","0","215","42","9.469767441860466"
"28","0.5","115","4.061643835616438","31","292","666","9.41095890410959"
"28","0.5","116","4.069204152249135","31","289","666","9.314878892733564"
"28","0.5","117","4.062283737024221","31","289","666","9.314878892733564"
"31","0.75","67","4.037878787878788","13","264","334","9.219696969696969"
"29","0.5","112","4.052208835341365","28","249","595","9.34136546184739"
"33","0.75","7","4.176744186046512","0","215","57","9.609302325581396"
"32","0.75","49","3.988929889298893","9","271","297","9.357933579335793"
"31","0.75","68","4.038022813688213","13","263","334","9.1787072243346"
"29","0.5","113","4.048582995951417","29","247","595","9.255060728744938"
"33","0.75","8","4.176744186046512","0","215","57","9.609302325581396"
"32","0.75","50","4.2444444444444445","9","270","297","9.318518518518518"
"30","0.5","64","4.03125","20","256","338","9.5"
"31","0.75","69","4.038461538461538","15","260","334","9.115384615384615"
"29","0.5","114","4.048979591836734","29","245","595","9.2"
"33","0.75","9","4.172897196261682","0","214","57","9.560747663551401"
"32","0.75","51","4.256505576208179","9","269","297","9.28624535315985"
"30","0.5","65","4.02755905511811","20","254","338","9.456692913385826"
"30","0.5","66","4.027777777777778","20","252","338","9.380952380952381"
"28","0.5","118","4.073943661971831","31","284","683","9.28169014084507"
"33","0.75","10","4.172897196261682","0","214","70","9.682242990654206"
"33","0.75","11","4.172897196261682","0","214","70","9.682242990654206"
"28","0.5","119","4.066901408450704","31","284","683","9.28169014084507"
"29","0.5","115","4.048979591836734","29","245","615","9.363265306122448"
"33","0.75","12","4.172897196261682","0","214","70","9.682242990654206"
"32","0.75","52","4.250936329588015","10","267","312","9.340823970037453"
"28","0.5","120","4.07773851590106","31","283","683","9.250883392226148"
"29","0.5","116","4.048979591836734","29","245","615","9.363265306122448"
"31","0.75","70","4.0347490347490345","16","259","359","9.266409266409266"
"32","0.75","53","4.257575757575758","10","264","312","9.219696969696969"
"29","0.5","117","4.049180327868853","30","244","615","9.319672131147541"
"31","0.75","71","4.031128404669261","16","257","359","9.190661478599221"
"32","0.75","54","4.250950570342205","10","263","312","9.186311787072244"
"31","0.75","72","4.03125","16","256","359","9.1484375"
"30","0.5","67","4.0199203187251","20","251","360","9.51394422310757"
"30","0.5","68","4.02","20","250","360","9.48"
"33","0.75","13","3.865800865800866","0","231","72","9.367965367965368"
"30","0.5","69","4.016","20","250","360","9.48"
"33","0.75","14","4.203463203463204","0","231","72","9.367965367965368"
"29","0.5","118","4.049586776859504","31","242","622","9.289256198347108"
"33","0.75","15","4.207792207792208","0","231","72","9.367965367965368"
"29","0.5","119","4.049586776859504","31","242","622","9.289256198347108"
"29","0.5","120","4.049792531120332","31","241","622","9.253112033195022"
"34","0.75","0","4.178861788617886","0","246","0","9.170731707317072"
"32","0.75","55","4.255725190839694","10","262","335","9.32824427480916"
"33","0.75","16","4.21304347826087","1","230","77","9.365217391304348"
"32","0.75","56","4.255725190839694","10","262","335","9.32824427480916"
"33","0.75","17","4.208695652173913","1","230","77","9.365217391304348"
"30","0.5","70","4.016129032258065","20","248","375","9.516129032258064"
"32","0.75","57","4.263358778625954","10","262","335","9.32824427480916"
"33","0.75","18","4.214912280701754","1","228","77","9.271929824561404"
"31","0.75","73","3.893939393939394","17","264","378","9.424242424242424"
"30","0.5","71","4.012145748987854","20","247","375","9.473684210526315"
"31","0.75","74","4.0418250950570345","17","263","378","9.384030418250951"
"30","0.5","72","4.016260162601626","21","246","375","9.439024390243903"
"31","0.75","75","4.038022813688213","17","263","378","9.384030418250951"
"33","0.75","19","4.207964601769912","1","226","89","9.29203539823009"
"34","0.75","1","4.183673469387755","0","245","25","9.363265306122448"
"35","0.75","0","4.1173913043478265","0","230","0","9.252173913043478"
"33","0.75","20","4.209821428571429","1","224","89","9.232142857142858"
"34","0.75","2","4.16734693877551","0","245","25","9.363265306122448"
"32","0.75","58","4.267175572519084","10","262","349","9.435114503816793"
"33","0.75","21","4.210762331838565","1","223","89","9.183856502242152"
"34","0.75","3","4.159836065573771","0","244","25","9.319672131147541"
"32","0.75","59","4.263358778625954","10","262","349","9.435114503816793"
"31","0.75","76","4.038022813688213","17","263","385","9.437262357414449"
"32","0.75","60","4.264367816091954","11","261","349","9.39463601532567"
"31","0.75","77","4.034220532319392","17","263","385","9.437262357414449"
"31","0.75","78","4.038022813688213","17","263","385","9.437262357414449"
"35","0.75","1","4.039301310043668","0","229","23","9.423580786026202"
"35","0.75","2","4.06140350877193","0","228","23","9.37719298245614"
"30","0.5","73","3.767175572519084","21","262","391","9.396946564885496"
"33","0.75","22","4.217194570135747","1","221","111","9.285067873303168"
"35","0.75","3","4.06140350877193","0","228","23","9.37719298245614"
"33","0.75","23","4.217194570135747","1","221","111","9.285067873303168"
"34","0.75","4","4.14344262295082","0","244","44","9.475409836065573"
"30","0.5","74","4.011450381679389","21","262","391","9.396946564885496"
"33","0.75","24","4.219178082191781","1","219","111","9.187214611872147"
"34","0.75","5","4.1440329218107","0","243","44","9.432098765432098"
"31","0.75","79","4.041984732824427","17","262","393","9.458015267175572"
"30","0.5","75","4","24","259","391","9.274131274131275"
"34","0.75","6","4.1440329218107","0","243","44","9.432098765432098"
"31","0.75","80","4.049808429118774","17","261","393","9.417624521072797"
"31","0.75","81","4.046332046332046","18","259","393","9.335907335907336"
"32","0.75","61","3.9891696750902526","11","277","363","9.342960288808664"
"35","0.75","4","4.06140350877193","0","228","40","9.526315789473685"
"32","0.75","62","4.2898550724637685","11","276","363","9.304347826086957"
"35","0.75","5","4.06140350877193","0","228","40","9.526315789473685"
"32","0.75","63","4.277777777777778","13","270","363","9.066666666666666"
"35","0.75","6","4.06140350877193","0","228","40","9.526315789473685"
"34","0.75","7","4.1440329218107","0","243","57","9.539094650205762"
"33","0.75","25","3.8860759493670884","1","237","132","9.172995780590718"
"30","0.5","76","4.003861003861004","24","259","411","9.428571428571429"
"34","0.75","8","4.144628099173554","0","242","57","9.49586776859504"
"33","0.75","26","4.215189873417722","1","237","132","9.172995780590718"
"30","0.5","77","3.996124031007752","24","258","411","9.387596899224807"
"31","0.75","82","4.046332046332046","18","259","414","9.498069498069498"
"34","0.75","9","4.145228215767635","1","241","57","9.452282157676349"
"33","0.75","27","4.2025316455696204","1","237","132","9.172995780590718"
"35","0.75","7","4.057522123893805","0","226","52","9.557522123893806"
"30","0.5","78","4","24","258","411","9.387596899224807"
"31","0.75","83","4.046511627906977","19","258","414","9.457364341085272"
"35","0.75","8","4.053097345132743","0","226","52","9.557522123893806"
"31","0.75","84","4.046511627906977","19","258","414","9.457364341085272"
"35","0.75","9","4.053097345132743","0","226","52","9.557522123893806"
"32","0.75","64","4.272388059701493","13","268","398","9.246268656716419"
"33","0.75","28","4.215189873417722","1","237","141","9.248945147679326"
"32","0.75","65","4.273408239700374","14","267","398","9.205992509363297"
"33","0.75","29","4.216101694915254","2","236","141","9.203389830508474"
"34","0.75","10","4.142857142857143","1","238","68","9.478991596638656"
"33","0.75","30","4.220338983050848","2","236","141","9.203389830508474"
"32","0.75","66","4.279245283018868","14","265","398","9.132075471698114"
"34","0.75","11","4.135593220338983","1","236","68","9.40677966101695"
"30","0.5","79","3.9961089494163424","24","257","425","9.455252918287938"
"35","0.75","10","4.053333333333334","0","225","64","9.617777777777778"
"34","0.75","12","4.127659574468085","2","235","68","9.361702127659575"
"30","0.5","80","4","25","256","425","9.4140625"
"35","0.75","11","4.053811659192825","0","223","64","9.524663677130045"
"31","0.75","85","3.7838827838827838","21","273","422","9.260073260073261"
"33","0.75","31","4.216101694915254","2","236","147","9.254237288135593"
"35","0.75","12","4.053811659192825","0","223","64","9.524663677130045"
"30","0.5","81","3.99609375","25","256","425","9.4140625"
"31","0.75","86","4.069597069597069","21","273","422","9.260073260073261"
"33","0.75","32","4.216101694915254","2","236","147","9.254237288135593"
"31","0.75","87","4.070110701107011","21","271","422","9.180811808118081"
"33","0.75","33","4.216101694915254","2","236","147","9.254237288135593"
"32","0.75","67","4.279245283018868","14","265","424","9.328301886792453"
"32","0.75","68","4.269961977186312","15","263","424","9.247148288973383"
"32","0.75","69","4.266159695817491","15","263","424","9.247148288973383"
"33","0.75","34","4.221276595744681","2","235","151","9.242553191489362"
"34","0.75","13","3.8406374501992033","2","251","96","9.378486055776893"
"30","0.5","82","4","26","254","437","9.4251968503937"
"33","0.75","35","4.217948717948718","2","234","151","9.196581196581196"
"34","0.75","14","4.084","2","250","96","9.336"
"35","0.75","13","3.782426778242678","0","239","80","9.347280334728033"
"31","0.75","88","4.063197026022305","21","269","437","9.211895910780669"
"35","0.75","14","4.058577405857741","0","239","80","9.347280334728033"
"33","0.75","36","4.227467811158799","2","233","151","9.150214592274677"
"34","0.75","15","4.096","2","250","96","9.336"
"30","0.5","83","3.9960629921259843","26","254","437","9.4251968503937"
"35","0.75","15","4.058577405857741","0","239","80","9.347280334728033"
"31","0.75","89","4.052238805970149","21","268","437","9.17910447761194"
"30","0.5","84","4","27","253","437","9.383399209486166"
"31","0.75","90","4.048507462686567","21","268","437","9.17910447761194"
"32","0.75","70","4.256704980842912","15","261","441","9.295019157088122"
"35","0.75","16","4.066945606694561","0","239","82","9.364016736401673"
"34","0.75","16","4.096385542168675","2","249","108","9.389558232931726"
"32","0.75","71","4.257692307692308","15","260","441","9.253846153846155"
"35","0.75","17","4.054393305439331","0","239","82","9.364016736401673"
"34","0.75","17","4.096774193548387","2","248","108","9.35483870967742"
"32","0.75","72","4.253846153846154","15","260","441","9.253846153846155"
"35","0.75","18","4.054621848739496","1","238","82","9.319327731092438"
"34","0.75","18","4.096774193548387","2","248","108","9.35483870967742"
"33","0.75","37","3.874015748031496","2","254","163","9.125984251968504"
"31","0.75","91","4.052434456928839","21","267","458","9.325842696629213"
"33","0.75","38","4.188976377952756","2","254","163","9.125984251968504"
"31","0.75","92","4.052434456928839","21","267","458","9.325842696629213"
"33","0.75","39","4.190476190476191","2","252","163","9.071428571428571"
"31","0.75","93","4.056390977443609","21","266","458","9.285714285714286"
"30","0.5","85","3.7306273062730626","27","271","454","9.29889298892989"
"35","0.75","19","4.0508474576271185","1","236","89","9.296610169491526"
"30","0.5","86","4.007380073800738","27","271","454","9.29889298892989"
"34","0.75","19","4.096774193548387","2","248","117","9.42741935483871"
"35","0.75","20","4.0508474576271185","1","236","89","9.296610169491526"
"34","0.75","20","4.096774193548387","2","248","117","9.42741935483871"
"30","0.5","87","3.996309963099631","27","271","454","9.29889298892989"
"35","0.75","21","4.0508474576271185","1","236","89","9.296610169491526"
"34","0.75","21","4.097165991902834","3","247","117","9.384615384615385"
"33","0.75","40","4.186507936507937","2","252","175","9.166666666666666"
"31","0.75","94","4.056603773584905","22","265","469","9.328301886792453"
"32","0.75","73","4.115671641791045","16","268","465","9.417910447761194"
"33","0.75","41","4.192","3","250","175","9.12"
"31","0.75","95","4.057034220532319","24","263","469","9.247148288973383"
"32","0.75","74","4.258426966292135","16","267","465","9.378277153558052"
"33","0.75","42","4.192771084337349","4","249","175","9.076305220883533"
"31","0.75","96","4.057251908396947","24","262","469","9.213740458015268"
"32","0.75","75","4.262172284644195","16","267","465","9.378277153558052"
"35","0.75","22","4.055084745762712","1","236","99","9.38135593220339"
"30","0.5","88","4","27","271","463","9.365313653136532"
"34","0.75","22","4.097165991902834","3","247","129","9.481781376518219"
"35","0.75","23","4.051063829787234","2","235","99","9.336170212765957"
"30","0.5","89","3.996282527881041","29","269","463","9.28624535315985"
"34","0.75","23","4.101214574898785","3","247","129","9.481781376518219"
"35","0.75","24","4.051282051282051","3","234","99","9.290598290598291"
"30","0.5","90","4","30","268","463","9.246268656716419"
"34","0.75","24","4.097165991902834","3","247","129","9.481781376518219"
"33","0.75","43","4.192771084337349","4","249","184","9.14859437751004"
"33","0.75","44","4.194331983805668","5","247","184","9.06072874493927"
"32","0.75","76","4.260377358490566","18","265","481","9.418867924528302"
"33","0.75","45","4.194331983805668","5","247","184","9.06072874493927"
"32","0.75","77","4.262357414448669","18","263","481","9.338403041825096"
"32","0.75","78","4.260536398467433","18","261","481","9.279693486590038"
"35","0.75","25","3.853061224489796","3","245","110","9.355102040816327"
"31","0.75","97","3.6643598615916955","24","289","488","9.100346020761245"
"30","0.5","91","3.996268656716418","30","268","469","9.291044776119403"
"35","0.75","26","4.061475409836065","3","244","110","9.311475409836065"
"34","0.75","25","3.6934306569343067","3","274","136","9.145985401459853"
"31","0.75","98","4.080139372822299","26","287","488","9.024390243902438"
"30","0.5","92","4","32","264","469","9.196969696969697"
"33","0.75","46","4.194331983805668","5","247","201","9.19838056680162"
"35","0.75","27","4.041322314049586","4","242","110","9.223140495867769"
"30","0.5","93","3.9961977186311786","32","263","469","9.155893536121672"
"34","0.75","26","4.084249084249084","3","273","136","9.164835164835164"
"33","0.75","47","4.198380566801619","5","247","201","9.19838056680162"
"31","0.75","99","4.080701754385965","27","285","488","8.947368421052632"
"34","0.75","27","4.087912087912088","3","273","136","9.164835164835164"
"33","0.75","48","4.1959183673469385","5","245","201","9.110204081632654"
"32","0.75","79","4.268199233716475","18","261","513","9.524904214559387"
"32","0.75","80","4.264367816091954","18","261","513","9.524904214559387"
"35","0.75","28","4.066115702479339","4","242","129","9.380165289256198"
"32","0.75","81","4.272030651340996","18","261","513","9.524904214559387"
"35","0.75","29","4.06198347107438","4","242","129","9.380165289256198"
"34","0.75","28","4.099264705882353","4","272","143","9.176470588235293"
"30","0.5","94","4.003875968992248","33","258","493","9.193798449612403"
"35","0.75","30","4.062240663900415","5","241","129","9.336099585062241"
"34","0.75","29","4.111111111111111","4","270","143","9.096296296296297"
"31","0.75","100","4.052631578947368","27","285","507","9.080701754385965"
"34","0.75","30","4.115671641791045","5","268","143","9.014925373134329"
"30","0.5","95","4","33","258","493","9.193798449612403"
"31","0.75","101","4.052631578947368","27","285","507","9.080701754385965"
"32","0.75","82","4.265384615384615","18","260","522","9.553846153846154"
"31","0.75","102","4.056338028169014","27","284","507","9.04225352112676"
"30","0.5","96","4.00390625","35","256","493","9.109375"
"33","0.75","49","3.769230769230769","5","273","211","8.952380952380953"
"32","0.75","83","4.262548262548263","18","259","522","9.513513513513514"
"33","0.75","50","4.157509157509158","5","273","211","8.952380952380953"
"35","0.75","31","4.058577405857741","5","239","138","9.330543933054393"
"32","0.75","84","4.255813953488372","18","258","522","9.472868217054264"
"33","0.75","51","4.17948717948718","5","273","211","8.952380952380953"
"35","0.75","32","4.054393305439331","5","239","138","9.330543933054393"
"35","0.75","33","4.054393305439331","5","239","138","9.330543933054393"
"34","0.75","31","4.123134328358209","5","268","167","9.194029850746269"
"31","0.75","103","4.060070671378092","27","283","521","9.102473498233216"
"34","0.75","32","4.123134328358209","5","268","167","9.194029850746269"
"31","0.75","104","4.053003533568905","27","283","521","9.102473498233216"
"34","0.75","33","4.120300751879699","5","266","167","9.112781954887218"
"33","0.75","52","4.17037037037037","5","270","217","8.874074074074073"
"31","0.75","105","4.05338078291815","29","281","521","9.03202846975089"
"35","0.75","34","4.054393305439331","5","239","149","9.422594142259415"
"33","0.75","53","4.178438661710037","5","269","217","8.83271375464684"
"32","0.75","85","4","18","275","536","9.323636363636364"
"35","0.75","35","4.054393305439331","5","239","149","9.422594142259415"
"33","0.75","54","4.1716417910447765","5","268","217","8.791044776119403"
"32","0.75","86","4.301818181818182","18","275","536","9.323636363636364"
"30","0.5","97","3.696750902527076","35","277","524","9.24187725631769"
"35","0.75","36","4.054393305439331","5","239","149","9.422594142259415"
"32","0.75","87","4.302919708029197","19","274","536","9.284671532846716"
"30","0.5","98","4.036231884057971","36","276","524","9.210144927536232"
"34","0.75","34","4.120300751879699","5","266","188","9.270676691729323"
"30","0.5","99","4.02536231884058","36","276","524","9.210144927536232"
"34","0.75","35","4.1216730038022815","6","263","188","9.14828897338403"
"31","0.75","106","4.057347670250896","30","279","536","9.060931899641577"
"34","0.75","36","4.1216730038022815","6","263","188","9.14828897338403"
"31","0.75","107","4.057553956834532","30","278","536","9.02158273381295"
"32","0.75","88","4.2967032967032965","19","273","546","9.31868131868132"
"31","0.75","108","4.057553956834532","30","278","536","9.02158273381295"
"35","0.75","37","3.8","5","255","155","9.231372549019607"
"33","0.75","55","4.176029962546816","6","267","239","8.913857677902621"
"32","0.75","89","4.302583025830258","20","271","546","9.239852398523984"
"35","0.75","38","4","5","255","155","9.231372549019607"
"33","0.75","56","4.168539325842697","6","267","239","8.913857677902621"
"32","0.75","90","4.297397769516729","21","269","546","9.211895910780669"
"35","0.75","39","4","5","253","155","9.146245059288537"
"33","0.75","57","4.176691729323308","6","266","239","8.87218045112782"
"30","0.5","100","4.029090909090909","37","275","535","9.25090909090909"
"30","0.5","101","4.014598540145985","37","274","535","9.211678832116789"
"30","0.5","102","4.014705882352941","37","272","535","9.176470588235293"
"35","0.75","40","4","5","253","165","9.225296442687746"
"32","0.75","91","4.302238805970149","22","268","563","9.298507462686567"
"34","0.75","37","3.9130434782608696","6","276","213","9.347826086956522"
"35","0.75","41","4.003952569169961","5","253","165","9.225296442687746"
"32","0.75","92","4.2981132075471695","24","265","563","9.177358490566037"
"33","0.75","58","4.172932330827067","6","266","260","9.030075187969924"
"32","0.75","93","4.29433962264151","24","265","563","9.177358490566037"
"34","0.75","38","4.079710144927536","6","276","213","9.347826086956522"
"35","0.75","42","3.99601593625498","6","251","165","9.139442231075698"
"34","0.75","39","4.079710144927536","6","276","213","9.347826086956522"
"33","0.75","59","4.170454545454546","7","264","260","8.946969696969697"
"31","0.75","109","3.6129032258064515","30","310","562","9.012903225806452"
"33","0.75","60","4.15530303030303","7","264","260","8.946969696969697"
"31","0.75","110","4.090322580645161","30","310","562","9.012903225806452"
"30","0.5","103","4.014705882352941","37","272","555","9.323529411764707"
"31","0.75","111","4.100323624595469","30","309","562","8.977346278317151"
"35","0.75","43","3.996","6","250","180","9.216"
"30","0.5","104","4.014760147601476","38","271","555","9.284132841328413"
"34","0.75","40","4.079710144927536","6","276","219","9.391304347826088"
"35","0.75","44","3.995983935742972","7","249","180","9.180722891566266"
"34","0.75","41","4.083636363636364","6","275","219","9.403636363636364"
"32","0.75","94","4.299242424242424","24","264","584","9.295454545454545"
"30","0.5","105","4.014814814814815","38","270","555","9.244444444444444"
"35","0.75","45","3.995983935742972","7","249","180","9.180722891566266"
"34","0.75","42","4.083636363636364","6","275","219","9.403636363636364"
"32","0.75","95","4.301526717557252","25","262","584","9.213740458015268"
"32","0.75","96","4.297709923664122","25","262","584","9.213740458015268"
"31","0.75","112","4.103896103896104","31","308","581","9.064935064935066"
"34","0.75","43","4.083636363636364","6","275","224","9.44"
"35","0.75","46","3.9919028340080973","7","247","191","9.182186234817813"
"33","0.75","61","3.9854545454545454","7","275","282","9.192727272727273"
"31","0.75","113","4.097402597402597","31","308","581","9.064935064935066"
"30","0.5","106","4.014869888475836","39","269","574","9.353159851301115"
"34","0.75","44","4.083636363636364","6","275","224","9.44"
"35","0.75","47","3.9959183673469387","7","245","191","9.093877551020409"
"33","0.75","62","4.1611721611721615","7","273","282","9.172161172161172"
"31","0.75","114","4.10064935064935","31","308","581","9.064935064935066"
"30","0.5","107","4.014869888475836","39","269","574","9.353159851301115"
"34","0.75","45","4.083941605839416","6","274","224","9.423357664233576"
"35","0.75","48","3.9959183673469387","7","245","191","9.093877551020409"
"33","0.75","63","4.166666666666667","8","270","282","9.051851851851852"
"30","0.5","108","4.014869888475836","39","269","574","9.353159851301115"
"32","0.75","97","4.113138686131387","25","274","607","9.299270072992702"
"32","0.75","98","4.295620437956204","25","274","607","9.299270072992702"
"34","0.75","46","4.0777777777777775","9","270","227","9.28888888888889"
"32","0.75","99","4.299270072992701","25","274","607","9.299270072992702"
"34","0.75","47","4.074626865671642","9","268","227","9.223880597014926"
"31","0.75","115","4.098684210526316","31","304","592","9"
"33","0.75","64","4.164794007490637","9","267","301","9.071161048689138"
"34","0.75","48","4.074626865671642","9","268","227","9.223880597014926"
"31","0.75","116","4.089403973509934","32","302","592","8.927152317880795"
"33","0.75","65","4.166037735849057","10","265","301","8.99622641509434"
"35","0.75","49","3.80859375","7","256","213","9.3125"
"31","0.75","117","4.096666666666667","32","300","592","8.853333333333333"
"32","0.75","100","4.295620437956204","25","274","614","9.35036496350365"
"33","0.75","66","4.166037735849057","10","265","301","8.99622641509434"
"35","0.75","50","3.988235294117647","7","255","213","9.325490196078432"
"32","0.75","101","4.3003663003663","25","273","614","9.311355311355312"
"35","0.75","51","3.9881889763779528","7","254","213","9.283464566929133"
"30","0.5","109","3.6723549488054608","39","293","587","9.146757679180887"
"32","0.75","102","4.297794117647059","26","272","614","9.272058823529411"
"30","0.5","110","4","39","292","587","9.10958904109589"
"30","0.5","111","3.9965753424657535","39","292","587","9.10958904109589"
"32","0.75","103","4.301115241635688","27","269","620","9.197026022304833"
"35","0.75","52","3.996031746031746","7","252","224","9.285714285714286"
"33","0.75","67","4.163498098859316","11","263","332","9.14828897338403"
"32","0.75","104","4.291044776119403","28","268","620","9.156716417910447"
"34","0.75","49","3.8652482269503547","9","282","247","9.304964539007091"
"35","0.75","53","3.988095238095238","7","252","224","9.285714285714286"
"33","0.75","68","4.155893536121673","11","263","332","9.14828897338403"
"32","0.75","105","4.2894736842105265","29","266","620","9.082706766917294"
"31","0.75","118","4.096666666666667","32","300","635","9.14"
"34","0.75","50","4.06049822064057","9","281","247","9.266903914590747"
"33","0.75","69","4.154440154440154","13","259","332","8.988416988416988"
"35","0.75","54","3.988095238095238","7","252","224","9.285714285714286"
"31","0.75","119","4.090301003344481","32","299","635","9.117056856187292"
"34","0.75","51","4.0503597122302155","10","278","247","9.158273381294965"
"31","0.75","120","4.093645484949833","32","299","635","9.117056856187292"
"30","0.5","112","4","39","291","601","9.168384879725085"
"30","0.5","113","4.006920415224913","40","289","601","9.100346020761245"
"35","0.75","55","3.9880478087649402","7","251","239","9.362549800796813"
"32","0.75","106","4.286792452830189","29","265","646","9.245283018867925"
"30","0.5","114","4.006920415224913","40","289","601","9.100346020761245"
"32","0.75","107","4.292307692307692","32","260","646","9.092307692307692"
"35","0.75","56","3.9880478087649402","7","251","239","9.362549800796813"
"34","0.75","52","4.050724637681159","10","276","270","9.246376811594203"
"33","0.75","70","4.147286821705427","14","258","368","9.224806201550388"
"35","0.75","57","3.988","7","250","239","9.32"
"32","0.75","108","4.282945736434108","34","258","646","9.023255813953488"
"34","0.75","53","4.047272727272727","10","275","270","9.207272727272727"
"33","0.75","71","4.147286821705427","14","258","368","9.224806201550388"
"33","0.75","72","4.147286821705427","14","258","368","9.224806201550388"
"36","0.75","0","3.883817427385892","0","241","0","9.236514522821576"
"34","0.75","54","4.047272727272727","10","275","270","9.207272727272727"
"35","0.75","58","3.988","7","250","255","9.448"
"30","0.5","115","4.006993006993007","40","286","622","9.146853146853147"
"35","0.75","59","3.9879518072289155","7","249","255","9.405622489959839"
"35","0.75","60","3.991869918699187","10","246","255","9.292682926829269"
"30","0.5","116","4.007042253521127","41","284","622","9.091549295774648"
"36","0.75","1","4","0","239","22","9.338912133891213"
"34","0.75","55","4.047272727272727","10","275","290","9.352727272727273"
"36","0.75","2","3.99163179916318","0","239","22","9.338912133891213"
"30","0.5","117","4.00709219858156","42","282","622","9.01418439716312"
"32","0.75","109","4.201520912547529","34","263","676","9.429657794676807"
"34","0.75","56","4.047445255474453","11","274","290","9.313868613138686"
"33","0.75","73","3.9962406015037595","15","266","395","9.421052631578947"
"36","0.75","3","3.98744769874477","0","239","22","9.338912133891213"
"34","0.75","57","4.0476190476190474","11","273","290","9.274725274725276"
"32","0.75","110","4.290076335877862","34","262","676","9.396946564885496"
"33","0.75","74","4.162264150943396","16","265","395","9.381132075471697"
"32","0.75","111","4.286259541984733","34","262","676","9.396946564885496"
"33","0.75","75","4.158490566037736","16","265","395","9.381132075471697"
"36","0.75","4","3.9873949579831933","0","238","36","9.411764705882353"
"35","0.75","61","3.6390977443609023","10","266","275","9.240601503759398"
"36","0.75","5","3.9873949579831933","0","238","36","9.411764705882353"
"33","0.75","76","4.162878787878788","16","264","401","9.386363636363637"
"32","0.75","112","4.296153846153846","34","260","689","9.423076923076923"
"34","0.75","58","4.044117647058823","11","272","308","9.367647058823529"
"36","0.75","6","3.9873417721518987","0","237","36","9.39240506329114"
"35","0.75","62","4.011320754716981","10","265","275","9.2"
"30","0.5","118","4.01067615658363","42","281","648","9.160142348754448"
"33","0.75","77","4.159695817490494","17","263","401","9.35361216730038"
"32","0.75","113","4.297297297297297","34","259","689","9.382239382239382"
"34","0.75","59","4.044117647058823","11","272","308","9.367647058823529"
"35","0.75","63","4.003787878787879","10","264","275","9.174242424242424"
"33","0.75","78","4.163498098859316","17","263","401","9.35361216730038"
"32","0.75","114","4.301158301158301","34","259","689","9.382239382239382"
"30","0.5","119","4.014285714285714","43","280","648","9.128571428571428"
"34","0.75","60","4.044444444444444","11","270","308","9.303703703703704"
"30","0.5","120","4.014336917562724","44","279","648","9.10394265232975"
"36","0.75","7","3.978723404255319","1","235","50","9.429787234042553"
"36","0.75","8","3.97008547008547","2","234","50","9.384615384615385"
"35","0.75","64","4.003787878787879","10","264","290","9.287878787878787"
"36","0.75","9","3.97008547008547","2","234","50","9.384615384615385"
"33","0.75","79","4.163498098859316","17","263","411","9.429657794676807"
"32","0.75","115","4.299610894941634","34","257","700","9.400778210116732"
"35","0.75","65","4.003787878787879","10","264","290","9.287878787878787"
"32","0.75","116","4.2957198443579765","34","257","700","9.400778210116732"
"33","0.75","80","4.1679389312977095","18","262","411","9.389312977099237"
"35","0.75","66","4.003802281368821","10","263","290","9.247148288973383"
"32","0.75","117","4.299610894941634","34","257","700","9.400778210116732"
"33","0.75","81","4.160919540229885","18","261","411","9.35632183908046"
"36","0.75","10","3.9698275862068964","2","232","63","9.405172413793103"
"37","0.75","0","4.047210300429184","0","233","0","9.227467811158798"
"34","0.75","61","3.7762237762237763","13","286","329","9.356643356643357"
"36","0.75","11","3.9741379310344827","2","232","63","9.405172413793103"
"32","0.75","118","4.2957198443579765","34","257","714","9.509727626459144"
"34","0.75","62","4.055944055944056","13","286","329","9.356643356643357"
"36","0.75","12","3.965217391304348","2","230","63","9.31304347826087"
"35","0.75","67","4.003831417624521","11","261","303","9.264367816091953"
"33","0.75","82","4.164750957854406","18","261","423","9.448275862068966"
"32","0.75","119","4.296875","34","256","714","9.5234375"
"35","0.75","68","4.003831417624521","11","261","303","9.264367816091953"
"34","0.75","63","4.055944055944056","13","286","329","9.356643356643357"
"33","0.75","83","4.160919540229885","18","261","423","9.448275862068966"
"32","0.75","120","4.2890625","34","256","714","9.5234375"
"35","0.75","69","4.003831417624521","11","261","303","9.264367816091953"
"33","0.75","84","4.162162162162162","20","259","423","9.366795366795367"
"37","0.75","1","3.961038961038961","1","231","30","9.41125541125541"
"37","0.75","2","3.9696969696969697","1","231","30","9.41125541125541"
"35","0.75","70","4.003846153846154","11","260","317","9.330769230769231"
"37","0.75","3","3.9782608695652173","1","230","30","9.365217391304348"
"34","0.75","64","4.059649122807017","13","285","335","9.36140350877193"
"36","0.75","13","3.703252032520325","2","246","89","9.333333333333334"
"35","0.75","71","4.003861003861004","11","259","317","9.28957528957529"
"34","0.75","65","4.066901408450704","14","284","335","9.330985915492958"
"36","0.75","14","4.024390243902439","2","246","89","9.333333333333334"
"35","0.75","72","4.003861003861004","11","259","317","9.28957528957529"
"36","0.75","15","4.024390243902439","2","246","89","9.333333333333334"
"34","0.75","66","4.070921985815603","14","282","335","9.26241134751773"
"38","0.75","0","4.089361702127659","0","235","0","9.191489361702128"
"33","0.75","85","3.891696750902527","20","277","435","9.270758122743683"
"33","0.75","86","4.138181818181818","20","275","435","9.192727272727273"
"37","0.75","4","3.9869565217391303","1","230","51","9.547826086956523"
"33","0.75","87","4.134545454545455","20","275","435","9.192727272727273"
"36","0.75","16","4.024590163934426","3","244","99","9.327868852459016"
"37","0.75","5","3.986899563318777","1","229","51","9.502183406113538"
"36","0.75","17","4.020576131687243","3","243","99","9.283950617283951"
"38","0.75","1","4.145299145299146","0","234","25","9.401709401709402"
"37","0.75","6","3.9823788546255505","1","227","51","9.409691629955947"
"36","0.75","18","4.024793388429752","3","242","99","9.239669421487603"
"34","0.75","67","4.070921985815603","14","282","345","9.333333333333334"
"38","0.75","2","4.128755364806867","1","233","25","9.356223175965665"
"35","0.75","73","3.7985347985347984","11","273","335","9.28937728937729"
"34","0.75","68","4.067857142857143","14","280","345","9.257142857142858"
"38","0.75","3","4.129310344827586","2","232","25","9.318965517241379"
"35","0.75","74","4.003663003663004","11","273","335","9.28937728937729"
"33","0.75","88","4.138181818181818","20","275","452","9.316363636363636"
"34","0.75","69","4.068592057761733","15","277","345","9.16245487364621"
"35","0.75","75","4.007380073800738","11","271","335","9.239852398523984"
"33","0.75","89","4.135036496350365","21","274","452","9.277372262773723"
"36","0.75","19","4.04149377593361","3","241","117","9.344398340248963"
"33","0.75","90","4.142335766423358","21","274","452","9.277372262773723"
"37","0.75","7","3.9732142857142856","2","224","75","9.491071428571429"
"36","0.75","20","4.05","3","240","117","9.3"
"37","0.75","8","3.968609865470852","2","223","75","9.443946188340806"
"38","0.75","4","4.129310344827586","2","232","48","9.517241379310345"
"36","0.75","21","4.05","3","240","117","9.3"
"35","0.75","76","4.011152416356877","11","269","347","9.308550185873607"
"37","0.75","9","3.9684684684684686","2","222","75","9.414414414414415"
"38","0.75","5","4.12987012987013","2","231","48","9.48917748917749"
"35","0.75","77","4.014925373134329","12","268","347","9.26865671641791"
"38","0.75","6","4.1347826086956525","3","230","48","9.443478260869565"
"35","0.75","78","4.026119402985074","12","268","347","9.26865671641791"
"34","0.75","70","4.065454545454545","15","275","369","9.258181818181818"
"33","0.75","91","4.127737226277373","21","274","467","9.386861313868613"
"34","0.75","71","4.065934065934066","15","273","369","9.179487179487179"
"33","0.75","92","4.135531135531136","22","273","467","9.347985347985349"
"34","0.75","72","4.0661764705882355","15","272","369","9.139705882352942"
"36","0.75","22","4.05","3","240","143","9.516666666666667"
"33","0.75","93","4.128205128205129","22","273","467","9.347985347985349"
"36","0.75","23","4.054393305439331","3","239","143","9.481171548117155"
"37","0.75","10","3.9683257918552037","2","221","102","9.610859728506787"
"38","0.75","7","4.131004366812227","3","229","68","9.59825327510917"
"36","0.75","24","4.059322033898305","4","236","143","9.347457627118644"
"37","0.75","11","3.9681818181818183","3","220","102","9.563636363636364"
"35","0.75","79","4.011320754716981","13","265","357","9.222641509433963"
"38","0.75","8","4.131004366812227","3","229","68","9.59825327510917"
"37","0.75","12","3.9680365296803655","3","219","102","9.515981735159817"
"35","0.75","80","4.015209125475285","13","263","357","9.14828897338403"
"38","0.75","9","4.131004366812227","3","229","68","9.59825327510917"
"33","0.75","94","4.135531135531136","22","273","475","9.406593406593407"
"35","0.75","81","4.026717557251908","13","262","357","9.129770992366412"
"33","0.75","95","4.131868131868132","22","273","475","9.406593406593407"
"33","0.75","96","4.136029411764706","23","272","475","9.367647058823529"
"38","0.75","10","4.131004366812227","3","229","82","9.720524017467248"
"38","0.75","11","4.131004366812227","3","229","82","9.720524017467248"
"36","0.75","25","3.7170542635658914","4","258","159","9.217054263565892"
"37","0.75","13","3.807017543859649","3","228","123","9.5"
"38","0.75","12","4.135371179039302","3","229","82","9.720524017467248"
"34","0.75","73","3.7610921501706485","15","293","399","9.228668941979523"
"36","0.75","26","4.011673151750973","4","257","159","9.182879377431906"
"37","0.75","14","3.973568281938326","4","227","123","9.45374449339207"
"35","0.75","82","4.030769230769231","13","260","383","9.246153846153845"
"34","0.75","74","4.0446735395189","17","291","399","9.154639175257731"
"36","0.75","27","4.023346303501945","4","257","159","9.182879377431906"
"37","0.75","15","3.9646017699115044","4","226","123","9.4070796460177"
"35","0.75","83","4.038610038610039","13","259","383","9.204633204633204"
"34","0.75","75","4.051903114186851","18","289","399","9.079584775086506"
"35","0.75","84","4.038759689922481","13","258","383","9.162790697674419"
"33","0.75","97","3.9160839160839163","23","286","482","9.286713286713287"
"33","0.75","98","4.127208480565371","24","283","482","9.173144876325088"
"38","0.75","13","3.7098039215686276","3","255","86","9.192156862745097"
"37","0.75","16","3.9641255605381165","4","223","129","9.38116591928251"
"36","0.75","28","4.019685039370079","5","254","168","9.133858267716535"
"38","0.75","14","4.1141732283464565","4","254","86","9.15748031496063"
"33","0.75","99","4.127659574468085","24","282","482","9.134751773049645"
"37","0.75","17","3.968609865470852","4","223","129","9.38116591928251"
"36","0.75","29","4.0236220472440944","5","254","168","9.133858267716535"
"38","0.75","15","4.110236220472441","4","254","86","9.15748031496063"
"36","0.75","30","4.015810276679842","5","253","168","9.090909090909092"
"37","0.75","18","3.9641255605381165","4","223","129","9.38116591928251"
"34","0.75","76","4.0625","18","288","421","9.194444444444445"
"34","0.75","77","4.062937062937063","19","286","421","9.13986013986014"
"38","0.75","16","4.111111111111111","4","252","92","9.119047619047619"
"34","0.75","78","4.063157894736842","19","285","421","9.101754385964913"
"38","0.75","17","4.111553784860558","4","251","92","9.08366533864542"
"33","0.75","100","4.124555160142349","25","281","508","9.281138790035588"
"37","0.75","19","3.968609865470852","4","223","142","9.497757847533633"
"35","0.75","85","3.7347670250896057","13","279","402","9.182795698924732"
"38","0.75","18","4.116465863453815","4","249","92","8.995983935742972"
"36","0.75","31","4.01593625498008","5","251","194","9.211155378486056"
"33","0.75","101","4.129032258064516","26","279","508","9.204301075268818"
"37","0.75","20","3.9680365296803655","6","219","142","9.30593607305936"
"35","0.75","86","4.0830324909747295","14","277","402","9.104693140794224"
"36","0.75","32","4.01593625498008","5","251","194","9.211155378486056"
"33","0.75","102","4.126353790613718","26","277","508","9.126353790613718"
"37","0.75","21","3.967889908256881","7","218","142","9.256880733944953"
"35","0.75","87","4.083636363636364","14","275","402","9.076363636363636"
"36","0.75","33","4.0199203187251","5","251","194","9.211155378486056"
"38","0.75","19","4.120967741935484","4","248","115","9.14516129032258"
"34","0.75","79","4.066666666666666","19","285","441","9.242105263157894"
"38","0.75","20","4.113360323886639","5","247","115","9.101214574898785"
"34","0.75","80","4.063157894736842","19","285","441","9.242105263157894"
"38","0.75","21","4.109311740890688","5","247","115","9.101214574898785"
"34","0.75","81","4.063157894736842","19","285","441","9.242105263157894"
"37","0.75","22","3.9675925925925926","7","216","164","9.444444444444445"
"36","0.75","34","4.01593625498008","5","251","205","9.298804780876495"
"35","0.75","88","4.08","14","275","420","9.207272727272727"
"33","0.75","103","4.130434782608695","26","276","535","9.282608695652174"
"37","0.75","23","3.9675925925925926","7","216","164","9.444444444444445"
"33","0.75","104","4.127272727272727","26","275","535","9.243636363636364"
"36","0.75","35","4.016064257028113","5","249","205","9.21285140562249"
"35","0.75","89","4.083636363636364","14","275","420","9.207272727272727"
"37","0.75","24","3.9577464788732395","7","213","164","9.305164319248826"
"36","0.75","36","4.016194331983805","6","247","205","9.125506072874494"
"33","0.75","105","4.124087591240876","26","274","535","9.204379562043796"
"35","0.75","90","4.08","14","275","420","9.207272727272727"
"34","0.75","82","4.066666666666666","19","285","452","9.319298245614036"
"38","0.75","22","4.109311740890688","5","247","131","9.23076923076923"
"34","0.75","83","4.063157894736842","19","285","452","9.319298245614036"
"38","0.75","23","4.110204081632653","6","245","131","9.142857142857142"
"34","0.75","84","4.060070671378092","19","283","452","9.243816254416961"
"35","0.75","91","4.083636363636364","14","275","427","9.258181818181818"
"38","0.75","24","4.114754098360656","7","244","131","9.098360655737705"
"37","0.75","25","3.757847533632287","7","223","183","9.38116591928251"
"33","0.75","106","4.128205128205129","26","273","558","9.333333333333334"
"35","0.75","92","4.083636363636364","14","275","427","9.258181818181818"
"37","0.75","26","3.9461883408071747","7","223","183","9.38116591928251"
"33","0.75","107","4.133828996282528","29","269","558","9.182156133828997"
"36","0.75","37","3.7293233082706765","6","266","230","9.225563909774436"
"35","0.75","93","4.084249084249084","14","273","427","9.179487179487179"
"33","0.75","108","4.130111524163569","29","269","558","9.182156133828997"
"37","0.75","27","3.9502262443438916","8","221","183","9.294117647058824"
"36","0.75","38","4.015037593984962","6","266","230","9.225563909774436"
"36","0.75","39","4.007575757575758","6","264","230","9.151515151515152"
"37","0.75","28","3.9681818181818183","8","220","195","9.354545454545455"
"38","0.75","25","3.788679245283019","7","265","150","9.10188679245283"
"35","0.75","94","4.088560885608856","15","271","440","9.195571955719558"
"37","0.75","29","3.949771689497717","9","219","195","9.315068493150685"
"38","0.75","26","4.136882129277566","8","263","150","9.072243346007605"
"35","0.75","95","4.093283582089552","15","268","440","9.082089552238806"
"37","0.75","30","3.963470319634703","9","219","195","9.315068493150685"
"36","0.75","40","4.007575757575758","6","264","242","9.242424242424242"
"34","0.75","85","3.737704918032787","19","305","464","9.21311475409836"
"38","0.75","27","4.145038167938932","8","262","150","9.030534351145038"
"35","0.75","96","4.089887640449438","15","267","440","9.086142322097379"
"36","0.75","41","4.011363636363637","6","264","242","9.242424242424242"
"34","0.75","86","4.046052631578948","20","304","464","9.177631578947368"
"36","0.75","42","4.011363636363637","6","264","242","9.242424242424242"
"33","0.75","109","3.8745644599303137","29","287","588","9.282229965156795"
"34","0.75","87","4.036303630363037","20","303","464","9.141914191419142"
"33","0.75","110","4.128919860627177","29","287","588","9.282229965156795"
"37","0.75","31","3.949771689497717","9","219","204","9.397260273972602"
"33","0.75","111","4.13588850174216","29","287","588","9.282229965156795"
"38","0.75","28","4.14176245210728","8","261","170","9.14176245210728"
"37","0.75","32","3.963470319634703","9","219","204","9.397260273972602"
"38","0.75","29","4.14176245210728","8","261","170","9.14176245210728"
"37","0.75","33","3.94954128440367","9","218","204","9.34862385321101"
"36","0.75","43","4.007575757575758","6","264","253","9.325757575757576"
"38","0.75","30","4.142307692307693","8","260","170","9.1"
"36","0.75","44","4.007604562737643","6","263","253","9.285171102661597"
"36","0.75","45","4.007692307692308","7","260","253","9.169230769230769"
"33","0.75","112","4.1328671328671325","30","286","596","9.3006993006993"
"34","0.75","88","4.03960396039604","20","303","481","9.254125412541255"
"35","0.75","97","3.872340425531915","15","282","456","9.27659574468085"
"37","0.75","34","3.953488372093023","11","215","217","9.330232558139535"
"33","0.75","113","4.136842105263158","30","285","596","9.27017543859649"
"34","0.75","89","4.033112582781457","20","302","481","9.218543046357615"
"35","0.75","98","4.088967971530249","15","281","456","9.238434163701067"
"33","0.75","114","4.133333333333334","30","285","596","9.27017543859649"
"34","0.75","90","4.023489932885906","20","298","481","9.100671140939598"
"37","0.75","35","3.9302325581395348","11","215","217","9.330232558139535"
"38","0.75","31","4.142307692307693","8","260","191","9.261538461538462"
"35","0.75","99","4.078571428571428","15","280","456","9.2"
"36","0.75","46","4.01937984496124","7","258","268","9.2015503875969"
"37","0.75","36","3.9488372093023254","11","215","217","9.330232558139535"
"38","0.75","32","4.142857142857143","8","259","191","9.258687258687258"
"36","0.75","47","4.01556420233463","7","257","268","9.15953307392996"
"38","0.75","33","4.14453125","8","256","191","9.1328125"
"36","0.75","48","4.011673151750973","7","257","268","9.15953307392996"
"33","0.75","115","4.136842105263158","30","285","611","9.375438596491229"
"35","0.75","100","4.071428571428571","15","280","474","9.32857142857143"
"33","0.75","116","4.133802816901408","31","284","611","9.338028169014084"
"35","0.75","101","4.07168458781362","15","279","474","9.290322580645162"
"34","0.75","91","4.026845637583893","20","298","509","9.288590604026846"
"33","0.75","117","4.138297872340425","31","282","611","9.347517730496454"
"37","0.75","37","3.7111111111111112","11","225","232","9.297777777777778"
"38","0.75","34","4.14453125","8","256","207","9.2578125"
"35","0.75","102","4.075539568345324","15","278","474","9.302158273381295"
"34","0.75","92","4.026845637583893","20","298","509","9.288590604026846"
"37","0.75","38","3.9598214285714284","11","224","232","9.25"
"38","0.75","35","4.145098039215687","8","255","207","9.223529411764705"
"34","0.75","93","4.03030303030303","20","297","509","9.252525252525253"
"38","0.75","36","4.145098039215687","8","255","207","9.223529411764705"
"37","0.75","39","3.9642857142857144","11","224","232","9.25"
"33","0.75","118","4.139285714285714","32","280","620","9.335714285714285"
"36","0.75","49","3.5865724381625443","7","283","289","9.180212014134275"
"35","0.75","103","4.079136690647482","15","278","484","9.37410071942446"
"33","0.75","119","4.146953405017921","32","279","620","9.304659498207885"
"36","0.75","50","3.9964664310954063","7","283","289","9.180212014134275"
"37","0.75","40","3.9683257918552037","13","221","244","9.212669683257918"
"35","0.75","104","4.090909090909091","17","275","484","9.258181818181818"
"33","0.75","120","4.13768115942029","33","276","620","9.18840579710145"
"36","0.75","51","4.010600706713781","7","283","289","9.180212014134275"
"34","0.75","94","4.033898305084746","21","295","521","9.261016949152543"
"37","0.75","41","3.97737556561086","13","221","244","9.212669683257918"
"35","0.75","105","4.098181818181819","17","275","484","9.258181818181818"
"37","0.75","42","3.9681818181818183","13","220","244","9.163636363636364"
"34","0.75","95","4.034013605442177","21","294","521","9.224489795918368"
"38","0.75","37","3.775","8","280","219","9.17142857142857"
"34","0.75","96","4.034129692832765","21","293","521","9.187713310580206"
"38","0.75","38","4.139285714285714","8","280","219","9.17142857142857"
"38","0.75","39","4.136200716845878","8","279","219","9.146953405017921"
"36","0.75","52","4.01067615658363","7","281","307","9.231316725978647"
"36","0.75","53","4.02491103202847","7","281","307","9.231316725978647"
"37","0.75","43","3.977272727272727","13","220","261","9.318181818181818"
"35","0.75","106","4.094545454545455","17","275","502","9.389090909090909"
"36","0.75","54","4.01779359430605","7","281","307","9.231316725978647"
"37","0.75","44","3.9727272727272727","13","220","261","9.318181818181818"
"35","0.75","107","4.094545454545455","17","275","502","9.389090909090909"
"39","0.75","0","3.637450199203187","0","251","0","9.274900398406375"
"37","0.75","45","3.9727272727272727","13","220","261","9.318181818181818"
"38","0.75","40","4.140794223826715","9","277","235","9.184115523465705"
"35","0.75","108","4.094890510948905","17","274","502","9.35036496350365"
"38","0.75","41","4.141304347826087","9","276","235","9.159420289855072"
"38","0.75","42","4.145985401459854","9","274","235","9.08029197080292"
"37","0.75","46","3.9681818181818183","13","220","273","9.427272727272728"
"36","0.75","55","4.0285714285714285","8","280","325","9.321428571428571"
"34","0.75","97","3.8529411764705883","21","306","540","9.457516339869281"
"37","0.75","47","3.977272727272727","13","220","273","9.427272727272728"
"39","0.75","1","3.768","0","250","29","9.464"
"36","0.75","56","4.025","8","280","325","9.321428571428571"
"34","0.75","98","4.013245033112582","22","302","540","9.324503311258278"
"37","0.75","48","3.9681818181818183","13","220","273","9.427272727272728"
"39","0.75","2","3.796","0","250","29","9.464"
"36","0.75","57","4.025089605734767","8","279","325","9.290322580645162"
"34","0.75","99","4.026578073089701","22","301","540","9.289036544850498"
"39","0.75","3","3.7935222672064777","2","247","29","9.336032388663968"
"35","0.75","109","3.9094076655052263","17","287","509","9.331010452961673"
"38","0.75","43","4.142335766423358","9","274","261","9.27007299270073"
"35","0.75","110","4.108391608391608","17","286","509","9.293706293706293"
"38","0.75","44","4.142857142857143","9","273","261","9.23076923076923"
"35","0.75","111","4.101754385964912","17","285","509","9.256140350877192"
"37","0.75","49","3.707627118644068","13","236","277","9.203389830508474"
"38","0.75","45","4.143382352941177","10","272","261","9.191176470588236"
"36","0.75","58","4.017985611510792","8","278","337","9.345323741007194"
"37","0.75","50","3.9482758620689653","13","232","277","9.017241379310345"
"39","0.75","4","3.7975708502024292","2","247","56","9.554655870445345"
"36","0.75","59","4.021739130434782","8","276","337","9.268115942028986"
"37","0.75","51","3.9478260869565216","13","230","277","8.921739130434782"
"34","0.75","100","4.026578073089701","22","301","563","9.44186046511628"
"39","0.75","5","3.7935222672064777","2","247","56","9.554655870445345"
"36","0.75","60","4.0181818181818185","9","275","337","9.229090909090909"
"34","0.75","101","4.029900332225914","22","301","563","9.44186046511628"
"39","0.75","6","3.796747967479675","2","246","56","9.512195121951219"
"35","0.75","112","4.106007067137809","18","283","519","9.250883392226148"
"34","0.75","102","4.026578073089701","22","301","563","9.44186046511628"
"38","0.75","46","4.143382352941177","10","272","282","9.345588235294118"
"35","0.75","113","4.117021276595745","18","282","519","9.212765957446809"
"38","0.75","47","4.143911439114391","10","271","282","9.313653136531366"
"35","0.75","114","4.121428571428571","18","280","519","9.135714285714286"
"38","0.75","48","4.143911439114391","10","271","282","9.313653136531366"
"37","0.75","52","3.93859649122807","13","228","303","9.06140350877193"
"39","0.75","7","3.792682926829268","2","246","72","9.642276422764228"
"37","0.75","53","3.947136563876652","13","227","303","9.013215859030836"
"39","0.75","8","3.796747967479675","2","246","72","9.642276422764228"
"37","0.75","54","3.9424778761061945","13","226","303","8.973451327433628"
"39","0.75","9","3.795918367346939","2","245","72","9.616326530612245"
"34","0.75","103","4.026666666666666","22","300","574","9.48"
"36","0.75","61","3.8767605633802815","9","284","357","9.394366197183098"
"34","0.75","104","4.023411371237458","22","299","574","9.444816053511706"
"36","0.75","62","4.0212765957446805","9","282","357","9.326241134751774"
"35","0.75","115","4.125","18","280","540","9.285714285714286"
"34","0.75","105","4.026845637583893","22","298","574","9.409395973154362"
"36","0.75","63","4.021428571428571","9","280","357","9.25"
"35","0.75","116","4.128571428571429","18","280","540","9.285714285714286"
"39","0.75","10","3.8","2","245","81","9.689795918367347"
"38","0.75","49","3.609677419354839","10","310","294","9.038709677419355"
"37","0.75","55","3.933333333333333","13","225","326","9.12888888888889"
"35","0.75","117","4.129032258064516","19","279","540","9.24731182795699"
"39","0.75","11","3.7991803278688523","2","244","81","9.647540983606557"
"38","0.75","50","4.17799352750809","10","309","294","9.003236245954692"
"37","0.75","56","3.9330357142857144","13","224","326","9.089285714285714"
"39","0.75","12","3.80327868852459","2","244","81","9.647540983606557"
"38","0.75","51","4.188311688311688","10","308","294","8.967532467532468"
"37","0.75","57","3.9330357142857144","13","224","326","9.089285714285714"
"36","0.75","64","4.017857142857143","9","280","377","9.392857142857142"
"34","0.75","106","4.030405405405405","22","296","595","9.47972972972973"
"36","0.75","65","4.021505376344086","9","279","377","9.35483870967742"
"35","0.75","118","4.129496402877698","19","278","557","9.33093525179856"
"34","0.75","107","4.034013605442177","22","294","595","9.408163265306122"
"36","0.75","66","4.021739130434782","9","276","377","9.246376811594203"
"35","0.75","119","4.129963898916968","20","277","557","9.292418772563177"
"37","0.75","58","3.9330357142857144","13","224","352","9.321428571428571"
"34","0.75","108","4.0272108843537415","22","294","595","9.408163265306122"
"39","0.75","13","3.5930232558139537","2","258","89","9.426356589147288"
"35","0.75","120","4.126353790613718","20","277","557","9.292418772563177"
"37","0.75","59","3.937219730941704","13","223","352","9.27354260089686"
"39","0.75","14","3.8449612403100777","2","258","89","9.426356589147288"
"38","0.75","52","4.196078431372549","10","306","318","9.071895424836601"
"37","0.75","60","3.9414414414414414","13","222","352","9.225225225225225"
"39","0.75","15","3.83984375","2","256","89","9.3515625"
"38","0.75","53","4.19281045751634","10","306","318","9.071895424836601"
"38","0.75","54","4.209150326797386","10","306","318","9.071895424836601"
"36","0.75","67","4.0218181818181815","10","275","406","9.418181818181818"
"36","0.75","68","4.018248175182482","10","274","406","9.386861313868613"
"39","0.75","16","3.8515625","2","256","106","9.484375"
"36","0.75","69","4.022058823529412","11","272","406","9.308823529411764"
"39","0.75","17","3.843137254901961","2","255","106","9.443137254901961"
"40","0.75","0","4.070038910505836","0","257","0","9.221789883268482"
"39","0.75","18","3.847058823529412","2","255","106","9.443137254901961"
"37","0.75","61","3.7222222222222223","14","234","366","9.307692307692308"
"37","0.75","62","3.944206008583691","15","233","366","9.261802575107296"
"38","0.75","55","4.212418300653595","10","306","342","9.22875816993464"
"34","0.75","109","3.8609271523178808","25","302","625","9.47682119205298"
"37","0.75","63","3.9482758620689653","16","232","366","9.21551724137931"
"38","0.75","56","4.216393442622951","10","305","342","9.193442622950819"
"39","0.75","19","3.84251968503937","3","254","111","9.440944881889763"
"34","0.75","110","4.033222591362127","25","301","625","9.44186046511628"
"38","0.75","57","4.217105263157895","10","304","342","9.157894736842104"
"36","0.75","70","4.011070110701107","11","271","425","9.431734317343173"
"39","0.75","20","3.8464566929133857","3","254","111","9.440944881889763"
"34","0.75","111","4.0365448504983386","25","301","625","9.44186046511628"
"36","0.75","71","4.007407407407407","11","270","425","9.392592592592592"
"39","0.75","21","3.84251968503937","3","254","111","9.440944881889763"
"40","0.75","1","4.098039215686274","1","255","29","9.364705882352942"
"36","0.75","72","4.003717472118959","11","269","425","9.353159851301115"
"37","0.75","64","3.9482758620689653","16","232","382","9.35344827586207"
"40","0.75","2","4.133333333333334","1","255","29","9.364705882352942"
"37","0.75","65","3.9482758620689653","16","232","382","9.35344827586207"
"40","0.75","3","4.152941176470589","1","255","29","9.364705882352942"
"37","0.75","66","3.9434782608695653","16","230","382","9.26086956521739"
"34","0.75","112","4.026578073089701","25","301","639","9.534883720930232"
"39","0.75","22","3.8464566929133857","3","254","115","9.472440944881889"
"39","0.75","23","3.841897233201581","4","253","115","9.438735177865613"
"38","0.75","58","4.218543046357616","10","302","358","9.198675496688741"
"34","0.75","113","4.04","25","300","639","9.5"
"39","0.75","24","3.8452380952380953","4","252","115","9.396825396825397"
"38","0.75","59","4.219269102990033","11","301","358","9.162790697674419"
"34","0.75","114","4.036789297658863","26","299","639","9.464882943143813"
"38","0.75","60","4.22","11","300","358","9.133333333333333"
"37","0.75","67","3.938864628820961","17","229","402","9.388646288209607"
"40","0.75","4","4.149019607843138","1","255","55","9.568627450980392"
"36","0.75","73","3.7719298245614037","11","285","443","9.249122807017544"
"37","0.75","68","3.943231441048035","17","229","402","9.388646288209607"
"40","0.75","5","4.152941176470589","1","255","55","9.568627450980392"
"37","0.75","69","3.938864628820961","17","229","402","9.388646288209607"
"36","0.75","74","4.031578947368421","11","285","443","9.249122807017544"
"40","0.75","6","4.149606299212598","1","254","55","9.527559055118111"
"39","0.75","25","3.751937984496124","4","258","121","9.511627906976743"
"36","0.75","75","4.031802120141343","12","283","443","9.180212014134275"
"34","0.75","115","4.053872053872054","26","297","652","9.481481481481481"
"39","0.75","26","3.867704280155642","5","257","121","9.470817120622568"
"34","0.75","116","4.0606060606060606","26","297","652","9.481481481481481"
"39","0.75","27","3.85546875","5","256","121","9.4296875"
"37","0.75","70","3.93859649122807","17","228","407","9.385964912280702"
"40","0.75","7","4.15748031496063","1","254","72","9.661417322834646"
"34","0.75","117","4.0675675675675675","26","296","652","9.452702702702704"
"40","0.75","8","4.150197628458498","1","253","72","9.620553359683795"
"37","0.75","71","3.94273127753304","18","227","407","9.348017621145374"
"40","0.75","9","4.154761904761905","1","252","72","9.579365079365079"
"36","0.75","76","4.025","13","280","455","9.15"
"37","0.75","72","3.94273127753304","18","227","407","9.348017621145374"
"39","0.75","28","3.8705882352941177","5","255","130","9.458823529411765"
"36","0.75","77","4.018050541516246","14","277","455","9.104693140794224"
"39","0.75","29","3.865079365079365","6","252","130","9.333333333333334"
"36","0.75","78","4.018115942028985","14","276","455","9.065217391304348"
"38","0.75","61","3.797583081570997","13","331","374","9.117824773413897"
"39","0.75","30","3.8725099601593627","6","251","130","9.290836653386455"
"34","0.75","118","4.061224489795919","27","294","663","9.45578231292517"
"38","0.75","62","4.2317073170731705","13","328","374","9.024390243902438"
"40","0.75","10","4.150793650793651","1","252","84","9.674603174603174"
"34","0.75","119","4.0646258503401365","27","294","663","9.45578231292517"
"38","0.75","63","4.217125382262997","13","327","374","8.990825688073395"
"40","0.75","11","4.154761904761905","1","252","84","9.674603174603174"
"37","0.75","73","3.6818181818181817","19","242","428","9.231404958677686"
"34","0.75","120","4.068259385665529","28","293","663","9.419795221843003"
"40","0.75","12","4.152","1","250","84","9.592"
"37","0.75","74","3.933609958506224","19","241","428","9.186721991701244"
"39","0.75","31","3.872","7","250","154","9.448"
"36","0.75","79","4.0218181818181815","14","275","479","9.207272727272727"
"37","0.75","75","3.9419087136929463","19","241","428","9.186721991701244"
"39","0.75","32","3.8714859437751006","7","249","154","9.437751004016064"
"36","0.75","80","4.025547445255475","15","274","479","9.167883211678832"
"39","0.75","33","3.8714859437751006","7","249","154","9.437751004016064"
"36","0.75","81","4.021978021978022","15","273","479","9.135531135531135"
"41","1","0","4.134883720930232","0","215","0","9.237209302325581"
"40","0.75","13","3.950570342205323","1","263","101","9.44486692015209"
"38","0.75","64","4.220183486238532","13","327","398","9.137614678899082"
"37","0.75","76","3.9377593360995853","19","241","438","9.269709543568466"
"40","0.75","14","4.167300380228137","1","263","101","9.44486692015209"
"38","0.75","65","4.224615384615385","13","325","398","9.070769230769232"
"39","0.75","34","3.870967741935484","8","248","166","9.491935483870968"
"37","0.75","77","3.9419087136929463","19","241","438","9.269709543568466"
"40","0.75","15","4.178707224334601","1","263","101","9.44486692015209"
"38","0.75","66","4.228395061728395","13","324","398","9.04320987654321"
"37","0.75","78","3.9414225941422596","20","239","438","9.179916317991632"
"39","0.75","35","3.870967741935484","8","248","166","9.491935483870968"
"41","1","1","4.158139534883721","0","215","10","9.330232558139535"
"36","0.75","82","4.018382352941177","15","272","501","9.257352941176471"
"41","1","2","4.158139534883721","0","215","10","9.330232558139535"
"39","0.75","36","3.870967741935484","8","248","166","9.491935483870968"
"36","0.75","83","4.018450184501845","15","271","501","9.217712177121772"
"41","1","3","4.154205607476635","0","214","10","9.280373831775702"
"36","0.75","84","4.018518518518518","15","270","501","9.177777777777777"
"40","0.75","16","4.184615384615385","3","260","108","9.376923076923077"
"40","0.75","17","4.184615384615385","3","260","108","9.376923076923077"
"37","0.75","79","3.937238493723849","20","239","450","9.280334728033473"
"40","0.75","18","4.184615384615385","3","260","108","9.376923076923077"
"41","1","4","4.15566037735849","1","212","25","9.339622641509434"
"37","0.75","80","3.9411764705882355","21","238","450","9.235294117647058"
"41","1","5","4.150943396226415","1","212","25","9.339622641509434"
"39","0.75","37","3.66412213740458","8","262","176","9.381679389312977"
"37","0.75","81","3.9364406779661016","21","236","450","9.14406779661017"
"41","1","6","4.151658767772512","1","211","25","9.289099526066352"
"39","0.75","38","3.851145038167939","8","262","176","9.381679389312977"
"38","0.75","67","4.232919254658385","13","322","426","9.20496894409938"
"39","0.75","39","3.8620689655172415","8","261","176","9.340996168582375"
"38","0.75","68","4.246105919003115","13","321","426","9.171339563862928"
"40","0.75","19","4.188461538461539","3","260","120","9.46923076923077"
"38","0.75","69","4.244514106583072","14","319","426","9.10344827586207"
"40","0.75","20","4.177606177606178","4","259","120","9.444015444015443"
"36","0.75","85","3.8464285714285715","16","280","524","9.407142857142857"
"41","1","7","4.151658767772512","1","211","44","9.469194312796208"
"40","0.75","21","4.178294573643411","5","258","120","9.4031007751938"
"41","1","8","4.152380952380953","1","210","44","9.41904761904762"
"36","0.75","86","4.028776978417266","17","278","524","9.33093525179856"
"37","0.75","82","3.9404255319148938","21","235","468","9.251063829787235"
"39","0.75","40","3.856589147286822","9","258","186","9.30232558139535"
"41","1","9","4.149038461538462","3","208","44","9.317307692307692"
"36","0.75","87","4.028880866425993","17","277","524","9.306859205776174"
"39","0.75","41","3.85546875","9","256","186","9.2265625"
"37","0.75","83","3.9401709401709404","22","234","468","9.205128205128204"
"37","0.75","84","3.9401709401709404","22","234","468","9.205128205128204"
"39","0.75","42","3.85546875","9","256","186","9.2265625"
"40","0.75","22","4.170542635658915","5","258","128","9.465116279069768"
"41","1","10","4.144230769230769","3","208","62","9.490384615384615"
"40","0.75","23","4.176470588235294","7","255","128","9.341176470588236"
"41","1","11","4.14975845410628","3","207","62","9.439613526570048"
"36","0.75","88","4.021978021978022","18","273","543","9.28937728937729"
"40","0.75","24","4.180392156862745","7","255","128","9.341176470588236"
"41","1","12","4.154589371980676","3","207","62","9.439613526570048"
"38","0.75","70","4.249211356466877","15","317","451","9.230283911671924"
"36","0.75","89","4.021978021978022","18","273","543","9.28937728937729"
"39","0.75","43","3.85546875","9","256","202","9.3515625"
"38","0.75","71","4.246835443037975","15","316","451","9.19620253164557"
"36","0.75","90","4.021978021978022","18","273","543","9.28937728937729"
"39","0.75","44","3.8515625","9","256","202","9.3515625"
"38","0.75","72","4.243670886075949","15","316","451","9.19620253164557"
"39","0.75","45","3.854330708661417","9","254","202","9.26771653543307"
"37","0.75","85","3.5803921568627453","22","255","487","9.066666666666666"
"37","0.75","86","3.937254901960784","22","255","487","9.066666666666666"
"41","1","13","3.6709401709401708","3","234","74","9.11965811965812"
"37","0.75","87","3.925196850393701","22","254","487","9.023622047244094"
"41","1","14","4.1239316239316235","3","234","74","9.11965811965812"
"40","0.75","25","3.9700374531835205","7","267","142","9.318352059925093"
"41","1","15","4.142857142857143","3","231","74","9.116883116883116"
"36","0.75","91","4.021978021978022","18","273","564","9.443223443223443"
"39","0.75","46","3.854330708661417","9","254","210","9.330708661417322"
"40","0.75","26","4.146067415730337","7","267","142","9.318352059925093"
"36","0.75","92","4.022058823529412","19","272","564","9.404411764705882"
"39","0.75","47","3.8537549407114624","9","253","210","9.288537549407115"
"40","0.75","27","4.1610486891385765","7","267","142","9.318352059925093"
"36","0.75","93","4.022140221402214","20","271","564","9.365313653136532"
"39","0.75","48","3.857142857142857","9","252","210","9.253968253968255"
"37","0.75","88","3.9291338582677167","22","254","497","9.10236220472441"
"41","1","16","4.138528138528138","3","231","81","9.177489177489177"
"37","0.75","89","3.9285714285714284","23","252","497","9.079365079365079"
"41","1","17","4.139130434782609","3","230","81","9.130434782608695"
"37","0.75","90","3.9282868525896415","23","251","497","9.03585657370518"
"41","1","18","4.143478260869565","3","230","81","9.130434782608695"
"40","0.75","28","4.155893536121673","9","263","153","9.315589353612168"
"38","0.75","73","4.0119760479041915","15","334","473","9.341317365269461"
"40","0.75","29","4.156488549618321","10","262","153","9.274809160305344"
"38","0.75","74","4.200598802395209","15","334","473","9.341317365269461"
"36","0.75","94","4.022140221402214","20","271","581","9.490774907749078"
"40","0.75","30","4.1461538461538465","11","260","153","9.192307692307692"
"36","0.75","95","4.022140221402214","20","271","581","9.490774907749078"
"38","0.75","75","4.213213213213213","16","333","473","9.30930930930931"
"41","1","19","4.152838427947598","3","229","93","9.222707423580786"
"36","0.75","96","4.022140221402214","20","271","581","9.490774907749078"
"39","0.75","49","3.6666666666666665","9","264","224","9.318181818181818"
"41","1","20","4.170305676855895","3","229","93","9.222707423580786"
"37","0.75","91","3.9196787148594376","23","249","517","9.108433734939759"
"41","1","21","4.158590308370044","4","227","93","9.127753303964758"
"39","0.75","50","3.89272030651341","10","261","224","9.264367816091953"
"37","0.75","92","3.911290322580645","23","248","517","9.064516129032258"
"39","0.75","51","3.896551724137931","10","261","224","9.264367816091953"
"37","0.75","93","3.9109311740890687","23","247","517","9.036437246963562"
"40","0.75","31","4.1434108527131785","12","258","177","9.30232558139535"
"40","0.75","32","4.1400778210116735","13","257","177","9.26070038910506"
"41","1","22","4.154185022026431","4","227","109","9.268722466960352"
"40","0.75","33","4.136186770428016","13","257","177","9.26070038910506"
"38","0.75","76","4.2097264437689965","16","329","488","9.270516717325227"
"41","1","23","4.15929203539823","4","226","109","9.221238938053098"
"41","1","24","4.164444444444444","4","225","109","9.173333333333334"
"38","0.75","77","4.207951070336391","17","327","488","9.204892966360855"
"36","0.75","97","3.731034482758621","22","290","587","9.26896551724138"
"39","0.75","52","3.8735632183908044","10","261","240","9.386973180076629"
"36","0.75","98","4.013986013986014","22","286","587","9.125874125874127"
"38","0.75","78","4.193251533742331","17","326","488","9.171779141104295"
"37","0.75","94","3.9262295081967213","25","244","533","9.032786885245901"
"39","0.75","53","3.8807692307692307","11","260","240","9.346153846153847"
"36","0.75","99","4.020979020979021","22","286","587","9.125874125874127"
"37","0.75","95","3.9382716049382718","25","243","533","8.987654320987655"
"39","0.75","54","3.868217054263566","13","258","240","9.271317829457365"
"40","0.75","34","4.137795275590551","13","254","196","9.283464566929133"
"37","0.75","96","3.95850622406639","25","241","533","8.904564315352697"
"40","0.75","35","4.130952380952381","15","252","196","9.214285714285714"
"41","1","25","3.9957264957264957","4","234","123","9.2991452991453"
"40","0.75","36","4.124","16","250","196","9.128"
"41","1","26","4.133620689655173","4","232","123","9.301724137931034"
"41","1","27","4.133620689655173","4","232","123","9.301724137931034"
"39","0.75","55","3.875486381322957","14","257","259","9.377431906614786"
"36","0.75","100","4.031468531468532","22","286","607","9.265734265734265"
"39","0.75","56","3.8784313725490196","14","255","259","9.294117647058824"
"36","0.75","101","4.031468531468532","22","286","607","9.265734265734265"
"38","0.75","79","4.206153846153846","17","325","520","9.335384615384616"
"41","1","28","4.134199134199134","4","231","129","9.307359307359308"
"39","0.75","57","3.877952755905512","14","254","259","9.251968503937007"
"36","0.75","102","4.034965034965035","22","286","607","9.265734265734265"
"38","0.75","80","4.206153846153846","17","325","520","9.335384615384616"
"41","1","29","4.1347826086956525","4","230","129","9.26086956521739"
"41","1","30","4.131004366812227","4","229","129","9.213973799126638"
"38","0.75","81","4.20679012345679","17","324","520","9.308641975308642"
"37","0.75","97","3.6150943396226416","25","265","562","9.230188679245282"
"40","0.75","37","4.007843137254902","16","255","223","9.52156862745098"
"37","0.75","98","3.9734848484848486","25","264","562","9.18939393939394"
"39","0.75","58","3.877952755905512","14","254","286","9.464566929133857"
"40","0.75","38","4.1106719367588935","17","253","223","9.438735177865613"
"36","0.75","103","4.034965034965035","22","286","612","9.3006993006993"
"37","0.75","99","3.977272727272727","25","264","562","9.18939393939394"
"41","1","31","4.131004366812227","4","229","143","9.336244541484715"
"39","0.75","59","3.877952755905512","14","254","286","9.464566929133857"
"40","0.75","39","4.119047619047619","18","252","223","9.396825396825397"
"36","0.75","104","4.045614035087719","22","285","612","9.263157894736842"
"41","1","32","4.127753303964758","5","227","143","9.251101321585903"
"39","0.75","60","3.877470355731225","14","253","286","9.422924901185771"
"36","0.75","105","4.042253521126761","22","284","612","9.225352112676056"
"41","1","33","4.127753303964758","5","227","143","9.251101321585903"
"38","0.75","82","4.200617283950617","17","324","534","9.395061728395062"
"37","0.75","100","3.9770992366412212","25","262","576","9.221374045801527"
"40","0.75","40","4.096","20","250","238","9.432"
"38","0.75","83","4.213622291021672","17","323","534","9.362229102167182"
"37","0.75","101","3.9770114942528734","25","261","576","9.187739463601533"
"40","0.75","41","4.096385542168675","20","249","238","9.389558232931726"
"41","1","34","4.123893805309734","6","226","162","9.380530973451327"
"38","0.75","84","4.226708074534161","17","322","534","9.354037267080745"
"41","1","35","4.111111111111111","6","225","162","9.333333333333334"
"37","0.75","102","3.976923076923077","25","260","576","9.161538461538461"
"40","0.75","42","4.08130081300813","22","246","238","9.260162601626016"
"41","1","36","4.111607142857143","6","224","162","9.285714285714286"
"39","0.75","61","3.6066176470588234","14","272","294","9.242647058823529"
"36","0.75","106","4.049645390070922","22","282","627","9.26950354609929"
"39","0.75","62","3.862962962962963","14","270","294","9.162962962962963"
"36","0.75","107","4.05338078291815","22","281","627","9.274021352313166"
"39","0.75","63","3.857677902621723","15","267","294","9.04868913857678"
"36","0.75","108","4.046594982078853","23","279","627","9.197132616487455"
"37","0.75","103","3.976923076923077","25","260","588","9.253846153846155"
"40","0.75","43","4.085714285714285","22","245","271","9.485714285714286"
"40","0.75","44","4.086065573770492","22","244","271","9.442622950819672"
"41","1","37","3.7892561983471076","6","242","182","9.305785123966942"
"37","0.75","104","3.976923076923077","25","260","588","9.253846153846155"
"40","0.75","45","4.08641975308642","22","243","271","9.39917695473251"
"41","1","38","4.1203319502074685","6","241","182","9.261410788381744"
"37","0.75","105","3.976923076923077","25","260","588","9.253846153846155"
"41","1","39","4.1125","7","240","182","9.216666666666667"
"39","0.75","64","3.8609022556390977","15","266","317","9.180451127819548"
"38","0.75","85","4.0843373493975905","17","332","551","9.512048192771084"
"39","0.75","65","3.871698113207547","16","265","317","9.139622641509433"
"38","0.75","86","4.195783132530121","17","332","551","9.512048192771084"
"36","0.75","109","3.906574394463668","23","289","645","9.349480968858131"
"39","0.75","66","3.871698113207547","16","265","317","9.139622641509433"
"40","0.75","46","4.091666666666667","23","240","289","9.416666666666666"
"36","0.75","110","4.034602076124568","23","289","645","9.349480968858131"
"38","0.75","87","4.203030303030303","18","330","551","9.49090909090909"
"41","1","40","4.1125","7","240","194","9.316666666666666"
"37","0.75","106","3.976923076923077","25","260","602","9.361538461538462"
"36","0.75","111","4.034602076124568","23","289","645","9.349480968858131"
"40","0.75","47","4.095833333333333","23","240","289","9.416666666666666"
"41","1","41","4.112970711297071","7","239","194","9.322175732217573"
"40","0.75","48","4.1","23","240","289","9.416666666666666"
"37","0.75","107","3.976833976833977","25","259","602","9.32046332046332"
"41","1","42","4.112970711297071","7","239","194","9.322175732217573"
"37","0.75","108","3.9767441860465116","25","258","602","9.279069767441861"
"39","0.75","67","3.879245283018868","16","265","338","9.29811320754717"
"39","0.75","68","3.871698113207547","16","265","338","9.29811320754717"
"36","0.75","112","4.038194444444445","23","288","652","9.36111111111111"
"39","0.75","69","3.8754716981132074","16","265","338","9.29811320754717"
"38","0.75","88","4.2006079027355625","18","329","560","9.513677811550153"
"41","1","43","4.117154811715481","7","239","199","9.364016736401673"
"36","0.75","113","4.038194444444445","23","288","652","9.36111111111111"
"41","1","44","4.11344537815126","8","238","199","9.319327731092438"
"38","0.75","89","4.206686930091186","18","329","560","9.513677811550153"
"36","0.75","114","4.038461538461538","24","286","652","9.293706293706293"
"41","1","45","4.11344537815126","8","238","199","9.319327731092438"
"40","0.75","49","3.741444866920152","23","263","307","9.216730038022813"
"38","0.75","90","4.201219512195122","18","328","560","9.481707317073171"
"40","0.75","50","4.095057034220532","23","263","307","9.216730038022813"
"39","0.75","70","3.870722433460076","18","263","349","9.300380228136882"
"40","0.75","51","4.091603053435114","23","262","307","9.183206106870228"
"41","1","46","4.113924050632911","8","237","209","9.358649789029537"
"39","0.75","71","3.8740458015267176","18","262","349","9.259541984732824"
"37","0.75","109","3.676258992805755","26","278","617","9.287769784172662"
"41","1","47","4.113924050632911","8","237","209","9.358649789029537"
"39","0.75","72","3.8697318007662833","19","261","349","9.218390804597702"
"36","0.75","115","4.038461538461538","24","286","666","9.391608391608392"
"37","0.75","110","3.985611510791367","26","278","617","9.287769784172662"
"41","1","48","4.113924050632911","8","237","209","9.358649789029537"
"36","0.75","116","4.034965034965035","24","286","666","9.391608391608392"
"37","0.75","111","3.9892086330935252","26","278","617","9.287769784172662"
"40","0.75","52","4.092307692307692","25","260","317","9.176923076923076"
"38","0.75","91","4.2073170731707314","18","328","571","9.548780487804878"
"36","0.75","117","4.03886925795053","25","283","666","9.342756183745584"
"40","0.75","53","4.096153846153846","25","260","317","9.176923076923076"
"38","0.75","92","4.205521472392638","20","326","571","9.484662576687116"
"40","0.75","54","4.104651162790698","25","258","317","9.093023255813954"
"38","0.75","93","4.2092307692307696","20","325","571","9.452307692307693"
"41","1","49","3.8492063492063493","8","252","218","9.285714285714286"
"37","0.75","112","3.9820143884892087","26","278","628","9.366906474820144"
"41","1","50","4.131474103585657","8","251","218","9.243027888446216"
"41","1","51","4.136546184738956","9","249","218","9.156626506024097"
"37","0.75","113","3.9818840579710146","28","276","628","9.289855072463768"
"39","0.75","73","3.5851063829787235","19","282","368","9.212765957446809"
"36","0.75","118","4.035335689045937","25","283","680","9.441696113074205"
"37","0.75","114","3.9818840579710146","28","276","628","9.289855072463768"
"36","0.75","119","4.039007092198582","26","282","680","9.404255319148936"
"40","0.75","55","4.10077519379845","25","258","335","9.232558139534884"
"39","0.75","74","3.893617021276596","19","282","368","9.212765957446809"
"36","0.75","120","4.0355871886121","26","281","680","9.366548042704625"
"40","0.75","56","4.097276264591439","25","257","335","9.190661478599221"
"39","0.75","75","3.907473309608541","19","281","368","9.174377224199288"
"40","0.75","57","4.101960784313725","26","255","335","9.113725490196078"
"38","0.75","94","4.206153846153846","20","325","589","9.563076923076924"
"41","1","52","4.129032258064516","10","248","237","9.266129032258064"
"38","0.75","95","4.2092307692307696","20","325","589","9.563076923076924"
"41","1","53","4.130081300813008","11","246","237","9.1869918699187"
"41","1","54","4.131687242798354","14","243","237","9.061728395061728"
"38","0.75","96","4.206153846153846","20","325","589","9.563076923076924"
"37","0.75","115","3.9818840579710146","28","276","640","9.376811594202898"
"39","0.75","76","3.900355871886121","19","281","385","9.295373665480428"
"37","0.75","116","3.981818181818182","28","275","640","9.338181818181818"
"40","0.75","58","4.090909090909091","27","253","357","9.209486166007904"
"39","0.75","77","3.907142857142857","19","280","385","9.257142857142858"
"37","0.75","117","3.9853479853479854","28","273","640","9.260073260073261"
"40","0.75","59","4.091269841269841","27","252","357","9.166666666666666"
"39","0.75","78","3.899641577060932","19","279","385","9.21863799283154"
"42","1","0","3.8333333333333335","0","252","0","9.15079365079365"
"40","0.75","60","4.087301587301587","27","252","357","9.166666666666666"
"41","1","55","4.132231404958677","14","242","260","9.214876033057852"
"41","1","56","4.132780082987552","14","241","260","9.1701244813278"
"41","1","57","4.129166666666666","15","240","260","9.125"
"39","0.75","79","3.906474820143885","19","278","395","9.280575539568344"
"38","0.75","97","3.9679300291545188","21","343","599","9.387755102040817"
"37","0.75","118","3.9853479853479854","28","273","656","9.377289377289378"
"39","0.75","80","3.9025270758122743","19","277","395","9.256317689530686"
"42","1","1","3.948207171314741","0","251","30","9.346613545816734"
"38","0.75","98","4.197058823529412","23","340","599","9.3"
"37","0.75","119","3.985294117647059","29","272","656","9.338235294117647"
"39","0.75","81","3.908759124087591","20","274","395","9.153284671532846"
"41","1","58","4.129707112970712","15","239","284","9.280334728033473"
"42","1","2","3.968","0","250","30","9.304"
"37","0.75","120","3.985239852398524","29","271","656","9.29889298892989"
"38","0.75","99","4.205882352941177","23","340","599","9.3"
"40","0.75","61","3.7163636363636363","28","275","374","9.098181818181818"
"42","1","3","3.975806451612903","0","248","30","9.21774193548387"
"41","1","59","4.129707112970712","15","239","284","9.280334728033473"
"40","0.75","62","4.084249084249084","29","273","374","9.018315018315018"
"41","1","60","4.122362869198312","16","237","284","9.189873417721518"
"40","0.75","63","4.084249084249084","29","273","374","9.018315018315018"
"39","0.75","82","3.8974358974358974","20","273","420","9.296703296703297"
"39","0.75","83","3.8970588235294117","20","272","420","9.257352941176471"
"42","1","4","3.975806451612903","0","248","64","9.491935483870968"
"39","0.75","84","3.896678966789668","21","271","420","9.217712177121772"
"42","1","5","3.9757085020242915","1","247","64","9.449392712550607"
"38","0.75","100","4.21301775147929","23","338","623","9.384615384615385"
"40","0.75","64","4.087912087912088","29","273","394","9.164835164835164"
"42","1","6","3.9757085020242915","1","247","64","9.449392712550607"
"40","0.75","65","4.091575091575091","29","273","394","9.164835164835164"
"38","0.75","101","4.205357142857143","24","336","623","9.321428571428571"
"43","1","0","3.966386554621849","0","238","0","9.285714285714286"
"41","1","61","3.879032258064516","18","248","307","9.330645161290322"
"40","0.75","66","4.08058608058608","29","273","394","9.164835164835164"
"41","1","62","4.069387755102041","19","245","307","9.281632653061225"
"38","0.75","102","4.2","24","335","623","9.289552238805971"
"41","1","63","4.074688796680498","21","241","307","9.120331950207468"
"42","1","7","3.975609756097561","1","246","80","9.536585365853659"
"40","0.75","67","4.091911764705882","29","272","405","9.213235294117647"
"43","1","1","4.054621848739496","0","238","22","9.470588235294118"
"42","1","8","3.975510204081633","2","245","80","9.493877551020407"
"40","0.75","68","4.084558823529412","29","272","405","9.213235294117647"
"39","0.75","85","3.6842105263157894","21","285","439","9.263157894736842"
"41","1","64","4.0625","21","240","334","9.3"
"43","1","2","4.046218487394958","0","238","22","9.470588235294118"
"42","1","9","3.975510204081633","2","245","80","9.493877551020407"
"40","0.75","69","4.095588235294118","29","272","405","9.213235294117647"
"41","1","65","4.054166666666666","21","240","334","9.3"
"39","0.75","86","3.9014084507042255","22","284","439","9.225352112676056"
"43","1","3","4.042016806722689","0","238","22","9.470588235294118"
"41","1","66","4.058333333333334","21","240","334","9.3"
"39","0.75","87","3.88339222614841","22","283","439","9.187279151943462"
"38","0.75","103","4.205970149253731","24","335","640","9.391044776119402"
"38","0.75","104","4.201201201201201","26","333","640","9.327327327327327"
"42","1","10","3.9794238683127574","2","243","98","9.563786008230453"
"38","0.75","105","4.21021021021021","26","333","640","9.327327327327327"
"40","0.75","70","4.088888888888889","30","270","414","9.222222222222221"
"42","1","11","3.9794238683127574","2","243","98","9.563786008230453"
"43","1","4","4.042194092827004","0","237","38","9.569620253164556"
"41","1","67","4.054166666666666","21","240","346","9.4"
"40","0.75","71","4.092592592592593","30","270","414","9.222222222222221"
"42","1","12","3.9794238683127574","2","243","98","9.563786008230453"
"41","1","68","4.058577405857741","21","239","346","9.355648535564853"
"43","1","5","4.038135593220339","0","236","38","9.55084745762712"
"40","0.75","72","4.089219330855019","30","269","414","9.182156133828997"
"39","0.75","88","3.900355871886121","22","281","453","9.224199288256228"
"41","1","69","4.066945606694561","21","239","346","9.355648535564853"
"43","1","6","4.038297872340426","0","235","38","9.506382978723405"
"39","0.75","89","3.8920863309352516","23","278","453","9.107913669064748"
"39","0.75","90","3.898916967509025","23","277","453","9.07581227436823"
"41","1","70","4.066945606694561","21","239","364","9.506276150627615"
"42","1","13","3.792156862745098","2","255","107","9.450980392156863"
"38","0.75","106","4.204819277108434","26","332","659","9.409638554216867"
"42","1","14","4","2","255","107","9.450980392156863"
"41","1","71","4.059071729957806","22","237","364","9.417721518987342"
"43","1","7","4.038297872340426","0","235","49","9.6"
"38","0.75","107","4.193939393939394","26","330","659","9.345454545454546"
"41","1","72","4.063559322033898","22","236","364","9.372881355932204"
"42","1","15","4","2","255","107","9.450980392156863"
"40","0.75","73","3.9782608695652173","30","276","434","9.347826086956522"
"43","1","8","4.038297872340426","0","235","49","9.6"
"38","0.75","108","4.17737003058104","27","327","659","9.253822629969418"
"40","0.75","74","4.050724637681159","30","276","434","9.347826086956522"
"43","1","9","4.038297872340426","0","235","49","9.6"
"39","0.75","91","3.897810218978102","24","274","480","9.167883211678832"
"40","0.75","75","4.061594202898551","30","276","434","9.347826086956522"
"39","0.75","92","3.912087912087912","24","273","480","9.128205128205128"
"42","1","16","4.003921568627451","2","255","111","9.48235294117647"
"39","0.75","93","3.9080882352941178","25","272","480","9.088235294117647"
"42","1","17","4.003937007874016","2","254","111","9.440944881889763"
"42","1","18","4.003968253968254","3","252","111","9.357142857142858"
"43","1","10","4.038461538461538","0","234","57","9.64102564102564"
"41","1","73","3.766798418972332","22","253","372","9.320158102766799"
"43","1","11","4.038461538461538","0","234","57","9.64102564102564"
"40","0.75","76","4.054744525547445","31","274","441","9.321167883211679"
"41","1","74","4.047430830039525","22","253","372","9.320158102766799"
"40","0.75","77","4.065693430656935","31","274","441","9.321167883211679"
"43","1","12","4.042918454935623","0","233","57","9.59656652360515"
"41","1","75","4.047430830039525","22","253","372","9.320158102766799"
"40","0.75","78","4.047794117647059","32","272","441","9.242647058823529"
"42","1","19","4","4","250","126","9.4"
"39","0.75","94","3.907063197026022","26","269","507","9.182156133828997"
"42","1","20","4","4","250","126","9.4"
"39","0.75","95","3.9101123595505616","27","267","507","9.101123595505618"
"41","1","76","4.048","23","250","384","9.288"
"42","1","21","4","4","250","126","9.4"
"39","0.75","96","3.909433962264151","27","265","507","9.026415094339622"
"41","1","77","4.048192771084337","23","249","384","9.25301204819277"
"41","1","78","4.044715447154472","25","246","384","9.138211382113822"
"38","0.75","109","4.0773809523809526","27","336","687","9.476190476190476"
"43","1","13","3.940928270042194","0","237","64","9.662447257383967"
"40","0.75","79","4.059040590405904","32","271","461","9.350553505535055"
"43","1","14","4.046610169491525","0","236","64","9.61864406779661"
"38","0.75","110","4.197604790419161","28","334","687","9.419161676646707"
"40","0.75","80","4.055555555555555","32","270","461","9.311111111111112"
"42","1","22","4","4","249","138","9.453815261044177"
"38","0.75","111","4.203592814371257","28","334","687","9.419161676646707"
"43","1","15","4.05531914893617","1","235","64","9.574468085106384"
"42","1","23","4","4","249","138","9.453815261044177"
"40","0.75","81","4.066666666666666","32","270","461","9.311111111111112"
"42","1","24","4","4","249","138","9.453815261044177"
"41","1","79","4.044715447154472","25","246","408","9.333333333333334"
"41","1","80","4.044715447154472","25","246","408","9.333333333333334"
"39","0.75","97","3.8215613382899627","29","269","543","9.45724907063197"
"43","1","16","4.055555555555555","1","234","71","9.58974358974359"
"41","1","81","4.044897959183674","25","245","408","9.289795918367346"
"39","0.75","98","3.8876404494382024","30","267","543","9.400749063670412"
"43","1","17","4.056034482758621","2","232","71","9.5"
"40","0.75","82","4.055555555555555","32","270","477","9.42962962962963"
"39","0.75","99","3.8876404494382024","30","267","543","9.400749063670412"
"38","0.75","112","4.200598802395209","28","334","702","9.508982035928144"
"43","1","18","4.052173913043478","3","230","71","9.469565217391304"
"40","0.75","83","4.066666666666666","32","270","477","9.42962962962963"
"38","0.75","113","4.200598802395209","28","334","702","9.508982035928144"
"40","0.75","84","4.055555555555555","32","270","477","9.42962962962963"
"42","1","25","3.78544061302682","5","261","145","9.32567049808429"
"41","1","82","4.045081967213115","25","244","426","9.39344262295082"
"38","0.75","114","4.200598802395209","28","334","702","9.508982035928144"
"42","1","26","3.9808429118773945","5","261","145","9.32567049808429"
"41","1","83","4.041152263374485","25","243","426","9.349794238683128"
"41","1","84","4.037037037037037","25","243","426","9.349794238683128"
"42","1","27","3.976833976833977","5","259","145","9.243243243243244"
"43","1","19","4.052631578947368","4","228","86","9.508771929824562"
"39","0.75","100","3.887218045112782","31","266","556","9.458646616541353"
"43","1","20","4.052631578947368","4","228","86","9.508771929824562"
"39","0.75","101","3.890151515151515","33","264","556","9.378787878787879"
"43","1","21","4.052863436123348","4","227","86","9.462555066079295"
"39","0.75","102","3.8897338403041823","33","263","556","9.338403041825096"
"38","0.75","115","4.204819277108434","28","332","710","9.560240963855422"
"42","1","28","3.9806949806949805","5","259","157","9.335907335907336"
"40","0.75","85","3.839160839160839","32","286","480","9.356643356643357"
"40","0.75","86","4.042105263157895","32","285","480","9.319298245614036"
"42","1","29","3.9766536964980546","5","257","157","9.252918287937744"
"38","0.75","116","4.20845921450151","28","331","710","9.528700906344412"
"40","0.75","87","4.045774647887324","32","284","480","9.28169014084507"
"42","1","30","3.980544747081712","5","257","157","9.252918287937744"
"41","1","85","3.6455223880597014","26","268","439","9.156716417910447"
"38","0.75","117","4.209090909090909","29","330","710","9.496969696969696"
"43","1","22","4.052863436123348","4","227","103","9.612334801762115"
"41","1","86","4.067164179104478","26","268","439","9.156716417910447"
"39","0.75","103","3.8884615384615384","34","260","574","9.353846153846154"
"43","1","23","4.052863436123348","4","227","103","9.612334801762115"
"41","1","87","4.0559701492537314","26","268","439","9.156716417910447"
"39","0.75","104","3.8923076923076922","34","260","574","9.353846153846154"
"43","1","24","4.04424778761062","4","226","103","9.56637168141593"
"39","0.75","105","3.888030888030888","34","259","574","9.312741312741313"
"42","1","31","3.9766536964980546","5","257","175","9.392996108949417"
"40","0.75","88","4.045774647887324","32","284","487","9.330985915492958"
"42","1","32","3.980544747081712","5","257","175","9.392996108949417"
"40","0.75","89","4.045774647887324","32","284","487","9.330985915492958"
"42","1","33","3.9765625","5","256","175","9.3515625"
"38","0.75","118","4.201219512195122","29","328","719","9.536585365853659"
"41","1","88","4.0559701492537314","26","268","450","9.238805970149254"
"40","0.75","90","4.046099290780142","32","282","487","9.25531914893617"
"41","1","89","4.056390977443609","27","266","450","9.157894736842104"
"38","0.75","119","4.18348623853211","29","327","719","9.510703363914374"
"41","1","90","4.056603773584905","27","265","450","9.116981132075471"
"39","0.75","106","3.887596899224806","35","258","599","9.465116279069768"
"43","1","25","3.811715481171548","4","239","109","9.338912133891213"
"38","0.75","120","4.177914110429448","30","326","719","9.478527607361963"
"39","0.75","107","3.8832684824902723","35","257","599","9.424124513618677"
"42","1","34","3.980392156862745","5","255","180","9.349019607843138"
"43","1","26","4.0210970464135025","4","237","109","9.248945147679326"
"39","0.75","108","3.8828125","36","256","599","9.3828125"
"42","1","35","3.976470588235294","5","255","180","9.349019607843138"
"43","1","27","4.012875536480687","4","233","109","9.072961373390559"
"40","0.75","91","4.0462633451957295","32","281","502","9.323843416370106"
"42","1","36","3.97244094488189","5","254","180","9.307086614173228"
"40","0.75","92","4.046428571428572","32","280","502","9.285714285714286"
"41","1","91","4.056603773584905","27","265","465","9.230188679245282"
"40","0.75","93","4.046428571428572","32","280","502","9.285714285714286"
"41","1","92","4.0606060606060606","28","264","465","9.18939393939394"
"41","1","93","4.057034220532319","28","263","465","9.193916349809886"
"44","1","0","4.186147186147186","0","231","0","9.082251082251082"
"43","1","28","4.017241379310345","4","232","134","9.241379310344827"
"43","1","29","4.017316017316017","5","231","134","9.212121212121213"
"39","0.75","109","3.5869565217391304","37","276","614","9.268115942028986"
"43","1","30","4.017316017316017","5","231","134","9.212121212121213"
"40","0.75","94","4.046428571428572","32","280","514","9.371428571428572"
"42","1","37","3.7238805970149254","6","268","192","9.291044776119403"
"39","0.75","110","3.9127272727272726","38","275","614","9.229090909090909"
"42","1","38","3.9775280898876404","6","267","192","9.250936329588015"
"40","0.75","95","4.042857142857143","32","280","514","9.371428571428572"
"39","0.75","111","3.9154411764705883","39","272","614","9.169117647058824"
"41","1","94","4.049808429118774","29","261","482","9.24904214559387"
"40","0.75","96","4.039568345323741","32","278","514","9.29496402877698"
"44","1","1","4.038961038961039","0","231","26","9.307359307359308"
"42","1","39","3.9774436090225564","6","266","192","9.210526315789474"
"41","1","95","4.0576923076923075","29","260","482","9.215384615384615"
"44","1","2","4","0","230","26","9.269565217391305"
"41","1","96","4.046332046332046","29","259","482","9.173745173745173"
"44","1","3","3.9956521739130433","0","230","26","9.269565217391305"
"43","1","31","4.017316017316017","5","231","146","9.316017316017316"
"43","1","32","4.021645021645021","5","231","146","9.316017316017316"
"42","1","40","3.9734848484848486","7","264","203","9.212121212121213"
"43","1","33","4.017391304347826","5","230","146","9.269565217391305"
"39","0.75","112","3.9044117647058822","39","272","634","9.316176470588236"
"42","1","41","3.977272727272727","7","264","203","9.212121212121213"
"39","0.75","113","3.9191176470588234","39","272","634","9.316176470588236"
"44","1","4","3.995594713656388","1","227","49","9.33920704845815"
"42","1","42","3.981060606060606","7","264","203","9.212121212121213"
"40","0.75","97","3.933333333333333","32","285","525","9.487719298245613"
"39","0.75","114","3.9074074074074074","40","270","634","9.237037037037037"
"44","1","5","3.9910714285714284","1","224","49","9.214285714285714"
"40","0.75","98","4.038732394366197","32","284","525","9.450704225352112"
"44","1","6","3.986607142857143","1","224","49","9.214285714285714"
"41","1","97","3.903345724907063","29","269","498","9.382899628252789"
"43","1","34","4.0174672489082965","5","229","158","9.327510917030567"
"40","0.75","99","4.045774647887324","32","284","525","9.450704225352112"
"41","1","98","4.048327137546468","29","269","498","9.382899628252789"
"43","1","35","4.0176211453744495","5","227","158","9.233480176211454"
"41","1","99","4.052238805970149","29","268","498","9.343283582089553"
"42","1","43","3.9847908745247147","7","263","214","9.254752851711027"
"43","1","36","4.017699115044247","5","226","158","9.185840707964601"
"39","0.75","115","3.9291044776119404","41","268","653","9.305970149253731"
"42","1","44","3.988593155893536","7","263","214","9.254752851711027"
"44","1","7","3.986607142857143","1","224","80","9.491071428571429"
"39","0.75","116","3.9135338345864663","42","266","653","9.233082706766917"
"42","1","45","3.9885496183206106","7","262","214","9.213740458015268"
"44","1","8","3.986547085201794","1","223","80","9.452914798206278"
"40","0.75","100","4.046099290780142","32","282","535","9.446808510638299"
"39","0.75","117","3.9323308270676693","42","266","653","9.233082706766917"
"44","1","9","3.986547085201794","1","223","80","9.452914798206278"
"40","0.75","101","4.035714285714286","33","280","535","9.371428571428572"
"41","1","100","4.045112781954887","29","266","507","9.330827067669173"
"40","0.75","102","4.028673835125448","33","279","535","9.333333333333334"
"41","1","101","4.056603773584905","29","265","507","9.290566037735848"
"41","1","102","4.038022813688213","29","263","507","9.209125475285171"
"43","1","37","3.8803418803418803","5","234","179","9.376068376068377"
"42","1","46","3.992337164750958","8","261","227","9.272030651340996"
"43","1","38","4.012820512820513","5","234","179","9.376068376068377"
"44","1","10","3.986425339366516","1","221","92","9.475113122171946"
"39","0.75","118","3.9169811320754717","42","265","674","9.350943396226414"
"44","1","11","3.986425339366516","1","221","92","9.475113122171946"
"42","1","47","3.992337164750958","8","261","227","9.272030651340996"
"43","1","39","4.012820512820513","5","234","179","9.376068376068377"
"39","0.75","119","3.9283018867924526","42","265","674","9.350943396226414"
"44","1","12","3.986425339366516","1","221","92","9.475113122171946"
"42","1","48","3.9845559845559846","8","259","227","9.212355212355213"
"39","0.75","120","3.9204545454545454","42","264","674","9.348484848484848"
"40","0.75","103","4.032258064516129","33","279","551","9.448028673835125"
"41","1","103","4.038022813688213","29","263","531","9.391634980988593"
"43","1","40","4.004310344827586","5","232","187","9.35344827586207"
"40","0.75","104","4.043321299638989","33","277","551","9.379061371841155"
"41","1","104","4.026717557251908","29","262","531","9.351145038167939"
"43","1","41","3.9913419913419914","6","231","187","9.307359307359308"
"40","0.75","105","4.054347826086956","33","276","551","9.347826086956522"
"41","1","105","4.038167938931298","29","262","531","9.351145038167939"
"44","1","13","3.747863247863248","1","234","102","9.435897435897436"
"43","1","42","3.9782608695652173","6","230","187","9.26086956521739"
"44","1","14","4.012875536480687","1","233","102","9.390557939914164"
"44","1","15","3.9956709956709955","1","231","102","9.367965367965368"
"42","1","49","3.6560283687943262","8","282","243","9.191489361702128"
"45","1","0","4.104602510460251","0","239","0","9.112970711297072"
"42","1","50","3.9323843416370106","8","281","243","9.153024911032029"
"41","1","106","4.030769230769231","30","260","544","9.376923076923077"
"40","0.75","106","4.054347826086956","33","276","572","9.5"
"43","1","43","3.9782608695652173","6","230","196","9.339130434782609"
"44","1","16","4","1","231","112","9.454545454545455"
"42","1","51","3.931899641577061","9","279","243","9.075268817204302"
"41","1","107","4.038461538461538","30","260","544","9.376923076923077"
"40","0.75","107","4.054744525547445","33","274","572","9.423357664233576"
"41","1","108","4.019305019305019","30","259","544","9.374517374517374"
"44","1","17","3.9913419913419914","1","231","112","9.454545454545455"
"43","1","44","3.9780701754385963","7","228","196","9.24561403508772"
"40","0.75","108","4.054744525547445","33","274","572","9.423357664233576"
"43","1","45","3.9780701754385963","7","228","196","9.24561403508772"
"44","1","18","3.9956709956709955","1","231","112","9.454545454545455"
"45","1","1","4.105042016806722","0","238","19","9.22689075630252"
"45","1","2","4.067226890756302","0","238","19","9.22689075630252"
"44","1","19","3.991304347826087","1","230","118","9.460869565217392"
"42","1","52","3.9386281588447654","9","277","262","9.133574007220217"
"45","1","3","4.067226890756302","0","238","19","9.22689075630252"
"44","1","20","4.008733624454148","1","229","118","9.414847161572052"
"43","1","46","3.9780701754385963","7","228","209","9.359649122807017"
"42","1","53","3.935018050541516","9","277","262","9.133574007220217"
"44","1","21","4.021929824561403","1","228","118","9.368421052631579"
"42","1","54","3.931407942238267","9","277","262","9.133574007220217"
"43","1","47","3.9780701754385963","7","228","209","9.359649122807017"
"41","1","109","3.842696629213483","30","267","553","9.438202247191011"
"43","1","48","3.9779735682819384","7","227","209","9.312775330396477"
"41","1","110","4.037453183520599","30","267","553","9.438202247191011"
"45","1","4","4.071428571428571","0","238","38","9.38655462184874"
"40","0.75","109","3.84375","33","288","587","9.444444444444445"
"41","1","111","4.015325670498084","31","261","553","9.226053639846743"
"44","1","22","4.030701754385965","1","228","132","9.491228070175438"
"45","1","5","4.067226890756302","0","238","38","9.38655462184874"
"40","0.75","110","4.076388888888889","33","288","587","9.444444444444445"
"44","1","23","4.022026431718062","1","227","132","9.444933920704846"
"45","1","6","4.067226890756302","0","238","38","9.38655462184874"
"44","1","24","4.022222222222222","2","225","132","9.386666666666667"
"40","0.75","111","4.076655052264808","33","287","587","9.40766550522648"
"42","1","55","3.931407942238267","9","277","278","9.249097472924188"
"42","1","56","3.937956204379562","10","274","278","9.13138686131387"
"43","1","49","3.7008196721311477","7","244","221","9.19672131147541"
"42","1","57","3.937728937728938","10","273","278","9.098901098901099"
"43","1","50","3.954732510288066","7","243","221","9.152263374485596"
"41","1","112","4","31","261","578","9.417624521072797"
"45","1","7","4.059322033898305","0","236","47","9.389830508474576"
"41","1","113","4.0078125","33","256","578","9.2109375"
"40","0.75","112","4.077192982456141","33","285","596","9.396491228070175"
"45","1","8","4.042553191489362","0","235","47","9.361702127659575"
"43","1","51","3.9539748953974896","7","239","221","8.97907949790795"
"44","1","25","3.693877551020408","2","245","145","9.2"
"41","1","114","4","33","255","578","9.168627450980392"
"40","0.75","113","4.085409252669039","34","281","596","9.245551601423488"
"45","1","9","4.051282051282051","0","234","47","9.316239316239317"
"44","1","26","4.069387755102041","2","245","145","9.2"
"40","0.75","114","4.089285714285714","35","280","596","9.207142857142857"
"44","1","27","4.049180327868853","2","244","145","9.155737704918034"
"42","1","58","3.9296296296296296","12","270","299","9.14074074074074"
"43","1","52","3.957983193277311","8","238","244","9.126050420168067"
"42","1","59","3.929368029739777","12","269","299","9.100371747211897"
"45","1","10","4.047008547008547","0","234","65","9.47008547008547"
"44","1","28","4.061728395061729","2","243","159","9.22633744855967"
"41","1","115","3.9960629921259843","33","254","608","9.409448818897637"
"42","1","60","3.9328358208955225","13","268","299","9.059701492537313"
"44","1","29","4.053497942386831","2","243","159","9.22633744855967"
"43","1","53","3.9535864978902953","8","237","244","9.080168776371307"
"45","1","11","4.047008547008547","0","234","65","9.47008547008547"
"41","1","116","3.9960629921259843","33","254","608","9.409448818897637"
"44","1","30","4.049586776859504","2","242","159","9.181818181818182"
"45","1","12","4.051724137931035","1","232","65","9.448275862068966"
"43","1","54","3.953191489361702","9","235","244","9.012765957446808"
"41","1","117","3.9960629921259843","33","254","608","9.409448818897637"
"40","0.75","115","4.089285714285714","35","280","631","9.457142857142857"
"40","0.75","116","4.086021505376344","35","279","631","9.419354838709678"
"40","0.75","117","4.08273381294964","35","278","631","9.381294964028777"
"44","1","31","4.049586776859504","2","242","177","9.330578512396695"
"41","1","118","3.9960474308300395","33","253","618","9.446640316205533"
"44","1","32","4.045454545454546","2","242","177","9.330578512396695"
"43","1","55","3.9572649572649574","9","234","268","9.247863247863247"
"45","1","13","3.912133891213389","1","239","76","9.497907949790795"
"44","1","33","4.049792531120332","2","241","177","9.28630705394191"
"41","1","119","3.9960474308300395","33","253","618","9.446640316205533"
"43","1","56","3.9615384615384617","9","234","268","9.247863247863247"
"45","1","14","4.054393305439331","1","239","76","9.497907949790795"
"41","1","120","3.992094861660079","33","253","618","9.446640316205533"
"42","1","61","3.75","13","280","325","9.221428571428572"
"43","1","57","3.9572649572649574","9","234","268","9.247863247863247"
"45","1","15","4.054393305439331","1","239","76","9.497907949790795"
"40","0.75","118","4.072727272727272","35","275","648","9.389090909090909"
"42","1","62","3.953405017921147","13","279","325","9.182795698924732"
"44","1","34","4.045833333333333","2","240","190","9.366666666666667"
"40","0.75","119","4.069343065693431","35","274","648","9.386861313868613"
"42","1","63","3.949820788530466","13","279","325","9.182795698924732"
"44","1","35","4.046025104602511","2","239","190","9.322175732217573"
"40","0.75","120","4.062043795620438","35","274","648","9.386861313868613"
"45","1","16","4.054393305439331","1","239","85","9.573221757322175"
"44","1","36","4.046025104602511","2","239","190","9.322175732217573"
"43","1","58","3.9615384615384617","9","234","280","9.350427350427351"
"45","1","17","4.054393305439331","1","239","85","9.573221757322175"
"43","1","59","3.961206896551724","10","232","280","9.258620689655173"
"45","1","18","4.054393305439331","1","239","85","9.573221757322175"
"46","1","0","4.012875536480687","0","233","0","9.090128755364807"
"43","1","60","3.961038961038961","11","231","280","9.212121212121213"
"42","1","64","3.949458483754513","14","277","337","9.191335740072201"
"42","1","65","3.9528985507246377","14","276","337","9.152173913043478"
"45","1","19","4.054393305439331","1","239","89","9.606694560669457"
"44","1","37","3.946938775510204","2","245","202","9.493877551020407"
"42","1","66","3.948905109489051","15","274","337","9.072992700729927"
"45","1","20","4.0588235294117645","1","238","89","9.571428571428571"
"44","1","38","4.061224489795919","2","245","202","9.493877551020407"
"45","1","21","4.0588235294117645","1","238","89","9.571428571428571"
"47","1","0","4.016460905349795","0","243","0","9.152263374485596"
"46","1","1","4.133047210300429","0","233","34","9.381974248927039"
"44","1","39","4.05327868852459","3","244","202","9.450819672131148"
"46","1","2","4.125","0","232","34","9.344827586206897"
"46","1","3","4.133620689655173","0","232","34","9.344827586206897"
"45","1","22","4.059071729957806","2","237","95","9.578059071729959"
"43","1","61","3.765432098765432","11","243","302","9.366255144032921"
"45","1","23","4.059322033898305","2","236","95","9.533898305084746"
"44","1","40","4.057377049180328","3","244","208","9.5"
"43","1","62","3.9794238683127574","11","243","302","9.366255144032921"
"45","1","24","4.064102564102564","3","234","95","9.444444444444445"
"42","1","67","3.956043956043956","15","273","357","9.179487179487179"
"44","1","41","4.05327868852459","3","244","208","9.5"
"43","1","63","3.9753086419753085","11","243","302","9.366255144032921"
"47","1","1","4.144628099173554","0","242","25","9.314049586776859"
"47","1","2","4.154166666666667","1","240","25","9.233333333333333"
"46","1","4","4.142857142857143","1","231","52","9.454545454545455"
"42","1","68","3.959409594095941","16","271","357","9.099630996309964"
"44","1","42","4.070247933884297","3","242","208","9.413223140495868"
"47","1","3","4.1625","1","240","25","9.233333333333333"
"46","1","5","4.142857142857143","1","231","52","9.454545454545455"
"42","1","69","3.966666666666667","17","270","357","9.059259259259258"
"46","1","6","4.142857142857143","1","231","52","9.454545454545455"
"43","1","64","3.9710743801652892","12","242","314","9.421487603305785"
"43","1","65","3.9710743801652892","12","242","314","9.421487603305785"
"44","1","43","4.070833333333334","3","240","215","9.383333333333333"
"45","1","25","3.995798319327731","3","238","108","9.563025210084033"
"43","1","66","3.9710743801652892","12","242","314","9.421487603305785"
"44","1","44","4.070833333333334","3","240","215","9.383333333333333"
"45","1","26","4.059071729957806","3","237","108","9.518987341772151"
"44","1","45","4.071428571428571","3","238","215","9.294117647058824"
"46","1","7","4.142857142857143","1","231","63","9.54978354978355"
"45","1","27","4.055084745762712","3","236","108","9.474576271186441"
"47","1","4","4.163865546218488","2","238","48","9.344537815126051"
"46","1","8","4.142857142857143","1","231","63","9.54978354978355"
"47","1","5","4.1645569620253164","3","237","48","9.29957805907173"
"46","1","9","4.1347826086956525","1","230","63","9.504347826086956"
"42","1","70","3.950943396226415","18","265","388","9.10188679245283"
"47","1","6","4.1645569620253164","3","237","48","9.29957805907173"
"43","1","67","3.9710743801652892","12","242","325","9.512396694214877"
"42","1","71","3.935361216730038","19","263","388","9.02661596958175"
"45","1","28","4.05531914893617","3","235","112","9.463829787234042"
"45","1","29","4.051502145922747","4","233","112","9.373390557939913"
"43","1","68","3.966804979253112","12","241","325","9.468879668049793"
"42","1","72","3.931558935361217","19","263","388","9.02661596958175"
"44","1","46","4.071428571428571","3","238","237","9.478991596638656"
"45","1","30","4.051502145922747","4","233","112","9.373390557939913"
"43","1","69","3.962655601659751","12","241","325","9.468879668049793"
"44","1","47","4.067510548523207","3","237","237","9.434599156118143"
"46","1","10","4.126637554585153","1","229","74","9.554585152838428"
"44","1","48","4.067510548523207","3","237","237","9.434599156118143"
"47","1","7","4.1645569620253164","3","237","69","9.476793248945148"
"46","1","11","4.12280701754386","1","228","74","9.508771929824562"
"47","1","8","4.1645569620253164","3","237","69","9.476793248945148"
"46","1","12","4.127753303964758","1","227","74","9.462555066079295"
"47","1","9","4.165254237288136","4","236","69","9.440677966101696"
"45","1","31","4.051502145922747","4","233","124","9.476394849785407"
"43","1","70","3.962655601659751","12","241","333","9.535269709543568"
"45","1","32","4.056034482758621","4","232","124","9.431034482758621"
"43","1","71","3.9623430962343096","12","239","333","9.447698744769875"
"45","1","33","4.056034482758621","4","232","124","9.431034482758621"
"43","1","72","3.96218487394958","13","238","333","9.403361344537815"
"44","1","49","3.930327868852459","4","244","247","9.48360655737705"
"47","1","10","4.174468085106383","4","235","84","9.523404255319148"
"44","1","50","4.116666666666666","5","240","247","9.35"
"46","1","13","3.7035573122529644","1","253","97","9.162055335968379"
"47","1","11","4.170212765957447","4","235","84","9.523404255319148"
"42","1","73","3.7025089605734767","19","279","424","9.412186379928315"
"44","1","51","4.129166666666666","5","240","247","9.35"
"46","1","14","4.205533596837944","1","253","97","9.162055335968379"
"47","1","12","4.1752136752136755","4","234","84","9.487179487179487"
"42","1","74","3.898916967509025","20","277","424","9.335740072202166"
"45","1","34","4.056521739130435","5","230","138","9.460869565217392"
"46","1","15","4.226190476190476","1","252","97","9.119047619047619"
"42","1","75","3.9057971014492754","20","276","424","9.297101449275363"
"45","1","35","4.056768558951965","5","229","138","9.414847161572052"
"45","1","36","4.056768558951965","5","229","138","9.414847161572052"
"44","1","52","4.130252100840337","6","238","260","9.369747899159664"
"43","1","73","3.640926640926641","13","259","353","9.204633204633204"
"44","1","53","4.1344537815126055","6","238","260","9.369747899159664"
"46","1","16","4.22","2","250","107","9.112"
"43","1","74","4.007751937984496","14","258","353","9.162790697674419"
"44","1","54","4.1265822784810124","6","237","260","9.324894514767932"
"46","1","17","4.208835341365462","2","249","107","9.124497991967871"
"47","1","13","4.016460905349795","4","243","98","9.522633744855968"
"42","1","76","3.909090909090909","21","275","440","9.374545454545455"
"43","1","75","4.015503875968992","14","258","353","9.162790697674419"
"46","1","18","4.217741935483871","3","248","107","9.080645161290322"
"47","1","14","4.193415637860082","4","243","98","9.522633744855968"
"42","1","77","3.909090909090909","21","275","440","9.374545454545455"
"47","1","15","4.18595041322314","4","242","98","9.479338842975206"
"42","1","78","3.9160583941605838","22","274","440","9.335766423357665"
"45","1","37","3.682730923694779","6","249","152","9.17269076305221"
"44","1","55","4.1308016877637135","6","237","272","9.426160337552743"
"45","1","38","4.05241935483871","6","248","152","9.129032258064516"
"45","1","39","4.060483870967742","6","248","152","9.129032258064516"
"44","1","56","4.1265822784810124","6","237","272","9.426160337552743"
"46","1","19","4.2105263157894735","3","247","123","9.190283400809717"
"43","1","76","4.011673151750973","15","257","368","9.237354085603112"
"44","1","57","4.1265822784810124","6","237","272","9.426160337552743"
"47","1","16","4.1735537190082646","4","242","103","9.520661157024794"
"46","1","20","4.215447154471545","3","246","123","9.146341463414634"
"43","1","77","4.0078740157480315","15","254","368","9.11023622047244"
"47","1","17","4.184100418410042","5","239","103","9.389121338912133"
"46","1","21","4.209016393442623","3","244","123","9.057377049180328"
"43","1","78","4.007905138339921","15","253","368","9.067193675889328"
"42","1","79","3.918819188191882","23","271","458","9.357933579335793"
"47","1","18","4.176470588235294","5","238","103","9.344537815126051"
"45","1","40","4.056451612903226","6","248","161","9.201612903225806"
"42","1","80","3.914814814814815","23","270","458","9.318518518518518"
"44","1","58","4.129310344827586","7","232","279","9.258620689655173"
"45","1","41","4.0528455284552845","7","246","161","9.113821138211382"
"42","1","81","3.9144981412639406","23","269","458","9.278810408921933"
"44","1","59","4.125","7","232","279","9.258620689655173"
"45","1","42","4.048780487804878","7","246","161","9.113821138211382"
"44","1","60","4.121739130434783","8","230","279","9.165217391304347"
"46","1","22","4.200819672131147","3","244","141","9.204918032786885"
"47","1","19","4.184873949579832","5","238","118","9.470588235294118"
"46","1","23","4.20746887966805","3","241","141","9.078838174273859"
"43","1","79","4","16","252","392","9.214285714285714"
"47","1","20","4.177215189873418","5","237","118","9.451476793248945"
"46","1","24","4.2092050209205025","3","239","141","9.02928870292887"
"47","1","21","4.182203389830509","5","236","118","9.40677966101695"
"45","1","43","4.057142857142857","8","245","178","9.208163265306123"
"43","1","80","3.992063492063492","16","252","392","9.214285714285714"
"42","1","82","3.9219330855018586","23","269","481","9.449814126394052"
"45","1","44","4.061475409836065","8","244","178","9.163934426229508"
"43","1","81","3.9880478087649402","17","251","392","9.171314741035857"
"42","1","83","3.921641791044776","23","268","481","9.41044776119403"
"45","1","45","4.061475409836065","8","244","178","9.163934426229508"
"42","1","84","3.925373134328358","23","268","481","9.41044776119403"
"44","1","61","3.8489795918367347","8","245","310","9.289795918367346"
"47","1","22","4.178723404255319","6","235","133","9.48936170212766"
"44","1","62","4.130612244897959","8","245","310","9.289795918367346"
"47","1","23","4.182978723404255","6","235","133","9.48936170212766"
"44","1","63","4.151020408163265","8","245","310","9.289795918367346"
"47","1","24","4.1752136752136755","7","234","133","9.452991452991453"
"45","1","46","4.061475409836065","8","244","191","9.270491803278688"
"46","1","25","3.9098039215686273","3","255","161","9.113725490196078"
"43","1","82","4","17","248","419","9.28225806451613"
"45","1","47","4.061728395061729","8","243","191","9.22633744855967"
"46","1","26","4.215686274509804","3","255","161","9.113725490196078"
"43","1","83","4","18","246","419","9.195121951219512"
"45","1","48","4.066115702479339","8","242","191","9.181818181818182"
"46","1","27","4.211764705882353","3","255","161","9.113725490196078"
"44","1","64","4.146938775510204","8","245","322","9.387755102040817"
"43","1","84","4","18","245","419","9.151020408163266"
"44","1","65","4.151020408163265","8","245","322","9.387755102040817"
"42","1","85","3.5993150684931505","23","292","493","9.212328767123287"
"47","1","25","4.041322314049586","7","242","147","9.47107438016529"
"44","1","66","4.155102040816327","8","245","322","9.387755102040817"
"42","1","86","3.934931506849315","23","292","493","9.212328767123287"
"47","1","26","4.157676348547718","7","241","147","9.427385892116183"
"42","1","87","3.93127147766323","24","291","493","9.175257731958762"
"46","1","28","4.228346456692913","4","254","168","9.125984251968504"
"47","1","27","4.16597510373444","7","241","147","9.427385892116183"
"46","1","29","4.216535433070866","4","254","168","9.125984251968504"
"44","1","67","4.159836065573771","9","244","325","9.368852459016393"
"46","1","30","4.222222222222222","4","252","168","9.03968253968254"
"44","1","68","4.1646090534979425","10","243","325","9.325102880658436"
"45","1","49","3.828125","9","256","213","9.359375"
"47","1","28","4.157676348547718","7","241","150","9.452282157676349"
"44","1","69","4.175","10","240","325","9.2"
"45","1","50","4.0390625","9","256","213","9.359375"
"47","1","29","4.1625","7","240","150","9.416666666666666"
"43","1","85","3.798449612403101","18","258","446","9.348837209302326"
"45","1","51","4.0390625","9","256","213","9.359375"
"42","1","88","3.9379310344827587","24","290","503","9.206896551724139"
"47","1","30","4.158995815899582","7","239","150","9.372384937238493"
"42","1","89","3.9375","24","288","503","9.180555555555555"
"43","1","86","4.01556420233463","18","257","446","9.30739299610895"
"46","1","31","4.222222222222222","4","252","184","9.166666666666666"
"42","1","90","3.9444444444444446","24","288","503","9.180555555555555"
"44","1","70","4.1625","10","240","344","9.358333333333333"
"46","1","32","4.218253968253968","4","252","184","9.166666666666666"
"43","1","87","4.019685039370079","19","254","446","9.220472440944881"
"45","1","52","4.03921568627451","10","255","224","9.403921568627451"
"44","1","71","4.180672268907563","10","238","344","9.268907563025211"
"46","1","33","4.228915662650603","5","249","184","9.036144578313253"
"45","1","53","4.03921568627451","10","255","224","9.403921568627451"
"47","1","31","4.163865546218488","8","238","158","9.394957983193278"
"44","1","72","4.165957446808511","11","235","344","9.148936170212766"
"45","1","54","4.03921568627451","10","255","224","9.403921568627451"
"47","1","32","4.159663865546219","8","238","158","9.394957983193278"
"47","1","33","4.163865546218488","8","238","158","9.394957983193278"
"42","1","91","3.9409722222222223","24","288","523","9.319444444444445"
"43","1","88","4.019762845849803","19","253","457","9.272727272727273"
"42","1","92","3.9442508710801394","24","287","523","9.282229965156795"
"45","1","55","4.039370078740157","10","254","230","9.433070866141732"
"46","1","34","4.223577235772358","6","246","203","9.065040650406504"
"47","1","34","4.147679324894515","8","237","167","9.434599156118143"
"43","1","89","4.01984126984127","19","252","457","9.285714285714286"
"42","1","93","3.9442508710801394","24","287","523","9.282229965156795"
"45","1","56","4.0395256916996045","11","253","230","9.391304347826088"
"46","1","35","4.2326530612244895","7","245","203","9.020408163265307"
"47","1","35","4.151898734177215","8","237","167","9.434599156118143"
"43","1","90","4.027777777777778","19","252","457","9.285714285714286"
"45","1","57","4.0436507936507935","12","252","230","9.34920634920635"
"46","1","36","4.236734693877551","7","245","203","9.020408163265307"
"44","1","73","3.787644787644788","11","259","369","9.05019305019305"
"47","1","36","4.147679324894515","8","237","167","9.434599156118143"
"44","1","74","4.175097276264592","12","257","369","8.964980544747082"
"44","1","75","4.1953125","12","256","369","8.921875"
"45","1","58","4.0396825396825395","12","252","243","9.452380952380953"
"42","1","94","3.944055944055944","25","286","534","9.328671328671328"
"45","1","59","4.036","13","250","243","9.368"
"43","1","91","4.0199203187251","19","251","472","9.362549800796813"
"45","1","60","4.036","13","250","243","9.368"
"42","1","95","3.943661971830986","25","284","534","9.26056338028169"
"47","1","37","3.892857142857143","8","252","172","9.246031746031745"
"42","1","96","3.9363957597173145","26","283","534","9.222614840989399"
"43","1","92","4.02","20","250","472","9.32"
"47","1","38","4.179282868525896","8","251","172","9.211155378486056"
"44","1","76","4.184313725490196","13","255","390","9.04313725490196"
"43","1","93","4.016","20","250","472","9.32"
"47","1","39","4.176","9","250","172","9.168"
"44","1","77","4.2","13","255","390","9.04313725490196"
"46","1","37","4.00390625","8","256","225","9.28125"
"46","1","38","4.177865612648222","8","253","225","9.162055335968379"
"44","1","78","4.189723320158103","13","253","390","8.972332015810277"
"46","1","39","4.188","8","250","225","9.032"
"45","1","61","3.7026022304832713","13","269","253","9.28624535315985"
"43","1","94","4.02","20","250","486","9.432"
"47","1","40","4.184","9","250","184","9.264"
"45","1","62","4.048507462686567","14","268","253","9.246268656716419"
"43","1","95","4.016","20","250","486","9.432"
"47","1","41","4.188755020080321","10","249","184","9.228915662650602"
"45","1","63","4.063670411985019","14","267","253","9.205992509363297"
"43","1","96","4.016","20","250","486","9.432"
"47","1","42","4.189516129032258","10","248","184","9.185483870967742"
"44","1","79","4.1976284584980235","13","253","408","9.114624505928854"
"42","1","97","3.6136363636363638","27","308","549","9.14935064935065"
"44","1","80","4.207171314741036","15","251","408","9.03585657370518"
"46","1","40","4.176706827309237","8","249","254","9.220883534136545"
"44","1","81","4.208","15","250","408","8.992"
"42","1","98","3.961038961038961","27","308","549","9.14935064935065"
"46","1","41","4.180722891566265","8","249","254","9.220883534136545"
"46","1","42","4.176706827309237","8","249","254","9.220883534136545"
"42","1","99","3.9640522875816995","27","306","549","9.084967320261438"
"47","1","43","4.195121951219512","11","246","197","9.260162601626016"
"45","1","64","4.06390977443609","14","266","268","9.278195488721805"
"47","1","44","4.191056910569106","11","246","197","9.260162601626016"
"45","1","65","4.0606060606060606","14","264","268","9.227272727272727"
"43","1","97","3.8793774319066148","20","257","496","9.439688715953308"
"47","1","45","4.1959183673469385","11","245","197","9.224489795918368"
"45","1","66","4.0606060606060606","14","264","268","9.227272727272727"
"43","1","98","3.996078431372549","21","255","496","9.35686274509804"
"44","1","82","4.216867469879518","16","249","432","9.140562248995984"
"46","1","43","4.180722891566265","8","249","270","9.349397590361447"
"43","1","99","3.992156862745098","21","255","496","9.35686274509804"
"44","1","83","4.221774193548387","16","248","432","9.10483870967742"
"46","1","44","4.181451612903226","9","248","270","9.306451612903226"
"44","1","84","4.222672064777328","16","247","432","9.06072874493927"
"42","1","100","3.963815789473684","28","304","571","9.157894736842104"
"46","1","45","4.186991869918699","9","246","270","9.21951219512195"
"47","1","46","4.1959183673469385","11","245","215","9.371428571428572"
"45","1","67","4.061302681992337","16","261","287","9.256704980842912"
"42","1","101","3.9667774086378738","28","301","571","9.056478405315614"
"47","1","47","4.210743801652892","11","242","215","9.24793388429752"
"45","1","68","4.061776061776062","16","259","287","9.18918918918919"
"42","1","102","3.963455149501661","28","301","571","9.056478405315614"
"47","1","48","4.2125","11","240","215","9.166666666666666"
"43","1","100","3.996078431372549","21","255","510","9.466666666666667"
"45","1","69","4.062015503875969","16","258","287","9.155038759689923"
"43","1","101","3.9960629921259843","21","254","510","9.4251968503937"
"46","1","46","4.168032786885246","9","244","298","9.360655737704919"
"43","1","102","3.9960629921259843","21","254","510","9.4251968503937"
"46","1","47","4.176229508196721","9","244","298","9.360655737704919"
"44","1","85","4.05859375","16","256","458","9.3515625"
"46","1","48","4.1687242798353905","9","243","298","9.325102880658436"
"44","1","86","4.203921568627451","16","255","458","9.333333333333334"
"44","1","87","4.207843137254902","16","255","458","9.333333333333334"
"45","1","70","4.0625","17","256","309","9.2421875"
"42","1","103","3.963210702341137","29","299","596","9.19732441471572"
"43","1","103","3.9960629921259843","21","254","518","9.488188976377952"
"45","1","71","4.0625","17","256","309","9.2421875"
"47","1","49","4","11","252","234","9.293650793650794"
"42","1","104","3.9565217391304346","29","299","596","9.19732441471572"
"45","1","72","4.059055118110236","18","254","309","9.15748031496063"
"47","1","50","4.232","11","250","234","9.216"
"43","1","104","3.996031746031746","21","252","518","9.412698412698413"
"42","1","105","3.962962962962963","29","297","596","9.124579124579125"
"47","1","51","4.236","11","250","234","9.216"
"44","1","88","4.2047244094488185","16","254","471","9.393700787401574"
"43","1","105","3.996031746031746","21","252","518","9.412698412698413"
"44","1","89","4.2023809523809526","17","252","471","9.30952380952381"
"44","1","90","4.188755020080321","19","249","471","9.188755020080322"
"46","1","49","3.8740458015267176","9","262","316","9.297709923664122"
"46","1","50","4.1891891891891895","9","259","316","9.196911196911197"
"46","1","51","4.205426356589148","10","258","316","9.155038759689923"
"47","1","52","4.248","11","250","250","9.344"
"43","1","106","3.99601593625498","22","251","534","9.49800796812749"
"47","1","53","4.251012145748988","12","247","250","9.222672064777328"
"47","1","54","4.251028806584362","14","243","250","9.053497942386832"
"43","1","107","4","22","250","534","9.456"
"42","1","106","3.9594594594594597","30","296","623","9.27027027027027"
"45","1","73","3.7765567765567765","18","273","332","9.2014652014652"
"43","1","108","4.004032258064516","23","248","534","9.370967741935484"
"44","1","91","4.192771084337349","19","249","497","9.397590361445783"
"42","1","107","3.9661016949152543","30","295","623","9.233898305084745"
"45","1","74","4.040441176470588","18","272","332","9.161764705882353"
"44","1","92","4.190283400809717","19","247","497","9.31174089068826"
"42","1","108","3.9655172413793105","31","290","623","9.068965517241379"
"45","1","75","4.033333333333333","18","270","332","9.08148148148148"
"46","1","52","4.19455252918288","11","257","335","9.26070038910506"
"44","1","93","4.194331983805668","19","247","497","9.31174089068826"
"46","1","53","4.20703125","11","256","335","9.21875"
"46","1","54","4.1953125","11","256","335","9.21875"
"47","1","55","4.239669421487603","15","242","285","9.297520661157025"
"47","1","56","4.239669421487603","15","242","285","9.297520661157025"
"47","1","57","4.241666666666666","17","240","285","9.208333333333334"
"45","1","76","4.033333333333333","18","270","354","9.244444444444444"
"44","1","94","4.191056910569106","20","246","514","9.40650406504065"
"43","1","109","3.7884615384615383","24","260","547","9.438461538461539"
"45","1","77","4.0335820895522385","19","268","354","9.164179104477611"
"44","1","95","4.195121951219512","20","246","514","9.40650406504065"
"46","1","55","4.208661417322834","11","254","354","9.283464566929133"
"44","1","96","4.191056910569106","20","246","514","9.40650406504065"
"45","1","78","4.041044776119403","19","268","354","9.164179104477611"
"43","1","110","3.9728682170542635","24","258","547","9.356589147286822"
"47","1","58","4.245833333333334","17","240","307","9.391666666666667"
"46","1","56","4.2047244094488185","11","254","354","9.283464566929133"
"46","1","57","4.209486166007905","11","253","354","9.24901185770751"
"43","1","111","3.95703125","25","256","547","9.2734375"
"47","1","59","4.243697478991597","18","238","307","9.302521008403362"
"42","1","109","3.6656050955414012","31","314","659","9.229299363057326"
"47","1","60","4.248945147679325","18","237","307","9.257383966244726"
"42","1","110","3.980769230769231","31","312","659","9.205128205128204"
"45","1","79","4.037453183520599","19","267","380","9.318352059925093"
"42","1","111","3.9806451612903224","31","310","659","9.135483870967741"
"44","1","97","3.9845559845559846","20","259","528","9.444015444015443"
"45","1","80","4.0411985018726595","19","267","380","9.318352059925093"
"46","1","58","4.205533596837944","11","253","371","9.383399209486166"
"43","1","112","3.953125","25","256","576","9.5"
"44","1","98","4.13671875","20","256","528","9.3203125"
"46","1","59","4.214285714285714","11","252","371","9.341269841269842"
"45","1","81","4.037735849056604","19","265","380","9.29811320754717"
"46","1","60","4.208","11","250","371","9.288"
"43","1","113","3.9446640316205532","26","253","576","9.375494071146244"
"44","1","99","4.145098039215687","20","255","528","9.27843137254902"
"43","1","114","3.927710843373494","28","249","576","9.204819277108435"
"47","1","61","3.937007874015748","18","254","322","9.338582677165354"
"47","1","62","4.1976284584980235","19","253","322","9.296442687747035"
"42","1","112","3.9740259740259742","31","308","672","9.14935064935065"
"47","1","63","4.205533596837944","19","253","322","9.296442687747035"
"42","1","113","3.970779220779221","31","308","672","9.14935064935065"
"45","1","82","4.049242424242424","20","264","396","9.378787878787879"
"44","1","100","4.137254901960785","20","255","547","9.427450980392157"
"45","1","83","4.034351145038168","20","262","396","9.297709923664122"
"42","1","114","3.9740259740259742","31","308","672","9.14935064935065"
"44","1","101","4.153543307086614","20","254","547","9.385826771653543"
"46","1","61","3.996168582375479","11","261","392","9.348659003831418"
"44","1","102","4.150197628458498","21","253","547","9.351778656126482"
"45","1","84","4.038167938931298","20","262","396","9.297709923664122"
"46","1","62","4.176923076923077","12","260","392","9.307692307692308"
"43","1","115","3.9274193548387095","29","248","601","9.362903225806452"
"47","1","64","4.205533596837944","19","253","331","9.367588932806324"
"46","1","63","4.211764705882353","13","255","392","9.223529411764705"
"43","1","116","3.9274193548387095","29","248","601","9.362903225806452"
"47","1","65","4.218253968253968","19","252","331","9.380952380952381"
"43","1","117","3.9233870967741935","29","248","601","9.362903225806452"
"47","1","66","4.214285714285714","19","252","331","9.380952380952381"
"44","1","103","4.154761904761905","21","252","565","9.452380952380953"
"44","1","104","4.155378486055777","21","251","565","9.410358565737052"
"42","1","115","3.970779220779221","31","308","684","9.227272727272727"
"44","1","105","4.159362549800797","21","251","565","9.410358565737052"
"42","1","116","3.970779220779221","31","308","684","9.227272727272727"
"47","1","67","4.218253968253968","19","252","338","9.436507936507937"
"42","1","117","3.9705882352941178","32","306","684","9.156862745098039"
"46","1","64","4.211764705882353","13","255","414","9.39607843137255"
"45","1","85","3.8260869565217392","20","276","413","9.355072463768115"
"47","1","68","4.2151394422310755","20","251","338","9.394422310756973"
"43","1","118","3.9271255060728745","29","247","613","9.417004048582996"
"46","1","65","4.215686274509804","13","255","414","9.39607843137255"
"45","1","86","4.0181818181818185","20","275","413","9.316363636363636"
"47","1","69","4.219123505976095","20","251","338","9.394422310756973"
"45","1","87","4","20","274","413","9.277372262773723"
"46","1","66","4.211764705882353","13","255","414","9.39607843137255"
"43","1","119","3.926829268292683","30","246","613","9.373983739837398"
"44","1","106","4.155378486055777","21","251","579","9.52191235059761"
"43","1","120","3.930894308943089","30","246","613","9.373983739837398"
"44","1","107","4.164","21","250","579","9.48"
"44","1","108","4.156","21","250","579","9.48"
"47","1","70","4.22","20","250","348","9.432"
"42","1","118","3.9705882352941178","32","306","705","9.294117647058824"
"46","1","67","4.216535433070866","14","254","421","9.409448818897637"
"45","1","88","4.003663003663004","21","273","420","9.28937728937729"
"47","1","71","4.228","20","250","348","9.432"
"42","1","119","3.9703947368421053","33","304","705","9.223684210526315"
"46","1","68","4.213438735177865","14","253","421","9.367588932806324"
"45","1","89","4.0036764705882355","22","272","420","9.25"
"47","1","72","4.224","20","250","348","9.432"
"42","1","120","3.9735973597359737","33","303","705","9.194719471947195"
"46","1","69","4.218253968253968","15","252","421","9.333333333333334"
"45","1","90","4.007352941176471","22","272","420","9.25"
"44","1","109","3.898496240601504","22","266","592","9.345864661654135"
"44","1","110","4.17490494296578","23","263","592","9.224334600760455"
"48","1","0","4.1645569620253164","0","237","0","9.139240506329115"
"44","1","111","4.17490494296578","23","263","592","9.224334600760455"
"46","1","70","4.2151394422310755","15","251","435","9.434262948207172"
"46","1","71","4.219123505976095","15","251","435","9.434262948207172"
"45","1","91","4","22","270","433","9.274074074074074"
"47","1","73","3.8248175182481754","22","274","354","9.197080291970803"
"46","1","72","4.2151394422310755","15","251","435","9.434262948207172"
"45","1","92","4.003703703703704","22","270","433","9.274074074074074"
"47","1","74","4.17948717948718","22","273","354","9.164835164835164"
"49","1","0","3.914285714285714","0","245","0","9.16734693877551"
"45","1","93","3.996282527881041","22","269","433","9.241635687732343"
"47","1","75","4.17948717948718","22","273","354","9.164835164835164"
"44","1","112","4.167300380228137","23","263","608","9.346007604562738"
"48","1","1","4.059322033898305","1","236","21","9.313559322033898"
"44","1","113","4.175572519083969","23","262","608","9.305343511450381"
"44","1","114","4.17175572519084","23","262","608","9.305343511450381"
"48","1","2","4.067796610169491","1","236","21","9.313559322033898"
"48","1","3","4.063559322033898","1","236","21","9.313559322033898"
"46","1","73","3.966292134831461","15","267","441","9.280898876404494"
"45","1","94","4.003717472118959","22","269","446","9.338289962825279"
"47","1","76","4.169741697416974","22","271","369","9.195571955719558"
"49","1","1","4.004081632653061","0","245","28","9.395918367346939"
"49","1","2","4.012244897959183","0","245","28","9.395918367346939"
"45","1","95","3.9962546816479403","23","267","446","9.258426966292134"
"46","1","74","4.19622641509434","15","265","441","9.20754716981132"
"47","1","77","4.174074074074074","22","270","369","9.155555555555555"
"49","1","3","4.004115226337449","0","243","28","9.34156378600823"
"45","1","96","4.00374531835206","23","267","446","9.258426966292134"
"46","1","75","4.196969696969697","15","264","441","9.166666666666666"
"47","1","78","4.186567164179104","24","268","369","9.074626865671641"
"44","1","115","4.173745173745174","23","259","624","9.305019305019306"
"44","1","116","4.1698841698841695","23","259","624","9.305019305019306"
"48","1","4","4.064102564102564","3","234","35","9.376068376068377"
"44","1","117","4.173745173745174","23","259","624","9.305019305019306"
"48","1","5","4.064102564102564","3","234","35","9.376068376068377"
"48","1","6","4.064377682403434","3","233","35","9.330472103004292"
"49","1","4","4.008264462809917","1","242","49","9.47107438016529"
"46","1","76","4.193181818181818","15","264","458","9.295454545454545"
"46","1","77","4.204545454545454","15","264","458","9.295454545454545"
"49","1","5","4.0041322314049586","1","242","49","9.47107438016529"
"47","1","79","4.187265917602996","25","267","392","9.205992509363297"
"46","1","78","4.199233716475096","16","261","458","9.295019157088122"
"49","1","6","4.008298755186722","1","241","49","9.443983402489627"
"47","1","80","4.19622641509434","27","265","392","9.132075471698114"
"44","1","118","4.170542635658915","23","258","640","9.387596899224807"
"45","1","97","3.7829181494661923","24","281","461","9.288256227758007"
"44","1","119","4.175097276264592","23","257","640","9.354085603112841"
"47","1","81","4.192452830188679","27","265","392","9.132075471698114"
"45","1","98","4","24","279","461","9.21146953405018"
"48","1","7","4.073593073593074","3","231","56","9.41991341991342"
"44","1","120","4.176470588235294","23","255","640","9.270588235294118"
"45","1","99","3.9964028776978417","25","278","461","9.172661870503598"
"48","1","8","4.078260869565217","3","230","56","9.373913043478261"
"49","1","7","4.004149377593361","1","241","69","9.609958506224066"
"46","1","79","4.2007722007722","17","259","464","9.258687258687258"
"48","1","9","4.078260869565217","3","230","56","9.373913043478261"
"49","1","8","4.008333333333334","1","240","69","9.575"
"46","1","80","4.2015503875969","18","258","464","9.217054263565892"
"49","1","9","3.99163179916318","1","239","69","9.548117154811715"
"47","1","82","4.193916349809886","27","263","410","9.186311787072244"
"46","1","81","4.206225680933852","19","257","464","9.17509727626459"
"47","1","83","4.187022900763359","28","262","410","9.145038167938932"
"45","1","100","3.9890909090909092","26","275","478","9.192727272727273"
"47","1","84","4.190839694656488","28","262","410","9.145038167938932"
"45","1","101","3.9854014598540144","26","274","478","9.16058394160584"
"48","1","10","4.078260869565217","3","230","79","9.57391304347826"
"49","1","10","3.98326359832636","1","239","79","9.631799163179917"
"50","1","0","3.9392712550607287","0","247","0","9.214574898785425"
"45","1","102","3.9853479853479854","26","273","478","9.157509157509157"
"48","1","11","4.078260869565217","3","230","79","9.57391304347826"
"49","1","11","3.9789915966386555","2","238","79","9.588235294117647"
"48","1","12","4.078602620087336","3","229","79","9.528384279475983"
"46","1","82","4.206225680933852","19","257","485","9.33852140077821"
"49","1","12","3.9746835443037973","2","237","79","9.544303797468354"
"46","1","83","4.21011673151751","19","257","485","9.33852140077821"
"46","1","84","4.196078431372549","19","255","485","9.254901960784315"
"50","1","1","4.008230452674897","1","243","25","9.25925925925926"
"47","1","85","4.055555555555555","28","270","426","9.362962962962962"
"45","1","103","3.985294117647059","27","272","503","9.301470588235293"
"50","1","2","3.9917355371900825","2","242","25","9.214876033057852"
"47","1","86","4.181481481481481","28","270","426","9.362962962962962"
"50","1","3","3.99581589958159","4","239","25","9.112970711297072"
"45","1","104","3.985294117647059","27","272","503","9.301470588235293"
"48","1","13","3.736","3","250","89","9.368"
"49","1","13","3.6968503937007875","2","254","99","9.393700787401574"
"47","1","87","4.202247191011236","29","267","426","9.250936329588015"
"45","1","105","3.988888888888889","28","270","503","9.222222222222221"
"48","1","14","4.06","3","250","89","9.368"
"49","1","14","3.972332015810277","2","253","99","9.351778656126482"
"49","1","15","3.9718875502008033","2","249","99","9.188755020080322"
"48","1","15","4.06425702811245","3","249","89","9.325301204819278"
"46","1","85","3.879120879120879","20","273","498","9.128205128205128"
"46","1","86","4.153846153846154","20","273","498","9.128205128205128"
"47","1","88","4.195488721804511","29","266","442","9.330827067669173"
"46","1","87","4.1611721611721615","20","273","498","9.128205128205128"
"50","1","4","3.99163179916318","4","239","63","9.430962343096235"
"47","1","89","4.184905660377359","30","265","442","9.29811320754717"
"45","1","106","3.996268656716418","28","268","521","9.305970149253731"
"50","1","5","3.99163179916318","4","239","63","9.430962343096235"
"49","1","16","3.971774193548387","3","248","119","9.306451612903226"
"48","1","16","4.06425702811245","3","249","100","9.413654618473895"
"47","1","90","4.186311787072244","31","263","442","9.216730038022813"
"50","1","6","3.9915611814345993","4","237","63","9.358649789029537"
"45","1","107","4.007518796992481","28","266","521","9.233082706766917"
"49","1","17","3.971774193548387","3","248","119","9.306451612903226"
"48","1","17","4.064516129032258","3","248","100","9.370967741935484"
"45","1","108","3.9962406015037595","28","266","521","9.233082706766917"
"49","1","18","3.971774193548387","3","248","119","9.306451612903226"
"46","1","88","4.1611721611721615","20","273","508","9.2014652014652"
"48","1","18","4.060975609756097","3","246","100","9.284552845528456"
"46","1","89","4.1611721611721615","20","273","508","9.2014652014652"
"46","1","90","4.154981549815498","22","271","508","9.121771217712178"
"47","1","91","4.183206106870229","32","262","463","9.335877862595419"
"50","1","7","3.9915611814345993","4","237","84","9.535864978902953"
"49","1","19","3.971774193548387","3","248","133","9.419354838709678"
"47","1","92","4.188461538461539","33","260","463","9.261538461538462"
"50","1","8","3.9915254237288136","4","236","84","9.491525423728813"
"48","1","19","4.060975609756097","3","246","118","9.43089430894309"
"47","1","93","4.1692307692307695","33","260","463","9.261538461538462"
"50","1","9","3.991489361702128","4","235","84","9.45531914893617"
"49","1","20","3.9715447154471546","3","246","133","9.390243902439025"
"48","1","20","4.060975609756097","3","246","118","9.43089430894309"
"49","1","21","3.9715447154471546","3","246","133","9.390243902439025"
"46","1","91","4.166051660516605","22","271","524","9.239852398523984"
"45","1","109","3.707317073170732","28","287","549","9.268292682926829"
"48","1","21","4.060975609756097","3","246","118","9.43089430894309"
"46","1","92","4.159259259259259","22","270","524","9.2"
"45","1","110","3.9965034965034967","29","286","549","9.23076923076923"
"46","1","93","4.148698884758364","22","269","524","9.219330855018587"
"45","1","111","3.992957746478873","30","284","549","9.154929577464788"
"50","1","10","3.991489361702128","4","235","96","9.557446808510639"
"49","1","22","3.975609756097561","3","246","143","9.471544715447154"
"47","1","94","4.1891891891891895","33","259","481","9.35907335907336"
"50","1","11","3.991489361702128","4","235","96","9.557446808510639"
"48","1","22","4.060975609756097","3","246","123","9.471544715447154"
"49","1","23","3.9715447154471546","3","246","143","9.471544715447154"
"47","1","95","4.174418604651163","34","258","481","9.317829457364342"
"50","1","12","3.991489361702128","4","235","96","9.557446808510639"
"48","1","23","4.060975609756097","3","246","123","9.471544715447154"
"49","1","24","3.975206611570248","4","242","143","9.297520661157025"
"47","1","96","4.189922480620155","34","258","481","9.317829457364342"
"46","1","94","4.133828996282528","22","269","535","9.301115241635689"
"48","1","24","4.060975609756097","3","246","123","9.471544715447154"
"46","1","95","4.138576779026217","23","267","535","9.220973782771535"
"45","1","112","3.9929328621908127","30","283","559","9.187279151943462"
"46","1","96","4.1477272727272725","23","264","535","9.196969696969697"
"45","1","113","3.9964285714285714","31","280","559","9.128571428571428"
"45","1","114","3.9857142857142858","31","280","559","9.128571428571428"
"50","1","13","3.707509881422925","4","253","107","9.312252964426877"
"50","1","14","3.960474308300395","4","253","107","9.312252964426877"
"49","1","25","3.727626459143969","4","257","168","9.27626459143969"
"48","1","25","3.7718631178707223","4","263","130","9.285171102661597"
"50","1","15","3.964426877470356","4","253","107","9.312252964426877"
"47","1","97","4.037593984962406","34","266","497","9.428571428571429"
"49","1","26","3.9844357976653697","4","257","168","9.27626459143969"
"48","1","26","4.034351145038168","4","262","130","9.244274809160306"
"47","1","98","4.1773584905660375","34","265","497","9.388679245283019"
"49","1","27","3.984375","4","256","168","9.234375"
"45","1","115","3.9857142857142858","31","280","585","9.314285714285715"
"46","1","97","3.96028880866426","23","277","553","9.292418772563177"
"47","1","99","4.1773584905660375","34","265","497","9.388679245283019"
"48","1","27","4.030651340996169","5","261","130","9.203065134099617"
"45","1","116","3.985663082437276","31","279","585","9.275985663082437"
"50","1","16","3.972332015810277","4","253","112","9.351778656126482"
"46","1","98","4.184115523465704","23","277","553","9.292418772563177"
"50","1","17","3.972332015810277","4","253","112","9.351778656126482"
"45","1","117","3.985663082437276","31","279","585","9.275985663082437"
"46","1","99","4.187725631768953","23","277","553","9.292418772563177"
"49","1","28","3.9921875","4","256","180","9.328125"
"50","1","18","3.960159362549801","6","251","112","9.266932270916335"
"47","1","100","4.178030303030303","35","264","506","9.416666666666666"
"49","1","29","3.996078431372549","5","255","180","9.286274509803922"
"49","1","30","3.9960629921259843","5","254","180","9.244094488188976"
"47","1","101","4.17490494296578","36","263","506","9.376425855513308"
"46","1","100","4.188405797101449","23","276","560","9.304347826086957"
"48","1","28","4.0346153846153845","5","260","145","9.276923076923078"
"47","1","102","4.177606177606178","37","259","506","9.235521235521235"
"46","1","101","4.188405797101449","23","276","560","9.304347826086957"
"45","1","118","3.9927797833935017","31","277","599","9.299638989169676"
"50","1","19","3.9641434262948207","6","251","120","9.330677290836654"
"48","1","29","4.0310077519379846","6","258","145","9.193798449612403"
"46","1","102","4.186131386861314","23","274","560","9.226277372262773"
"48","1","30","4.038910505836576","7","257","145","9.15953307392996"
"45","1","119","3.9963636363636366","33","275","599","9.229090909090909"
"50","1","20","3.956175298804781","6","251","120","9.330677290836654"
"45","1","120","4.0036496350364965","34","274","599","9.18978102189781"
"49","1","31","3.9960629921259843","5","254","191","9.330708661417322"
"50","1","21","3.9718875502008033","6","249","120","9.244979919678714"
"49","1","32","4","5","254","191","9.330708661417322"
"49","1","33","3.992094861660079","5","253","191","9.288537549407115"
"47","1","103","4.159533073929961","37","257","522","9.27626459143969"
"47","1","104","4.15625","37","256","522","9.234375"
"46","1","103","4.190476190476191","23","273","573","9.282051282051283"
"50","1","22","3.971774193548387","6","248","137","9.338709677419354"
"48","1","31","4.0355731225296445","8","253","167","9.162055335968379"
"50","1","23","3.9878542510121457","6","247","137","9.295546558704453"
"47","1","105","4.161417322834645","37","254","522","9.196850393700787"
"46","1","104","4.1881918819188195","25","271","573","9.202952029520295"
"49","1","34","3.988095238095238","5","252","200","9.317460317460318"
"50","1","24","3.9878542510121457","6","247","137","9.295546558704453"
"48","1","32","4.0395256916996045","8","253","167","9.162055335968379"
"46","1","105","4.190298507462686","25","268","573","9.08955223880597"
"49","1","35","3.988095238095238","5","252","200","9.317460317460318"
"48","1","33","4.027888446215139","8","251","167","9.08366533864542"
"49","1","36","3.992063492063492","5","252","200","9.317460317460318"
"47","1","106","4.145669291338582","37","254","545","9.377952755905511"
"47","1","107","4.15748031496063","37","254","545","9.377952755905511"
"47","1","108","4.154761904761905","39","252","545","9.30952380952381"
"50","1","25","3.912350597609562","6","251","147","9.474103585657371"
"46","1","106","4.1835205992509366","25","267","598","9.235955056179776"
"50","1","26","4.008","6","250","147","9.464"
"46","1","107","4.1835205992509366","25","267","598","9.235955056179776"
"49","1","37","3.85","5","260","212","9.407692307692308"
"50","1","27","4.008032128514056","6","249","147","9.421686746987952"
"46","1","108","4.186311787072244","28","263","598","9.102661596958175"
"48","1","34","4.024096385542169","9","249","202","9.285140562248996"
"49","1","38","3.969111969111969","5","259","212","9.366795366795367"
"48","1","35","4.020080321285141","9","249","202","9.285140562248996"
"49","1","39","3.965250965250965","5","259","212","9.366795366795367"
"48","1","36","4.024096385542169","9","249","202","9.285140562248996"
"50","1","28","4.008064516129032","6","248","152","9.42741935483871"
"50","1","29","4.012244897959183","6","245","152","9.314285714285715"
"47","1","109","3.9657794676806084","39","263","560","9.414448669201521"
"50","1","30","4.012244897959183","6","245","152","9.314285714285715"
"47","1","110","4.091254752851711","39","263","560","9.414448669201521"
"49","1","40","3.9688715953307394","7","257","221","9.354085603112841"
"47","1","111","4.091254752851711","39","263","560","9.414448669201521"
"49","1","41","3.964980544747082","7","257","221","9.354085603112841"
"49","1","42","3.9686274509803923","7","255","221","9.27843137254902"
"46","1","109","3.8111888111888113","29","286","633","9.174825174825175"
"50","1","31","4.016597510373444","8","241","166","9.253112033195022"
"50","1","32","4.01255230125523","9","239","166","9.163179916317992"
"46","1","110","4.157894736842105","30","285","633","9.136842105263158"
"48","1","37","3.749063670411985","9","267","222","9.280898876404494"
"47","1","112","4.095057034220532","39","263","572","9.505703422053232"
"50","1","33","4.0210970464135025","10","237","166","9.071729957805907"
"47","1","113","4.080459770114943","41","261","572","9.425287356321839"
"49","1","43","3.9606299212598426","8","254","237","9.362204724409448"
"48","1","38","4","9","267","222","9.280898876404494"
"46","1","111","4.161403508771929","30","285","633","9.136842105263158"
"47","1","114","4.100386100386101","41","259","572","9.35135135135135"
"49","1","44","3.964426877470356","9","253","237","9.320158102766799"
"48","1","39","3.992481203007519","9","266","222","9.240601503759398"
"49","1","45","3.9565217391304346","9","253","237","9.320158102766799"
"50","1","34","4.008510638297873","10","235","191","9.191489361702128"
"47","1","115","4.10077519379845","42","258","586","9.418604651162791"
"46","1","112","4.1649122807017545","30","285","646","9.228070175438596"
"50","1","35","4.0042918454935625","11","233","191","9.133047210300429"
"47","1","116","4.10077519379845","42","258","586","9.418604651162791"
"48","1","40","3.996212121212121","9","264","232","9.234848484848484"
"50","1","36","4","11","233","191","9.133047210300429"
"49","1","46","3.964426877470356","9","253","248","9.40711462450593"
"46","1","113","4.166666666666667","30","282","646","9.113475177304965"
"47","1","117","4.093385214007782","43","257","586","9.377431906614786"
"49","1","47","3.956175298804781","10","251","248","9.330677290836654"
"46","1","114","4.177935943060498","31","281","646","9.07473309608541"
"48","1","41","3.988593155893536","9","263","232","9.262357414448669"
"49","1","48","3.963855421686747","11","249","248","9.269076305220883"
"48","1","42","3.9885057471264367","10","261","232","9.18007662835249"
"47","1","118","4.109803921568627","44","255","600","9.411764705882353"
"47","1","119","4.109803921568627","44","255","600","9.411764705882353"
"46","1","115","4.175","31","280","669","9.2"
"47","1","120","4.106299212598425","44","254","600","9.37007874015748"
"50","1","37","3.7429718875502007","11","249","217","9.325301204819278"
"48","1","43","3.9845559845559846","11","259","249","9.235521235521235"
"46","1","116","4.176258992805756","31","278","669","9.122302158273381"
"50","1","38","3.9798387096774195","12","248","217","9.28225806451613"
"50","1","39","3.9757085020242915","12","247","217","9.238866396761134"
"48","1","44","3.9806201550387597","11","258","249","9.193798449612403"
"46","1","117","4.166064981949458","31","277","669","9.126353790613718"
"49","1","49","3.715909090909091","11","264","265","9.325757575757576"
"48","1","45","3.9688715953307394","12","257","249","9.151750972762645"
"49","1","50","4.003787878787879","11","264","265","9.325757575757576"
"49","1","51","3.973076923076923","13","260","265","9.176923076923076"
"50","1","40","3.975609756097561","12","246","236","9.34959349593496"
"50","1","41","3.975510204081633","12","245","236","9.322448979591837"
"50","1","42","3.975510204081633","12","245","236","9.322448979591837"
"46","1","118","4.1732851985559565","31","277","691","9.28519855595668"
"48","1","46","3.9606299212598426","14","254","269","9.188976377952756"
"46","1","119","4.166064981949458","31","277","691","9.28519855595668"
"49","1","52","3.9884615384615385","13","260","276","9.261538461538462"
"48","1","47","3.9488188976377954","14","254","269","9.188976377952756"
"49","1","53","3.9689922480620154","14","258","276","9.186046511627907"
"46","1","120","4.172161172161172","34","273","691","9.135531135531135"
"48","1","48","3.9484126984126986","15","252","269","9.119047619047619"
"49","1","54","3.980544747081712","14","257","276","9.14396887159533"
"50","1","43","3.9754098360655736","12","244","246","9.360655737704919"
"50","1","44","3.9754098360655736","12","244","246","9.360655737704919"
"50","1","45","3.9754098360655736","12","244","246","9.360655737704919"
"49","1","55","3.9688715953307394","14","257","297","9.30739299610895"
"50","1","46","3.979338842975207","12","242","257","9.37190082644628"
"49","1","56","3.980544747081712","14","257","297","9.30739299610895"
"50","1","47","3.9834710743801653","12","242","257","9.37190082644628"
"49","1","57","3.9725490196078432","15","255","297","9.223529411764705"
"50","1","48","3.983402489626556","12","241","257","9.360995850622407"
"48","1","49","3.8705882352941177","16","255","289","9.474509803921569"
"48","1","50","3.940711462450593","16","253","289","9.391304347826088"
"49","1","58","3.980392156862745","15","255","310","9.325490196078432"
"48","1","51","3.9444444444444446","16","252","289","9.38888888888889"
"49","1","59","3.9725490196078432","15","255","310","9.325490196078432"
"49","1","60","3.9801587301587302","16","252","310","9.206349206349206"
"50","1","49","3.854251012145749","12","247","272","9.433198380566802"
"50","1","50","4.004048582995951","12","247","272","9.433198380566802"
"50","1","51","4.008097165991903","12","247","272","9.433198380566802"
"48","1","52","3.956175298804781","17","251","299","9.426294820717132"
"48","1","53","3.96","17","250","299","9.384"
"50","1","52","4.0081632653061225","12","245","277","9.387755102040817"
"48","1","54","3.959839357429719","17","249","299","9.365461847389557"
"50","1","53","4.008230452674897","13","243","277","9.300411522633745"
"49","1","61","3.8206106870229006","16","262","328","9.34351145038168"
"50","1","54","4.008230452674897","13","243","277","9.300411522633745"
"49","1","62","3.9923664122137406","16","262","328","9.34351145038168"
"49","1","63","3.984732824427481","16","262","328","9.34351145038168"
"50","1","55","4.008264462809917","13","242","291","9.37190082644628"
"48","1","55","3.9556451612903225","17","248","317","9.46774193548387"
"49","1","64","3.984375","18","256","330","9.109375"
"50","1","56","4.008264462809917","13","242","291","9.37190082644628"
"50","1","57","4.012448132780083","13","241","291","9.32780082987552"
"49","1","65","3.976470588235294","18","255","330","9.074509803921568"
"48","1","56","3.9556451612903225","17","248","317","9.46774193548387"
"48","1","57","3.9556451612903225","17","248","317","9.46774193548387"
"49","1","66","3.9683794466403164","18","253","330","8.996047430830039"
"50","1","58","4.012448132780083","13","241","307","9.46058091286307"
"50","1","59","4.012448132780083","13","241","307","9.46058091286307"
"50","1","60","4.0125","14","240","307","9.416666666666666"
"48","1","58","3.9554655870445345","17","247","332","9.54655870445344"
"49","1","67","3.972332015810277","18","253","359","9.225296442687746"
"48","1","59","3.9591836734693877","18","245","332","9.461224489795919"
"49","1","68","3.9722222222222223","19","252","359","9.182539682539682"
"48","1","60","3.959016393442623","18","244","332","9.426229508196721"
"49","1","69","3.9757085020242915","22","247","359","8.995951417004049"
"50","1","61","3.758893280632411","15","253","321","9.312252964426877"
"50","1","62","4.023715415019763","15","253","321","9.312252964426877"
"50","1","63","4.023809523809524","15","252","321","9.26984126984127"
"49","1","70","3.97165991902834","22","247","389","9.238866396761134"
"48","1","61","3.551470588235294","18","272","355","9.117647058823529"
"49","1","71","3.971311475409836","23","244","389","9.139344262295081"
"48","1","62","4","18","272","355","9.117647058823529"
"50","1","64","4.0199203187251","15","251","333","9.322709163346614"
"49","1","72","3.971311475409836","23","244","389","9.139344262295081"
"50","1","65","4.024","15","250","333","9.28"
"48","1","63","3.9926470588235294","18","272","355","9.117647058823529"
"50","1","66","4.02","15","250","333","9.28"
"48","1","64","3.988970588235294","18","272","358","9.139705882352942"
"50","1","67","4.028112449799197","16","249","345","9.333333333333334"
"48","1","65","3.996309963099631","18","271","358","9.099630996309964"
"49","1","73","3.587360594795539","23","269","412","9.197026022304833"
"50","1","68","4.028112449799197","16","249","345","9.333333333333334"
"48","1","66","4","18","270","358","9.059259259259258"
"49","1","74","3.9851301115241635","23","269","412","9.197026022304833"
"50","1","69","4.032128514056225","16","249","345","9.333333333333334"
"49","1","75","3.9851301115241635","23","269","412","9.197026022304833"
"50","1","70","4.028225806451613","16","248","356","9.379032258064516"
"50","1","71","4.032520325203252","16","246","356","9.300813008130081"
"48","1","67","3.996282527881041","19","269","370","9.107806691449815"
"49","1","76","3.985074626865672","23","268","418","9.201492537313433"
"50","1","72","4.0285714285714285","17","245","356","9.273469387755101"
"49","1","77","3.9813432835820897","23","268","418","9.201492537313433"
"48","1","68","3.996268656716418","19","268","370","9.074626865671641"
"49","1","78","3.984848484848485","24","264","418","9.037878787878787"
"48","1","69","3.9962546816479403","20","267","370","9.03370786516854"
"50","1","73","3.799227799227799","17","259","375","9.281853281853282"
"50","1","74","4.023255813953488","17","258","375","9.24031007751938"
"49","1","79","3.9770992366412212","24","262","450","9.206106870229007"
"50","1","75","4.035019455252918","17","257","375","9.198443579766536"
"48","1","70","3.9924528301886792","20","265","390","9.147169811320754"
"49","1","80","3.984732824427481","24","262","450","9.206106870229007"
"49","1","81","3.9770992366412212","24","262","450","9.206106870229007"
"48","1","71","3.9962264150943394","20","265","390","9.147169811320754"
"48","1","72","3.9924528301886792","20","265","390","9.147169811320754"
"50","1","76","4.01953125","18","256","388","9.2578125"
"50","1","77","4.019607843137255","18","255","388","9.223529411764705"
"50","1","78","4.019607843137255","18","255","388","9.223529411764705"
"49","1","82","3.980769230769231","26","260","466","9.246153846153845"
"49","1","83","3.976923076923077","26","260","466","9.246153846153845"
"49","1","84","3.980769230769231","26","260","466","9.246153846153845"
"50","1","79","4.0236220472440944","19","254","400","9.275590551181102"
"50","1","80","4.019762845849803","19","253","400","9.233201581027668"
"48","1","73","3.781362007168459","21","279","398","9.254480286738351"
"50","1","81","4.023809523809524","19","252","400","9.19047619047619"
"48","1","74","3.9927797833935017","21","277","398","9.176895306859207"
"48","1","75","3.9855595667870034","21","277","398","9.176895306859207"
"49","1","85","3.692857142857143","26","280","484","9.228571428571428"
"50","1","82","4.024","20","250","421","9.272"
"49","1","86","4.003584229390681","27","279","484","9.189964157706093"
"49","1","87","4","27","279","484","9.189964157706093"
"50","1","83","4.024096385542169","20","249","421","9.228915662650602"
"50","1","84","4.016194331983805","20","247","421","9.1417004048583"
"48","1","76","3.989051094890511","22","274","415","9.18978102189781"
"48","1","77","3.989051094890511","22","274","415","9.18978102189781"
"49","1","88","3.9964028776978417","27","278","493","9.215827338129497"
"48","1","78","3.989051094890511","22","274","415","9.18978102189781"
"49","1","89","4.003610108303249","28","277","493","9.176895306859207"
"49","1","90","4.0108303249097474","28","277","493","9.176895306859207"
"50","1","85","3.8443579766536966","20","257","443","9.424124513618677"
"48","1","79","3.989051094890511","22","274","438","9.357664233576642"
"50","1","86","3.980544747081712","20","257","443","9.424124513618677"
"49","1","91","4.003610108303249","28","277","507","9.277978339350181"
"50","1","87","3.984375","20","256","443","9.3828125"
"48","1","80","3.992619926199262","23","271","438","9.247232472324724"
"49","1","92","4.0108303249097474","28","277","507","9.277978339350181"
"49","1","93","4.007246376811594","28","276","507","9.23913043478261"
"48","1","81","3.9962962962962965","24","270","438","9.207407407407407"
"50","1","88","3.98046875","20","256","448","9.421875"
"50","1","89","3.984251968503937","20","254","448","9.338582677165354"
"49","1","94","4.014545454545455","29","275","522","9.309090909090909"
"50","1","90","3.984251968503937","20","254","448","9.338582677165354"
"49","1","95","4.007272727272727","29","275","522","9.309090909090909"
"49","1","96","4.014545454545455","29","275","522","9.309090909090909"
"48","1","82","4","24","269","461","9.338289962825279"
"48","1","83","4","25","267","461","9.265917602996256"
"50","1","91","3.984189723320158","21","253","464","9.422924901185771"
"48","1","84","3.996212121212121","25","264","461","9.143939393939394"
"50","1","92","3.9801587301587302","21","252","464","9.38888888888889"
"50","1","93","3.984","22","250","464","9.304"
"49","1","97","3.8566433566433567","29","286","537","9.335664335664335"
"49","1","98","4.041958041958042","29","286","537","9.335664335664335"
"49","1","99","4.034965034965035","29","286","537","9.335664335664335"
"50","1","94","3.9799196787148596","22","249","480","9.389558232931726"
"50","1","95","3.9838709677419355","22","248","480","9.346774193548388"
"50","1","96","3.9798387096774195","22","248","480","9.346774193548388"
"49","1","100","4.045454545454546","29","286","545","9.391608391608392"
"49","1","101","4.031578947368421","30","285","545","9.35438596491228"
"48","1","85","3.7949640287769784","25","278","487","9.366906474820144"
"49","1","102","4.031802120141343","30","283","545","9.321554770318022"
"48","1","86","3.9892086330935252","25","278","487","9.366906474820144"
"48","1","87","3.9783393501805056","25","277","487","9.335740072202166"
"50","1","97","3.6176470588235294","22","272","492","9.080882352941176"
"50","1","98","3.9814814814814814","23","270","492","9.007407407407408"
"49","1","103","4.024822695035461","31","282","556","9.361702127659575"
"50","1","99","3.973977695167286","23","269","492","8.966542750929367"
"49","1","104","4.039285714285715","32","280","556","9.285714285714286"
"49","1","105","4.03584229390681","32","279","556","9.24731182795699"
"48","1","88","3.9817518248175183","25","274","497","9.291970802919709"
"48","1","89","3.9854014598540144","25","274","497","9.291970802919709"
"50","1","100","3.966542750929368","23","269","511","9.107806691449815"
"48","1","90","3.981549815498155","25","271","497","9.188191881918819"
"50","1","101","3.970149253731343","23","268","511","9.074626865671641"
"50","1","102","3.9737827715355807","23","267","511","9.041198501872659"
"49","1","106","4.043010752688172","32","279","580","9.419354838709678"
"49","1","107","4.0359712230215825","33","278","580","9.381294964028777"
"49","1","108","4.043321299638989","33","277","580","9.342960288808664"
"50","1","103","3.9737827715355807","23","267","526","9.153558052434457"
"48","1","91","3.981549815498155","25","271","519","9.350553505535055"
"50","1","104","3.9737827715355807","23","267","526","9.153558052434457"
"48","1","92","3.9813432835820897","25","268","519","9.238805970149254"
"50","1","105","3.9737827715355807","23","267","526","9.153558052434457"
"48","1","93","3.9887640449438204","25","267","519","9.198501872659175"
"49","1","109","3.802721088435374","33","294","595","9.333333333333334"
"49","1","110","4.054421768707483","33","294","595","9.333333333333334"
"50","1","106","3.973684210526316","23","266","535","9.180451127819548"
"49","1","111","4.04421768707483","33","294","595","9.333333333333334"
"50","1","107","3.9773584905660377","23","265","535","9.139622641509433"
"50","1","108","3.973584905660377","23","265","535","9.139622641509433"
"48","1","94","3.992481203007519","26","266","548","9.38345864661654"
"48","1","95","3.9849056603773585","26","265","548","9.343396226415095"
"48","1","96","3.9924528301886792","26","265","548","9.343396226415095"
"49","1","112","4.04421768707483","33","294","603","9.387755102040817"
"49","1","113","4.044368600682594","34","293","603","9.351535836177474"
"49","1","114","4.044368600682594","34","293","603","9.351535836177474"
"50","1","109","3.719858156028369","24","282","548","9.22695035460993"
"50","1","110","3.9785714285714286","25","280","548","9.15"
"50","1","111","3.985663082437276","26","279","548","9.11111111111111"
"49","1","115","4.054607508532423","34","293","613","9.419795221843003"
"49","1","116","4.054982817869416","34","291","613","9.347079037800688"
"48","1","97","3.662020905923345","26","287","568","9.21951219512195"
"49","1","117","4.055172413793104","34","290","613","9.310344827586206"
"48","1","98","4.048780487804878","26","287","568","9.21951219512195"
"48","1","99","4.062937062937063","27","286","568","9.181818181818182"
"50","1","112","3.992831541218638","26","279","575","9.304659498207885"
"50","1","113","3.996415770609319","26","279","575","9.304659498207885"
"50","1","114","3.9927797833935017","26","277","575","9.256317689530686"
"49","1","118","4.045296167247387","35","287","629","9.32404181184669"
"48","1","100","4.059859154929577","27","284","578","9.17605633802817"
"49","1","119","4.052631578947368","35","285","629","9.249122807017544"
"49","1","120","4.045614035087719","35","285","629","9.249122807017544"
"48","1","101","4.053191489361702","28","282","578","9.113475177304965"
"48","1","102","4.049822064056939","29","281","578","9.08185053380783"
"50","1","115","3.996376811594203","26","276","592","9.340579710144928"
"50","1","116","3.996376811594203","26","276","592","9.340579710144928"
"50","1","117","3.9963369963369964","26","273","592","9.238095238095237"
"48","1","103","4.039145907473309","29","281","607","9.288256227758007"
"48","1","104","4.039285714285715","29","280","607","9.25"
"50","1","118","3.9963369963369964","26","273","613","9.391941391941392"
"48","1","105","4.039426523297491","29","279","607","9.21146953405018"
"50","1","119","3.9963369963369964","26","273","613","9.391941391941392"
"50","1","120","4","26","273","613","9.391941391941392"
"48","1","106","4.046931407942238","29","277","629","9.292418772563177"
"48","1","107","4.047101449275362","30","276","629","9.253623188405797"
"48","1","108","4.047272727272727","30","275","629","9.236363636363636"
"48","1","109","3.6633663366336635","31","303","646","9.141914191419142"
"48","1","110","4.046511627906977","31","301","646","9.069767441860465"
"48","1","111","4.04983388704319","31","301","646","9.069767441860465"
"48","1","112","4.046979865771812","31","298","668","9.10738255033557"
"48","1","113","4.047138047138047","31","297","668","9.070707070707071"
"48","1","114","4.0476190476190474","32","294","668","9.013605442176871"
"48","1","115","4.051020408163265","32","294","700","9.231292517006803"
"48","1","116","4.0476190476190474","32","294","700","9.231292517006803"
"48","1","117","4.0479452054794525","32","292","700","9.164383561643836"
"48","1","118","4.0446735395189","33","291","720","9.264604810996564"
"48","1","119","4.052083333333333","33","288","720","9.194444444444445"
"48","1","120","4.055944055944056","34","286","720","9.125874125874127"
